ID,Year,Style,Medal,Producer,Product,Points,Region,WID,Type,Status,Website,Facebook,Instagram,Google,Yelp,TripAdvisor,Untappd
2,2017,Natural Basque Cider,🥇 Gold,Zapiain,Zapiain sagardoa (Lote 1),45,Basque Country,1172,Cider,Active,"<a href=""https://zapiain.eus/"">Website</a>","<a href=""https://www.facebook.com/zapiainsagardoa"">Facebook</a>","<a href=""https://www.instagram.com/zapiainsagardoa/"">Instagram</a>","<a href=""https://maps.google.com/?cid=16982677267877188990"">Google</a>",,"<a href=""https://www.tripadvisor.com/Restaurant_Review-g1064182-d3806229"">TripAdvisor</a>","<a href=""https://untappd.com/ZapiainSagardoa"">Untappd</a>"
3,2017,Natural Basque Cider,🥇 Gold,Sarasola Sagardotegia,Sarasola sagardoa,45,Basque Country,3626,Cider,Active,"<a href=""https://sidreriasarasola.com/"">Website</a>","<a href=""https://www.facebook.com/sidreriasarasolaasteasu/"">Facebook</a>","<a href=""https://www.instagram.com/sarasola_asteasu/"">Instagram</a>","<a href=""https://maps.google.com/?cid=4818366078847267027"">Google</a>",,,"<a href=""https://untappd.com/w/sidreria-sarasola/98718"">Untappd</a>"
4,2017,Natural Basque Cider,🥈 Silver,Begiristain Sagardotegia,Begiristain sagardoa (Lote 1),44,Basque Country,3621,Cider,Active,"<a href=""https://www.begiristainsagardotegia.com/\"">Website</a>",,"<a href=""https://www.instagram.com/begiristainsagardotegia/"">Instagram</a>","<a href=""https://maps.google.com/?cid=726838247126869058"">Google</a>",,,"<a href=""https://untappd.com/w/begiristain-sagardotegia/286519"">Untappd</a>"
5,2017,Natural Basque Cider,🥈 Silver,Aburuza,Aburuza sagardoa (Lote 1),43,Basque Country,1614,Cider,Active,"<a href=""https://www.sidrasaburuza.net/"">Website</a>","<a href=""https://www.facebook.com/sidrasaburuza/"">Facebook</a>","<a href=""https://www.instagram.com/aburuza_sagardotegia/"">Instagram</a>","<a href=""https://maps.google.com/?cid=11790998531102067428"">Google</a>","<a href=""https://www.yelp.com/biz/sidreria-aburuza-caserio-olatza-aduna"">Yelp</a>","<a href=""https://www.tripadvisor.com/Restaurant_Review-g2578771-d7715076"">TripAdvisor</a>","<a href=""https://untappd.com/w/sidreria-aburuza/194775"">Untappd</a>"
6,2017,Natural Basque Cider,🥈 Silver,Izeta,Izeta sagardoa,40,Basque Country,1615,Cider,Active,"<a href=""https://www.izeta.es/"">Website</a>","<a href=""https://www.facebook.com/IzetaSagardotegia"">Facebook</a>","<a href=""https://www.instagram.com/izetasagardotegia/"">Instagram</a>","<a href=""https://maps.google.com/?cid=5193661031886461877"">Google</a>","<a href=""https://www.yelp.com/map/izeta-sidreria-aia"">Yelp</a>","<a href=""https://www.tripadvisor.com/Restaurant_Review-g897148-d4022936"">TripAdvisor</a>","<a href=""https://untappd.com/w/izeta-goikoa/226558"">Untappd</a>"
7,2017,Natural Basque Cider,🥈 Silver,Zelaia,Zelaia sagardoa (Lote 1),40,Basque Country,1173,Cider,Active,"<a href=""https://zelaia.eus/"">Website</a>","<a href=""https://www.facebook.com/sidreriazelaia/"">Facebook</a>","<a href=""https://www.instagram.com/sidreriazelaia/"">Instagram</a>","<a href=""https://maps.google.com/?cid=3059185310841362913"">Google</a>","<a href=""https://www.yelp.com/biz/zelaia-hernani-2"">Yelp</a>","<a href=""https://www.tripadvisor.com/Restaurant_Review-g1064188-d3572893"">TripAdvisor</a>","<a href=""https://untappd.com/w/sidreria-zelaia-sagardotegia/17632"">Untappd</a>"
8,2017,Natural Basque Cider,🥈 Silver,Zapiain,Zapiain sagardoa (Lote 2),40,Basque Country,1172,Cider,Active,"<a href=""https://zapiain.eus/"">Website</a>","<a href=""https://www.facebook.com/zapiainsagardoa"">Facebook</a>","<a href=""https://www.instagram.com/zapiainsagardoa/"">Instagram</a>","<a href=""https://maps.google.com/?cid=16982677267877188990"">Google</a>",,"<a href=""https://www.tripadvisor.com/Restaurant_Review-g1064182-d3806229"">TripAdvisor</a>","<a href=""https://untappd.com/ZapiainSagardoa"">Untappd</a>"
9,2017,Natural Basque Cider,🥈 Silver,Araeta,Sidra Manzana Araeta,39,Basque Country,1624,Cider,Active,"<a href=""https://araeta.com/"">Website</a>","<a href=""https://www.facebook.com/pages/Araeta-Restaurante/294806956757"">Facebook</a>","<a href=""https://www.instagram.com/sidreria_araeta/"">Instagram</a>","<a href=""https://maps.google.com/?cid=16679682521656072832"">Google</a>",,"<a href=""https://www.tripadvisor.com/Restaurant_Review-g187457-d2482068"">TripAdvisor</a>","<a href=""https://untappd.com/w/araeta-sagardotegia/372000"">Untappd</a>"
10,2017,Natural Basque Cider,🥈 Silver,R. Zabala,Zabala R80,39,Basque Country,1424,Cider,Active,"<a href=""https://www.rzabala.com/"">Website</a>","<a href=""https://www.facebook.com/zabalasagardotegia"">Facebook</a>","<a href=""https://www.instagram.com/zabalasagardotegia/"">Instagram</a>","<a href=""https://maps.google.com/?cid=5479255229461192336"">Google</a>",,"<a href=""https://www.tripadvisor.com/Restaurant_Review-g2578771-d9821714"">TripAdvisor</a>","<a href=""https://untappd.com/w/r-zabala/186717"">Untappd</a>"
11,2017,Natural Basque Cider,🥈 Silver,Zelaia,Zelaia sagardoa (Lote 2),38,Basque Country,1173,Cider,Active,"<a href=""https://zelaia.eus/"">Website</a>","<a href=""https://www.facebook.com/sidreriazelaia/"">Facebook</a>","<a href=""https://www.instagram.com/sidreriazelaia/"">Instagram</a>","<a href=""https://maps.google.com/?cid=3059185310841362913"">Google</a>","<a href=""https://www.yelp.com/biz/zelaia-hernani-2"">Yelp</a>","<a href=""https://www.tripadvisor.com/Restaurant_Review-g1064188-d3572893"">TripAdvisor</a>","<a href=""https://untappd.com/w/sidreria-zelaia-sagardotegia/17632"">Untappd</a>"
12,2017,Natural Basque Cider,🥈 Silver,Isastegi,Isastegi sagardoa (Lote 1),38,Basque Country,1546,Cider,Active,"<a href=""https://www.isastegi.com/"">Website</a>","<a href=""https://www.facebook.com/isastegi.sagardotegia"">Facebook</a>","<a href=""https://www.instagram.com/isastegi/"">Instagram</a>","<a href=""https://maps.google.com/?cid=3927960308349571227"">Google</a>",,"<a href=""https://www.tripadvisor.com/Restaurant_Review-g1064362-d5772954"">TripAdvisor</a>","<a href=""https://untappd.com/brewery/6054"">Untappd</a>"
13,2017,Natural Basque Cider,🥉 Bronze,Gurutzeta,Gurutzeta sagardoa,37,Basque Country,1170,Cider,Active,"<a href=""https://www.gurutzeta.com/"">Website</a>","<a href=""https://www.facebook.com/profile.php?id=100063653015548"">Facebook</a>","<a href=""https://www.instagram.com/gurutzeta_sagar/"">Instagram</a>","<a href=""https://maps.google.com/?cid=3267815348998464054"">Google</a>",,"<a href=""https://www.tripadvisor.com/Restaurant_Review-g1064182-d3915865"">TripAdvisor</a>","<a href=""https://untappd.com/w/gurutzeta-sagardotegia/249476"">Untappd</a>"
14,2017,Natural Basque Cider,🥉 Bronze,Gaztañaga,Gaztañaga sagardoa,36,Basque Country,3238,Cider,Active,"<a href=""http://sidreriagaztanaga.com/"">Website</a>","<a href=""https://www.facebook.com/sidreriagaztanaga/"">Facebook</a>",,"<a href=""https://maps.google.com/?cid=7381182771810577212"">Google</a>",,"<a href=""https://www.tripadvisor.com/Restaurant_Review-g4084952-d4080010"">TripAdvisor</a>","<a href=""https://untappd.com/w/sidreria-gaztanaga/232470"">Untappd</a>"
15,2017,Natural Basque Cider,🥉 Bronze,Bereziartua,Bereziartua sagardoa,36,Basque Country,1168,Cider,Active,"<a href=""http://www.bereziartuasagardoa.com/"">Website</a>","<a href=""https://www.facebook.com/Bereziartua"">Facebook</a>","<a href=""https://www.instagram.com/SBereziartua/"">Instagram</a>","<a href=""https://maps.google.com/?cid=4287840169739792051"">Google</a>",,"<a href=""https://www.tripadvisor.com/Restaurant_Review-g1064182-d6740859"">TripAdvisor</a>","<a href=""https://untappd.com/brewery/7553"">Untappd</a>"
16,2017,Natural Basque Cider,🥉 Bronze,Gartziategi,Gartziategi sagardoa (Lote 1),36,Basque Country,1169,Cider,Active,"<a href=""https://gartziategi.com/"">Website</a>","<a href=""https://www.facebook.com/gartziategi"">Facebook</a>","<a href=""https://www.instagram.com/gartziategi/"">Instagram</a>","<a href=""https://maps.google.com/?cid=4734247712861040251"">Google</a>","<a href=""https://www.yelp.com/biz/gartziategi-donostia-san-sebastian"">Yelp</a>","<a href=""https://www.tripadvisor.com/Restaurant_Review-g187457-d4258881"">TripAdvisor</a>","<a href=""https://untappd.com/w/gartziategi-braserria/123054"">Untappd</a>"
17,2017,Natural Basque Cider,🥉 Bronze,Alorrenea,Alorrenea sagardoa,35,Basque Country,1167,Cider,Active,"<a href=""https://alorrenea.com/"">Website</a>","<a href=""https://www.facebook.com/Alorrenea/"">Facebook</a>","<a href=""https://www.instagram.com/alorrenea/"">Instagram</a>","<a href=""https://maps.google.com/?cid=7369065934381285009"">Google</a>","<a href=""https://www.yelp.com/biz/alorrenea-astigarraga"">Yelp</a>","<a href=""https://www.tripadvisor.com/Restaurant_Review-g1064182-d3809108"">TripAdvisor</a>","<a href=""https://untappd.com/w/sidreria-alorrena/64396"">Untappd</a>"
18,2017,Natural Basque Cider,🥉 Bronze,Sidrería Irigoien Herrero,Irigoien Herrero sagardoa,35,Basque Country,2003,Cider,Active,"<a href=""https://www.sidreriairigoien.com/"">Website</a>",,,"<a href=""https://maps.google.com/?cid=7008206708852121852"">Google</a>",,"<a href=""https://www.tripadvisor.com/Restaurant_Review-g1064182-d5489212"">TripAdvisor</a>","<a href=""https://untappd.com/w/sideria-irigoien-herrero/202851"">Untappd</a>"
19,2017,Natural Basque Cider,🥉 Bronze,Petritegi,Petritegi sagardoa,35,Basque Country,1171,Cider,Active,"<a href=""https://www.petritegi.com/"">Website</a>","<a href=""https://www.facebook.com/Petritegi/"">Facebook</a>","<a href=""https://www.instagram.com/petritegi"">Instagram</a>","<a href=""https://maps.google.com/?cid=16425101977693923721"">Google</a>","<a href=""https://www.yelp.com/biz/petritegi-astigarraga"">Yelp</a>","<a href=""https://www.tripadvisor.com/Restaurant_Review-g1064182-d2266030"">TripAdvisor</a>","<a href=""https://untappd.com/brewery/51639"">Untappd</a>"
20,2017,Natural Basque Cider,🥉 Bronze,Gartziategi,Gartziategi sagardoa (Lote 2),35,Basque Country,1169,Cider,Active,"<a href=""https://gartziategi.com/"">Website</a>","<a href=""https://www.facebook.com/gartziategi"">Facebook</a>","<a href=""https://www.instagram.com/gartziategi/"">Instagram</a>","<a href=""https://maps.google.com/?cid=4734247712861040251"">Google</a>","<a href=""https://www.yelp.com/biz/gartziategi-donostia-san-sebastian"">Yelp</a>","<a href=""https://www.tripadvisor.com/Restaurant_Review-g187457-d4258881"">TripAdvisor</a>","<a href=""https://untappd.com/w/gartziategi-braserria/123054"">Untappd</a>"
21,2017,Natural Basque Cider,🥉 Bronze,Rufino,Rufino sagardoa,35,Basque Country,2513,Cider,Active,"<a href=""https://www.rufinosagardotegia.com/"">Website</a>","<a href=""https://www.facebook.com/RufinoSagardotegia/"">Facebook</a>","<a href=""https://www.instagram.com/rufinosagardotegia/"">Instagram</a>","<a href=""https://maps.google.com/?cid=15885220870479223557"">Google</a>",,,"<a href=""https://untappd.com/w/rufino/379778"">Untappd</a>"
22,2017,Natural Basque Cider,🥉 Bronze,Isastegi,Isastegi sagardoa (Lote 2),34,Basque Country,1546,Cider,Active,"<a href=""https://www.isastegi.com/"">Website</a>","<a href=""https://www.facebook.com/isastegi.sagardotegia"">Facebook</a>","<a href=""https://www.instagram.com/isastegi/"">Instagram</a>","<a href=""https://maps.google.com/?cid=3927960308349571227"">Google</a>",,"<a href=""https://www.tripadvisor.com/Restaurant_Review-g1064362-d5772954"">TripAdvisor</a>","<a href=""https://untappd.com/brewery/6054"">Untappd</a>"
23,2017,Natural Basque Cider,🥉 Bronze,Altzueta,Altzueta sagardoa (Lote 1),32,Basque Country,1620,Cider,Active,"<a href=""https://www.altzuetasagardotegia.com/"">Website</a>","<a href=""https://www.facebook.com/altzuetasagardotegia/"">Facebook</a>","<a href=""https://www.instagram.com/altzueta/"">Instagram</a>","<a href=""https://maps.google.com/?cid=15234921241388447200"">Google</a>",,"<a href=""https://www.tripadvisor.com/Restaurant_Review-g1064188-d7251429"">TripAdvisor</a>","<a href=""https://untappd.com/w/sidreria-altzueta/71623"">Untappd</a>"
24,2017,Natural Basque Cider,🥉 Bronze,Altzueta,Altzueta sagardoa (Lote 2),31,Basque Country,1620,Cider,Active,"<a href=""https://www.altzuetasagardotegia.com/"">Website</a>","<a href=""https://www.facebook.com/altzuetasagardotegia/"">Facebook</a>","<a href=""https://www.instagram.com/altzueta/"">Instagram</a>","<a href=""https://maps.google.com/?cid=15234921241388447200"">Google</a>",,"<a href=""https://www.tripadvisor.com/Restaurant_Review-g1064188-d7251429"">TripAdvisor</a>","<a href=""https://untappd.com/w/sidreria-altzueta/71623"">Untappd</a>"
25,2017,Natural Basque Cider,🥉 Bronze,Begiristain Sagardotegia,Begiristain sagardoa (Lote 2),30,Basque Country,3621,Cider,Active,"<a href=""https://www.begiristainsagardotegia.com/\"">Website</a>",,"<a href=""https://www.instagram.com/begiristainsagardotegia/"">Instagram</a>","<a href=""https://maps.google.com/?cid=726838247126869058"">Google</a>",,,"<a href=""https://untappd.com/w/begiristain-sagardotegia/286519"">Untappd</a>"
26,2017,Natural Basque Cider,🥉 Bronze,Oiharte,Oiharte sagardoa,30,Basque Country,1639,Cider,Active,"<a href=""https://oiharte.com/"">Website</a>","<a href=""https://www.facebook.com/CasaRuralSidreriaOiharte"">Facebook</a>","<a href=""https://www.instagram.com/oiharte/"">Instagram</a>","<a href=""https://maps.google.com/?cid=7283611563965022999"">Google</a>",,"<a href=""https://www.tripadvisor.com/Restaurant_Review-g1235389-d2470675"">TripAdvisor</a>","<a href=""https://untappd.com/w/oiharte-sagardotegia/351344"">Untappd</a>"
27,2017,Traditional French Cider,🥇 Gold,Angry Orchard,The Muse,46,United States,87,Cider,Active,"<a href=""https://www.angryorchard.com/"">Website</a>","<a href=""https://www.facebook.com/AngryOrchard/"">Facebook</a>","<a href=""https://www.instagram.com/angryorchard/"">Instagram</a>","<a href=""https://maps.google.com/?cid=17467507983407382578"">Google</a>","<a href=""https://www.yelp.com/biz/angry-orchard-walden-2"">Yelp</a>","<a href=""https://www.tripadvisor.com/Attraction_Review-g48788-d10266026"">TripAdvisor</a>","<a href=""https://untappd.com/w/angry-orchard-cider-company/16455"">Untappd</a>"
28,2017,Traditional French Cider,🥇 Gold,Domaine Lesuffleur,La Folletière 2014,45,France,3339,Cider,Active,,,"<a href=""https://www.instagram.com/domainelesuffleur/"">Instagram</a>",,,,"<a href=""https://untappd.com/w/domaine-lesuffleur/411142"">Untappd</a>"
29,2017,Traditional French Cider,🥈 Silver,Cidres Nicol,Cidre demi-sec fruite,42,France,1612,Cider,Active,"<a href=""https://www.cidres-nicol.bzh/"">Website</a>","<a href=""https://www.facebook.com/CidresNicol"">Facebook</a>","<a href=""https://www.instagram.com/la_cidrerie_nicol/"">Instagram</a>","<a href=""https://maps.google.com/?cid=3722769551030161998"">Google</a>","<a href=""https://www.yelp.com/biz/cidrerie-nicol-surzur"">Yelp</a>",,"<a href=""https://untappd.com/CidrerieNICOL"">Untappd</a>"
30,2017,Traditional French Cider,🥈 Silver,Domaine Lesuffleur,Friardel,40,France,3339,Cider,Active,,,"<a href=""https://www.instagram.com/domainelesuffleur/"">Instagram</a>",,,,"<a href=""https://untappd.com/w/domaine-lesuffleur/411142"">Untappd</a>"
31,2017,Traditional French Cider,🥈 Silver,Les Vergers de Kermao,Cidre AOP Cornouaille Vergers de Kermao,39,France,1587,Cider,Active,"<a href=""https://www.cidre-bretagne.com/"">Website</a>",,"<a href=""https://www.instagram.com/kermao.cidre/"">Instagram</a>","<a href=""https://maps.google.com/?cid=11761800243914556755"">Google</a>",,"<a href=""https://www.tripadvisor.com/Attraction_Review-g2184442-d8603735"">TripAdvisor</a>","<a href=""https://untappd.com/w/les-vergers-de-kermao/240565"">Untappd</a>"
32,2017,Traditional French Cider,🥉 Bronze,Cidrerie de Menez-Brug,Cidre AOP Cornouaille Menez Brug,37,France,1931,Cider,Active,"<a href=""https://www.cidrerie-de-menez-brug.com/"">Website</a>","<a href=""https://www.facebook.com/cidreriemenezbrug.fr/"">Facebook</a>",,"<a href=""https://maps.google.com/?cid=10640223041696316686"">Google</a>",,"<a href=""https://www.tripadvisor.com/Attraction_Review-g666452-d15052081"">TripAdvisor</a>","<a href=""https://untappd.com/w/cidrerie-de-menez-brug/150603"">Untappd</a>"
33,2017,Traditional French Cider,🥉 Bronze,Cidres Nicol,Cidre Doux,37,France,1612,Cider,Active,"<a href=""https://www.cidres-nicol.bzh/"">Website</a>","<a href=""https://www.facebook.com/CidresNicol"">Facebook</a>","<a href=""https://www.instagram.com/la_cidrerie_nicol/"">Instagram</a>","<a href=""https://maps.google.com/?cid=3722769551030161998"">Google</a>","<a href=""https://www.yelp.com/biz/cidrerie-nicol-surzur"">Yelp</a>",,"<a href=""https://untappd.com/CidrerieNICOL"">Untappd</a>"
34,2017,Traditional French Cider,🥉 Bronze,Distillerie du Gorvello,Cidre de Bretagne IGP Cuvée Tradition,35,France,1595,Spirits,Active,"<a href=""https://www.distilleriedugorvello.fr/"">Website</a>","<a href=""https://www.facebook.com/profile.php?id=100069448008978"">Facebook</a>","<a href=""https://www.instagram.com/distilleriedugorvello.bzh/"">Instagram</a>","<a href=""https://maps.google.com/?cid=13385362377425184430"">Google</a>",,"<a href=""https://www.tripadvisor.com/Attraction_Review-g2184206-d10593781"">TripAdvisor</a>","<a href=""https://untappd.com/w/distillerie-du-gorvello/69203"">Untappd</a>"
35,2017,Traditional French Cider,🥉 Bronze,Manoir de Grandouet,Cidre Pays D’Auge Cuvee reserve,31,France,1376,Cider,Active,"<a href=""https://www.manoir-de-grandouet.fr/"">Website</a>","<a href=""https://www.facebook.com/grandval.fr/"">Facebook</a>","<a href=""https://www.instagram.com/manoirdegrandouet/"">Instagram</a>","<a href=""https://maps.google.com/?cid=1664850146101306839"">Google</a>",,"<a href=""https://www.tripadvisor.com/Attraction_Review-g672825-d6994534"">TripAdvisor</a>","<a href=""https://untappd.com/brewery/18942"">Untappd</a>"
36,2017,Ice Cider,🥇 Gold,Brännland Cider,Brännland Iscider Barrique 2015,46,Sweden,1456,Cider,Active,"<a href=""https://www.brannlandcider.se/"">Website</a>","<a href=""https://www.facebook.com/brannlandcider/"">Facebook</a>","<a href=""https://www.instagram.com/brannlandcider/"">Instagram</a>","<a href=""https://maps.google.com/?cid=2299367906990041003"">Google</a>",,,"<a href=""https://untappd.com/brewery/83843"">Untappd</a>"
37,2017,Ice Cider,🥈 Silver,Sidra Cortina,Cortina Sidra de Hielo,44,Asturias,1472,Cider,Active,"<a href=""https://www.sidracortina.com/"">Website</a>","<a href=""https://www.facebook.com/sidracortina/"">Facebook</a>","<a href=""https://instagram.com/sidracortina"">Instagram</a>","<a href=""https://maps.google.com/?cid=14248814769091122504"">Google</a>",,"<a href=""https://www.tripadvisor.com/Restaurant_Review-g19842666-d985244"">TripAdvisor</a>","<a href=""https://untappd.com/w/sidra-cortina-coro/50162"">Untappd</a>"
38,2017,Ice Cider,🥈 Silver,Sidra El Gaitero,1898,42,Asturias,1314,Cider,Active,"<a href=""https://www.sidraelgaitero.com/"">Website</a>","<a href=""https://www.facebook.com/grupoelgaitero"">Facebook</a>","<a href=""https://www.instagram.com/grupoelgaitero/"">Instagram</a>","<a href=""https://maps.google.com/?cid=15753532318992345137"">Google</a>",,"<a href=""https://www.tripadvisor.com/Attraction_Review-g608997-d3239389"">TripAdvisor</a>","<a href=""https://untappd.com/brewery/4266"">Untappd</a>"
39,2017,Ice Cider,🥈 Silver,Cydr Jabłkowy,Cydr Jablkowy Lodowy Ice,41,Poland,3599,Cider,Inactive,,"<a href=""https://www.facebook.com/cydrjablkowy/"">Facebook</a>",,,,,"<a href=""https://untappd.com/w/krzysztof-winnicki/393819"">Untappd</a>"
40,2017,Ice Cider,🥈 Silver,Distillerie du Gorvello,Fleur de Cidre,38,France,1595,Spirits,Active,"<a href=""https://www.distilleriedugorvello.fr/"">Website</a>","<a href=""https://www.facebook.com/profile.php?id=100069448008978"">Facebook</a>","<a href=""https://www.instagram.com/distilleriedugorvello.bzh/"">Instagram</a>","<a href=""https://maps.google.com/?cid=13385362377425184430"">Google</a>",,"<a href=""https://www.tripadvisor.com/Attraction_Review-g2184206-d10593781"">TripAdvisor</a>","<a href=""https://untappd.com/w/distillerie-du-gorvello/69203"">Untappd</a>"
41,2017,Ice Cider,🥈 Silver,Domaine Bordatto,Mokofin 2016,38,Basque Country,1139,Cider,Active,"<a href=""https://www.domainebordatto.com/"">Website</a>","<a href=""https://www.facebook.com/bordattovigneroncidrier/"">Facebook</a>",,"<a href=""https://maps.google.com/?cid=8144559227920719273"">Google</a>",,"<a href=""https://www.tripadvisor.com/Attraction_Review-g1915349-d6851039"">TripAdvisor</a>","<a href=""https://untappd.com/brewery/27886"">Untappd</a>"
42,2017,Ice Cider,🥉 Bronze,Zapiain,Bizi Gozo,36,Basque Country,1172,Cider,Active,"<a href=""https://zapiain.eus/"">Website</a>","<a href=""https://www.facebook.com/zapiainsagardoa"">Facebook</a>","<a href=""https://www.instagram.com/zapiainsagardoa/"">Instagram</a>","<a href=""https://maps.google.com/?cid=16982677267877188990"">Google</a>",,"<a href=""https://www.tripadvisor.com/Restaurant_Review-g1064182-d3806229"">TripAdvisor</a>","<a href=""https://untappd.com/ZapiainSagardoa"">Untappd</a>"
43,2017,Ice Cider,🥉 Bronze,Brännland Cider,Brännland Iscider 2016 33 Brix,33,Sweden,1456,Cider,Active,"<a href=""https://www.brannlandcider.se/"">Website</a>","<a href=""https://www.facebook.com/brannlandcider/"">Facebook</a>","<a href=""https://www.instagram.com/brannlandcider/"">Instagram</a>","<a href=""https://maps.google.com/?cid=2299367906990041003"">Google</a>",,,"<a href=""https://untappd.com/brewery/83843"">Untappd</a>"
44,2017,Ice Cider,🥉 Bronze,Oiharte,Oiharte izotzezko sagardoa,31,Basque Country,1639,Cider,Active,"<a href=""https://oiharte.com/"">Website</a>","<a href=""https://www.facebook.com/CasaRuralSidreriaOiharte"">Facebook</a>","<a href=""https://www.instagram.com/oiharte/"">Instagram</a>","<a href=""https://maps.google.com/?cid=7283611563965022999"">Google</a>",,"<a href=""https://www.tripadvisor.com/Restaurant_Review-g1235389-d2470675"">TripAdvisor</a>","<a href=""https://untappd.com/w/oiharte-sagardotegia/351344"">Untappd</a>"
45,2017,Natural Asturian Cider,🥈 Silver,Sidra Riestra,Sidra natural Riestra,43,Asturias,1673,Cider,Active,"<a href=""http://www.sidrariestra.com/"">Website</a>","<a href=""https://www.facebook.com/SidraRiestra"">Facebook</a>","<a href=""https://www.instagram.com/sidrariestra/"">Instagram</a>","<a href=""https://maps.google.com/?cid=2253085342105400787"">Google</a>",,,"<a href=""https://untappd.com/w/riestra/70601"">Untappd</a>"
46,2017,Natural Asturian Cider,🥈 Silver,Sidra Piñera,Sidra Piñera,42,Asturias,1166,Cider,Active,"<a href=""https://www.sidrapinera.es/"">Website</a>","<a href=""https://www.facebook.com/sidrapinera/"">Facebook</a>","<a href=""https://www.instagram.com/sidrapinera/"">Instagram</a>","<a href=""https://maps.google.com/?cid=3226166040134745626"">Google</a>",,,
47,2017,Natural Asturian Cider,🥈 Silver,Sidra Menéndez,Sidra natural Val d’Ornon,42,Asturias,1165,Cider,Active,"<a href=""https://www.sidramenendez.com/"">Website</a>","<a href=""https://www.facebook.com/sidramenendez/"">Facebook</a>","<a href=""https://www.instagram.com/sidra_menendez/"">Instagram</a>","<a href=""https://maps.google.com/?cid=17564685525851225222"">Google</a>",,,"<a href=""https://untappd.com/w/sidra-menendez/55771"">Untappd</a>"
48,2017,Natural Asturian Cider,🥈 Silver,Sidra Cabueñes,Sidra natural asturiana Cabueñes,42,Asturias,1485,Cider,Active,,"<a href=""https://www.facebook.com/sidracabuenies/"">Facebook</a>","<a href=""https://www.instagram.com/sidracabuenies/"">Instagram</a>","<a href=""https://maps.google.com/?cid=5234296910772767246"">Google</a>",,,"<a href=""https://untappd.com/w/sidra-cabuenes/78883"">Untappd</a>"
49,2017,Natural Asturian Cider,🥈 Silver,Sidra Menéndez,Sidra natural Menendez,41,Asturias,1165,Cider,Active,"<a href=""https://www.sidramenendez.com/"">Website</a>","<a href=""https://www.facebook.com/sidramenendez/"">Facebook</a>","<a href=""https://www.instagram.com/sidra_menendez/"">Instagram</a>","<a href=""https://maps.google.com/?cid=17564685525851225222"">Google</a>",,,"<a href=""https://untappd.com/w/sidra-menendez/55771"">Untappd</a>"
50,2017,Natural Asturian Cider,🥈 Silver,Sidra Piñera,Sidra Llosa Serantes,40,Asturias,1166,Cider,Active,"<a href=""https://www.sidrapinera.es/"">Website</a>","<a href=""https://www.facebook.com/sidrapinera/"">Facebook</a>","<a href=""https://www.instagram.com/sidrapinera/"">Instagram</a>","<a href=""https://maps.google.com/?cid=3226166040134745626"">Google</a>",,,
51,2017,Natural Asturian Cider,🥈 Silver,El Nocéu,"Astur Sidra Natural Ecolóxico ""El Nocéu""",40,Asturias,3629,Cider,Inactive,,,,"<a href=""https://maps.google.com/?cid=17559119845879466940"">Google</a>",,,
52,2017,Natural Asturian Cider,🥈 Silver,Sidra Mayador,Sidra Natural M. Busto,40,Asturias,1610,Cider,Active,"<a href=""http://www.mayador.com/"">Website</a>","<a href=""https://www.facebook.com/sidramayadorcider"">Facebook</a>","<a href=""https://www.instagram.com/sidramayador/"">Instagram</a>","<a href=""https://maps.google.com/?cid=6886369759358960464"">Google</a>",,,"<a href=""https://untappd.com/SidraMayador"">Untappd</a>"
53,2017,Natural Asturian Cider,🥈 Silver,Sidra Fanjul,Sidra natural Fanjul ecológica,38,Asturias,1672,Cider,Active,"<a href=""https://www.sidrafanjul.com/"">Website</a>","<a href=""https://www.facebook.com/Sidra-Fanjul-216579291699190/"">Facebook</a>","<a href=""https://www.instagram.com/sidrafanjul/"">Instagram</a>","<a href=""https://maps.google.com/?cid=10647391104326148313"">Google</a>",,,"<a href=""https://untappd.com/w/sidra-fanjul/57758"">Untappd</a>"
54,2017,Natural Asturian Cider,🥉 Bronze,Sidra Trabanco,Sidra Trabanco cosecha propia,37,Asturias,1674,Cider,Active,"<a href=""https://www.sidratrabanco.com/"">Website</a>","<a href=""https://www.facebook.com/sidratrabanco/"">Facebook</a>","<a href=""https://www.instagram.com/sidratrabanco/"">Instagram</a>","<a href=""https://maps.google.com/?cid=8706552013547802387"">Google</a>",,,"<a href=""https://untappd.com/brewery/6382"">Untappd</a>"
55,2017,Natural Asturian Cider,🥉 Bronze,Sidra Castañón,Sidra Castañon,35,Asturias,1473,Cider,Active,"<a href=""https://sidracastanon.com/"">Website</a>","<a href=""https://www.facebook.com/sidracastanon/"">Facebook</a>","<a href=""https://www.instagram.com/sidracastanon/"">Instagram</a>","<a href=""https://maps.google.com/?cid=3082307260151948865"">Google</a>",,"<a href=""https://www.tripadvisor.com/Attraction_Review-g2186312-d12246874"">TripAdvisor</a>","<a href=""https://untappd.com/w/llagar-sidra-casta-n/81481"">Untappd</a>"
56,2017,Natural Asturian Cider,🥉 Bronze,Sidra Fanjul,Sidra natural Fanjul,32,Asturias,1672,Cider,Active,"<a href=""https://www.sidrafanjul.com/"">Website</a>","<a href=""https://www.facebook.com/Sidra-Fanjul-216579291699190/"">Facebook</a>","<a href=""https://www.instagram.com/sidrafanjul/"">Instagram</a>","<a href=""https://maps.google.com/?cid=10647391104326148313"">Google</a>",,,"<a href=""https://untappd.com/w/sidra-fanjul/57758"">Untappd</a>"
57,2017,Natural Asturian Cider,🥉 Bronze,Sidra Viuda de Angelón,Sidra Prau Monga,31,Asturias,1675,Cider,Active,"<a href=""http://www.sidraviudaangelonpomar.es/"">Website</a>","<a href=""https://www.facebook.com/sidrapomar.viudaangelon/"">Facebook</a>","<a href=""https://www.instagram.com/Sidraviudaangelon/"">Instagram</a>","<a href=""https://maps.google.com/?cid=13173562328637195239"">Google</a>",,,"<a href=""https://untappd.com/w/viuda-de-angela3n/142823"">Untappd</a>"
58,2017,Natural Asturian Cider,🥉 Bronze,Sidra El Gaitero,Pomarina Natural,30,Asturias,1314,Cider,Active,"<a href=""https://www.sidraelgaitero.com/"">Website</a>","<a href=""https://www.facebook.com/grupoelgaitero"">Facebook</a>","<a href=""https://www.instagram.com/grupoelgaitero/"">Instagram</a>","<a href=""https://maps.google.com/?cid=15753532318992345137"">Google</a>",,"<a href=""https://www.tripadvisor.com/Attraction_Review-g608997-d3239389"">TripAdvisor</a>","<a href=""https://untappd.com/brewery/4266"">Untappd</a>"
59,2017,Natural Asturian Cider,🥉 Bronze,Sidra Panizales,Sidra natural Panizales,30,Asturias,1519,Cider,Active,"<a href=""https://sidrapanizales.com/"">Website</a>","<a href=""https://www.facebook.com/panizales.sidra"">Facebook</a>","<a href=""https://www.instagram.com/sidrapanizales/"">Instagram</a>","<a href=""https://maps.google.com/?cid=16258480851124885832"">Google</a>",,"<a href=""https://www.tripadvisor.com/Restaurant_Review-g775263-d7621234"">TripAdvisor</a>","<a href=""https://untappd.com/w/llagar-panizales/152401"">Untappd</a>"
60,2017,Traditional English Cider,🥈 Silver,Willie Smith's,Somerset Redstreak,43,Australia,1442,Cider,Active,"<a href=""https://www.williesmiths.com.au/"">Website</a>","<a href=""https://www.facebook.com/pages/Willie-Smiths-Organic-Cider/260319247336198"">Facebook</a>","<a href=""https://www.instagram.com/williesmithscider/"">Instagram</a>","<a href=""https://maps.google.com/?cid=16057012530083496420"">Google</a>","<a href=""https://www.yelp.com/biz/willie-smith-s-apple-shed-grove"">Yelp</a>","<a href=""https://www.tripadvisor.com/Restaurant_Review-g1175547-d7911074"">TripAdvisor</a>","<a href=""https://untappd.com/WilliamSmithandSons"">Untappd</a>"
61,2017,Traditional English Cider,🥈 Silver,Angry Orchard,Understood In Motion 02,43,United States,87,Cider,Active,"<a href=""https://www.angryorchard.com/"">Website</a>","<a href=""https://www.facebook.com/AngryOrchard/"">Facebook</a>","<a href=""https://www.instagram.com/angryorchard/"">Instagram</a>","<a href=""https://maps.google.com/?cid=17467507983407382578"">Google</a>","<a href=""https://www.yelp.com/biz/angry-orchard-walden-2"">Yelp</a>","<a href=""https://www.tripadvisor.com/Attraction_Review-g48788-d10266026"">TripAdvisor</a>","<a href=""https://untappd.com/w/angry-orchard-cider-company/16455"">Untappd</a>"
62,2017,Traditional English Cider,🥈 Silver,Cotswold Cider Company,No Brainer,40,England,1349,Cider,Active,"<a href=""https://www.cotswoldciderco.com/"">Website</a>","<a href=""https://www.facebook.com/CotswoldCiderCompany"">Facebook</a>","<a href=""https://www.instagram.com/cotswoldciderco/"">Instagram</a>",,,,"<a href=""https://untappd.com/TheCotswoldCiderCompany"">Untappd</a>"
63,2017,Traditional English Cider,🥈 Silver,Thatchers Cider,Vintage 2016,39,England,1119,Cider,Active,"<a href=""https://www.thatcherscider.co.uk/"">Website</a>","<a href=""https://www.facebook.com/ThatchersCiderCompany"">Facebook</a>","<a href=""https://www.instagram.com/thatcherscider/"">Instagram</a>","<a href=""https://maps.google.com/?cid=15191093037076298219"">Google</a>",,"<a href=""https://www.tripadvisor.com/Attraction_Review-g4412909-d11019728"">TripAdvisor</a>","<a href=""https://untappd.com/brewery/3063"">Untappd</a>"
64,2017,Traditional English Cider,🥈 Silver,Distillerie du Gorvello,Cidre de Bretagne IGP Cuvée Héritage,38,France,1595,Spirits,Active,"<a href=""https://www.distilleriedugorvello.fr/"">Website</a>","<a href=""https://www.facebook.com/profile.php?id=100069448008978"">Facebook</a>","<a href=""https://www.instagram.com/distilleriedugorvello.bzh/"">Instagram</a>","<a href=""https://maps.google.com/?cid=13385362377425184430"">Google</a>",,"<a href=""https://www.tripadvisor.com/Attraction_Review-g2184206-d10593781"">TripAdvisor</a>","<a href=""https://untappd.com/w/distillerie-du-gorvello/69203"">Untappd</a>"
65,2017,Traditional English Cider,🥉 Bronze,Thatchers Cider,Green Goblin,37,England,1119,Cider,Active,"<a href=""https://www.thatcherscider.co.uk/"">Website</a>","<a href=""https://www.facebook.com/ThatchersCiderCompany"">Facebook</a>","<a href=""https://www.instagram.com/thatcherscider/"">Instagram</a>","<a href=""https://maps.google.com/?cid=15191093037076298219"">Google</a>",,"<a href=""https://www.tripadvisor.com/Attraction_Review-g4412909-d11019728"">TripAdvisor</a>","<a href=""https://untappd.com/brewery/3063"">Untappd</a>"
66,2017,Traditional English Cider,🥉 Bronze,Henry of Harcourt,Yarlington Mill,37,Australia,1356,Cider,Active,"<a href=""https://henrycider.com/"">Website</a>","<a href=""https://www.facebook.com/henrycider/"">Facebook</a>","<a href=""https://www.instagram.com/henrycider/"">Instagram</a>","<a href=""https://maps.google.com/?cid=8940355932051611367"">Google</a>",,"<a href=""https://www.tripadvisor.com/Attraction_Review-g552178-d8783234"">TripAdvisor</a>","<a href=""https://untappd.com/w/henry-of-harcourt/5374"">Untappd</a>"
67,2017,Traditional English Cider,🥉 Bronze,Henry of Harcourt,Duck and Bull,37,Australia,1356,Cider,Active,"<a href=""https://henrycider.com/"">Website</a>","<a href=""https://www.facebook.com/henrycider/"">Facebook</a>","<a href=""https://www.instagram.com/henrycider/"">Instagram</a>","<a href=""https://maps.google.com/?cid=8940355932051611367"">Google</a>",,"<a href=""https://www.tripadvisor.com/Attraction_Review-g552178-d8783234"">TripAdvisor</a>","<a href=""https://untappd.com/w/henry-of-harcourt/5374"">Untappd</a>"
68,2017,Traditional English Cider,🥉 Bronze,Pips Cider,Pips Dry Cider,36,England,1381,Cider,Active,"<a href=""http://www.pipscider.com/"">Website</a>","<a href=""https://www.facebook.com/PipsCider"">Facebook</a>","<a href=""https://www.instagram.com/pipscider/"">Instagram</a>","<a href=""https://maps.google.com/?cid=16039788259014934478"">Google</a>",,,"<a href=""https://untappd.com/w/pips-cider-limited/159027"">Untappd</a>"
69,2017,Traditional English Cider,🥉 Bronze,Sidra Ribela,Maceiras Vellas,36,Galicia,1486,Cider,Active,"<a href=""https://ribela.es/"">Website</a>","<a href=""https://www.facebook.com/profile.php?id=100057701497775"">Facebook</a>",,"<a href=""https://maps.google.com/?cid=4872815371612917435"">Google</a>",,,"<a href=""https://untappd.com/jesusarmenteros"">Untappd</a>"
70,2017,Traditional English Cider,🥉 Bronze,Angry Orchard,Oval Nouveau,36,United States,87,Cider,Active,"<a href=""https://www.angryorchard.com/"">Website</a>","<a href=""https://www.facebook.com/AngryOrchard/"">Facebook</a>","<a href=""https://www.instagram.com/angryorchard/"">Instagram</a>","<a href=""https://maps.google.com/?cid=17467507983407382578"">Google</a>","<a href=""https://www.yelp.com/biz/angry-orchard-walden-2"">Yelp</a>","<a href=""https://www.tripadvisor.com/Attraction_Review-g48788-d10266026"">TripAdvisor</a>","<a href=""https://untappd.com/w/angry-orchard-cider-company/16455"">Untappd</a>"
71,2017,Traditional English Cider,🥉 Bronze,Daylesford Cider Company,French Oak,35,Australia,1186,Cider,Active,"<a href=""https://daylesfordcider.com.au/"">Website</a>","<a href=""https://www.facebook.com/DaylesfordCider"">Facebook</a>","<a href=""https://www.instagram.com/daylesfordcider/"">Instagram</a>","<a href=""https://maps.google.com/?cid=3704200538482217988"">Google</a>",,"<a href=""https://www.tripadvisor.com/Attraction_Review-g2533620-d4506486"">TripAdvisor</a>","<a href=""https://untappd.com/w/daylesford-cider-company/15899"">Untappd</a>"
72,2017,Traditional English Cider,🥉 Bronze,Pips Cider,Pips Medium Cider,34,England,1381,Cider,Active,"<a href=""http://www.pipscider.com/"">Website</a>","<a href=""https://www.facebook.com/PipsCider"">Facebook</a>","<a href=""https://www.instagram.com/pipscider/"">Instagram</a>","<a href=""https://maps.google.com/?cid=16039788259014934478"">Google</a>",,,"<a href=""https://untappd.com/w/pips-cider-limited/159027"">Untappd</a>"
73,2017,Traditional English Cider,🥉 Bronze,Daylesford Cider Company,Wild,33,Australia,1186,Cider,Active,"<a href=""https://daylesfordcider.com.au/"">Website</a>","<a href=""https://www.facebook.com/DaylesfordCider"">Facebook</a>","<a href=""https://www.instagram.com/daylesfordcider/"">Instagram</a>","<a href=""https://maps.google.com/?cid=3704200538482217988"">Google</a>",,"<a href=""https://www.tripadvisor.com/Attraction_Review-g2533620-d4506486"">TripAdvisor</a>","<a href=""https://untappd.com/w/daylesford-cider-company/15899"">Untappd</a>"
74,2017,Traditional English Cider,🥉 Bronze,Angry Orchard,Orchard Cuvee #2,33,United States,87,Cider,Active,"<a href=""https://www.angryorchard.com/"">Website</a>","<a href=""https://www.facebook.com/AngryOrchard/"">Facebook</a>","<a href=""https://www.instagram.com/angryorchard/"">Instagram</a>","<a href=""https://maps.google.com/?cid=17467507983407382578"">Google</a>","<a href=""https://www.yelp.com/biz/angry-orchard-walden-2"">Yelp</a>","<a href=""https://www.tripadvisor.com/Attraction_Review-g48788-d10266026"">TripAdvisor</a>","<a href=""https://untappd.com/w/angry-orchard-cider-company/16455"">Untappd</a>"
75,2017,Flavored Cider and Perry,🥇 Gold,Sidra Ribela,Besta,47,Galicia,1486,Cider,Active,"<a href=""https://ribela.es/"">Website</a>","<a href=""https://www.facebook.com/profile.php?id=100057701497775"">Facebook</a>",,"<a href=""https://maps.google.com/?cid=4872815371612917435"">Google</a>",,,"<a href=""https://untappd.com/jesusarmenteros"">Untappd</a>"
76,2017,Flavored Cider and Perry,🥇 Gold,Floribunda,Ginger Cider,45,Italy,2029,Cider,Active,"<a href=""https://www.floribunda.it/"">Website</a>",,"<a href=""https://www.instagram.com/floribundacider/"">Instagram</a>","<a href=""https://maps.google.com/?cid=14548393953505771229"">Google</a>",,,"<a href=""https://untappd.com/w/floribunda/333615"">Untappd</a>"
77,2017,Flavored Cider and Perry,🥇 Gold,Floribunda,Quitten Cider alla Cotogna,45,Italy,2029,Cider,Active,"<a href=""https://www.floribunda.it/"">Website</a>",,"<a href=""https://www.instagram.com/floribundacider/"">Instagram</a>","<a href=""https://maps.google.com/?cid=14548393953505771229"">Google</a>",,,"<a href=""https://untappd.com/w/floribunda/333615"">Untappd</a>"
78,2017,Flavored Cider and Perry,🥇 Gold,Bembel With Care,Apfelwein-Cola,45,Germany,1326,Cider,Active,"<a href=""https://bembel-with-care.com/"">Website</a>","<a href=""https://www.facebook.com/bembel.with.care"">Facebook</a>","<a href=""https://www.instagram.com/bembel.with.care/"">Instagram</a>",,,,"<a href=""https://untappd.com/bembelwithcare"">Untappd</a>"
79,2017,Flavored Cider and Perry,🥇 Gold,Weidmann & Groh,Speierling,45,Germany,1343,Spirits,Active,"<a href=""https://weidmann-groh.de/"">Website</a>","<a href=""https://www.facebook.com/pages/WEIDMANN-GROH/138116339592327"">Facebook</a>",,"<a href=""https://maps.google.com/?cid=6569120976887073603"">Google</a>",,,"<a href=""https://untappd.com/w/weidmann-groh/73065"">Untappd</a>"
80,2017,Flavored Cider and Perry,🥈 Silver,Floribunda,Holunder Cider al Sambuco,43,Italy,2029,Cider,Active,"<a href=""https://www.floribunda.it/"">Website</a>",,"<a href=""https://www.instagram.com/floribundacider/"">Instagram</a>","<a href=""https://maps.google.com/?cid=14548393953505771229"">Google</a>",,,"<a href=""https://untappd.com/w/floribunda/333615"">Untappd</a>"
81,2017,Flavored Cider and Perry,🥈 Silver,Araeta,Sidra de Pera Araeta,43,Basque Country,1624,Cider,Active,"<a href=""https://araeta.com/"">Website</a>","<a href=""https://www.facebook.com/pages/Araeta-Restaurante/294806956757"">Facebook</a>","<a href=""https://www.instagram.com/sidreria_araeta/"">Instagram</a>","<a href=""https://maps.google.com/?cid=16679682521656072832"">Google</a>",,"<a href=""https://www.tripadvisor.com/Restaurant_Review-g187457-d2482068"">TripAdvisor</a>","<a href=""https://untappd.com/w/araeta-sagardotegia/372000"">Untappd</a>"
82,2017,Flavored Cider and Perry,🥈 Silver,Weidmann & Groh,Cydonia,42,Germany,1343,Spirits,Active,"<a href=""https://weidmann-groh.de/"">Website</a>","<a href=""https://www.facebook.com/pages/WEIDMANN-GROH/138116339592327"">Facebook</a>",,"<a href=""https://maps.google.com/?cid=6569120976887073603"">Google</a>",,,"<a href=""https://untappd.com/w/weidmann-groh/73065"">Untappd</a>"
83,2017,Flavored Cider and Perry,🥈 Silver,Harcourt Perry & Cider Makers,Pear Cider,42,Australia,2858,Cider,Active,"<a href=""https://harcourtcider.com.au/"">Website</a>","<a href=""https://www.facebook.com/HarcourtCider/"">Facebook</a>","<a href=""https://www.instagram.com/harcourtcider/"">Instagram</a>","<a href=""https://maps.google.com/?cid=8775592475109844928"">Google</a>",,,"<a href=""https://untappd.com/w/harcourt-perry-cider-makers/429734"">Untappd</a>"
84,2017,Flavored Cider and Perry,🥈 Silver,Götti Cider,Götti Cider,42,Switzerland,3583,Cider,Inactive,,"<a href=""https://www.facebook.com/profile.php?id=100042343076491"">Facebook</a>",,,,,
85,2017,Flavored Cider and Perry,🥈 Silver,Cotswold Cider Company,BlowHorn,42,England,1349,Cider,Active,"<a href=""https://www.cotswoldciderco.com/"">Website</a>","<a href=""https://www.facebook.com/CotswoldCiderCompany"">Facebook</a>","<a href=""https://www.instagram.com/cotswoldciderco/"">Instagram</a>",,,,"<a href=""https://untappd.com/TheCotswoldCiderCompany"">Untappd</a>"
86,2017,Flavored Cider and Perry,🥈 Silver,Valduro,Valduro Honey,41,Asturias,3620,Cider,Inactive,,"<a href=""https://www.facebook.com/VALDUROSIDRAPREMIUM/"">Facebook</a>",,,,,"<a href=""https://untappd.com/w/valduro/285513"">Untappd</a>"
87,2017,Flavored Cider and Perry,🥈 Silver,Red Brick Road Cider,Dry Hopped Cider,38,Australia,1692,Point of Interest,Inactive,"<a href=""https://www.redbrickroadcider.com.au/"">Website</a>","<a href=""https://www.facebook.com/DickensCiderhouse"">Facebook</a>",,,,,"<a href=""https://untappd.com/v/red-brick-road-ciderhouse/546791"">Untappd</a>"
88,2017,Flavored Cider and Perry,🥉 Bronze,Bear Cider,Bear Cider Dry Hopped,37,Netherlands,1930,Cider,Active,"<a href=""https://www.bearcider.com/"">Website</a>","<a href=""https://www.facebook.com/Beercider"">Facebook</a>","<a href=""https://www.instagram.com/bearcider/"">Instagram</a>","<a href=""https://maps.google.com/?cid=2306162274342811911"">Google</a>",,,"<a href=""https://untappd.com/BeerCider"">Untappd</a>"
89,2017,Flavored Cider and Perry,🥉 Bronze,Sidra Panizales,Hera,37,Asturias,1519,Cider,Active,"<a href=""https://sidrapanizales.com/"">Website</a>","<a href=""https://www.facebook.com/panizales.sidra"">Facebook</a>","<a href=""https://www.instagram.com/sidrapanizales/"">Instagram</a>","<a href=""https://maps.google.com/?cid=16258480851124885832"">Google</a>",,"<a href=""https://www.tripadvisor.com/Restaurant_Review-g775263-d7621234"">TripAdvisor</a>","<a href=""https://untappd.com/w/llagar-panizales/152401"">Untappd</a>"
90,2017,Flavored Cider and Perry,🥉 Bronze,Bembel With Care,Apfelwein-Kirsch,35,Germany,1326,Cider,Active,"<a href=""https://bembel-with-care.com/"">Website</a>","<a href=""https://www.facebook.com/bembel.with.care"">Facebook</a>","<a href=""https://www.instagram.com/bembel.with.care/"">Instagram</a>",,,,"<a href=""https://untappd.com/bembelwithcare"">Untappd</a>"
91,2017,Flavored Cider and Perry,🥉 Bronze,Frank's Cider,Rasperry & Pear Cider,35,Australia,1553,Cider,Active,"<a href=""https://www.frankscider.com.au/"">Website</a>","<a href=""https://www.facebook.com/FranksCider"">Facebook</a>","<a href=""https://www.instagram.com/frankscider/"">Instagram</a>","<a href=""https://maps.google.com/?cid=12281895632138757991"">Google</a>","<a href=""https://www.yelp.com/biz/franks-cider-bar-and-cafe-franklin"">Yelp</a>","<a href=""https://www.tripadvisor.com/Restaurant_Review-g504298-d7270183"">TripAdvisor</a>","<a href=""https://untappd.com/brewery/66943"">Untappd</a>"
92,2017,Flavored Cider and Perry,🥉 Bronze,Cidrerie Berri,Kalipoko Citron,33,Basque Country,1649,Cider,Active,"<a href=""https://txopinondo.fr/"">Website</a>","<a href=""https://www.facebook.com/txopinondo"">Facebook</a>","<a href=""https://www.instagram.com/txopinondo/"">Instagram</a>","<a href=""https://maps.google.com/?cid=14446292626809718341"">Google</a>",,"<a href=""https://www.tripadvisor.com/Restaurant_Review-g1118261-d2139433"">TripAdvisor</a>","<a href=""https://untappd.com/w/cidrerie-txopinondo/215570"">Untappd</a>"
93,2017,Flavored Cider and Perry,🥉 Bronze,Weidmann & Groh,Rosbacher Köppel,33,Germany,1343,Spirits,Active,"<a href=""https://weidmann-groh.de/"">Website</a>","<a href=""https://www.facebook.com/pages/WEIDMANN-GROH/138116339592327"">Facebook</a>",,"<a href=""https://maps.google.com/?cid=6569120976887073603"">Google</a>",,,"<a href=""https://untappd.com/w/weidmann-groh/73065"">Untappd</a>"
94,2017,Flavored Cider and Perry,🥉 Bronze,Sidra El Gaitero,Sidra Gaitero Red Grape,30,Asturias,1314,Cider,Active,"<a href=""https://www.sidraelgaitero.com/"">Website</a>","<a href=""https://www.facebook.com/grupoelgaitero"">Facebook</a>","<a href=""https://www.instagram.com/grupoelgaitero/"">Instagram</a>","<a href=""https://maps.google.com/?cid=15753532318992345137"">Google</a>",,"<a href=""https://www.tripadvisor.com/Attraction_Review-g608997-d3239389"">TripAdvisor</a>","<a href=""https://untappd.com/brewery/4266"">Untappd</a>"
95,2017,Flavored Cider and Perry,🥉 Bronze,Cidrerie Berri,Kalipoko Peché de vigne,30,Basque Country,1649,Cider,Active,"<a href=""https://txopinondo.fr/"">Website</a>","<a href=""https://www.facebook.com/txopinondo"">Facebook</a>","<a href=""https://www.instagram.com/txopinondo/"">Instagram</a>","<a href=""https://maps.google.com/?cid=14446292626809718341"">Google</a>",,"<a href=""https://www.tripadvisor.com/Restaurant_Review-g1118261-d2139433"">TripAdvisor</a>","<a href=""https://untappd.com/w/cidrerie-txopinondo/215570"">Untappd</a>"
96,2017,Modern Cider,🥇 Gold,Finca La Rionda,Valnera,50,Asturias,3596,Cider,Active,"<a href=""https://bodegalarionda.ueniweb.com/"">Website</a>","<a href=""https://www.facebook.com/fincalarionda"">Facebook</a>",,,,"<a href=""https://www.tripadvisor.com/Attraction_Review-g608997-d7010944"">TripAdvisor</a>",
97,2017,Modern Cider,🥇 Gold,Angry Orchard,Understood In Motion 01,48,United States,87,Cider,Active,"<a href=""https://www.angryorchard.com/"">Website</a>","<a href=""https://www.facebook.com/AngryOrchard/"">Facebook</a>","<a href=""https://www.instagram.com/angryorchard/"">Instagram</a>","<a href=""https://maps.google.com/?cid=17467507983407382578"">Google</a>","<a href=""https://www.yelp.com/biz/angry-orchard-walden-2"">Yelp</a>","<a href=""https://www.tripadvisor.com/Attraction_Review-g48788-d10266026"">TripAdvisor</a>","<a href=""https://untappd.com/w/angry-orchard-cider-company/16455"">Untappd</a>"
98,2017,Modern Cider,🥇 Gold,Sidra Panizales,Sidra Aperitivo Viesk,46,Asturias,1519,Cider,Active,"<a href=""https://sidrapanizales.com/"">Website</a>","<a href=""https://www.facebook.com/panizales.sidra"">Facebook</a>","<a href=""https://www.instagram.com/sidrapanizales/"">Instagram</a>","<a href=""https://maps.google.com/?cid=16258480851124885832"">Google</a>",,"<a href=""https://www.tripadvisor.com/Restaurant_Review-g775263-d7621234"">TripAdvisor</a>","<a href=""https://untappd.com/w/llagar-panizales/152401"">Untappd</a>"
99,2017,Modern Cider,🥇 Gold,Valduro,Valduro Dry,45,Asturias,3620,Cider,Inactive,,"<a href=""https://www.facebook.com/VALDUROSIDRAPREMIUM/"">Facebook</a>",,,,,"<a href=""https://untappd.com/w/valduro/285513"">Untappd</a>"
100,2017,Modern Cider,🥇 Gold,Thatchers Cider,Haze,45,England,1119,Cider,Active,"<a href=""https://www.thatcherscider.co.uk/"">Website</a>","<a href=""https://www.facebook.com/ThatchersCiderCompany"">Facebook</a>","<a href=""https://www.instagram.com/thatcherscider/"">Instagram</a>","<a href=""https://maps.google.com/?cid=15191093037076298219"">Google</a>",,"<a href=""https://www.tripadvisor.com/Attraction_Review-g4412909-d11019728"">TripAdvisor</a>","<a href=""https://untappd.com/brewery/3063"">Untappd</a>"
101,2017,Modern Cider,🥇 Gold,Bear Cider,Bear Cider Original,45,Netherlands,1930,Cider,Active,"<a href=""https://www.bearcider.com/"">Website</a>","<a href=""https://www.facebook.com/Beercider"">Facebook</a>","<a href=""https://www.instagram.com/bearcider/"">Instagram</a>","<a href=""https://maps.google.com/?cid=2306162274342811911"">Google</a>",,,"<a href=""https://untappd.com/BeerCider"">Untappd</a>"
102,2017,Modern Cider,🥇 Gold,Sidra Panizales,ATI,45,Asturias,1519,Cider,Active,"<a href=""https://sidrapanizales.com/"">Website</a>","<a href=""https://www.facebook.com/panizales.sidra"">Facebook</a>","<a href=""https://www.instagram.com/sidrapanizales/"">Instagram</a>","<a href=""https://maps.google.com/?cid=16258480851124885832"">Google</a>",,"<a href=""https://www.tripadvisor.com/Restaurant_Review-g775263-d7621234"">TripAdvisor</a>","<a href=""https://untappd.com/w/llagar-panizales/152401"">Untappd</a>"
103,2017,Modern Cider,🥈 Silver,Mooma,Sidra Mooma,44,Catalonia,2752,Cider,Active,"<a href=""https://mooma.cat/"">Website</a>","<a href=""https://www.facebook.com/sidreriamooma/"">Facebook</a>","<a href=""https://www.instagram.com/mooma/"">Instagram</a>","<a href=""https://maps.google.com/?cid=11350926811080988766"">Google</a>",,"<a href=""https://www.tripadvisor.com/Restaurant_Review-g3501872-d13815642"">TripAdvisor</a>","<a href=""https://untappd.com/w/mooma/254950"">Untappd</a>"
104,2017,Modern Cider,🥈 Silver,Cotswold Cider Company,SideBurns,42,England,1349,Cider,Active,"<a href=""https://www.cotswoldciderco.com/"">Website</a>","<a href=""https://www.facebook.com/CotswoldCiderCompany"">Facebook</a>","<a href=""https://www.instagram.com/cotswoldciderco/"">Instagram</a>",,,,"<a href=""https://untappd.com/TheCotswoldCiderCompany"">Untappd</a>"
105,2017,Modern Cider,🥈 Silver,Distillerie du Gorvello,Cidre de Bretagne IGP Cuvée Guillevic,42,France,1595,Spirits,Active,"<a href=""https://www.distilleriedugorvello.fr/"">Website</a>","<a href=""https://www.facebook.com/profile.php?id=100069448008978"">Facebook</a>","<a href=""https://www.instagram.com/distilleriedugorvello.bzh/"">Instagram</a>","<a href=""https://maps.google.com/?cid=13385362377425184430"">Google</a>",,"<a href=""https://www.tripadvisor.com/Attraction_Review-g2184206-d10593781"">TripAdvisor</a>","<a href=""https://untappd.com/w/distillerie-du-gorvello/69203"">Untappd</a>"
106,2017,Modern Cider,🥈 Silver,Sidra Viuda de Angelón,Sidra Pomar Rosée,42,Asturias,1675,Cider,Active,"<a href=""http://www.sidraviudaangelonpomar.es/"">Website</a>","<a href=""https://www.facebook.com/sidrapomar.viudaangelon/"">Facebook</a>","<a href=""https://www.instagram.com/Sidraviudaangelon/"">Instagram</a>","<a href=""https://maps.google.com/?cid=13173562328637195239"">Google</a>",,,"<a href=""https://untappd.com/w/viuda-de-angela3n/142823"">Untappd</a>"
107,2017,Modern Cider,🥈 Silver,Sidra M. Norniella,Sidra Extra M. Norniella,42,Asturias,3597,Cider,Active,"<a href=""https://www.macrile.com/"">Website</a>","<a href=""https://www.facebook.com/profile.php?id=100010091055351"">Facebook</a>","<a href=""https://www.instagram.com/sidra_m.norniella/"">Instagram</a>","<a href=""https://maps.google.com/?cid=12557897810508481900"">Google</a>",,,"<a href=""https://untappd.com/w/macrile/188803"">Untappd</a>"
108,2017,Modern Cider,🥈 Silver,Thatchers Cider,Gold,40,England,1119,Cider,Active,"<a href=""https://www.thatcherscider.co.uk/"">Website</a>","<a href=""https://www.facebook.com/ThatchersCiderCompany"">Facebook</a>","<a href=""https://www.instagram.com/thatcherscider/"">Instagram</a>","<a href=""https://maps.google.com/?cid=15191093037076298219"">Google</a>",,"<a href=""https://www.tripadvisor.com/Attraction_Review-g4412909-d11019728"">TripAdvisor</a>","<a href=""https://untappd.com/brewery/3063"">Untappd</a>"
109,2017,Modern Cider,🥈 Silver,Distillerie du Gorvello,Cidre de Bretagne IGP Cuvée Coco d Issé,40,France,1595,Spirits,Active,"<a href=""https://www.distilleriedugorvello.fr/"">Website</a>","<a href=""https://www.facebook.com/profile.php?id=100069448008978"">Facebook</a>","<a href=""https://www.instagram.com/distilleriedugorvello.bzh/"">Instagram</a>","<a href=""https://maps.google.com/?cid=13385362377425184430"">Google</a>",,"<a href=""https://www.tripadvisor.com/Attraction_Review-g2184206-d10593781"">TripAdvisor</a>","<a href=""https://untappd.com/w/distillerie-du-gorvello/69203"">Untappd</a>"
110,2017,Modern Cider,🥈 Silver,Cydr Jabłkowy,Cydr Jablkowy Applecider,40,Poland,3599,Cider,Inactive,,"<a href=""https://www.facebook.com/cydrjablkowy/"">Facebook</a>",,,,,"<a href=""https://untappd.com/w/krzysztof-winnicki/393819"">Untappd</a>"
111,2017,Modern Cider,🥈 Silver,Thatchers Cider,Katy,39,England,1119,Cider,Active,"<a href=""https://www.thatcherscider.co.uk/"">Website</a>","<a href=""https://www.facebook.com/ThatchersCiderCompany"">Facebook</a>","<a href=""https://www.instagram.com/thatcherscider/"">Instagram</a>","<a href=""https://maps.google.com/?cid=15191093037076298219"">Google</a>",,"<a href=""https://www.tripadvisor.com/Attraction_Review-g4412909-d11019728"">TripAdvisor</a>","<a href=""https://untappd.com/brewery/3063"">Untappd</a>"
112,2017,Modern Cider,🥈 Silver,Kelterei Heil,Cooper’s Organic Cider,38,Germany,1574,Cider,Active,"<a href=""https://kelterei-heil.de/"">Website</a>","<a href=""https://www.facebook.com/keltereiheil/"">Facebook</a>","<a href=""https://www.instagram.com/keltereiheil"">Instagram</a>","<a href=""https://maps.google.com/?cid=18431477139160593371"">Google</a>",,,"<a href=""https://untappd.com/brewery/33255"">Untappd</a>"
113,2017,Modern Cider,🥈 Silver,Sidra El Gaitero,Gaitero Spanish Cider 33cl.,38,Asturias,1314,Cider,Active,"<a href=""https://www.sidraelgaitero.com/"">Website</a>","<a href=""https://www.facebook.com/grupoelgaitero"">Facebook</a>","<a href=""https://www.instagram.com/grupoelgaitero/"">Instagram</a>","<a href=""https://maps.google.com/?cid=15753532318992345137"">Google</a>",,"<a href=""https://www.tripadvisor.com/Attraction_Review-g608997-d3239389"">TripAdvisor</a>","<a href=""https://untappd.com/brewery/4266"">Untappd</a>"
114,2017,Modern Cider,🥈 Silver,Sidra Castañón,Xiz Frizzante,38,Asturias,1473,Cider,Active,"<a href=""https://sidracastanon.com/"">Website</a>","<a href=""https://www.facebook.com/sidracastanon/"">Facebook</a>","<a href=""https://www.instagram.com/sidracastanon/"">Instagram</a>","<a href=""https://maps.google.com/?cid=3082307260151948865"">Google</a>",,"<a href=""https://www.tripadvisor.com/Attraction_Review-g2186312-d12246874"">TripAdvisor</a>","<a href=""https://untappd.com/w/llagar-sidra-casta-n/81481"">Untappd</a>"
115,2017,Modern Cider,🥉 Bronze,Araújo Monte,Handmade Cider Corrupia,37,Portugal,3619,Cider,Inactive,,,,,,,"<a href=""https://untappd.com/w/ara-jo-monte/379915"">Untappd</a>"
116,2017,Modern Cider,🥉 Bronze,Sidra El Gaitero,Sidra El Gaitero Etiqueta Negra,37,Asturias,1314,Cider,Active,"<a href=""https://www.sidraelgaitero.com/"">Website</a>","<a href=""https://www.facebook.com/grupoelgaitero"">Facebook</a>","<a href=""https://www.instagram.com/grupoelgaitero/"">Instagram</a>","<a href=""https://maps.google.com/?cid=15753532318992345137"">Google</a>",,"<a href=""https://www.tripadvisor.com/Attraction_Review-g608997-d3239389"">TripAdvisor</a>","<a href=""https://untappd.com/brewery/4266"">Untappd</a>"
117,2017,Modern Cider,🥉 Bronze,Harcourt Perry & Cider Makers,Dry Apple Cider,36,Australia,2858,Cider,Active,"<a href=""https://harcourtcider.com.au/"">Website</a>","<a href=""https://www.facebook.com/HarcourtCider/"">Facebook</a>","<a href=""https://www.instagram.com/harcourtcider/"">Instagram</a>","<a href=""https://maps.google.com/?cid=8775592475109844928"">Google</a>",,,"<a href=""https://untappd.com/w/harcourt-perry-cider-makers/429734"">Untappd</a>"
118,2017,Modern Cider,🥉 Bronze,Cydr Jabłkowy,Cydr Jablkowy Dry,36,Poland,3599,Cider,Inactive,,"<a href=""https://www.facebook.com/cydrjablkowy/"">Facebook</a>",,,,,"<a href=""https://untappd.com/w/krzysztof-winnicki/393819"">Untappd</a>"
119,2017,Modern Cider,🥉 Bronze,Sidra Trabanco,Avalon,34,Asturias,1674,Cider,Active,"<a href=""https://www.sidratrabanco.com/"">Website</a>","<a href=""https://www.facebook.com/sidratrabanco/"">Facebook</a>","<a href=""https://www.instagram.com/sidratrabanco/"">Instagram</a>","<a href=""https://maps.google.com/?cid=8706552013547802387"">Google</a>",,,"<a href=""https://untappd.com/brewery/6382"">Untappd</a>"
120,2017,Modern Cider,🥉 Bronze,Frank's Cider,Summer Apple Cider,34,Australia,1553,Cider,Active,"<a href=""https://www.frankscider.com.au/"">Website</a>","<a href=""https://www.facebook.com/FranksCider"">Facebook</a>","<a href=""https://www.instagram.com/frankscider/"">Instagram</a>","<a href=""https://maps.google.com/?cid=12281895632138757991"">Google</a>","<a href=""https://www.yelp.com/biz/franks-cider-bar-and-cafe-franklin"">Yelp</a>","<a href=""https://www.tripadvisor.com/Restaurant_Review-g504298-d7270183"">TripAdvisor</a>","<a href=""https://untappd.com/brewery/66943"">Untappd</a>"
121,2017,Modern Cider,🥉 Bronze,Manufaktura Cydru,Cydr Wytrawny,33,Poland,3631,Cider,Inactive,,"<a href=""https://www.facebook.com/manufakturacydru"">Facebook</a>","<a href=""https://www.instagram.com/manufakturacydru/"">Instagram</a>",,,,"<a href=""https://untappd.com/w/manufaktura-cydru/358474"">Untappd</a>"
122,2017,Modern Cider,🥉 Bronze,Mooma,Sidra Gold,33,Catalonia,2752,Cider,Active,"<a href=""https://mooma.cat/"">Website</a>","<a href=""https://www.facebook.com/sidreriamooma/"">Facebook</a>","<a href=""https://www.instagram.com/mooma/"">Instagram</a>","<a href=""https://maps.google.com/?cid=11350926811080988766"">Google</a>",,"<a href=""https://www.tripadvisor.com/Restaurant_Review-g3501872-d13815642"">TripAdvisor</a>","<a href=""https://untappd.com/w/mooma/254950"">Untappd</a>"
123,2017,Modern Cider,🥉 Bronze,Henry of Harcourt,Original Cider,32,Australia,1356,Cider,Active,"<a href=""https://henrycider.com/"">Website</a>","<a href=""https://www.facebook.com/henrycider/"">Facebook</a>","<a href=""https://www.instagram.com/henrycider/"">Instagram</a>","<a href=""https://maps.google.com/?cid=8940355932051611367"">Google</a>",,"<a href=""https://www.tripadvisor.com/Attraction_Review-g552178-d8783234"">TripAdvisor</a>","<a href=""https://untappd.com/w/henry-of-harcourt/5374"">Untappd</a>"
124,2017,Modern Cider,🥉 Bronze,Sidra Trabanco,Sidra Lagar de Camin,32,Asturias,1674,Cider,Active,"<a href=""https://www.sidratrabanco.com/"">Website</a>","<a href=""https://www.facebook.com/sidratrabanco/"">Facebook</a>","<a href=""https://www.instagram.com/sidratrabanco/"">Instagram</a>","<a href=""https://maps.google.com/?cid=8706552013547802387"">Google</a>",,,"<a href=""https://untappd.com/brewery/6382"">Untappd</a>"
125,2017,Modern Cider,🥉 Bronze,Mooma,Sidra Artesanal Mooma,32,Catalonia,2752,Cider,Active,"<a href=""https://mooma.cat/"">Website</a>","<a href=""https://www.facebook.com/sidreriamooma/"">Facebook</a>","<a href=""https://www.instagram.com/mooma/"">Instagram</a>","<a href=""https://maps.google.com/?cid=11350926811080988766"">Google</a>",,"<a href=""https://www.tripadvisor.com/Restaurant_Review-g3501872-d13815642"">TripAdvisor</a>","<a href=""https://untappd.com/w/mooma/254950"">Untappd</a>"
126,2017,Modern Cider,🥉 Bronze,Kelterei Heil,Cooper`s Original Cider,31,Germany,1574,Cider,Active,"<a href=""https://kelterei-heil.de/"">Website</a>","<a href=""https://www.facebook.com/keltereiheil/"">Facebook</a>","<a href=""https://www.instagram.com/keltereiheil"">Instagram</a>","<a href=""https://maps.google.com/?cid=18431477139160593371"">Google</a>",,,"<a href=""https://untappd.com/brewery/33255"">Untappd</a>"
127,2017,Modern Cider,🥉 Bronze,St. Anton,St. Anton Semi-Sweet Carbonated Cider,30,Russia,3625,Cider,Active,"<a href=""http://www.yablochny-spas.ru/"">Website</a>","<a href=""https://www.facebook.com/ru.st.anton"">Facebook</a>","<a href=""https://www.instagram.com/cider_st.anton"">Instagram</a>","<a href=""https://maps.google.com/?cid=992035969626414458"">Google</a>",,,"<a href=""https://untappd.com/StAntonBrewery"">Untappd</a>"
128,2017,Premium Sparkling Cider,🥇 Gold,Araújo Monte,Sparkling of cider Corrupia,50,Portugal,3619,Cider,Inactive,,,,,,,"<a href=""https://untappd.com/w/ara-jo-monte/379915"">Untappd</a>"
129,2017,Premium Sparkling Cider,🥇 Gold,Floribunda,Apfel Cider alla mela,46,Italy,2029,Cider,Active,"<a href=""https://www.floribunda.it/"">Website</a>",,"<a href=""https://www.instagram.com/floribundacider/"">Instagram</a>","<a href=""https://maps.google.com/?cid=14548393953505771229"">Google</a>",,,"<a href=""https://untappd.com/w/floribunda/333615"">Untappd</a>"
130,2017,Premium Sparkling Cider,🥇 Gold,Sidra El Gaitero,Pomarina Natural Espumosa,45,Asturias,1314,Cider,Active,"<a href=""https://www.sidraelgaitero.com/"">Website</a>","<a href=""https://www.facebook.com/grupoelgaitero"">Facebook</a>","<a href=""https://www.instagram.com/grupoelgaitero/"">Instagram</a>","<a href=""https://maps.google.com/?cid=15753532318992345137"">Google</a>",,"<a href=""https://www.tripadvisor.com/Attraction_Review-g608997-d3239389"">TripAdvisor</a>","<a href=""https://untappd.com/brewery/4266"">Untappd</a>"
131,2017,Premium Sparkling Cider,🥈 Silver,Sidra Trabanco,Poma Áurea,42,Asturias,1674,Cider,Active,"<a href=""https://www.sidratrabanco.com/"">Website</a>","<a href=""https://www.facebook.com/sidratrabanco/"">Facebook</a>","<a href=""https://www.instagram.com/sidratrabanco/"">Instagram</a>","<a href=""https://maps.google.com/?cid=8706552013547802387"">Google</a>",,,"<a href=""https://untappd.com/brewery/6382"">Untappd</a>"
132,2017,Premium Sparkling Cider,🥈 Silver,Sidra El Gaitero,"Valle, Ballina y Fernández",42,Asturias,1314,Cider,Active,"<a href=""https://www.sidraelgaitero.com/"">Website</a>","<a href=""https://www.facebook.com/grupoelgaitero"">Facebook</a>","<a href=""https://www.instagram.com/grupoelgaitero/"">Instagram</a>","<a href=""https://maps.google.com/?cid=15753532318992345137"">Google</a>",,"<a href=""https://www.tripadvisor.com/Attraction_Review-g608997-d3239389"">TripAdvisor</a>","<a href=""https://untappd.com/brewery/4266"">Untappd</a>"
133,2017,Premium Sparkling Cider,🥈 Silver,Cidres Nicol,Cidre Royal Guillevic,42,France,1612,Cider,Active,"<a href=""https://www.cidres-nicol.bzh/"">Website</a>","<a href=""https://www.facebook.com/CidresNicol"">Facebook</a>","<a href=""https://www.instagram.com/la_cidrerie_nicol/"">Instagram</a>","<a href=""https://maps.google.com/?cid=3722769551030161998"">Google</a>","<a href=""https://www.yelp.com/biz/cidrerie-nicol-surzur"">Yelp</a>",,"<a href=""https://untappd.com/CidrerieNICOL"">Untappd</a>"
134,2017,Premium Sparkling Cider,🥈 Silver,Sidra Viuda de Angelón,Sidra brut nature Prau Monga,40,Asturias,1675,Cider,Active,"<a href=""http://www.sidraviudaangelonpomar.es/"">Website</a>","<a href=""https://www.facebook.com/sidrapomar.viudaangelon/"">Facebook</a>","<a href=""https://www.instagram.com/Sidraviudaangelon/"">Instagram</a>","<a href=""https://maps.google.com/?cid=13173562328637195239"">Google</a>",,,"<a href=""https://untappd.com/w/viuda-de-angela3n/142823"">Untappd</a>"
135,2017,Premium Sparkling Cider,🥈 Silver,Astarbe,ByHur,38,Basque Country,2688,Cider,Active,"<a href=""https://www.astarbe.eus/"">Website</a>","<a href=""https://www.facebook.com/AstarbeSagar"">Facebook</a>","<a href=""https://www.instagram.com/astarbesagar/"">Instagram</a>","<a href=""https://maps.google.com/?cid=4931185880912606614"">Google</a>","<a href=""https://www.yelp.com/biz/astarbe-astigarraga"">Yelp</a>","<a href=""https://www.tripadvisor.com/Restaurant_Review-g1064182-d3250869"">TripAdvisor</a>","<a href=""https://untappd.com/w/sidreria-astarbe-sagardotegia/40068"">Untappd</a>"
136,2017,Premium Sparkling Cider,🥈 Silver,Astarbe,ByHur24,38,Basque Country,2688,Cider,Active,"<a href=""https://www.astarbe.eus/"">Website</a>","<a href=""https://www.facebook.com/AstarbeSagar"">Facebook</a>","<a href=""https://www.instagram.com/astarbesagar/"">Instagram</a>","<a href=""https://maps.google.com/?cid=4931185880912606614"">Google</a>","<a href=""https://www.yelp.com/biz/astarbe-astigarraga"">Yelp</a>","<a href=""https://www.tripadvisor.com/Restaurant_Review-g1064182-d3250869"">TripAdvisor</a>","<a href=""https://untappd.com/w/sidreria-astarbe-sagardotegia/40068"">Untappd</a>"
137,2017,Premium Sparkling Cider,🥈 Silver,Bembel With Care,Apfelschaumwein,38,Germany,1326,Cider,Active,"<a href=""https://bembel-with-care.com/"">Website</a>","<a href=""https://www.facebook.com/bembel.with.care"">Facebook</a>","<a href=""https://www.instagram.com/bembel.with.care/"">Instagram</a>",,,,"<a href=""https://untappd.com/bembelwithcare"">Untappd</a>"
138,2017,Premium Sparkling Cider,🥉 Bronze,Domaine Bordatto,Basajaun 2016,37,Basque Country,1139,Cider,Active,"<a href=""https://www.domainebordatto.com/"">Website</a>","<a href=""https://www.facebook.com/bordattovigneroncidrier/"">Facebook</a>",,"<a href=""https://maps.google.com/?cid=8144559227920719273"">Google</a>",,"<a href=""https://www.tripadvisor.com/Attraction_Review-g1915349-d6851039"">TripAdvisor</a>","<a href=""https://untappd.com/brewery/27886"">Untappd</a>"
139,2017,Premium Sparkling Cider,🥉 Bronze,Sidra La Naveta,Sidra La Naveta Roxa,36,Asturias,2754,Cider,Active,"<a href=""https://lanaveta.com/"">Website</a>","<a href=""https://www.facebook.com/profile.php?id=100063497946147"">Facebook</a>",,"<a href=""https://maps.google.com/?cid=18265458060195810621"">Google</a>",,,"<a href=""https://untappd.com/w/la-naveta/288596"">Untappd</a>"
140,2017,Premium Sparkling Cider,🥉 Bronze,Domaine Bordatto,Basandere 2016,33,Basque Country,1139,Cider,Active,"<a href=""https://www.domainebordatto.com/"">Website</a>","<a href=""https://www.facebook.com/bordattovigneroncidrier/"">Facebook</a>",,"<a href=""https://maps.google.com/?cid=8144559227920719273"">Google</a>",,"<a href=""https://www.tripadvisor.com/Attraction_Review-g1915349-d6851039"">TripAdvisor</a>","<a href=""https://untappd.com/brewery/27886"">Untappd</a>"
141,2017,Premium Sparkling Cider,🥉 Bronze,Sidra Panizales,Sidra espumosa Caseria,33,Asturias,1519,Cider,Active,"<a href=""https://sidrapanizales.com/"">Website</a>","<a href=""https://www.facebook.com/panizales.sidra"">Facebook</a>","<a href=""https://www.instagram.com/sidrapanizales/"">Instagram</a>","<a href=""https://maps.google.com/?cid=16258480851124885832"">Google</a>",,"<a href=""https://www.tripadvisor.com/Restaurant_Review-g775263-d7621234"">TripAdvisor</a>","<a href=""https://untappd.com/w/llagar-panizales/152401"">Untappd</a>"
142,2017,Premium Sparkling Cider,🥉 Bronze,Sidra Riestra,Guzman Riestra Semi Seca,32,Asturias,1673,Cider,Active,"<a href=""http://www.sidrariestra.com/"">Website</a>","<a href=""https://www.facebook.com/SidraRiestra"">Facebook</a>","<a href=""https://www.instagram.com/sidrariestra/"">Instagram</a>","<a href=""https://maps.google.com/?cid=2253085342105400787"">Google</a>",,,"<a href=""https://untappd.com/w/riestra/70601"">Untappd</a>"
143,2017,Premium Sparkling Cider,🥉 Bronze,Manoir de Grandouet,Cidre Vieille Reserve,32,France,1376,Cider,Active,"<a href=""https://www.manoir-de-grandouet.fr/"">Website</a>","<a href=""https://www.facebook.com/grandval.fr/"">Facebook</a>","<a href=""https://www.instagram.com/manoirdegrandouet/"">Instagram</a>","<a href=""https://maps.google.com/?cid=1664850146101306839"">Google</a>",,"<a href=""https://www.tripadvisor.com/Attraction_Review-g672825-d6994534"">TripAdvisor</a>","<a href=""https://untappd.com/brewery/18942"">Untappd</a>"
144,2017,Apfelwein,🥇 Gold,Weidmann & Groh,Kaiser Wilhelm,47,Germany,1343,Spirits,Active,"<a href=""https://weidmann-groh.de/"">Website</a>","<a href=""https://www.facebook.com/pages/WEIDMANN-GROH/138116339592327"">Facebook</a>",,"<a href=""https://maps.google.com/?cid=6569120976887073603"">Google</a>",,,"<a href=""https://untappd.com/w/weidmann-groh/73065"">Untappd</a>"
145,2017,Apfelwein,🥇 Gold,Weidmann & Groh,Boskop,46,Germany,1343,Spirits,Active,"<a href=""https://weidmann-groh.de/"">Website</a>","<a href=""https://www.facebook.com/pages/WEIDMANN-GROH/138116339592327"">Facebook</a>",,"<a href=""https://maps.google.com/?cid=6569120976887073603"">Google</a>",,,"<a href=""https://untappd.com/w/weidmann-groh/73065"">Untappd</a>"
146,2017,Apfelwein,🥇 Gold,Weidmann & Groh,Goldparmäne,45,Germany,1343,Spirits,Active,"<a href=""https://weidmann-groh.de/"">Website</a>","<a href=""https://www.facebook.com/pages/WEIDMANN-GROH/138116339592327"">Facebook</a>",,"<a href=""https://maps.google.com/?cid=6569120976887073603"">Google</a>",,,"<a href=""https://untappd.com/w/weidmann-groh/73065"">Untappd</a>"
147,2017,Apfelwein,🥇 Gold,Domaine Bordatto,Txalaparta 2016,45,Basque Country,1139,Cider,Active,"<a href=""https://www.domainebordatto.com/"">Website</a>","<a href=""https://www.facebook.com/bordattovigneroncidrier/"">Facebook</a>",,"<a href=""https://maps.google.com/?cid=8144559227920719273"">Google</a>",,"<a href=""https://www.tripadvisor.com/Attraction_Review-g1915349-d6851039"">TripAdvisor</a>","<a href=""https://untappd.com/brewery/27886"">Untappd</a>"
148,2017,Apfelwein,🥈 Silver,Bembel With Care,Pur2016,41,Germany,1326,Cider,Active,"<a href=""https://bembel-with-care.com/"">Website</a>","<a href=""https://www.facebook.com/bembel.with.care"">Facebook</a>","<a href=""https://www.instagram.com/bembel.with.care/"">Instagram</a>",,,,"<a href=""https://untappd.com/bembelwithcare"">Untappd</a>"
149,2017,Apfelwein,🥉 Bronze,Domaine Bordatto,Oreka 2016,37,Basque Country,1139,Cider,Active,"<a href=""https://www.domainebordatto.com/"">Website</a>","<a href=""https://www.facebook.com/bordattovigneroncidrier/"">Facebook</a>",,"<a href=""https://maps.google.com/?cid=8144559227920719273"">Google</a>",,"<a href=""https://www.tripadvisor.com/Attraction_Review-g1915349-d6851039"">TripAdvisor</a>","<a href=""https://untappd.com/brewery/27886"">Untappd</a>"
150,2017,Apfelwein,🥉 Bronze,Bembel With Care,Schorle,36,Germany,1326,Cider,Active,"<a href=""https://bembel-with-care.com/"">Website</a>","<a href=""https://www.facebook.com/bembel.with.care"">Facebook</a>","<a href=""https://www.instagram.com/bembel.with.care/"">Instagram</a>",,,,"<a href=""https://untappd.com/bembelwithcare"">Untappd</a>"
151,2017,Apfelwein,🥉 Bronze,Zapiain,Beirazko sagardoa,34,Basque Country,1172,Cider,Active,"<a href=""https://zapiain.eus/"">Website</a>","<a href=""https://www.facebook.com/zapiainsagardoa"">Facebook</a>","<a href=""https://www.instagram.com/zapiainsagardoa/"">Instagram</a>","<a href=""https://maps.google.com/?cid=16982677267877188990"">Google</a>",,"<a href=""https://www.tripadvisor.com/Restaurant_Review-g1064182-d3806229"">TripAdvisor</a>","<a href=""https://untappd.com/ZapiainSagardoa"">Untappd</a>"
152,2017,Apfelwein,🥉 Bronze,Sidra Viuda de Angelón,Sidra 1947,30,Asturias,1675,Cider,Active,"<a href=""http://www.sidraviudaangelonpomar.es/"">Website</a>","<a href=""https://www.facebook.com/sidrapomar.viudaangelon/"">Facebook</a>","<a href=""https://www.instagram.com/Sidraviudaangelon/"">Instagram</a>","<a href=""https://maps.google.com/?cid=13173562328637195239"">Google</a>",,,"<a href=""https://untappd.com/w/viuda-de-angela3n/142823"">Untappd</a>"
153,2019,Natural Basque Cider,🥇 Gold,Zapiain,Zapiain Sagardoa Lote I ,47,Basque Country,1172,Cider,Active,"<a href=""https://zapiain.eus/"">Website</a>","<a href=""https://www.facebook.com/zapiainsagardoa"">Facebook</a>","<a href=""https://www.instagram.com/zapiainsagardoa/"">Instagram</a>","<a href=""https://maps.google.com/?cid=16982677267877188990"">Google</a>",,"<a href=""https://www.tripadvisor.com/Restaurant_Review-g1064182-d3806229"">TripAdvisor</a>","<a href=""https://untappd.com/ZapiainSagardoa"">Untappd</a>"
154,2019,Natural Basque Cider,🥇 Gold,Zapiain,Zapiain Sagardoa Lote II ,46,Basque Country,1172,Cider,Active,"<a href=""https://zapiain.eus/"">Website</a>","<a href=""https://www.facebook.com/zapiainsagardoa"">Facebook</a>","<a href=""https://www.instagram.com/zapiainsagardoa/"">Instagram</a>","<a href=""https://maps.google.com/?cid=16982677267877188990"">Google</a>",,"<a href=""https://www.tripadvisor.com/Restaurant_Review-g1064182-d3806229"">TripAdvisor</a>","<a href=""https://untappd.com/ZapiainSagardoa"">Untappd</a>"
155,2019,Natural Basque Cider,🥇 Gold,Petritegi,Petritegi Sagardoa ,46,Basque Country,1171,Cider,Active,"<a href=""https://www.petritegi.com/"">Website</a>","<a href=""https://www.facebook.com/Petritegi/"">Facebook</a>","<a href=""https://www.instagram.com/petritegi"">Instagram</a>","<a href=""https://maps.google.com/?cid=16425101977693923721"">Google</a>","<a href=""https://www.yelp.com/biz/petritegi-astigarraga"">Yelp</a>","<a href=""https://www.tripadvisor.com/Restaurant_Review-g1064182-d2266030"">TripAdvisor</a>","<a href=""https://untappd.com/brewery/51639"">Untappd</a>"
156,2019,Natural Basque Cider,🥇 Gold,Zelaia,Zelaia Lote I ,45,Basque Country,1173,Cider,Active,"<a href=""https://zelaia.eus/"">Website</a>","<a href=""https://www.facebook.com/sidreriazelaia/"">Facebook</a>","<a href=""https://www.instagram.com/sidreriazelaia/"">Instagram</a>","<a href=""https://maps.google.com/?cid=3059185310841362913"">Google</a>","<a href=""https://www.yelp.com/biz/zelaia-hernani-2"">Yelp</a>","<a href=""https://www.tripadvisor.com/Restaurant_Review-g1064188-d3572893"">TripAdvisor</a>","<a href=""https://untappd.com/w/sidreria-zelaia-sagardotegia/17632"">Untappd</a>"
157,2019,Natural Basque Cider,🥇 Gold,Isastegi,"Isastegi ""Euskal Sagardoa"" ",45,Basque Country,1546,Cider,Active,"<a href=""https://www.isastegi.com/"">Website</a>","<a href=""https://www.facebook.com/isastegi.sagardotegia"">Facebook</a>","<a href=""https://www.instagram.com/isastegi/"">Instagram</a>","<a href=""https://maps.google.com/?cid=3927960308349571227"">Google</a>",,"<a href=""https://www.tripadvisor.com/Restaurant_Review-g1064362-d5772954"">TripAdvisor</a>","<a href=""https://untappd.com/brewery/6054"">Untappd</a>"
158,2019,Natural Basque Cider,🥇 Gold,Zapiain,Zapiain Sagardoa Lote III ,45,Basque Country,1172,Cider,Active,"<a href=""https://zapiain.eus/"">Website</a>","<a href=""https://www.facebook.com/zapiainsagardoa"">Facebook</a>","<a href=""https://www.instagram.com/zapiainsagardoa/"">Instagram</a>","<a href=""https://maps.google.com/?cid=16982677267877188990"">Google</a>",,"<a href=""https://www.tripadvisor.com/Restaurant_Review-g1064182-d3806229"">TripAdvisor</a>","<a href=""https://untappd.com/ZapiainSagardoa"">Untappd</a>"
159,2019,Natural Basque Cider,🥇 Gold,Alorrenea,Alorrenea Euskal Sagardoa ,45,Basque Country,1167,Cider,Active,"<a href=""https://alorrenea.com/"">Website</a>","<a href=""https://www.facebook.com/Alorrenea/"">Facebook</a>","<a href=""https://www.instagram.com/alorrenea/"">Instagram</a>","<a href=""https://maps.google.com/?cid=7369065934381285009"">Google</a>","<a href=""https://www.yelp.com/biz/alorrenea-astigarraga"">Yelp</a>","<a href=""https://www.tripadvisor.com/Restaurant_Review-g1064182-d3809108"">TripAdvisor</a>","<a href=""https://untappd.com/w/sidreria-alorrena/64396"">Untappd</a>"
160,2019,Natural Basque Cider,🥇 Gold,Alorrenea,Alorrenea Gorenak Sagardoa ,45,Basque Country,1167,Cider,Active,"<a href=""https://alorrenea.com/"">Website</a>","<a href=""https://www.facebook.com/Alorrenea/"">Facebook</a>","<a href=""https://www.instagram.com/alorrenea/"">Instagram</a>","<a href=""https://maps.google.com/?cid=7369065934381285009"">Google</a>","<a href=""https://www.yelp.com/biz/alorrenea-astigarraga"">Yelp</a>","<a href=""https://www.tripadvisor.com/Restaurant_Review-g1064182-d3809108"">TripAdvisor</a>","<a href=""https://untappd.com/w/sidreria-alorrena/64396"">Untappd</a>"
161,2019,Natural Basque Cider,🥈 Silver,Gurutzeta,Gurutzeta Euskal Sagardoa ,44,Basque Country,1170,Cider,Active,"<a href=""https://www.gurutzeta.com/"">Website</a>","<a href=""https://www.facebook.com/profile.php?id=100063653015548"">Facebook</a>","<a href=""https://www.instagram.com/gurutzeta_sagar/"">Instagram</a>","<a href=""https://maps.google.com/?cid=3267815348998464054"">Google</a>",,"<a href=""https://www.tripadvisor.com/Restaurant_Review-g1064182-d3915865"">TripAdvisor</a>","<a href=""https://untappd.com/w/gurutzeta-sagardotegia/249476"">Untappd</a>"
162,2019,Natural Basque Cider,🥈 Silver,Oiharte,Euskal Sagardo Ekologikoa ,43,Basque Country,1639,Cider,Active,"<a href=""https://oiharte.com/"">Website</a>","<a href=""https://www.facebook.com/CasaRuralSidreriaOiharte"">Facebook</a>","<a href=""https://www.instagram.com/oiharte/"">Instagram</a>","<a href=""https://maps.google.com/?cid=7283611563965022999"">Google</a>",,"<a href=""https://www.tripadvisor.com/Restaurant_Review-g1235389-d2470675"">TripAdvisor</a>","<a href=""https://untappd.com/w/oiharte-sagardotegia/351344"">Untappd</a>"
163,2019,Natural Basque Cider,🥈 Silver,Isastegi,Euskal Sagardo Premium ,43,Basque Country,1546,Cider,Active,"<a href=""https://www.isastegi.com/"">Website</a>","<a href=""https://www.facebook.com/isastegi.sagardotegia"">Facebook</a>","<a href=""https://www.instagram.com/isastegi/"">Instagram</a>","<a href=""https://maps.google.com/?cid=3927960308349571227"">Google</a>",,"<a href=""https://www.tripadvisor.com/Restaurant_Review-g1064362-d5772954"">TripAdvisor</a>","<a href=""https://untappd.com/brewery/6054"">Untappd</a>"
164,2019,Natural Basque Cider,🥈 Silver,Oiharte,Oiharte Euskal Sagardoa,42,Basque Country,1639,Cider,Active,"<a href=""https://oiharte.com/"">Website</a>","<a href=""https://www.facebook.com/CasaRuralSidreriaOiharte"">Facebook</a>","<a href=""https://www.instagram.com/oiharte/"">Instagram</a>","<a href=""https://maps.google.com/?cid=7283611563965022999"">Google</a>",,"<a href=""https://www.tripadvisor.com/Restaurant_Review-g1235389-d2470675"">TripAdvisor</a>","<a href=""https://untappd.com/w/oiharte-sagardotegia/351344"">Untappd</a>"
165,2019,Natural Basque Cider,🥈 Silver,Gartziategi,Gartziategi Jatorri Deitura ,42,Basque Country,1169,Cider,Active,"<a href=""https://gartziategi.com/"">Website</a>","<a href=""https://www.facebook.com/gartziategi"">Facebook</a>","<a href=""https://www.instagram.com/gartziategi/"">Instagram</a>","<a href=""https://maps.google.com/?cid=4734247712861040251"">Google</a>","<a href=""https://www.yelp.com/biz/gartziategi-donostia-san-sebastian"">Yelp</a>","<a href=""https://www.tripadvisor.com/Restaurant_Review-g187457-d4258881"">TripAdvisor</a>","<a href=""https://untappd.com/w/gartziategi-braserria/123054"">Untappd</a>"
166,2019,Natural Basque Cider,🥈 Silver,Zelaia,Zelaia Sagardoa Lote II ,41,Basque Country,1173,Cider,Active,"<a href=""https://zelaia.eus/"">Website</a>","<a href=""https://www.facebook.com/sidreriazelaia/"">Facebook</a>","<a href=""https://www.instagram.com/sidreriazelaia/"">Instagram</a>","<a href=""https://maps.google.com/?cid=3059185310841362913"">Google</a>","<a href=""https://www.yelp.com/biz/zelaia-hernani-2"">Yelp</a>","<a href=""https://www.tripadvisor.com/Restaurant_Review-g1064188-d3572893"">TripAdvisor</a>","<a href=""https://untappd.com/w/sidreria-zelaia-sagardotegia/17632"">Untappd</a>"
167,2019,Natural Basque Cider,🥈 Silver,Gurutzeta,Gurutzeta Gorenak ,40,Basque Country,1170,Cider,Active,"<a href=""https://www.gurutzeta.com/"">Website</a>","<a href=""https://www.facebook.com/profile.php?id=100063653015548"">Facebook</a>","<a href=""https://www.instagram.com/gurutzeta_sagar/"">Instagram</a>","<a href=""https://maps.google.com/?cid=3267815348998464054"">Google</a>",,"<a href=""https://www.tripadvisor.com/Restaurant_Review-g1064182-d3915865"">TripAdvisor</a>","<a href=""https://untappd.com/w/gurutzeta-sagardotegia/249476"">Untappd</a>"
168,2019,Natural Basque Cider,🥈 Silver,Vander Mill,Deli madera ,40,United States,62,Cider,Active,"<a href=""http://vandermill.com/"">Website</a>","<a href=""https://www.facebook.com/VanderMillGR"">Facebook</a>","<a href=""https://www.instagram.com/vandermill/"">Instagram</a>","<a href=""https://maps.google.com/?cid=6214407049389872858"">Google</a>","<a href=""https://www.yelp.com/biz/vander-mill-grand-rapids-grand-rapids-5"">Yelp</a>","<a href=""https://www.tripadvisor.com/Restaurant_Review-g42256-d10325970"">TripAdvisor</a>","<a href=""https://untappd.com/w/vander-mill/8388"">Untappd</a>"
169,2019,Natural Basque Cider,🥈 Silver,Izeta,Izeta D.O. Euskal Sagardoa ,39,Basque Country,1615,Cider,Active,"<a href=""https://www.izeta.es/"">Website</a>","<a href=""https://www.facebook.com/IzetaSagardotegia"">Facebook</a>","<a href=""https://www.instagram.com/izetasagardotegia/"">Instagram</a>","<a href=""https://maps.google.com/?cid=5193661031886461877"">Google</a>","<a href=""https://www.yelp.com/map/izeta-sidreria-aia"">Yelp</a>","<a href=""https://www.tripadvisor.com/Restaurant_Review-g897148-d4022936"">TripAdvisor</a>","<a href=""https://untappd.com/w/izeta-goikoa/226558"">Untappd</a>"
170,2019,Natural Basque Cider,🥈 Silver,Araeta,Sidra natural Araeta ,39,Basque Country,1624,Cider,Active,"<a href=""https://araeta.com/"">Website</a>","<a href=""https://www.facebook.com/pages/Araeta-Restaurante/294806956757"">Facebook</a>","<a href=""https://www.instagram.com/sidreria_araeta/"">Instagram</a>","<a href=""https://maps.google.com/?cid=16679682521656072832"">Google</a>",,"<a href=""https://www.tripadvisor.com/Restaurant_Review-g187457-d2482068"">TripAdvisor</a>","<a href=""https://untappd.com/w/araeta-sagardotegia/372000"">Untappd</a>"
171,2019,Natural Basque Cider,🥈 Silver,Begiristain Sagardotegia,Begiristain Euskal Sagardoa ,38,Basque Country,3621,Cider,Active,"<a href=""https://www.begiristainsagardotegia.com/\"">Website</a>",,"<a href=""https://www.instagram.com/begiristainsagardotegia/"">Instagram</a>","<a href=""https://maps.google.com/?cid=726838247126869058"">Google</a>",,,"<a href=""https://untappd.com/w/begiristain-sagardotegia/286519"">Untappd</a>"
172,2019,Natural Basque Cider,🥈 Silver,Zelaia,Zelaia Gorenak ,38,Basque Country,1173,Cider,Active,"<a href=""https://zelaia.eus/"">Website</a>","<a href=""https://www.facebook.com/sidreriazelaia/"">Facebook</a>","<a href=""https://www.instagram.com/sidreriazelaia/"">Instagram</a>","<a href=""https://maps.google.com/?cid=3059185310841362913"">Google</a>","<a href=""https://www.yelp.com/biz/zelaia-hernani-2"">Yelp</a>","<a href=""https://www.tripadvisor.com/Restaurant_Review-g1064188-d3572893"">TripAdvisor</a>","<a href=""https://untappd.com/w/sidreria-zelaia-sagardotegia/17632"">Untappd</a>"
173,2019,Natural Basque Cider,🥈 Silver,Isastegi,"Isastegi ""Gorenak"" ",38,Basque Country,1546,Cider,Active,"<a href=""https://www.isastegi.com/"">Website</a>","<a href=""https://www.facebook.com/isastegi.sagardotegia"">Facebook</a>","<a href=""https://www.instagram.com/isastegi/"">Instagram</a>","<a href=""https://maps.google.com/?cid=3927960308349571227"">Google</a>",,"<a href=""https://www.tripadvisor.com/Restaurant_Review-g1064362-d5772954"">TripAdvisor</a>","<a href=""https://untappd.com/brewery/6054"">Untappd</a>"
174,2019,Natural Basque Cider,🥉 Bronze,Aburuza,Aburuza ,36,Basque Country,1614,Cider,Active,"<a href=""https://www.sidrasaburuza.net/"">Website</a>","<a href=""https://www.facebook.com/sidrasaburuza/"">Facebook</a>","<a href=""https://www.instagram.com/aburuza_sagardotegia/"">Instagram</a>","<a href=""https://maps.google.com/?cid=11790998531102067428"">Google</a>","<a href=""https://www.yelp.com/biz/sidreria-aburuza-caserio-olatza-aduna"">Yelp</a>","<a href=""https://www.tripadvisor.com/Restaurant_Review-g2578771-d7715076"">TripAdvisor</a>","<a href=""https://untappd.com/w/sidreria-aburuza/194775"">Untappd</a>"
175,2019,Natural Basque Cider,🥉 Bronze,Araeta,Amalur ,35,Basque Country,1624,Cider,Active,"<a href=""https://araeta.com/"">Website</a>","<a href=""https://www.facebook.com/pages/Araeta-Restaurante/294806956757"">Facebook</a>","<a href=""https://www.instagram.com/sidreria_araeta/"">Instagram</a>","<a href=""https://maps.google.com/?cid=16679682521656072832"">Google</a>",,"<a href=""https://www.tripadvisor.com/Restaurant_Review-g187457-d2482068"">TripAdvisor</a>","<a href=""https://untappd.com/w/araeta-sagardotegia/372000"">Untappd</a>"
176,2019,Natural Basque Cider,🥉 Bronze,Gartziategi,Gartziategi Gorenak sagardoa ,34,Basque Country,1169,Cider,Active,"<a href=""https://gartziategi.com/"">Website</a>","<a href=""https://www.facebook.com/gartziategi"">Facebook</a>","<a href=""https://www.instagram.com/gartziategi/"">Instagram</a>","<a href=""https://maps.google.com/?cid=4734247712861040251"">Google</a>","<a href=""https://www.yelp.com/biz/gartziategi-donostia-san-sebastian"">Yelp</a>","<a href=""https://www.tripadvisor.com/Restaurant_Review-g187457-d4258881"">TripAdvisor</a>","<a href=""https://untappd.com/w/gartziategi-braserria/123054"">Untappd</a>"
177,2019,Natural Basque Cider,🥉 Bronze,Izeta,Sidra Ecológica Izeta ,33,Basque Country,1615,Cider,Active,"<a href=""https://www.izeta.es/"">Website</a>","<a href=""https://www.facebook.com/IzetaSagardotegia"">Facebook</a>","<a href=""https://www.instagram.com/izetasagardotegia/"">Instagram</a>","<a href=""https://maps.google.com/?cid=5193661031886461877"">Google</a>","<a href=""https://www.yelp.com/map/izeta-sidreria-aia"">Yelp</a>","<a href=""https://www.tripadvisor.com/Restaurant_Review-g897148-d4022936"">TripAdvisor</a>","<a href=""https://untappd.com/w/izeta-goikoa/226558"">Untappd</a>"
178,2019,Natural Asturian Cider,🥇 Gold,Sidra Piñera,Sidra Piñera ,47,Asturias,1166,Cider,Active,"<a href=""https://www.sidrapinera.es/"">Website</a>","<a href=""https://www.facebook.com/sidrapinera/"">Facebook</a>","<a href=""https://www.instagram.com/sidrapinera/"">Instagram</a>","<a href=""https://maps.google.com/?cid=3226166040134745626"">Google</a>",,,
179,2019,Natural Asturian Cider,🥇 Gold,Sidra Castañón,Sidra Val de Boides ,46,Asturias,1473,Cider,Active,"<a href=""https://sidracastanon.com/"">Website</a>","<a href=""https://www.facebook.com/sidracastanon/"">Facebook</a>","<a href=""https://www.instagram.com/sidracastanon/"">Instagram</a>","<a href=""https://maps.google.com/?cid=3082307260151948865"">Google</a>",,"<a href=""https://www.tripadvisor.com/Attraction_Review-g2186312-d12246874"">TripAdvisor</a>","<a href=""https://untappd.com/w/llagar-sidra-casta-n/81481"">Untappd</a>"
180,2019,Natural Asturian Cider,🥇 Gold,Sidra Trabanco,Sidra Trabanco tradicional ,45,Asturias,1674,Cider,Active,"<a href=""https://www.sidratrabanco.com/"">Website</a>","<a href=""https://www.facebook.com/sidratrabanco/"">Facebook</a>","<a href=""https://www.instagram.com/sidratrabanco/"">Instagram</a>","<a href=""https://maps.google.com/?cid=8706552013547802387"">Google</a>",,,"<a href=""https://untappd.com/brewery/6382"">Untappd</a>"
181,2019,Natural Asturian Cider,🥈 Silver,Sidra Trabanco,Trabanco DOP seleccionada ,42,Asturias,1674,Cider,Active,"<a href=""https://www.sidratrabanco.com/"">Website</a>","<a href=""https://www.facebook.com/sidratrabanco/"">Facebook</a>","<a href=""https://www.instagram.com/sidratrabanco/"">Instagram</a>","<a href=""https://maps.google.com/?cid=8706552013547802387"">Google</a>",,,"<a href=""https://untappd.com/brewery/6382"">Untappd</a>"
182,2019,Natural Asturian Cider,🥈 Silver,Sidra Mayador,Sidra Natural M. Busto ,41,Asturias,1610,Cider,Active,"<a href=""http://www.mayador.com/"">Website</a>","<a href=""https://www.facebook.com/sidramayadorcider"">Facebook</a>","<a href=""https://www.instagram.com/sidramayador/"">Instagram</a>","<a href=""https://maps.google.com/?cid=6886369759358960464"">Google</a>",,,"<a href=""https://untappd.com/SidraMayador"">Untappd</a>"
183,2019,Natural Asturian Cider,🥈 Silver,Sidra Riestra,Sidra natural Riestra ,39,Asturias,1673,Cider,Active,"<a href=""http://www.sidrariestra.com/"">Website</a>","<a href=""https://www.facebook.com/SidraRiestra"">Facebook</a>","<a href=""https://www.instagram.com/sidrariestra/"">Instagram</a>","<a href=""https://maps.google.com/?cid=2253085342105400787"">Google</a>",,,"<a href=""https://untappd.com/w/riestra/70601"">Untappd</a>"
184,2019,Natural Asturian Cider,🥈 Silver,Sidra El Gaitero,Pomarina natural tradicional ,39,Asturias,1314,Cider,Active,"<a href=""https://www.sidraelgaitero.com/"">Website</a>","<a href=""https://www.facebook.com/grupoelgaitero"">Facebook</a>","<a href=""https://www.instagram.com/grupoelgaitero/"">Instagram</a>","<a href=""https://maps.google.com/?cid=15753532318992345137"">Google</a>",,"<a href=""https://www.tripadvisor.com/Attraction_Review-g608997-d3239389"">TripAdvisor</a>","<a href=""https://untappd.com/brewery/4266"">Untappd</a>"
185,2019,Natural Asturian Cider,🥉 Bronze,Sidra Castañón,Sidra Castañon ,36,Asturias,1473,Cider,Active,"<a href=""https://sidracastanon.com/"">Website</a>","<a href=""https://www.facebook.com/sidracastanon/"">Facebook</a>","<a href=""https://www.instagram.com/sidracastanon/"">Instagram</a>","<a href=""https://maps.google.com/?cid=3082307260151948865"">Google</a>",,"<a href=""https://www.tripadvisor.com/Attraction_Review-g2186312-d12246874"">TripAdvisor</a>","<a href=""https://untappd.com/w/llagar-sidra-casta-n/81481"">Untappd</a>"
186,2019,Natural Asturian Cider,🥉 Bronze,Angry Orchard,Edu ,36,United States,87,Cider,Active,"<a href=""https://www.angryorchard.com/"">Website</a>","<a href=""https://www.facebook.com/AngryOrchard/"">Facebook</a>","<a href=""https://www.instagram.com/angryorchard/"">Instagram</a>","<a href=""https://maps.google.com/?cid=17467507983407382578"">Google</a>","<a href=""https://www.yelp.com/biz/angry-orchard-walden-2"">Yelp</a>","<a href=""https://www.tripadvisor.com/Attraction_Review-g48788-d10266026"">TripAdvisor</a>","<a href=""https://untappd.com/w/angry-orchard-cider-company/16455"">Untappd</a>"
187,2019,Natural Asturian Cider,🥉 Bronze,Sidra Riestra,Sidra natural Ribayu ,33,Asturias,1673,Cider,Active,"<a href=""http://www.sidrariestra.com/"">Website</a>","<a href=""https://www.facebook.com/SidraRiestra"">Facebook</a>","<a href=""https://www.instagram.com/sidrariestra/"">Instagram</a>","<a href=""https://maps.google.com/?cid=2253085342105400787"">Google</a>",,,"<a href=""https://untappd.com/w/riestra/70601"">Untappd</a>"
188,2019,Natural Asturian Cider,🥉 Bronze,Sidra Piñera,Sidra Natural Piñera D.O.P. ,31,Asturias,1166,Cider,Active,"<a href=""https://www.sidrapinera.es/"">Website</a>","<a href=""https://www.facebook.com/sidrapinera/"">Facebook</a>","<a href=""https://www.instagram.com/sidrapinera/"">Instagram</a>","<a href=""https://maps.google.com/?cid=3226166040134745626"">Google</a>",,,
189,2019,Traditional English Cider,🥇 Gold,Pilton Cider,Pilton Solstice ,45,England,1297,Cider,Active,"<a href=""https://www.piltoncider.com/"">Website</a>","<a href=""https://www.facebook.com/piltoncider"">Facebook</a>","<a href=""https://www.instagram.com/piltoncider"">Instagram</a>","<a href=""https://maps.google.com/?cid=9998325032687804281"">Google</a>",,,"<a href=""https://untappd.com/w/pilton-cider/62441"">Untappd</a>"
190,2019,Traditional English Cider,🥈 Silver,Pilton Cider,Pilton Max Lux 2014 ,41,England,1297,Cider,Active,"<a href=""https://www.piltoncider.com/"">Website</a>","<a href=""https://www.facebook.com/piltoncider"">Facebook</a>","<a href=""https://www.instagram.com/piltoncider"">Instagram</a>","<a href=""https://maps.google.com/?cid=9998325032687804281"">Google</a>",,,"<a href=""https://untappd.com/w/pilton-cider/62441"">Untappd</a>"
191,2019,Traditional English Cider,🥈 Silver,Pips Cider,Pips Medium Cider ,41,England,1381,Cider,Active,"<a href=""http://www.pipscider.com/"">Website</a>","<a href=""https://www.facebook.com/PipsCider"">Facebook</a>","<a href=""https://www.instagram.com/pipscider/"">Instagram</a>","<a href=""https://maps.google.com/?cid=16039788259014934478"">Google</a>",,,"<a href=""https://untappd.com/w/pips-cider-limited/159027"">Untappd</a>"
192,2019,Traditional English Cider,🥈 Silver,Martin's Cidery,Martin´s Farmhouse cider ,39,Slovakia,2717,Cider,Active,"<a href=""https://martinscidery.com/"">Website</a>",,,"<a href=""https://maps.google.com/?cid=7334461102395106401"">Google</a>",,,
193,2019,Traditional English Cider,🥉 Bronze,Thatchers Cider,Thatchers Vintage ,37,England,1119,Cider,Active,"<a href=""https://www.thatcherscider.co.uk/"">Website</a>","<a href=""https://www.facebook.com/ThatchersCiderCompany"">Facebook</a>","<a href=""https://www.instagram.com/thatcherscider/"">Instagram</a>","<a href=""https://maps.google.com/?cid=15191093037076298219"">Google</a>",,"<a href=""https://www.tripadvisor.com/Attraction_Review-g4412909-d11019728"">TripAdvisor</a>","<a href=""https://untappd.com/brewery/3063"">Untappd</a>"
194,2019,Traditional English Cider,🥉 Bronze,Hawkes,Big Wow! ,35,England,2518,Cider,Active,"<a href=""https://wearehawkes.com/"">Website</a>","<a href=""https://www.facebook.com/wearehawkes/"">Facebook</a>","<a href=""https://www.instagram.com/hawkescidertap/"">Instagram</a>",,,,"<a href=""https://untappd.com/HawkesLondon"">Untappd</a>"
195,2019,Traditional English Cider,🥉 Bronze,Angry Orchard,Super Natural ,35,United States,87,Cider,Active,"<a href=""https://www.angryorchard.com/"">Website</a>","<a href=""https://www.facebook.com/AngryOrchard/"">Facebook</a>","<a href=""https://www.instagram.com/angryorchard/"">Instagram</a>","<a href=""https://maps.google.com/?cid=17467507983407382578"">Google</a>","<a href=""https://www.yelp.com/biz/angry-orchard-walden-2"">Yelp</a>","<a href=""https://www.tripadvisor.com/Attraction_Review-g48788-d10266026"">TripAdvisor</a>","<a href=""https://untappd.com/w/angry-orchard-cider-company/16455"">Untappd</a>"
196,2019,Traditional English Cider,🥉 Bronze,Vander Mill,Golden friendship ,34,United States,62,Cider,Active,"<a href=""http://vandermill.com/"">Website</a>","<a href=""https://www.facebook.com/VanderMillGR"">Facebook</a>","<a href=""https://www.instagram.com/vandermill/"">Instagram</a>","<a href=""https://maps.google.com/?cid=6214407049389872858"">Google</a>","<a href=""https://www.yelp.com/biz/vander-mill-grand-rapids-grand-rapids-5"">Yelp</a>","<a href=""https://www.tripadvisor.com/Restaurant_Review-g42256-d10325970"">TripAdvisor</a>","<a href=""https://untappd.com/w/vander-mill/8388"">Untappd</a>"
197,2019,Traditional English Cider,🥉 Bronze,Sidra Ribela,Maceiras vellas ,33,Galicia,1486,Cider,Active,"<a href=""https://ribela.es/"">Website</a>","<a href=""https://www.facebook.com/profile.php?id=100057701497775"">Facebook</a>",,"<a href=""https://maps.google.com/?cid=4872815371612917435"">Google</a>",,,"<a href=""https://untappd.com/jesusarmenteros"">Untappd</a>"
198,2019,Traditional English Cider,🥉 Bronze,Angry Orchard,Bitter Steve ,31,United States,87,Cider,Active,"<a href=""https://www.angryorchard.com/"">Website</a>","<a href=""https://www.facebook.com/AngryOrchard/"">Facebook</a>","<a href=""https://www.instagram.com/angryorchard/"">Instagram</a>","<a href=""https://maps.google.com/?cid=17467507983407382578"">Google</a>","<a href=""https://www.yelp.com/biz/angry-orchard-walden-2"">Yelp</a>","<a href=""https://www.tripadvisor.com/Attraction_Review-g48788-d10266026"">TripAdvisor</a>","<a href=""https://untappd.com/w/angry-orchard-cider-company/16455"">Untappd</a>"
199,2019,Traditional French Cider,🥇 Gold,Les Vergers de Kermao,AOP Cornouille ,46,France,1587,Cider,Active,"<a href=""https://www.cidre-bretagne.com/"">Website</a>",,"<a href=""https://www.instagram.com/kermao.cidre/"">Instagram</a>","<a href=""https://maps.google.com/?cid=11761800243914556755"">Google</a>",,"<a href=""https://www.tripadvisor.com/Attraction_Review-g2184442-d8603735"">TripAdvisor</a>","<a href=""https://untappd.com/w/les-vergers-de-kermao/240565"">Untappd</a>"
200,2019,Traditional French Cider,🥇 Gold,Cidrerie de Menez-Brug,AOP Cornouille ,45,France,1931,Cider,Active,"<a href=""https://www.cidrerie-de-menez-brug.com/"">Website</a>","<a href=""https://www.facebook.com/cidreriemenezbrug.fr/"">Facebook</a>",,"<a href=""https://maps.google.com/?cid=10640223041696316686"">Google</a>",,"<a href=""https://www.tripadvisor.com/Attraction_Review-g666452-d15052081"">TripAdvisor</a>","<a href=""https://untappd.com/w/cidrerie-de-menez-brug/150603"">Untappd</a>"
201,2019,Traditional French Cider,🥈 Silver,Cidrerie Melenig,AOP Cornouille ,40,France,1590,Cider,Active,,,"<a href=""https://www.instagram.com/cidremelenig/"">Instagram</a>","<a href=""https://maps.google.com/?cid=10374518201153439760"">Google</a>",,"<a href=""https://www.tripadvisor.com/Attraction_Review-g6922089-d7330818"">TripAdvisor</a>","<a href=""https://untappd.com/CidrerieMelenig"">Untappd</a>"
202,2019,Traditional French Cider,🥈 Silver,Angry Orchard,Extra Terriorestiral ,38,United States,87,Cider,Active,"<a href=""https://www.angryorchard.com/"">Website</a>","<a href=""https://www.facebook.com/AngryOrchard/"">Facebook</a>","<a href=""https://www.instagram.com/angryorchard/"">Instagram</a>","<a href=""https://maps.google.com/?cid=17467507983407382578"">Google</a>","<a href=""https://www.yelp.com/biz/angry-orchard-walden-2"">Yelp</a>","<a href=""https://www.tripadvisor.com/Attraction_Review-g48788-d10266026"">TripAdvisor</a>","<a href=""https://untappd.com/w/angry-orchard-cider-company/16455"">Untappd</a>"
203,2019,Traditional French Cider,🥈 Silver,Pips Cider,Pips Sweet Cider ,38,England,1381,Cider,Active,"<a href=""http://www.pipscider.com/"">Website</a>","<a href=""https://www.facebook.com/PipsCider"">Facebook</a>","<a href=""https://www.instagram.com/pipscider/"">Instagram</a>","<a href=""https://maps.google.com/?cid=16039788259014934478"">Google</a>",,,"<a href=""https://untappd.com/w/pips-cider-limited/159027"">Untappd</a>"
204,2019,Traditional French Cider,🥉 Bronze,Pips Cider,Pips Dry Cider ,33,England,1381,Cider,Active,"<a href=""http://www.pipscider.com/"">Website</a>","<a href=""https://www.facebook.com/PipsCider"">Facebook</a>","<a href=""https://www.instagram.com/pipscider/"">Instagram</a>","<a href=""https://maps.google.com/?cid=16039788259014934478"">Google</a>",,,"<a href=""https://untappd.com/w/pips-cider-limited/159027"">Untappd</a>"
205,2019,Modern Cider,🥇 Gold,Ulvik Frukt & Cideri,Gravenstein ,47,Norway,1414,Cider,Active,"<a href=""http://www.hakastadsider.no/"">Website</a>","<a href=""https://www.facebook.com/pages/Ulvik-Frukt-Cideri/191311970916027"">Facebook</a>",,"<a href=""https://maps.google.com/?cid=8381380851022975775"">Google</a>",,,"<a href=""https://untappd.com/brewery/60198"">Untappd</a>"
206,2019,Modern Cider,🥇 Gold,Apfelweinhandlung JB,B German Cider ,45,Germany,3605,Cider,Active,"<a href=""https://www.apfelweinhandlung.de/"">Website</a>","<a href=""https://www.facebook.com/janusbecker/"">Facebook</a>","<a href=""https://www.instagram.com/apfelweinhandlung/"">Instagram</a>","<a href=""https://maps.google.com/?cid=4042602811831238709"">Google</a>","<a href=""https://www.yelp.com/biz/apfelweinhandlung-jb-frankfurt-am-main-2"">Yelp</a>",,"<a href=""https://untappd.com/w/apfelweinhandlung-janus-becker/213578"">Untappd</a>"
207,2019,Modern Cider,🥇 Gold,Thatchers Cider,Thatches Katy ,45,England,1119,Cider,Active,"<a href=""https://www.thatcherscider.co.uk/"">Website</a>","<a href=""https://www.facebook.com/ThatchersCiderCompany"">Facebook</a>","<a href=""https://www.instagram.com/thatcherscider/"">Instagram</a>","<a href=""https://maps.google.com/?cid=15191093037076298219"">Google</a>",,"<a href=""https://www.tripadvisor.com/Attraction_Review-g4412909-d11019728"">TripAdvisor</a>","<a href=""https://untappd.com/brewery/3063"">Untappd</a>"
208,2019,Modern Cider,🥈 Silver,Hawkes,Soul Trader ,44,England,2518,Cider,Active,"<a href=""https://wearehawkes.com/"">Website</a>","<a href=""https://www.facebook.com/wearehawkes/"">Facebook</a>","<a href=""https://www.instagram.com/hawkescidertap/"">Instagram</a>",,,,"<a href=""https://untappd.com/HawkesLondon"">Untappd</a>"
209,2019,Modern Cider,🥈 Silver,Sidra Castañón,Xiz Frizzante ,44,Asturias,1473,Cider,Active,"<a href=""https://sidracastanon.com/"">Website</a>","<a href=""https://www.facebook.com/sidracastanon/"">Facebook</a>","<a href=""https://www.instagram.com/sidracastanon/"">Instagram</a>","<a href=""https://maps.google.com/?cid=3082307260151948865"">Google</a>",,"<a href=""https://www.tripadvisor.com/Attraction_Review-g2186312-d12246874"">TripAdvisor</a>","<a href=""https://untappd.com/w/llagar-sidra-casta-n/81481"">Untappd</a>"
210,2019,Modern Cider,🥈 Silver,Sidra Mayador,Sidra Ecologica M. Busto ,43,Asturias,1610,Cider,Active,"<a href=""http://www.mayador.com/"">Website</a>","<a href=""https://www.facebook.com/sidramayadorcider"">Facebook</a>","<a href=""https://www.instagram.com/sidramayador/"">Instagram</a>","<a href=""https://maps.google.com/?cid=6886369759358960464"">Google</a>",,,"<a href=""https://untappd.com/SidraMayador"">Untappd</a>"
211,2019,Modern Cider,🥈 Silver,Åkre Gård,Edel ,43,Norway,2544,Cider,Active,"<a href=""https://aakre-gard.no/"">Website</a>","<a href=""https://www.facebook.com/EdelSider/"">Facebook</a>","<a href=""https://www.instagram.com/edelsider"">Instagram</a>","<a href=""https://maps.google.com/?cid=10200668651455703399"">Google</a>",,"<a href=""https://www.tripadvisor.com/Attraction_Review-g21171125-d21170815"">TripAdvisor</a>","<a href=""https://untappd.com/Aakre_Gard"">Untappd</a>"
212,2019,Modern Cider,🥈 Silver,Cidrerie de la Vallée de la Seiche,Blanc ,42,France,2916,Cider,Active,"<a href=""https://www.valleedelaseiche.fr/"">Website</a>",,,"<a href=""https://maps.google.com/?cid=3742474259683548743"">Google</a>",,,"<a href=""https://untappd.com/w/cidrerie-de-la-vallee-de-la-seiche-cidrerie-michel-maman/78616"">Untappd</a>"
213,2019,Modern Cider,🥈 Silver,Ulvik Frukt & Cideri,Kvitanesen - Poesider ,42,Norway,1414,Cider,Active,"<a href=""http://www.hakastadsider.no/"">Website</a>","<a href=""https://www.facebook.com/pages/Ulvik-Frukt-Cideri/191311970916027"">Facebook</a>",,"<a href=""https://maps.google.com/?cid=8381380851022975775"">Google</a>",,,"<a href=""https://untappd.com/brewery/60198"">Untappd</a>"
214,2019,Modern Cider,🥈 Silver,Cidre Mauret,Cidre Extra Mauret Bio ,41,France,3340,Cider,Active,"<a href=""https://www.cidremauret.fr/"">Website</a>","<a href=""https://www.facebook.com/cidremauret"">Facebook</a>","<a href=""https://www.instagram.com/cidre_mauret/"">Instagram</a>","<a href=""https://maps.google.com/?cid=4442731802315342242"">Google</a>",,,"<a href=""https://untappd.com/w/cidre-mauret/303234"">Untappd</a>"
215,2019,Modern Cider,🥈 Silver,Kelterei Heil,Cooper's Cider Original ,41,Germany,1574,Cider,Active,"<a href=""https://kelterei-heil.de/"">Website</a>","<a href=""https://www.facebook.com/keltereiheil/"">Facebook</a>","<a href=""https://www.instagram.com/keltereiheil"">Instagram</a>","<a href=""https://maps.google.com/?cid=18431477139160593371"">Google</a>",,,"<a href=""https://untappd.com/brewery/33255"">Untappd</a>"
216,2019,Modern Cider,🥈 Silver,Hardangergutane,Vindpust ,41,Norway,2746,Cider,Active,"<a href=""https://hardangergutane.no/"">Website</a>","<a href=""https://www.facebook.com/Hardangergutane/"">Facebook</a>","<a href=""https://www.instagram.com/hardangergutane/"">Instagram</a>","<a href=""https://maps.google.com/?cid=10940983309801750674"">Google</a>",,"<a href=""https://www.tripadvisor.com/Restaurant_Review-g2328851-d23478417"">TripAdvisor</a>","<a href=""https://untappd.com/w/hardangergutane/429679"">Untappd</a>"
217,2019,Modern Cider,🥈 Silver,Vander Mill,Vandy ,40,United States,62,Cider,Active,"<a href=""http://vandermill.com/"">Website</a>","<a href=""https://www.facebook.com/VanderMillGR"">Facebook</a>","<a href=""https://www.instagram.com/vandermill/"">Instagram</a>","<a href=""https://maps.google.com/?cid=6214407049389872858"">Google</a>","<a href=""https://www.yelp.com/biz/vander-mill-grand-rapids-grand-rapids-5"">Yelp</a>","<a href=""https://www.tripadvisor.com/Restaurant_Review-g42256-d10325970"">TripAdvisor</a>","<a href=""https://untappd.com/w/vander-mill/8388"">Untappd</a>"
218,2019,Modern Cider,🥈 Silver,Angry Orchard,Baldwin ,39,United States,87,Cider,Active,"<a href=""https://www.angryorchard.com/"">Website</a>","<a href=""https://www.facebook.com/AngryOrchard/"">Facebook</a>","<a href=""https://www.instagram.com/angryorchard/"">Instagram</a>","<a href=""https://maps.google.com/?cid=17467507983407382578"">Google</a>","<a href=""https://www.yelp.com/biz/angry-orchard-walden-2"">Yelp</a>","<a href=""https://www.tripadvisor.com/Attraction_Review-g48788-d10266026"">TripAdvisor</a>","<a href=""https://untappd.com/w/angry-orchard-cider-company/16455"">Untappd</a>"
219,2019,Modern Cider,🥈 Silver,Sidra El Gaitero,El Gaitero Lata ,38,Asturias,1314,Cider,Active,"<a href=""https://www.sidraelgaitero.com/"">Website</a>","<a href=""https://www.facebook.com/grupoelgaitero"">Facebook</a>","<a href=""https://www.instagram.com/grupoelgaitero/"">Instagram</a>","<a href=""https://maps.google.com/?cid=15753532318992345137"">Google</a>",,"<a href=""https://www.tripadvisor.com/Attraction_Review-g608997-d3239389"">TripAdvisor</a>","<a href=""https://untappd.com/brewery/4266"">Untappd</a>"
220,2019,Modern Cider,🥉 Bronze,Sidra Trabanco,Sidra Extra Avalon ,37,Asturias,1674,Cider,Active,"<a href=""https://www.sidratrabanco.com/"">Website</a>","<a href=""https://www.facebook.com/sidratrabanco/"">Facebook</a>","<a href=""https://www.instagram.com/sidratrabanco/"">Instagram</a>","<a href=""https://maps.google.com/?cid=8706552013547802387"">Google</a>",,,"<a href=""https://untappd.com/brewery/6382"">Untappd</a>"
221,2019,Modern Cider,🥉 Bronze,Hardangergutane,Solglimt ,36,Norway,2746,Cider,Active,"<a href=""https://hardangergutane.no/"">Website</a>","<a href=""https://www.facebook.com/Hardangergutane/"">Facebook</a>","<a href=""https://www.instagram.com/hardangergutane/"">Instagram</a>","<a href=""https://maps.google.com/?cid=10940983309801750674"">Google</a>",,"<a href=""https://www.tripadvisor.com/Restaurant_Review-g2328851-d23478417"">TripAdvisor</a>","<a href=""https://untappd.com/w/hardangergutane/429679"">Untappd</a>"
222,2019,Modern Cider,🥉 Bronze,Angry Orchard,Newtown Pippin ,36,United States,87,Cider,Active,"<a href=""https://www.angryorchard.com/"">Website</a>","<a href=""https://www.facebook.com/AngryOrchard/"">Facebook</a>","<a href=""https://www.instagram.com/angryorchard/"">Instagram</a>","<a href=""https://maps.google.com/?cid=17467507983407382578"">Google</a>","<a href=""https://www.yelp.com/biz/angry-orchard-walden-2"">Yelp</a>","<a href=""https://www.tripadvisor.com/Attraction_Review-g48788-d10266026"">TripAdvisor</a>","<a href=""https://untappd.com/w/angry-orchard-cider-company/16455"">Untappd</a>"
223,2019,Modern Cider,🥉 Bronze,Sidra El Gaitero,El Gaitero Tercio ,35,Asturias,1314,Cider,Active,"<a href=""https://www.sidraelgaitero.com/"">Website</a>","<a href=""https://www.facebook.com/grupoelgaitero"">Facebook</a>","<a href=""https://www.instagram.com/grupoelgaitero/"">Instagram</a>","<a href=""https://maps.google.com/?cid=15753532318992345137"">Google</a>",,"<a href=""https://www.tripadvisor.com/Attraction_Review-g608997-d3239389"">TripAdvisor</a>","<a href=""https://untappd.com/brewery/4266"">Untappd</a>"
224,2019,Modern Cider,🥉 Bronze,Cidre Mauret,Cidre Mauret ,34,France,3340,Cider,Active,"<a href=""https://www.cidremauret.fr/"">Website</a>","<a href=""https://www.facebook.com/cidremauret"">Facebook</a>","<a href=""https://www.instagram.com/cidre_mauret/"">Instagram</a>","<a href=""https://maps.google.com/?cid=4442731802315342242"">Google</a>",,,"<a href=""https://untappd.com/w/cidre-mauret/303234"">Untappd</a>"
225,2019,Modern Cider,🥉 Bronze,Exner Cider,Exner Craft Apple Cider ,34,Asturias,2755,Cider,Active,"<a href=""https://exnercider.com/"">Website</a>","<a href=""https://www.facebook.com/ExnerCider/"">Facebook</a>","<a href=""https://www.instagram.com/exner.cider/"">Instagram</a>","<a href=""https://maps.google.com/?cid=3356560758775211802"">Google</a>",,,"<a href=""https://untappd.com/b/llagar-sidra-castanon-exner/3684800"">Untappd</a>"
226,2019,Modern Cider,🥉 Bronze,Sidra El Gaitero,El Gaitero natural ,34,Asturias,1314,Cider,Active,"<a href=""https://www.sidraelgaitero.com/"">Website</a>","<a href=""https://www.facebook.com/grupoelgaitero"">Facebook</a>","<a href=""https://www.instagram.com/grupoelgaitero/"">Instagram</a>","<a href=""https://maps.google.com/?cid=15753532318992345137"">Google</a>",,"<a href=""https://www.tripadvisor.com/Attraction_Review-g608997-d3239389"">TripAdvisor</a>","<a href=""https://untappd.com/brewery/4266"">Untappd</a>"
227,2019,Modern Cider,🥉 Bronze,Sidra La Naveta,Sidra Naveta Roxa ,31,Asturias,2754,Cider,Active,"<a href=""https://lanaveta.com/"">Website</a>","<a href=""https://www.facebook.com/profile.php?id=100063497946147"">Facebook</a>",,"<a href=""https://maps.google.com/?cid=18265458060195810621"">Google</a>",,,"<a href=""https://untappd.com/w/la-naveta/288596"">Untappd</a>"
228,2019,Modern Cider,🥉 Bronze,Hawkes,Urban Orchard ,30,England,2518,Cider,Active,"<a href=""https://wearehawkes.com/"">Website</a>","<a href=""https://www.facebook.com/wearehawkes/"">Facebook</a>","<a href=""https://www.instagram.com/hawkescidertap/"">Instagram</a>",,,,"<a href=""https://untappd.com/HawkesLondon"">Untappd</a>"
229,2019,Premium Sparkling Cider,🥇 Gold,Angry Orchard,Trios Pommes ,45,United States,87,Cider,Active,"<a href=""https://www.angryorchard.com/"">Website</a>","<a href=""https://www.facebook.com/AngryOrchard/"">Facebook</a>","<a href=""https://www.instagram.com/angryorchard/"">Instagram</a>","<a href=""https://maps.google.com/?cid=17467507983407382578"">Google</a>","<a href=""https://www.yelp.com/biz/angry-orchard-walden-2"">Yelp</a>","<a href=""https://www.tripadvisor.com/Attraction_Review-g48788-d10266026"">TripAdvisor</a>","<a href=""https://untappd.com/w/angry-orchard-cider-company/16455"">Untappd</a>"
230,2019,Premium Sparkling Cider,🥇 Gold,Åkre Gård,Edel Cuvee Park ,45,Norway,2544,Cider,Active,"<a href=""https://aakre-gard.no/"">Website</a>","<a href=""https://www.facebook.com/EdelSider/"">Facebook</a>","<a href=""https://www.instagram.com/edelsider"">Instagram</a>","<a href=""https://maps.google.com/?cid=10200668651455703399"">Google</a>",,"<a href=""https://www.tripadvisor.com/Attraction_Review-g21171125-d21170815"">TripAdvisor</a>","<a href=""https://untappd.com/Aakre_Gard"">Untappd</a>"
231,2019,Premium Sparkling Cider,🥈 Silver,Sidra Panizales,Caseria ,42,Asturias,1519,Cider,Active,"<a href=""https://sidrapanizales.com/"">Website</a>","<a href=""https://www.facebook.com/panizales.sidra"">Facebook</a>","<a href=""https://www.instagram.com/sidrapanizales/"">Instagram</a>","<a href=""https://maps.google.com/?cid=16258480851124885832"">Google</a>",,"<a href=""https://www.tripadvisor.com/Restaurant_Review-g775263-d7621234"">TripAdvisor</a>","<a href=""https://untappd.com/w/llagar-panizales/152401"">Untappd</a>"
232,2019,Premium Sparkling Cider,🥈 Silver,Paladeus,Paladeus ,41,Italy,3024,Cider,Active,"<a href=""http://www.paladeus.it/"">Website</a>","<a href=""https://www.facebook.com/profile.php?id=100067062071715"">Facebook</a>","<a href=""https://www.instagram.com/paladeus_cider/"">Instagram</a>","<a href=""https://maps.google.com/?cid=8605615739361573597"">Google</a>",,,"<a href=""https://untappd.com/w/paladeus/538622"">Untappd</a>"
233,2019,Premium Sparkling Cider,🥈 Silver,Angry Orchard,Baldwin Traditional Method ,41,United States,87,Cider,Active,"<a href=""https://www.angryorchard.com/"">Website</a>","<a href=""https://www.facebook.com/AngryOrchard/"">Facebook</a>","<a href=""https://www.instagram.com/angryorchard/"">Instagram</a>","<a href=""https://maps.google.com/?cid=17467507983407382578"">Google</a>","<a href=""https://www.yelp.com/biz/angry-orchard-walden-2"">Yelp</a>","<a href=""https://www.tripadvisor.com/Attraction_Review-g48788-d10266026"">TripAdvisor</a>","<a href=""https://untappd.com/w/angry-orchard-cider-company/16455"">Untappd</a>"
234,2019,Premium Sparkling Cider,🥈 Silver,Sidra El Gaitero,"Valle, Vallina y Fernandez ",40,Asturias,1314,Cider,Active,"<a href=""https://www.sidraelgaitero.com/"">Website</a>","<a href=""https://www.facebook.com/grupoelgaitero"">Facebook</a>","<a href=""https://www.instagram.com/grupoelgaitero/"">Instagram</a>","<a href=""https://maps.google.com/?cid=15753532318992345137"">Google</a>",,"<a href=""https://www.tripadvisor.com/Attraction_Review-g608997-d3239389"">TripAdvisor</a>","<a href=""https://untappd.com/brewery/4266"">Untappd</a>"
235,2019,Premium Sparkling Cider,🥈 Silver,Sidra Somarroza,Sidra Espumosa Seca ,38,Cantabria,1921,Cider,Active,"<a href=""https://sidrasomarroza.es/"">Website</a>","<a href=""https://www.facebook.com/sidrasomarroza"">Facebook</a>","<a href=""https://www.instagram.com/sidrasomarroza/"">Instagram</a>","<a href=""https://maps.google.com/?cid=7109045394192195825"">Google</a>",,,"<a href=""https://untappd.com/w/somarroza/147830"">Untappd</a>"
236,2019,Premium Sparkling Cider,🥉 Bronze,Sidra Riestra,Guzman Riestra Semiseca ,37,Asturias,1673,Cider,Active,"<a href=""http://www.sidrariestra.com/"">Website</a>","<a href=""https://www.facebook.com/SidraRiestra"">Facebook</a>","<a href=""https://www.instagram.com/sidrariestra/"">Instagram</a>","<a href=""https://maps.google.com/?cid=2253085342105400787"">Google</a>",,,"<a href=""https://untappd.com/w/riestra/70601"">Untappd</a>"
237,2019,Premium Sparkling Cider,🥉 Bronze,Astarbe,Byhur 24 ,37,Basque Country,2688,Cider,Active,"<a href=""https://www.astarbe.eus/"">Website</a>","<a href=""https://www.facebook.com/AstarbeSagar"">Facebook</a>","<a href=""https://www.instagram.com/astarbesagar/"">Instagram</a>","<a href=""https://maps.google.com/?cid=4931185880912606614"">Google</a>","<a href=""https://www.yelp.com/biz/astarbe-astigarraga"">Yelp</a>","<a href=""https://www.tripadvisor.com/Restaurant_Review-g1064182-d3250869"">TripAdvisor</a>","<a href=""https://untappd.com/w/sidreria-astarbe-sagardotegia/40068"">Untappd</a>"
238,2019,Premium Sparkling Cider,🥉 Bronze,Sidra Somarroza,Sidra Espumosa Dulce ,36,Cantabria,1921,Cider,Active,"<a href=""https://sidrasomarroza.es/"">Website</a>","<a href=""https://www.facebook.com/sidrasomarroza"">Facebook</a>","<a href=""https://www.instagram.com/sidrasomarroza/"">Instagram</a>","<a href=""https://maps.google.com/?cid=7109045394192195825"">Google</a>",,,"<a href=""https://untappd.com/w/somarroza/147830"">Untappd</a>"
239,2019,Premium Sparkling Cider,🥉 Bronze,Sidra Trabanco,Poma Áurea ,35,Asturias,1674,Cider,Active,"<a href=""https://www.sidratrabanco.com/"">Website</a>","<a href=""https://www.facebook.com/sidratrabanco/"">Facebook</a>","<a href=""https://www.instagram.com/sidratrabanco/"">Instagram</a>","<a href=""https://maps.google.com/?cid=8706552013547802387"">Google</a>",,,"<a href=""https://untappd.com/brewery/6382"">Untappd</a>"
240,2019,Premium Sparkling Cider,🥉 Bronze,Oiharte,Ama Oiharte ,34,Basque Country,1639,Cider,Active,"<a href=""https://oiharte.com/"">Website</a>","<a href=""https://www.facebook.com/CasaRuralSidreriaOiharte"">Facebook</a>","<a href=""https://www.instagram.com/oiharte/"">Instagram</a>","<a href=""https://maps.google.com/?cid=7283611563965022999"">Google</a>",,"<a href=""https://www.tripadvisor.com/Restaurant_Review-g1235389-d2470675"">TripAdvisor</a>","<a href=""https://untappd.com/w/oiharte-sagardotegia/351344"">Untappd</a>"
241,2019,Premium Sparkling Cider,🥉 Bronze,Sidra Riestra,Guzman Riestra Brut Nature ,32,Asturias,1673,Cider,Active,"<a href=""http://www.sidrariestra.com/"">Website</a>","<a href=""https://www.facebook.com/SidraRiestra"">Facebook</a>","<a href=""https://www.instagram.com/sidrariestra/"">Instagram</a>","<a href=""https://maps.google.com/?cid=2253085342105400787"">Google</a>",,,"<a href=""https://untappd.com/w/riestra/70601"">Untappd</a>"
242,2019,Premium Sparkling Cider,🥉 Bronze,Sidra El Gaitero,El Gaitero Etiqueta Negra ,32,Asturias,1314,Cider,Active,"<a href=""https://www.sidraelgaitero.com/"">Website</a>","<a href=""https://www.facebook.com/grupoelgaitero"">Facebook</a>","<a href=""https://www.instagram.com/grupoelgaitero/"">Instagram</a>","<a href=""https://maps.google.com/?cid=15753532318992345137"">Google</a>",,"<a href=""https://www.tripadvisor.com/Attraction_Review-g608997-d3239389"">TripAdvisor</a>","<a href=""https://untappd.com/brewery/4266"">Untappd</a>"
243,2019,Premium Sparkling Cider,🥉 Bronze,Sidra El Gaitero,El Gaitero Extra ,31,Asturias,1314,Cider,Active,"<a href=""https://www.sidraelgaitero.com/"">Website</a>","<a href=""https://www.facebook.com/grupoelgaitero"">Facebook</a>","<a href=""https://www.instagram.com/grupoelgaitero/"">Instagram</a>","<a href=""https://maps.google.com/?cid=15753532318992345137"">Google</a>",,"<a href=""https://www.tripadvisor.com/Attraction_Review-g608997-d3239389"">TripAdvisor</a>","<a href=""https://untappd.com/brewery/4266"">Untappd</a>"
244,2019,Apfelwein,🥇 Gold,Weidmann & Groh,Goldparmäne ,47,Germany,1343,Spirits,Active,"<a href=""https://weidmann-groh.de/"">Website</a>","<a href=""https://www.facebook.com/pages/WEIDMANN-GROH/138116339592327"">Facebook</a>",,"<a href=""https://maps.google.com/?cid=6569120976887073603"">Google</a>",,,"<a href=""https://untappd.com/w/weidmann-groh/73065"">Untappd</a>"
245,2019,Apfelwein,🥈 Silver,Apfelweinhandlung JB,JB Streuobst ,44,Germany,3605,Cider,Active,"<a href=""https://www.apfelweinhandlung.de/"">Website</a>","<a href=""https://www.facebook.com/janusbecker/"">Facebook</a>","<a href=""https://www.instagram.com/apfelweinhandlung/"">Instagram</a>","<a href=""https://maps.google.com/?cid=4042602811831238709"">Google</a>","<a href=""https://www.yelp.com/biz/apfelweinhandlung-jb-frankfurt-am-main-2"">Yelp</a>",,"<a href=""https://untappd.com/w/apfelweinhandlung-janus-becker/213578"">Untappd</a>"
246,2019,Apfelwein,🥈 Silver,Weidmann & Groh,Bohnapfel ,42,Germany,1343,Spirits,Active,"<a href=""https://weidmann-groh.de/"">Website</a>","<a href=""https://www.facebook.com/pages/WEIDMANN-GROH/138116339592327"">Facebook</a>",,"<a href=""https://maps.google.com/?cid=6569120976887073603"">Google</a>",,,"<a href=""https://untappd.com/w/weidmann-groh/73065"">Untappd</a>"
247,2019,Apfelwein,🥈 Silver,Apfelweinhandlung JB,JB Boskoop ,40,Germany,3605,Cider,Active,"<a href=""https://www.apfelweinhandlung.de/"">Website</a>","<a href=""https://www.facebook.com/janusbecker/"">Facebook</a>","<a href=""https://www.instagram.com/apfelweinhandlung/"">Instagram</a>","<a href=""https://maps.google.com/?cid=4042602811831238709"">Google</a>","<a href=""https://www.yelp.com/biz/apfelweinhandlung-jb-frankfurt-am-main-2"">Yelp</a>",,"<a href=""https://untappd.com/w/apfelweinhandlung-janus-becker/213578"">Untappd</a>"
248,2019,Apfelwein,🥈 Silver,Kelterei Heil,Gude Stoff Apfelwein ,40,Germany,1574,Cider,Active,"<a href=""https://kelterei-heil.de/"">Website</a>","<a href=""https://www.facebook.com/keltereiheil/"">Facebook</a>","<a href=""https://www.instagram.com/keltereiheil"">Instagram</a>","<a href=""https://maps.google.com/?cid=18431477139160593371"">Google</a>",,,"<a href=""https://untappd.com/brewery/33255"">Untappd</a>"
249,2019,Apfelwein,🥈 Silver,Kelterei Heil,Eschbacher Apfelwein naturtrüb ,38,Germany,1574,Cider,Active,"<a href=""https://kelterei-heil.de/"">Website</a>","<a href=""https://www.facebook.com/keltereiheil/"">Facebook</a>","<a href=""https://www.instagram.com/keltereiheil"">Instagram</a>","<a href=""https://maps.google.com/?cid=18431477139160593371"">Google</a>",,,"<a href=""https://untappd.com/brewery/33255"">Untappd</a>"
250,2019,Apfelwein,🥉 Bronze,Iessel Cider,Iessel Cider ,37,Netherlands,2736,Cider,Active,"<a href=""https://www.iesselcider.nl/"">Website</a>","<a href=""https://www.facebook.com/iesselcider/"">Facebook</a>","<a href=""https://www.instagram.com/iessel_cider/"">Instagram</a>","<a href=""https://maps.google.com/?cid=10819175046461159669"">Google</a>",,,"<a href=""https://untappd.com/IESSEL_Cider"">Untappd</a>"
251,2019,Apfelwein,🥉 Bronze,Kelterei Heil,Fichtekranz ,34,Germany,1574,Cider,Active,"<a href=""https://kelterei-heil.de/"">Website</a>","<a href=""https://www.facebook.com/keltereiheil/"">Facebook</a>","<a href=""https://www.instagram.com/keltereiheil"">Instagram</a>","<a href=""https://maps.google.com/?cid=18431477139160593371"">Google</a>",,,"<a href=""https://untappd.com/brewery/33255"">Untappd</a>"
252,2019,Ice Cider,🥇 Gold,Cydr Jabłkowy,Ice Perry ,50,Poland,3599,Cider,Inactive,,"<a href=""https://www.facebook.com/cydrjablkowy/"">Facebook</a>",,,,,"<a href=""https://untappd.com/w/krzysztof-winnicki/393819"">Untappd</a>"
253,2019,Ice Cider,🥇 Gold,Åkre Gård,Edel Is-sider ,48,Norway,2544,Cider,Active,"<a href=""https://aakre-gard.no/"">Website</a>","<a href=""https://www.facebook.com/EdelSider/"">Facebook</a>","<a href=""https://www.instagram.com/edelsider"">Instagram</a>","<a href=""https://maps.google.com/?cid=10200668651455703399"">Google</a>",,"<a href=""https://www.tripadvisor.com/Attraction_Review-g21171125-d21170815"">TripAdvisor</a>","<a href=""https://untappd.com/Aakre_Gard"">Untappd</a>"
254,2019,Ice Cider,🥇 Gold,Zapiain,Bizi-Goxo 2015 ,47,Basque Country,1172,Cider,Active,"<a href=""https://zapiain.eus/"">Website</a>","<a href=""https://www.facebook.com/zapiainsagardoa"">Facebook</a>","<a href=""https://www.instagram.com/zapiainsagardoa/"">Instagram</a>","<a href=""https://maps.google.com/?cid=16982677267877188990"">Google</a>",,"<a href=""https://www.tripadvisor.com/Restaurant_Review-g1064182-d3806229"">TripAdvisor</a>","<a href=""https://untappd.com/ZapiainSagardoa"">Untappd</a>"
255,2019,Ice Cider,🥇 Gold,Sidra Panizales,Caldea ,45,Asturias,1519,Cider,Active,"<a href=""https://sidrapanizales.com/"">Website</a>","<a href=""https://www.facebook.com/panizales.sidra"">Facebook</a>","<a href=""https://www.instagram.com/sidrapanizales/"">Instagram</a>","<a href=""https://maps.google.com/?cid=16258480851124885832"">Google</a>",,"<a href=""https://www.tripadvisor.com/Restaurant_Review-g775263-d7621234"">TripAdvisor</a>","<a href=""https://untappd.com/w/llagar-panizales/152401"">Untappd</a>"
256,2019,Ice Cider,🥈 Silver,Sidra El Gaitero,1898 ,42,Asturias,1314,Cider,Active,"<a href=""https://www.sidraelgaitero.com/"">Website</a>","<a href=""https://www.facebook.com/grupoelgaitero"">Facebook</a>","<a href=""https://www.instagram.com/grupoelgaitero/"">Instagram</a>","<a href=""https://maps.google.com/?cid=15753532318992345137"">Google</a>",,"<a href=""https://www.tripadvisor.com/Attraction_Review-g608997-d3239389"">TripAdvisor</a>","<a href=""https://untappd.com/brewery/4266"">Untappd</a>"
257,2019,Ice Cider,🥈 Silver,Ramborn Cider Co.,Meadow Orchard Ice Cider ,42,Luxembourg,2698,Cider,Active,"<a href=""https://www.ramborn.com/"">Website</a>","<a href=""https://www.facebook.com/RambornUS/"">Facebook</a>","<a href=""https://www.instagram.com/rambornciderco/"">Instagram</a>","<a href=""https://maps.google.com/?cid=16691194016355154342"">Google</a>",,"<a href=""https://www.tripadvisor.com/Attraction_Review-g206525-d12591209"">TripAdvisor</a>","<a href=""https://untappd.com/Ramborn"">Untappd</a>"
258,2019,Ice Cider,🥈 Silver,Llagares Valverán,Valverán 20 Manzanas ,41,Asturias,1471,Cider,Active,"<a href=""https://llagaresvalveran.com/"">Website</a>","<a href=""https://www.facebook.com/masaveubodegas/"">Facebook</a>","<a href=""https://www.instagram.com/masaveubodegas/"">Instagram</a>","<a href=""https://maps.google.com/?cid=10125751207643631112"">Google</a>",,,"<a href=""https://untappd.com/w/valveran/55774"">Untappd</a>"
259,2019,Ice Cider,🥈 Silver,Sidra La Borda de Basajaun,Basajaun Reserva 2015 ,40,Basque Country,3628,Cider,Active,,"<a href=""https://www.facebook.com/sidra.basajaun"">Facebook</a>","<a href=""https://www.instagram.com/sidra.labordadebasajaun/"">Instagram</a>",,,,
260,2019,Ice Cider,🥈 Silver,Angry Orchard,Ice Cider (2017/18) ,40,United States,87,Cider,Active,"<a href=""https://www.angryorchard.com/"">Website</a>","<a href=""https://www.facebook.com/AngryOrchard/"">Facebook</a>","<a href=""https://www.instagram.com/angryorchard/"">Instagram</a>","<a href=""https://maps.google.com/?cid=17467507983407382578"">Google</a>","<a href=""https://www.yelp.com/biz/angry-orchard-walden-2"">Yelp</a>","<a href=""https://www.tripadvisor.com/Attraction_Review-g48788-d10266026"">TripAdvisor</a>","<a href=""https://untappd.com/w/angry-orchard-cider-company/16455"">Untappd</a>"
261,2019,Ice Cider,🥉 Bronze,Sidra Panizales,Sidra de hielo Panizales ,37,Asturias,1519,Cider,Active,"<a href=""https://sidrapanizales.com/"">Website</a>","<a href=""https://www.facebook.com/panizales.sidra"">Facebook</a>","<a href=""https://www.instagram.com/sidrapanizales/"">Instagram</a>","<a href=""https://maps.google.com/?cid=16258480851124885832"">Google</a>",,"<a href=""https://www.tripadvisor.com/Restaurant_Review-g775263-d7621234"">TripAdvisor</a>","<a href=""https://untappd.com/w/llagar-panizales/152401"">Untappd</a>"
262,2019,Flavored Cider and Perry,🥇 Gold,Vander Mill,Maiti spicy ,50,United States,62,Cider,Active,"<a href=""http://vandermill.com/"">Website</a>","<a href=""https://www.facebook.com/VanderMillGR"">Facebook</a>","<a href=""https://www.instagram.com/vandermill/"">Instagram</a>","<a href=""https://maps.google.com/?cid=6214407049389872858"">Google</a>","<a href=""https://www.yelp.com/biz/vander-mill-grand-rapids-grand-rapids-5"">Yelp</a>","<a href=""https://www.tripadvisor.com/Restaurant_Review-g42256-d10325970"">TripAdvisor</a>","<a href=""https://untappd.com/w/vander-mill/8388"">Untappd</a>"
263,2019,Flavored Cider and Perry,🥇 Gold,Weidmann & Groh,Cydonia ,47,Germany,1343,Spirits,Active,"<a href=""https://weidmann-groh.de/"">Website</a>","<a href=""https://www.facebook.com/pages/WEIDMANN-GROH/138116339592327"">Facebook</a>",,"<a href=""https://maps.google.com/?cid=6569120976887073603"">Google</a>",,,"<a href=""https://untappd.com/w/weidmann-groh/73065"">Untappd</a>"
264,2019,Flavored Cider and Perry,🥇 Gold,Floribunda,Holunder - Cider al Sambuco ,46,Italy,2029,Cider,Active,"<a href=""https://www.floribunda.it/"">Website</a>",,"<a href=""https://www.instagram.com/floribundacider/"">Instagram</a>","<a href=""https://maps.google.com/?cid=14548393953505771229"">Google</a>",,,"<a href=""https://untappd.com/w/floribunda/333615"">Untappd</a>"
265,2019,Flavored Cider and Perry,🥇 Gold,Steve'z,Steve'z perencider ,45,Netherlands,3548,Cider,Active,"<a href=""https://www.stevez.nl/"">Website</a>","<a href=""https://www.facebook.com/Stevez.eu/"">Facebook</a>","<a href=""https://www.instagram.com/stevezcider/"">Instagram</a>","<a href=""https://maps.google.com/?cid=506873058458405561"">Google</a>",,,"<a href=""https://untappd.com/w/betuws-wijndomein/470593"">Untappd</a>"
266,2019,Flavored Cider and Perry,🥇 Gold,Floribunda,Quitten - Cider alla Cotogna ,45,Italy,2029,Cider,Active,"<a href=""https://www.floribunda.it/"">Website</a>",,"<a href=""https://www.instagram.com/floribundacider/"">Instagram</a>","<a href=""https://maps.google.com/?cid=14548393953505771229"">Google</a>",,,"<a href=""https://untappd.com/w/floribunda/333615"">Untappd</a>"
267,2019,Flavored Cider and Perry,🥇 Gold,Ulvik Frukt & Cideri,Hylleblomsider ,45,Norway,1414,Cider,Active,"<a href=""http://www.hakastadsider.no/"">Website</a>","<a href=""https://www.facebook.com/pages/Ulvik-Frukt-Cideri/191311970916027"">Facebook</a>",,"<a href=""https://maps.google.com/?cid=8381380851022975775"">Google</a>",,,"<a href=""https://untappd.com/brewery/60198"">Untappd</a>"
268,2019,Flavored Cider and Perry,🥇 Gold,Vander Mill,Maiti fresh ,45,United States,62,Cider,Active,"<a href=""http://vandermill.com/"">Website</a>","<a href=""https://www.facebook.com/VanderMillGR"">Facebook</a>","<a href=""https://www.instagram.com/vandermill/"">Instagram</a>","<a href=""https://maps.google.com/?cid=6214407049389872858"">Google</a>","<a href=""https://www.yelp.com/biz/vander-mill-grand-rapids-grand-rapids-5"">Yelp</a>","<a href=""https://www.tripadvisor.com/Restaurant_Review-g42256-d10325970"">TripAdvisor</a>","<a href=""https://untappd.com/w/vander-mill/8388"">Untappd</a>"
269,2019,Flavored Cider and Perry,🥈 Silver,Kastler Cider,Kastler Med ,44,Slovakia,3630,Cider,Active,"<a href=""https://kastler.sk/"">Website</a>","<a href=""https://www.facebook.com/KastlerSK/"">Facebook</a>","<a href=""https://www.instagram.com/kastlersk/"">Instagram</a>","<a href=""https://maps.google.com/?cid=15302315145196457481"">Google</a>",,,"<a href=""https://untappd.com/w/kastler/301533"">Untappd</a>"
270,2019,Flavored Cider and Perry,🥈 Silver,Martin's Cidery,Martin´s Honey Granny ,42,Slovakia,2717,Cider,Active,"<a href=""https://martinscidery.com/"">Website</a>",,,"<a href=""https://maps.google.com/?cid=7334461102395106401"">Google</a>",,,
271,2019,Flavored Cider and Perry,🥈 Silver,Kelterei Heil,Cooper's Cider Dry Hopped ,42,Germany,1574,Cider,Active,"<a href=""https://kelterei-heil.de/"">Website</a>","<a href=""https://www.facebook.com/keltereiheil/"">Facebook</a>","<a href=""https://www.instagram.com/keltereiheil"">Instagram</a>","<a href=""https://maps.google.com/?cid=18431477139160593371"">Google</a>",,,"<a href=""https://untappd.com/brewery/33255"">Untappd</a>"
272,2019,Flavored Cider and Perry,🥈 Silver,Ramborn Cider Co.,Cascade Hopped Cider ,42,Luxembourg,2698,Cider,Active,"<a href=""https://www.ramborn.com/"">Website</a>","<a href=""https://www.facebook.com/RambornUS/"">Facebook</a>","<a href=""https://www.instagram.com/rambornciderco/"">Instagram</a>","<a href=""https://maps.google.com/?cid=16691194016355154342"">Google</a>",,"<a href=""https://www.tripadvisor.com/Attraction_Review-g206525-d12591209"">TripAdvisor</a>","<a href=""https://untappd.com/Ramborn"">Untappd</a>"
273,2019,Flavored Cider and Perry,🥈 Silver,Cidrerie Berri,Kalipoko ,42,Basque Country,1649,Cider,Active,"<a href=""https://txopinondo.fr/"">Website</a>","<a href=""https://www.facebook.com/txopinondo"">Facebook</a>","<a href=""https://www.instagram.com/txopinondo/"">Instagram</a>","<a href=""https://maps.google.com/?cid=14446292626809718341"">Google</a>",,"<a href=""https://www.tripadvisor.com/Restaurant_Review-g1118261-d2139433"">TripAdvisor</a>","<a href=""https://untappd.com/w/cidrerie-txopinondo/215570"">Untappd</a>"
274,2019,Flavored Cider and Perry,🥈 Silver,Vander Mill,Totally roasted ,42,United States,62,Cider,Active,"<a href=""http://vandermill.com/"">Website</a>","<a href=""https://www.facebook.com/VanderMillGR"">Facebook</a>","<a href=""https://www.instagram.com/vandermill/"">Instagram</a>","<a href=""https://maps.google.com/?cid=6214407049389872858"">Google</a>","<a href=""https://www.yelp.com/biz/vander-mill-grand-rapids-grand-rapids-5"">Yelp</a>","<a href=""https://www.tripadvisor.com/Restaurant_Review-g42256-d10325970"">TripAdvisor</a>","<a href=""https://untappd.com/w/vander-mill/8388"">Untappd</a>"
275,2019,Flavored Cider and Perry,🥈 Silver,Cidre Mauret,Cidre Mauret ,41,France,3340,Cider,Active,"<a href=""https://www.cidremauret.fr/"">Website</a>","<a href=""https://www.facebook.com/cidremauret"">Facebook</a>","<a href=""https://www.instagram.com/cidre_mauret/"">Instagram</a>","<a href=""https://maps.google.com/?cid=4442731802315342242"">Google</a>",,,"<a href=""https://untappd.com/w/cidre-mauret/303234"">Untappd</a>"
276,2019,Flavored Cider and Perry,🥈 Silver,Pilton Cider,Pilton Pomme Pomme ,41,England,1297,Cider,Active,"<a href=""https://www.piltoncider.com/"">Website</a>","<a href=""https://www.facebook.com/piltoncider"">Facebook</a>","<a href=""https://www.instagram.com/piltoncider"">Instagram</a>","<a href=""https://maps.google.com/?cid=9998325032687804281"">Google</a>",,,"<a href=""https://untappd.com/w/pilton-cider/62441"">Untappd</a>"
277,2019,Flavored Cider and Perry,🥈 Silver,Martin's Cidery,Martin´s Sour Cherry Cider ,40,Slovakia,2717,Cider,Active,"<a href=""https://martinscidery.com/"">Website</a>",,,"<a href=""https://maps.google.com/?cid=7334461102395106401"">Google</a>",,,
278,2019,Flavored Cider and Perry,🥈 Silver,Ramborn Cider Co.,Ramborn Perry ,40,Luxembourg,2698,Cider,Active,"<a href=""https://www.ramborn.com/"">Website</a>","<a href=""https://www.facebook.com/RambornUS/"">Facebook</a>","<a href=""https://www.instagram.com/rambornciderco/"">Instagram</a>","<a href=""https://maps.google.com/?cid=16691194016355154342"">Google</a>",,"<a href=""https://www.tripadvisor.com/Attraction_Review-g206525-d12591209"">TripAdvisor</a>","<a href=""https://untappd.com/Ramborn"">Untappd</a>"
279,2019,Flavored Cider and Perry,🥈 Silver,Ramborn Cider Co.,Luxembourgish Garden Quince ,40,Luxembourg,2698,Cider,Active,"<a href=""https://www.ramborn.com/"">Website</a>","<a href=""https://www.facebook.com/RambornUS/"">Facebook</a>","<a href=""https://www.instagram.com/rambornciderco/"">Instagram</a>","<a href=""https://maps.google.com/?cid=16691194016355154342"">Google</a>",,"<a href=""https://www.tripadvisor.com/Attraction_Review-g206525-d12591209"">TripAdvisor</a>","<a href=""https://untappd.com/Ramborn"">Untappd</a>"
280,2019,Flavored Cider and Perry,🥈 Silver,Sidra Mayador,Mayador frutas del bosque ,39,Asturias,1610,Cider,Active,"<a href=""http://www.mayador.com/"">Website</a>","<a href=""https://www.facebook.com/sidramayadorcider"">Facebook</a>","<a href=""https://www.instagram.com/sidramayador/"">Instagram</a>","<a href=""https://maps.google.com/?cid=6886369759358960464"">Google</a>",,,"<a href=""https://untappd.com/SidraMayador"">Untappd</a>"
281,2019,Flavored Cider and Perry,🥉 Bronze,Åkre Gård,Edel Rosè ,37,Norway,2544,Cider,Active,"<a href=""https://aakre-gard.no/"">Website</a>","<a href=""https://www.facebook.com/EdelSider/"">Facebook</a>","<a href=""https://www.instagram.com/edelsider"">Instagram</a>","<a href=""https://maps.google.com/?cid=10200668651455703399"">Google</a>",,"<a href=""https://www.tripadvisor.com/Attraction_Review-g21171125-d21170815"">TripAdvisor</a>","<a href=""https://untappd.com/Aakre_Gard"">Untappd</a>"
282,2019,Flavored Cider and Perry,🥉 Bronze,Sidra Ribela,Sidra con frambuesa ,35,Galicia,1486,Cider,Active,"<a href=""https://ribela.es/"">Website</a>","<a href=""https://www.facebook.com/profile.php?id=100057701497775"">Facebook</a>",,"<a href=""https://maps.google.com/?cid=4872815371612917435"">Google</a>",,,"<a href=""https://untappd.com/jesusarmenteros"">Untappd</a>"
283,2019,Flavored Cider and Perry,🥉 Bronze,Cidrerie de la Vallée de la Seiche,Cidre à la Rose ,35,France,2916,Cider,Active,"<a href=""https://www.valleedelaseiche.fr/"">Website</a>",,,"<a href=""https://maps.google.com/?cid=3742474259683548743"">Google</a>",,,"<a href=""https://untappd.com/w/cidrerie-de-la-vallee-de-la-seiche-cidrerie-michel-maman/78616"">Untappd</a>"
284,2019,Flavored Cider and Perry,🥉 Bronze,Sidra Mayador,Mayador fresa y lima ,34,Asturias,1610,Cider,Active,"<a href=""http://www.mayador.com/"">Website</a>","<a href=""https://www.facebook.com/sidramayadorcider"">Facebook</a>","<a href=""https://www.instagram.com/sidramayador/"">Instagram</a>","<a href=""https://maps.google.com/?cid=6886369759358960464"">Google</a>",,,"<a href=""https://untappd.com/SidraMayador"">Untappd</a>"
285,2019,Flavored Cider and Perry,🥉 Bronze,Araeta,Perada ,33,Basque Country,1624,Cider,Active,"<a href=""https://araeta.com/"">Website</a>","<a href=""https://www.facebook.com/pages/Araeta-Restaurante/294806956757"">Facebook</a>","<a href=""https://www.instagram.com/sidreria_araeta/"">Instagram</a>","<a href=""https://maps.google.com/?cid=16679682521656072832"">Google</a>",,"<a href=""https://www.tripadvisor.com/Restaurant_Review-g187457-d2482068"">TripAdvisor</a>","<a href=""https://untappd.com/w/araeta-sagardotegia/372000"">Untappd</a>"
286,2019,Flavored Cider and Perry,🥉 Bronze,Cidrerie de la Vallée de la Seiche,Cidre au safran ,33,France,2916,Cider,Active,"<a href=""https://www.valleedelaseiche.fr/"">Website</a>",,,"<a href=""https://maps.google.com/?cid=3742474259683548743"">Google</a>",,,"<a href=""https://untappd.com/w/cidrerie-de-la-vallee-de-la-seiche-cidrerie-michel-maman/78616"">Untappd</a>"
287,2019,Flavored Cider and Perry,🥉 Bronze,Sidra Somarroza,La Sidruca con zumo limón ,32,Cantabria,1921,Cider,Active,"<a href=""https://sidrasomarroza.es/"">Website</a>","<a href=""https://www.facebook.com/sidrasomarroza"">Facebook</a>","<a href=""https://www.instagram.com/sidrasomarroza/"">Instagram</a>","<a href=""https://maps.google.com/?cid=7109045394192195825"">Google</a>",,,"<a href=""https://untappd.com/w/somarroza/147830"">Untappd</a>"
288,2019,Flavored Cider and Perry,🥉 Bronze,Sidra El Gaitero,El Gaitero Red Grape ,32,Asturias,1314,Cider,Active,"<a href=""https://www.sidraelgaitero.com/"">Website</a>","<a href=""https://www.facebook.com/grupoelgaitero"">Facebook</a>","<a href=""https://www.instagram.com/grupoelgaitero/"">Instagram</a>","<a href=""https://maps.google.com/?cid=15753532318992345137"">Google</a>",,"<a href=""https://www.tripadvisor.com/Attraction_Review-g608997-d3239389"">TripAdvisor</a>","<a href=""https://untappd.com/brewery/4266"">Untappd</a>"
289,2019,Flavored Cider and Perry,🥉 Bronze,Hawkes,Sucker for Pumpkin ,32,England,2518,Cider,Active,"<a href=""https://wearehawkes.com/"">Website</a>","<a href=""https://www.facebook.com/wearehawkes/"">Facebook</a>","<a href=""https://www.instagram.com/hawkescidertap/"">Instagram</a>",,,,"<a href=""https://untappd.com/HawkesLondon"">Untappd</a>"
290,2019,Flavored Cider and Perry,🥉 Bronze,Hawkes,Pineapple Punch ,31,England,2518,Cider,Active,"<a href=""https://wearehawkes.com/"">Website</a>","<a href=""https://www.facebook.com/wearehawkes/"">Facebook</a>","<a href=""https://www.instagram.com/hawkescidertap/"">Instagram</a>",,,,"<a href=""https://untappd.com/HawkesLondon"">Untappd</a>"
291,2019,Flavored Cider and Perry,🥉 Bronze,Kuartango,Sagartxo ,30,Basque Country,2747,Cider,Active,"<a href=""https://kuartangosagardotegia.com/"">Website</a>","<a href=""https://www.facebook.com/SidreKuartango/"">Facebook</a>","<a href=""https://www.instagram.com/sidrekuartango/"">Instagram</a>","<a href=""https://maps.google.com/?cid=6181081338579081204"">Google</a>",,"<a href=""https://www.tripadvisor.com/Restaurant_Review-g25546823-d25546810"">TripAdvisor</a>","<a href=""https://untappd.com/w/sidreria-kuartango/438568"">Untappd</a>"
292,2019,Flavored Cider and Perry,🥉 Bronze,Kelterei Heil,Cyber Cider Lemon ,30,Germany,1574,Cider,Active,"<a href=""https://kelterei-heil.de/"">Website</a>","<a href=""https://www.facebook.com/keltereiheil/"">Facebook</a>","<a href=""https://www.instagram.com/keltereiheil"">Instagram</a>","<a href=""https://maps.google.com/?cid=18431477139160593371"">Google</a>",,,"<a href=""https://untappd.com/brewery/33255"">Untappd</a>"
293,2021,Natural Basque Cider,🥇 Gold,Zapiain,Joanes de Zapiain 2020,45,Basque Country,1172,Cider,Active,"<a href=""https://zapiain.eus/"">Website</a>","<a href=""https://www.facebook.com/zapiainsagardoa"">Facebook</a>","<a href=""https://www.instagram.com/zapiainsagardoa/"">Instagram</a>","<a href=""https://maps.google.com/?cid=16982677267877188990"">Google</a>",,"<a href=""https://www.tripadvisor.com/Restaurant_Review-g1064182-d3806229"">TripAdvisor</a>","<a href=""https://untappd.com/ZapiainSagardoa"">Untappd</a>"
294,2021,Natural Basque Cider,🥇 Gold,Oiharte,Oiharte Euskal Sagardoa,45,Basque Country,1639,Cider,Active,"<a href=""https://oiharte.com/"">Website</a>","<a href=""https://www.facebook.com/CasaRuralSidreriaOiharte"">Facebook</a>","<a href=""https://www.instagram.com/oiharte/"">Instagram</a>","<a href=""https://maps.google.com/?cid=7283611563965022999"">Google</a>",,"<a href=""https://www.tripadvisor.com/Restaurant_Review-g1235389-d2470675"">TripAdvisor</a>","<a href=""https://untappd.com/w/oiharte-sagardotegia/351344"">Untappd</a>"
295,2021,Natural Basque Cider,🥈 Silver,Isastegi,Isastegi Euskal Sagardoa Premium,43,Basque Country,1546,Cider,Active,"<a href=""https://www.isastegi.com/"">Website</a>","<a href=""https://www.facebook.com/isastegi.sagardotegia"">Facebook</a>","<a href=""https://www.instagram.com/isastegi/"">Instagram</a>","<a href=""https://maps.google.com/?cid=3927960308349571227"">Google</a>",,"<a href=""https://www.tripadvisor.com/Restaurant_Review-g1064362-d5772954"">TripAdvisor</a>","<a href=""https://untappd.com/brewery/6054"">Untappd</a>"
296,2021,Natural Basque Cider,🥈 Silver,Zapiain,Zapiain Berezia 2020,41,Basque Country,1172,Cider,Active,"<a href=""https://zapiain.eus/"">Website</a>","<a href=""https://www.facebook.com/zapiainsagardoa"">Facebook</a>","<a href=""https://www.instagram.com/zapiainsagardoa/"">Instagram</a>","<a href=""https://maps.google.com/?cid=16982677267877188990"">Google</a>",,"<a href=""https://www.tripadvisor.com/Restaurant_Review-g1064182-d3806229"">TripAdvisor</a>","<a href=""https://untappd.com/ZapiainSagardoa"">Untappd</a>"
297,2021,Natural Basque Cider,🥈 Silver,Gurutzeta,Gurutzeta E.S. Premium,41,Basque Country,1170,Cider,Active,"<a href=""https://www.gurutzeta.com/"">Website</a>","<a href=""https://www.facebook.com/profile.php?id=100063653015548"">Facebook</a>","<a href=""https://www.instagram.com/gurutzeta_sagar/"">Instagram</a>","<a href=""https://maps.google.com/?cid=3267815348998464054"">Google</a>",,"<a href=""https://www.tripadvisor.com/Restaurant_Review-g1064182-d3915865"">TripAdvisor</a>","<a href=""https://untappd.com/w/gurutzeta-sagardotegia/249476"">Untappd</a>"
298,2021,Natural Basque Cider,🥈 Silver,Isastegi,Isastegi Euskal Sagardoa,40,Basque Country,1546,Cider,Active,"<a href=""https://www.isastegi.com/"">Website</a>","<a href=""https://www.facebook.com/isastegi.sagardotegia"">Facebook</a>","<a href=""https://www.instagram.com/isastegi/"">Instagram</a>","<a href=""https://maps.google.com/?cid=3927960308349571227"">Google</a>",,"<a href=""https://www.tripadvisor.com/Restaurant_Review-g1064362-d5772954"">TripAdvisor</a>","<a href=""https://untappd.com/brewery/6054"">Untappd</a>"
299,2021,Natural Basque Cider,🥉 Bronze,Alorrenea,Euskal Sagardoa Premium,36,Basque Country,1167,Cider,Active,"<a href=""https://alorrenea.com/"">Website</a>","<a href=""https://www.facebook.com/Alorrenea/"">Facebook</a>","<a href=""https://www.instagram.com/alorrenea/"">Instagram</a>","<a href=""https://maps.google.com/?cid=7369065934381285009"">Google</a>","<a href=""https://www.yelp.com/biz/alorrenea-astigarraga"">Yelp</a>","<a href=""https://www.tripadvisor.com/Restaurant_Review-g1064182-d3809108"">TripAdvisor</a>","<a href=""https://untappd.com/w/sidreria-alorrena/64396"">Untappd</a>"
300,2021,Natural Basque Cider,🥉 Bronze,Izeta,Euskal sagardoa,31,Basque Country,1615,Cider,Active,"<a href=""https://www.izeta.es/"">Website</a>","<a href=""https://www.facebook.com/IzetaSagardotegia"">Facebook</a>","<a href=""https://www.instagram.com/izetasagardotegia/"">Instagram</a>","<a href=""https://maps.google.com/?cid=5193661031886461877"">Google</a>","<a href=""https://www.yelp.com/map/izeta-sidreria-aia"">Yelp</a>","<a href=""https://www.tripadvisor.com/Restaurant_Review-g897148-d4022936"">TripAdvisor</a>","<a href=""https://untappd.com/w/izeta-goikoa/226558"">Untappd</a>"
301,2021,Traditional Basque Cider,🥈 Silver,Gurutzeta,Gurutzeta Gorenak,41,Basque Country,1170,Cider,Active,"<a href=""https://www.gurutzeta.com/"">Website</a>","<a href=""https://www.facebook.com/profile.php?id=100063653015548"">Facebook</a>","<a href=""https://www.instagram.com/gurutzeta_sagar/"">Instagram</a>","<a href=""https://maps.google.com/?cid=3267815348998464054"">Google</a>",,"<a href=""https://www.tripadvisor.com/Restaurant_Review-g1064182-d3915865"">TripAdvisor</a>","<a href=""https://untappd.com/w/gurutzeta-sagardotegia/249476"">Untappd</a>"
302,2021,Traditional Basque Cider,🥈 Silver,Son of Man,Son Of Man Sagardo,38,United States,972,Cider,Active,"<a href=""https://www.sonofman.co/"">Website</a>",,"<a href=""https://www.instagram.com/sonofman.co/"">Instagram</a>",,,,"<a href=""https://untappd.com/w/son-of-man-sagardo/428029"">Untappd</a>"
303,2021,Traditional Basque Cider,🥉 Bronze,Kupela,Sagardoa Kupela,37,Basque Country,3092,Cider,Active,"<a href=""https://www.kupela.fr/"">Website</a>","<a href=""https://www.facebook.com/kupelasagardoa/"">Facebook</a>","<a href=""https://www.instagram.com/kupela_sagardoa_cidrebasque/"">Instagram</a>","<a href=""https://maps.google.com/?cid=16174297296951175087"">Google</a>",,,"<a href=""https://untappd.com/w/kupela-sagardoa-cidre-basque/282187"">Untappd</a>"
304,2021,Traditional Basque Cider,🥉 Bronze,Kupela,Aingura Kupela,35,Basque Country,3092,Cider,Active,"<a href=""https://www.kupela.fr/"">Website</a>","<a href=""https://www.facebook.com/kupelasagardoa/"">Facebook</a>","<a href=""https://www.instagram.com/kupela_sagardoa_cidrebasque/"">Instagram</a>","<a href=""https://maps.google.com/?cid=16174297296951175087"">Google</a>",,,"<a href=""https://untappd.com/w/kupela-sagardoa-cidre-basque/282187"">Untappd</a>"
305,2021,Traditional Basque Cider,🥉 Bronze,Baldorba Naturel & Sagarraleku,Baldorba Naturel & Sagarraleku,34,Basque Country,2742,Cider,Active,"<a href=""https://www.sidrasbaldorbanaturel.com/"">Website</a>","<a href=""https://www.facebook.com/sagarraleku/"">Facebook</a>","<a href=""https://www.instagram.com/sidrasbaldorbanaturel/"">Instagram</a>",,,,"<a href=""https://untappd.com/w/baldorba-sagardotegia/336919"">Untappd</a>"
306,2021,Natural Asturian Cider,🥇 Gold,Sidra Menéndez,Sidra natural,46,Asturias,1165,Cider,Active,"<a href=""https://www.sidramenendez.com/"">Website</a>","<a href=""https://www.facebook.com/sidramenendez/"">Facebook</a>","<a href=""https://www.instagram.com/sidra_menendez/"">Instagram</a>","<a href=""https://maps.google.com/?cid=17564685525851225222"">Google</a>",,,"<a href=""https://untappd.com/w/sidra-menendez/55771"">Untappd</a>"
307,2021,Natural Asturian Cider,🥇 Gold,Sidra Trabanco,Sidra Trabanco Selección,46,Asturias,1674,Cider,Active,"<a href=""https://www.sidratrabanco.com/"">Website</a>","<a href=""https://www.facebook.com/sidratrabanco/"">Facebook</a>","<a href=""https://www.instagram.com/sidratrabanco/"">Instagram</a>","<a href=""https://maps.google.com/?cid=8706552013547802387"">Google</a>",,,"<a href=""https://untappd.com/brewery/6382"">Untappd</a>"
308,2021,Natural Asturian Cider,🥇 Gold,Sidra Castañón,Sidra Castañon,45,Asturias,1473,Cider,Active,"<a href=""https://sidracastanon.com/"">Website</a>","<a href=""https://www.facebook.com/sidracastanon/"">Facebook</a>","<a href=""https://www.instagram.com/sidracastanon/"">Instagram</a>","<a href=""https://maps.google.com/?cid=3082307260151948865"">Google</a>",,"<a href=""https://www.tripadvisor.com/Attraction_Review-g2186312-d12246874"">TripAdvisor</a>","<a href=""https://untappd.com/w/llagar-sidra-casta-n/81481"">Untappd</a>"
309,2021,Natural Asturian Cider,🥈 Silver,Sidra Castañón,Sidra Val de Boides,42,Asturias,1473,Cider,Active,"<a href=""https://sidracastanon.com/"">Website</a>","<a href=""https://www.facebook.com/sidracastanon/"">Facebook</a>","<a href=""https://www.instagram.com/sidracastanon/"">Instagram</a>","<a href=""https://maps.google.com/?cid=3082307260151948865"">Google</a>",,"<a href=""https://www.tripadvisor.com/Attraction_Review-g2186312-d12246874"">TripAdvisor</a>","<a href=""https://untappd.com/w/llagar-sidra-casta-n/81481"">Untappd</a>"
310,2021,Natural Asturian Cider,🥈 Silver,Sidra Fran,Ramos del Valle,41,Asturias,1479,Cider,Active,"<a href=""https://sidrafran.es/"">Website</a>",,"<a href=""https://www.instagram.com/sidrafran1918/"">Instagram</a>","<a href=""https://maps.google.com/?cid=15672106953833908893"">Google</a>",,"<a href=""https://www.tripadvisor.com/Restaurant_Review-g2437300-d7244547"">TripAdvisor</a>","<a href=""https://untappd.com/w/sidra-fran/85954"">Untappd</a>"
311,2021,Natural Asturian Cider,🥈 Silver,Sidra Menéndez,Sidra natural D.O.P.,38,Asturias,1165,Cider,Active,"<a href=""https://www.sidramenendez.com/"">Website</a>","<a href=""https://www.facebook.com/sidramenendez/"">Facebook</a>","<a href=""https://www.instagram.com/sidra_menendez/"">Instagram</a>","<a href=""https://maps.google.com/?cid=17564685525851225222"">Google</a>",,,"<a href=""https://untappd.com/w/sidra-menendez/55771"">Untappd</a>"
312,2021,Natural Asturian Cider,🥉 Bronze,Sidra Piñera,Piñera,37,Asturias,1166,Cider,Active,"<a href=""https://www.sidrapinera.es/"">Website</a>","<a href=""https://www.facebook.com/sidrapinera/"">Facebook</a>","<a href=""https://www.instagram.com/sidrapinera/"">Instagram</a>","<a href=""https://maps.google.com/?cid=3226166040134745626"">Google</a>",,,
313,2021,Natural Asturian Cider,🥉 Bronze,Angry Orchard,Edu,36,United States,87,Cider,Active,"<a href=""https://www.angryorchard.com/"">Website</a>","<a href=""https://www.facebook.com/AngryOrchard/"">Facebook</a>","<a href=""https://www.instagram.com/angryorchard/"">Instagram</a>","<a href=""https://maps.google.com/?cid=17467507983407382578"">Google</a>","<a href=""https://www.yelp.com/biz/angry-orchard-walden-2"">Yelp</a>","<a href=""https://www.tripadvisor.com/Attraction_Review-g48788-d10266026"">TripAdvisor</a>","<a href=""https://untappd.com/w/angry-orchard-cider-company/16455"">Untappd</a>"
314,2021,Natural Asturian Cider,🥉 Bronze,Sidra Trabanco,Sidra Trabanco tradicional,35,Asturias,1674,Cider,Active,"<a href=""https://www.sidratrabanco.com/"">Website</a>","<a href=""https://www.facebook.com/sidratrabanco/"">Facebook</a>","<a href=""https://www.instagram.com/sidratrabanco/"">Instagram</a>","<a href=""https://maps.google.com/?cid=8706552013547802387"">Google</a>",,,"<a href=""https://untappd.com/brewery/6382"">Untappd</a>"
315,2021,Natural Asturian Cider,🥉 Bronze,Sidra Piñera,Piñera DOP,35,Asturias,1166,Cider,Active,"<a href=""https://www.sidrapinera.es/"">Website</a>","<a href=""https://www.facebook.com/sidrapinera/"">Facebook</a>","<a href=""https://www.instagram.com/sidrapinera/"">Instagram</a>","<a href=""https://maps.google.com/?cid=3226166040134745626"">Google</a>",,,
316,2021,Natural Asturian Cider,🥉 Bronze,Sidra El Gaitero,Pomarina Natural Tradicional,30,Asturias,1314,Cider,Active,"<a href=""https://www.sidraelgaitero.com/"">Website</a>","<a href=""https://www.facebook.com/grupoelgaitero"">Facebook</a>","<a href=""https://www.instagram.com/grupoelgaitero/"">Instagram</a>","<a href=""https://maps.google.com/?cid=15753532318992345137"">Google</a>",,"<a href=""https://www.tripadvisor.com/Attraction_Review-g608997-d3239389"">TripAdvisor</a>","<a href=""https://untappd.com/brewery/4266"">Untappd</a>"
317,2021,Traditional French Cider,🥇 Gold,Domaine de la Mare,L'Insoumis,46,France,2696,Cider,Active,"<a href=""https://www.domainedelamare.com/"">Website</a>",,,"<a href=""https://maps.google.com/?cid=11844878661689216154"">Google</a>",,,"<a href=""https://untappd.com/w/domaine-de-la-mare/511923"">Untappd</a>"
318,2021,Traditional French Cider,🥇 Gold,Domaine de la Mare,Le Généreux,46,France,2696,Cider,Active,"<a href=""https://www.domainedelamare.com/"">Website</a>",,,"<a href=""https://maps.google.com/?cid=11844878661689216154"">Google</a>",,,"<a href=""https://untappd.com/w/domaine-de-la-mare/511923"">Untappd</a>"
319,2021,Traditional French Cider,🥇 Gold,Eden Ciders,Eden Semi Dry Methode Traditionelle,46,United States,255,Cider,Active,"<a href=""https://www.edenciders.com/"">Website</a>","<a href=""https://facebook.com/edenspecialtyciders"">Facebook</a>","<a href=""https://www.instagram.com/edenciders/"">Instagram</a>","<a href=""https://maps.google.com/?cid=1133141626652589768"">Google</a>","<a href=""https://www.yelp.com/biz/northeast-kingdom-tasting-center-newport"">Yelp</a>","<a href=""https://www.tripadvisor.com/Restaurant_Review-g57335-d4675348"">TripAdvisor</a>","<a href=""https://untappd.com/w/eden-specialty-ciders/13108"">Untappd</a>"
320,2021,Traditional French Cider,🥈 Silver,Cidrerie de Rozavern,Finisterrae,42,France,1591,Cider,Active,"<a href=""https://www.rozavern.fr/"">Website</a>","<a href=""https://www.facebook.com/cidreriederozavern"">Facebook</a>","<a href=""https://www.instagram.com/cidrerierozavern"">Instagram</a>","<a href=""https://maps.google.com/?cid=2631934440861688338"">Google</a>",,"<a href=""https://www.tripadvisor.com/Attraction_Review-g1842069-d6157429"">TripAdvisor</a>","<a href=""https://untappd.com/w/cidrerie-de-rozavern/357316"">Untappd</a>"
321,2021,Traditional French Cider,🥈 Silver,Cider Sekt,Cider Talk Semi Dry,41,Czechia,2745,Cider,Active,"<a href=""https://www.cidersekt.cz/"">Website</a>","<a href=""https://www.facebook.com/cidertalk/"">Facebook</a>","<a href=""https://www.instagram.com/cidertalk/"">Instagram</a>","<a href=""https://maps.google.com/?cid=1744130511388226457"">Google</a>",,,"<a href=""https://untappd.com/w/provoco/396367"">Untappd</a>"
322,2021,Traditional French Cider,🥈 Silver,Les Vergers de Kermao,Kermao AOP Cornouaille,41,France,1587,Cider,Active,"<a href=""https://www.cidre-bretagne.com/"">Website</a>",,"<a href=""https://www.instagram.com/kermao.cidre/"">Instagram</a>","<a href=""https://maps.google.com/?cid=11761800243914556755"">Google</a>",,"<a href=""https://www.tripadvisor.com/Attraction_Review-g2184442-d8603735"">TripAdvisor</a>","<a href=""https://untappd.com/w/les-vergers-de-kermao/240565"">Untappd</a>"
323,2021,Traditional French Cider,🥈 Silver,Angry Orchard,Dear Brittany,38,United States,87,Cider,Active,"<a href=""https://www.angryorchard.com/"">Website</a>","<a href=""https://www.facebook.com/AngryOrchard/"">Facebook</a>","<a href=""https://www.instagram.com/angryorchard/"">Instagram</a>","<a href=""https://maps.google.com/?cid=17467507983407382578"">Google</a>","<a href=""https://www.yelp.com/biz/angry-orchard-walden-2"">Yelp</a>","<a href=""https://www.tripadvisor.com/Attraction_Review-g48788-d10266026"">TripAdvisor</a>","<a href=""https://untappd.com/w/angry-orchard-cider-company/16455"">Untappd</a>"
324,2021,Traditional French Cider,🥈 Silver,Cidrerie Berri,Cidre pétillant,38,Basque Country,1649,Cider,Active,"<a href=""https://txopinondo.fr/"">Website</a>","<a href=""https://www.facebook.com/txopinondo"">Facebook</a>","<a href=""https://www.instagram.com/txopinondo/"">Instagram</a>","<a href=""https://maps.google.com/?cid=14446292626809718341"">Google</a>",,"<a href=""https://www.tripadvisor.com/Restaurant_Review-g1118261-d2139433"">TripAdvisor</a>","<a href=""https://untappd.com/w/cidrerie-txopinondo/215570"">Untappd</a>"
325,2021,Traditional French Cider,🥈 Silver,Cider Sekt,Cider Talk Bitter Sweet,38,Czechia,2745,Cider,Active,"<a href=""https://www.cidersekt.cz/"">Website</a>","<a href=""https://www.facebook.com/cidertalk/"">Facebook</a>","<a href=""https://www.instagram.com/cidertalk/"">Instagram</a>","<a href=""https://maps.google.com/?cid=1744130511388226457"">Google</a>",,,"<a href=""https://untappd.com/w/provoco/396367"">Untappd</a>"
326,2021,Traditional French Cider,🥉 Bronze,Au Pressoir du Bélon,Cidre AOP Cornouaille,31,France,2712,Cider,Active,"<a href=""https://www.cidre-belon-bretagne.fr/"">Website</a>","<a href=""https://www.facebook.com/pressoirdubelon/"">Facebook</a>",,"<a href=""https://maps.google.com/?cid=3283810982033688807"">Google</a>",,,
327,2021,Traditional French Cider,🥉 Bronze,Cidrerie de Rozavern,Aod,30,France,1591,Cider,Active,"<a href=""https://www.rozavern.fr/"">Website</a>","<a href=""https://www.facebook.com/cidreriederozavern"">Facebook</a>","<a href=""https://www.instagram.com/cidrerierozavern"">Instagram</a>","<a href=""https://maps.google.com/?cid=2631934440861688338"">Google</a>",,"<a href=""https://www.tripadvisor.com/Attraction_Review-g1842069-d6157429"">TripAdvisor</a>","<a href=""https://untappd.com/w/cidrerie-de-rozavern/357316"">Untappd</a>"
328,2021,Traditional English Cider,🥇 Gold,Oliver's Cider and Perry,Gold Rush #9,46,England,1130,Cider,Active,"<a href=""https://www.oliversciderandperry.co.uk/"">Website</a>","<a href=""https://www.facebook.com/oliversciderandperry"">Facebook</a>","<a href=""https://www.instagram.com/tomoliverscider/"">Instagram</a>","<a href=""https://maps.google.com/?cid=7135495925516207657"">Google</a>",,,"<a href=""https://untappd.com/brewery/6568"">Untappd</a>"
329,2021,Traditional English Cider,🥇 Gold,Angry Orchard,Bitter Steve,45,United States,87,Cider,Active,"<a href=""https://www.angryorchard.com/"">Website</a>","<a href=""https://www.facebook.com/AngryOrchard/"">Facebook</a>","<a href=""https://www.instagram.com/angryorchard/"">Instagram</a>","<a href=""https://maps.google.com/?cid=17467507983407382578"">Google</a>","<a href=""https://www.yelp.com/biz/angry-orchard-walden-2"">Yelp</a>","<a href=""https://www.tripadvisor.com/Attraction_Review-g48788-d10266026"">TripAdvisor</a>","<a href=""https://untappd.com/w/angry-orchard-cider-company/16455"">Untappd</a>"
330,2021,Traditional English Cider,🥈 Silver,Oliver's Cider and Perry,The mayflower cider-The fifth voyage,43,England,1130,Cider,Active,"<a href=""https://www.oliversciderandperry.co.uk/"">Website</a>","<a href=""https://www.facebook.com/oliversciderandperry"">Facebook</a>","<a href=""https://www.instagram.com/tomoliverscider/"">Instagram</a>","<a href=""https://maps.google.com/?cid=7135495925516207657"">Google</a>",,,"<a href=""https://untappd.com/brewery/6568"">Untappd</a>"
331,2021,Traditional English Cider,🥈 Silver,Ross on Wye Cider & Perry,Bastet 2020,40,England,1134,Cider,Active,"<a href=""https://rosscider.com/"">Website</a>","<a href=""https://www.facebook.com/pages/Ross-On-Wye-Cider-Perry-Co/230745910360675"">Facebook</a>","<a href=""https://www.instagram.com/rosscider/"">Instagram</a>","<a href=""https://maps.google.com/?cid=15438292382118860282"">Google</a>",,,"<a href=""https://untappd.com/brewery/12570"">Untappd</a>"
332,2021,Traditional English Cider,🥈 Silver,Berryland,Pet-nat apple cider,40,Ukraine,1995,Cider,Inactive,"<a href=""http://berryland.shop/"">Website</a>","<a href=""https://www.facebook.com/ciderua/"">Facebook</a>","<a href=""https://www.instagram.com/berrylandcidery/"">Instagram</a>",,,,"<a href=""https://untappd.com/BerrylandUA"">Untappd</a>"
333,2021,Traditional English Cider,🥈 Silver,Berryland,Berryland Barrel fermented apple cider,39,Ukraine,1995,Cider,Inactive,"<a href=""http://berryland.shop/"">Website</a>","<a href=""https://www.facebook.com/ciderua/"">Facebook</a>","<a href=""https://www.instagram.com/berrylandcidery/"">Instagram</a>",,,,"<a href=""https://untappd.com/BerrylandUA"">Untappd</a>"
334,2021,Traditional English Cider,🥉 Bronze,Ross on Wye Cider & Perry,Dancing Required,34,England,1134,Cider,Active,"<a href=""https://rosscider.com/"">Website</a>","<a href=""https://www.facebook.com/pages/Ross-On-Wye-Cider-Perry-Co/230745910360675"">Facebook</a>","<a href=""https://www.instagram.com/rosscider/"">Instagram</a>","<a href=""https://maps.google.com/?cid=15438292382118860282"">Google</a>",,,"<a href=""https://untappd.com/brewery/12570"">Untappd</a>"
335,2021,Traditional English Cider,🥉 Bronze,Gutshof Kraatz,Apfel Cider 2020,33,Germany,2825,Cider,Active,"<a href=""https://gutshof-kraatz.de/"">Website</a>","<a href=""https://www.facebook.com/GutshofKraatz/"">Facebook</a>","<a href=""https://www.instagram.com/gutshof_kraatz/"">Instagram</a>","<a href=""https://maps.google.com/?cid=4340203013602665820"">Google</a>",,"<a href=""https://www.tripadvisor.com/Restaurant_Review-g12097270-d10525275"">TripAdvisor</a>","<a href=""https://untappd.com/w/kelterei-gutshof-kraatz/210948"">Untappd</a>"
336,2021,Traditional English Cider,🥉 Bronze,Eden Ciders,Cinderella`s Slipper,30,United States,255,Cider,Active,"<a href=""https://www.edenciders.com/"">Website</a>","<a href=""https://facebook.com/edenspecialtyciders"">Facebook</a>","<a href=""https://www.instagram.com/edenciders/"">Instagram</a>","<a href=""https://maps.google.com/?cid=1133141626652589768"">Google</a>","<a href=""https://www.yelp.com/biz/northeast-kingdom-tasting-center-newport"">Yelp</a>","<a href=""https://www.tripadvisor.com/Restaurant_Review-g57335-d4675348"">TripAdvisor</a>","<a href=""https://untappd.com/w/eden-specialty-ciders/13108"">Untappd</a>"
337,2021,Modern Cider,🥇 Gold,Sagar Iraultza,Musker,48,Basque Country,3627,Cider,Active,,,,,,,"<a href=""https://untappd.com/w/sagar-iraultza-s-l/497642"">Untappd</a>"
338,2021,Modern Cider,🥇 Gold,Cidérka,Rehek,47,Czechia,2760,Cider,Active,"<a href=""https://www.ciderka.cz/"">Website</a>","<a href=""https://www.facebook.com/ciderka.cz"">Facebook</a>","<a href=""https://www.instagram.com/ciderka.cz/"">Instagram</a>","<a href=""https://maps.google.com/?cid=4045068491840478725"">Google</a>",,,"<a href=""https://untappd.com/w/ciderka/463341"">Untappd</a>"
339,2021,Modern Cider,🥇 Gold,Angry Orchard,Understood in Motion 4,47,United States,87,Cider,Active,"<a href=""https://www.angryorchard.com/"">Website</a>","<a href=""https://www.facebook.com/AngryOrchard/"">Facebook</a>","<a href=""https://www.instagram.com/angryorchard/"">Instagram</a>","<a href=""https://maps.google.com/?cid=17467507983407382578"">Google</a>","<a href=""https://www.yelp.com/biz/angry-orchard-walden-2"">Yelp</a>","<a href=""https://www.tripadvisor.com/Attraction_Review-g48788-d10266026"">TripAdvisor</a>","<a href=""https://untappd.com/w/angry-orchard-cider-company/16455"">Untappd</a>"
340,2021,Modern Cider,🥇 Gold,Alde Sider,Alde sider,46,Norway,2546,Cider,Active,"<a href=""https://www.aldesider.no/"">Website</a>","<a href=""https://www.facebook.com/aldesider"">Facebook</a>","<a href=""https://www.instagram.com/aldesider/"">Instagram</a>","<a href=""https://maps.google.com/?cid=7838999053969928967"">Google</a>",,,"<a href=""https://untappd.com/Alde_hardanger"">Untappd</a>"
341,2021,Modern Cider,🥇 Gold,Cidérka,Červenka,46,Czechia,2760,Cider,Active,"<a href=""https://www.ciderka.cz/"">Website</a>","<a href=""https://www.facebook.com/ciderka.cz"">Facebook</a>","<a href=""https://www.instagram.com/ciderka.cz/"">Instagram</a>","<a href=""https://maps.google.com/?cid=4045068491840478725"">Google</a>",,,"<a href=""https://untappd.com/w/ciderka/463341"">Untappd</a>"
342,2021,Modern Cider,🥇 Gold,Urban Farm Fermentory,Super Dry Cidah,46,United States,658,Cider,Inactive,"<a href=""https://www.fermentory.com/"">Website</a>","<a href=""https://www.facebook.com/urbanfarmfermentory"">Facebook</a>","<a href=""https://www.instagram.com/fermentory/"">Instagram</a>",,"<a href=""https://www.yelp.com/biz/urban-farm-fermentory-portland"">Yelp</a>","<a href=""https://www.tripadvisor.com/Attraction_Review-g40827-d4509600"">TripAdvisor</a>","<a href=""https://untappd.com/w/urban-farm-fermentory/10661"">Untappd</a>"
343,2021,Modern Cider,🥇 Gold,Ulvik Frukt & Cideri,Gravenstein,46,Norway,1414,Cider,Active,"<a href=""http://www.hakastadsider.no/"">Website</a>","<a href=""https://www.facebook.com/pages/Ulvik-Frukt-Cideri/191311970916027"">Facebook</a>",,"<a href=""https://maps.google.com/?cid=8381380851022975775"">Google</a>",,,"<a href=""https://untappd.com/brewery/60198"">Untappd</a>"
344,2021,Modern Cider,🥇 Gold,Åkre Gård,Edel sider 6.5,45,Norway,2544,Cider,Active,"<a href=""https://aakre-gard.no/"">Website</a>","<a href=""https://www.facebook.com/EdelSider/"">Facebook</a>","<a href=""https://www.instagram.com/edelsider"">Instagram</a>","<a href=""https://maps.google.com/?cid=10200668651455703399"">Google</a>",,"<a href=""https://www.tripadvisor.com/Attraction_Review-g21171125-d21170815"">TripAdvisor</a>","<a href=""https://untappd.com/Aakre_Gard"">Untappd</a>"
345,2021,Modern Cider,🥇 Gold,Wata Lebanese Cider,Wata Lebanese Cider Brut,45,Lebanon,2143,Cider,Active,"<a href=""https://www.wata.com.lb/"">Website</a>","<a href=""https://www.facebook.com/watacider"">Facebook</a>","<a href=""https://www.instagram.com/watacider/"">Instagram</a>","<a href=""https://maps.google.com/?cid=4521420921498637695"">Google</a>",,,"<a href=""https://untappd.com/w/wata/513914"">Untappd</a>"
346,2021,Modern Cider,🥇 Gold,Hera Cider,SL Hoppy Cider,45,Galicia,3089,Cider,Active,"<a href=""https://heracider.com/"">Website</a>","<a href=""https://www.facebook.com/heracider/"">Facebook</a>","<a href=""https://www.instagram.com/heracider/"">Instagram</a>","<a href=""https://maps.google.com/?cid=2781404824572044242"">Google</a>",,,"<a href=""https://untappd.com/heracider"">Untappd</a>"
347,2021,Modern Cider,🥇 Gold,Ulvik Frukt & Cideri,Kvitanesen - Poesider,45,Norway,1414,Cider,Active,"<a href=""http://www.hakastadsider.no/"">Website</a>","<a href=""https://www.facebook.com/pages/Ulvik-Frukt-Cideri/191311970916027"">Facebook</a>",,"<a href=""https://maps.google.com/?cid=8381380851022975775"">Google</a>",,,"<a href=""https://untappd.com/brewery/60198"">Untappd</a>"
348,2021,Modern Cider,🥇 Gold,Sidra Trabanco,Pecado del paraiso dulce,45,Asturias,1674,Cider,Active,"<a href=""https://www.sidratrabanco.com/"">Website</a>","<a href=""https://www.facebook.com/sidratrabanco/"">Facebook</a>","<a href=""https://www.instagram.com/sidratrabanco/"">Instagram</a>","<a href=""https://maps.google.com/?cid=8706552013547802387"">Google</a>",,,"<a href=""https://untappd.com/brewery/6382"">Untappd</a>"
349,2021,Modern Cider,🥈 Silver,Jaanihanso,Jaanihanso Sec Methode Traditionnelle 2017,44,Estonia,1927,Cider,Active,"<a href=""http://www.jaanihanso.ee/"">Website</a>","<a href=""https://www.facebook.com/Jaanihanso"">Facebook</a>","<a href=""https://www.instagram.com/jaanihanso/"">Instagram</a>","<a href=""https://maps.google.com/?cid=7606641832512391290"">Google</a>",,"<a href=""https://www.tripadvisor.com/Attraction_Review-g274956-d12851482"">TripAdvisor</a>","<a href=""https://untappd.com/Jaanihanso"">Untappd</a>"
350,2021,Modern Cider,🥈 Silver,Au Pressoir du Bélon,Cidre Blanc,44,France,2712,Cider,Active,"<a href=""https://www.cidre-belon-bretagne.fr/"">Website</a>","<a href=""https://www.facebook.com/pressoirdubelon/"">Facebook</a>",,"<a href=""https://maps.google.com/?cid=3283810982033688807"">Google</a>",,,
351,2021,Modern Cider,🥈 Silver,Exner Cider,Exner craft apple cider,43,Asturias,2755,Cider,Active,"<a href=""https://exnercider.com/"">Website</a>","<a href=""https://www.facebook.com/ExnerCider/"">Facebook</a>","<a href=""https://www.instagram.com/exner.cider/"">Instagram</a>","<a href=""https://maps.google.com/?cid=3356560758775211802"">Google</a>",,,"<a href=""https://untappd.com/b/llagar-sidra-castanon-exner/3684800"">Untappd</a>"
352,2021,Modern Cider,🥈 Silver,Ciderzale,High Flying Cider,43,Basque Country,3623,Cider,Inactive,"<a href=""https://ciderzale.com/"">Website</a>","<a href=""https://www.facebook.com/ciderzale/"">Facebook</a>","<a href=""https://www.instagram.com/ciderzale/"">Instagram</a>",,,,"<a href=""https://untappd.com/w/ciderzale/483443"">Untappd</a>"
353,2021,Modern Cider,🥈 Silver,Sidra Posma,Posma,42,Canary Islands,3081,Cider,Active,,"<a href=""https://www.facebook.com/profile.php?id=100063717535205"">Facebook</a>",,,,,"<a href=""https://untappd.com/w/posma/512334"">Untappd</a>"
354,2021,Modern Cider,🥈 Silver,Sidra Castañón,Xiz frizzant,40,Asturias,1473,Cider,Active,"<a href=""https://sidracastanon.com/"">Website</a>","<a href=""https://www.facebook.com/sidracastanon/"">Facebook</a>","<a href=""https://www.instagram.com/sidracastanon/"">Instagram</a>","<a href=""https://maps.google.com/?cid=3082307260151948865"">Google</a>",,"<a href=""https://www.tripadvisor.com/Attraction_Review-g2186312-d12246874"">TripAdvisor</a>","<a href=""https://untappd.com/w/llagar-sidra-casta-n/81481"">Untappd</a>"
355,2021,Modern Cider,🥈 Silver,Pom Sidro Creativo,Sidro Creativo,40,Italy,3158,Cider,Active,"<a href=""https://www.sidropom.com/"">Website</a>","<a href=""https://www.facebook.com/profile.php?id=100069003333725"">Facebook</a>","<a href=""https://www.instagram.com/sidropom/"">Instagram</a>","<a href=""https://maps.google.com/?cid=17454691130515952955"">Google</a>",,,"<a href=""https://untappd.com/w/pom-sidro-creativo/514926"">Untappd</a>"
356,2021,Modern Cider,🥈 Silver,---,Pok!,40,Switzerland,X,Cider,Inactive,,,,,,,
357,2021,Modern Cider,🥈 Silver,Sidra Trabanco,Lagar de Camin clasica sin alcohol,39,Asturias,1674,Cider,Active,"<a href=""https://www.sidratrabanco.com/"">Website</a>","<a href=""https://www.facebook.com/sidratrabanco/"">Facebook</a>","<a href=""https://www.instagram.com/sidratrabanco/"">Instagram</a>","<a href=""https://maps.google.com/?cid=8706552013547802387"">Google</a>",,,"<a href=""https://untappd.com/brewery/6382"">Untappd</a>"
358,2021,Modern Cider,🥈 Silver,Sidra Trabanco,Pecado del paraiso sin alcohol,39,Asturias,1674,Cider,Active,"<a href=""https://www.sidratrabanco.com/"">Website</a>","<a href=""https://www.facebook.com/sidratrabanco/"">Facebook</a>","<a href=""https://www.instagram.com/sidratrabanco/"">Instagram</a>","<a href=""https://maps.google.com/?cid=8706552013547802387"">Google</a>",,,"<a href=""https://untappd.com/brewery/6382"">Untappd</a>"
359,2021,Modern Cider,🥈 Silver,Sidra Somarroza,Capricho de Somarroza,39,Cantabria,1921,Cider,Active,"<a href=""https://sidrasomarroza.es/"">Website</a>","<a href=""https://www.facebook.com/sidrasomarroza"">Facebook</a>","<a href=""https://www.instagram.com/sidrasomarroza/"">Instagram</a>","<a href=""https://maps.google.com/?cid=7109045394192195825"">Google</a>",,,"<a href=""https://untappd.com/w/somarroza/147830"">Untappd</a>"
360,2021,Modern Cider,🥈 Silver,Domaine de la Mare,L`Imprévu,39,France,2696,Cider,Active,"<a href=""https://www.domainedelamare.com/"">Website</a>",,,"<a href=""https://maps.google.com/?cid=11844878661689216154"">Google</a>",,,"<a href=""https://untappd.com/w/domaine-de-la-mare/511923"">Untappd</a>"
361,2021,Modern Cider,🥈 Silver,Åkre Gård,"Edel Sider, 4,7",38,Norway,2544,Cider,Active,"<a href=""https://aakre-gard.no/"">Website</a>","<a href=""https://www.facebook.com/EdelSider/"">Facebook</a>","<a href=""https://www.instagram.com/edelsider"">Instagram</a>","<a href=""https://maps.google.com/?cid=10200668651455703399"">Google</a>",,"<a href=""https://www.tripadvisor.com/Attraction_Review-g21171125-d21170815"">TripAdvisor</a>","<a href=""https://untappd.com/Aakre_Gard"">Untappd</a>"
362,2021,Modern Cider,🥈 Silver,Weidmann & Groh,Grohsecco,38,Germany,1343,Spirits,Active,"<a href=""https://weidmann-groh.de/"">Website</a>","<a href=""https://www.facebook.com/pages/WEIDMANN-GROH/138116339592327"">Facebook</a>",,"<a href=""https://maps.google.com/?cid=6569120976887073603"">Google</a>",,,"<a href=""https://untappd.com/w/weidmann-groh/73065"">Untappd</a>"
363,2021,Modern Cider,🥈 Silver,Campple Cider,Campple cider,38,Asturias,3622,Cider,Active,"<a href=""https://campplecider.com/"">Website</a>",,"<a href=""https://www.instagram.com/campplecider/"">Instagram</a>","<a href=""https://maps.google.com/?cid=16532819691065513954"">Google</a>",,,"<a href=""https://untappd.com/w/campple-iberica/458579"">Untappd</a>"
364,2021,Modern Cider,🥈 Silver,Wata Lebanese Cider,Wata Lebanese Cider Dry,38,Lebanon,2143,Cider,Active,"<a href=""https://www.wata.com.lb/"">Website</a>","<a href=""https://www.facebook.com/watacider"">Facebook</a>","<a href=""https://www.instagram.com/watacider/"">Instagram</a>","<a href=""https://maps.google.com/?cid=4521420921498637695"">Google</a>",,,"<a href=""https://untappd.com/w/wata/513914"">Untappd</a>"
365,2021,Modern Cider,🥈 Silver,Sidra El Gaitero,Pomarina Natural,38,Asturias,1314,Cider,Active,"<a href=""https://www.sidraelgaitero.com/"">Website</a>","<a href=""https://www.facebook.com/grupoelgaitero"">Facebook</a>","<a href=""https://www.instagram.com/grupoelgaitero/"">Instagram</a>","<a href=""https://maps.google.com/?cid=15753532318992345137"">Google</a>",,"<a href=""https://www.tripadvisor.com/Attraction_Review-g608997-d3239389"">TripAdvisor</a>","<a href=""https://untappd.com/brewery/4266"">Untappd</a>"
366,2021,Modern Cider,🥉 Bronze,ERIS Brewery & Cider House,Pedestrian Apple Cider,37,United States,262,Cider,Active,"<a href=""https://www.erischicago.com/"">Website</a>","<a href=""https://www.facebook.com/erischicago"">Facebook</a>","<a href=""https://www.instagram.com/erischicago/"">Instagram</a>","<a href=""https://maps.google.com/?cid=8228819364943835803"">Google</a>","<a href=""https://www.yelp.com/biz/eris-brewery-and-cider-house-chicago"">Yelp</a>","<a href=""https://www.tripadvisor.com/Restaurant_Review-g35805-d13418130"">TripAdvisor</a>","<a href=""https://untappd.com/w/eris-brewery-cider-house/379702"">Untappd</a>"
367,2021,Modern Cider,🥉 Bronze,Wata Lebanese Cider,Wata Lebanese Cider Original,36,Lebanon,2143,Cider,Active,"<a href=""https://www.wata.com.lb/"">Website</a>","<a href=""https://www.facebook.com/watacider"">Facebook</a>","<a href=""https://www.instagram.com/watacider/"">Instagram</a>","<a href=""https://maps.google.com/?cid=4521420921498637695"">Google</a>",,,"<a href=""https://untappd.com/w/wata/513914"">Untappd</a>"
368,2021,Modern Cider,🥉 Bronze,Paladeus,Paladeus - Cider 1979,36,Italy,3024,Cider,Active,"<a href=""http://www.paladeus.it/"">Website</a>","<a href=""https://www.facebook.com/profile.php?id=100067062071715"">Facebook</a>","<a href=""https://www.instagram.com/paladeus_cider/"">Instagram</a>","<a href=""https://maps.google.com/?cid=8605615739361573597"">Google</a>",,,"<a href=""https://untappd.com/w/paladeus/538622"">Untappd</a>"
369,2021,Modern Cider,🥉 Bronze,Jaanihanso,Jaanihanso Doux Methode Traditionnelle 2017,35,Estonia,1927,Cider,Active,"<a href=""http://www.jaanihanso.ee/"">Website</a>","<a href=""https://www.facebook.com/Jaanihanso"">Facebook</a>","<a href=""https://www.instagram.com/jaanihanso/"">Instagram</a>","<a href=""https://maps.google.com/?cid=7606641832512391290"">Google</a>",,"<a href=""https://www.tripadvisor.com/Attraction_Review-g274956-d12851482"">TripAdvisor</a>","<a href=""https://untappd.com/Jaanihanso"">Untappd</a>"
370,2021,Modern Cider,🥉 Bronze,Sidra Trabanco,Lagar de Camin clasica dulce,35,Asturias,1674,Cider,Active,"<a href=""https://www.sidratrabanco.com/"">Website</a>","<a href=""https://www.facebook.com/sidratrabanco/"">Facebook</a>","<a href=""https://www.instagram.com/sidratrabanco/"">Instagram</a>","<a href=""https://maps.google.com/?cid=8706552013547802387"">Google</a>",,,"<a href=""https://untappd.com/brewery/6382"">Untappd</a>"
371,2021,Modern Cider,🥉 Bronze,Sidra Trabanco,Pecado del paraiso natural,34,Asturias,1674,Cider,Active,"<a href=""https://www.sidratrabanco.com/"">Website</a>","<a href=""https://www.facebook.com/sidratrabanco/"">Facebook</a>","<a href=""https://www.instagram.com/sidratrabanco/"">Instagram</a>","<a href=""https://maps.google.com/?cid=8706552013547802387"">Google</a>",,,"<a href=""https://untappd.com/brewery/6382"">Untappd</a>"
372,2021,Modern Cider,🥉 Bronze,Elegast Cidery,Wild Cider,32,Netherlands,2660,Cider,Active,"<a href=""https://elegastcider.nl/"">Website</a>","<a href=""https://www.facebook.com/elegastcidery/"">Facebook</a>","<a href=""https://www.instagram.com/elegast_cidery/"">Instagram</a>","<a href=""https://maps.google.com/?cid=5936408747857287023"">Google</a>",,,"<a href=""https://untappd.com/ElegastCidery"">Untappd</a>"
373,2021,Modern Cider,🥉 Bronze,Sidra El Gaitero,Sidra Gaitero Rosé,30,Asturias,1314,Cider,Active,"<a href=""https://www.sidraelgaitero.com/"">Website</a>","<a href=""https://www.facebook.com/grupoelgaitero"">Facebook</a>","<a href=""https://www.instagram.com/grupoelgaitero/"">Instagram</a>","<a href=""https://maps.google.com/?cid=15753532318992345137"">Google</a>",,"<a href=""https://www.tripadvisor.com/Attraction_Review-g608997-d3239389"">TripAdvisor</a>","<a href=""https://untappd.com/brewery/4266"">Untappd</a>"
374,2021,Modern Cider,🥉 Bronze,Sidra El Gaitero,Sidra El Gaitero Extra,30,Asturias,1314,Cider,Active,"<a href=""https://www.sidraelgaitero.com/"">Website</a>","<a href=""https://www.facebook.com/grupoelgaitero"">Facebook</a>","<a href=""https://www.instagram.com/grupoelgaitero/"">Instagram</a>","<a href=""https://maps.google.com/?cid=15753532318992345137"">Google</a>",,"<a href=""https://www.tripadvisor.com/Attraction_Review-g608997-d3239389"">TripAdvisor</a>","<a href=""https://untappd.com/brewery/4266"">Untappd</a>"
375,2021,Modern Cider,🥉 Bronze,Sidra El Gaitero,Spring Cider Manzana,30,Asturias,1314,Cider,Active,"<a href=""https://www.sidraelgaitero.com/"">Website</a>","<a href=""https://www.facebook.com/grupoelgaitero"">Facebook</a>","<a href=""https://www.instagram.com/grupoelgaitero/"">Instagram</a>","<a href=""https://maps.google.com/?cid=15753532318992345137"">Google</a>",,"<a href=""https://www.tripadvisor.com/Attraction_Review-g608997-d3239389"">TripAdvisor</a>","<a href=""https://untappd.com/brewery/4266"">Untappd</a>"
376,2021,Modern Cider,🥉 Bronze,Hera Cider,Natural,30,Galicia,3089,Cider,Active,"<a href=""https://heracider.com/"">Website</a>","<a href=""https://www.facebook.com/heracider/"">Facebook</a>","<a href=""https://www.instagram.com/heracider/"">Instagram</a>","<a href=""https://maps.google.com/?cid=2781404824572044242"">Google</a>",,,"<a href=""https://untappd.com/heracider"">Untappd</a>"
377,2021,Ice Cider,🥇 Gold,Sidra Panizales,Sidra de fuego Caldea,47,Asturias,1519,Cider,Active,"<a href=""https://sidrapanizales.com/"">Website</a>","<a href=""https://www.facebook.com/panizales.sidra"">Facebook</a>","<a href=""https://www.instagram.com/sidrapanizales/"">Instagram</a>","<a href=""https://maps.google.com/?cid=16258480851124885832"">Google</a>",,"<a href=""https://www.tripadvisor.com/Restaurant_Review-g775263-d7621234"">TripAdvisor</a>","<a href=""https://untappd.com/w/llagar-panizales/152401"">Untappd</a>"
378,2021,Ice Cider,🥇 Gold,Zapiain,Bizi-Goxo 2017,47,Basque Country,1172,Cider,Active,"<a href=""https://zapiain.eus/"">Website</a>","<a href=""https://www.facebook.com/zapiainsagardoa"">Facebook</a>","<a href=""https://www.instagram.com/zapiainsagardoa/"">Instagram</a>","<a href=""https://maps.google.com/?cid=16982677267877188990"">Google</a>",,"<a href=""https://www.tripadvisor.com/Restaurant_Review-g1064182-d3806229"">TripAdvisor</a>","<a href=""https://untappd.com/ZapiainSagardoa"">Untappd</a>"
379,2021,Ice Cider,🥇 Gold,Zapiain,Bizi-Goxo 2015,46,Basque Country,1172,Cider,Active,"<a href=""https://zapiain.eus/"">Website</a>","<a href=""https://www.facebook.com/zapiainsagardoa"">Facebook</a>","<a href=""https://www.instagram.com/zapiainsagardoa/"">Instagram</a>","<a href=""https://maps.google.com/?cid=16982677267877188990"">Google</a>",,"<a href=""https://www.tripadvisor.com/Restaurant_Review-g1064182-d3806229"">TripAdvisor</a>","<a href=""https://untappd.com/ZapiainSagardoa"">Untappd</a>"
380,2021,Ice Cider,🥇 Gold,Åkre Gård,Edel is-sider,46,Norway,2544,Cider,Active,"<a href=""https://aakre-gard.no/"">Website</a>","<a href=""https://www.facebook.com/EdelSider/"">Facebook</a>","<a href=""https://www.instagram.com/edelsider"">Instagram</a>","<a href=""https://maps.google.com/?cid=10200668651455703399"">Google</a>",,"<a href=""https://www.tripadvisor.com/Attraction_Review-g21171125-d21170815"">TripAdvisor</a>","<a href=""https://untappd.com/Aakre_Gard"">Untappd</a>"
381,2021,Ice Cider,🥇 Gold,Sidra Panizales,Sidra de hielo Panizales,46,Asturias,1519,Cider,Active,"<a href=""https://sidrapanizales.com/"">Website</a>","<a href=""https://www.facebook.com/panizales.sidra"">Facebook</a>","<a href=""https://www.instagram.com/sidrapanizales/"">Instagram</a>","<a href=""https://maps.google.com/?cid=16258480851124885832"">Google</a>",,"<a href=""https://www.tripadvisor.com/Restaurant_Review-g775263-d7621234"">TripAdvisor</a>","<a href=""https://untappd.com/w/llagar-panizales/152401"">Untappd</a>"
382,2021,Ice Cider,🥇 Gold,Eden Ciders,Falstaff 2013,45,United States,255,Cider,Active,"<a href=""https://www.edenciders.com/"">Website</a>","<a href=""https://facebook.com/edenspecialtyciders"">Facebook</a>","<a href=""https://www.instagram.com/edenciders/"">Instagram</a>","<a href=""https://maps.google.com/?cid=1133141626652589768"">Google</a>","<a href=""https://www.yelp.com/biz/northeast-kingdom-tasting-center-newport"">Yelp</a>","<a href=""https://www.tripadvisor.com/Restaurant_Review-g57335-d4675348"">TripAdvisor</a>","<a href=""https://untappd.com/w/eden-specialty-ciders/13108"">Untappd</a>"
383,2021,Ice Cider,🥇 Gold,Åkre Gård,Edel sider - Premium 12,45,Norway,2544,Cider,Active,"<a href=""https://aakre-gard.no/"">Website</a>","<a href=""https://www.facebook.com/EdelSider/"">Facebook</a>","<a href=""https://www.instagram.com/edelsider"">Instagram</a>","<a href=""https://maps.google.com/?cid=10200668651455703399"">Google</a>",,"<a href=""https://www.tripadvisor.com/Attraction_Review-g21171125-d21170815"">TripAdvisor</a>","<a href=""https://untappd.com/Aakre_Gard"">Untappd</a>"
384,2021,Ice Cider,🥇 Gold,Sidra Panizales,Sidra de postre Olivia,45,Asturias,1519,Cider,Active,"<a href=""https://sidrapanizales.com/"">Website</a>","<a href=""https://www.facebook.com/panizales.sidra"">Facebook</a>","<a href=""https://www.instagram.com/sidrapanizales/"">Instagram</a>","<a href=""https://maps.google.com/?cid=16258480851124885832"">Google</a>",,"<a href=""https://www.tripadvisor.com/Restaurant_Review-g775263-d7621234"">TripAdvisor</a>","<a href=""https://untappd.com/w/llagar-panizales/152401"">Untappd</a>"
385,2021,Ice Cider,🥈 Silver,Sidra La Borda de Basajaun,Basajaun Crianza,40,Basque Country,3628,Cider,Active,,"<a href=""https://www.facebook.com/sidra.basajaun"">Facebook</a>","<a href=""https://www.instagram.com/sidra.labordadebasajaun/"">Instagram</a>",,,,
386,2021,Ice Cider,🥈 Silver,Sidra La Borda de Basajaun,Basajaun Dulce,38,Basque Country,3628,Cider,Active,,"<a href=""https://www.facebook.com/sidra.basajaun"">Facebook</a>","<a href=""https://www.instagram.com/sidra.labordadebasajaun/"">Instagram</a>",,,,
387,2021,Ice Cider,🥉 Bronze,Trois-Lacs Ciders,Nectar Givré,37,Switzerland,3109,Cider,Active,"<a href=""https://trois-lacs-ciders.webflow.io/"">Website</a>",,"<a href=""https://www.instagram.com/trois_lacs_ciders/"">Instagram</a>","<a href=""https://maps.google.com/?cid=11057921790831268912"">Google</a>",,,"<a href=""https://untappd.com/w/trois-lacs-ciders/502801"">Untappd</a>"
388,2021,Ice Cider,🥉 Bronze,Sidra El Gaitero,Sidra de Hielo 1898,37,Asturias,1314,Cider,Active,"<a href=""https://www.sidraelgaitero.com/"">Website</a>","<a href=""https://www.facebook.com/grupoelgaitero"">Facebook</a>","<a href=""https://www.instagram.com/grupoelgaitero/"">Instagram</a>","<a href=""https://maps.google.com/?cid=15753532318992345137"">Google</a>",,"<a href=""https://www.tripadvisor.com/Attraction_Review-g608997-d3239389"">TripAdvisor</a>","<a href=""https://untappd.com/brewery/4266"">Untappd</a>"
389,2021,Ice Cider,🥉 Bronze,Eden Ciders,2018 Eden Heirloom Blend,37,United States,255,Cider,Active,"<a href=""https://www.edenciders.com/"">Website</a>","<a href=""https://facebook.com/edenspecialtyciders"">Facebook</a>","<a href=""https://www.instagram.com/edenciders/"">Instagram</a>","<a href=""https://maps.google.com/?cid=1133141626652589768"">Google</a>","<a href=""https://www.yelp.com/biz/northeast-kingdom-tasting-center-newport"">Yelp</a>","<a href=""https://www.tripadvisor.com/Restaurant_Review-g57335-d4675348"">TripAdvisor</a>","<a href=""https://untappd.com/w/eden-specialty-ciders/13108"">Untappd</a>"
390,2021,Ice Cider,🥉 Bronze,Kuartango,Su sagar,36,Basque Country,2747,Cider,Active,"<a href=""https://kuartangosagardotegia.com/"">Website</a>","<a href=""https://www.facebook.com/SidreKuartango/"">Facebook</a>","<a href=""https://www.instagram.com/sidrekuartango/"">Instagram</a>","<a href=""https://maps.google.com/?cid=6181081338579081204"">Google</a>",,"<a href=""https://www.tripadvisor.com/Restaurant_Review-g25546823-d25546810"">TripAdvisor</a>","<a href=""https://untappd.com/w/sidreria-kuartango/438568"">Untappd</a>"
391,2021,Ice Cider,🥉 Bronze,Alde Sider,Alde Svans,36,Norway,2546,Cider,Active,"<a href=""https://www.aldesider.no/"">Website</a>","<a href=""https://www.facebook.com/aldesider"">Facebook</a>","<a href=""https://www.instagram.com/aldesider/"">Instagram</a>","<a href=""https://maps.google.com/?cid=7838999053969928967"">Google</a>",,,"<a href=""https://untappd.com/Alde_hardanger"">Untappd</a>"
392,2021,Ice Cider,🥉 Bronze,Sidra La Borda de Basajaun,Basajaun Clasic,36,Basque Country,3628,Cider,Active,,"<a href=""https://www.facebook.com/sidra.basajaun"">Facebook</a>","<a href=""https://www.instagram.com/sidra.labordadebasajaun/"">Instagram</a>",,,,
393,2021,Ice Cider,🥉 Bronze,Alde Sider,Alde Issider,36,Norway,2546,Cider,Active,"<a href=""https://www.aldesider.no/"">Website</a>","<a href=""https://www.facebook.com/aldesider"">Facebook</a>","<a href=""https://www.instagram.com/aldesider/"">Instagram</a>","<a href=""https://maps.google.com/?cid=7838999053969928967"">Google</a>",,,"<a href=""https://untappd.com/Alde_hardanger"">Untappd</a>"
394,2021,Ice Cider,🥉 Bronze,Oiharte,Oiharte Izotzezko sagardoa,34,Basque Country,1639,Cider,Active,"<a href=""https://oiharte.com/"">Website</a>","<a href=""https://www.facebook.com/CasaRuralSidreriaOiharte"">Facebook</a>","<a href=""https://www.instagram.com/oiharte/"">Instagram</a>","<a href=""https://maps.google.com/?cid=7283611563965022999"">Google</a>",,"<a href=""https://www.tripadvisor.com/Restaurant_Review-g1235389-d2470675"">TripAdvisor</a>","<a href=""https://untappd.com/w/oiharte-sagardotegia/351344"">Untappd</a>"
395,2021,Ice Cider,🥉 Bronze,Angry Orchard,Ice Cider,30,United States,87,Cider,Active,"<a href=""https://www.angryorchard.com/"">Website</a>","<a href=""https://www.facebook.com/AngryOrchard/"">Facebook</a>","<a href=""https://www.instagram.com/angryorchard/"">Instagram</a>","<a href=""https://maps.google.com/?cid=17467507983407382578"">Google</a>","<a href=""https://www.yelp.com/biz/angry-orchard-walden-2"">Yelp</a>","<a href=""https://www.tripadvisor.com/Attraction_Review-g48788-d10266026"">TripAdvisor</a>","<a href=""https://untappd.com/w/angry-orchard-cider-company/16455"">Untappd</a>"
396,2021,Flavored Cider and Perry,🥇 Gold,Sidra Somarroza,Bíter Bio Somarroza,48,Cantabria,1921,Cider,Active,"<a href=""https://sidrasomarroza.es/"">Website</a>","<a href=""https://www.facebook.com/sidrasomarroza"">Facebook</a>","<a href=""https://www.instagram.com/sidrasomarroza/"">Instagram</a>","<a href=""https://maps.google.com/?cid=7109045394192195825"">Google</a>",,,"<a href=""https://untappd.com/w/somarroza/147830"">Untappd</a>"
397,2021,Flavored Cider and Perry,🥇 Gold,Ulvik Frukt & Cideri,Hylleblomsider,47,Norway,1414,Cider,Active,"<a href=""http://www.hakastadsider.no/"">Website</a>","<a href=""https://www.facebook.com/pages/Ulvik-Frukt-Cideri/191311970916027"">Facebook</a>",,"<a href=""https://maps.google.com/?cid=8381380851022975775"">Google</a>",,,"<a href=""https://untappd.com/brewery/60198"">Untappd</a>"
398,2021,Flavored Cider and Perry,🥇 Gold,Angry Orchard,Francenstein,47,United States,87,Cider,Active,"<a href=""https://www.angryorchard.com/"">Website</a>","<a href=""https://www.facebook.com/AngryOrchard/"">Facebook</a>","<a href=""https://www.instagram.com/angryorchard/"">Instagram</a>","<a href=""https://maps.google.com/?cid=17467507983407382578"">Google</a>","<a href=""https://www.yelp.com/biz/angry-orchard-walden-2"">Yelp</a>","<a href=""https://www.tripadvisor.com/Attraction_Review-g48788-d10266026"">TripAdvisor</a>","<a href=""https://untappd.com/w/angry-orchard-cider-company/16455"">Untappd</a>"
399,2021,Flavored Cider and Perry,🥇 Gold,Oiharte,Oiharte lupuloarekin hartzitutako Euskal Sagardo Naturala,47,Basque Country,1639,Cider,Active,"<a href=""https://oiharte.com/"">Website</a>","<a href=""https://www.facebook.com/CasaRuralSidreriaOiharte"">Facebook</a>","<a href=""https://www.instagram.com/oiharte/"">Instagram</a>","<a href=""https://maps.google.com/?cid=7283611563965022999"">Google</a>",,"<a href=""https://www.tripadvisor.com/Restaurant_Review-g1235389-d2470675"">TripAdvisor</a>","<a href=""https://untappd.com/w/oiharte-sagardotegia/351344"">Untappd</a>"
400,2021,Flavored Cider and Perry,🥇 Gold,Floribunda,Quitten Cider alla Cotogna,46,Italy,2029,Cider,Active,"<a href=""https://www.floribunda.it/"">Website</a>",,"<a href=""https://www.instagram.com/floribundacider/"">Instagram</a>","<a href=""https://maps.google.com/?cid=14548393953505771229"">Google</a>",,,"<a href=""https://untappd.com/w/floribunda/333615"">Untappd</a>"
401,2021,Flavored Cider and Perry,🥇 Gold,Weidmann & Groh,Cydonia,46,Germany,1343,Spirits,Active,"<a href=""https://weidmann-groh.de/"">Website</a>","<a href=""https://www.facebook.com/pages/WEIDMANN-GROH/138116339592327"">Facebook</a>",,"<a href=""https://maps.google.com/?cid=6569120976887073603"">Google</a>",,,"<a href=""https://untappd.com/w/weidmann-groh/73065"">Untappd</a>"
402,2021,Flavored Cider and Perry,🥇 Gold,Floribunda,Holunder Cider al Sambuco,46,Italy,2029,Cider,Active,"<a href=""https://www.floribunda.it/"">Website</a>",,"<a href=""https://www.instagram.com/floribundacider/"">Instagram</a>","<a href=""https://maps.google.com/?cid=14548393953505771229"">Google</a>",,,"<a href=""https://untappd.com/w/floribunda/333615"">Untappd</a>"
403,2021,Flavored Cider and Perry,🥇 Gold,Cidrerie Berri,Kalipoko peche,45,Basque Country,1649,Cider,Active,"<a href=""https://txopinondo.fr/"">Website</a>","<a href=""https://www.facebook.com/txopinondo"">Facebook</a>","<a href=""https://www.instagram.com/txopinondo/"">Instagram</a>","<a href=""https://maps.google.com/?cid=14446292626809718341"">Google</a>",,"<a href=""https://www.tripadvisor.com/Restaurant_Review-g1118261-d2139433"">TripAdvisor</a>","<a href=""https://untappd.com/w/cidrerie-txopinondo/215570"">Untappd</a>"
404,2021,Flavored Cider and Perry,🥇 Gold,Floribunda,Ginger Cider,45,Italy,2029,Cider,Active,"<a href=""https://www.floribunda.it/"">Website</a>",,"<a href=""https://www.instagram.com/floribundacider/"">Instagram</a>","<a href=""https://maps.google.com/?cid=14548393953505771229"">Google</a>",,,"<a href=""https://untappd.com/w/floribunda/333615"">Untappd</a>"
405,2021,Flavored Cider and Perry,🥇 Gold,Sidra Panizales,Sidra de aperitivo Viesk,45,Asturias,1519,Cider,Active,"<a href=""https://sidrapanizales.com/"">Website</a>","<a href=""https://www.facebook.com/panizales.sidra"">Facebook</a>","<a href=""https://www.instagram.com/sidrapanizales/"">Instagram</a>","<a href=""https://maps.google.com/?cid=16258480851124885832"">Google</a>",,"<a href=""https://www.tripadvisor.com/Restaurant_Review-g775263-d7621234"">TripAdvisor</a>","<a href=""https://untappd.com/w/llagar-panizales/152401"">Untappd</a>"
406,2021,Flavored Cider and Perry,🥇 Gold,Hemly Cider,Brut Pear,45,United States,327,Cider,Active,"<a href=""https://www.hemlycider.com/"">Website</a>","<a href=""https://www.facebook.com/hemlycider"">Facebook</a>","<a href=""https://www.instagram.com/hemlycider/"">Instagram</a>","<a href=""https://maps.google.com/?cid=16671569982279655432"">Google</a>","<a href=""https://www.yelp.com/biz/hemly-cider-courtland"">Yelp</a>","<a href=""https://tripadvisor.com/Attraction_Review-g32258-d24092111"">TripAdvisor</a>","<a href=""https://untappd.com/w/hemly-cider/248913"">Untappd</a>"
407,2021,Flavored Cider and Perry,🥇 Gold,Oliver's Cider and Perry,Keeved perry #8,45,England,1130,Cider,Active,"<a href=""https://www.oliversciderandperry.co.uk/"">Website</a>","<a href=""https://www.facebook.com/oliversciderandperry"">Facebook</a>","<a href=""https://www.instagram.com/tomoliverscider/"">Instagram</a>","<a href=""https://maps.google.com/?cid=7135495925516207657"">Google</a>",,,"<a href=""https://untappd.com/brewery/6568"">Untappd</a>"
408,2021,Flavored Cider and Perry,🥇 Gold,Sidra Castañón,Rosmut - Compuesta de sidra,45,Asturias,1473,Cider,Active,"<a href=""https://sidracastanon.com/"">Website</a>","<a href=""https://www.facebook.com/sidracastanon/"">Facebook</a>","<a href=""https://www.instagram.com/sidracastanon/"">Instagram</a>","<a href=""https://maps.google.com/?cid=3082307260151948865"">Google</a>",,"<a href=""https://www.tripadvisor.com/Attraction_Review-g2186312-d12246874"">TripAdvisor</a>","<a href=""https://untappd.com/w/llagar-sidra-casta-n/81481"">Untappd</a>"
409,2021,Flavored Cider and Perry,🥈 Silver,ERIS Brewery & Cider House,Van Van Mojo Hopped Blueberry Cider,43,United States,262,Cider,Active,"<a href=""https://www.erischicago.com/"">Website</a>","<a href=""https://www.facebook.com/erischicago"">Facebook</a>","<a href=""https://www.instagram.com/erischicago/"">Instagram</a>","<a href=""https://maps.google.com/?cid=8228819364943835803"">Google</a>","<a href=""https://www.yelp.com/biz/eris-brewery-and-cider-house-chicago"">Yelp</a>","<a href=""https://www.tripadvisor.com/Restaurant_Review-g35805-d13418130"">TripAdvisor</a>","<a href=""https://untappd.com/w/eris-brewery-cider-house/379702"">Untappd</a>"
410,2021,Flavored Cider and Perry,🥈 Silver,Castelo Branco Cider,Castelo Branco Cider - Chiron,43,Portugal,3107,Cider,Active,"<a href=""http://www.castelobrancocider.com/"">Website</a>","<a href=""https://www.facebook.com/profile.php?id=100066758822950"">Facebook</a>",,,,,
411,2021,Flavored Cider and Perry,🥈 Silver,Elegast Cidery,Plum Cider,42,Netherlands,2660,Cider,Active,"<a href=""https://elegastcider.nl/"">Website</a>","<a href=""https://www.facebook.com/elegastcidery/"">Facebook</a>","<a href=""https://www.instagram.com/elegast_cidery/"">Instagram</a>","<a href=""https://maps.google.com/?cid=5936408747857287023"">Google</a>",,,"<a href=""https://untappd.com/ElegastCidery"">Untappd</a>"
412,2021,Flavored Cider and Perry,🥈 Silver,Sidra Somarroza,La Sidruca con limón,42,Cantabria,1921,Cider,Active,"<a href=""https://sidrasomarroza.es/"">Website</a>","<a href=""https://www.facebook.com/sidrasomarroza"">Facebook</a>","<a href=""https://www.instagram.com/sidrasomarroza/"">Instagram</a>","<a href=""https://maps.google.com/?cid=7109045394192195825"">Google</a>",,,"<a href=""https://untappd.com/w/somarroza/147830"">Untappd</a>"
413,2021,Flavored Cider and Perry,🥈 Silver,Sidra El Gaitero,Spring Cider Manzana + Uva,42,Asturias,1314,Cider,Active,"<a href=""https://www.sidraelgaitero.com/"">Website</a>","<a href=""https://www.facebook.com/grupoelgaitero"">Facebook</a>","<a href=""https://www.instagram.com/grupoelgaitero/"">Instagram</a>","<a href=""https://maps.google.com/?cid=15753532318992345137"">Google</a>",,"<a href=""https://www.tripadvisor.com/Attraction_Review-g608997-d3239389"">TripAdvisor</a>","<a href=""https://untappd.com/brewery/4266"">Untappd</a>"
414,2021,Flavored Cider and Perry,🥈 Silver,Sidra Trabanco,Alma de Trabanco,42,Asturias,1674,Cider,Active,"<a href=""https://www.sidratrabanco.com/"">Website</a>","<a href=""https://www.facebook.com/sidratrabanco/"">Facebook</a>","<a href=""https://www.instagram.com/sidratrabanco/"">Instagram</a>","<a href=""https://maps.google.com/?cid=8706552013547802387"">Google</a>",,,"<a href=""https://untappd.com/brewery/6382"">Untappd</a>"
415,2021,Flavored Cider and Perry,🥈 Silver,Cidrerie Berri,Kalipoko citron,42,Basque Country,1649,Cider,Active,"<a href=""https://txopinondo.fr/"">Website</a>","<a href=""https://www.facebook.com/txopinondo"">Facebook</a>","<a href=""https://www.instagram.com/txopinondo/"">Instagram</a>","<a href=""https://maps.google.com/?cid=14446292626809718341"">Google</a>",,"<a href=""https://www.tripadvisor.com/Restaurant_Review-g1118261-d2139433"">TripAdvisor</a>","<a href=""https://untappd.com/w/cidrerie-txopinondo/215570"">Untappd</a>"
416,2021,Flavored Cider and Perry,🥈 Silver,Angry Orchard,FLX Cherry,42,United States,87,Cider,Active,"<a href=""https://www.angryorchard.com/"">Website</a>","<a href=""https://www.facebook.com/AngryOrchard/"">Facebook</a>","<a href=""https://www.instagram.com/angryorchard/"">Instagram</a>","<a href=""https://maps.google.com/?cid=17467507983407382578"">Google</a>","<a href=""https://www.yelp.com/biz/angry-orchard-walden-2"">Yelp</a>","<a href=""https://www.tripadvisor.com/Attraction_Review-g48788-d10266026"">TripAdvisor</a>","<a href=""https://untappd.com/w/angry-orchard-cider-company/16455"">Untappd</a>"
417,2021,Flavored Cider and Perry,🥈 Silver,Berryland,Berryland Quince Apple cider,42,Ukraine,1995,Cider,Inactive,"<a href=""http://berryland.shop/"">Website</a>","<a href=""https://www.facebook.com/ciderua/"">Facebook</a>","<a href=""https://www.instagram.com/berrylandcidery/"">Instagram</a>",,,,"<a href=""https://untappd.com/BerrylandUA"">Untappd</a>"
418,2021,Flavored Cider and Perry,🥈 Silver,Hemly Cider,Chai Pear,41,United States,327,Cider,Active,"<a href=""https://www.hemlycider.com/"">Website</a>","<a href=""https://www.facebook.com/hemlycider"">Facebook</a>","<a href=""https://www.instagram.com/hemlycider/"">Instagram</a>","<a href=""https://maps.google.com/?cid=16671569982279655432"">Google</a>","<a href=""https://www.yelp.com/biz/hemly-cider-courtland"">Yelp</a>","<a href=""https://tripadvisor.com/Attraction_Review-g32258-d24092111"">TripAdvisor</a>","<a href=""https://untappd.com/w/hemly-cider/248913"">Untappd</a>"
419,2021,Flavored Cider and Perry,🥈 Silver,Sabiles Sidrs,Gardener`s sweet apple and quince cider,41,Latvia,2364,Cider,Active,"<a href=""https://www.gardeners.lv/"">Website</a>","<a href=""https://www.facebook.com/sabiles.sidrs/"">Facebook</a>","<a href=""https://www.instagram.com/sabiles.sidrs/"">Instagram</a>","<a href=""https://maps.google.com/?cid=2950487918260459648"">Google</a>",,"<a href=""https://www.tripadvisor.com/Restaurant_Review-g2049841-d14914753"">TripAdvisor</a>","<a href=""https://untappd.com/w/sabiles-sidrs/201189"">Untappd</a>"
420,2021,Flavored Cider and Perry,🥈 Silver,Jaanihanso,Jaanihanso Rose Methode Traditionnelle,39,Estonia,1927,Cider,Active,"<a href=""http://www.jaanihanso.ee/"">Website</a>","<a href=""https://www.facebook.com/Jaanihanso"">Facebook</a>","<a href=""https://www.instagram.com/jaanihanso/"">Instagram</a>","<a href=""https://maps.google.com/?cid=7606641832512391290"">Google</a>",,"<a href=""https://www.tripadvisor.com/Attraction_Review-g274956-d12851482"">TripAdvisor</a>","<a href=""https://untappd.com/Jaanihanso"">Untappd</a>"
421,2021,Flavored Cider and Perry,🥈 Silver,ERIS Brewery & Cider House,Blush Cherry Cider,39,United States,262,Cider,Active,"<a href=""https://www.erischicago.com/"">Website</a>","<a href=""https://www.facebook.com/erischicago"">Facebook</a>","<a href=""https://www.instagram.com/erischicago/"">Instagram</a>","<a href=""https://maps.google.com/?cid=8228819364943835803"">Google</a>","<a href=""https://www.yelp.com/biz/eris-brewery-and-cider-house-chicago"">Yelp</a>","<a href=""https://www.tripadvisor.com/Restaurant_Review-g35805-d13418130"">TripAdvisor</a>","<a href=""https://untappd.com/w/eris-brewery-cider-house/379702"">Untappd</a>"
422,2021,Flavored Cider and Perry,🥈 Silver,Urban Farm Fermentory,Blueberry Cidah,38,United States,658,Cider,Inactive,"<a href=""https://www.fermentory.com/"">Website</a>","<a href=""https://www.facebook.com/urbanfarmfermentory"">Facebook</a>","<a href=""https://www.instagram.com/fermentory/"">Instagram</a>",,"<a href=""https://www.yelp.com/biz/urban-farm-fermentory-portland"">Yelp</a>","<a href=""https://www.tripadvisor.com/Attraction_Review-g40827-d4509600"">TripAdvisor</a>","<a href=""https://untappd.com/w/urban-farm-fermentory/10661"">Untappd</a>"
423,2021,Flavored Cider and Perry,🥈 Silver,Ross on Wye Cider & Perry,Flakey Bark S.V. 2020 Perry,38,England,1134,Cider,Active,"<a href=""https://rosscider.com/"">Website</a>","<a href=""https://www.facebook.com/pages/Ross-On-Wye-Cider-Perry-Co/230745910360675"">Facebook</a>","<a href=""https://www.instagram.com/rosscider/"">Instagram</a>","<a href=""https://maps.google.com/?cid=15438292382118860282"">Google</a>",,,"<a href=""https://untappd.com/brewery/12570"">Untappd</a>"
424,2021,Flavored Cider and Perry,🥉 Bronze,Elegast Cidery,Kriek Cider,37,Netherlands,2660,Cider,Active,"<a href=""https://elegastcider.nl/"">Website</a>","<a href=""https://www.facebook.com/elegastcidery/"">Facebook</a>","<a href=""https://www.instagram.com/elegast_cidery/"">Instagram</a>","<a href=""https://maps.google.com/?cid=5936408747857287023"">Google</a>",,,"<a href=""https://untappd.com/ElegastCidery"">Untappd</a>"
425,2021,Flavored Cider and Perry,🥉 Bronze,Sabiles Sidrs,Gardener`s semi-dry apple and black currant cider,36,Latvia,2364,Cider,Active,"<a href=""https://www.gardeners.lv/"">Website</a>","<a href=""https://www.facebook.com/sabiles.sidrs/"">Facebook</a>","<a href=""https://www.instagram.com/sabiles.sidrs/"">Instagram</a>","<a href=""https://maps.google.com/?cid=2950487918260459648"">Google</a>",,"<a href=""https://www.tripadvisor.com/Restaurant_Review-g2049841-d14914753"">TripAdvisor</a>","<a href=""https://untappd.com/w/sabiles-sidrs/201189"">Untappd</a>"
426,2021,Flavored Cider and Perry,🥉 Bronze,Berryland,Berryland Cabernet franc Apple cider,35,Ukraine,1995,Cider,Inactive,"<a href=""http://berryland.shop/"">Website</a>","<a href=""https://www.facebook.com/ciderua/"">Facebook</a>","<a href=""https://www.instagram.com/berrylandcidery/"">Instagram</a>",,,,"<a href=""https://untappd.com/BerrylandUA"">Untappd</a>"
427,2021,Flavored Cider and Perry,🥉 Bronze,Berryland,Berryland Cabernet franc Apple cider,34,Ukraine,1995,Cider,Inactive,"<a href=""http://berryland.shop/"">Website</a>","<a href=""https://www.facebook.com/ciderua/"">Facebook</a>","<a href=""https://www.instagram.com/berrylandcidery/"">Instagram</a>",,,,"<a href=""https://untappd.com/BerrylandUA"">Untappd</a>"
428,2021,Flavored Cider and Perry,🥉 Bronze,Ulvik Frukt & Cideri,Svartsurbær,34,Norway,1414,Cider,Active,"<a href=""http://www.hakastadsider.no/"">Website</a>","<a href=""https://www.facebook.com/pages/Ulvik-Frukt-Cideri/191311970916027"">Facebook</a>",,"<a href=""https://maps.google.com/?cid=8381380851022975775"">Google</a>",,,"<a href=""https://untappd.com/brewery/60198"">Untappd</a>"
429,2021,Flavored Cider and Perry,🥉 Bronze,Jaanihanso,Jaanihanso Perry Brut Nature Methode Traditionnelle 2019,33,Estonia,1927,Cider,Active,"<a href=""http://www.jaanihanso.ee/"">Website</a>","<a href=""https://www.facebook.com/Jaanihanso"">Facebook</a>","<a href=""https://www.instagram.com/jaanihanso/"">Instagram</a>","<a href=""https://maps.google.com/?cid=7606641832512391290"">Google</a>",,"<a href=""https://www.tripadvisor.com/Attraction_Review-g274956-d12851482"">TripAdvisor</a>","<a href=""https://untappd.com/Jaanihanso"">Untappd</a>"
430,2021,Flavored Cider and Perry,🥉 Bronze,Hera Cider,Kowi & Lima,32,Galicia,3089,Cider,Active,"<a href=""https://heracider.com/"">Website</a>","<a href=""https://www.facebook.com/heracider/"">Facebook</a>","<a href=""https://www.instagram.com/heracider/"">Instagram</a>","<a href=""https://maps.google.com/?cid=2781404824572044242"">Google</a>",,,"<a href=""https://untappd.com/heracider"">Untappd</a>"
431,2021,Flavored Cider and Perry,🥉 Bronze,Elegast Cidery,Premium Organic Perry,31,Netherlands,2660,Cider,Active,"<a href=""https://elegastcider.nl/"">Website</a>","<a href=""https://www.facebook.com/elegastcidery/"">Facebook</a>","<a href=""https://www.instagram.com/elegast_cidery/"">Instagram</a>","<a href=""https://maps.google.com/?cid=5936408747857287023"">Google</a>",,,"<a href=""https://untappd.com/ElegastCidery"">Untappd</a>"
432,2021,Flavored Cider and Perry,🥉 Bronze,Elegast Cidery,Mispel cider,31,Netherlands,2660,Cider,Active,"<a href=""https://elegastcider.nl/"">Website</a>","<a href=""https://www.facebook.com/elegastcidery/"">Facebook</a>","<a href=""https://www.instagram.com/elegast_cidery/"">Instagram</a>","<a href=""https://maps.google.com/?cid=5936408747857287023"">Google</a>",,,"<a href=""https://untappd.com/ElegastCidery"">Untappd</a>"
433,2021,Flavored Cider and Perry,🥉 Bronze,Hemly Cider,Sloughhouse Jalapeno Pear Cider,30,United States,327,Cider,Active,"<a href=""https://www.hemlycider.com/"">Website</a>","<a href=""https://www.facebook.com/hemlycider"">Facebook</a>","<a href=""https://www.instagram.com/hemlycider/"">Instagram</a>","<a href=""https://maps.google.com/?cid=16671569982279655432"">Google</a>","<a href=""https://www.yelp.com/biz/hemly-cider-courtland"">Yelp</a>","<a href=""https://tripadvisor.com/Attraction_Review-g32258-d24092111"">TripAdvisor</a>","<a href=""https://untappd.com/w/hemly-cider/248913"">Untappd</a>"
434,2021,Apfelwein,🥇 Gold,Weidmann & Groh,Speierling halbtrocken,48,Germany,1343,Spirits,Active,"<a href=""https://weidmann-groh.de/"">Website</a>","<a href=""https://www.facebook.com/pages/WEIDMANN-GROH/138116339592327"">Facebook</a>",,"<a href=""https://maps.google.com/?cid=6569120976887073603"">Google</a>",,,"<a href=""https://untappd.com/w/weidmann-groh/73065"">Untappd</a>"
435,2021,Apfelwein,🥇 Gold,Weidmann & Groh,Speierling,47,Germany,1343,Spirits,Active,"<a href=""https://weidmann-groh.de/"">Website</a>","<a href=""https://www.facebook.com/pages/WEIDMANN-GROH/138116339592327"">Facebook</a>",,"<a href=""https://maps.google.com/?cid=6569120976887073603"">Google</a>",,,"<a href=""https://untappd.com/w/weidmann-groh/73065"">Untappd</a>"
436,2021,Apfelwein,🥇 Gold,Sabiles Sidrs,"Dry apple wine ""Gardener’s five seeds""",45,Latvia,2364,Cider,Active,"<a href=""https://www.gardeners.lv/"">Website</a>","<a href=""https://www.facebook.com/sabiles.sidrs/"">Facebook</a>","<a href=""https://www.instagram.com/sabiles.sidrs/"">Instagram</a>","<a href=""https://maps.google.com/?cid=2950487918260459648"">Google</a>",,"<a href=""https://www.tripadvisor.com/Restaurant_Review-g2049841-d14914753"">TripAdvisor</a>","<a href=""https://untappd.com/w/sabiles-sidrs/201189"">Untappd</a>"
437,2021,Apfelwein,🥇 Gold,Weidmann & Groh,Boskop,45,Germany,1343,Spirits,Active,"<a href=""https://weidmann-groh.de/"">Website</a>","<a href=""https://www.facebook.com/pages/WEIDMANN-GROH/138116339592327"">Facebook</a>",,"<a href=""https://maps.google.com/?cid=6569120976887073603"">Google</a>",,,"<a href=""https://untappd.com/w/weidmann-groh/73065"">Untappd</a>"
438,2021,Apfelwein,🥇 Gold,Gutshof Kraatz,Rote Sternrenette,45,Germany,2825,Cider,Active,"<a href=""https://gutshof-kraatz.de/"">Website</a>","<a href=""https://www.facebook.com/GutshofKraatz/"">Facebook</a>","<a href=""https://www.instagram.com/gutshof_kraatz/"">Instagram</a>","<a href=""https://maps.google.com/?cid=4340203013602665820"">Google</a>",,"<a href=""https://www.tripadvisor.com/Restaurant_Review-g12097270-d10525275"">TripAdvisor</a>","<a href=""https://untappd.com/w/kelterei-gutshof-kraatz/210948"">Untappd</a>"
439,2021,Apfelwein,🥈 Silver,Gutshof Kraatz,Kanada Renette 2020,39,Germany,2825,Cider,Active,"<a href=""https://gutshof-kraatz.de/"">Website</a>","<a href=""https://www.facebook.com/GutshofKraatz/"">Facebook</a>","<a href=""https://www.instagram.com/gutshof_kraatz/"">Instagram</a>","<a href=""https://maps.google.com/?cid=4340203013602665820"">Google</a>",,"<a href=""https://www.tripadvisor.com/Restaurant_Review-g12097270-d10525275"">TripAdvisor</a>","<a href=""https://untappd.com/w/kelterei-gutshof-kraatz/210948"">Untappd</a>"
440,2021,Apfelwein,🥉 Bronze,Buschenschank Lippitz,Jonagold,33,Austria,3547,Cider,Active,"<a href=""https://www.facebook.com/Buschenschank"">Website</a>",,"<a href=""https://www.instagram.com/mostyrium/"">Instagram</a>","<a href=""https://maps.google.com/?cid=5239535978282621551"">Google</a>",,"<a href=""https://www.tripadvisor.com/Restaurant_Review-g2642395-d6688099"">TripAdvisor</a>",
441,2021,Premium Sparkling Cider,🥇 Gold,Eden Ciders,Brut Nature,47,United States,255,Cider,Active,"<a href=""https://www.edenciders.com/"">Website</a>","<a href=""https://facebook.com/edenspecialtyciders"">Facebook</a>","<a href=""https://www.instagram.com/edenciders/"">Instagram</a>","<a href=""https://maps.google.com/?cid=1133141626652589768"">Google</a>","<a href=""https://www.yelp.com/biz/northeast-kingdom-tasting-center-newport"">Yelp</a>","<a href=""https://www.tripadvisor.com/Restaurant_Review-g57335-d4675348"">TripAdvisor</a>","<a href=""https://untappd.com/w/eden-specialty-ciders/13108"">Untappd</a>"
442,2021,Premium Sparkling Cider,🥇 Gold,Åkre Gård,Edel Sider - Metode Trad,47,Norway,2544,Cider,Active,"<a href=""https://aakre-gard.no/"">Website</a>","<a href=""https://www.facebook.com/EdelSider/"">Facebook</a>","<a href=""https://www.instagram.com/edelsider"">Instagram</a>","<a href=""https://maps.google.com/?cid=10200668651455703399"">Google</a>",,"<a href=""https://www.tripadvisor.com/Attraction_Review-g21171125-d21170815"">TripAdvisor</a>","<a href=""https://untappd.com/Aakre_Gard"">Untappd</a>"
443,2021,Premium Sparkling Cider,🥇 Gold,Mount Diablo Cider Company,Mount Diablo Cox Orange Pippin,47,United States,1908,Cider,Active,"<a href=""https://www.mountdiablocider.com/"">Website</a>","<a href=""https://www.facebook.com/mountdiablocider"">Facebook</a>","<a href=""https://www.instagram.com/mountdiablocider/"">Instagram</a>",,,,"<a href=""https://untappd.com/w/mount-diablo-cider-company/527606"">Untappd</a>"
444,2021,Premium Sparkling Cider,🥇 Gold,Sidra Somarroza,Sidra espumosa dulce Somarroza,46,Cantabria,1921,Cider,Active,"<a href=""https://sidrasomarroza.es/"">Website</a>","<a href=""https://www.facebook.com/sidrasomarroza"">Facebook</a>","<a href=""https://www.instagram.com/sidrasomarroza/"">Instagram</a>","<a href=""https://maps.google.com/?cid=7109045394192195825"">Google</a>",,,"<a href=""https://untappd.com/w/somarroza/147830"">Untappd</a>"
445,2021,Premium Sparkling Cider,🥇 Gold,Sidra Fran,Ramos del Valle Brut Nature,45,Asturias,1479,Cider,Active,"<a href=""https://sidrafran.es/"">Website</a>",,"<a href=""https://www.instagram.com/sidrafran1918/"">Instagram</a>","<a href=""https://maps.google.com/?cid=15672106953833908893"">Google</a>",,"<a href=""https://www.tripadvisor.com/Restaurant_Review-g2437300-d7244547"">TripAdvisor</a>","<a href=""https://untappd.com/w/sidra-fran/85954"">Untappd</a>"
446,2021,Premium Sparkling Cider,🥇 Gold,Cervezas Yria,Gaia,45,Madrid,3624,Beer,Active,"<a href=""https://www.cervezasyria.com/"">Website</a>",,"<a href=""https://www.instagram.com/cervezasyria"">Instagram</a>","<a href=""https://maps.google.com/?cid=27711217619101810"">Google</a>",,,"<a href=""https://untappd.com/Yria"">Untappd</a>"
447,2021,Premium Sparkling Cider,🥈 Silver,Sidra Alfa,Espumante Sidra Alfa,44,Portugal,2756,Cider,Active,"<a href=""https://sidraalfa.pt/"">Website</a>","<a href=""https://www.facebook.com/Sidralfa1/"">Facebook</a>","<a href=""https://www.instagram.com/sidra_alfa/"">Instagram</a>",,,,"<a href=""https://untappd.com/w/sidra-alfa/545661"">Untappd</a>"
448,2021,Premium Sparkling Cider,🥈 Silver,Oiharte,Ama Oiharte,43,Basque Country,1639,Cider,Active,"<a href=""https://oiharte.com/"">Website</a>","<a href=""https://www.facebook.com/CasaRuralSidreriaOiharte"">Facebook</a>","<a href=""https://www.instagram.com/oiharte/"">Instagram</a>","<a href=""https://maps.google.com/?cid=7283611563965022999"">Google</a>",,"<a href=""https://www.tripadvisor.com/Restaurant_Review-g1235389-d2470675"">TripAdvisor</a>","<a href=""https://untappd.com/w/oiharte-sagardotegia/351344"">Untappd</a>"
449,2021,Premium Sparkling Cider,🥈 Silver,Sidra Somarroza,Sidra espumosa seca Somarroza,43,Cantabria,1921,Cider,Active,"<a href=""https://sidrasomarroza.es/"">Website</a>","<a href=""https://www.facebook.com/sidrasomarroza"">Facebook</a>","<a href=""https://www.instagram.com/sidrasomarroza/"">Instagram</a>","<a href=""https://maps.google.com/?cid=7109045394192195825"">Google</a>",,,"<a href=""https://untappd.com/w/somarroza/147830"">Untappd</a>"
450,2021,Premium Sparkling Cider,🥈 Silver,Eden Ciders,Ezekiel,42,United States,255,Cider,Active,"<a href=""https://www.edenciders.com/"">Website</a>","<a href=""https://facebook.com/edenspecialtyciders"">Facebook</a>","<a href=""https://www.instagram.com/edenciders/"">Instagram</a>","<a href=""https://maps.google.com/?cid=1133141626652589768"">Google</a>","<a href=""https://www.yelp.com/biz/northeast-kingdom-tasting-center-newport"">Yelp</a>","<a href=""https://www.tripadvisor.com/Restaurant_Review-g57335-d4675348"">TripAdvisor</a>","<a href=""https://untappd.com/w/eden-specialty-ciders/13108"">Untappd</a>"
451,2021,Premium Sparkling Cider,🥈 Silver,Floribunda,Apfel Cider alla Mela,41,Italy,2029,Cider,Active,"<a href=""https://www.floribunda.it/"">Website</a>",,"<a href=""https://www.instagram.com/floribundacider/"">Instagram</a>","<a href=""https://maps.google.com/?cid=14548393953505771229"">Google</a>",,,"<a href=""https://untappd.com/w/floribunda/333615"">Untappd</a>"
452,2021,Premium Sparkling Cider,🥈 Silver,Sidra El Gaitero,Sidra Gaitero Etiqueta Negra,39,Asturias,1314,Cider,Active,"<a href=""https://www.sidraelgaitero.com/"">Website</a>","<a href=""https://www.facebook.com/grupoelgaitero"">Facebook</a>","<a href=""https://www.instagram.com/grupoelgaitero/"">Instagram</a>","<a href=""https://maps.google.com/?cid=15753532318992345137"">Google</a>",,"<a href=""https://www.tripadvisor.com/Attraction_Review-g608997-d3239389"">TripAdvisor</a>","<a href=""https://untappd.com/brewery/4266"">Untappd</a>"
453,2021,Premium Sparkling Cider,🥈 Silver,Angry Orchard,Baldwin Traditional Method,39,United States,87,Cider,Active,"<a href=""https://www.angryorchard.com/"">Website</a>","<a href=""https://www.facebook.com/AngryOrchard/"">Facebook</a>","<a href=""https://www.instagram.com/angryorchard/"">Instagram</a>","<a href=""https://maps.google.com/?cid=17467507983407382578"">Google</a>","<a href=""https://www.yelp.com/biz/angry-orchard-walden-2"">Yelp</a>","<a href=""https://www.tripadvisor.com/Attraction_Review-g48788-d10266026"">TripAdvisor</a>","<a href=""https://untappd.com/w/angry-orchard-cider-company/16455"">Untappd</a>"
454,2021,Premium Sparkling Cider,🥈 Silver,Sidra Riestra,Guzman Riestra,38,Asturias,1673,Cider,Active,"<a href=""http://www.sidrariestra.com/"">Website</a>","<a href=""https://www.facebook.com/SidraRiestra"">Facebook</a>","<a href=""https://www.instagram.com/sidrariestra/"">Instagram</a>","<a href=""https://maps.google.com/?cid=2253085342105400787"">Google</a>",,,"<a href=""https://untappd.com/w/riestra/70601"">Untappd</a>"
455,2021,Premium Sparkling Cider,🥈 Silver,Åkre Gård,"Edel Sider, Light-Metode trad",38,Norway,2544,Cider,Active,"<a href=""https://aakre-gard.no/"">Website</a>","<a href=""https://www.facebook.com/EdelSider/"">Facebook</a>","<a href=""https://www.instagram.com/edelsider"">Instagram</a>","<a href=""https://maps.google.com/?cid=10200668651455703399"">Google</a>",,"<a href=""https://www.tripadvisor.com/Attraction_Review-g21171125-d21170815"">TripAdvisor</a>","<a href=""https://untappd.com/Aakre_Gard"">Untappd</a>"
456,2021,Premium Sparkling Cider,🥈 Silver,Angry Orchard,Trois Pomme Traditional Method,38,United States,87,Cider,Active,"<a href=""https://www.angryorchard.com/"">Website</a>","<a href=""https://www.facebook.com/AngryOrchard/"">Facebook</a>","<a href=""https://www.instagram.com/angryorchard/"">Instagram</a>","<a href=""https://maps.google.com/?cid=17467507983407382578"">Google</a>","<a href=""https://www.yelp.com/biz/angry-orchard-walden-2"">Yelp</a>","<a href=""https://www.tripadvisor.com/Attraction_Review-g48788-d10266026"">TripAdvisor</a>","<a href=""https://untappd.com/w/angry-orchard-cider-company/16455"">Untappd</a>"
457,2021,Premium Sparkling Cider,🥉 Bronze,Sidra Trabanco,Poma aurea,37,Asturias,1674,Cider,Active,"<a href=""https://www.sidratrabanco.com/"">Website</a>","<a href=""https://www.facebook.com/sidratrabanco/"">Facebook</a>","<a href=""https://www.instagram.com/sidratrabanco/"">Instagram</a>","<a href=""https://maps.google.com/?cid=8706552013547802387"">Google</a>",,,"<a href=""https://untappd.com/brewery/6382"">Untappd</a>"
458,2021,Premium Sparkling Cider,🥉 Bronze,Jaanihanso,Jaanihanso Brut Methode Traditionnelle 2016,36,Estonia,1927,Cider,Active,"<a href=""http://www.jaanihanso.ee/"">Website</a>","<a href=""https://www.facebook.com/Jaanihanso"">Facebook</a>","<a href=""https://www.instagram.com/jaanihanso/"">Instagram</a>","<a href=""https://maps.google.com/?cid=7606641832512391290"">Google</a>",,"<a href=""https://www.tripadvisor.com/Attraction_Review-g274956-d12851482"">TripAdvisor</a>","<a href=""https://untappd.com/Jaanihanso"">Untappd</a>"
459,2021,Premium Sparkling Cider,🥉 Bronze,Sidra El Gaitero,Pomarina Espumosa,36,Asturias,1314,Cider,Active,"<a href=""https://www.sidraelgaitero.com/"">Website</a>","<a href=""https://www.facebook.com/grupoelgaitero"">Facebook</a>","<a href=""https://www.instagram.com/grupoelgaitero/"">Instagram</a>","<a href=""https://maps.google.com/?cid=15753532318992345137"">Google</a>",,"<a href=""https://www.tripadvisor.com/Attraction_Review-g608997-d3239389"">TripAdvisor</a>","<a href=""https://untappd.com/brewery/4266"">Untappd</a>"
460,2021,Premium Sparkling Cider,🥉 Bronze,Weidmann & Groh,Nizza,34,Germany,1343,Spirits,Active,"<a href=""https://weidmann-groh.de/"">Website</a>","<a href=""https://www.facebook.com/pages/WEIDMANN-GROH/138116339592327"">Facebook</a>",,"<a href=""https://maps.google.com/?cid=6569120976887073603"">Google</a>",,,"<a href=""https://untappd.com/w/weidmann-groh/73065"">Untappd</a>"
461,2021,Premium Sparkling Cider,🥉 Bronze,Astarbe,Byhur Sagardo Aparduna,34,Basque Country,2688,Cider,Active,"<a href=""https://www.astarbe.eus/"">Website</a>","<a href=""https://www.facebook.com/AstarbeSagar"">Facebook</a>","<a href=""https://www.instagram.com/astarbesagar/"">Instagram</a>","<a href=""https://maps.google.com/?cid=4931185880912606614"">Google</a>","<a href=""https://www.yelp.com/biz/astarbe-astigarraga"">Yelp</a>","<a href=""https://www.tripadvisor.com/Restaurant_Review-g1064182-d3250869"">TripAdvisor</a>","<a href=""https://untappd.com/w/sidreria-astarbe-sagardotegia/40068"">Untappd</a>"
462,2021,Premium Sparkling Cider,🥉 Bronze,Astarbe,Byhur24,34,Basque Country,2688,Cider,Active,"<a href=""https://www.astarbe.eus/"">Website</a>","<a href=""https://www.facebook.com/AstarbeSagar"">Facebook</a>","<a href=""https://www.instagram.com/astarbesagar/"">Instagram</a>","<a href=""https://maps.google.com/?cid=4931185880912606614"">Google</a>","<a href=""https://www.yelp.com/biz/astarbe-astigarraga"">Yelp</a>","<a href=""https://www.tripadvisor.com/Restaurant_Review-g1064182-d3250869"">TripAdvisor</a>","<a href=""https://untappd.com/w/sidreria-astarbe-sagardotegia/40068"">Untappd</a>"
463,2021,Premium Sparkling Cider,🥉 Bronze,Sidra El Gaitero,"Valle, Ballina y Fernández Brut Nature",33,Asturias,1314,Cider,Active,"<a href=""https://www.sidraelgaitero.com/"">Website</a>","<a href=""https://www.facebook.com/grupoelgaitero"">Facebook</a>","<a href=""https://www.instagram.com/grupoelgaitero/"">Instagram</a>","<a href=""https://maps.google.com/?cid=15753532318992345137"">Google</a>",,"<a href=""https://www.tripadvisor.com/Attraction_Review-g608997-d3239389"">TripAdvisor</a>","<a href=""https://untappd.com/brewery/4266"">Untappd</a>"
464,2021,Premium Sparkling Cider,🥉 Bronze,Sidra Posma,Posma brut,32,Canary Islands,3081,Cider,Active,,"<a href=""https://www.facebook.com/profile.php?id=100063717535205"">Facebook</a>",,,,,"<a href=""https://untappd.com/w/posma/512334"">Untappd</a>"
465,2021,Premium Sparkling Cider,🥉 Bronze,Angry Orchard,Newtown Pippin Traditional Method,30,United States,87,Cider,Active,"<a href=""https://www.angryorchard.com/"">Website</a>","<a href=""https://www.facebook.com/AngryOrchard/"">Facebook</a>","<a href=""https://www.instagram.com/angryorchard/"">Instagram</a>","<a href=""https://maps.google.com/?cid=17467507983407382578"">Google</a>","<a href=""https://www.yelp.com/biz/angry-orchard-walden-2"">Yelp</a>","<a href=""https://www.tripadvisor.com/Attraction_Review-g48788-d10266026"">TripAdvisor</a>","<a href=""https://untappd.com/w/angry-orchard-cider-company/16455"">Untappd</a>"
466,2021,Premium Sparkling Cider,🥉 Bronze,Elegast Cidery,Premium Organic Cider,30,Netherlands,2660,Cider,Active,"<a href=""https://elegastcider.nl/"">Website</a>","<a href=""https://www.facebook.com/elegastcidery/"">Facebook</a>","<a href=""https://www.instagram.com/elegast_cidery/"">Instagram</a>","<a href=""https://maps.google.com/?cid=5936408747857287023"">Google</a>",,,"<a href=""https://untappd.com/ElegastCidery"">Untappd</a>"
467,2023,Natural Cider,🥇 Gold,Zapiain,Zapiain Euskal Sagardoa Premium 2022,91.6,Basque Country,1172,Cider,Active,"<a href=""https://zapiain.eus/"">Website</a>","<a href=""https://www.facebook.com/zapiainsagardoa"">Facebook</a>","<a href=""https://www.instagram.com/zapiainsagardoa/"">Instagram</a>","<a href=""https://maps.google.com/?cid=16982677267877188990"">Google</a>",,"<a href=""https://www.tripadvisor.com/Restaurant_Review-g1064182-d3806229"">TripAdvisor</a>","<a href=""https://untappd.com/ZapiainSagardoa"">Untappd</a>"
468,2023,Natural Cider,🥇 Gold,Sidra Castañón,Val de Boides,91.5,Asturias,1473,Cider,Active,"<a href=""https://sidracastanon.com/"">Website</a>","<a href=""https://www.facebook.com/sidracastanon/"">Facebook</a>","<a href=""https://www.instagram.com/sidracastanon/"">Instagram</a>","<a href=""https://maps.google.com/?cid=3082307260151948865"">Google</a>",,"<a href=""https://www.tripadvisor.com/Attraction_Review-g2186312-d12246874"">TripAdvisor</a>","<a href=""https://untappd.com/w/llagar-sidra-casta-n/81481"">Untappd</a>"
469,2023,Natural Cider,🥇 Gold,Son of Man,Son of Man Beti,91.1,United States,972,Cider,Active,"<a href=""https://www.sonofman.co/"">Website</a>",,"<a href=""https://www.instagram.com/sonofman.co/"">Instagram</a>",,,,"<a href=""https://untappd.com/w/son-of-man-sagardo/428029"">Untappd</a>"
470,2023,Natural Cider,🥇 Gold,Oiharte,Markesaren Lurra,90.5,Basque Country,1639,Cider,Active,"<a href=""https://oiharte.com/"">Website</a>","<a href=""https://www.facebook.com/CasaRuralSidreriaOiharte"">Facebook</a>","<a href=""https://www.instagram.com/oiharte/"">Instagram</a>","<a href=""https://maps.google.com/?cid=7283611563965022999"">Google</a>",,"<a href=""https://www.tripadvisor.com/Restaurant_Review-g1235389-d2470675"">TripAdvisor</a>","<a href=""https://untappd.com/w/oiharte-sagardotegia/351344"">Untappd</a>"
471,2023,Natural Cider,🥇 Gold,Sidra Castañón,Castañon,90.2,Asturias,1473,Cider,Active,"<a href=""https://sidracastanon.com/"">Website</a>","<a href=""https://www.facebook.com/sidracastanon/"">Facebook</a>","<a href=""https://www.instagram.com/sidracastanon/"">Instagram</a>","<a href=""https://maps.google.com/?cid=3082307260151948865"">Google</a>",,"<a href=""https://www.tripadvisor.com/Attraction_Review-g2186312-d12246874"">TripAdvisor</a>","<a href=""https://untappd.com/w/llagar-sidra-casta-n/81481"">Untappd</a>"
472,2023,Natural Cider,🥇 Gold,Aburuza,Aburuza Euskal Sagardoa,90,Basque Country,1614,Cider,Active,"<a href=""https://www.sidrasaburuza.net/"">Website</a>","<a href=""https://www.facebook.com/sidrasaburuza/"">Facebook</a>","<a href=""https://www.instagram.com/aburuza_sagardotegia/"">Instagram</a>","<a href=""https://maps.google.com/?cid=11790998531102067428"">Google</a>","<a href=""https://www.yelp.com/biz/sidreria-aburuza-caserio-olatza-aduna"">Yelp</a>","<a href=""https://www.tripadvisor.com/Restaurant_Review-g2578771-d7715076"">TripAdvisor</a>","<a href=""https://untappd.com/w/sidreria-aburuza/194775"">Untappd</a>"
473,2023,Natural Cider,🥇 Gold,Zapiain,Joanes de Zapiain 2022,89.3,Basque Country,1172,Cider,Active,"<a href=""https://zapiain.eus/"">Website</a>","<a href=""https://www.facebook.com/zapiainsagardoa"">Facebook</a>","<a href=""https://www.instagram.com/zapiainsagardoa/"">Instagram</a>","<a href=""https://maps.google.com/?cid=16982677267877188990"">Google</a>",,"<a href=""https://www.tripadvisor.com/Restaurant_Review-g1064182-d3806229"">TripAdvisor</a>","<a href=""https://untappd.com/ZapiainSagardoa"">Untappd</a>"
474,2023,Natural Cider,🥈 Silver,Sidra Trabanco,Sidra Trabanco Selección,86,Asturias,1674,Cider,Active,"<a href=""https://www.sidratrabanco.com/"">Website</a>","<a href=""https://www.facebook.com/sidratrabanco/"">Facebook</a>","<a href=""https://www.instagram.com/sidratrabanco/"">Instagram</a>","<a href=""https://maps.google.com/?cid=8706552013547802387"">Google</a>",,,"<a href=""https://untappd.com/brewery/6382"">Untappd</a>"
475,2023,Natural Cider,🥈 Silver,Sidra Cabueñes,Sidra Cabueñes DOP,86,Asturias,1485,Cider,Active,,"<a href=""https://www.facebook.com/sidracabuenies/"">Facebook</a>","<a href=""https://www.instagram.com/sidracabuenies/"">Instagram</a>","<a href=""https://maps.google.com/?cid=5234296910772767246"">Google</a>",,,"<a href=""https://untappd.com/w/sidra-cabuenes/78883"">Untappd</a>"
476,2023,Natural Cider,🥈 Silver,Alorrenea,Alorrenea D.O.,86,Basque Country,1167,Cider,Active,"<a href=""https://alorrenea.com/"">Website</a>","<a href=""https://www.facebook.com/Alorrenea/"">Facebook</a>","<a href=""https://www.instagram.com/alorrenea/"">Instagram</a>","<a href=""https://maps.google.com/?cid=7369065934381285009"">Google</a>","<a href=""https://www.yelp.com/biz/alorrenea-astigarraga"">Yelp</a>","<a href=""https://www.tripadvisor.com/Restaurant_Review-g1064182-d3809108"">TripAdvisor</a>","<a href=""https://untappd.com/w/sidreria-alorrena/64396"">Untappd</a>"
477,2023,Natural Cider,🥈 Silver,Son of Man,Son of Man Sagardo,85.3,United States,972,Cider,Active,"<a href=""https://www.sonofman.co/"">Website</a>",,"<a href=""https://www.instagram.com/sonofman.co/"">Instagram</a>",,,,"<a href=""https://untappd.com/w/son-of-man-sagardo/428029"">Untappd</a>"
478,2023,Natural Cider,🥈 Silver,Cidrerie Berri,Txopinondo Sagarnoa,80.9,Basque Country,1649,Cider,Active,"<a href=""https://txopinondo.fr/"">Website</a>","<a href=""https://www.facebook.com/txopinondo"">Facebook</a>","<a href=""https://www.instagram.com/txopinondo/"">Instagram</a>","<a href=""https://maps.google.com/?cid=14446292626809718341"">Google</a>",,"<a href=""https://www.tripadvisor.com/Restaurant_Review-g1118261-d2139433"">TripAdvisor</a>","<a href=""https://untappd.com/w/cidrerie-txopinondo/215570"">Untappd</a>"
479,2023,Natural Cider,🥈 Silver,Alorrenea,Alorrenea D.O. Premium,80.3,Basque Country,1167,Cider,Active,"<a href=""https://alorrenea.com/"">Website</a>","<a href=""https://www.facebook.com/Alorrenea/"">Facebook</a>","<a href=""https://www.instagram.com/alorrenea/"">Instagram</a>","<a href=""https://maps.google.com/?cid=7369065934381285009"">Google</a>","<a href=""https://www.yelp.com/biz/alorrenea-astigarraga"">Yelp</a>","<a href=""https://www.tripadvisor.com/Restaurant_Review-g1064182-d3809108"">TripAdvisor</a>","<a href=""https://untappd.com/w/sidreria-alorrena/64396"">Untappd</a>"
480,2023,Natural Cider,🥈 Silver,Sidra Fran,Ramos del Valle,80.2,Asturias,1479,Cider,Active,"<a href=""https://sidrafran.es/"">Website</a>",,"<a href=""https://www.instagram.com/sidrafran1918/"">Instagram</a>","<a href=""https://maps.google.com/?cid=15672106953833908893"">Google</a>",,"<a href=""https://www.tripadvisor.com/Restaurant_Review-g2437300-d7244547"">TripAdvisor</a>","<a href=""https://untappd.com/w/sidra-fran/85954"">Untappd</a>"
481,2023,Natural Cider,🥈 Silver,Alorrenea,Alorrenea Gorenak,79.3,Basque Country,1167,Cider,Active,"<a href=""https://alorrenea.com/"">Website</a>","<a href=""https://www.facebook.com/Alorrenea/"">Facebook</a>","<a href=""https://www.instagram.com/alorrenea/"">Instagram</a>","<a href=""https://maps.google.com/?cid=7369065934381285009"">Google</a>","<a href=""https://www.yelp.com/biz/alorrenea-astigarraga"">Yelp</a>","<a href=""https://www.tripadvisor.com/Restaurant_Review-g1064182-d3809108"">TripAdvisor</a>","<a href=""https://untappd.com/w/sidreria-alorrena/64396"">Untappd</a>"
482,2023,Natural Cider,🥉 Bronze,Son of Man,Son of Man Handi,76.8,United States,972,Cider,Active,"<a href=""https://www.sonofman.co/"">Website</a>",,"<a href=""https://www.instagram.com/sonofman.co/"">Instagram</a>",,,,"<a href=""https://untappd.com/w/son-of-man-sagardo/428029"">Untappd</a>"
483,2023,Natural Cider,🥉 Bronze,The Drunken Pharmacist,Sidra Natural,75.3,Portugal,2492,Cider,Active,,"<a href=""https://www.facebook.com/profile.php?id=100093795090507"">Facebook</a>","<a href=""https://www.instagram.com/thedrunkenpharmacist_/"">Instagram</a>",,,,"<a href=""https://untappd.com/w/the-drunken-pharmacist/543354"">Untappd</a>"
484,2023,Natural Cider,🥉 Bronze,Sidra Mayador,Sidra Natural M.Busto,73.7,Asturias,1610,Cider,Active,"<a href=""http://www.mayador.com/"">Website</a>","<a href=""https://www.facebook.com/sidramayadorcider"">Facebook</a>","<a href=""https://www.instagram.com/sidramayador/"">Instagram</a>","<a href=""https://maps.google.com/?cid=6886369759358960464"">Google</a>",,,"<a href=""https://untappd.com/SidraMayador"">Untappd</a>"
485,2023,Natural Cider,🥉 Bronze,Isastegi,Isastegi Premium,73,Basque Country,1546,Cider,Active,"<a href=""https://www.isastegi.com/"">Website</a>","<a href=""https://www.facebook.com/isastegi.sagardotegia"">Facebook</a>","<a href=""https://www.instagram.com/isastegi/"">Instagram</a>","<a href=""https://maps.google.com/?cid=3927960308349571227"">Google</a>",,"<a href=""https://www.tripadvisor.com/Restaurant_Review-g1064362-d5772954"">TripAdvisor</a>","<a href=""https://untappd.com/brewery/6054"">Untappd</a>"
486,2023,Natural Cider,🥉 Bronze,Baldorba Naturel & Sagarraleku,Sabaiza Premium,72.5,Basque Country,2742,Cider,Active,"<a href=""https://www.sidrasbaldorbanaturel.com/"">Website</a>","<a href=""https://www.facebook.com/sagarraleku/"">Facebook</a>","<a href=""https://www.instagram.com/sidrasbaldorbanaturel/"">Instagram</a>",,,,"<a href=""https://untappd.com/w/baldorba-sagardotegia/336919"">Untappd</a>"
487,2023,Natural Cider,🥉 Bronze,Sidra Riestra,Sidra Natural Riestra,72.2,Asturias,1673,Cider,Active,"<a href=""http://www.sidrariestra.com/"">Website</a>","<a href=""https://www.facebook.com/SidraRiestra"">Facebook</a>","<a href=""https://www.instagram.com/sidrariestra/"">Instagram</a>","<a href=""https://maps.google.com/?cid=2253085342105400787"">Google</a>",,,"<a href=""https://untappd.com/w/riestra/70601"">Untappd</a>"
488,2023,Natural Cider,🥉 Bronze,Baldorba Naturel & Sagarraleku,Naizhaga Premium,72.1,Basque Country,2742,Cider,Active,"<a href=""https://www.sidrasbaldorbanaturel.com/"">Website</a>","<a href=""https://www.facebook.com/sagarraleku/"">Facebook</a>","<a href=""https://www.instagram.com/sidrasbaldorbanaturel/"">Instagram</a>",,,,"<a href=""https://untappd.com/w/baldorba-sagardotegia/336919"">Untappd</a>"
489,2023,Natural Cider,🥉 Bronze,Sidra Niebla,Sidra Niebla Etiqueta Verde,71.7,Canary Islands,2748,Cider,Active,"<a href=""https://www.sidrasdecanarias.com/"">Website</a>",,"<a href=""https://www.instagram.com/sidras_niebla/"">Instagram</a>","<a href=""https://maps.google.com/?cid=16349686505723006702"">Google</a>",,,
490,2023,Natural Cider,🥉 Bronze,Sidra La Borda de Basajaun,Basajaun Glod,71.2,Basque Country,3628,Cider,Active,,"<a href=""https://www.facebook.com/sidra.basajaun"">Facebook</a>","<a href=""https://www.instagram.com/sidra.labordadebasajaun/"">Instagram</a>",,,,
491,2023,Natural Cider,🥉 Bronze,Mizpiradi,Sidra Mizpiradi Do,71.1,Basque Country,2750,Cider,Active,"<a href=""https://www.mizpiradi.eus/"">Website</a>","<a href=""https://www.facebook.com/mizpiradisagardotegia"">Facebook</a>","<a href=""https://www.instagram.com/mizpiradi_sagardotegia/"">Instagram</a>","<a href=""https://maps.google.com/?cid=8356736279020353612"">Google</a>",,"<a href=""https://www.tripadvisor.com/Restaurant_Review-g4084952-d7743443"">TripAdvisor</a>","<a href=""https://untappd.com/w/mizpiradi-sagardotegia/553735"">Untappd</a>"
492,2023,Natural Cider,🥉 Bronze,Sidra Alfa,Sidra Alfa,71,Portugal,2756,Cider,Active,"<a href=""https://sidraalfa.pt/"">Website</a>","<a href=""https://www.facebook.com/Sidralfa1/"">Facebook</a>","<a href=""https://www.instagram.com/sidra_alfa/"">Instagram</a>",,,,"<a href=""https://untappd.com/w/sidra-alfa/545661"">Untappd</a>"
493,2023,Natural Cider,🥉 Bronze,Baldorba Naturel & Sagarraleku,Orbaibar Premium,71,Basque Country,2742,Cider,Active,"<a href=""https://www.sidrasbaldorbanaturel.com/"">Website</a>","<a href=""https://www.facebook.com/sagarraleku/"">Facebook</a>","<a href=""https://www.instagram.com/sidrasbaldorbanaturel/"">Instagram</a>",,,,"<a href=""https://untappd.com/w/baldorba-sagardotegia/336919"">Untappd</a>"
494,2023,Natural Cider,🥉 Bronze,Boneca de Canudo,Sidra Boneca De Canudo 2022,70.8,Portugal,2757,Wine,Active,"<a href=""https://www.bonecadecanudo.com/"">Website</a>","<a href=""https://www.facebook.com/bonecadecanudo/"">Facebook</a>","<a href=""https://www.instagram.com/bonecadecanudo/"">Instagram</a>","<a href=""https://maps.google.com/?cid=14850808685027168712"">Google</a>",,,"<a href=""https://untappd.com/w/casa-do-caramanchao/542700"">Untappd</a>"
495,2023,Natural Cider,🥉 Bronze,Calonge,Sidra Calonge,70.3,Basque Country,1627,Cider,Active,"<a href=""https://www.calongesagardotegia.es/"">Website</a>","<a href=""https://www.facebook.com/calongesagardotegia/"">Facebook</a>","<a href=""https://www.instagram.com/calongesagardotegia/"">Instagram</a>","<a href=""https://maps.google.com/?cid=17297324039807359448"">Google</a>",,"<a href=""https://www.tripadvisor.com/Restaurant_Review-g2578784-d3601648"">TripAdvisor</a>","<a href=""https://untappd.com/w/calonge-sagardotegia/69520"">Untappd</a>"
496,2023,Dominant Acidity Cider,🥇 Gold,Weidmann & Groh,Boskop 2022,96,Germany,1343,Spirits,Active,"<a href=""https://weidmann-groh.de/"">Website</a>","<a href=""https://www.facebook.com/pages/WEIDMANN-GROH/138116339592327"">Facebook</a>",,"<a href=""https://maps.google.com/?cid=6569120976887073603"">Google</a>",,,"<a href=""https://untappd.com/w/weidmann-groh/73065"">Untappd</a>"
497,2023,Dominant Acidity Cider,🥇 Gold,Apfelweinkontor,Skylineschoppen (Mixed Apples),91.9,Germany,1325,Cider,Active,"<a href=""https://www.apfelweinkontor.com/"">Website</a>","<a href=""https://www.facebook.com/Apfelweinkontor"">Facebook</a>","<a href=""https://www.instagram.com/apfelweinkontor/"">Instagram</a>","<a href=""https://maps.google.com/?cid=599143855742456461"">Google</a>",,"<a href=""https://www.tripadvisor.com/Attraction_Review-g187337-d6922559"">TripAdvisor</a>","<a href=""https://untappd.com/w/apfelweinkontor-frankfurt/468433"">Untappd</a>"
498,2023,Dominant Acidity Cider,🥇 Gold,Restauracja Tabun,Tabun Antonówka 2022,90.3,Poland,2744,Cider,Active,"<a href=""https://www.restauracjatabun.pl/"">Website</a>","<a href=""https://www.facebook.com/TABUNCYDR/"">Facebook</a>","<a href=""https://www.instagram.com/tabuncydr/"">Instagram</a>","<a href=""https://maps.google.com/?cid=13556304642115496222"">Google</a>",,"<a href=""https://www.tripadvisor.com/Restaurant_Review-g3222438-d2654599"">TripAdvisor</a>","<a href=""https://untappd.com/w/tabun/434136"">Untappd</a>"
499,2023,Dominant Acidity Cider,🥇 Gold,Hardangergutane,Solglimt,90.1,Norway,2746,Cider,Active,"<a href=""https://hardangergutane.no/"">Website</a>","<a href=""https://www.facebook.com/Hardangergutane/"">Facebook</a>","<a href=""https://www.instagram.com/hardangergutane/"">Instagram</a>","<a href=""https://maps.google.com/?cid=10940983309801750674"">Google</a>",,"<a href=""https://www.tripadvisor.com/Restaurant_Review-g2328851-d23478417"">TripAdvisor</a>","<a href=""https://untappd.com/w/hardangergutane/429679"">Untappd</a>"
500,2023,Dominant Acidity Cider,🥇 Gold,Sidra Viuda de Angelón,1947 Sidra Natural de Mesa,89.4,Asturias,1675,Cider,Active,"<a href=""http://www.sidraviudaangelonpomar.es/"">Website</a>","<a href=""https://www.facebook.com/sidrapomar.viudaangelon/"">Facebook</a>","<a href=""https://www.instagram.com/Sidraviudaangelon/"">Instagram</a>","<a href=""https://maps.google.com/?cid=13173562328637195239"">Google</a>",,,"<a href=""https://untappd.com/w/viuda-de-angela3n/142823"">Untappd</a>"
501,2023,Dominant Acidity Cider,🥈 Silver,OmCider,Skoiar,88,Norway,2753,Cider,Active,"<a href=""https://omcider.no/"">Website</a>","<a href=""https://www.facebook.com/OmCiderAS/"">Facebook</a>","<a href=""https://www.instagram.com/omcideras/"">Instagram</a>","<a href=""https://maps.google.com/?cid=1800091822223931241"">Google</a>",,,"<a href=""https://untappd.com/w/omcider/492586"">Untappd</a>"
502,2023,Dominant Acidity Cider,🥈 Silver,Het Hamerstuk,Hamerstuk Wilde Appel,84.8,Netherlands,2723,Wine,Active,"<a href=""https://hethamerstuk.nl/"">Website</a>","<a href=""https://www.facebook.com/HetHamerstuk/"">Facebook</a>","<a href=""https://www.instagram.com/hethamerstuk"">Instagram</a>","<a href=""https://maps.google.com/?cid=11584128023568770529"">Google</a>",,,"<a href=""https://untappd.com/Hamerstuk"">Untappd</a>"
503,2023,Dominant Acidity Cider,🥈 Silver,Pomologik,Aroma,81.3,Sweden,2397,Cider,Active,"<a href=""https://www.pomologik.se/"">Website</a>","<a href=""https://www.facebook.com/pomologik"">Facebook</a>","<a href=""https://www.instagram.com/Pomologik/"">Instagram</a>","<a href=""https://maps.google.com/?cid=17836181822390207936"">Google</a>",,,"<a href=""https://untappd.com/Pomologik_swe"">Untappd</a>"
504,2023,Dominant Acidity Cider,🥈 Silver,Weidmann & Groh,Speierling Halbtrocken 2022,81.3,Germany,1343,Spirits,Active,"<a href=""https://weidmann-groh.de/"">Website</a>","<a href=""https://www.facebook.com/pages/WEIDMANN-GROH/138116339592327"">Facebook</a>",,"<a href=""https://maps.google.com/?cid=6569120976887073603"">Google</a>",,,"<a href=""https://untappd.com/w/weidmann-groh/73065"">Untappd</a>"
505,2023,Dominant Acidity Cider,🥈 Silver,Ulvik Frukt & Cideri,Stille Stunder,80.8,Norway,1414,Cider,Active,"<a href=""http://www.hakastadsider.no/"">Website</a>","<a href=""https://www.facebook.com/pages/Ulvik-Frukt-Cideri/191311970916027"">Facebook</a>",,"<a href=""https://maps.google.com/?cid=8381380851022975775"">Google</a>",,,"<a href=""https://untappd.com/brewery/60198"">Untappd</a>"
506,2023,Dominant Acidity Cider,🥈 Silver,Apfelweinkontor,Goldparmäne&Bohnapfel Cuvée,80.1,Germany,1325,Cider,Active,"<a href=""https://www.apfelweinkontor.com/"">Website</a>","<a href=""https://www.facebook.com/Apfelweinkontor"">Facebook</a>","<a href=""https://www.instagram.com/apfelweinkontor/"">Instagram</a>","<a href=""https://maps.google.com/?cid=599143855742456461"">Google</a>",,"<a href=""https://www.tripadvisor.com/Attraction_Review-g187337-d6922559"">TripAdvisor</a>","<a href=""https://untappd.com/w/apfelweinkontor-frankfurt/468433"">Untappd</a>"
507,2023,Dominant Acidity Cider,🥈 Silver,Sidra Trabanco,Alicia,79.8,Asturias,1674,Cider,Active,"<a href=""https://www.sidratrabanco.com/"">Website</a>","<a href=""https://www.facebook.com/sidratrabanco/"">Facebook</a>","<a href=""https://www.instagram.com/sidratrabanco/"">Instagram</a>","<a href=""https://maps.google.com/?cid=8706552013547802387"">Google</a>",,,"<a href=""https://untappd.com/brewery/6382"">Untappd</a>"
508,2023,Dominant Acidity Cider,🥈 Silver,Kühbrein Most,Kühbreinmost - Champagner Renette,79.2,Austria,2396,Cider,Active,"<a href=""https://www.kuehbreinmost.at/"">Website</a>","<a href=""https://www.facebook.com/KuhbreinMost/"">Facebook</a>","<a href=""https://www.instagram.com/kuehbrein__/"">Instagram</a>","<a href=""https://maps.google.com/?cid=6347288815375920345"">Google</a>",,,"<a href=""https://untappd.com/w/k-hbrein/425089"">Untappd</a>"
509,2023,Dominant Acidity Cider,🥉 Bronze,ANXO Cider,Happy Trees,77.9,United States,89,Cider,Active,"<a href=""https://store.anxodc.com/"">Website</a>","<a href=""https://www.facebook.com/ANXOcider"">Facebook</a>","<a href=""https://www.instagram.com/anxodistrict/"">Instagram</a>","<a href=""https://maps.google.com/?cid=9806483452569861957"">Google</a>","<a href=""https://www.yelp.com/biz/anxo-cidery-and-tasting-room-washington"">Yelp</a>","<a href=""https://www.tripadvisor.com/Restaurant_Review-g28970-d18923653"">TripAdvisor</a>","<a href=""https://untappd.com/ANXOCidery"">Untappd</a>"
510,2023,Dominant Acidity Cider,🥉 Bronze,Cidérka,Sojka,75.1,Czechia,2760,Cider,Active,"<a href=""https://www.ciderka.cz/"">Website</a>","<a href=""https://www.facebook.com/ciderka.cz"">Facebook</a>","<a href=""https://www.instagram.com/ciderka.cz/"">Instagram</a>","<a href=""https://maps.google.com/?cid=4045068491840478725"">Google</a>",,,"<a href=""https://untappd.com/w/ciderka/463341"">Untappd</a>"
511,2023,Dominant Acidity Cider,🥉 Bronze,Sidra El Gaitero,Gaitero Natural,75,Asturias,1314,Cider,Active,"<a href=""https://www.sidraelgaitero.com/"">Website</a>","<a href=""https://www.facebook.com/grupoelgaitero"">Facebook</a>","<a href=""https://www.instagram.com/grupoelgaitero/"">Instagram</a>","<a href=""https://maps.google.com/?cid=15753532318992345137"">Google</a>",,"<a href=""https://www.tripadvisor.com/Attraction_Review-g608997-d3239389"">TripAdvisor</a>","<a href=""https://untappd.com/brewery/4266"">Untappd</a>"
512,2023,Dominant Acidity Cider,🥉 Bronze,Hardangergutane,Vindpust,74.5,Norway,2746,Cider,Active,"<a href=""https://hardangergutane.no/"">Website</a>","<a href=""https://www.facebook.com/Hardangergutane/"">Facebook</a>","<a href=""https://www.instagram.com/hardangergutane/"">Instagram</a>","<a href=""https://maps.google.com/?cid=10940983309801750674"">Google</a>",,"<a href=""https://www.tripadvisor.com/Restaurant_Review-g2328851-d23478417"">TripAdvisor</a>","<a href=""https://untappd.com/w/hardangergutane/429679"">Untappd</a>"
513,2023,Dominant Acidity Cider,🥉 Bronze,Cider Sekt,Cider Talk Semi Sweet,74.5,Czechia,2745,Cider,Active,"<a href=""https://www.cidersekt.cz/"">Website</a>","<a href=""https://www.facebook.com/cidertalk/"">Facebook</a>","<a href=""https://www.instagram.com/cidertalk/"">Instagram</a>","<a href=""https://maps.google.com/?cid=1744130511388226457"">Google</a>",,,"<a href=""https://untappd.com/w/provoco/396367"">Untappd</a>"
514,2023,Dominant Acidity Cider,🥉 Bronze,Mooma,Sidra Envellida 75cl,73.9,Catalonia,2752,Cider,Active,"<a href=""https://mooma.cat/"">Website</a>","<a href=""https://www.facebook.com/sidreriamooma/"">Facebook</a>","<a href=""https://www.instagram.com/mooma/"">Instagram</a>","<a href=""https://maps.google.com/?cid=11350926811080988766"">Google</a>",,"<a href=""https://www.tripadvisor.com/Restaurant_Review-g3501872-d13815642"">TripAdvisor</a>","<a href=""https://untappd.com/w/mooma/254950"">Untappd</a>"
515,2023,Dominant Acidity Cider,🥉 Bronze,Elegast Cidery,Dorestad Wild Cider,73.9,Netherlands,2660,Cider,Active,"<a href=""https://elegastcider.nl/"">Website</a>","<a href=""https://www.facebook.com/elegastcidery/"">Facebook</a>","<a href=""https://www.instagram.com/elegast_cidery/"">Instagram</a>","<a href=""https://maps.google.com/?cid=5936408747857287023"">Google</a>",,,"<a href=""https://untappd.com/ElegastCidery"">Untappd</a>"
516,2023,Dominant Acidity Cider,🥉 Bronze,Lofthus Ekspedisjon,OPO,73.7,Norway,2766,Cider,Active,"<a href=""https://lofthusekspedisjon.no/"">Website</a>","<a href=""https://www.facebook.com/ekspedisjonlofthus/"">Facebook</a>","<a href=""https://www.instagram.com/lofthus_ekspedisjon/"">Instagram</a>","<a href=""https://maps.google.com/?cid=10108744972037075215"">Google</a>",,"<a href=""https://www.tripadvisor.com/Restaurant_Review-g1188596-d23540819"">TripAdvisor</a>","<a href=""https://untappd.com/EkspedisjonenBryggeri"">Untappd</a>"
517,2023,Dominant Acidity Cider,🥉 Bronze,Cydrownia Zywer,Panskie 2022,72.5,Poland,2484,Cider,Active,"<a href=""https://zywer.pl/"">Website</a>","<a href=""https://www.facebook.com/CydrowniaZywer"">Facebook</a>","<a href=""https://www.instagram.com/cydrowniazywer/"">Instagram</a>","<a href=""https://maps.google.com/?cid=10041242298570436703"">Google</a>",,,"<a href=""https://untappd.com/cydrowniazywer"">Untappd</a>"
518,2023,Dominant Acidity Cider,🥉 Bronze,Ulvik Frukt & Cideri,Gravenstein,72.1,Norway,1414,Cider,Active,"<a href=""http://www.hakastadsider.no/"">Website</a>","<a href=""https://www.facebook.com/pages/Ulvik-Frukt-Cideri/191311970916027"">Facebook</a>",,"<a href=""https://maps.google.com/?cid=8381380851022975775"">Google</a>",,,"<a href=""https://untappd.com/brewery/60198"">Untappd</a>"
519,2023,Dominant Bitterness Cider,🥇 Gold,Sidrería TenCai,Muerte Fría y Serena,91.2,Chile,2743,Cider,Active,"<a href=""https://tencaisidra.cl/"">Website</a>","<a href=""https://www.facebook.com/profile.php?id=100063550781151"">Facebook</a>","<a href=""https://www.instagram.com/tencaisidra/"">Instagram</a>","<a href=""https://maps.google.com/?cid=5739971672897016755"">Google</a>",,,"<a href=""https://untappd.com/tencaisidra"">Untappd</a>"
520,2023,Dominant Bitterness Cider,🥈 Silver,Cidre Sorre,Rose Cuvee d'Exception,86.5,France,1371,Cider,Active,"<a href=""https://www.cidre-sorre.fr/"">Website</a>","<a href=""https://www.facebook.com/CidrerieSorre/"">Facebook</a>","<a href=""https://www.instagram.com/cidreriesorre/"">Instagram</a>","<a href=""https://maps.google.com/?cid=3277478841126723957"">Google</a>","<a href=""https://www.yelp.com/biz/chapron-cidre-sorre-ets-plerguer-2"">Yelp</a>","<a href=""https://www.tripadvisor.com/Attraction_Review-g8506159-d8653800"">TripAdvisor</a>","<a href=""https://untappd.com/w/cidre-sorre/16758"">Untappd</a>"
521,2023,Dominant Bitterness Cider,🥈 Silver,Cidre Sorre,Spiritus Cuvee d'Exception,86.4,France,1371,Cider,Active,"<a href=""https://www.cidre-sorre.fr/"">Website</a>","<a href=""https://www.facebook.com/CidrerieSorre/"">Facebook</a>","<a href=""https://www.instagram.com/cidreriesorre/"">Instagram</a>","<a href=""https://maps.google.com/?cid=3277478841126723957"">Google</a>","<a href=""https://www.yelp.com/biz/chapron-cidre-sorre-ets-plerguer-2"">Yelp</a>","<a href=""https://www.tripadvisor.com/Attraction_Review-g8506159-d8653800"">TripAdvisor</a>","<a href=""https://untappd.com/w/cidre-sorre/16758"">Untappd</a>"
522,2023,Dominant Bitterness Cider,🥈 Silver,Cidrerie du Pays d'Auray,Cidre Brut,82,France,2543,Cider,Active,,,"<a href=""https://www.instagram.com/cidre.maho/"">Instagram</a>","<a href=""https://maps.google.com/?cid=9205038680508918633"">Google</a>",,,"<a href=""https://untappd.com/w/cidrerie-du-pays-d-auray-frana-ois-maho/423523"">Untappd</a>"
523,2023,Dominant Bitterness Cider,🥉 Bronze,Cidre Sorre,Guillevic,76.4,France,1371,Cider,Active,"<a href=""https://www.cidre-sorre.fr/"">Website</a>","<a href=""https://www.facebook.com/CidrerieSorre/"">Facebook</a>","<a href=""https://www.instagram.com/cidreriesorre/"">Instagram</a>","<a href=""https://maps.google.com/?cid=3277478841126723957"">Google</a>","<a href=""https://www.yelp.com/biz/chapron-cidre-sorre-ets-plerguer-2"">Yelp</a>","<a href=""https://www.tripadvisor.com/Attraction_Review-g8506159-d8653800"">TripAdvisor</a>","<a href=""https://untappd.com/w/cidre-sorre/16758"">Untappd</a>"
524,2023,Dominant Bitterness Cider,🥉 Bronze,Killahora Orchards,Pet Nat Dry Bittersweet Cider 2021,75.5,Ireland,1958,Cider,Active,"<a href=""https://www.killahoraorchards.ie/"">Website</a>","<a href=""https://www.facebook.com/killahora/"">Facebook</a>","<a href=""https://www.instagram.com/killahora/"">Instagram</a>",,,,"<a href=""https://untappd.com/w/killahora-orchards/437436"">Untappd</a>"
525,2023,Dominant Bitterness Cider,🥉 Bronze,Restauracja Tabun,Tabun Fine,74.1,Poland,2744,Cider,Active,"<a href=""https://www.restauracjatabun.pl/"">Website</a>","<a href=""https://www.facebook.com/TABUNCYDR/"">Facebook</a>","<a href=""https://www.instagram.com/tabuncydr/"">Instagram</a>","<a href=""https://maps.google.com/?cid=13556304642115496222"">Google</a>",,"<a href=""https://www.tripadvisor.com/Restaurant_Review-g3222438-d2654599"">TripAdvisor</a>","<a href=""https://untappd.com/w/tabun/434136"">Untappd</a>"
526,2023,Dominant Bitterness Cider,🥉 Bronze,Pomologik,Cidre Brut,74,Sweden,2397,Cider,Active,"<a href=""https://www.pomologik.se/"">Website</a>","<a href=""https://www.facebook.com/pomologik"">Facebook</a>","<a href=""https://www.instagram.com/Pomologik/"">Instagram</a>","<a href=""https://maps.google.com/?cid=17836181822390207936"">Google</a>",,,"<a href=""https://untappd.com/Pomologik_swe"">Untappd</a>"
527,2023,Dominant Bitterness Cider,🥉 Bronze,Cider Sekt,Cider Talk Bitter Sweet,73.9,Czechia,2745,Cider,Active,"<a href=""https://www.cidersekt.cz/"">Website</a>","<a href=""https://www.facebook.com/cidertalk/"">Facebook</a>","<a href=""https://www.instagram.com/cidertalk/"">Instagram</a>","<a href=""https://maps.google.com/?cid=1744130511388226457"">Google</a>",,,"<a href=""https://untappd.com/w/provoco/396367"">Untappd</a>"
528,2023,Dominant Bitterness Cider,🥉 Bronze,Cidre Sorre,Brut Les Marinieres,71,France,1371,Cider,Active,"<a href=""https://www.cidre-sorre.fr/"">Website</a>","<a href=""https://www.facebook.com/CidrerieSorre/"">Facebook</a>","<a href=""https://www.instagram.com/cidreriesorre/"">Instagram</a>","<a href=""https://maps.google.com/?cid=3277478841126723957"">Google</a>","<a href=""https://www.yelp.com/biz/chapron-cidre-sorre-ets-plerguer-2"">Yelp</a>","<a href=""https://www.tripadvisor.com/Attraction_Review-g8506159-d8653800"">TripAdvisor</a>","<a href=""https://untappd.com/w/cidre-sorre/16758"">Untappd</a>"
529,2023,Dominant Bitterness Cider,🥉 Bronze,ANXO Cider,ANXO / Oliver's Hereford Gold,71,United States,89,Cider,Active,"<a href=""https://store.anxodc.com/"">Website</a>","<a href=""https://www.facebook.com/ANXOcider"">Facebook</a>","<a href=""https://www.instagram.com/anxodistrict/"">Instagram</a>","<a href=""https://maps.google.com/?cid=9806483452569861957"">Google</a>","<a href=""https://www.yelp.com/biz/anxo-cidery-and-tasting-room-washington"">Yelp</a>","<a href=""https://www.tripadvisor.com/Restaurant_Review-g28970-d18923653"">TripAdvisor</a>","<a href=""https://untappd.com/ANXOCidery"">Untappd</a>"
530,2023,Premium Sparkling Cider,🥇 Gold,L'Aubinière,Cidre Cuveé Ombrage 2022,92.7,France,2481,Cider,Active,"<a href=""https://www.laubiniere.fr/"">Website</a>","<a href=""https://www.facebook.com/laubiniere/"">Facebook</a>","<a href=""https://www.instagram.com/laubiniere/"">Instagram</a>","<a href=""https://maps.google.com/?cid=3202157626582316196"">Google</a>",,,"<a href=""https://untappd.com/w/l-aubiniere/531046"">Untappd</a>"
531,2023,Premium Sparkling Cider,🥇 Gold,L'Aubinière,Cidre Cuvée Déferlante Signature Barrique 2022,91.5,France,2481,Cider,Active,"<a href=""https://www.laubiniere.fr/"">Website</a>","<a href=""https://www.facebook.com/laubiniere/"">Facebook</a>","<a href=""https://www.instagram.com/laubiniere/"">Instagram</a>","<a href=""https://maps.google.com/?cid=3202157626582316196"">Google</a>",,,"<a href=""https://untappd.com/w/l-aubiniere/531046"">Untappd</a>"
532,2023,Premium Sparkling Cider,🥇 Gold,Sidra Fran,Ramos del Valle,91.3,Asturias,1479,Cider,Active,"<a href=""https://sidrafran.es/"">Website</a>",,"<a href=""https://www.instagram.com/sidrafran1918/"">Instagram</a>","<a href=""https://maps.google.com/?cid=15672106953833908893"">Google</a>",,"<a href=""https://www.tripadvisor.com/Restaurant_Review-g2437300-d7244547"">TripAdvisor</a>","<a href=""https://untappd.com/w/sidra-fran/85954"">Untappd</a>"
533,2023,Premium Sparkling Cider,🥇 Gold,Sidra Niebla,Sidra Niebla Etiqueta Roja,91.1,Canary Islands,2748,Cider,Active,"<a href=""https://www.sidrasdecanarias.com/"">Website</a>",,"<a href=""https://www.instagram.com/sidras_niebla/"">Instagram</a>","<a href=""https://maps.google.com/?cid=16349686505723006702"">Google</a>",,,
534,2023,Premium Sparkling Cider,🥇 Gold,Sidra El Gaitero,Gaitero Etiqueta Negra,91,Asturias,1314,Cider,Active,"<a href=""https://www.sidraelgaitero.com/"">Website</a>","<a href=""https://www.facebook.com/grupoelgaitero"">Facebook</a>","<a href=""https://www.instagram.com/grupoelgaitero/"">Instagram</a>","<a href=""https://maps.google.com/?cid=15753532318992345137"">Google</a>",,"<a href=""https://www.tripadvisor.com/Attraction_Review-g608997-d3239389"">TripAdvisor</a>","<a href=""https://untappd.com/brewery/4266"">Untappd</a>"
535,2023,Premium Sparkling Cider,🥇 Gold,Mooma,Sidra Ancestral Reserva 75cl,90.7,Catalonia,2752,Cider,Active,"<a href=""https://mooma.cat/"">Website</a>","<a href=""https://www.facebook.com/sidreriamooma/"">Facebook</a>","<a href=""https://www.instagram.com/mooma/"">Instagram</a>","<a href=""https://maps.google.com/?cid=11350926811080988766"">Google</a>",,"<a href=""https://www.tripadvisor.com/Restaurant_Review-g3501872-d13815642"">TripAdvisor</a>","<a href=""https://untappd.com/w/mooma/254950"">Untappd</a>"
536,2023,Premium Sparkling Cider,🥈 Silver,Sidra Niebla,Sidra Niebla Etiqueta Negra,88.3,Canary Islands,2748,Cider,Active,"<a href=""https://www.sidrasdecanarias.com/"">Website</a>",,"<a href=""https://www.instagram.com/sidras_niebla/"">Instagram</a>","<a href=""https://maps.google.com/?cid=16349686505723006702"">Google</a>",,,
537,2023,Premium Sparkling Cider,🥈 Silver,Bizio,Zelaia,87.2,Basque Country,2751,Cider,Active,,"<a href=""https://www.facebook.com/bizio.eus/"">Facebook</a>","<a href=""https://www.instagram.com/bizio.eus/"">Instagram</a>","<a href=""https://maps.google.com/?cid=10634023042683294263"">Google</a>",,,"<a href=""https://untappd.com/w/bizio/517614"">Untappd</a>"
538,2023,Premium Sparkling Cider,🥈 Silver,Petritegi,Petritegi 1526 Reserva,87.2,Basque Country,1171,Cider,Active,"<a href=""https://www.petritegi.com/"">Website</a>","<a href=""https://www.facebook.com/Petritegi/"">Facebook</a>","<a href=""https://www.instagram.com/petritegi"">Instagram</a>","<a href=""https://maps.google.com/?cid=16425101977693923721"">Google</a>","<a href=""https://www.yelp.com/biz/petritegi-astigarraga"">Yelp</a>","<a href=""https://www.tripadvisor.com/Restaurant_Review-g1064182-d2266030"">TripAdvisor</a>","<a href=""https://untappd.com/brewery/51639"">Untappd</a>"
539,2023,Premium Sparkling Cider,🥈 Silver,Sidra Riestra,Guzman Riestra,86.7,Asturias,1673,Cider,Active,"<a href=""http://www.sidrariestra.com/"">Website</a>","<a href=""https://www.facebook.com/SidraRiestra"">Facebook</a>","<a href=""https://www.instagram.com/sidrariestra/"">Instagram</a>","<a href=""https://maps.google.com/?cid=2253085342105400787"">Google</a>",,,"<a href=""https://untappd.com/w/riestra/70601"">Untappd</a>"
540,2023,Premium Sparkling Cider,🥈 Silver,Mooma,Sidra Ancestral Criança 75cl,86.5,Catalonia,2752,Cider,Active,"<a href=""https://mooma.cat/"">Website</a>","<a href=""https://www.facebook.com/sidreriamooma/"">Facebook</a>","<a href=""https://www.instagram.com/mooma/"">Instagram</a>","<a href=""https://maps.google.com/?cid=11350926811080988766"">Google</a>",,"<a href=""https://www.tripadvisor.com/Restaurant_Review-g3501872-d13815642"">TripAdvisor</a>","<a href=""https://untappd.com/w/mooma/254950"">Untappd</a>"
541,2023,Premium Sparkling Cider,🥈 Silver,Floribunda,Rosé Cider,85.2,Italy,2029,Cider,Active,"<a href=""https://www.floribunda.it/"">Website</a>",,"<a href=""https://www.instagram.com/floribundacider/"">Instagram</a>","<a href=""https://maps.google.com/?cid=14548393953505771229"">Google</a>",,,"<a href=""https://untappd.com/w/floribunda/333615"">Untappd</a>"
542,2023,Premium Sparkling Cider,🥈 Silver,L'Aubinière,Cidre Cuvée Automne 2021,85.1,France,2481,Cider,Active,"<a href=""https://www.laubiniere.fr/"">Website</a>","<a href=""https://www.facebook.com/laubiniere/"">Facebook</a>","<a href=""https://www.instagram.com/laubiniere/"">Instagram</a>","<a href=""https://maps.google.com/?cid=3202157626582316196"">Google</a>",,,"<a href=""https://untappd.com/w/l-aubiniere/531046"">Untappd</a>"
543,2023,Premium Sparkling Cider,🥈 Silver,Sidra Alfa,Espumante Alfa,84.7,Portugal,2756,Cider,Active,"<a href=""https://sidraalfa.pt/"">Website</a>","<a href=""https://www.facebook.com/Sidralfa1/"">Facebook</a>","<a href=""https://www.instagram.com/sidra_alfa/"">Instagram</a>",,,,"<a href=""https://untappd.com/w/sidra-alfa/545661"">Untappd</a>"
544,2023,Premium Sparkling Cider,🥈 Silver,Sidra Viuda de Angelón,Prau Monga Sidra Natural Espumosa,81.3,Asturias,1675,Cider,Active,"<a href=""http://www.sidraviudaangelonpomar.es/"">Website</a>","<a href=""https://www.facebook.com/sidrapomar.viudaangelon/"">Facebook</a>","<a href=""https://www.instagram.com/Sidraviudaangelon/"">Instagram</a>","<a href=""https://maps.google.com/?cid=13173562328637195239"">Google</a>",,,"<a href=""https://untappd.com/w/viuda-de-angela3n/142823"">Untappd</a>"
545,2023,Premium Sparkling Cider,🥈 Silver,Floribunda,Apfel Cider Alla Mela,80.9,Italy,2029,Cider,Active,"<a href=""https://www.floribunda.it/"">Website</a>",,"<a href=""https://www.instagram.com/floribundacider/"">Instagram</a>","<a href=""https://maps.google.com/?cid=14548393953505771229"">Google</a>",,,"<a href=""https://untappd.com/w/floribunda/333615"">Untappd</a>"
546,2023,Premium Sparkling Cider,🥈 Silver,Weidmann & Groh,Grohsecco,80.9,Germany,1343,Spirits,Active,"<a href=""https://weidmann-groh.de/"">Website</a>","<a href=""https://www.facebook.com/pages/WEIDMANN-GROH/138116339592327"">Facebook</a>",,"<a href=""https://maps.google.com/?cid=6569120976887073603"">Google</a>",,,"<a href=""https://untappd.com/w/weidmann-groh/73065"">Untappd</a>"
547,2023,Premium Sparkling Cider,🥈 Silver,Sidra Trabanco,Poma Áurea,80.4,Asturias,1674,Cider,Active,"<a href=""https://www.sidratrabanco.com/"">Website</a>","<a href=""https://www.facebook.com/sidratrabanco/"">Facebook</a>","<a href=""https://www.instagram.com/sidratrabanco/"">Instagram</a>","<a href=""https://maps.google.com/?cid=8706552013547802387"">Google</a>",,,"<a href=""https://untappd.com/brewery/6382"">Untappd</a>"
548,2023,Premium Sparkling Cider,🥈 Silver,Sidra El Gaitero,"Valle, Ballina y Fernandez",80,Asturias,1314,Cider,Active,"<a href=""https://www.sidraelgaitero.com/"">Website</a>","<a href=""https://www.facebook.com/grupoelgaitero"">Facebook</a>","<a href=""https://www.instagram.com/grupoelgaitero/"">Instagram</a>","<a href=""https://maps.google.com/?cid=15753532318992345137"">Google</a>",,"<a href=""https://www.tripadvisor.com/Attraction_Review-g608997-d3239389"">TripAdvisor</a>","<a href=""https://untappd.com/brewery/4266"">Untappd</a>"
549,2023,Premium Sparkling Cider,🥉 Bronze,Apfelweinkontor,"German Cider 0,33",77.7,Germany,1325,Cider,Active,"<a href=""https://www.apfelweinkontor.com/"">Website</a>","<a href=""https://www.facebook.com/Apfelweinkontor"">Facebook</a>","<a href=""https://www.instagram.com/apfelweinkontor/"">Instagram</a>","<a href=""https://maps.google.com/?cid=599143855742456461"">Google</a>",,"<a href=""https://www.tripadvisor.com/Attraction_Review-g187337-d6922559"">TripAdvisor</a>","<a href=""https://untappd.com/w/apfelweinkontor-frankfurt/468433"">Untappd</a>"
550,2023,Premium Sparkling Cider,🥉 Bronze,Angry Orchard,Laatzomer,76.8,United States,87,Cider,Active,"<a href=""https://www.angryorchard.com/"">Website</a>","<a href=""https://www.facebook.com/AngryOrchard/"">Facebook</a>","<a href=""https://www.instagram.com/angryorchard/"">Instagram</a>","<a href=""https://maps.google.com/?cid=17467507983407382578"">Google</a>","<a href=""https://www.yelp.com/biz/angry-orchard-walden-2"">Yelp</a>","<a href=""https://www.tripadvisor.com/Attraction_Review-g48788-d10266026"">TripAdvisor</a>","<a href=""https://untappd.com/w/angry-orchard-cider-company/16455"">Untappd</a>"
551,2023,Premium Sparkling Cider,🥉 Bronze,Sidra Somarroza,Espumosa Seca Somarroza,75.7,Cantabria,1921,Cider,Active,"<a href=""https://sidrasomarroza.es/"">Website</a>","<a href=""https://www.facebook.com/sidrasomarroza"">Facebook</a>","<a href=""https://www.instagram.com/sidrasomarroza/"">Instagram</a>","<a href=""https://maps.google.com/?cid=7109045394192195825"">Google</a>",,,"<a href=""https://untappd.com/w/somarroza/147830"">Untappd</a>"
552,2023,Premium Sparkling Cider,🥉 Bronze,Sidra La Naveta,La Naveta Brut,74.3,Asturias,2754,Cider,Active,"<a href=""https://lanaveta.com/"">Website</a>","<a href=""https://www.facebook.com/profile.php?id=100063497946147"">Facebook</a>",,"<a href=""https://maps.google.com/?cid=18265458060195810621"">Google</a>",,,"<a href=""https://untappd.com/w/la-naveta/288596"">Untappd</a>"
553,2023,Premium Sparkling Cider,🥉 Bronze,Cydrownia Zywer,Crocels 2022,72.9,Poland,2484,Cider,Active,"<a href=""https://zywer.pl/"">Website</a>","<a href=""https://www.facebook.com/CydrowniaZywer"">Facebook</a>","<a href=""https://www.instagram.com/cydrowniazywer/"">Instagram</a>","<a href=""https://maps.google.com/?cid=10041242298570436703"">Google</a>",,,"<a href=""https://untappd.com/cydrowniazywer"">Untappd</a>"
554,2023,Premium Sparkling Cider,🥉 Bronze,Cydrownia Zywer,Brus 2022,72.5,Poland,2484,Cider,Active,"<a href=""https://zywer.pl/"">Website</a>","<a href=""https://www.facebook.com/CydrowniaZywer"">Facebook</a>","<a href=""https://www.instagram.com/cydrowniazywer/"">Instagram</a>","<a href=""https://maps.google.com/?cid=10041242298570436703"">Google</a>",,,"<a href=""https://untappd.com/cydrowniazywer"">Untappd</a>"
555,2023,Premium Sparkling Cider,🥉 Bronze,Sidra La Naveta,La Naveta Roxa,72.3,Asturias,2754,Cider,Active,"<a href=""https://lanaveta.com/"">Website</a>","<a href=""https://www.facebook.com/profile.php?id=100063497946147"">Facebook</a>",,"<a href=""https://maps.google.com/?cid=18265458060195810621"">Google</a>",,,"<a href=""https://untappd.com/w/la-naveta/288596"">Untappd</a>"
556,2023,Premium Sparkling Cider,🥉 Bronze,Nua Cider,Nua #2 - Pet Nat Cider,71.8,Portugal,2483,Cider,Active,"<a href=""https://www.nuacider.com/"">Website</a>","<a href=""https://www.facebook.com/cidernua/"">Facebook</a>","<a href=""https://www.instagram.com/CiderNua"">Instagram</a>",,,,"<a href=""https://untappd.com/w/nua-cider/462924"">Untappd</a>"
557,2023,Premium Sparkling Cider,🥉 Bronze,Sidra Somarroza,Rubí de Somarroza,71.7,Cantabria,1921,Cider,Active,"<a href=""https://sidrasomarroza.es/"">Website</a>","<a href=""https://www.facebook.com/sidrasomarroza"">Facebook</a>","<a href=""https://www.instagram.com/sidrasomarroza/"">Instagram</a>","<a href=""https://maps.google.com/?cid=7109045394192195825"">Google</a>",,,"<a href=""https://untappd.com/w/somarroza/147830"">Untappd</a>"
558,2023,Premium Sparkling Cider,🥉 Bronze,Weidmann & Groh,Dicke Berta Pet Nat,71,Germany,1343,Spirits,Active,"<a href=""https://weidmann-groh.de/"">Website</a>","<a href=""https://www.facebook.com/pages/WEIDMANN-GROH/138116339592327"">Facebook</a>",,"<a href=""https://maps.google.com/?cid=6569120976887073603"">Google</a>",,,"<a href=""https://untappd.com/w/weidmann-groh/73065"">Untappd</a>"
559,2023,Premium Sparkling Cider,🥉 Bronze,Sidra Trabanco,Lagar de Camín Brut Premium,71,Asturias,1674,Cider,Active,"<a href=""https://www.sidratrabanco.com/"">Website</a>","<a href=""https://www.facebook.com/sidratrabanco/"">Facebook</a>","<a href=""https://www.instagram.com/sidratrabanco/"">Instagram</a>","<a href=""https://maps.google.com/?cid=8706552013547802387"">Google</a>",,,"<a href=""https://untappd.com/brewery/6382"">Untappd</a>"
560,2023,Premium Sparkling Cider,🥉 Bronze,Zapiain,Zapiain Aparduna 2019,71,Basque Country,1172,Cider,Active,"<a href=""https://zapiain.eus/"">Website</a>","<a href=""https://www.facebook.com/zapiainsagardoa"">Facebook</a>","<a href=""https://www.instagram.com/zapiainsagardoa/"">Instagram</a>","<a href=""https://maps.google.com/?cid=16982677267877188990"">Google</a>",,"<a href=""https://www.tripadvisor.com/Restaurant_Review-g1064182-d3806229"">TripAdvisor</a>","<a href=""https://untappd.com/ZapiainSagardoa"">Untappd</a>"
561,2023,Premium Sparkling Cider,🥉 Bronze,Cider Bohemia,Cider Bohemia,70.8,Czechia,2758,Cider,Active,"<a href=""https://ciderbohemia.cz/"">Website</a>",,"<a href=""https://www.instagram.com/ciderbohemia/"">Instagram</a>","<a href=""https://maps.google.com/?cid=7807386085617641275"">Google</a>",,,"<a href=""https://untappd.com/w/cider-bohemia/314477"">Untappd</a>"
562,2023,Premium Sparkling Cider,🥉 Bronze,Sidra Somarroza,Sidra Espumosa Dulce Somarroza,70.7,Cantabria,1921,Cider,Active,"<a href=""https://sidrasomarroza.es/"">Website</a>","<a href=""https://www.facebook.com/sidrasomarroza"">Facebook</a>","<a href=""https://www.instagram.com/sidrasomarroza/"">Instagram</a>","<a href=""https://maps.google.com/?cid=7109045394192195825"">Google</a>",,,"<a href=""https://untappd.com/w/somarroza/147830"">Untappd</a>"
563,2023,Perry,🥇 Gold,Seppelbauer,Speckbirnen Most,94.5,Austria,1548,Cider,Active,"<a href=""https://www.seppelbauer.at/"">Website</a>","<a href=""https://www.facebook.com/pages/Seppelbauers-Obstparadies/208933892492272"">Facebook</a>","<a href=""https://www.instagram.com/seppelbauer/"">Instagram</a>",,,,"<a href=""https://untappd.com/w/mostheuriger-seppelbauer-datzberger/309349"">Untappd</a>"
564,2023,Perry,🥇 Gold,Seppelbauer,Birnen Cider,94.1,Austria,1548,Cider,Active,"<a href=""https://www.seppelbauer.at/"">Website</a>","<a href=""https://www.facebook.com/pages/Seppelbauers-Obstparadies/208933892492272"">Facebook</a>","<a href=""https://www.instagram.com/seppelbauer/"">Instagram</a>",,,,"<a href=""https://untappd.com/w/mostheuriger-seppelbauer-datzberger/309349"">Untappd</a>"
565,2023,Perry,🥇 Gold,Seppelbauer,Baronmost,93.5,Austria,1548,Cider,Active,"<a href=""https://www.seppelbauer.at/"">Website</a>","<a href=""https://www.facebook.com/pages/Seppelbauers-Obstparadies/208933892492272"">Facebook</a>","<a href=""https://www.instagram.com/seppelbauer/"">Instagram</a>",,,,"<a href=""https://untappd.com/w/mostheuriger-seppelbauer-datzberger/309349"">Untappd</a>"
566,2023,Perry,🥇 Gold,Seppelbauer,Baroncider Birne,92.8,Austria,1548,Cider,Active,"<a href=""https://www.seppelbauer.at/"">Website</a>","<a href=""https://www.facebook.com/pages/Seppelbauers-Obstparadies/208933892492272"">Facebook</a>","<a href=""https://www.instagram.com/seppelbauer/"">Instagram</a>",,,,"<a href=""https://untappd.com/w/mostheuriger-seppelbauer-datzberger/309349"">Untappd</a>"
567,2023,Perry,🥇 Gold,Seppelbauer,Brous Mostviertler Birnenmost,92.1,Austria,1548,Cider,Active,"<a href=""https://www.seppelbauer.at/"">Website</a>","<a href=""https://www.facebook.com/pages/Seppelbauers-Obstparadies/208933892492272"">Facebook</a>","<a href=""https://www.instagram.com/seppelbauer/"">Instagram</a>",,,,"<a href=""https://untappd.com/w/mostheuriger-seppelbauer-datzberger/309349"">Untappd</a>"
568,2023,Perry,🥇 Gold,Seppelbauer,Grünpichelbirnen Most,92,Austria,1548,Cider,Active,"<a href=""https://www.seppelbauer.at/"">Website</a>","<a href=""https://www.facebook.com/pages/Seppelbauers-Obstparadies/208933892492272"">Facebook</a>","<a href=""https://www.instagram.com/seppelbauer/"">Instagram</a>",,,,"<a href=""https://untappd.com/w/mostheuriger-seppelbauer-datzberger/309349"">Untappd</a>"
569,2023,Perry,🥈 Silver,Mostbauernhof Distelberger,Baronmost,86.5,Austria,1555,Cider,Active,"<a href=""http://www.distelberger.at/"">Website</a>",,,"<a href=""https://maps.google.com/?cid=11354772379381960347"">Google</a>",,,
570,2023,Perry,🥈 Silver,Mostheuriger Hansbauer,Speckbirne,86.1,Austria,1579,Cider,Active,"<a href=""https://www.hansbauer.at/"">Website</a>",,"<a href=""https://www.instagram.com/mostheuriger_hansbauer/"">Instagram</a>","<a href=""https://maps.google.com/?cid=17616529891212169565"">Google</a>",,,
571,2023,Perry,🥈 Silver,Lieglhof Familie Zarl,Landlbirnenmost,85,Austria,2769,Cider,Active,"<a href=""https://www.lieglhof.com/"">Website</a>","<a href=""https://www.facebook.com/gutesvomlieglhof/"">Facebook</a>","<a href=""https://www.instagram.com/lieglhof/"">Instagram</a>","<a href=""https://maps.google.com/?cid=9123177938973924997"">Google</a>",,,
572,2023,Perry,🥈 Silver,Seppelbauer,"Preh, Mostviertler Birnenmost",84.7,Austria,1548,Cider,Active,"<a href=""https://www.seppelbauer.at/"">Website</a>","<a href=""https://www.facebook.com/pages/Seppelbauers-Obstparadies/208933892492272"">Facebook</a>","<a href=""https://www.instagram.com/seppelbauer/"">Instagram</a>",,,,"<a href=""https://untappd.com/w/mostheuriger-seppelbauer-datzberger/309349"">Untappd</a>"
573,2023,Perry,🥈 Silver,Mr. Plūme,Perry 2021,83.3,Latvia,2073,Cider,Active,"<a href=""https://www.mrplume.lv/"">Website</a>","<a href=""https://www.facebook.com/mrplumesidrs"">Facebook</a>","<a href=""https://www.instagram.com/mrplume_sidrs/"">Instagram</a>","<a href=""https://maps.google.com/?cid=9319841841199759114"">Google</a>",,,"<a href=""https://untappd.com/w/mr-plume/332485"">Untappd</a>"
574,2023,Perry,🥈 Silver,Seppelbauer,Baronfrizzante,83.2,Austria,1548,Cider,Active,"<a href=""https://www.seppelbauer.at/"">Website</a>","<a href=""https://www.facebook.com/pages/Seppelbauers-Obstparadies/208933892492272"">Facebook</a>","<a href=""https://www.instagram.com/seppelbauer/"">Instagram</a>",,,,"<a href=""https://untappd.com/w/mostheuriger-seppelbauer-datzberger/309349"">Untappd</a>"
575,2023,Perry,🥈 Silver,Killahora Orchards,Fine Perry 2022,81.6,Ireland,1958,Cider,Active,"<a href=""https://www.killahoraorchards.ie/"">Website</a>","<a href=""https://www.facebook.com/killahora/"">Facebook</a>","<a href=""https://www.instagram.com/killahora/"">Instagram</a>",,,,"<a href=""https://untappd.com/w/killahora-orchards/437436"">Untappd</a>"
576,2023,Perry,🥈 Silver,Mostbauernhof Distelberger,Dorschbirne,81.5,Austria,1555,Cider,Active,"<a href=""http://www.distelberger.at/"">Website</a>",,,"<a href=""https://maps.google.com/?cid=11354772379381960347"">Google</a>",,,
577,2023,Perry,🥈 Silver,Mostbauernhof Distelberger,Birnenschaumwein Brut,81,Austria,1555,Cider,Active,"<a href=""http://www.distelberger.at/"">Website</a>",,,"<a href=""https://maps.google.com/?cid=11354772379381960347"">Google</a>",,,
578,2023,Perry,🥈 Silver,L'Aubinière,Poiré Cuvée Étincelles Demi-Sec 2022,80.5,France,2481,Cider,Active,"<a href=""https://www.laubiniere.fr/"">Website</a>","<a href=""https://www.facebook.com/laubiniere/"">Facebook</a>","<a href=""https://www.instagram.com/laubiniere/"">Instagram</a>","<a href=""https://maps.google.com/?cid=3202157626582316196"">Google</a>",,,"<a href=""https://untappd.com/w/l-aubiniere/531046"">Untappd</a>"
579,2023,Perry,🥈 Silver,Haselberger,Beste Birnen Unter Sich - Pyrus Birnenwein Reserve (2019),80.1,Austria,3105,Cider,Active,"<a href=""https://www.haselberger-most.at/"">Website</a>","<a href=""https://www.facebook.com/dhaselbergers"">Facebook</a>","<a href=""https://www.instagram.com/haselberger_most/"">Instagram</a>","<a href=""https://maps.google.com/?cid=786849473018101989"">Google</a>",,,
580,2023,Perry,🥉 Bronze,Seppelbauer,"Exibatur, Mostviertler Birnenmost",76.5,Austria,1548,Cider,Active,"<a href=""https://www.seppelbauer.at/"">Website</a>","<a href=""https://www.facebook.com/pages/Seppelbauers-Obstparadies/208933892492272"">Facebook</a>","<a href=""https://www.instagram.com/seppelbauer/"">Instagram</a>",,,,"<a href=""https://untappd.com/w/mostheuriger-seppelbauer-datzberger/309349"">Untappd</a>"
581,2023,Perry,🥉 Bronze,Mostheuriger Reikersdorfer,Birnenmost Gemischt,76,Austria,2765,Cider,Active,"<a href=""https://www.mosti.at/"">Website</a>","<a href=""https://www.facebook.com/mosti.at"">Facebook</a>","<a href=""https://www.instagram.com/familiereikersdorfer/"">Instagram</a>","<a href=""https://maps.google.com/?cid=7951746744614472989"">Google</a>","<a href=""https://www.yelp.com/biz/reikersdorfer-neuhofen-an-der-ybbs"">Yelp</a>",,
582,2023,Perry,🥉 Bronze,Haselberger,Unter der Dorschbirne (2021),74.1,Austria,3105,Cider,Active,"<a href=""https://www.haselberger-most.at/"">Website</a>","<a href=""https://www.facebook.com/dhaselbergers"">Facebook</a>","<a href=""https://www.instagram.com/haselberger_most/"">Instagram</a>","<a href=""https://maps.google.com/?cid=786849473018101989"">Google</a>",,,
583,2023,Perry,🥉 Bronze,L'Aubinière,Poiré Cuvée Étincelles Brut 2021,73,France,2481,Cider,Active,"<a href=""https://www.laubiniere.fr/"">Website</a>","<a href=""https://www.facebook.com/laubiniere/"">Facebook</a>","<a href=""https://www.instagram.com/laubiniere/"">Instagram</a>","<a href=""https://maps.google.com/?cid=3202157626582316196"">Google</a>",,,"<a href=""https://untappd.com/w/l-aubiniere/531046"">Untappd</a>"
584,2023,Perry,🥉 Bronze,Haselberger,Unter der Speckbirne (2020),71.7,Austria,3105,Cider,Active,"<a href=""https://www.haselberger-most.at/"">Website</a>","<a href=""https://www.facebook.com/dhaselbergers"">Facebook</a>","<a href=""https://www.instagram.com/haselberger_most/"">Instagram</a>","<a href=""https://maps.google.com/?cid=786849473018101989"">Google</a>",,,
585,2023,Perry,🥉 Bronze,Lieglhof Familie Zarl,Speckbirnenmost,71.7,Austria,2769,Cider,Active,"<a href=""https://www.lieglhof.com/"">Website</a>","<a href=""https://www.facebook.com/gutesvomlieglhof/"">Facebook</a>","<a href=""https://www.instagram.com/lieglhof/"">Instagram</a>","<a href=""https://maps.google.com/?cid=9123177938973924997"">Google</a>",,,
586,2023,Perry,🥉 Bronze,Haselberger,Unter der Landlbirne (2020),71,Austria,3105,Cider,Active,"<a href=""https://www.haselberger-most.at/"">Website</a>","<a href=""https://www.facebook.com/dhaselbergers"">Facebook</a>","<a href=""https://www.instagram.com/haselberger_most/"">Instagram</a>","<a href=""https://maps.google.com/?cid=786849473018101989"">Google</a>",,,
587,2023,Flavored or Blended Cider,🥇 Gold,Pomologik,Replicant Pinot Noir,98.3,Sweden,2397,Cider,Active,"<a href=""https://www.pomologik.se/"">Website</a>","<a href=""https://www.facebook.com/pomologik"">Facebook</a>","<a href=""https://www.instagram.com/Pomologik/"">Instagram</a>","<a href=""https://maps.google.com/?cid=17836181822390207936"">Google</a>",,,"<a href=""https://untappd.com/Pomologik_swe"">Untappd</a>"
588,2023,Flavored or Blended Cider,🥇 Gold,Floribunda,Quitten Cider Alla Cotogna,93.7,Italy,2029,Cider,Active,"<a href=""https://www.floribunda.it/"">Website</a>",,"<a href=""https://www.instagram.com/floribundacider/"">Instagram</a>","<a href=""https://maps.google.com/?cid=14548393953505771229"">Google</a>",,,"<a href=""https://untappd.com/w/floribunda/333615"">Untappd</a>"
589,2023,Flavored or Blended Cider,🥇 Gold,Sidra Mayador,Xana Cider Melocotón,93.3,Asturias,1610,Cider,Active,"<a href=""http://www.mayador.com/"">Website</a>","<a href=""https://www.facebook.com/sidramayadorcider"">Facebook</a>","<a href=""https://www.instagram.com/sidramayador/"">Instagram</a>","<a href=""https://maps.google.com/?cid=6886369759358960464"">Google</a>",,,"<a href=""https://untappd.com/SidraMayador"">Untappd</a>"
590,2023,Flavored or Blended Cider,🥇 Gold,Cydr Tradycyjny z Trzebnicy,Cydr z Miętą / Cider with Spearmint,91.8,Poland,2722,Cider,Active,,"<a href=""https://www.facebook.com/cydr.tradycyjny/"">Facebook</a>",,"<a href=""https://maps.google.com/?cid=16047236127227822461"">Google</a>",,,"<a href=""https://untappd.com/w/cydr-tradycyjny-trzebnica/239415"">Untappd</a>"
591,2023,Flavored or Blended Cider,🥇 Gold,Nua Cider,Nua Hybrid Cider - Pet Nat,91.5,Portugal,2483,Cider,Active,"<a href=""https://www.nuacider.com/"">Website</a>","<a href=""https://www.facebook.com/cidernua/"">Facebook</a>","<a href=""https://www.instagram.com/CiderNua"">Instagram</a>",,,,"<a href=""https://untappd.com/w/nua-cider/462924"">Untappd</a>"
592,2023,Flavored or Blended Cider,🥇 Gold,ANXO Cider,Hopped,91.4,United States,89,Cider,Active,"<a href=""https://store.anxodc.com/"">Website</a>","<a href=""https://www.facebook.com/ANXOcider"">Facebook</a>","<a href=""https://www.instagram.com/anxodistrict/"">Instagram</a>","<a href=""https://maps.google.com/?cid=9806483452569861957"">Google</a>","<a href=""https://www.yelp.com/biz/anxo-cidery-and-tasting-room-washington"">Yelp</a>","<a href=""https://www.tripadvisor.com/Restaurant_Review-g28970-d18923653"">TripAdvisor</a>","<a href=""https://untappd.com/ANXOCidery"">Untappd</a>"
593,2023,Flavored or Blended Cider,🥇 Gold,Sidra Somarroza,La Sidruca Con Limón,91.2,Cantabria,1921,Cider,Active,"<a href=""https://sidrasomarroza.es/"">Website</a>","<a href=""https://www.facebook.com/sidrasomarroza"">Facebook</a>","<a href=""https://www.instagram.com/sidrasomarroza/"">Instagram</a>","<a href=""https://maps.google.com/?cid=7109045394192195825"">Google</a>",,,"<a href=""https://untappd.com/w/somarroza/147830"">Untappd</a>"
594,2023,Flavored or Blended Cider,🥇 Gold,Apfelweinkontor,Hausschoppen (Mixed Apples with 15% Quince-Wine),90.6,Germany,1325,Cider,Active,"<a href=""https://www.apfelweinkontor.com/"">Website</a>","<a href=""https://www.facebook.com/Apfelweinkontor"">Facebook</a>","<a href=""https://www.instagram.com/apfelweinkontor/"">Instagram</a>","<a href=""https://maps.google.com/?cid=599143855742456461"">Google</a>",,"<a href=""https://www.tripadvisor.com/Attraction_Review-g187337-d6922559"">TripAdvisor</a>","<a href=""https://untappd.com/w/apfelweinkontor-frankfurt/468433"">Untappd</a>"
595,2023,Flavored or Blended Cider,🥇 Gold,Apfelweinkontor,Apfelperlwein Rosé,90.5,Germany,1325,Cider,Active,"<a href=""https://www.apfelweinkontor.com/"">Website</a>","<a href=""https://www.facebook.com/Apfelweinkontor"">Facebook</a>","<a href=""https://www.instagram.com/apfelweinkontor/"">Instagram</a>","<a href=""https://maps.google.com/?cid=599143855742456461"">Google</a>",,"<a href=""https://www.tripadvisor.com/Attraction_Review-g187337-d6922559"">TripAdvisor</a>","<a href=""https://untappd.com/w/apfelweinkontor-frankfurt/468433"">Untappd</a>"
596,2023,Flavored or Blended Cider,🥇 Gold,Floribunda,Mele e Miele,90.2,Italy,2029,Cider,Active,"<a href=""https://www.floribunda.it/"">Website</a>",,"<a href=""https://www.instagram.com/floribundacider/"">Instagram</a>","<a href=""https://maps.google.com/?cid=14548393953505771229"">Google</a>",,,"<a href=""https://untappd.com/w/floribunda/333615"">Untappd</a>"
597,2023,Flavored or Blended Cider,🥇 Gold,Floribunda,Ginger Cider,90.1,Italy,2029,Cider,Active,"<a href=""https://www.floribunda.it/"">Website</a>",,"<a href=""https://www.instagram.com/floribundacider/"">Instagram</a>","<a href=""https://maps.google.com/?cid=14548393953505771229"">Google</a>",,,"<a href=""https://untappd.com/w/floribunda/333615"">Untappd</a>"
598,2023,Flavored or Blended Cider,🥇 Gold,Vander Mill,Maiti Fresh,90,United States,62,Cider,Active,"<a href=""http://vandermill.com/"">Website</a>","<a href=""https://www.facebook.com/VanderMillGR"">Facebook</a>","<a href=""https://www.instagram.com/vandermill/"">Instagram</a>","<a href=""https://maps.google.com/?cid=6214407049389872858"">Google</a>","<a href=""https://www.yelp.com/biz/vander-mill-grand-rapids-grand-rapids-5"">Yelp</a>","<a href=""https://www.tripadvisor.com/Restaurant_Review-g42256-d10325970"">TripAdvisor</a>","<a href=""https://untappd.com/w/vander-mill/8388"">Untappd</a>"
599,2023,Flavored or Blended Cider,🥇 Gold,Sidra Somarroza,Bíter Bio Somarroza,89.4,Cantabria,1921,Cider,Active,"<a href=""https://sidrasomarroza.es/"">Website</a>","<a href=""https://www.facebook.com/sidrasomarroza"">Facebook</a>","<a href=""https://www.instagram.com/sidrasomarroza/"">Instagram</a>","<a href=""https://maps.google.com/?cid=7109045394192195825"">Google</a>",,,"<a href=""https://untappd.com/w/somarroza/147830"">Untappd</a>"
600,2023,Flavored or Blended Cider,🥇 Gold,Sidra Mayador,Xana Cider Fresa & Lima,89.1,Asturias,1610,Cider,Active,"<a href=""http://www.mayador.com/"">Website</a>","<a href=""https://www.facebook.com/sidramayadorcider"">Facebook</a>","<a href=""https://www.instagram.com/sidramayador/"">Instagram</a>","<a href=""https://maps.google.com/?cid=6886369759358960464"">Google</a>",,,"<a href=""https://untappd.com/SidraMayador"">Untappd</a>"
601,2023,Flavored or Blended Cider,🥈 Silver,Alai Cider,The Pome King,86,Chile,2553,Cider,Active,"<a href=""https://alaicider.com/"">Website</a>","<a href=""https://www.facebook.com/alaicider/"">Facebook</a>","<a href=""https://www.instagram.com/alaicider/"">Instagram</a>",,,,"<a href=""https://untappd.com/w/alai-cider/459693"">Untappd</a>"
602,2023,Flavored or Blended Cider,🥈 Silver,Het Hamerstuk,Hamerstuk Appel-Peer-Souvignier Gris,84.9,Netherlands,2723,Wine,Active,"<a href=""https://hethamerstuk.nl/"">Website</a>","<a href=""https://www.facebook.com/HetHamerstuk/"">Facebook</a>","<a href=""https://www.instagram.com/hethamerstuk"">Instagram</a>","<a href=""https://maps.google.com/?cid=11584128023568770529"">Google</a>",,,"<a href=""https://untappd.com/Hamerstuk"">Untappd</a>"
603,2023,Flavored or Blended Cider,🥈 Silver,Lepola Drinks,Lepola Dry Hopped Apple Cider,84.4,Finland,3015,Cider,Active,"<a href=""https://lepoladrinks.fi/"">Website</a>","<a href=""https://www.facebook.com/lepoladrinks/"">Facebook</a>","<a href=""https://www.instagram.com/lepola_drinks/"">Instagram</a>","<a href=""https://maps.google.com/?cid=10912023971262858580"">Google</a>",,,"<a href=""https://untappd.com/w/lepola/401095"">Untappd</a>"
604,2023,Flavored or Blended Cider,🥈 Silver,Bizio,Basoa,84.3,Basque Country,2751,Cider,Active,,"<a href=""https://www.facebook.com/bizio.eus/"">Facebook</a>","<a href=""https://www.instagram.com/bizio.eus/"">Instagram</a>","<a href=""https://maps.google.com/?cid=10634023042683294263"">Google</a>",,,"<a href=""https://untappd.com/w/bizio/517614"">Untappd</a>"
605,2023,Flavored or Blended Cider,🥈 Silver,Ulvik Frukt & Cideri,Hylleblomsider,83.7,Norway,1414,Cider,Active,"<a href=""http://www.hakastadsider.no/"">Website</a>","<a href=""https://www.facebook.com/pages/Ulvik-Frukt-Cideri/191311970916027"">Facebook</a>",,"<a href=""https://maps.google.com/?cid=8381380851022975775"">Google</a>",,,"<a href=""https://untappd.com/brewery/60198"">Untappd</a>"
606,2023,Flavored or Blended Cider,🥈 Silver,Het Hamerstuk,Hamerstuk Appel-Peer-Johanniter,82.5,Netherlands,2723,Wine,Active,"<a href=""https://hethamerstuk.nl/"">Website</a>","<a href=""https://www.facebook.com/HetHamerstuk/"">Facebook</a>","<a href=""https://www.instagram.com/hethamerstuk"">Instagram</a>","<a href=""https://maps.google.com/?cid=11584128023568770529"">Google</a>",,,"<a href=""https://untappd.com/Hamerstuk"">Untappd</a>"
607,2023,Flavored or Blended Cider,🥈 Silver,ANXO Cider,Quince,82.3,United States,89,Cider,Active,"<a href=""https://store.anxodc.com/"">Website</a>","<a href=""https://www.facebook.com/ANXOcider"">Facebook</a>","<a href=""https://www.instagram.com/anxodistrict/"">Instagram</a>","<a href=""https://maps.google.com/?cid=9806483452569861957"">Google</a>","<a href=""https://www.yelp.com/biz/anxo-cidery-and-tasting-room-washington"">Yelp</a>","<a href=""https://www.tripadvisor.com/Restaurant_Review-g28970-d18923653"">TripAdvisor</a>","<a href=""https://untappd.com/ANXOCidery"">Untappd</a>"
608,2023,Flavored or Blended Cider,🥈 Silver,Sidra Mayador,Xana Cider Frutos del Bosque,82.2,Asturias,1610,Cider,Active,"<a href=""http://www.mayador.com/"">Website</a>","<a href=""https://www.facebook.com/sidramayadorcider"">Facebook</a>","<a href=""https://www.instagram.com/sidramayador/"">Instagram</a>","<a href=""https://maps.google.com/?cid=6886369759358960464"">Google</a>",,,"<a href=""https://untappd.com/SidraMayador"">Untappd</a>"
609,2023,Flavored or Blended Cider,🥈 Silver,Sidra El Gaitero,Gaitero Red Grape,82.1,Asturias,1314,Cider,Active,"<a href=""https://www.sidraelgaitero.com/"">Website</a>","<a href=""https://www.facebook.com/grupoelgaitero"">Facebook</a>","<a href=""https://www.instagram.com/grupoelgaitero/"">Instagram</a>","<a href=""https://maps.google.com/?cid=15753532318992345137"">Google</a>",,"<a href=""https://www.tripadvisor.com/Attraction_Review-g608997-d3239389"">TripAdvisor</a>","<a href=""https://untappd.com/brewery/4266"">Untappd</a>"
610,2023,Flavored or Blended Cider,🥈 Silver,Het Hamerstuk,Hamerstuk Appel-Kwee,81.9,Netherlands,2723,Wine,Active,"<a href=""https://hethamerstuk.nl/"">Website</a>","<a href=""https://www.facebook.com/HetHamerstuk/"">Facebook</a>","<a href=""https://www.instagram.com/hethamerstuk"">Instagram</a>","<a href=""https://maps.google.com/?cid=11584128023568770529"">Google</a>",,,"<a href=""https://untappd.com/Hamerstuk"">Untappd</a>"
611,2023,Flavored or Blended Cider,🥈 Silver,Ottercider,Roos,81.2,Belgium,2749,Cider,Active,"<a href=""https://www.ottercider.be/"">Website</a>","<a href=""https://www.facebook.com/Ottercider"">Facebook</a>","<a href=""https://www.instagram.com/ottercider"">Instagram</a>",,,,"<a href=""https://untappd.com/Ottercider"">Untappd</a>"
612,2023,Flavored or Blended Cider,🥈 Silver,Lepola Drinks,Lepola Cucumber Apple Cider,80.5,Finland,3015,Cider,Active,"<a href=""https://lepoladrinks.fi/"">Website</a>","<a href=""https://www.facebook.com/lepoladrinks/"">Facebook</a>","<a href=""https://www.instagram.com/lepola_drinks/"">Instagram</a>","<a href=""https://maps.google.com/?cid=10912023971262858580"">Google</a>",,,"<a href=""https://untappd.com/w/lepola/401095"">Untappd</a>"
613,2023,Flavored or Blended Cider,🥉 Bronze,Kuartango,Callabocas,77.3,Basque Country,2747,Cider,Active,"<a href=""https://kuartangosagardotegia.com/"">Website</a>","<a href=""https://www.facebook.com/SidreKuartango/"">Facebook</a>","<a href=""https://www.instagram.com/sidrekuartango/"">Instagram</a>","<a href=""https://maps.google.com/?cid=6181081338579081204"">Google</a>",,"<a href=""https://www.tripadvisor.com/Restaurant_Review-g25546823-d25546810"">TripAdvisor</a>","<a href=""https://untappd.com/w/sidreria-kuartango/438568"">Untappd</a>"
614,2023,Flavored or Blended Cider,🥉 Bronze,Cidre Sorre,Yuzu Menthe Gamme Herboriste,77.1,France,1371,Cider,Active,"<a href=""https://www.cidre-sorre.fr/"">Website</a>","<a href=""https://www.facebook.com/CidrerieSorre/"">Facebook</a>","<a href=""https://www.instagram.com/cidreriesorre/"">Instagram</a>","<a href=""https://maps.google.com/?cid=3277478841126723957"">Google</a>","<a href=""https://www.yelp.com/biz/chapron-cidre-sorre-ets-plerguer-2"">Yelp</a>","<a href=""https://www.tripadvisor.com/Attraction_Review-g8506159-d8653800"">TripAdvisor</a>","<a href=""https://untappd.com/w/cidre-sorre/16758"">Untappd</a>"
615,2023,Flavored or Blended Cider,🥉 Bronze,Elegast Cidery,Vine,76.5,Netherlands,2660,Cider,Active,"<a href=""https://elegastcider.nl/"">Website</a>","<a href=""https://www.facebook.com/elegastcidery/"">Facebook</a>","<a href=""https://www.instagram.com/elegast_cidery/"">Instagram</a>","<a href=""https://maps.google.com/?cid=5936408747857287023"">Google</a>",,,"<a href=""https://untappd.com/ElegastCidery"">Untappd</a>"
616,2023,Flavored or Blended Cider,🥉 Bronze,Hardangergutane,Fjellskrent,72.9,Norway,2746,Cider,Active,"<a href=""https://hardangergutane.no/"">Website</a>","<a href=""https://www.facebook.com/Hardangergutane/"">Facebook</a>","<a href=""https://www.instagram.com/hardangergutane/"">Instagram</a>","<a href=""https://maps.google.com/?cid=10940983309801750674"">Google</a>",,"<a href=""https://www.tripadvisor.com/Restaurant_Review-g2328851-d23478417"">TripAdvisor</a>","<a href=""https://untappd.com/w/hardangergutane/429679"">Untappd</a>"
617,2023,Flavored or Blended Cider,🥉 Bronze,Kühbrein Most,Kühbreincider - Himbeer (Raspberry),72.3,Austria,2396,Cider,Active,"<a href=""https://www.kuehbreinmost.at/"">Website</a>","<a href=""https://www.facebook.com/KuhbreinMost/"">Facebook</a>","<a href=""https://www.instagram.com/kuehbrein__/"">Instagram</a>","<a href=""https://maps.google.com/?cid=6347288815375920345"">Google</a>",,,"<a href=""https://untappd.com/w/k-hbrein/425089"">Untappd</a>"
618,2023,Flavored or Blended Cider,🥉 Bronze,Sidra Mayador,Xana Cider Manzana,71.2,Asturias,1610,Cider,Active,"<a href=""http://www.mayador.com/"">Website</a>","<a href=""https://www.facebook.com/sidramayadorcider"">Facebook</a>","<a href=""https://www.instagram.com/sidramayador/"">Instagram</a>","<a href=""https://maps.google.com/?cid=6886369759358960464"">Google</a>",,,"<a href=""https://untappd.com/SidraMayador"">Untappd</a>"
619,2023,Flavored or Blended Cider,🥉 Bronze,Pomologik,Hopple - Non Alcoholic,71,Sweden,2397,Cider,Active,"<a href=""https://www.pomologik.se/"">Website</a>","<a href=""https://www.facebook.com/pomologik"">Facebook</a>","<a href=""https://www.instagram.com/Pomologik/"">Instagram</a>","<a href=""https://maps.google.com/?cid=17836181822390207936"">Google</a>",,,"<a href=""https://untappd.com/Pomologik_swe"">Untappd</a>"
620,2023,Flavored or Blended Cider,🥉 Bronze,Sidra Mayador,Xana Cider Pera,71,Asturias,1610,Cider,Active,"<a href=""http://www.mayador.com/"">Website</a>","<a href=""https://www.facebook.com/sidramayadorcider"">Facebook</a>","<a href=""https://www.instagram.com/sidramayador/"">Instagram</a>","<a href=""https://maps.google.com/?cid=6886369759358960464"">Google</a>",,,"<a href=""https://untappd.com/SidraMayador"">Untappd</a>"
621,2023,Flavored or Blended Cider,🥉 Bronze,L'Aubinière,Cidre Cuvée aux Épices 2021,71,France,2481,Cider,Active,"<a href=""https://www.laubiniere.fr/"">Website</a>","<a href=""https://www.facebook.com/laubiniere/"">Facebook</a>","<a href=""https://www.instagram.com/laubiniere/"">Instagram</a>","<a href=""https://maps.google.com/?cid=3202157626582316196"">Google</a>",,,"<a href=""https://untappd.com/w/l-aubiniere/531046"">Untappd</a>"
622,2023,Flavored or Blended Cider,🥉 Bronze,Mostbauernhof Distelberger,"Glückssprudel, Birnencider Mit Holunderblüten",70.6,Austria,1555,Cider,Active,"<a href=""http://www.distelberger.at/"">Website</a>",,,"<a href=""https://maps.google.com/?cid=11354772379381960347"">Google</a>",,,
623,2023,Modern Cider,🥇 Gold,Sidra El Gaitero,Gaitero Extra,93.4,Asturias,1314,Cider,Active,"<a href=""https://www.sidraelgaitero.com/"">Website</a>","<a href=""https://www.facebook.com/grupoelgaitero"">Facebook</a>","<a href=""https://www.instagram.com/grupoelgaitero/"">Instagram</a>","<a href=""https://maps.google.com/?cid=15753532318992345137"">Google</a>",,"<a href=""https://www.tripadvisor.com/Attraction_Review-g608997-d3239389"">TripAdvisor</a>","<a href=""https://untappd.com/brewery/4266"">Untappd</a>"
624,2023,Modern Cider,🥇 Gold,Baldorba Naturel & Sagarraleku,Oiii Baldorba Patxaka,91.3,Basque Country,2742,Cider,Active,"<a href=""https://www.sidrasbaldorbanaturel.com/"">Website</a>","<a href=""https://www.facebook.com/sagarraleku/"">Facebook</a>","<a href=""https://www.instagram.com/sidrasbaldorbanaturel/"">Instagram</a>",,,,"<a href=""https://untappd.com/w/baldorba-sagardotegia/336919"">Untappd</a>"
625,2023,Modern Cider,🥈 Silver,Cider Sekt,Cider Talk Semi Dry,82.4,Czechia,2745,Cider,Active,"<a href=""https://www.cidersekt.cz/"">Website</a>","<a href=""https://www.facebook.com/cidertalk/"">Facebook</a>","<a href=""https://www.instagram.com/cidertalk/"">Instagram</a>","<a href=""https://maps.google.com/?cid=1744130511388226457"">Google</a>",,,"<a href=""https://untappd.com/w/provoco/396367"">Untappd</a>"
626,2023,Modern Cider,🥈 Silver,Sidra Mayador,Sidra Ecologica M.Busto,82.3,Asturias,1610,Cider,Active,"<a href=""http://www.mayador.com/"">Website</a>","<a href=""https://www.facebook.com/sidramayadorcider"">Facebook</a>","<a href=""https://www.instagram.com/sidramayador/"">Instagram</a>","<a href=""https://maps.google.com/?cid=6886369759358960464"">Google</a>",,,"<a href=""https://untappd.com/SidraMayador"">Untappd</a>"
627,2023,Modern Cider,🥈 Silver,Mooma,Sidra Mooma 75cl,81.9,Catalonia,2752,Cider,Active,"<a href=""https://mooma.cat/"">Website</a>","<a href=""https://www.facebook.com/sidreriamooma/"">Facebook</a>","<a href=""https://www.instagram.com/mooma/"">Instagram</a>","<a href=""https://maps.google.com/?cid=11350926811080988766"">Google</a>",,"<a href=""https://www.tripadvisor.com/Restaurant_Review-g3501872-d13815642"">TripAdvisor</a>","<a href=""https://untappd.com/w/mooma/254950"">Untappd</a>"
628,2023,Modern Cider,🥈 Silver,Kühbrein Most,Kühbreinsecco,81.5,Austria,2396,Cider,Active,"<a href=""https://www.kuehbreinmost.at/"">Website</a>","<a href=""https://www.facebook.com/KuhbreinMost/"">Facebook</a>","<a href=""https://www.instagram.com/kuehbrein__/"">Instagram</a>","<a href=""https://maps.google.com/?cid=6347288815375920345"">Google</a>",,,"<a href=""https://untappd.com/w/k-hbrein/425089"">Untappd</a>"
629,2023,Modern Cider,🥈 Silver,Kühbrein Most,Kühbrein Red Love Secco,81.5,Austria,2396,Cider,Active,"<a href=""https://www.kuehbreinmost.at/"">Website</a>","<a href=""https://www.facebook.com/KuhbreinMost/"">Facebook</a>","<a href=""https://www.instagram.com/kuehbrein__/"">Instagram</a>","<a href=""https://maps.google.com/?cid=6347288815375920345"">Google</a>",,,"<a href=""https://untappd.com/w/k-hbrein/425089"">Untappd</a>"
630,2023,Modern Cider,🥈 Silver,Exner Cider,Exner Craft Apple Cider,81.1,Asturias,2755,Cider,Active,"<a href=""https://exnercider.com/"">Website</a>","<a href=""https://www.facebook.com/ExnerCider/"">Facebook</a>","<a href=""https://www.instagram.com/exner.cider/"">Instagram</a>","<a href=""https://maps.google.com/?cid=3356560758775211802"">Google</a>",,,"<a href=""https://untappd.com/b/llagar-sidra-castanon-exner/3684800"">Untappd</a>"
631,2023,Modern Cider,🥈 Silver,Pomologik,Cider State of Mind,80,Sweden,2397,Cider,Active,"<a href=""https://www.pomologik.se/"">Website</a>","<a href=""https://www.facebook.com/pomologik"">Facebook</a>","<a href=""https://www.instagram.com/Pomologik/"">Instagram</a>","<a href=""https://maps.google.com/?cid=17836181822390207936"">Google</a>",,,"<a href=""https://untappd.com/Pomologik_swe"">Untappd</a>"
632,2023,Modern Cider,🥈 Silver,Sidra Castañón,Xiz Frizzante,79.4,Asturias,1473,Cider,Active,"<a href=""https://sidracastanon.com/"">Website</a>","<a href=""https://www.facebook.com/sidracastanon/"">Facebook</a>","<a href=""https://www.instagram.com/sidracastanon/"">Instagram</a>","<a href=""https://maps.google.com/?cid=3082307260151948865"">Google</a>",,"<a href=""https://www.tripadvisor.com/Attraction_Review-g2186312-d12246874"">TripAdvisor</a>","<a href=""https://untappd.com/w/llagar-sidra-casta-n/81481"">Untappd</a>"
633,2023,Modern Cider,🥉 Bronze,Seppelbauer,Baroncider Apfel,78.5,Austria,1548,Cider,Active,"<a href=""https://www.seppelbauer.at/"">Website</a>","<a href=""https://www.facebook.com/pages/Seppelbauers-Obstparadies/208933892492272"">Facebook</a>","<a href=""https://www.instagram.com/seppelbauer/"">Instagram</a>",,,,"<a href=""https://untappd.com/w/mostheuriger-seppelbauer-datzberger/309349"">Untappd</a>"
634,2023,Modern Cider,🥉 Bronze,Vander Mill,Honeycrisp,77.2,United States,62,Cider,Active,"<a href=""http://vandermill.com/"">Website</a>","<a href=""https://www.facebook.com/VanderMillGR"">Facebook</a>","<a href=""https://www.instagram.com/vandermill/"">Instagram</a>","<a href=""https://maps.google.com/?cid=6214407049389872858"">Google</a>","<a href=""https://www.yelp.com/biz/vander-mill-grand-rapids-grand-rapids-5"">Yelp</a>","<a href=""https://www.tripadvisor.com/Restaurant_Review-g42256-d10325970"">TripAdvisor</a>","<a href=""https://untappd.com/w/vander-mill/8388"">Untappd</a>"
635,2023,Modern Cider,🥉 Bronze,Sidra El Gaitero,Gaitero Tercio,76.9,Asturias,1314,Cider,Active,"<a href=""https://www.sidraelgaitero.com/"">Website</a>","<a href=""https://www.facebook.com/grupoelgaitero"">Facebook</a>","<a href=""https://www.instagram.com/grupoelgaitero/"">Instagram</a>","<a href=""https://maps.google.com/?cid=15753532318992345137"">Google</a>",,"<a href=""https://www.tripadvisor.com/Attraction_Review-g608997-d3239389"">TripAdvisor</a>","<a href=""https://untappd.com/brewery/4266"">Untappd</a>"
636,2023,Modern Cider,🥉 Bronze,Mostheuriger Hansbauer,Florina,74.6,Austria,1579,Cider,Active,"<a href=""https://www.hansbauer.at/"">Website</a>",,"<a href=""https://www.instagram.com/mostheuriger_hansbauer/"">Instagram</a>","<a href=""https://maps.google.com/?cid=17616529891212169565"">Google</a>",,,
637,2023,Modern Cider,🥉 Bronze,Mostheuriger Hansbauer,Braeburn,74,Austria,1579,Cider,Active,"<a href=""https://www.hansbauer.at/"">Website</a>",,"<a href=""https://www.instagram.com/mostheuriger_hansbauer/"">Instagram</a>","<a href=""https://maps.google.com/?cid=17616529891212169565"">Google</a>",,,
638,2023,Modern Cider,🥉 Bronze,Sidra Trabanco,Pecado del Paraíso Sidra Sin,73.9,Asturias,1674,Cider,Active,"<a href=""https://www.sidratrabanco.com/"">Website</a>","<a href=""https://www.facebook.com/sidratrabanco/"">Facebook</a>","<a href=""https://www.instagram.com/sidratrabanco/"">Instagram</a>","<a href=""https://maps.google.com/?cid=8706552013547802387"">Google</a>",,,"<a href=""https://untappd.com/brewery/6382"">Untappd</a>"
639,2023,Modern Cider,🥉 Bronze,Sidra Trabanco,Lagar de Camín Clásica Dulce,71,Asturias,1674,Cider,Active,"<a href=""https://www.sidratrabanco.com/"">Website</a>","<a href=""https://www.facebook.com/sidratrabanco/"">Facebook</a>","<a href=""https://www.instagram.com/sidratrabanco/"">Instagram</a>","<a href=""https://maps.google.com/?cid=8706552013547802387"">Google</a>",,,"<a href=""https://untappd.com/brewery/6382"">Untappd</a>"
640,2023,Modern Cider,🥉 Bronze,Vander Mill,Chapman's Blend,71,United States,62,Cider,Active,"<a href=""http://vandermill.com/"">Website</a>","<a href=""https://www.facebook.com/VanderMillGR"">Facebook</a>","<a href=""https://www.instagram.com/vandermill/"">Instagram</a>","<a href=""https://maps.google.com/?cid=6214407049389872858"">Google</a>","<a href=""https://www.yelp.com/biz/vander-mill-grand-rapids-grand-rapids-5"">Yelp</a>","<a href=""https://www.tripadvisor.com/Restaurant_Review-g42256-d10325970"">TripAdvisor</a>","<a href=""https://untappd.com/w/vander-mill/8388"">Untappd</a>"
641,2023,Modern Cider,🥉 Bronze,Sidra Trabanco,Pecado del Paraíso Semiseca,70.6,Asturias,1674,Cider,Active,"<a href=""https://www.sidratrabanco.com/"">Website</a>","<a href=""https://www.facebook.com/sidratrabanco/"">Facebook</a>","<a href=""https://www.instagram.com/sidratrabanco/"">Instagram</a>","<a href=""https://maps.google.com/?cid=8706552013547802387"">Google</a>",,,"<a href=""https://untappd.com/brewery/6382"">Untappd</a>"
642,2023,Modern Cider,🥉 Bronze,Petritegi,Sagar Krash Sagar,70.6,Basque Country,1171,Cider,Active,"<a href=""https://www.petritegi.com/"">Website</a>","<a href=""https://www.facebook.com/Petritegi/"">Facebook</a>","<a href=""https://www.instagram.com/petritegi"">Instagram</a>","<a href=""https://maps.google.com/?cid=16425101977693923721"">Google</a>","<a href=""https://www.yelp.com/biz/petritegi-astigarraga"">Yelp</a>","<a href=""https://www.tripadvisor.com/Restaurant_Review-g1064182-d2266030"">TripAdvisor</a>","<a href=""https://untappd.com/brewery/51639"">Untappd</a>"
643,2023,Modern Cider,🥉 Bronze,Matriarca,Sidra Matriarca,70.5,Uruguay,2767,Cider,Active,"<a href=""https://www.matriarca.com.uy/"">Website</a>","<a href=""https://www.facebook.com/Matriarcasidra/"">Facebook</a>","<a href=""https://www.instagram.com/sidramatriarca/"">Instagram</a>",,,,"<a href=""https://untappd.com/w/sidra-matriarca/463811"">Untappd</a>"
644,2023,Dessert Cider,🥇 Gold,Restauracja Tabun,Tabun Cydr Lodowy 2020,98.1,Poland,2744,Cider,Active,"<a href=""https://www.restauracjatabun.pl/"">Website</a>","<a href=""https://www.facebook.com/TABUNCYDR/"">Facebook</a>","<a href=""https://www.instagram.com/tabuncydr/"">Instagram</a>","<a href=""https://maps.google.com/?cid=13556304642115496222"">Google</a>",,"<a href=""https://www.tripadvisor.com/Restaurant_Review-g3222438-d2654599"">TripAdvisor</a>","<a href=""https://untappd.com/w/tabun/434136"">Untappd</a>"
645,2023,Dessert Cider,🥇 Gold,Pomologik,Rubinola,98,Sweden,2397,Cider,Active,"<a href=""https://www.pomologik.se/"">Website</a>","<a href=""https://www.facebook.com/pomologik"">Facebook</a>","<a href=""https://www.instagram.com/Pomologik/"">Instagram</a>","<a href=""https://maps.google.com/?cid=17836181822390207936"">Google</a>",,,"<a href=""https://untappd.com/Pomologik_swe"">Untappd</a>"
646,2023,Dessert Cider,🥇 Gold,Zapiain,Zapiain Bizi-Goxo 2017,94.8,Basque Country,1172,Cider,Active,"<a href=""https://zapiain.eus/"">Website</a>","<a href=""https://www.facebook.com/zapiainsagardoa"">Facebook</a>","<a href=""https://www.instagram.com/zapiainsagardoa/"">Instagram</a>","<a href=""https://maps.google.com/?cid=16982677267877188990"">Google</a>",,"<a href=""https://www.tripadvisor.com/Restaurant_Review-g1064182-d3806229"">TripAdvisor</a>","<a href=""https://untappd.com/ZapiainSagardoa"">Untappd</a>"
647,2023,Dessert Cider,🥇 Gold,Sidra Castañón,Castañon,94.3,Asturias,1473,Cider,Active,"<a href=""https://sidracastanon.com/"">Website</a>","<a href=""https://www.facebook.com/sidracastanon/"">Facebook</a>","<a href=""https://www.instagram.com/sidracastanon/"">Instagram</a>","<a href=""https://maps.google.com/?cid=3082307260151948865"">Google</a>",,"<a href=""https://www.tripadvisor.com/Attraction_Review-g2186312-d12246874"">TripAdvisor</a>","<a href=""https://untappd.com/w/llagar-sidra-casta-n/81481"">Untappd</a>"
648,2023,Dessert Cider,🥇 Gold,Sidra El Gaitero,Sidra de Hielo 1898,94,Asturias,1314,Cider,Active,"<a href=""https://www.sidraelgaitero.com/"">Website</a>","<a href=""https://www.facebook.com/grupoelgaitero"">Facebook</a>","<a href=""https://www.instagram.com/grupoelgaitero/"">Instagram</a>","<a href=""https://maps.google.com/?cid=15753532318992345137"">Google</a>",,"<a href=""https://www.tripadvisor.com/Attraction_Review-g608997-d3239389"">TripAdvisor</a>","<a href=""https://untappd.com/brewery/4266"">Untappd</a>"
649,2023,Dessert Cider,🥇 Gold,Lepola Drinks,Lepola Vega Ice Cider,93.8,Finland,3015,Cider,Active,"<a href=""https://lepoladrinks.fi/"">Website</a>","<a href=""https://www.facebook.com/lepoladrinks/"">Facebook</a>","<a href=""https://www.instagram.com/lepola_drinks/"">Instagram</a>","<a href=""https://maps.google.com/?cid=10912023971262858580"">Google</a>",,,"<a href=""https://untappd.com/w/lepola/401095"">Untappd</a>"
650,2023,Dessert Cider,🥇 Gold,Llagares Valverán,Valverán 20 Manzanas,92.7,Asturias,1471,Cider,Active,"<a href=""https://llagaresvalveran.com/"">Website</a>","<a href=""https://www.facebook.com/masaveubodegas/"">Facebook</a>","<a href=""https://www.instagram.com/masaveubodegas/"">Instagram</a>","<a href=""https://maps.google.com/?cid=10125751207643631112"">Google</a>",,,"<a href=""https://untappd.com/w/valveran/55774"">Untappd</a>"
651,2023,Dessert Cider,🥇 Gold,Pomologik,Åkerö,91.7,Sweden,2397,Cider,Active,"<a href=""https://www.pomologik.se/"">Website</a>","<a href=""https://www.facebook.com/pomologik"">Facebook</a>","<a href=""https://www.instagram.com/Pomologik/"">Instagram</a>","<a href=""https://maps.google.com/?cid=17836181822390207936"">Google</a>",,,"<a href=""https://untappd.com/Pomologik_swe"">Untappd</a>"
652,2023,Dessert Cider,🥇 Gold,Cidre Sorre,Doux Gamme Mariniere,90.5,France,1371,Cider,Active,"<a href=""https://www.cidre-sorre.fr/"">Website</a>","<a href=""https://www.facebook.com/CidrerieSorre/"">Facebook</a>","<a href=""https://www.instagram.com/cidreriesorre/"">Instagram</a>","<a href=""https://maps.google.com/?cid=3277478841126723957"">Google</a>","<a href=""https://www.yelp.com/biz/chapron-cidre-sorre-ets-plerguer-2"">Yelp</a>","<a href=""https://www.tripadvisor.com/Attraction_Review-g8506159-d8653800"">TripAdvisor</a>","<a href=""https://untappd.com/w/cidre-sorre/16758"">Untappd</a>"
653,2023,Dessert Cider,🥇 Gold,Sidra Riestra,Guzman Riestra,90,Asturias,1673,Cider,Active,"<a href=""http://www.sidrariestra.com/"">Website</a>","<a href=""https://www.facebook.com/SidraRiestra"">Facebook</a>","<a href=""https://www.instagram.com/sidrariestra/"">Instagram</a>","<a href=""https://maps.google.com/?cid=2253085342105400787"">Google</a>",,,"<a href=""https://untappd.com/w/riestra/70601"">Untappd</a>"
654,2023,Dessert Cider,🥇 Gold,Sidra Viuda de Angelón,Sidra de Hielo Viuda de Angelon,89.4,Asturias,1675,Cider,Active,"<a href=""http://www.sidraviudaangelonpomar.es/"">Website</a>","<a href=""https://www.facebook.com/sidrapomar.viudaangelon/"">Facebook</a>","<a href=""https://www.instagram.com/Sidraviudaangelon/"">Instagram</a>","<a href=""https://maps.google.com/?cid=13173562328637195239"">Google</a>",,,"<a href=""https://untappd.com/w/viuda-de-angela3n/142823"">Untappd</a>"
655,2023,Dessert Cider,🥈 Silver,Kuartango,Su Sagar,87.2,Basque Country,2747,Cider,Active,"<a href=""https://kuartangosagardotegia.com/"">Website</a>","<a href=""https://www.facebook.com/SidreKuartango/"">Facebook</a>","<a href=""https://www.instagram.com/sidrekuartango/"">Instagram</a>","<a href=""https://maps.google.com/?cid=6181081338579081204"">Google</a>",,"<a href=""https://www.tripadvisor.com/Restaurant_Review-g25546823-d25546810"">TripAdvisor</a>","<a href=""https://untappd.com/w/sidreria-kuartango/438568"">Untappd</a>"
656,2023,Dessert Cider,🥈 Silver,Sidra La Borda de Basajaun,Basajaun Hielo,84.3,Basque Country,3628,Cider,Active,,"<a href=""https://www.facebook.com/sidra.basajaun"">Facebook</a>","<a href=""https://www.instagram.com/sidra.labordadebasajaun/"">Instagram</a>",,,,
657,2023,Dessert Cider,🥈 Silver,Killahora Orchards,Rare Apple Ice Wine 2020,81.1,Ireland,1958,Cider,Active,"<a href=""https://www.killahoraorchards.ie/"">Website</a>","<a href=""https://www.facebook.com/killahora/"">Facebook</a>","<a href=""https://www.instagram.com/killahora/"">Instagram</a>",,,,"<a href=""https://untappd.com/w/killahora-orchards/437436"">Untappd</a>"
658,2023,Dessert Cider,🥉 Bronze,Pomologik,Ice Ice Baby,73.6,Sweden,2397,Cider,Active,"<a href=""https://www.pomologik.se/"">Website</a>","<a href=""https://www.facebook.com/pomologik"">Facebook</a>","<a href=""https://www.instagram.com/Pomologik/"">Instagram</a>","<a href=""https://maps.google.com/?cid=17836181822390207936"">Google</a>",,,"<a href=""https://untappd.com/Pomologik_swe"">Untappd</a>"
659,2023,Open Category,🥇 Gold,Pomologik,Ingrid Marie XO,93.5,Sweden,2397,Cider,Active,"<a href=""https://www.pomologik.se/"">Website</a>","<a href=""https://www.facebook.com/pomologik"">Facebook</a>","<a href=""https://www.instagram.com/Pomologik/"">Instagram</a>","<a href=""https://maps.google.com/?cid=17836181822390207936"">Google</a>",,,"<a href=""https://untappd.com/Pomologik_swe"">Untappd</a>"
660,2023,Open Category,🥇 Gold,Killahora Orchards,Pom'O,93,Ireland,1958,Cider,Active,"<a href=""https://www.killahoraorchards.ie/"">Website</a>","<a href=""https://www.facebook.com/killahora/"">Facebook</a>","<a href=""https://www.instagram.com/killahora/"">Instagram</a>",,,,"<a href=""https://untappd.com/w/killahora-orchards/437436"">Untappd</a>"
661,2023,Open Category,🥇 Gold,Sidra Castañón,Roxmut,92.1,Asturias,1473,Cider,Active,"<a href=""https://sidracastanon.com/"">Website</a>","<a href=""https://www.facebook.com/sidracastanon/"">Facebook</a>","<a href=""https://www.instagram.com/sidracastanon/"">Instagram</a>","<a href=""https://maps.google.com/?cid=3082307260151948865"">Google</a>",,"<a href=""https://www.tripadvisor.com/Attraction_Review-g2186312-d12246874"">TripAdvisor</a>","<a href=""https://untappd.com/w/llagar-sidra-casta-n/81481"">Untappd</a>"
662,2023,Open Category,🥇 Gold,Sidra Trabanco,Alma,92.1,Asturias,1674,Cider,Active,"<a href=""https://www.sidratrabanco.com/"">Website</a>","<a href=""https://www.facebook.com/sidratrabanco/"">Facebook</a>","<a href=""https://www.instagram.com/sidratrabanco/"">Instagram</a>","<a href=""https://maps.google.com/?cid=8706552013547802387"">Google</a>",,,"<a href=""https://untappd.com/brewery/6382"">Untappd</a>"
663,2023,Open Category,🥇 Gold,Kuartango,Kuartango,90.7,Basque Country,2747,Cider,Active,"<a href=""https://kuartangosagardotegia.com/"">Website</a>","<a href=""https://www.facebook.com/SidreKuartango/"">Facebook</a>","<a href=""https://www.instagram.com/sidrekuartango/"">Instagram</a>","<a href=""https://maps.google.com/?cid=6181081338579081204"">Google</a>",,"<a href=""https://www.tripadvisor.com/Restaurant_Review-g25546823-d25546810"">TripAdvisor</a>","<a href=""https://untappd.com/w/sidreria-kuartango/438568"">Untappd</a>"
664,2023,Open Category,🥇 Gold,Mostbauernhof Distelberger,Non Secco Rot,90,Austria,1555,Cider,Active,"<a href=""http://www.distelberger.at/"">Website</a>",,,"<a href=""https://maps.google.com/?cid=11354772379381960347"">Google</a>",,,
665,2023,Open Category,🥇 Gold,L'Aubinière,Cidre Cuvée Origines Signature Barrique 2022,89.2,France,2481,Cider,Active,"<a href=""https://www.laubiniere.fr/"">Website</a>","<a href=""https://www.facebook.com/laubiniere/"">Facebook</a>","<a href=""https://www.instagram.com/laubiniere/"">Instagram</a>","<a href=""https://maps.google.com/?cid=3202157626582316196"">Google</a>",,,"<a href=""https://untappd.com/w/l-aubiniere/531046"">Untappd</a>"
666,2023,Open Category,🥈 Silver,Sidrería TenCai,Tank!,84.5,Chile,2743,Cider,Active,"<a href=""https://tencaisidra.cl/"">Website</a>","<a href=""https://www.facebook.com/profile.php?id=100063550781151"">Facebook</a>","<a href=""https://www.instagram.com/tencaisidra/"">Instagram</a>","<a href=""https://maps.google.com/?cid=5739971672897016755"">Google</a>",,,"<a href=""https://untappd.com/tencaisidra"">Untappd</a>"
667,2023,Open Category,🥈 Silver,Elegast Cidery,Gin Barrel Aged Cider,84.3,Netherlands,2660,Cider,Active,"<a href=""https://elegastcider.nl/"">Website</a>","<a href=""https://www.facebook.com/elegastcidery/"">Facebook</a>","<a href=""https://www.instagram.com/elegast_cidery/"">Instagram</a>","<a href=""https://maps.google.com/?cid=5936408747857287023"">Google</a>",,,"<a href=""https://untappd.com/ElegastCidery"">Untappd</a>"
668,2023,Open Category,🥉 Bronze,Mostbauernhof Distelberger,Non Secco Grün,75.3,Austria,1555,Cider,Active,"<a href=""http://www.distelberger.at/"">Website</a>",,,"<a href=""https://maps.google.com/?cid=11354772379381960347"">Google</a>",,,
669,2023,Open Category,🥉 Bronze,Nailsea Cider,Ethical Director,74.6,England,2445,Cider,Active,"<a href=""https://www.nailseacider.co.uk/"">Website</a>","<a href=""https://www.facebook.com/NailseaCider"">Facebook</a>","<a href=""https://www.instagram.com/nailseacider.co.uk/"">Instagram</a>","<a href=""https://maps.google.com/?cid=5491378351404156001"">Google</a>",,,"<a href=""https://untappd.com/w/nailsea-cider/461748"">Untappd</a>"
