ID,Year,Category,Award,Medalist,Medalist_Original,Entry,Points,Country,WID,Website,Facebook,Instagram,Google,Yelp,TripAdvisor,Untappd
2,2022,Acid Dominant,🏆 Winner,Abuls,Urtica (Abuls cidery),Savvaļā / Abuls,---,Latvia,2361,"<a href=""https://www.abuls.lv/"">Website</a>","<a href=""https://www.facebook.com/sidrsAbuls/"">Facebook</a>","<a href=""https://www.instagram.com/abuls_sidrs/"">Instagram</a>","<a href=""https://maps.google.com/?cid=12371654123090416644"">Google</a>",,,"<a href=""https://untappd.com/Abuls"">Untappd</a>"
3,2022,Flavored Ciders,🏆 Winner,Petritegi,Petritegi,Sagar Krash / Petritegi,---,Spain,1171,"<a href=""https://www.petritegi.com/"">Website</a>","<a href=""https://www.facebook.com/Petritegi/"">Facebook</a>","<a href=""https://www.instagram.com/petritegi"">Instagram</a>","<a href=""https://maps.google.com/?cid=16425101977693923721"">Google</a>","<a href=""https://www.yelp.com/biz/petritegi-astigarraga"">Yelp</a>","<a href=""https://www.tripadvisor.com/Restaurant_Review-g1064182-d2266030"">TripAdvisor</a>","<a href=""https://untappd.com/brewery/51639"">Untappd</a>"
4,2022,Fruit Wines & Perries,🏆 Winner,Andersen Winery,Andersen Winery,BenA solbær doux,---,Denmark,3001,"<a href=""https://andersenwinery.dk/"">Website</a>","<a href=""https://www.facebook.com/andersenwinery"">Facebook</a>","<a href=""https://www.instagram.com/andersenwinery/"">Instagram</a>","<a href=""https://maps.google.com/?cid=1091487036715359602"">Google</a>",,"<a href=""https://www.tripadvisor.com/Attraction_Review-g1699896-d20578301"">TripAdvisor</a>","<a href=""https://untappd.com/w/andersen-winery/508619"">Untappd</a>"
5,2022,Ice Ciders,🏆 Winner,Alde Sider,Alde AS,Alde Issider,---,Norway,2546,"<a href=""https://www.aldesider.no/"">Website</a>","<a href=""https://www.facebook.com/aldesider"">Facebook</a>","<a href=""https://www.instagram.com/aldesider/"">Instagram</a>","<a href=""https://maps.google.com/?cid=7838999053969928967"">Google</a>",,,"<a href=""https://untappd.com/Alde_hardanger"">Untappd</a>"
6,2022,Natural Cider,🏆 Winner,Zapiain,Zapiain,Joanes de Zapiain 2021,---,Spain,1172,"<a href=""https://zapiain.eus/"">Website</a>","<a href=""https://www.facebook.com/zapiainsagardoa"">Facebook</a>","<a href=""https://www.instagram.com/zapiainsagardoa/"">Instagram</a>","<a href=""https://maps.google.com/?cid=16982677267877188990"">Google</a>",,"<a href=""https://www.tripadvisor.com/Restaurant_Review-g1064182-d3806229"">TripAdvisor</a>","<a href=""https://untappd.com/ZapiainSagardoa"">Untappd</a>"
7,2022,Open Class,🏆 Winner,Store Naa Siderkompani,Store Naa Siderkompani,57/2 - Kårkall,---,Norway,2604,"<a href=""https://www.storenaasiderkompani.com/"">Website</a>","<a href=""https://www.facebook.com/Storenaasiderkompani/"">Facebook</a>","<a href=""https://www.instagram.com/storenaasiderkompani/"">Instagram</a>","<a href=""https://maps.google.com/?cid=15254622508133860404"">Google</a>",,,"<a href=""https://untappd.com/w/store-naa-siderkompani/442862"">Untappd</a>"
8,2022,Sparkling,🏆 Winner,Sidro MelaGodo,DEL FATTI LAURA,MELAGODO NUVOLO',---,Italy,3078,"<a href=""https://www.sidromelagodo.it/"">Website</a>","<a href=""https://www.facebook.com/profile.php?id=100008470323757"">Facebook</a>","<a href=""https://www.instagram.com/sidromelagodo/"">Instagram</a>","<a href=""https://maps.google.com/?cid=12237794709851078121"">Google</a>",,,"<a href=""https://untappd.com/w/azienda-agricola-del-fatti-laura/390657"">Untappd</a>"
9,2022,Tannin Dominant,🏆 Winner,Fjordfolk Mikrobryggeri,Tall Ship Craft Cider / Fjordfolk Mikrobryggeri,Tall Ship Craft Cider Bristol Fashion,---,Norway,1884,"<a href=""https://www.fjordfolkbrygg.no/"">Website</a>","<a href=""https://www.facebook.com/fjordfolkbrygg/"">Facebook</a>","<a href=""https://www.instagram.com/tallship_cider/"">Instagram</a>","<a href=""https://maps.google.com/?cid=13187877260143472555"">Google</a>","<a href=""https://www.yelp.com/biz/fjordfolk-mikrobryggeri-sandefjord"">Yelp</a>",,"<a href=""https://untappd.com/Fjordfolk"">Untappd</a>"
10,2022,Wood or Barrel-Aged,🏆 Winner,Mūrbūdu,Mūrbūdu Cider,Oak Aged 2019 Vintage,---,Latvia,2167,"<a href=""https://www.nenormalssidrs.lv/"">Website</a>","<a href=""https://www.facebook.com/murbudu/"">Facebook</a>","<a href=""https://www.instagram.com/murbudu_sidrs/"">Instagram</a>","<a href=""https://maps.google.com/?cid=15847061061259139900"">Google</a>",,,"<a href=""https://untappd.com/MurbuduSidraDaritava"">Untappd</a>"
11,2022,---,🥇 Gold,Aga Sideri,Aga sideri,Humlepung,---,Norway,2605,"<a href=""https://www.agasideri.no/"">Website</a>","<a href=""https://www.facebook.com/agasideri/"">Facebook</a>","<a href=""https://www.instagram.com/agasideri/"">Instagram</a>","<a href=""https://maps.google.com/?cid=13763004362793346500"">Google</a>",,"<a href=""https://www.tripadvisor.com/Attraction_Review-g2347995-d18177720"">TripAdvisor</a>","<a href=""https://untappd.com/w/aga-sideri/405076"">Untappd</a>"
12,2022,---,🥇 Gold,Andersen Winery,Andersen Winery,Elmsfeuer Rabarber Sec,---,Denmark,3001,"<a href=""https://andersenwinery.dk/"">Website</a>","<a href=""https://www.facebook.com/andersenwinery"">Facebook</a>","<a href=""https://www.instagram.com/andersenwinery/"">Instagram</a>","<a href=""https://maps.google.com/?cid=1091487036715359602"">Google</a>",,"<a href=""https://www.tripadvisor.com/Attraction_Review-g1699896-d20578301"">TripAdvisor</a>","<a href=""https://untappd.com/w/andersen-winery/508619"">Untappd</a>"
13,2022,---,🥇 Gold,Apal Sideri,Apal Sideri,Apal Sideri Svaggen,---,Norway,3002,"<a href=""https://apalsideri.no/"">Website</a>","<a href=""https://www.facebook.com/apalsideri"">Facebook</a>","<a href=""https://www.instagram.com/apal_sideri"">Instagram</a>","<a href=""https://maps.google.com/?cid=5061308997335336207"">Google</a>",,,"<a href=""https://untappd.com/w/apal-sideri/466579"">Untappd</a>"
14,2022,---,🥇 Gold,Bizio,BIZIO,Basoa,---,Spain,2751,,"<a href=""https://www.facebook.com/bizio.eus/"">Facebook</a>","<a href=""https://www.instagram.com/bizio.eus/"">Instagram</a>","<a href=""https://maps.google.com/?cid=10634023042683294263"">Google</a>",,,"<a href=""https://untappd.com/w/bizio/517614"">Untappd</a>"
15,2022,---,🥇 Gold,Bjerregaarden,Bjerregaarden,"Cider: Signe Tillisch, Harry Masters Jersey & Yarlington Mill",---,Denmark,3003,"<a href=""https://www.bjerregaarden.dk/"">Website</a>",,"<a href=""https://www.instagram.com/bjerregaarden.dk/"">Instagram</a>","<a href=""https://maps.google.com/?cid=11442622936547961461"">Google</a>",,,
16,2022,---,🥇 Gold,Bringebærlandet,Bringebærlandet Andersen,Bringebærlandets Isvin 2020,---,Norway,3609,"<a href=""https://bringebarlandet.no/"">Website</a>","<a href=""https://www.facebook.com/Bringebaerlandet/"">Facebook</a>","<a href=""https://www.instagram.com/buhagen_/"">Instagram</a>","<a href=""https://maps.google.com/?cid=4598585383797969331"">Google</a>",,,"<a href=""https://untappd.com/w/bringebaerlandet/452149"">Untappd</a>"
17,2022,---,🥇 Gold,Bringebærlandet,Bringebærlandet Andersen,Bringebærlandets Musserende,---,Norway,3609,"<a href=""https://bringebarlandet.no/"">Website</a>","<a href=""https://www.facebook.com/Bringebaerlandet/"">Facebook</a>","<a href=""https://www.instagram.com/buhagen_/"">Instagram</a>","<a href=""https://maps.google.com/?cid=4598585383797969331"">Google</a>",,,"<a href=""https://untappd.com/w/bringebaerlandet/452149"">Untappd</a>"
18,2022,---,🥇 Gold,Lightship Cider,CiderCider BV,A Charming Squid / Lightship Cider,---,Netherlands,2907,"<a href=""http://www.lightshipcider.com/"">Website</a>","<a href=""https://www.facebook.com/lightshipcider"">Facebook</a>","<a href=""https://www.instagram.com/lightshipcider/"">Instagram</a>",,,,"<a href=""https://untappd.com/Lightship_Cider"">Untappd</a>"
19,2022,---,🥇 Gold,Cold Hand Winery,Cold Hand Winery,Malus Danica 2018,---,Denmark,1986,"<a href=""https://www.coldhandwinery.dk/"">Website</a>","<a href=""https://www.facebook.com/Cold-Hand-Winery-280396455326889/"">Facebook</a>","<a href=""https://www.instagram.com/cold_hand_winery/"">Instagram</a>","<a href=""https://maps.google.com/?cid=8847115036999398343"">Google</a>",,"<a href=""https://www.tripadvisor.com/Attraction_Review-g227594-d11638093"">TripAdvisor</a>","<a href=""https://untappd.com/w/cold-hand-winery/101622"">Untappd</a>"
20,2022,---,🥇 Gold,Cold Hand Winery,Cold Hand Winery,Sparkling Ice 2018 - Apple & Cherry,---,Denmark,1986,"<a href=""https://www.coldhandwinery.dk/"">Website</a>","<a href=""https://www.facebook.com/Cold-Hand-Winery-280396455326889/"">Facebook</a>","<a href=""https://www.instagram.com/cold_hand_winery/"">Instagram</a>","<a href=""https://maps.google.com/?cid=8847115036999398343"">Google</a>",,"<a href=""https://www.tripadvisor.com/Attraction_Review-g227594-d11638093"">TripAdvisor</a>","<a href=""https://untappd.com/w/cold-hand-winery/101622"">Untappd</a>"
21,2022,---,🥇 Gold,Eiane Gard,Eiane Gard,BRIST,---,Norway,3008,"<a href=""https://www.eianegard.no/"">Website</a>","<a href=""https://www.facebook.com/eianegard"">Facebook</a>","<a href=""https://www.instagram.com/eianegard/"">Instagram</a>","<a href=""https://maps.google.com/?cid=13089067596466030259"">Google</a>",,,"<a href=""https://untappd.com/eianegard"">Untappd</a>"
22,2022,---,🥇 Gold,Floribunda,Floribunda Cidervariationen Creazioni di sidro (des Franz Egger),Rosé Cider,---,Italy,2029,"<a href=""https://www.floribunda.it/"">Website</a>",,"<a href=""https://www.instagram.com/floribundacider/"">Instagram</a>","<a href=""https://maps.google.com/?cid=14548393953505771229"">Google</a>",,,"<a href=""https://untappd.com/w/floribunda/333615"">Untappd</a>"
23,2022,---,🥇 Gold,Harding Økologiske Sideri,Harding Økologiske Sideri,Sprudlande Harding,---,Norway,1415,"<a href=""https://www.hardingsideri.no/"">Website</a>","<a href=""https://www.facebook.com/HardingSideri"">Facebook</a>","<a href=""https://www.instagram.com/hardingsideri/"">Instagram</a>","<a href=""https://maps.google.com/?cid=12919577292319496906"">Google</a>",,,"<a href=""https://untappd.com/HardingSideri"">Untappd</a>"
24,2022,---,🥇 Gold,Helleland Gard,HELLELAND GARD,Heldre Discovery & Aroma,---,Norway,3269,"<a href=""https://www.hellelandgard.no/"">Website</a>","<a href=""https://www.facebook.com/hellelandgard/"">Facebook</a>","<a href=""https://www.instagram.com/heldresider/"">Instagram</a>","<a href=""https://maps.google.com/?cid=16525259240171377871"">Google</a>",,,"<a href=""https://untappd.com/w/helleland-gard-heldre-sider/377451"">Untappd</a>"
25,2022,---,🥇 Gold,Apfelweinhandlung JB,Janus Becker Verkaufsförderungsgesellschaft mbH,JB Bohnapfel 2019,---,Germany,3605,"<a href=""https://www.apfelweinhandlung.de/"">Website</a>","<a href=""https://www.facebook.com/janusbecker/"">Facebook</a>","<a href=""https://www.instagram.com/apfelweinhandlung/"">Instagram</a>","<a href=""https://maps.google.com/?cid=4042602811831238709"">Google</a>","<a href=""https://www.yelp.com/biz/apfelweinhandlung-jb-frankfurt-am-main-2"">Yelp</a>",,"<a href=""https://untappd.com/w/apfelweinhandlung-janus-becker/213578"">Untappd</a>"
26,2022,---,🥇 Gold,Apfelweinhandlung JB,Janus Becker Verkaufsförderungsgesellschaft mbH,JB Streuobst 2021,---,Germany,3605,"<a href=""https://www.apfelweinhandlung.de/"">Website</a>","<a href=""https://www.facebook.com/janusbecker/"">Facebook</a>","<a href=""https://www.instagram.com/apfelweinhandlung/"">Instagram</a>","<a href=""https://maps.google.com/?cid=4042602811831238709"">Google</a>","<a href=""https://www.yelp.com/biz/apfelweinhandlung-jb-frankfurt-am-main-2"">Yelp</a>",,"<a href=""https://untappd.com/w/apfelweinhandlung-janus-becker/213578"">Untappd</a>"
27,2022,---,🥇 Gold,Lepola Drinks,Lepola Drinks,Lepola Hoppy Hopped cider,---,Finland,3015,"<a href=""https://lepoladrinks.fi/"">Website</a>","<a href=""https://www.facebook.com/lepoladrinks/"">Facebook</a>","<a href=""https://www.instagram.com/lepola_drinks/"">Instagram</a>","<a href=""https://maps.google.com/?cid=10912023971262858580"">Google</a>",,,"<a href=""https://untappd.com/w/lepola/401095"">Untappd</a>"
28,2022,---,🥇 Gold,Lien Gård,Lien Gård,Livlig Eplesider Eple & Stikkelsbær 2021,---,Norway,3017,"<a href=""https://www.liengard-telemark.no/"">Website</a>","<a href=""https://www.facebook.com/lien3812Akkerhaugen/"">Facebook</a>","<a href=""https://www.instagram.com/lien_gard_telemark"">Instagram</a>","<a href=""https://maps.google.com/?cid=9873512223911132771"">Google</a>",,,"<a href=""https://untappd.com/LienGrd"">Untappd</a>"
29,2022,---,🥇 Gold,Little Pomona,Little Pomona,Little Pomona - Wading In 2020,---,United Kingdom,1880,"<a href=""https://littlepomona.com/"">Website</a>","<a href=""https://www.facebook.com/LittlePomona/"">Facebook</a>","<a href=""https://www.instagram.com/littlepomona/"">Instagram</a>","<a href=""https://maps.google.com/?cid=1246096540068808621"">Google</a>",,"<a href=""https://www.tripadvisor.com/Attraction_Review-g503860-d24036981"">TripAdvisor</a>","<a href=""https://untappd.com/w/little-pomona/328882"">Untappd</a>"
30,2022,---,🥇 Gold,Sidra Castañón,LLAGAR CASTAÑÓN,ROXMUT,---,Spain,1473,"<a href=""https://sidracastanon.com/"">Website</a>","<a href=""https://www.facebook.com/sidracastanon/"">Facebook</a>","<a href=""https://www.instagram.com/sidracastanon/"">Instagram</a>","<a href=""https://maps.google.com/?cid=3082307260151948865"">Google</a>",,"<a href=""https://www.tripadvisor.com/Attraction_Review-g2186312-d12246874"">TripAdvisor</a>","<a href=""https://untappd.com/w/llagar-sidra-casta-n/81481"">Untappd</a>"
31,2022,---,🥇 Gold,Sidra Castañón,LLAGAR CASTAÑÓN,XIZ FRIZZANTE,---,Spain,1473,"<a href=""https://sidracastanon.com/"">Website</a>","<a href=""https://www.facebook.com/sidracastanon/"">Facebook</a>","<a href=""https://www.instagram.com/sidracastanon/"">Instagram</a>","<a href=""https://maps.google.com/?cid=3082307260151948865"">Google</a>",,"<a href=""https://www.tripadvisor.com/Attraction_Review-g2186312-d12246874"">TripAdvisor</a>","<a href=""https://untappd.com/w/llagar-sidra-casta-n/81481"">Untappd</a>"
32,2022,---,🥇 Gold,Lofthus Ekspedisjon,Lofthus Ekspedisjon,Skrikjo,---,Norway,2766,"<a href=""https://lofthusekspedisjon.no/"">Website</a>","<a href=""https://www.facebook.com/ekspedisjonlofthus/"">Facebook</a>","<a href=""https://www.instagram.com/lofthus_ekspedisjon/"">Instagram</a>","<a href=""https://maps.google.com/?cid=10108744972037075215"">Google</a>",,"<a href=""https://www.tripadvisor.com/Restaurant_Review-g1188596-d23540819"">TripAdvisor</a>","<a href=""https://untappd.com/EkspedisjonenBryggeri"">Untappd</a>"
33,2022,---,🥇 Gold,Lofthus Sideri,Lofthus sideri,Gaum,---,Norway,3033,"<a href=""https://www.lofthus-sideri.no/"">Website</a>","<a href=""https://www.facebook.com/lofthussideri"">Facebook</a>","<a href=""https://www.instagram.com/lofthussideri/"">Instagram</a>","<a href=""https://maps.google.com/?cid=4261867360833684799"">Google</a>",,,"<a href=""https://untappd.com/w/lofthus-sideri/499732"">Untappd</a>"
34,2022,---,🥇 Gold,Nightingale Cider Company,Nightingale Cider Co,Night Bird,---,United Kingdom,2074,"<a href=""https://www.nightingalecider.com/"">Website</a>","<a href=""https://www.facebook.com/nightingalecider/"">Facebook</a>","<a href=""https://www.instagram.com/nightingalecider/"">Instagram</a>","<a href=""https://maps.google.com/?cid=18222564835901017065"">Google</a>",,,"<a href=""https://untappd.com/nightingalecider"">Untappd</a>"
35,2022,---,🥇 Gold,OmCider,OmCider AS,VALAGUBBEN,---,Norway,2753,"<a href=""https://omcider.no/"">Website</a>","<a href=""https://www.facebook.com/OmCiderAS/"">Facebook</a>","<a href=""https://www.instagram.com/omcideras/"">Instagram</a>","<a href=""https://maps.google.com/?cid=1800091822223931241"">Google</a>",,,"<a href=""https://untappd.com/w/omcider/492586"">Untappd</a>"
36,2022,---,🥇 Gold,Pirula,pirula,Helmi,---,Finland,3026,"<a href=""https://www.pirula.fi/"">Website</a>","<a href=""https://www.facebook.com/pirula.fi/"">Facebook</a>","<a href=""https://www.instagram.com/pirulantila"">Instagram</a>","<a href=""https://maps.google.com/?cid=1283745269437501478"">Google</a>",,,"<a href=""https://untappd.com/w/pirula/442289"">Untappd</a>"
37,2022,---,🥇 Gold,Ramborn Cider Co.,Ramborn S.A.,Ramborn Garden Quince,---,Luxembourg,2698,"<a href=""https://www.ramborn.com/"">Website</a>","<a href=""https://www.facebook.com/RambornUS/"">Facebook</a>","<a href=""https://www.instagram.com/rambornciderco/"">Instagram</a>","<a href=""https://maps.google.com/?cid=16691194016355154342"">Google</a>",,"<a href=""https://www.tripadvisor.com/Attraction_Review-g206525-d12591209"">TripAdvisor</a>","<a href=""https://untappd.com/Ramborn"">Untappd</a>"
38,2022,---,🥇 Gold,Ramborn Cider Co.,Ramborn S.A.,Ramborn Organic Cider,---,Luxembourg,2698,"<a href=""https://www.ramborn.com/"">Website</a>","<a href=""https://www.facebook.com/RambornUS/"">Facebook</a>","<a href=""https://www.instagram.com/rambornciderco/"">Instagram</a>","<a href=""https://maps.google.com/?cid=16691194016355154342"">Google</a>",,"<a href=""https://www.tripadvisor.com/Attraction_Review-g206525-d12591209"">TripAdvisor</a>","<a href=""https://untappd.com/Ramborn"">Untappd</a>"
39,2022,---,🥇 Gold,Sandalen Gård,Sandalen Gård,Knedrepar / Sandalen Gård,---,Norway,3032,"<a href=""https://sandalengard.no/"">Website</a>","<a href=""https://www.facebook.com/sandalengard"">Facebook</a>","<a href=""https://www.instagram.com/sandalengard/"">Instagram</a>","<a href=""https://maps.google.com/?cid=16897274204164201537"">Google</a>",,,"<a href=""https://untappd.com/SandalenGrd"">Untappd</a>"
40,2022,---,🥇 Gold,Sideriet,Sideriet as,Vassås,---,Norway,3617,"<a href=""https://www.sideriet.no/"">Website</a>","<a href=""https://www.facebook.com/SiderietAS/"">Facebook</a>","<a href=""https://www.instagram.com/sideriet_/"">Instagram</a>","<a href=""https://maps.google.com/?cid=10667377439591253274"">Google</a>",,,"<a href=""https://untappd.com/Sideriet_"">Untappd</a>"
41,2022,---,🥇 Gold,Aburuza,SIDRAS ABURUZA,Aburuza Euskal Sagardoa Premium,---,Spain,1614,"<a href=""https://www.sidrasaburuza.net/"">Website</a>","<a href=""https://www.facebook.com/sidrasaburuza/"">Facebook</a>","<a href=""https://www.instagram.com/aburuza_sagardotegia/"">Instagram</a>","<a href=""https://maps.google.com/?cid=11790998531102067428"">Google</a>","<a href=""https://www.yelp.com/biz/sidreria-aburuza-caserio-olatza-aduna"">Yelp</a>","<a href=""https://www.tripadvisor.com/Restaurant_Review-g2578771-d7715076"">TripAdvisor</a>","<a href=""https://untappd.com/w/sidreria-aburuza/194775"">Untappd</a>"
42,2022,---,🥇 Gold,Lagar de Valleseco,sidras el lagar de Valleseco,Sidra el Lagar de Valleseco,---,Spain,3083,,"<a href=""https://www.facebook.com/sidralagardevalleseco/"">Facebook</a>",,"<a href=""https://maps.google.com/?cid=6485664555068943913"">Google</a>",,,"<a href=""https://untappd.com/w/angel-dominguez-ponce/511926"">Untappd</a>"
43,2022,---,🥇 Gold,Spildegarden,Spildegarden,Spilde Aroma,---,Norway,3380,"<a href=""https://www.spildegarden.no/"">Website</a>",,"<a href=""https://www.instagram.com/spildegarden/"">Instagram</a>","<a href=""https://maps.google.com/?cid=4799684362834917258"">Google</a>",,"<a href=""https://www.tripadvisor.com/Restaurant_Review-g2192406-d23563716"">TripAdvisor</a>","<a href=""https://untappd.com/w/spildegarden/396091"">Untappd</a>"
44,2022,---,🥇 Gold,Spildegarden,Spildegarden,Spilde Summerred,---,Norway,3380,"<a href=""https://www.spildegarden.no/"">Website</a>",,"<a href=""https://www.instagram.com/spildegarden/"">Instagram</a>","<a href=""https://maps.google.com/?cid=4799684362834917258"">Google</a>",,"<a href=""https://www.tripadvisor.com/Restaurant_Review-g2192406-d23563716"">TripAdvisor</a>","<a href=""https://untappd.com/w/spildegarden/396091"">Untappd</a>"
45,2022,---,🥇 Gold,Store Naa Siderkompani,Store Naa Siderkompani,57/2,---,Norway,2604,"<a href=""https://www.storenaasiderkompani.com/"">Website</a>","<a href=""https://www.facebook.com/Storenaasiderkompani/"">Facebook</a>","<a href=""https://www.instagram.com/storenaasiderkompani/"">Instagram</a>","<a href=""https://maps.google.com/?cid=15254622508133860404"">Google</a>",,,"<a href=""https://untappd.com/w/store-naa-siderkompani/442862"">Untappd</a>"
46,2022,---,🥇 Gold,Sidra El Gaitero,"VALLE, BALLINA Y FERNANDEZ SA",1898 ICE CIDER,---,Spain,1314,"<a href=""https://www.sidraelgaitero.com/"">Website</a>","<a href=""https://www.facebook.com/grupoelgaitero"">Facebook</a>","<a href=""https://www.instagram.com/grupoelgaitero/"">Instagram</a>","<a href=""https://maps.google.com/?cid=15753532318992345137"">Google</a>",,"<a href=""https://www.tripadvisor.com/Attraction_Review-g608997-d3239389"">TripAdvisor</a>","<a href=""https://untappd.com/brewery/4266"">Untappd</a>"
47,2022,---,🥇 Gold,Zapiain,Zapiain,Zapiain Euskal Sagardoa 2021,---,Spain,1172,"<a href=""https://zapiain.eus/"">Website</a>","<a href=""https://www.facebook.com/zapiainsagardoa"">Facebook</a>","<a href=""https://www.instagram.com/zapiainsagardoa/"">Instagram</a>","<a href=""https://maps.google.com/?cid=16982677267877188990"">Google</a>",,"<a href=""https://www.tripadvisor.com/Restaurant_Review-g1064182-d3806229"">TripAdvisor</a>","<a href=""https://untappd.com/ZapiainSagardoa"">Untappd</a>"
48,2022,---,🥈 Silver,Abavas,ABAVAS DARZI,Abavas Apple Cider Meadows,---,Latvia,2363,"<a href=""https://www.abavas.lv/"">Website</a>","<a href=""https://www.facebook.com/abavas.vinadaritava/"">Facebook</a>","<a href=""https://www.instagram.com/abavas_vini/"">Instagram</a>","<a href=""https://maps.google.com/?cid=11387034393378720853"">Google</a>",,"<a href=""https://www.tripadvisor.com/Attraction_Review-g608944-d23945082"">TripAdvisor</a>","<a href=""https://untappd.com/w/sia-abavas-da-rzi/153183"">Untappd</a>"
49,2022,---,🥈 Silver,Abavas,ABAVAS DARZI,ABAVAS Nordic Brut,---,Latvia,2363,"<a href=""https://www.abavas.lv/"">Website</a>","<a href=""https://www.facebook.com/abavas.vinadaritava/"">Facebook</a>","<a href=""https://www.instagram.com/abavas_vini/"">Instagram</a>","<a href=""https://maps.google.com/?cid=11387034393378720853"">Google</a>",,"<a href=""https://www.tripadvisor.com/Attraction_Review-g608944-d23945082"">TripAdvisor</a>","<a href=""https://untappd.com/w/sia-abavas-da-rzi/153183"">Untappd</a>"
50,2022,---,🥈 Silver,Abavas,ABAVAS DARZI,Rhubarb Sparkling Wine,---,Latvia,2363,"<a href=""https://www.abavas.lv/"">Website</a>","<a href=""https://www.facebook.com/abavas.vinadaritava/"">Facebook</a>","<a href=""https://www.instagram.com/abavas_vini/"">Instagram</a>","<a href=""https://maps.google.com/?cid=11387034393378720853"">Google</a>",,"<a href=""https://www.tripadvisor.com/Attraction_Review-g608944-d23945082"">TripAdvisor</a>","<a href=""https://untappd.com/w/sia-abavas-da-rzi/153183"">Untappd</a>"
51,2022,---,🥈 Silver,Aga Sideri,Aga sideri,Fatlagra 2019,---,Norway,2605,"<a href=""https://www.agasideri.no/"">Website</a>","<a href=""https://www.facebook.com/agasideri/"">Facebook</a>","<a href=""https://www.instagram.com/agasideri/"">Instagram</a>","<a href=""https://maps.google.com/?cid=13763004362793346500"">Google</a>",,"<a href=""https://www.tripadvisor.com/Attraction_Review-g2347995-d18177720"">TripAdvisor</a>","<a href=""https://untappd.com/w/aga-sideri/405076"">Untappd</a>"
52,2022,---,🥈 Silver,Åkre Gård,Åkre AS,Edel is-sider,---,Norway,2544,"<a href=""https://aakre-gard.no/"">Website</a>","<a href=""https://www.facebook.com/EdelSider/"">Facebook</a>","<a href=""https://www.instagram.com/edelsider"">Instagram</a>","<a href=""https://maps.google.com/?cid=10200668651455703399"">Google</a>",,"<a href=""https://www.tripadvisor.com/Attraction_Review-g21171125-d21170815"">TripAdvisor</a>","<a href=""https://untappd.com/Aakre_Gard"">Untappd</a>"
53,2022,---,🥈 Silver,Åkre Gård,Åkre AS,EDEL Premium (12),---,Norway,2544,"<a href=""https://aakre-gard.no/"">Website</a>","<a href=""https://www.facebook.com/EdelSider/"">Facebook</a>","<a href=""https://www.instagram.com/edelsider"">Instagram</a>","<a href=""https://maps.google.com/?cid=10200668651455703399"">Google</a>",,"<a href=""https://www.tripadvisor.com/Attraction_Review-g21171125-d21170815"">TripAdvisor</a>","<a href=""https://untappd.com/Aakre_Gard"">Untappd</a>"
54,2022,---,🥈 Silver,Åkre Gård,Åkre AS,EDEL Sider Metode Tradisjonell,---,Norway,2544,"<a href=""https://aakre-gard.no/"">Website</a>","<a href=""https://www.facebook.com/EdelSider/"">Facebook</a>","<a href=""https://www.instagram.com/edelsider"">Instagram</a>","<a href=""https://maps.google.com/?cid=10200668651455703399"">Google</a>",,"<a href=""https://www.tripadvisor.com/Attraction_Review-g21171125-d21170815"">TripAdvisor</a>","<a href=""https://untappd.com/Aakre_Gard"">Untappd</a>"
55,2022,---,🥈 Silver,Alde Sider,Alde AS,Alde Sider,---,Norway,2546,"<a href=""https://www.aldesider.no/"">Website</a>","<a href=""https://www.facebook.com/aldesider"">Facebook</a>","<a href=""https://www.instagram.com/aldesider/"">Instagram</a>","<a href=""https://maps.google.com/?cid=7838999053969928967"">Google</a>",,,"<a href=""https://untappd.com/Alde_hardanger"">Untappd</a>"
56,2022,---,🥈 Silver,Alde Sider,Alde AS,Alde Svans,---,Norway,2546,"<a href=""https://www.aldesider.no/"">Website</a>","<a href=""https://www.facebook.com/aldesider"">Facebook</a>","<a href=""https://www.instagram.com/aldesider/"">Instagram</a>","<a href=""https://maps.google.com/?cid=7838999053969928967"">Google</a>",,,"<a href=""https://untappd.com/Alde_hardanger"">Untappd</a>"
57,2022,---,🥈 Silver,Andersen Winery,Andersen Winery,Sigrid Ӕble Brut,---,Denmark,3001,"<a href=""https://andersenwinery.dk/"">Website</a>","<a href=""https://www.facebook.com/andersenwinery"">Facebook</a>","<a href=""https://www.instagram.com/andersenwinery/"">Instagram</a>","<a href=""https://maps.google.com/?cid=1091487036715359602"">Google</a>",,"<a href=""https://www.tripadvisor.com/Attraction_Review-g1699896-d20578301"">TripAdvisor</a>","<a href=""https://untappd.com/w/andersen-winery/508619"">Untappd</a>"
58,2022,---,🥈 Silver,Anikonic,Anikonic AS,Mjødurt & Pære Vin,---,Norway,3168,"<a href=""https://www.anikonic.no/"">Website</a>","<a href=""https://www.facebook.com/anikonicdrinks"">Facebook</a>","<a href=""https://www.instagram.com/anikonic_drinks/"">Instagram</a>",,,,"<a href=""https://untappd.com/w/anikonic/543805"">Untappd</a>"
59,2022,---,🥈 Silver,Apal Sideri,Apal Sideri,Apal Sideri Kompani,---,Norway,3002,"<a href=""https://apalsideri.no/"">Website</a>","<a href=""https://www.facebook.com/apalsideri"">Facebook</a>","<a href=""https://www.instagram.com/apal_sideri"">Instagram</a>","<a href=""https://maps.google.com/?cid=5061308997335336207"">Google</a>",,,"<a href=""https://untappd.com/w/apal-sideri/466579"">Untappd</a>"
60,2022,---,🥈 Silver,Apal Sideri,Apal Sideri,Apal Sideri Sølvsider,---,Norway,3002,"<a href=""https://apalsideri.no/"">Website</a>","<a href=""https://www.facebook.com/apalsideri"">Facebook</a>","<a href=""https://www.instagram.com/apal_sideri"">Instagram</a>","<a href=""https://maps.google.com/?cid=5061308997335336207"">Google</a>",,,"<a href=""https://untappd.com/w/apal-sideri/466579"">Untappd</a>"
61,2022,---,🥈 Silver,Gurutzeta,ASTIGARRAGAKO GURUTZETA,Sagardoa Gurutzeta Euskal Sagardoa,---,Spain,1170,"<a href=""https://www.gurutzeta.com/"">Website</a>","<a href=""https://www.facebook.com/profile.php?id=100063653015548"">Facebook</a>","<a href=""https://www.instagram.com/gurutzeta_sagar/"">Instagram</a>","<a href=""https://maps.google.com/?cid=3267815348998464054"">Google</a>",,"<a href=""https://www.tripadvisor.com/Restaurant_Review-g1064182-d3915865"">TripAdvisor</a>","<a href=""https://untappd.com/w/gurutzeta-sagardotegia/249476"">Untappd</a>"
62,2022,---,🥈 Silver,Gurutzeta,ASTIGARRAGAKO GURUTZETA,Sagardoa Gurutzeta Gorenak,---,Spain,1170,"<a href=""https://www.gurutzeta.com/"">Website</a>","<a href=""https://www.facebook.com/profile.php?id=100063653015548"">Facebook</a>","<a href=""https://www.instagram.com/gurutzeta_sagar/"">Instagram</a>","<a href=""https://maps.google.com/?cid=3267815348998464054"">Google</a>",,"<a href=""https://www.tripadvisor.com/Restaurant_Review-g1064182-d3915865"">TripAdvisor</a>","<a href=""https://untappd.com/w/gurutzeta-sagardotegia/249476"">Untappd</a>"
63,2022,---,🥈 Silver,Ciderhuset Balholm,Balholm,Balholm Vestmann,---,Norway,1534,"<a href=""https://www.ciderhuset.no/"">Website</a>","<a href=""https://www.facebook.com/ciderhuset"">Facebook</a>","<a href=""https://www.instagram.com/ciderhuset/"">Instagram</a>","<a href=""https://maps.google.com/?cid=12671775028436675444"">Google</a>","<a href=""https://www.yelp.com/biz/ciderhuset-balestrand"">Yelp</a>","<a href=""https://www.tripadvisor.com/Restaurant_Review-g616211-d1991697"">TripAdvisor</a>","<a href=""https://untappd.com/w/ciderhuset-balholm/64016"">Untappd</a>"
64,2022,---,🥈 Silver,Bizio,BIZIO,Pako,---,Spain,2751,,"<a href=""https://www.facebook.com/bizio.eus/"">Facebook</a>","<a href=""https://www.instagram.com/bizio.eus/"">Instagram</a>","<a href=""https://maps.google.com/?cid=10634023042683294263"">Google</a>",,,"<a href=""https://untappd.com/w/bizio/517614"">Untappd</a>"
65,2022,---,🥈 Silver,Bjerregaarden,Bjerregaarden,"Cider: Foxwelp, Stembridge Jersey & Noël de Champs",---,Denmark,3003,"<a href=""https://www.bjerregaarden.dk/"">Website</a>",,"<a href=""https://www.instagram.com/bjerregaarden.dk/"">Instagram</a>","<a href=""https://maps.google.com/?cid=11442622936547961461"">Google</a>",,,
66,2022,---,🥈 Silver,Brinkhall Sparkling,Brinkhall Sparkling Oy,Normanni,---,Finland,1917,"<a href=""https://bsp.fi/"">Website</a>","<a href=""https://www.facebook.com/brinkhalls"">Facebook</a>","<a href=""https://www.instagram.com/brinkhallsparkling/"">Instagram</a>","<a href=""https://maps.google.com/?cid=10856204128601037922"">Google</a>",,,"<a href=""https://untappd.com/BrinkhallSparkling"">Untappd</a>"
67,2022,---,🥈 Silver,Buhagen,Buhagen,Buhagen Bølgeskvulp,---,Norway,3608,"<a href=""https://buhagen-kultur.no/"">Website</a>","<a href=""https://www.facebook.com/profile.php?id=100064834955188"">Facebook</a>","<a href=""https://www.instagram.com/buhagen_/"">Instagram</a>","<a href=""https://maps.google.com/?cid=13061266213598446649"">Google</a>",,,"<a href=""https://untappd.com/w/buhagen/490034"">Untappd</a>"
68,2022,---,🥈 Silver,Buhagen,Buhagen,Buhagen Slanten,---,Norway,3608,"<a href=""https://buhagen-kultur.no/"">Website</a>","<a href=""https://www.facebook.com/profile.php?id=100064834955188"">Facebook</a>","<a href=""https://www.instagram.com/buhagen_/"">Instagram</a>","<a href=""https://maps.google.com/?cid=13061266213598446649"">Google</a>",,,"<a href=""https://untappd.com/w/buhagen/490034"">Untappd</a>"
69,2022,---,🥈 Silver,Buhagen,Buhagen,Buhagen Solgangsbris,---,Norway,3608,"<a href=""https://buhagen-kultur.no/"">Website</a>","<a href=""https://www.facebook.com/profile.php?id=100064834955188"">Facebook</a>","<a href=""https://www.instagram.com/buhagen_/"">Instagram</a>","<a href=""https://maps.google.com/?cid=13061266213598446649"">Google</a>",,,"<a href=""https://untappd.com/w/buhagen/490034"">Untappd</a>"
70,2022,---,🥈 Silver,Cascina Danesa,Cascina Danesa,Sidro Giasà,---,Italy,1511,"<a href=""http://www.cascinadanesa.com/"">Website</a>",,,"<a href=""https://maps.google.com/?cid=9650299321108487107"">Google</a>",,,"<a href=""https://untappd.com/w/cascina-danesa/87042"">Untappd</a>"
71,2022,---,🥈 Silver,Lightship Cider,CiderCider BV,I got wood / Lightship Cider,---,--,2907,"<a href=""http://www.lightshipcider.com/"">Website</a>","<a href=""https://www.facebook.com/lightshipcider"">Facebook</a>","<a href=""https://www.instagram.com/lightshipcider/"">Instagram</a>",,,,"<a href=""https://untappd.com/Lightship_Cider"">Untappd</a>"
72,2022,---,🥈 Silver,Cold Hand Winery,Cold Hand Winery,Malus X Feminam 2018,---,Denmark,1986,"<a href=""https://www.coldhandwinery.dk/"">Website</a>","<a href=""https://www.facebook.com/Cold-Hand-Winery-280396455326889/"">Facebook</a>","<a href=""https://www.instagram.com/cold_hand_winery/"">Instagram</a>","<a href=""https://maps.google.com/?cid=8847115036999398343"">Google</a>",,"<a href=""https://www.tripadvisor.com/Attraction_Review-g227594-d11638093"">TripAdvisor</a>","<a href=""https://untappd.com/w/cold-hand-winery/101622"">Untappd</a>"
73,2022,---,🥈 Silver,Sidro MelaGodo,DEL FATTI LAURA,MELAGODO BRUT,---,Italy,3078,"<a href=""https://www.sidromelagodo.it/"">Website</a>","<a href=""https://www.facebook.com/profile.php?id=100008470323757"">Facebook</a>","<a href=""https://www.instagram.com/sidromelagodo/"">Instagram</a>","<a href=""https://maps.google.com/?cid=12237794709851078121"">Google</a>",,,"<a href=""https://untappd.com/w/azienda-agricola-del-fatti-laura/390657"">Untappd</a>"
74,2022,---,🥈 Silver,Sidro MelaGodo,DEL FATTI LAURA,MELAGODO EXTRA DRY,---,Italy,3078,"<a href=""https://www.sidromelagodo.it/"">Website</a>","<a href=""https://www.facebook.com/profile.php?id=100008470323757"">Facebook</a>","<a href=""https://www.instagram.com/sidromelagodo/"">Instagram</a>","<a href=""https://maps.google.com/?cid=12237794709851078121"">Google</a>",,,"<a href=""https://untappd.com/w/azienda-agricola-del-fatti-laura/390657"">Untappd</a>"
75,2022,---,🥈 Silver,Domaine Dupont,Domaine Familil Louis Dupont,Dupont Cidre Bouché,---,France,1149,"<a href=""https://www.calvados-dupont.com/"">Website</a>","<a href=""https://www.facebook.com/calvados.dupont/"">Facebook</a>","<a href=""https://www.instagram.com/domaine_dupont/"">Instagram</a>","<a href=""https://maps.google.com/?cid=4283975466429458280"">Google</a>","<a href=""https://www.yelp.com/biz/domaine-familial-louis-dupont-victot-pontfol"">Yelp</a>","<a href=""https://www.tripadvisor.com/Attraction_Review-g3419860-d2344452"">TripAdvisor</a>","<a href=""https://untappd.com/brewery/4744"">Untappd</a>"
76,2022,---,🥈 Silver,Domaine Dupont,Domaine Familil Louis Dupont,Dupont Cidre Réserve,---,France,1149,"<a href=""https://www.calvados-dupont.com/"">Website</a>","<a href=""https://www.facebook.com/calvados.dupont/"">Facebook</a>","<a href=""https://www.instagram.com/domaine_dupont/"">Instagram</a>","<a href=""https://maps.google.com/?cid=4283975466429458280"">Google</a>","<a href=""https://www.yelp.com/biz/domaine-familial-louis-dupont-victot-pontfol"">Yelp</a>","<a href=""https://www.tripadvisor.com/Attraction_Review-g3419860-d2344452"">TripAdvisor</a>","<a href=""https://untappd.com/brewery/4744"">Untappd</a>"
77,2022,---,🥈 Silver,Floribunda,Floribunda Cidervariationen Creazioni di sidro (des Franz Egger),Apfel Cider alla Mela,---,Italy,2029,"<a href=""https://www.floribunda.it/"">Website</a>",,"<a href=""https://www.instagram.com/floribundacider/"">Instagram</a>","<a href=""https://maps.google.com/?cid=14548393953505771229"">Google</a>",,,"<a href=""https://untappd.com/w/floribunda/333615"">Untappd</a>"
78,2022,---,🥈 Silver,Hallonmäen Siideripanimo,Hallonmäen Siideripanimo Oy,KUORI,---,Finland,3016,"<a href=""https://www.hallonmaki.fi/"">Website</a>","<a href=""https://www.facebook.com/hallonmaensiideri"">Facebook</a>","<a href=""https://www.instagram.com/hallonmaensiideri/"">Instagram</a>","<a href=""https://maps.google.com/?cid=2891804469448665239"">Google</a>",,,"<a href=""https://untappd.com/HallonmaenSiideripanimoOy"">Untappd</a>"
79,2022,---,🥈 Silver,Hardanger Saft og Siderfabrikk,Hardanger Saft og Siderfabrikk AS,Issider,---,Norway,3010,"<a href=""https://hardangersider.no/"">Website</a>","<a href=""https://www.facebook.com/HardangerSaftogSiderfabrikk/"">Facebook</a>","<a href=""https://www.instagram.com/hardangersaftogsiderfabrikk/"">Instagram</a>","<a href=""https://maps.google.com/?cid=12869878933054305699"">Google</a>",,"<a href=""https://www.tripadvisor.com/Attraction_Review-g7159542-d4893441"">TripAdvisor</a>","<a href=""https://untappd.com/w/hardanger-saft-og-siderfabrikk/42913"">Untappd</a>"
80,2022,---,🥈 Silver,Hardangerbonden,Hardangerbonden,Hardangerbonden Drengen,---,Norway,3011,"<a href=""https://www.hardangerbonden.no/"">Website</a>","<a href=""https://www.facebook.com/Hardangerbonden/"">Facebook</a>","<a href=""https://www.instagram.com/hardangerbonden/"">Instagram</a>","<a href=""https://maps.google.com/?cid=13224629755021668502"">Google</a>",,,"<a href=""https://untappd.com/w/hardangerbonden/496030"">Untappd</a>"
81,2022,---,🥈 Silver,Hardangerbonden,Hardangerbonden,Hardangerbonden Pappa,---,Norway,3011,"<a href=""https://www.hardangerbonden.no/"">Website</a>","<a href=""https://www.facebook.com/Hardangerbonden/"">Facebook</a>","<a href=""https://www.instagram.com/hardangerbonden/"">Instagram</a>","<a href=""https://maps.google.com/?cid=13224629755021668502"">Google</a>",,,"<a href=""https://untappd.com/w/hardangerbonden/496030"">Untappd</a>"
82,2022,---,🥈 Silver,Hardangerbonden,Hardangerbonden,Hardangerbonden Stora Marit,---,Norway,3011,"<a href=""https://www.hardangerbonden.no/"">Website</a>","<a href=""https://www.facebook.com/Hardangerbonden/"">Facebook</a>","<a href=""https://www.instagram.com/hardangerbonden/"">Instagram</a>","<a href=""https://maps.google.com/?cid=13224629755021668502"">Google</a>",,,"<a href=""https://untappd.com/w/hardangerbonden/496030"">Untappd</a>"
83,2022,---,🥈 Silver,Hardangergutane,Hardangergutane,Solglimt,---,Norway,2746,"<a href=""https://hardangergutane.no/"">Website</a>","<a href=""https://www.facebook.com/Hardangergutane/"">Facebook</a>","<a href=""https://www.instagram.com/hardangergutane/"">Instagram</a>","<a href=""https://maps.google.com/?cid=10940983309801750674"">Google</a>",,"<a href=""https://www.tripadvisor.com/Restaurant_Review-g2328851-d23478417"">TripAdvisor</a>","<a href=""https://untappd.com/w/hardangergutane/429679"">Untappd</a>"
84,2022,---,🥈 Silver,Hardangergutane,Hardangergutane,Vindpust,---,Norway,2746,"<a href=""https://hardangergutane.no/"">Website</a>","<a href=""https://www.facebook.com/Hardangergutane/"">Facebook</a>","<a href=""https://www.instagram.com/hardangergutane/"">Instagram</a>","<a href=""https://maps.google.com/?cid=10940983309801750674"">Google</a>",,"<a href=""https://www.tripadvisor.com/Restaurant_Review-g2328851-d23478417"">TripAdvisor</a>","<a href=""https://untappd.com/w/hardangergutane/429679"">Untappd</a>"
85,2022,---,🥈 Silver,Harding Økologiske Sideri,Harding Økologiske Sideri,Tørr Harding,---,Norway,1415,"<a href=""https://www.hardingsideri.no/"">Website</a>","<a href=""https://www.facebook.com/HardingSideri"">Facebook</a>","<a href=""https://www.instagram.com/hardingsideri/"">Instagram</a>","<a href=""https://maps.google.com/?cid=12919577292319496906"">Google</a>",,,"<a href=""https://untappd.com/HardingSideri"">Untappd</a>"
86,2022,---,🥈 Silver,Helleland Gard,HELLELAND GARD,Heldre Tausakjeldo,---,Norway,3269,"<a href=""https://www.hellelandgard.no/"">Website</a>","<a href=""https://www.facebook.com/hellelandgard/"">Facebook</a>","<a href=""https://www.instagram.com/heldresider/"">Instagram</a>","<a href=""https://maps.google.com/?cid=16525259240171377871"">Google</a>",,,"<a href=""https://untappd.com/w/helleland-gard-heldre-sider/377451"">Untappd</a>"
87,2022,---,🥈 Silver,Horn Cider,HORN CIDER,FRIGU*,---,--,3344,"<a href=""https://www.horncider.dk/"">Website</a>","<a href=""https://www.facebook.com/horncider/"">Facebook</a>","<a href=""https://www.instagram.com/horncider/"">Instagram</a>","<a href=""https://maps.google.com/?cid=5079202173016040511"">Google</a>",,,"<a href=""https://untappd.com/w/horn-cider/108447"">Untappd</a>"
88,2022,---,🥈 Silver,Horn Cider,HORN CIDER,IDUN*,---,Denmark,3344,"<a href=""https://www.horncider.dk/"">Website</a>","<a href=""https://www.facebook.com/horncider/"">Facebook</a>","<a href=""https://www.instagram.com/horncider/"">Instagram</a>","<a href=""https://maps.google.com/?cid=5079202173016040511"">Google</a>",,,"<a href=""https://untappd.com/w/horn-cider/108447"">Untappd</a>"
89,2022,---,🥈 Silver,Isastegi,Isastegi sagardotegia,Sidra natural Isastegi D.O. premium,---,Spain,1546,"<a href=""https://www.isastegi.com/"">Website</a>","<a href=""https://www.facebook.com/isastegi.sagardotegia"">Facebook</a>","<a href=""https://www.instagram.com/isastegi/"">Instagram</a>","<a href=""https://maps.google.com/?cid=3927960308349571227"">Google</a>",,"<a href=""https://www.tripadvisor.com/Restaurant_Review-g1064362-d5772954"">TripAdvisor</a>","<a href=""https://untappd.com/brewery/6054"">Untappd</a>"
90,2022,---,🥈 Silver,Kabiles Muižas,Kabiles muižas vīna darītava | Kabile manor winey,"Cider \""Balts\""|\""White\""",---,Latvia,3607,"<a href=""https://kabilewinery.lv/"">Website</a>","<a href=""https://www.facebook.com/Kabilesmuiza/"">Facebook</a>","<a href=""https://www.instagram.com/kabilesmuiza/"">Instagram</a>","<a href=""https://maps.google.com/?cid=5713745034453015527"">Google</a>",,,"<a href=""https://untappd.com/w/kabiles-muizas-vina-daritava/479950"">Untappd</a>"
91,2022,---,🥈 Silver,Kabiles Muižas,Kabiles muižas vīna darītava | Kabile manor winey,"Cider \""Suitu\""",---,Latvia,3607,"<a href=""https://kabilewinery.lv/"">Website</a>","<a href=""https://www.facebook.com/Kabilesmuiza/"">Facebook</a>","<a href=""https://www.instagram.com/kabilesmuiza/"">Instagram</a>","<a href=""https://maps.google.com/?cid=5713745034453015527"">Google</a>",,,"<a href=""https://untappd.com/w/kabiles-muizas-vina-daritava/479950"">Untappd</a>"
92,2022,---,🥈 Silver,Kvestad Sideri,Kvestad Sideri AS,Kvestad Issider,---,Norway,2545,"<a href=""https://www.kvestadsideri.no/"">Website</a>","<a href=""https://www.facebook.com/kvestadsideri/"">Facebook</a>","<a href=""https://www.instagram.com/kvestadsideri/"">Instagram</a>","<a href=""https://maps.google.com/?cid=16077910184660188927"">Google</a>",,,"<a href=""https://untappd.com/w/kvestad-sideri/457055"">Untappd</a>"
93,2022,---,🥈 Silver,Lepola Drinks,Lepola Drinks,Lepola Honey Apple Cyser,---,Finland,3015,"<a href=""https://lepoladrinks.fi/"">Website</a>","<a href=""https://www.facebook.com/lepoladrinks/"">Facebook</a>","<a href=""https://www.instagram.com/lepola_drinks/"">Instagram</a>","<a href=""https://maps.google.com/?cid=10912023971262858580"">Google</a>",,,"<a href=""https://untappd.com/w/lepola/401095"">Untappd</a>"
94,2022,---,🥈 Silver,Lepola Drinks,Lepola Drinks,Lepola Wild & Free Apple cider,---,Finland,3015,"<a href=""https://lepoladrinks.fi/"">Website</a>","<a href=""https://www.facebook.com/lepoladrinks/"">Facebook</a>","<a href=""https://www.instagram.com/lepola_drinks/"">Instagram</a>","<a href=""https://maps.google.com/?cid=10912023971262858580"">Google</a>",,,"<a href=""https://untappd.com/w/lepola/401095"">Untappd</a>"
95,2022,---,🥈 Silver,Lien Gård,Lien Gård,Livlig Rosésider \nEple & Bringebær 2021,---,Norway,3017,"<a href=""https://www.liengard-telemark.no/"">Website</a>","<a href=""https://www.facebook.com/lien3812Akkerhaugen/"">Facebook</a>","<a href=""https://www.instagram.com/lien_gard_telemark"">Instagram</a>","<a href=""https://maps.google.com/?cid=9873512223911132771"">Google</a>",,,"<a href=""https://untappd.com/LienGrd"">Untappd</a>"
96,2022,---,🥈 Silver,Lindheim Ølkompani,Lindheim Ølkompani,Titania - Frukt by Lindheim,---,Norway,3606,"<a href=""https://olkompani.no/"">Website</a>","<a href=""https://www.facebook.com/olkompani"">Facebook</a>","<a href=""https://www.instagram.com/lindheimolkompani/"">Instagram</a>","<a href=""https://maps.google.com/?cid=2883761242946291299"">Google</a>",,"<a href=""https://www.tripadvisor.com/Attraction_Review-g3206469-d6647563"">TripAdvisor</a>","<a href=""https://untappd.com/lindheim-olkompani"">Untappd</a>"
97,2022,---,🥈 Silver,Lingebakken,Lingebakken,Utröna,---,Norway,3018,"<a href=""https://www.lingebakken.no/"">Website</a>","<a href=""https://www.facebook.com/Lingebakkenfrukt/"">Facebook</a>","<a href=""https://www.instagram.com/lingebakken"">Instagram</a>","<a href=""https://maps.google.com/?cid=10220638985890464265"">Google</a>",,,"<a href=""https://untappd.com/w/lingebakken/519896"">Untappd</a>"
98,2022,---,🥈 Silver,Little Pomona,Little Pomona,Little Pomona - Bright Lights 2021,---,United Kingdom,1880,"<a href=""https://littlepomona.com/"">Website</a>","<a href=""https://www.facebook.com/LittlePomona/"">Facebook</a>","<a href=""https://www.instagram.com/littlepomona/"">Instagram</a>","<a href=""https://maps.google.com/?cid=1246096540068808621"">Google</a>",,"<a href=""https://www.tripadvisor.com/Attraction_Review-g503860-d24036981"">TripAdvisor</a>","<a href=""https://untappd.com/w/little-pomona/328882"">Untappd</a>"
99,2022,---,🥈 Silver,Sidra Castañón,LLAGAR CASTAÑÓN,VALDEBOIDES DOP,---,Spain,1473,"<a href=""https://sidracastanon.com/"">Website</a>","<a href=""https://www.facebook.com/sidracastanon/"">Facebook</a>","<a href=""https://www.instagram.com/sidracastanon/"">Instagram</a>","<a href=""https://maps.google.com/?cid=3082307260151948865"">Google</a>",,"<a href=""https://www.tripadvisor.com/Attraction_Review-g2186312-d12246874"">TripAdvisor</a>","<a href=""https://untappd.com/w/llagar-sidra-casta-n/81481"">Untappd</a>"
100,2022,---,🥈 Silver,Lofthus Ekspedisjon,Lofthus Ekspedisjon,Opo,---,Norway,2766,"<a href=""https://lofthusekspedisjon.no/"">Website</a>","<a href=""https://www.facebook.com/ekspedisjonlofthus/"">Facebook</a>","<a href=""https://www.instagram.com/lofthus_ekspedisjon/"">Instagram</a>","<a href=""https://maps.google.com/?cid=10108744972037075215"">Google</a>",,"<a href=""https://www.tripadvisor.com/Restaurant_Review-g1188596-d23540819"">TripAdvisor</a>","<a href=""https://untappd.com/EkspedisjonenBryggeri"">Untappd</a>"
101,2022,---,🥈 Silver,Lofthus Sideri,Lofthus sideri,Drøs,---,Norway,3033,"<a href=""https://www.lofthus-sideri.no/"">Website</a>","<a href=""https://www.facebook.com/lofthussideri"">Facebook</a>","<a href=""https://www.instagram.com/lofthussideri/"">Instagram</a>","<a href=""https://maps.google.com/?cid=4261867360833684799"">Google</a>",,,"<a href=""https://untappd.com/w/lofthus-sideri/499732"">Untappd</a>"
102,2022,---,🥈 Silver,Livebarrels,Megaditta,Livebarrels Brut Nature,---,Italy,2819,"<a href=""https://livebarrels.com/"">Website</a>","<a href=""https://www.facebook.com/Livebarrels/"">Facebook</a>","<a href=""https://www.instagram.com/livebarrels/"">Instagram</a>","<a href=""https://maps.google.com/?cid=9299854013679442564"">Google</a>",,,"<a href=""https://untappd.com/Livebarrels"">Untappd</a>"
103,2022,---,🥈 Silver,Mr. Plūme,Mr.Plume Cidery,"DACE single variety cider, Mr. Plūme sidra darītava",---,Latvia,2073,"<a href=""https://www.mrplume.lv/"">Website</a>","<a href=""https://www.facebook.com/mrplumesidrs"">Facebook</a>","<a href=""https://www.instagram.com/mrplume_sidrs/"">Instagram</a>","<a href=""https://maps.google.com/?cid=9319841841199759114"">Google</a>",,,"<a href=""https://untappd.com/w/mr-plume/332485"">Untappd</a>"
104,2022,---,🥈 Silver,Mr. Plūme,Mr.Plume Cidery,"Vintage cider 2020, Mr. Plūme sidra darītava",---,Latvia,2073,"<a href=""https://www.mrplume.lv/"">Website</a>","<a href=""https://www.facebook.com/mrplumesidrs"">Facebook</a>","<a href=""https://www.instagram.com/mrplume_sidrs/"">Instagram</a>","<a href=""https://maps.google.com/?cid=9319841841199759114"">Google</a>",,,"<a href=""https://untappd.com/w/mr-plume/332485"">Untappd</a>"
105,2022,---,🥈 Silver,Mūrbūdu,Mūrbūdu Cider,Aronia cider,---,Latvia,2167,"<a href=""https://www.nenormalssidrs.lv/"">Website</a>","<a href=""https://www.facebook.com/murbudu/"">Facebook</a>","<a href=""https://www.instagram.com/murbudu_sidrs/"">Instagram</a>","<a href=""https://maps.google.com/?cid=15847061061259139900"">Google</a>",,,"<a href=""https://untappd.com/MurbuduSidraDaritava"">Untappd</a>"
106,2022,---,🥈 Silver,Nude Cider,Nude Cider,Nude Cider Classic,---,Finland,3021,"<a href=""https://www.nudecider.fi/"">Website</a>",,"<a href=""https://www.instagram.com/nude_cider/"">Instagram</a>","<a href=""https://maps.google.com/?cid=590124294754000819"">Google</a>",,,"<a href=""https://untappd.com/3spirit"">Untappd</a>"
107,2022,---,🥈 Silver,Nude Cider,Nude Cider,Nude Cider Strong,---,Finland,3021,"<a href=""https://www.nudecider.fi/"">Website</a>",,"<a href=""https://www.instagram.com/nude_cider/"">Instagram</a>","<a href=""https://maps.google.com/?cid=590124294754000819"">Google</a>",,,"<a href=""https://untappd.com/3spirit"">Untappd</a>"
108,2022,---,🥈 Silver,Oiharte,OIHARTE,Markesa Euskal Sagardo Naturala,---,Spain,1639,"<a href=""https://oiharte.com/"">Website</a>","<a href=""https://www.facebook.com/CasaRuralSidreriaOiharte"">Facebook</a>","<a href=""https://www.instagram.com/oiharte/"">Instagram</a>","<a href=""https://maps.google.com/?cid=7283611563965022999"">Google</a>",,"<a href=""https://www.tripadvisor.com/Restaurant_Review-g1235389-d2470675"">TripAdvisor</a>","<a href=""https://untappd.com/w/oiharte-sagardotegia/351344"">Untappd</a>"
109,2022,---,🥈 Silver,Oiharte,OIHARTE,Oiharte fermentada con lúpulo,---,Spain,1639,"<a href=""https://oiharte.com/"">Website</a>","<a href=""https://www.facebook.com/CasaRuralSidreriaOiharte"">Facebook</a>","<a href=""https://www.instagram.com/oiharte/"">Instagram</a>","<a href=""https://maps.google.com/?cid=7283611563965022999"">Google</a>",,"<a href=""https://www.tripadvisor.com/Restaurant_Review-g1235389-d2470675"">TripAdvisor</a>","<a href=""https://untappd.com/w/oiharte-sagardotegia/351344"">Untappd</a>"
110,2022,---,🥈 Silver,Oiharte,OIHARTE,Oiharte Haritz Egurrean ondua,---,Spain,1639,"<a href=""https://oiharte.com/"">Website</a>","<a href=""https://www.facebook.com/CasaRuralSidreriaOiharte"">Facebook</a>","<a href=""https://www.instagram.com/oiharte/"">Instagram</a>","<a href=""https://maps.google.com/?cid=7283611563965022999"">Google</a>",,"<a href=""https://www.tripadvisor.com/Restaurant_Review-g1235389-d2470675"">TripAdvisor</a>","<a href=""https://untappd.com/w/oiharte-sagardotegia/351344"">Untappd</a>"
111,2022,---,🥈 Silver,Paladeus,Paladues - Bonell Hubert,Paladeus Apfelsecco – Sidro di mela,---,Italy,3024,"<a href=""http://www.paladeus.it/"">Website</a>","<a href=""https://www.facebook.com/profile.php?id=100067062071715"">Facebook</a>","<a href=""https://www.instagram.com/paladeus_cider/"">Instagram</a>","<a href=""https://maps.google.com/?cid=8605615739361573597"">Google</a>",,,"<a href=""https://untappd.com/w/paladeus/538622"">Untappd</a>"
112,2022,---,🥈 Silver,Petritegi,Petritegi,Aparduna / Petritegi,---,Spain,1171,"<a href=""https://www.petritegi.com/"">Website</a>","<a href=""https://www.facebook.com/Petritegi/"">Facebook</a>","<a href=""https://www.instagram.com/petritegi"">Instagram</a>","<a href=""https://maps.google.com/?cid=16425101977693923721"">Google</a>","<a href=""https://www.yelp.com/biz/petritegi-astigarraga"">Yelp</a>","<a href=""https://www.tripadvisor.com/Restaurant_Review-g1064182-d2266030"">TripAdvisor</a>","<a href=""https://untappd.com/brewery/51639"">Untappd</a>"
113,2022,---,🥈 Silver,Pomologik,Pomologik,Aroma,---,Sweden,2397,"<a href=""https://www.pomologik.se/"">Website</a>","<a href=""https://www.facebook.com/pomologik"">Facebook</a>","<a href=""https://www.instagram.com/Pomologik/"">Instagram</a>","<a href=""https://maps.google.com/?cid=17836181822390207936"">Google</a>",,,"<a href=""https://untappd.com/Pomologik_swe"">Untappd</a>"
114,2022,---,🥈 Silver,Pomologik,Pomologik,Cider State of Mind,---,Sweden,2397,"<a href=""https://www.pomologik.se/"">Website</a>","<a href=""https://www.facebook.com/pomologik"">Facebook</a>","<a href=""https://www.instagram.com/Pomologik/"">Instagram</a>","<a href=""https://maps.google.com/?cid=17836181822390207936"">Google</a>",,,"<a href=""https://untappd.com/Pomologik_swe"">Untappd</a>"
115,2022,---,🥈 Silver,Pomologik,Pomologik,Gravensteiner Ice Ice Baby,---,Sweden,2397,"<a href=""https://www.pomologik.se/"">Website</a>","<a href=""https://www.facebook.com/pomologik"">Facebook</a>","<a href=""https://www.instagram.com/Pomologik/"">Instagram</a>","<a href=""https://maps.google.com/?cid=17836181822390207936"">Google</a>",,,"<a href=""https://untappd.com/Pomologik_swe"">Untappd</a>"
116,2022,---,🥈 Silver,Ramborn Cider Co.,Ramborn S.A.,Ramborn Champ-Perry,---,Luxembourg,2698,"<a href=""https://www.ramborn.com/"">Website</a>","<a href=""https://www.facebook.com/RambornUS/"">Facebook</a>","<a href=""https://www.instagram.com/rambornciderco/"">Instagram</a>","<a href=""https://maps.google.com/?cid=16691194016355154342"">Google</a>",,"<a href=""https://www.tripadvisor.com/Attraction_Review-g206525-d12591209"">TripAdvisor</a>","<a href=""https://untappd.com/Ramborn"">Untappd</a>"
117,2022,---,🥈 Silver,Sabiles Sidrs,Sabiles Sidrs,Gardener's Craft Cider - Apple & Quince Sweet,---,Latvia,2364,"<a href=""https://www.gardeners.lv/"">Website</a>","<a href=""https://www.facebook.com/sabiles.sidrs/"">Facebook</a>","<a href=""https://www.instagram.com/sabiles.sidrs/"">Instagram</a>","<a href=""https://maps.google.com/?cid=2950487918260459648"">Google</a>",,"<a href=""https://www.tripadvisor.com/Restaurant_Review-g2049841-d14914753"">TripAdvisor</a>","<a href=""https://untappd.com/w/sabiles-sidrs/201189"">Untappd</a>"
118,2022,---,🥈 Silver,Sandalen Gård,Sandalen Gård,Rubisider / Sandalen Gård,---,Norway,3032,"<a href=""https://sandalengard.no/"">Website</a>","<a href=""https://www.facebook.com/sandalengard"">Facebook</a>","<a href=""https://www.instagram.com/sandalengard/"">Instagram</a>","<a href=""https://maps.google.com/?cid=16897274204164201537"">Google</a>",,,"<a href=""https://untappd.com/SandalenGrd"">Untappd</a>"
119,2022,---,🥈 Silver,Sandford Orchards,Sandford Orchards,Sandford Reserve,---,United Kingdom,1243,"<a href=""https://www.sandfordorchards.co.uk/"">Website</a>","<a href=""https://www.facebook.com/sandfordorchards"">Facebook</a>","<a href=""https://www.instagram.com/sandfordorchards/"">Instagram</a>","<a href=""https://maps.google.com/?cid=2784404680033020235"">Google</a>",,"<a href=""https://www.tripadvisor.com/Attraction_Review-g635675-d14758900"">TripAdvisor</a>","<a href=""https://untappd.com/brewery/14080"">Untappd</a>"
120,2022,---,🥈 Silver,Sandford Orchards,Sandford Orchards,The General,---,United Kingdom,1243,"<a href=""https://www.sandfordorchards.co.uk/"">Website</a>","<a href=""https://www.facebook.com/sandfordorchards"">Facebook</a>","<a href=""https://www.instagram.com/sandfordorchards/"">Instagram</a>","<a href=""https://maps.google.com/?cid=2784404680033020235"">Google</a>",,"<a href=""https://www.tripadvisor.com/Attraction_Review-g635675-d14758900"">TripAdvisor</a>","<a href=""https://untappd.com/brewery/14080"">Untappd</a>"
121,2022,---,🥈 Silver,Fjordsider,Sider AS,Fjordsider Frisk Bris,---,Norway,3610,"<a href=""https://www.fjordsider.com/"">Website</a>","<a href=""https://www.facebook.com/Fjordsider/"">Facebook</a>","<a href=""https://www.instagram.com/fjordsider/"">Instagram</a>","<a href=""https://maps.google.com/?cid=11022661392898708428"">Google</a>",,,"<a href=""https://untappd.com/w/fjordsider-sider-as/448484"">Untappd</a>"
122,2022,---,🥈 Silver,Fjordsider,Sider AS,Fjordsider Nordvest,---,Norway,3610,"<a href=""https://www.fjordsider.com/"">Website</a>","<a href=""https://www.facebook.com/Fjordsider/"">Facebook</a>","<a href=""https://www.instagram.com/fjordsider/"">Instagram</a>","<a href=""https://maps.google.com/?cid=11022661392898708428"">Google</a>",,,"<a href=""https://untappd.com/w/fjordsider-sider-as/448484"">Untappd</a>"
123,2022,---,🥈 Silver,Fjordsider,Sider AS,Fjordsider Tind,---,Norway,3610,"<a href=""https://www.fjordsider.com/"">Website</a>","<a href=""https://www.facebook.com/Fjordsider/"">Facebook</a>","<a href=""https://www.instagram.com/fjordsider/"">Instagram</a>","<a href=""https://maps.google.com/?cid=11022661392898708428"">Google</a>",,,"<a href=""https://untappd.com/w/fjordsider-sider-as/448484"">Untappd</a>"
124,2022,---,🥈 Silver,Sidra Cortina,SIDRA CORTINA,VILLACUBERA,---,Spain,1472,"<a href=""https://www.sidracortina.com/"">Website</a>","<a href=""https://www.facebook.com/sidracortina/"">Facebook</a>","<a href=""https://instagram.com/sidracortina"">Instagram</a>","<a href=""https://maps.google.com/?cid=14248814769091122504"">Google</a>",,"<a href=""https://www.tripadvisor.com/Restaurant_Review-g19842666-d985244"">TripAdvisor</a>","<a href=""https://untappd.com/w/sidra-cortina-coro/50162"">Untappd</a>"
125,2022,---,🥈 Silver,Sidra Somarroza,Sidra Somarroza,Biter Bio Somarroza,---,Spain,1921,"<a href=""https://sidrasomarroza.es/"">Website</a>","<a href=""https://www.facebook.com/sidrasomarroza"">Facebook</a>","<a href=""https://www.instagram.com/sidrasomarroza/"">Instagram</a>","<a href=""https://maps.google.com/?cid=7109045394192195825"">Google</a>",,,"<a href=""https://untappd.com/w/somarroza/147830"">Untappd</a>"
126,2022,---,🥈 Silver,Lagar de Valleseco,sidras el lagar de Valleseco,sidra el lagar de Valleseco,---,Spain,3083,,"<a href=""https://www.facebook.com/sidralagardevalleseco/"">Facebook</a>",,"<a href=""https://maps.google.com/?cid=6485664555068943913"">Google</a>",,,"<a href=""https://untappd.com/w/angel-dominguez-ponce/511926"">Untappd</a>"
127,2022,---,🥈 Silver,R. Zabala,SIDRERIA R.ZABALA,R.80 Sagardoa,---,Spain,1424,"<a href=""https://www.rzabala.com/"">Website</a>","<a href=""https://www.facebook.com/zabalasagardotegia"">Facebook</a>","<a href=""https://www.instagram.com/zabalasagardotegia/"">Instagram</a>","<a href=""https://maps.google.com/?cid=5479255229461192336"">Google</a>",,"<a href=""https://www.tripadvisor.com/Restaurant_Review-g2578771-d9821714"">TripAdvisor</a>","<a href=""https://untappd.com/w/r-zabala/186717"">Untappd</a>"
128,2022,---,🥈 Silver,Skarbø Gard,Skarbø Gard,Skarbø Sider Glød,---,Norway,3034,"<a href=""https://skarbogard.no/"">Website</a>","<a href=""https://www.facebook.com/skarbogard/"">Facebook</a>","<a href=""https://www.instagram.com/skarbogard/"">Instagram</a>","<a href=""https://maps.google.com/?cid=8459681002301363731"">Google</a>",,,"<a href=""https://untappd.com/w/skarbo-gard/467871"">Untappd</a>"
129,2022,---,🥈 Silver,Skarbø Gard,Skarbø Gard,Skarbø Sider Gravenstein,---,Norway,3034,"<a href=""https://skarbogard.no/"">Website</a>","<a href=""https://www.facebook.com/skarbogard/"">Facebook</a>","<a href=""https://www.instagram.com/skarbogard/"">Instagram</a>","<a href=""https://maps.google.com/?cid=8459681002301363731"">Google</a>",,,"<a href=""https://untappd.com/w/skarbo-gard/467871"">Untappd</a>"
130,2022,---,🥈 Silver,Solhøi Cider,Solhøi Cider,Ildkvede 2021,---,Norway,3611,"<a href=""https://solhoicider.com/"">Website</a>","<a href=""https://www.facebook.com/solhoicider"">Facebook</a>","<a href=""https://www.instagram.com/solhoi_cider"">Instagram</a>",,,,"<a href=""https://untappd.com/w/solha-i-cidery/342346"">Untappd</a>"
131,2022,---,🥈 Silver,Spildegarden,Spildegarden,Spilde Raud,---,Norway,3380,"<a href=""https://www.spildegarden.no/"">Website</a>",,"<a href=""https://www.instagram.com/spildegarden/"">Instagram</a>","<a href=""https://maps.google.com/?cid=4799684362834917258"">Google</a>",,"<a href=""https://www.tripadvisor.com/Restaurant_Review-g2192406-d23563716"">TripAdvisor</a>","<a href=""https://untappd.com/w/spildegarden/396091"">Untappd</a>"
132,2022,---,🥈 Silver,Stadin Panimo,Stadin Panimo,White Grape Apple Cider,---,Finland,3618,"<a href=""https://www.stadinpanimo.fi/"">Website</a>","<a href=""https://www.facebook.com/StadinPanimo"">Facebook</a>","<a href=""https://www.instagram.com/stadinpanimo"">Instagram</a>","<a href=""https://maps.google.com/?cid=4420530638990962143"">Google</a>","<a href=""https://www.yelp.com/biz/stadin-panimo-helsinki"">Yelp</a>","<a href=""https://www.tripadvisor.com/Attraction_Review-g189934-d8592069"">TripAdvisor</a>","<a href=""https://untappd.com/stadinpanimo"">Untappd</a>"
133,2022,---,🥈 Silver,Store Naa Siderkompani,Store Naa Siderkompani,57/2 - Brudeferd,---,Norway,2604,"<a href=""https://www.storenaasiderkompani.com/"">Website</a>","<a href=""https://www.facebook.com/Storenaasiderkompani/"">Facebook</a>","<a href=""https://www.instagram.com/storenaasiderkompani/"">Instagram</a>","<a href=""https://maps.google.com/?cid=15254622508133860404"">Google</a>",,,"<a href=""https://untappd.com/w/store-naa-siderkompani/442862"">Untappd</a>"
134,2022,---,🥈 Silver,Fjordfolk Mikrobryggeri,Tall Ship Craft Cider / Fjordfolk Mikrobryggeri,Tall Ship Craft Cider Kingston Black,---,Norway,1884,"<a href=""https://www.fjordfolkbrygg.no/"">Website</a>","<a href=""https://www.facebook.com/fjordfolkbrygg/"">Facebook</a>","<a href=""https://www.instagram.com/tallship_cider/"">Instagram</a>","<a href=""https://maps.google.com/?cid=13187877260143472555"">Google</a>","<a href=""https://www.yelp.com/biz/fjordfolk-mikrobryggeri-sandefjord"">Yelp</a>",,"<a href=""https://untappd.com/Fjordfolk"">Untappd</a>"
135,2022,---,🥈 Silver,Tingvoll Sider,Tingvoll Sider AS,Strupstadsider,---,Norway,3035,"<a href=""https://www.tingvollsider.no/"">Website</a>","<a href=""https://www.facebook.com/Strupstadgarden/"">Facebook</a>","<a href=""https://www.instagram.com/strupstadgarden/"">Instagram</a>","<a href=""https://maps.google.com/?cid=10928261412136517481"">Google</a>",,,"<a href=""https://untappd.com/w/strupstad-tingvoll-sider/534933"">Untappd</a>"
136,2022,---,🥈 Silver,Sidra El Gaitero,"VALLE, BALLINA Y FERNANDEZ SA",POMARINA BRUT,---,Spain,1314,"<a href=""https://www.sidraelgaitero.com/"">Website</a>","<a href=""https://www.facebook.com/grupoelgaitero"">Facebook</a>","<a href=""https://www.instagram.com/grupoelgaitero/"">Instagram</a>","<a href=""https://maps.google.com/?cid=15753532318992345137"">Google</a>",,"<a href=""https://www.tripadvisor.com/Attraction_Review-g608997-d3239389"">TripAdvisor</a>","<a href=""https://untappd.com/brewery/4266"">Untappd</a>"
137,2022,---,🥈 Silver,Zapiain,Zapiain,Bizi Goxo 2017,---,Spain,1172,"<a href=""https://zapiain.eus/"">Website</a>","<a href=""https://www.facebook.com/zapiainsagardoa"">Facebook</a>","<a href=""https://www.instagram.com/zapiainsagardoa/"">Instagram</a>","<a href=""https://maps.google.com/?cid=16982677267877188990"">Google</a>",,"<a href=""https://www.tripadvisor.com/Restaurant_Review-g1064182-d3806229"">TripAdvisor</a>","<a href=""https://untappd.com/ZapiainSagardoa"">Untappd</a>"
138,2022,---,🥉 Bronze,Aga Sideri,Aga sideri,Lagmann Sider,---,Norway,2605,"<a href=""https://www.agasideri.no/"">Website</a>","<a href=""https://www.facebook.com/agasideri/"">Facebook</a>","<a href=""https://www.instagram.com/agasideri/"">Instagram</a>","<a href=""https://maps.google.com/?cid=13763004362793346500"">Google</a>",,"<a href=""https://www.tripadvisor.com/Attraction_Review-g2347995-d18177720"">TripAdvisor</a>","<a href=""https://untappd.com/w/aga-sideri/405076"">Untappd</a>"
139,2022,---,🥉 Bronze,Anikonic,Anikonic AS,Aronia,---,Norway,3168,"<a href=""https://www.anikonic.no/"">Website</a>","<a href=""https://www.facebook.com/anikonicdrinks"">Facebook</a>","<a href=""https://www.instagram.com/anikonic_drinks/"">Instagram</a>",,,,"<a href=""https://untappd.com/w/anikonic/543805"">Untappd</a>"
140,2022,---,🥉 Bronze,Artifact Cider Project,Artifact Cider Project,Long Way Back,---,United States,99,"<a href=""http://www.artifactcider.com/"">Website</a>","<a href=""https://www.facebook.com/artifactcider/"">Facebook</a>","<a href=""https://www.instagram.com/artifactcider/"">Instagram</a>",,,,"<a href=""https://untappd.com/w/artifact-cider-project/135898"">Untappd</a>"
141,2022,---,🥉 Bronze,Gurutzeta,ASTIGARRAGAKO GURUTZETA,Sagardoa Gurutzeta Euskal Sagardoa Bio,---,Spain,1170,"<a href=""https://www.gurutzeta.com/"">Website</a>","<a href=""https://www.facebook.com/profile.php?id=100063653015548"">Facebook</a>","<a href=""https://www.instagram.com/gurutzeta_sagar/"">Instagram</a>","<a href=""https://maps.google.com/?cid=3267815348998464054"">Google</a>",,"<a href=""https://www.tripadvisor.com/Restaurant_Review-g1064182-d3915865"">TripAdvisor</a>","<a href=""https://untappd.com/w/gurutzeta-sagardotegia/249476"">Untappd</a>"
142,2022,---,🥉 Bronze,Ciderhuset Balholm,Balholm,Balholm Handverkcider med bær,---,Norway,1534,"<a href=""https://www.ciderhuset.no/"">Website</a>","<a href=""https://www.facebook.com/ciderhuset"">Facebook</a>","<a href=""https://www.instagram.com/ciderhuset/"">Instagram</a>","<a href=""https://maps.google.com/?cid=12671775028436675444"">Google</a>","<a href=""https://www.yelp.com/biz/ciderhuset-balestrand"">Yelp</a>","<a href=""https://www.tripadvisor.com/Restaurant_Review-g616211-d1991697"">TripAdvisor</a>","<a href=""https://untappd.com/w/ciderhuset-balholm/64016"">Untappd</a>"
143,2022,---,🥉 Bronze,Bizio,BIZIO,Zelaia,---,Spain,2751,,"<a href=""https://www.facebook.com/bizio.eus/"">Facebook</a>","<a href=""https://www.instagram.com/bizio.eus/"">Instagram</a>","<a href=""https://maps.google.com/?cid=10634023042683294263"">Google</a>",,,"<a href=""https://untappd.com/w/bizio/517614"">Untappd</a>"
144,2022,---,🥉 Bronze,Bjerregaarden,Bjerregaarden,"Cider: Grahams Royal, Lord Lambourne & Sommerset redstreak",---,Denmark,3003,"<a href=""https://www.bjerregaarden.dk/"">Website</a>",,"<a href=""https://www.instagram.com/bjerregaarden.dk/"">Instagram</a>","<a href=""https://maps.google.com/?cid=11442622936547961461"">Google</a>",,,
145,2022,---,🥉 Bronze,Skjolden Sideri,Bolstad Neverdal Fruktgard,Skjolden Sideri,---,Norway,2806,,"<a href=""https://www.facebook.com/BolstadNeverdalFruktgard"">Facebook</a>","<a href=""https://www.instagram.com/skjoldensideri/"">Instagram</a>","<a href=""https://maps.google.com/?cid=8996713303995231318"">Google</a>",,,
146,2022,---,🥉 Bronze,Bringebærlandet,Bringebærlandet Andersen,Bringebærlandets Dessertvin 2020,---,Norway,3609,"<a href=""https://bringebarlandet.no/"">Website</a>","<a href=""https://www.facebook.com/Bringebaerlandet/"">Facebook</a>","<a href=""https://www.instagram.com/buhagen_/"">Instagram</a>","<a href=""https://maps.google.com/?cid=4598585383797969331"">Google</a>",,,"<a href=""https://untappd.com/w/bringebaerlandet/452149"">Untappd</a>"
147,2022,---,🥉 Bronze,Brinkhall Sparkling,Brinkhall Sparkling Oy,Baski,---,Finland,1917,"<a href=""https://bsp.fi/"">Website</a>","<a href=""https://www.facebook.com/brinkhalls"">Facebook</a>","<a href=""https://www.instagram.com/brinkhallsparkling/"">Instagram</a>","<a href=""https://maps.google.com/?cid=10856204128601037922"">Google</a>",,,"<a href=""https://untappd.com/BrinkhallSparkling"">Untappd</a>"
148,2022,---,🥉 Bronze,Brinkhall Sparkling,Brinkhall Sparkling Oy,Kuura Ice 2018,---,Finland,1917,"<a href=""https://bsp.fi/"">Website</a>","<a href=""https://www.facebook.com/brinkhalls"">Facebook</a>","<a href=""https://www.instagram.com/brinkhallsparkling/"">Instagram</a>","<a href=""https://maps.google.com/?cid=10856204128601037922"">Google</a>",,,"<a href=""https://untappd.com/BrinkhallSparkling"">Untappd</a>"
149,2022,---,🥉 Bronze,Bugarden,Bugarden,Balian,---,Norway,3004,"<a href=""https://www.bugarden.no/"">Website</a>",,,,,,"<a href=""https://untappd.com/w/bugarden/556870"">Untappd</a>"
150,2022,---,🥉 Bronze,Cascina Danesa,Cascina Danesa,Sidro di mele fermo,---,Italy,1511,"<a href=""http://www.cascinadanesa.com/"">Website</a>",,,"<a href=""https://maps.google.com/?cid=9650299321108487107"">Google</a>",,,"<a href=""https://untappd.com/w/cascina-danesa/87042"">Untappd</a>"
151,2022,---,🥉 Bronze,Domaine Dupont,Domaine Familil Louis Dupont,Dupont Cidre Triple,---,France,1149,"<a href=""https://www.calvados-dupont.com/"">Website</a>","<a href=""https://www.facebook.com/calvados.dupont/"">Facebook</a>","<a href=""https://www.instagram.com/domaine_dupont/"">Instagram</a>","<a href=""https://maps.google.com/?cid=4283975466429458280"">Google</a>","<a href=""https://www.yelp.com/biz/domaine-familial-louis-dupont-victot-pontfol"">Yelp</a>","<a href=""https://www.tripadvisor.com/Attraction_Review-g3419860-d2344452"">TripAdvisor</a>","<a href=""https://untappd.com/brewery/4744"">Untappd</a>"
152,2022,---,🥉 Bronze,Dyre Gård,Dyre Gård v/ Hans Olav Bjerketvedt,Økologisk Eplecider av Santana Eple 2020,---,Norway,3612,"<a href=""https://www.dyregaard.no/"">Website</a>","<a href=""https://www.facebook.com/dyregaard.no/"">Facebook</a>","<a href=""https://www.instagram.com/dyregaardeplegarden/"">Instagram</a>","<a href=""https://maps.google.com/?cid=7586458171029000349"">Google</a>",,,"<a href=""https://untappd.com/w/dyre-gard/503401"">Untappd</a>"
153,2022,---,🥉 Bronze,Dyre Gård,Dyre Gård v/ Hans Olav Bjerketvedt,Økologisk Eplecider av Santana Eple 2021,---,Norway,3612,"<a href=""https://www.dyregaard.no/"">Website</a>","<a href=""https://www.facebook.com/dyregaard.no/"">Facebook</a>","<a href=""https://www.instagram.com/dyregaardeplegarden/"">Instagram</a>","<a href=""https://maps.google.com/?cid=7586458171029000349"">Google</a>",,,"<a href=""https://untappd.com/w/dyre-gard/503401"">Untappd</a>"
154,2022,---,🥉 Bronze,Eiane Gard,Eiane Gard,FYNDIG,---,Norway,3008,"<a href=""https://www.eianegard.no/"">Website</a>","<a href=""https://www.facebook.com/eianegard"">Facebook</a>","<a href=""https://www.instagram.com/eianegard/"">Instagram</a>","<a href=""https://maps.google.com/?cid=13089067596466030259"">Google</a>",,,"<a href=""https://untappd.com/eianegard"">Untappd</a>"
155,2022,---,🥉 Bronze,Gardsbrenneriet,Gardsbrenneriet,Attåt sider plomme og eple,---,Norway,3613,"<a href=""https://gardsbrenneriet.no/"">Website</a>","<a href=""https://www.facebook.com/gardsbrenneriet/"">Facebook</a>","<a href=""https://www.instagram.com/gardsbrenneriet/"">Instagram</a>","<a href=""https://maps.google.com/?cid=6218688572622832760"">Google</a>",,,"<a href=""https://untappd.com/w/gardsbrenneriet/533485"">Untappd</a>"
156,2022,---,🥉 Bronze,Grubbestad Gård,Grubbestad Gård,Grubbestad Gård AS musserende av bringebær,---,Norway,3614,"<a href=""https://grubbestadgard.no/"">Website</a>","<a href=""https://www.facebook.com/profile.php?id=100076297912277"">Facebook</a>","<a href=""https://www.instagram.com/grubbestad.gard/"">Instagram</a>","<a href=""https://maps.google.com/?cid=711772133025183468"">Google</a>",,,
157,2022,---,🥉 Bronze,Hallonmäen Siideripanimo,Hallonmäen Siideripanimo Oy,HALLON,---,Finland,3016,"<a href=""https://www.hallonmaki.fi/"">Website</a>","<a href=""https://www.facebook.com/hallonmaensiideri"">Facebook</a>","<a href=""https://www.instagram.com/hallonmaensiideri/"">Instagram</a>","<a href=""https://maps.google.com/?cid=2891804469448665239"">Google</a>",,,"<a href=""https://untappd.com/HallonmaenSiideripanimoOy"">Untappd</a>"
158,2022,---,🥉 Bronze,Hallvard Sørheim Evjestad,Hallvard Sørheim Evjestad,Bringebærvin frå Lyster Fruktvin,---,Norway,3615,,,,,,,
159,2022,---,🥉 Bronze,Lepaan Viinitila,Hämeen ammatti-instituutti,Kollin Poika 2021,---,Finland,3009,"<a href=""https://hami.fi/lepaan-viinitila/"">Website</a>","<a href=""https://www.facebook.com/lepaanviinitila"">Facebook</a>","<a href=""https://www.instagram.com/lepaan_viinitila/"">Instagram</a>","<a href=""https://maps.google.com/?cid=7138449627274189739"">Google</a>",,"<a href=""https://www.tripadvisor.com/Attraction_Review-g798740-d12031727"">TripAdvisor</a>","<a href=""https://untappd.com/w/lepaan-viinitila/79175"">Untappd</a>"
160,2022,---,🥉 Bronze,Lepaan Viinitila,Hämeen ammatti-instituutti,Pärry,---,Finland,3009,"<a href=""https://hami.fi/lepaan-viinitila/"">Website</a>","<a href=""https://www.facebook.com/lepaanviinitila"">Facebook</a>","<a href=""https://www.instagram.com/lepaan_viinitila/"">Instagram</a>","<a href=""https://maps.google.com/?cid=7138449627274189739"">Google</a>",,"<a href=""https://www.tripadvisor.com/Attraction_Review-g798740-d12031727"">TripAdvisor</a>","<a href=""https://untappd.com/w/lepaan-viinitila/79175"">Untappd</a>"
161,2022,---,🥉 Bronze,Hardanger Saft og Siderfabrikk,Hardanger Saft og Siderfabrikk AS,Hardangersider Dronning,---,Norway,3010,"<a href=""https://hardangersider.no/"">Website</a>","<a href=""https://www.facebook.com/HardangerSaftogSiderfabrikk/"">Facebook</a>","<a href=""https://www.instagram.com/hardangersaftogsiderfabrikk/"">Instagram</a>","<a href=""https://maps.google.com/?cid=12869878933054305699"">Google</a>",,"<a href=""https://www.tripadvisor.com/Attraction_Review-g7159542-d4893441"">TripAdvisor</a>","<a href=""https://untappd.com/w/hardanger-saft-og-siderfabrikk/42913"">Untappd</a>"
162,2022,---,🥉 Bronze,Hardanger Saft og Siderfabrikk,Hardanger Saft og Siderfabrikk AS,Hardangersider Tørr,---,Norway,3010,"<a href=""https://hardangersider.no/"">Website</a>","<a href=""https://www.facebook.com/HardangerSaftogSiderfabrikk/"">Facebook</a>","<a href=""https://www.instagram.com/hardangersaftogsiderfabrikk/"">Instagram</a>","<a href=""https://maps.google.com/?cid=12869878933054305699"">Google</a>",,"<a href=""https://www.tripadvisor.com/Attraction_Review-g7159542-d4893441"">TripAdvisor</a>","<a href=""https://untappd.com/w/hardanger-saft-og-siderfabrikk/42913"">Untappd</a>"
163,2022,---,🥉 Bronze,Harding Økologiske Sideri,Harding Økologiske Sideri,Harding Uten Filter,---,Norway,1415,"<a href=""https://www.hardingsideri.no/"">Website</a>","<a href=""https://www.facebook.com/HardingSideri"">Facebook</a>","<a href=""https://www.instagram.com/hardingsideri/"">Instagram</a>","<a href=""https://maps.google.com/?cid=12919577292319496906"">Google</a>",,,"<a href=""https://untappd.com/HardingSideri"">Untappd</a>"
164,2022,---,🥉 Bronze,Helleland Gard,HELLELAND GARD,Heldre Summerred,---,Norway,3269,"<a href=""https://www.hellelandgard.no/"">Website</a>","<a href=""https://www.facebook.com/hellelandgard/"">Facebook</a>","<a href=""https://www.instagram.com/heldresider/"">Instagram</a>","<a href=""https://maps.google.com/?cid=16525259240171377871"">Google</a>",,,"<a href=""https://untappd.com/w/helleland-gard-heldre-sider/377451"">Untappd</a>"
165,2022,---,🥉 Bronze,Apfelweinhandlung JB,Janus Becker Verkaufsförderungsgesellschaft mbH,JB German Cider 2021,---,Germany,3605,"<a href=""https://www.apfelweinhandlung.de/"">Website</a>","<a href=""https://www.facebook.com/janusbecker/"">Facebook</a>","<a href=""https://www.instagram.com/apfelweinhandlung/"">Instagram</a>","<a href=""https://maps.google.com/?cid=4042602811831238709"">Google</a>","<a href=""https://www.yelp.com/biz/apfelweinhandlung-jb-frankfurt-am-main-2"">Yelp</a>",,"<a href=""https://untappd.com/w/apfelweinhandlung-janus-becker/213578"">Untappd</a>"
166,2022,---,🥉 Bronze,Kvestad Sideri,Kvestad Sideri AS,1808,---,Norway,2545,"<a href=""https://www.kvestadsideri.no/"">Website</a>","<a href=""https://www.facebook.com/kvestadsideri/"">Facebook</a>","<a href=""https://www.instagram.com/kvestadsideri/"">Instagram</a>","<a href=""https://maps.google.com/?cid=16077910184660188927"">Google</a>",,,"<a href=""https://untappd.com/w/kvestad-sideri/457055"">Untappd</a>"
167,2022,---,🥉 Bronze,Kvestad Sideri,Kvestad Sideri AS,Anno,---,Norway,2545,"<a href=""https://www.kvestadsideri.no/"">Website</a>","<a href=""https://www.facebook.com/kvestadsideri/"">Facebook</a>","<a href=""https://www.instagram.com/kvestadsideri/"">Instagram</a>","<a href=""https://maps.google.com/?cid=16077910184660188927"">Google</a>",,,"<a href=""https://untappd.com/w/kvestad-sideri/457055"">Untappd</a>"
168,2022,---,🥉 Bronze,Lien Gård,Lien Gård,Livlig Eplesider Lagret På Eikefat,---,Norway,3017,"<a href=""https://www.liengard-telemark.no/"">Website</a>","<a href=""https://www.facebook.com/lien3812Akkerhaugen/"">Facebook</a>","<a href=""https://www.instagram.com/lien_gard_telemark"">Instagram</a>","<a href=""https://maps.google.com/?cid=9873512223911132771"">Google</a>",,,"<a href=""https://untappd.com/LienGrd"">Untappd</a>"
169,2022,---,🥉 Bronze,Lingebakken,Lingebakken,Bakkesider,---,Norway,3018,"<a href=""https://www.lingebakken.no/"">Website</a>","<a href=""https://www.facebook.com/Lingebakkenfrukt/"">Facebook</a>","<a href=""https://www.instagram.com/lingebakken"">Instagram</a>","<a href=""https://maps.google.com/?cid=10220638985890464265"">Google</a>",,,"<a href=""https://untappd.com/w/lingebakken/519896"">Untappd</a>"
170,2022,---,🥉 Bronze,Lingebakken,Lingebakken,Polisång,---,Norway,3018,"<a href=""https://www.lingebakken.no/"">Website</a>","<a href=""https://www.facebook.com/Lingebakkenfrukt/"">Facebook</a>","<a href=""https://www.instagram.com/lingebakken"">Instagram</a>","<a href=""https://maps.google.com/?cid=10220638985890464265"">Google</a>",,,"<a href=""https://untappd.com/w/lingebakken/519896"">Untappd</a>"
171,2022,---,🥉 Bronze,Little Pomona,Little Pomona,Little Pomona - Tiny Dancer 2020,---,United Kingdom,1880,"<a href=""https://littlepomona.com/"">Website</a>","<a href=""https://www.facebook.com/LittlePomona/"">Facebook</a>","<a href=""https://www.instagram.com/littlepomona/"">Instagram</a>","<a href=""https://maps.google.com/?cid=1246096540068808621"">Google</a>",,"<a href=""https://www.tripadvisor.com/Attraction_Review-g503860-d24036981"">TripAdvisor</a>","<a href=""https://untappd.com/w/little-pomona/328882"">Untappd</a>"
172,2022,---,🥉 Bronze,Lofthus Sideri,Lofthus sideri,Fjåg,---,Norway,3033,"<a href=""https://www.lofthus-sideri.no/"">Website</a>","<a href=""https://www.facebook.com/lofthussideri"">Facebook</a>","<a href=""https://www.instagram.com/lofthussideri/"">Instagram</a>","<a href=""https://maps.google.com/?cid=4261867360833684799"">Google</a>",,,"<a href=""https://untappd.com/w/lofthus-sideri/499732"">Untappd</a>"
173,2022,---,🥉 Bronze,Livebarrels,Megaditta,Livebarrels Sidrera Barrel Aged,---,Italy,2819,"<a href=""https://livebarrels.com/"">Website</a>","<a href=""https://www.facebook.com/Livebarrels/"">Facebook</a>","<a href=""https://www.instagram.com/livebarrels/"">Instagram</a>","<a href=""https://maps.google.com/?cid=9299854013679442564"">Google</a>",,,"<a href=""https://untappd.com/Livebarrels"">Untappd</a>"
174,2022,---,🥉 Bronze,Mr. Plūme,Mr.Plume Cidery,"WILD pet-nat cider, Mr. Plūme sidra darītava",---,Latvia,2073,"<a href=""https://www.mrplume.lv/"">Website</a>","<a href=""https://www.facebook.com/mrplumesidrs"">Facebook</a>","<a href=""https://www.instagram.com/mrplume_sidrs/"">Instagram</a>","<a href=""https://maps.google.com/?cid=9319841841199759114"">Google</a>",,,"<a href=""https://untappd.com/w/mr-plume/332485"">Untappd</a>"
175,2022,---,🥉 Bronze,Mūrbūdu,Mūrbūdu Cider,Semi-dry cider,---,Latvia,2167,"<a href=""https://www.nenormalssidrs.lv/"">Website</a>","<a href=""https://www.facebook.com/murbudu/"">Facebook</a>","<a href=""https://www.instagram.com/murbudu_sidrs/"">Instagram</a>","<a href=""https://maps.google.com/?cid=15847061061259139900"">Google</a>",,,"<a href=""https://untappd.com/MurbuduSidraDaritava"">Untappd</a>"
176,2022,---,🥉 Bronze,Nerø Frukt og Sider,NeRø Frukt og Sider,NeRø Issider,---,Norway,2606,"<a href=""https://www.nerofrukt.no/"">Website</a>","<a href=""https://www.facebook.com/people/NeR%C3%B8-Frukt-og-Sider/100070115946607/"">Facebook</a>","<a href=""https://www.instagram.com/nerofrukt/"">Instagram</a>","<a href=""https://maps.google.com/?cid=2060180241711172985"">Google</a>",,,"<a href=""https://untappd.com/w/nero-frukt-og-sider/467847"">Untappd</a>"
177,2022,---,🥉 Bronze,Nerø Frukt og Sider,NeRø Frukt og Sider,Vill & Villig,---,Norway,2606,"<a href=""https://www.nerofrukt.no/"">Website</a>","<a href=""https://www.facebook.com/people/NeR%C3%B8-Frukt-og-Sider/100070115946607/"">Facebook</a>","<a href=""https://www.instagram.com/nerofrukt/"">Instagram</a>","<a href=""https://maps.google.com/?cid=2060180241711172985"">Google</a>",,,"<a href=""https://untappd.com/w/nero-frukt-og-sider/467847"">Untappd</a>"
178,2022,---,🥉 Bronze,OmCider,OmCider AS,HULDRA,---,Norway,2753,"<a href=""https://omcider.no/"">Website</a>","<a href=""https://www.facebook.com/OmCiderAS/"">Facebook</a>","<a href=""https://www.instagram.com/omcideras/"">Instagram</a>","<a href=""https://maps.google.com/?cid=1800091822223931241"">Google</a>",,,"<a href=""https://untappd.com/w/omcider/492586"">Untappd</a>"
179,2022,---,🥉 Bronze,Paladeus,Paladues - Bonell Hubert,Paladeus 1979,---,Italy,3024,"<a href=""http://www.paladeus.it/"">Website</a>","<a href=""https://www.facebook.com/profile.php?id=100067062071715"">Facebook</a>","<a href=""https://www.instagram.com/paladeus_cider/"">Instagram</a>","<a href=""https://maps.google.com/?cid=8605615739361573597"">Google</a>",,,"<a href=""https://untappd.com/w/paladeus/538622"">Untappd</a>"
180,2022,---,🥉 Bronze,Petritegi,Petritegi,Suhar / Petritegi,---,Spain,1171,"<a href=""https://www.petritegi.com/"">Website</a>","<a href=""https://www.facebook.com/Petritegi/"">Facebook</a>","<a href=""https://www.instagram.com/petritegi"">Instagram</a>","<a href=""https://maps.google.com/?cid=16425101977693923721"">Google</a>","<a href=""https://www.yelp.com/biz/petritegi-astigarraga"">Yelp</a>","<a href=""https://www.tripadvisor.com/Restaurant_Review-g1064182-d2266030"">TripAdvisor</a>","<a href=""https://untappd.com/brewery/51639"">Untappd</a>"
181,2022,---,🥉 Bronze,Villeplet,Rennsjøen - Villeplet,Villeplet Dugnad 2020,---,Norway,3381,,"<a href=""https://www.facebook.com/villeplet"">Facebook</a>","<a href=""https://www.instagram.com/villeplet"">Instagram</a>","<a href=""https://maps.google.com/?cid=8884595754015870578"">Google</a>",,,
182,2022,---,🥉 Bronze,Sabiles Sidrs,Sabiles Sidrs,Gardener's Craft Cider - Apple & Blackcurrant Semi-Dry,---,Latvia,2364,"<a href=""https://www.gardeners.lv/"">Website</a>","<a href=""https://www.facebook.com/sabiles.sidrs/"">Facebook</a>","<a href=""https://www.instagram.com/sabiles.sidrs/"">Instagram</a>","<a href=""https://maps.google.com/?cid=2950487918260459648"">Google</a>",,"<a href=""https://www.tripadvisor.com/Restaurant_Review-g2049841-d14914753"">TripAdvisor</a>","<a href=""https://untappd.com/w/sabiles-sidrs/201189"">Untappd</a>"
183,2022,---,🥉 Bronze,Sent Om Cider,Sent Om cider,Brut 2020,---,Sweden,3616,"<a href=""https://www.sentomcider.com/"">Website</a>",,"<a href=""https://www.instagram.com/sentomcider/"">Instagram</a>",,,,"<a href=""https://untappd.com/w/sent-om-cider/545566"">Untappd</a>"
184,2022,---,🥉 Bronze,Sidra Cortina,SIDRA CORTINA,Cortina Sidra de Hielo,---,Spain,1472,"<a href=""https://www.sidracortina.com/"">Website</a>","<a href=""https://www.facebook.com/sidracortina/"">Facebook</a>","<a href=""https://instagram.com/sidracortina"">Instagram</a>","<a href=""https://maps.google.com/?cid=14248814769091122504"">Google</a>",,"<a href=""https://www.tripadvisor.com/Restaurant_Review-g19842666-d985244"">TripAdvisor</a>","<a href=""https://untappd.com/w/sidra-cortina-coro/50162"">Untappd</a>"
185,2022,---,🥉 Bronze,Aburuza,SIDRAS ABURUZA,Aburuza Euskal Sagardoa,---,Spain,1614,"<a href=""https://www.sidrasaburuza.net/"">Website</a>","<a href=""https://www.facebook.com/sidrasaburuza/"">Facebook</a>","<a href=""https://www.instagram.com/aburuza_sagardotegia/"">Instagram</a>","<a href=""https://maps.google.com/?cid=11790998531102067428"">Google</a>","<a href=""https://www.yelp.com/biz/sidreria-aburuza-caserio-olatza-aduna"">Yelp</a>","<a href=""https://www.tripadvisor.com/Restaurant_Review-g2578771-d7715076"">TripAdvisor</a>","<a href=""https://untappd.com/w/sidreria-aburuza/194775"">Untappd</a>"
186,2022,---,🥉 Bronze,Skarbø Gard,Skarbø Gard,Skarbø Sider Arvegull,---,Norway,3034,"<a href=""https://skarbogard.no/"">Website</a>","<a href=""https://www.facebook.com/skarbogard/"">Facebook</a>","<a href=""https://www.instagram.com/skarbogard/"">Instagram</a>","<a href=""https://maps.google.com/?cid=8459681002301363731"">Google</a>",,,"<a href=""https://untappd.com/w/skarbo-gard/467871"">Untappd</a>"
187,2022,---,🥉 Bronze,Stone Circle Cider,Stone Circle Cider,Small Batch Three Sisters QPC,---,United States,597,"<a href=""http://stonecirclecider.com/"">Website</a>","<a href=""https://www.facebook.com/StoneCircleCider"">Facebook</a>","<a href=""https://www.instagram.com/stonecirclecider"">Instagram</a>","<a href=""https://maps.google.com/?cid=6649334225519073300"">Google</a>","<a href=""https://www.yelp.com/biz/stone-circle-cider-estacada"">Yelp</a>","<a href=""https://www.tripadvisor.com/Attraction_Review-g51861-d19031160"">TripAdvisor</a>","<a href=""https://untappd.com/w/stone-circle-cider/363582"">Untappd</a>"
188,2022,---,🥉 Bronze,Stone Circle Cider,Stone Circle Cider,Small Batch Yarlington Mill,---,United States,597,"<a href=""http://stonecirclecider.com/"">Website</a>","<a href=""https://www.facebook.com/StoneCircleCider"">Facebook</a>","<a href=""https://www.instagram.com/stonecirclecider"">Instagram</a>","<a href=""https://maps.google.com/?cid=6649334225519073300"">Google</a>","<a href=""https://www.yelp.com/biz/stone-circle-cider-estacada"">Yelp</a>","<a href=""https://www.tripadvisor.com/Attraction_Review-g51861-d19031160"">TripAdvisor</a>","<a href=""https://untappd.com/w/stone-circle-cider/363582"">Untappd</a>"
189,2022,---,🥉 Bronze,Tingvoll Sider,Tingvoll Sider AS,Gammel-Nesje,---,Norway,3035,"<a href=""https://www.tingvollsider.no/"">Website</a>","<a href=""https://www.facebook.com/Strupstadgarden/"">Facebook</a>","<a href=""https://www.instagram.com/strupstadgarden/"">Instagram</a>","<a href=""https://maps.google.com/?cid=10928261412136517481"">Google</a>",,,"<a href=""https://untappd.com/w/strupstad-tingvoll-sider/534933"">Untappd</a>"
190,2022,---,🥉 Bronze,Turkalnes Muižā,Turkalnes Muižas klēts,Ābolu Sidrs,---,Latvia,2365,"<a href=""https://www.turkalnesmuiza.lv/"">Website</a>","<a href=""https://www.facebook.com/TurkalnesMuiza/"">Facebook</a>","<a href=""https://www.instagram.com/turkalnesmuiza/"">Instagram</a>","<a href=""https://maps.google.com/?cid=14148682490481690589"">Google</a>",,,"<a href=""https://untappd.com/w/turkalnes-muiza/428003"">Untappd</a>"
191,2022,---,🥉 Bronze,Turkalnes Muižā,Turkalnes Muižas klēts,Ābolu-Cidoniju Sidrs,---,Latvia,2365,"<a href=""https://www.turkalnesmuiza.lv/"">Website</a>","<a href=""https://www.facebook.com/TurkalnesMuiza/"">Facebook</a>","<a href=""https://www.instagram.com/turkalnesmuiza/"">Instagram</a>","<a href=""https://maps.google.com/?cid=14148682490481690589"">Google</a>",,,"<a href=""https://untappd.com/w/turkalnes-muiza/428003"">Untappd</a>"
192,2022,---,🥉 Bronze,Turkalnes Muižā,Turkalnes Muižas klēts,Ābolu-Rabarberu Sidrs,---,Latvia,2365,"<a href=""https://www.turkalnesmuiza.lv/"">Website</a>","<a href=""https://www.facebook.com/TurkalnesMuiza/"">Facebook</a>","<a href=""https://www.instagram.com/turkalnesmuiza/"">Instagram</a>","<a href=""https://maps.google.com/?cid=14148682490481690589"">Google</a>",,,"<a href=""https://untappd.com/w/turkalnes-muiza/428003"">Untappd</a>"
193,2022,---,🥉 Bronze,Ulvik Frukt & Cideri,Ulvik Frukt & Cideri,Hylleblomsider,---,Norway,1414,"<a href=""http://www.hakastadsider.no/"">Website</a>","<a href=""https://www.facebook.com/pages/Ulvik-Frukt-Cideri/191311970916027"">Facebook</a>",,"<a href=""https://maps.google.com/?cid=8381380851022975775"">Google</a>",,,"<a href=""https://untappd.com/brewery/60198"">Untappd</a>"
194,2022,---,🥉 Bronze,Ulvik Frukt & Cideri,Ulvik Frukt & Cideri,Sider frå Hardanger - Tradisjon,---,Norway,1414,"<a href=""http://www.hakastadsider.no/"">Website</a>","<a href=""https://www.facebook.com/pages/Ulvik-Frukt-Cideri/191311970916027"">Facebook</a>",,"<a href=""https://maps.google.com/?cid=8381380851022975775"">Google</a>",,,"<a href=""https://untappd.com/brewery/60198"">Untappd</a>"
195,2022,---,🥉 Bronze,---,---,Gravenstein,---,Norway,X,,,,,,,
196,2022,---,🥉 Bronze,Abuls,Urtica (Abuls cidery),Naturālists / Abuls,---,Latvia,2361,"<a href=""https://www.abuls.lv/"">Website</a>","<a href=""https://www.facebook.com/sidrsAbuls/"">Facebook</a>","<a href=""https://www.instagram.com/abuls_sidrs/"">Instagram</a>","<a href=""https://maps.google.com/?cid=12371654123090416644"">Google</a>",,,"<a href=""https://untappd.com/Abuls"">Untappd</a>"
197,2022,---,🥉 Bronze,Sidra El Gaitero,"VALLE, BALLINA Y FERNANDEZ SA",SPRING CIDER APPLE + GRAPE,---,Spain,1314,"<a href=""https://www.sidraelgaitero.com/"">Website</a>","<a href=""https://www.facebook.com/grupoelgaitero"">Facebook</a>","<a href=""https://www.instagram.com/grupoelgaitero/"">Instagram</a>","<a href=""https://maps.google.com/?cid=15753532318992345137"">Google</a>",,"<a href=""https://www.tripadvisor.com/Attraction_Review-g608997-d3239389"">TripAdvisor</a>","<a href=""https://untappd.com/brewery/4266"">Untappd</a>"
198,2023,Acid Dominant,🏆 Winner,Rudenstams Bär & Frukt,Rudenstams Bär & Frukt,Rudu Cider (22-17),92.7,Sweden,2995,"<a href=""https://rudenstam.se/"">Website</a>","<a href=""https://www.facebook.com/rudenstamsgardsbutik"">Facebook</a>","<a href=""https://www.instagram.com/rudenstams/"">Instagram</a>","<a href=""https://maps.google.com/?cid=9422723088440708292"">Google</a>",,"<a href=""https://www.tripadvisor.com/Attraction_Review-g226899-d4590738"">TripAdvisor</a>","<a href=""https://untappd.com/w/rudenstams-bar-frukt/105066"">Untappd</a>"
199,2023,Acid Dominant,🥇 Gold,Kühbrein Most,Kühbrein Most,KuhbreinMost Champagner Renette,91.9,Austria,2396,"<a href=""https://www.kuehbreinmost.at/"">Website</a>","<a href=""https://www.facebook.com/KuhbreinMost/"">Facebook</a>","<a href=""https://www.instagram.com/kuehbrein__/"">Instagram</a>","<a href=""https://maps.google.com/?cid=6347288815375920345"">Google</a>",,,"<a href=""https://untappd.com/w/k-hbrein/425089"">Untappd</a>"
200,2023,Acid Dominant,🥇 Gold,Lofthus Ekspedisjon,Lofthus Ekspedisjon,Gaum,91.6,Norway,2766,"<a href=""https://lofthusekspedisjon.no/"">Website</a>","<a href=""https://www.facebook.com/ekspedisjonlofthus/"">Facebook</a>","<a href=""https://www.instagram.com/lofthus_ekspedisjon/"">Instagram</a>","<a href=""https://maps.google.com/?cid=10108744972037075215"">Google</a>",,"<a href=""https://www.tripadvisor.com/Restaurant_Review-g1188596-d23540819"">TripAdvisor</a>","<a href=""https://untappd.com/EkspedisjonenBryggeri"">Untappd</a>"
201,2023,Acid Dominant,🥇 Gold,Amble Gård,Amble Gård,Aroma,90.9,Norway,3000,"<a href=""https://amblegaard.no/"">Website</a>","<a href=""https://www.facebook.com/amblegaard/"">Facebook</a>","<a href=""https://www.instagram.com/amblegaard/"">Instagram</a>","<a href=""https://maps.google.com/?cid=6355481952602453534"">Google</a>",,,"<a href=""https://untappd.com/w/amble-gard/553298"">Untappd</a>"
202,2023,Acid Dominant,🥇 Gold,Fjordfolk Mikrobryggeri,Fjordfolk Mikrobryggeri,Tallship Eple,90.4,Norway,1884,"<a href=""https://www.fjordfolkbrygg.no/"">Website</a>","<a href=""https://www.facebook.com/fjordfolkbrygg/"">Facebook</a>","<a href=""https://www.instagram.com/tallship_cider/"">Instagram</a>","<a href=""https://maps.google.com/?cid=13187877260143472555"">Google</a>","<a href=""https://www.yelp.com/biz/fjordfolk-mikrobryggeri-sandefjord"">Yelp</a>",,"<a href=""https://untappd.com/Fjordfolk"">Untappd</a>"
203,2023,Acid Dominant,🥇 Gold,Skjolden Sideri,Skjolden Sideri,"Edens Hage, Aroma & Gravenstein",90,Norway,2806,,"<a href=""https://www.facebook.com/BolstadNeverdalFruktgard"">Facebook</a>","<a href=""https://www.instagram.com/skjoldensideri/"">Instagram</a>","<a href=""https://maps.google.com/?cid=8996713303995231318"">Google</a>",,,
204,2023,Acid Dominant,🥇 Gold,Sandalen Gård,Sandalen Gård,Experiment X1,89.9,Norway,3032,"<a href=""https://sandalengard.no/"">Website</a>","<a href=""https://www.facebook.com/sandalengard"">Facebook</a>","<a href=""https://www.instagram.com/sandalengard/"">Instagram</a>","<a href=""https://maps.google.com/?cid=16897274204164201537"">Google</a>",,,"<a href=""https://untappd.com/SandalenGrd"">Untappd</a>"
205,2023,Acid Dominant,🥇 Gold,Bauman's Cider,Bauman's Cider,Mountain Rose SV,89.9,United States,118,"<a href=""https://baumanscider.com/"">Website</a>","<a href=""https://www.facebook.com/Baumanscider/"">Facebook</a>","<a href=""https://www.instagram.com/baumanscider/"">Instagram</a>","<a href=""https://maps.google.com/?cid=10038644588886302965"">Google</a>","<a href=""https://www.yelp.com/biz/baumans-farm-and-garden-gervais"">Yelp</a>","<a href=""https://www.tripadvisor.com/Attraction_Review-g51881-d6848567"">TripAdvisor</a>","<a href=""https://untappd.com/w/baumans-cider-company/253872"">Untappd</a>"
206,2023,Acid Dominant,🥇 Gold,Herbsts,Herbsts,Dullais Dauka,89.8,Latvia,2366,"<a href=""https://herbsts.lv/"">Website</a>","<a href=""https://www.facebook.com/herbsts.sidrs/"">Facebook</a>","<a href=""https://www.instagram.com/herbsts.sidrs/"">Instagram</a>",,,,"<a href=""https://untappd.com/HERBSTS"">Untappd</a>"
207,2023,Acid Dominant,🥈 Silver,Harding Økologiske Sideri,Harding Økologiske Sideri,Sprudlande Harding,88.8,Norway,1415,"<a href=""https://www.hardingsideri.no/"">Website</a>","<a href=""https://www.facebook.com/HardingSideri"">Facebook</a>","<a href=""https://www.instagram.com/hardingsideri/"">Instagram</a>","<a href=""https://maps.google.com/?cid=12919577292319496906"">Google</a>",,,"<a href=""https://untappd.com/HardingSideri"">Untappd</a>"
208,2023,Acid Dominant,🥈 Silver,Rudenstams Bär & Frukt,Rudenstams Bär & Frukt,Rudu Cider (22-16),87.5,Sweden,2995,"<a href=""https://rudenstam.se/"">Website</a>","<a href=""https://www.facebook.com/rudenstamsgardsbutik"">Facebook</a>","<a href=""https://www.instagram.com/rudenstams/"">Instagram</a>","<a href=""https://maps.google.com/?cid=9422723088440708292"">Google</a>",,"<a href=""https://www.tripadvisor.com/Attraction_Review-g226899-d4590738"">TripAdvisor</a>","<a href=""https://untappd.com/w/rudenstams-bar-frukt/105066"">Untappd</a>"
209,2023,Acid Dominant,🥈 Silver,Ulvik Frukt & Cideri,Ulvik Frukt & Cideri,Stille Stunder,87.5,Norway,1414,"<a href=""http://www.hakastadsider.no/"">Website</a>","<a href=""https://www.facebook.com/pages/Ulvik-Frukt-Cideri/191311970916027"">Facebook</a>",,"<a href=""https://maps.google.com/?cid=8381380851022975775"">Google</a>",,,"<a href=""https://untappd.com/brewery/60198"">Untappd</a>"
210,2023,Acid Dominant,🥈 Silver,Lepola Drinks,Lepola Drinks,Lepola Medium Dry Apple Cider,87.4,Finland,3015,"<a href=""https://lepoladrinks.fi/"">Website</a>","<a href=""https://www.facebook.com/lepoladrinks/"">Facebook</a>","<a href=""https://www.instagram.com/lepola_drinks/"">Instagram</a>","<a href=""https://maps.google.com/?cid=10912023971262858580"">Google</a>",,,"<a href=""https://untappd.com/w/lepola/401095"">Untappd</a>"
211,2023,Acid Dominant,🥈 Silver,Hardangerbonden,Hardangerbonden,Bonden,87.1,Norway,3011,"<a href=""https://www.hardangerbonden.no/"">Website</a>","<a href=""https://www.facebook.com/Hardangerbonden/"">Facebook</a>","<a href=""https://www.instagram.com/hardangerbonden/"">Instagram</a>","<a href=""https://maps.google.com/?cid=13224629755021668502"">Google</a>",,,"<a href=""https://untappd.com/w/hardangerbonden/496030"">Untappd</a>"
212,2023,Acid Dominant,🥈 Silver,Kühbrein Most,Kühbrein Most,KühbreinMost Ilzer Rosenapfel,87,Austria,2396,"<a href=""https://www.kuehbreinmost.at/"">Website</a>","<a href=""https://www.facebook.com/KuhbreinMost/"">Facebook</a>","<a href=""https://www.instagram.com/kuehbrein__/"">Instagram</a>","<a href=""https://maps.google.com/?cid=6347288815375920345"">Google</a>",,,"<a href=""https://untappd.com/w/k-hbrein/425089"">Untappd</a>"
213,2023,Acid Dominant,🥈 Silver,Nude Cider,Nude Cider,Nude Cider Strong,86.3,Finland,3021,"<a href=""https://www.nudecider.fi/"">Website</a>",,"<a href=""https://www.instagram.com/nude_cider/"">Instagram</a>","<a href=""https://maps.google.com/?cid=590124294754000819"">Google</a>",,,"<a href=""https://untappd.com/3spirit"">Untappd</a>"
214,2023,Acid Dominant,🥈 Silver,Cidérka,Cidérka,Sojka,86.1,Czechia,2760,"<a href=""https://www.ciderka.cz/"">Website</a>","<a href=""https://www.facebook.com/ciderka.cz"">Facebook</a>","<a href=""https://www.instagram.com/ciderka.cz/"">Instagram</a>","<a href=""https://maps.google.com/?cid=4045068491840478725"">Google</a>",,,"<a href=""https://untappd.com/w/ciderka/463341"">Untappd</a>"
215,2023,Acid Dominant,🥈 Silver,Odelsgut,Odelsgut,"Odelsgut ""O""",85.5,Norway,3022,"<a href=""https://www.odelsgut.no/"">Website</a>","<a href=""https://www.facebook.com/odelsgut"">Facebook</a>","<a href=""https://www.instagram.com/odelsgut.no/"">Instagram</a>","<a href=""https://maps.google.com/?cid=17030345032725079712"">Google</a>",,"<a href=""https://www.tripadvisor.com/Attraction_Review-g226929-d25132141"">TripAdvisor</a>","<a href=""https://untappd.com/w/odelsgut/542853"">Untappd</a>"
216,2023,Acid Dominant,🥈 Silver,Kvestad Sideri,Kvestad Sideri,Anno,85.3,Norway,2545,"<a href=""https://www.kvestadsideri.no/"">Website</a>","<a href=""https://www.facebook.com/kvestadsideri/"">Facebook</a>","<a href=""https://www.instagram.com/kvestadsideri/"">Instagram</a>","<a href=""https://maps.google.com/?cid=16077910184660188927"">Google</a>",,,"<a href=""https://untappd.com/w/kvestad-sideri/457055"">Untappd</a>"
217,2023,Acid Dominant,🥈 Silver,Abuls,Abuls,Savvaļā,85.3,Latvia,2361,"<a href=""https://www.abuls.lv/"">Website</a>","<a href=""https://www.facebook.com/sidrsAbuls/"">Facebook</a>","<a href=""https://www.instagram.com/abuls_sidrs/"">Instagram</a>","<a href=""https://maps.google.com/?cid=12371654123090416644"">Google</a>",,,"<a href=""https://untappd.com/Abuls"">Untappd</a>"
218,2023,Acid Dominant,🥈 Silver,Skarbø Gard,Skarbø Gard,Skarbø Sider Gravenstein,84.5,Norway,3034,"<a href=""https://skarbogard.no/"">Website</a>","<a href=""https://www.facebook.com/skarbogard/"">Facebook</a>","<a href=""https://www.instagram.com/skarbogard/"">Instagram</a>","<a href=""https://maps.google.com/?cid=8459681002301363731"">Google</a>",,,"<a href=""https://untappd.com/w/skarbo-gard/467871"">Untappd</a>"
219,2023,Acid Dominant,🥈 Silver,Kodas,Kodas,Kodas Folkcider (Folgisiider),84.5,Estonia,2815,"<a href=""https://kodas.ee/"">Website</a>","<a href=""https://www.facebook.com/kodasbrand"">Facebook</a>","<a href=""https://www.instagram.com/kodasbrand/"">Instagram</a>","<a href=""https://maps.google.com/?cid=7164908846459777447"">Google</a>",,"<a href=""https://www.tripadvisor.com/Attraction_Review-g3296672-d25409720"">TripAdvisor</a>","<a href=""https://untappd.com/Siidrikoda"">Untappd</a>"
220,2023,Acid Dominant,🥈 Silver,103 Cider,103 Cider,Angold,84.3,Sweden,3012,"<a href=""https://www.hjulsjo103.se/"">Website</a>","<a href=""https://www.facebook.com/hjulsjo103"">Facebook</a>","<a href=""https://www.instagram.com/103cider/"">Instagram</a>","<a href=""https://maps.google.com/?cid=11484495605929490180"">Google</a>",,,"<a href=""https://untappd.com/w/hjulsjo-103/535334"">Untappd</a>"
221,2023,Acid Dominant,🥈 Silver,Paladeus,Paladeus,Paladeus 1979,83.9,Italy,3024,"<a href=""http://www.paladeus.it/"">Website</a>","<a href=""https://www.facebook.com/profile.php?id=100067062071715"">Facebook</a>","<a href=""https://www.instagram.com/paladeus_cider/"">Instagram</a>","<a href=""https://maps.google.com/?cid=8605615739361573597"">Google</a>",,,"<a href=""https://untappd.com/w/paladeus/538622"">Untappd</a>"
222,2023,Acid Dominant,🥈 Silver,Amble Gård,Amble Gård,Aroma and Discovery,83.7,Norway,3000,"<a href=""https://amblegaard.no/"">Website</a>","<a href=""https://www.facebook.com/amblegaard/"">Facebook</a>","<a href=""https://www.instagram.com/amblegaard/"">Instagram</a>","<a href=""https://maps.google.com/?cid=6355481952602453534"">Google</a>",,,"<a href=""https://untappd.com/w/amble-gard/553298"">Untappd</a>"
223,2023,Acid Dominant,🥈 Silver,Odelsgut,Odelsgut,"Odelsgut ""D""",83.3,Norway,3022,"<a href=""https://www.odelsgut.no/"">Website</a>","<a href=""https://www.facebook.com/odelsgut"">Facebook</a>","<a href=""https://www.instagram.com/odelsgut.no/"">Instagram</a>","<a href=""https://maps.google.com/?cid=17030345032725079712"">Google</a>",,"<a href=""https://www.tripadvisor.com/Attraction_Review-g226929-d25132141"">TripAdvisor</a>","<a href=""https://untappd.com/w/odelsgut/542853"">Untappd</a>"
224,2023,Acid Dominant,🥈 Silver,Hardangergutane,Hardangergutane,Solglimt,83.3,Norway,2746,"<a href=""https://hardangergutane.no/"">Website</a>","<a href=""https://www.facebook.com/Hardangergutane/"">Facebook</a>","<a href=""https://www.instagram.com/hardangergutane/"">Instagram</a>","<a href=""https://maps.google.com/?cid=10940983309801750674"">Google</a>",,"<a href=""https://www.tripadvisor.com/Restaurant_Review-g2328851-d23478417"">TripAdvisor</a>","<a href=""https://untappd.com/w/hardangergutane/429679"">Untappd</a>"
225,2023,Acid Dominant,🥈 Silver,Harding Økologiske Sideri,Harding Økologiske Sideri,Raud Harding,82.9,Norway,1415,"<a href=""https://www.hardingsideri.no/"">Website</a>","<a href=""https://www.facebook.com/HardingSideri"">Facebook</a>","<a href=""https://www.instagram.com/hardingsideri/"">Instagram</a>","<a href=""https://maps.google.com/?cid=12919577292319496906"">Google</a>",,,"<a href=""https://untappd.com/HardingSideri"">Untappd</a>"
226,2023,Acid Dominant,🥈 Silver,Hardangerbonden,Hardangerbonden,Drengen,82.7,Norway,3011,"<a href=""https://www.hardangerbonden.no/"">Website</a>","<a href=""https://www.facebook.com/Hardangerbonden/"">Facebook</a>","<a href=""https://www.instagram.com/hardangerbonden/"">Instagram</a>","<a href=""https://maps.google.com/?cid=13224629755021668502"">Google</a>",,,"<a href=""https://untappd.com/w/hardangerbonden/496030"">Untappd</a>"
227,2023,Acid Dominant,🥈 Silver,Aga Sideri,Aga Sideri,Bøddel,82.7,Norway,2605,"<a href=""https://www.agasideri.no/"">Website</a>","<a href=""https://www.facebook.com/agasideri/"">Facebook</a>","<a href=""https://www.instagram.com/agasideri/"">Instagram</a>","<a href=""https://maps.google.com/?cid=13763004362793346500"">Google</a>",,"<a href=""https://www.tripadvisor.com/Attraction_Review-g2347995-d18177720"">TripAdvisor</a>","<a href=""https://untappd.com/w/aga-sideri/405076"">Untappd</a>"
228,2023,Acid Dominant,🥈 Silver,Cidérka,Cidérka,Cervenka,82.5,Czechia,2760,"<a href=""https://www.ciderka.cz/"">Website</a>","<a href=""https://www.facebook.com/ciderka.cz"">Facebook</a>","<a href=""https://www.instagram.com/ciderka.cz/"">Instagram</a>","<a href=""https://maps.google.com/?cid=4045068491840478725"">Google</a>",,,"<a href=""https://untappd.com/w/ciderka/463341"">Untappd</a>"
229,2023,Acid Dominant,🥈 Silver,Sandalen Gård,Sandalen Gård,Skjoldmøy,82.5,Norway,3032,"<a href=""https://sandalengard.no/"">Website</a>","<a href=""https://www.facebook.com/sandalengard"">Facebook</a>","<a href=""https://www.instagram.com/sandalengard/"">Instagram</a>","<a href=""https://maps.google.com/?cid=16897274204164201537"">Google</a>",,,"<a href=""https://untappd.com/SandalenGrd"">Untappd</a>"
230,2023,Acid Dominant,🥈 Silver,Ulvik Frukt & Cideri,Ulvik Frukt & Cideri,Sider frå Hardanger - Gravenstein,82.2,Norway,1414,"<a href=""http://www.hakastadsider.no/"">Website</a>","<a href=""https://www.facebook.com/pages/Ulvik-Frukt-Cideri/191311970916027"">Facebook</a>",,"<a href=""https://maps.google.com/?cid=8381380851022975775"">Google</a>",,,"<a href=""https://untappd.com/brewery/60198"">Untappd</a>"
231,2023,Acid Dominant,🥈 Silver,Pfeiffer's Cider,Pfeiffer's Cider,Pfeiffer's Cider Still,81.8,Poland,2719,"<a href=""https://pfeiffers.pl/"">Website</a>","<a href=""https://www.facebook.com/pfeifferscider"">Facebook</a>","<a href=""https://www.instagram.com/pfeiffers_cider"">Instagram</a>","<a href=""https://maps.google.com/?cid=1938111950265948010"">Google</a>",,,"<a href=""https://untappd.com/w/pfeiffer-s-cider/541464"">Untappd</a>"
232,2023,Acid Dominant,🥈 Silver,Lepola Drinks,Lepola Drinks,Lepola Crabapple Cider,81.5,Finland,3015,"<a href=""https://lepoladrinks.fi/"">Website</a>","<a href=""https://www.facebook.com/lepoladrinks/"">Facebook</a>","<a href=""https://www.instagram.com/lepola_drinks/"">Instagram</a>","<a href=""https://maps.google.com/?cid=10912023971262858580"">Google</a>",,,"<a href=""https://untappd.com/w/lepola/401095"">Untappd</a>"
233,2023,Acid Dominant,🥈 Silver,Sandalen Gård,Sandalen Gård,StoreSterk,81,Norway,3032,"<a href=""https://sandalengard.no/"">Website</a>","<a href=""https://www.facebook.com/sandalengard"">Facebook</a>","<a href=""https://www.instagram.com/sandalengard/"">Instagram</a>","<a href=""https://maps.google.com/?cid=16897274204164201537"">Google</a>",,,"<a href=""https://untappd.com/SandalenGrd"">Untappd</a>"
234,2023,Acid Dominant,🥈 Silver,Mr. Plūme,Mr. Plūme,Sweet,80.2,Latvia,2073,"<a href=""https://www.mrplume.lv/"">Website</a>","<a href=""https://www.facebook.com/mrplumesidrs"">Facebook</a>","<a href=""https://www.instagram.com/mrplume_sidrs/"">Instagram</a>","<a href=""https://maps.google.com/?cid=9319841841199759114"">Google</a>",,,"<a href=""https://untappd.com/w/mr-plume/332485"">Untappd</a>"
235,2023,Acid Dominant,🥈 Silver,Veinimäe,Veinimäe,Paradise Cider,80.1,Estonia,3037,"<a href=""https://veinimae.ee/"">Website</a>","<a href=""https://www.facebook.com/veinimae"">Facebook</a>","<a href=""https://www.instagram.com/veinimae/"">Instagram</a>","<a href=""https://maps.google.com/?cid=8886313303772913711"">Google</a>",,,"<a href=""https://untappd.com/w/veinimae-talu/457675"">Untappd</a>"
236,2023,Acid Dominant,🥈 Silver,Floribunda,Floribunda,Apfel Cider Alla Mela 2022,80,Italy,2029,"<a href=""https://www.floribunda.it/"">Website</a>",,"<a href=""https://www.instagram.com/floribundacider/"">Instagram</a>","<a href=""https://maps.google.com/?cid=14548393953505771229"">Google</a>",,,"<a href=""https://untappd.com/w/floribunda/333615"">Untappd</a>"
237,2023,Acid Dominant,🥈 Silver,Skjolden Sideri,Skjolden Sideri,"Edens Hage, Discovery",79.9,Norway,2806,,"<a href=""https://www.facebook.com/BolstadNeverdalFruktgard"">Facebook</a>","<a href=""https://www.instagram.com/skjoldensideri/"">Instagram</a>","<a href=""https://maps.google.com/?cid=8996713303995231318"">Google</a>",,,
238,2023,Acid Dominant,🥈 Silver,Amble Gård,Amble Gård,Discovery,79.7,Norway,3000,"<a href=""https://amblegaard.no/"">Website</a>","<a href=""https://www.facebook.com/amblegaard/"">Facebook</a>","<a href=""https://www.instagram.com/amblegaard/"">Instagram</a>","<a href=""https://maps.google.com/?cid=6355481952602453534"">Google</a>",,,"<a href=""https://untappd.com/w/amble-gard/553298"">Untappd</a>"
239,2023,Acid Dominant,🥉 Bronze,OmCider,OmCider,Skoiar,79.1,Norway,2753,"<a href=""https://omcider.no/"">Website</a>","<a href=""https://www.facebook.com/OmCiderAS/"">Facebook</a>","<a href=""https://www.instagram.com/omcideras/"">Instagram</a>","<a href=""https://maps.google.com/?cid=1800091822223931241"">Google</a>",,,"<a href=""https://untappd.com/w/omcider/492586"">Untappd</a>"
240,2023,Acid Dominant,🥉 Bronze,Lofthus Ekspedisjon,Lofthus Ekspedisjon,Fjåg,78.1,Norway,2766,"<a href=""https://lofthusekspedisjon.no/"">Website</a>","<a href=""https://www.facebook.com/ekspedisjonlofthus/"">Facebook</a>","<a href=""https://www.instagram.com/lofthus_ekspedisjon/"">Instagram</a>","<a href=""https://maps.google.com/?cid=10108744972037075215"">Google</a>",,"<a href=""https://www.tripadvisor.com/Restaurant_Review-g1188596-d23540819"">TripAdvisor</a>","<a href=""https://untappd.com/EkspedisjonenBryggeri"">Untappd</a>"
241,2023,Acid Dominant,🥉 Bronze,Nude Cider,Nude Cider,Nude Cider Classic,77.8,Finland,3021,"<a href=""https://www.nudecider.fi/"">Website</a>",,"<a href=""https://www.instagram.com/nude_cider/"">Instagram</a>","<a href=""https://maps.google.com/?cid=590124294754000819"">Google</a>",,,"<a href=""https://untappd.com/3spirit"">Untappd</a>"
242,2023,Acid Dominant,🥉 Bronze,Klövsjö Gårdsbryggeri,Klövsjö Gårdsbryggeri,KGBs Äppel Cider,77.5,Sweden,3013,"<a href=""https://www.kgb-bryggeri.se/"">Website</a>",,,"<a href=""https://maps.google.com/?cid=2229089414135910638"">Google</a>",,,"<a href=""https://untappd.com/w/kl-vsj-g-rdsbryggeri/20072"">Untappd</a>"
243,2023,Acid Dominant,🥉 Bronze,Sidra El Gaitero,Sidra El Gaitero,Sidra El Gaitero Natural,77.4,Spain,1314,"<a href=""https://www.sidraelgaitero.com/"">Website</a>","<a href=""https://www.facebook.com/grupoelgaitero"">Facebook</a>","<a href=""https://www.instagram.com/grupoelgaitero/"">Instagram</a>","<a href=""https://maps.google.com/?cid=15753532318992345137"">Google</a>",,"<a href=""https://www.tripadvisor.com/Attraction_Review-g608997-d3239389"">TripAdvisor</a>","<a href=""https://untappd.com/brewery/4266"">Untappd</a>"
244,2023,Acid Dominant,🥉 Bronze,Pomologik,Pomologik,Cidre Nouveau,77.3,Sweden,2397,"<a href=""https://www.pomologik.se/"">Website</a>","<a href=""https://www.facebook.com/pomologik"">Facebook</a>","<a href=""https://www.instagram.com/Pomologik/"">Instagram</a>","<a href=""https://maps.google.com/?cid=17836181822390207936"">Google</a>",,,"<a href=""https://untappd.com/Pomologik_swe"">Untappd</a>"
245,2023,Acid Dominant,🥉 Bronze,Jēpis Bioloģisks Sidrs,Jēpis Bioloģisks Sidrs,Organic Cider Jepis,77.1,Latvia,2992,"<a href=""https://www.jepis.lv/"">Website</a>",,,"<a href=""https://maps.google.com/?cid=4389823321199068027"">Google</a>",,,"<a href=""https://untappd.com/w/sia-pienjani/549019/beer"">Untappd</a>"
246,2023,Acid Dominant,🥉 Bronze,Ezera Sidrs,Ezera Sidrs,Ezera Brut,76.6,Latvia,2993,"<a href=""http://www.ezerasidrs.lv/"">Website</a>","<a href=""https://www.facebook.com/ezerasidrs/"">Facebook</a>","<a href=""https://www.instagram.com/ezera_sidrs"">Instagram</a>",,,,"<a href=""https://untappd.com/w/ezera-sidrs/471303"">Untappd</a>"
247,2023,Acid Dominant,🥉 Bronze,Tingvoll Sider,Tingvoll Sider,Strupstadsider-Villgjaera,76.5,Norway,3035,"<a href=""https://www.tingvollsider.no/"">Website</a>","<a href=""https://www.facebook.com/Strupstadgarden/"">Facebook</a>","<a href=""https://www.instagram.com/strupstadgarden/"">Instagram</a>","<a href=""https://maps.google.com/?cid=10928261412136517481"">Google</a>",,,"<a href=""https://untappd.com/w/strupstad-tingvoll-sider/534933"">Untappd</a>"
248,2023,Acid Dominant,🥉 Bronze,Tālava,Tālava,Tālava Medium Dry,76.3,Latvia,2142,"<a href=""https://www.talava.lv/"">Website</a>","<a href=""https://www.facebook.com/talavassidrs"">Facebook</a>","<a href=""https://www.instagram.com/talavas_sidrs/"">Instagram</a>","<a href=""https://maps.google.com/?cid=16414834196985036378"">Google</a>",,,"<a href=""https://untappd.com/TalavasSidrs"">Untappd</a>"
249,2023,Acid Dominant,🥉 Bronze,Sajder Insajder,Sajder Insajder,Insajder,76.3,Serbia,3039,"<a href=""https://www.sajderinsajder.com/"">Website</a>","<a href=""https://www.facebook.com/sajderinsajder"">Facebook</a>","<a href=""https://www.instagram.com/sajderinsajder/"">Instagram</a>",,,,
250,2023,Acid Dominant,🥉 Bronze,Pfeiffer's Cider,Pfeiffer's Cider,Pfeiffer's Cider Sparkling,76.1,Poland,2719,"<a href=""https://pfeiffers.pl/"">Website</a>","<a href=""https://www.facebook.com/pfeifferscider"">Facebook</a>","<a href=""https://www.instagram.com/pfeiffers_cider"">Instagram</a>","<a href=""https://maps.google.com/?cid=1938111950265948010"">Google</a>",,,"<a href=""https://untappd.com/w/pfeiffer-s-cider/541464"">Untappd</a>"
251,2023,Acid Dominant,🥉 Bronze,Mooma,Mooma,Mooma Cider,75.1,Spain,2752,"<a href=""https://mooma.cat/"">Website</a>","<a href=""https://www.facebook.com/sidreriamooma/"">Facebook</a>","<a href=""https://www.instagram.com/mooma/"">Instagram</a>","<a href=""https://maps.google.com/?cid=11350926811080988766"">Google</a>",,"<a href=""https://www.tripadvisor.com/Restaurant_Review-g3501872-d13815642"">TripAdvisor</a>","<a href=""https://untappd.com/w/mooma/254950"">Untappd</a>"
252,2023,Acid Dominant,🥉 Bronze,Cydr Dwaj Bracia,Cydr Dwaj Bracia,Boiken,75,Poland,3006,"<a href=""https://dwajbracia.pl/"">Website</a>","<a href=""https://www.facebook.com/profile.php?id=100094619362211"">Facebook</a>","<a href=""https://www.instagram.com/cydr_dwaj_bracia"">Instagram</a>",,,,"<a href=""https://untappd.com/w/cydr-dwaj-bracia/551234"">Untappd</a>"
253,2023,Acid Dominant,🥉 Bronze,Cidérka,Cidérka,Konipas,74.5,Czechia,2760,"<a href=""https://www.ciderka.cz/"">Website</a>","<a href=""https://www.facebook.com/ciderka.cz"">Facebook</a>","<a href=""https://www.instagram.com/ciderka.cz/"">Instagram</a>","<a href=""https://maps.google.com/?cid=4045068491840478725"">Google</a>",,,"<a href=""https://untappd.com/w/ciderka/463341"">Untappd</a>"
254,2023,Acid Dominant,🥉 Bronze,Lofthus Ekspedisjon,Lofthus Ekspedisjon,Drøs,74.1,Norway,2766,"<a href=""https://lofthusekspedisjon.no/"">Website</a>","<a href=""https://www.facebook.com/ekspedisjonlofthus/"">Facebook</a>","<a href=""https://www.instagram.com/lofthus_ekspedisjon/"">Instagram</a>","<a href=""https://maps.google.com/?cid=10108744972037075215"">Google</a>",,"<a href=""https://www.tripadvisor.com/Restaurant_Review-g1188596-d23540819"">TripAdvisor</a>","<a href=""https://untappd.com/EkspedisjonenBryggeri"">Untappd</a>"
255,2023,Acid Dominant,🥉 Bronze,Beverīnas Dzērieni,Beverīnas Dzērieni,Cider Semidry,74.1,Latvia,2996,"<a href=""https://www.beverinasdzerieni.lv/"">Website</a>","<a href=""https://www.facebook.com/beverinasdzerieni"">Facebook</a>","<a href=""https://www.instagram.com/beverinas_dzerieni"">Instagram</a>","<a href=""https://maps.google.com/?cid=3737744039117821694"">Google</a>",,,"<a href=""https://untappd.com/b/sia-abula-abols-pussauss-abolu-sidrs/5576716"">Untappd</a>"
256,2023,Acid Dominant,🥉 Bronze,Tingvoll Sider,Tingvoll Sider,Gammel-Nesje,72.7,Norway,3035,"<a href=""https://www.tingvollsider.no/"">Website</a>","<a href=""https://www.facebook.com/Strupstadgarden/"">Facebook</a>","<a href=""https://www.instagram.com/strupstadgarden/"">Instagram</a>","<a href=""https://maps.google.com/?cid=10928261412136517481"">Google</a>",,,"<a href=""https://untappd.com/w/strupstad-tingvoll-sider/534933"">Untappd</a>"
257,2023,Acid Dominant,🥉 Bronze,Elegast Cidery,Elegast Cidery,Revival,72.2,Netherlands,2660,"<a href=""https://elegastcider.nl/"">Website</a>","<a href=""https://www.facebook.com/elegastcidery/"">Facebook</a>","<a href=""https://www.instagram.com/elegast_cidery/"">Instagram</a>","<a href=""https://maps.google.com/?cid=5936408747857287023"">Google</a>",,,"<a href=""https://untappd.com/ElegastCidery"">Untappd</a>"
258,2023,Acid Dominant,🥉 Bronze,Appleblood Cider,Appleblood Cider,Rosa 2022,72.1,Italy,3028,"<a href=""https://applebloodcider.com/"">Website</a>","<a href=""https://www.facebook.com/applebloodcider"">Facebook</a>","<a href=""https://www.instagram.com/applebloodcider/"">Instagram</a>","<a href=""https://maps.google.com/?cid=14977227174949746380"">Google</a>",,,"<a href=""https://untappd.com/w/apple-blood-cider/474058"">Untappd</a>"
259,2023,Acid Dominant,🥉 Bronze,Syse Gard,Syse Gard,Sumar,71.9,Norway,3027,"<a href=""https://www.sysegard.no/"">Website</a>","<a href=""https://www.facebook.com/sysegard/"">Facebook</a>","<a href=""https://www.instagram.com/sysegard/"">Instagram</a>","<a href=""https://maps.google.com/?cid=15813298029749928176"">Google</a>",,"<a href=""https://www.tripadvisor.com/Attraction_Review-g7159542-d3475391"">TripAdvisor</a>","<a href=""https://untappd.com/w/syse-gard/348705"">Untappd</a>"
260,2023,Acid Dominant,🥉 Bronze,Lingebakken,Lingebakken,Bakkesider,71.1,Norway,3018,"<a href=""https://www.lingebakken.no/"">Website</a>","<a href=""https://www.facebook.com/Lingebakkenfrukt/"">Facebook</a>","<a href=""https://www.instagram.com/lingebakken"">Instagram</a>","<a href=""https://maps.google.com/?cid=10220638985890464265"">Google</a>",,,"<a href=""https://untappd.com/w/lingebakken/519896"">Untappd</a>"
261,2023,Acid Dominant,🥉 Bronze,Pirula,Pirula,Luotsi,70.7,Finland,3026,"<a href=""https://www.pirula.fi/"">Website</a>","<a href=""https://www.facebook.com/pirula.fi/"">Facebook</a>","<a href=""https://www.instagram.com/pirulantila"">Instagram</a>","<a href=""https://maps.google.com/?cid=1283745269437501478"">Google</a>",,,"<a href=""https://untappd.com/w/pirula/442289"">Untappd</a>"
262,2023,Acid Dominant,🥉 Bronze,Iessel Cider,Iessel Cider,Iessel Cider Wild,70.3,Netherlands,2736,"<a href=""https://www.iesselcider.nl/"">Website</a>","<a href=""https://www.facebook.com/iesselcider/"">Facebook</a>","<a href=""https://www.instagram.com/iessel_cider/"">Instagram</a>","<a href=""https://maps.google.com/?cid=10819175046461159669"">Google</a>",,,"<a href=""https://untappd.com/IESSEL_Cider"">Untappd</a>"
263,2023,Tannin Dominant,🏆 Winner,Mr. Plūme,Mr. Plūme,Vintage Cider 2021,92.3,Latvia,2073,"<a href=""https://www.mrplume.lv/"">Website</a>","<a href=""https://www.facebook.com/mrplumesidrs"">Facebook</a>","<a href=""https://www.instagram.com/mrplume_sidrs/"">Instagram</a>","<a href=""https://maps.google.com/?cid=9319841841199759114"">Google</a>",,,"<a href=""https://untappd.com/w/mr-plume/332485"">Untappd</a>"
264,2023,Tannin Dominant,🥇 Gold,Ciderhuset Balholm,Ciderhuset Balholm,Vestr,89.9,Norway,1534,"<a href=""https://www.ciderhuset.no/"">Website</a>","<a href=""https://www.facebook.com/ciderhuset"">Facebook</a>","<a href=""https://www.instagram.com/ciderhuset/"">Instagram</a>","<a href=""https://maps.google.com/?cid=12671775028436675444"">Google</a>","<a href=""https://www.yelp.com/biz/ciderhuset-balestrand"">Yelp</a>","<a href=""https://www.tripadvisor.com/Restaurant_Review-g616211-d1991697"">TripAdvisor</a>","<a href=""https://untappd.com/w/ciderhuset-balholm/64016"">Untappd</a>"
265,2023,Tannin Dominant,🥇 Gold,Sodo Sidrinė,Sodo Sidrinė,Sodo Keeved Cider,89.8,Lithuania,3040,,"<a href=""https://www.facebook.com/klumpessodai/"">Facebook</a>","<a href=""https://www.instagram.com/sodo_cider/"">Instagram</a>",,,,
266,2023,Tannin Dominant,🥈 Silver,Ferme du Theil,Ferme du Theil,Belle Folie,86,France,2879,"<a href=""https://www.fermedutheil.com/"">Website</a>","<a href=""https://www.facebook.com/fermedutheil"">Facebook</a>","<a href=""https://www.instagram.com/fermedutheil/"">Instagram</a>","<a href=""https://maps.google.com/?cid=11988918544771126641"">Google</a>",,,"<a href=""https://untappd.com/w/gaec-rouland-ferme-du-theli/138309"">Untappd</a>"
267,2023,Tannin Dominant,🥈 Silver,Balti Sodai,Balti Sodai,Alantos Normandiskas,84.1,Lithuania,X,,,,,,,
268,2023,Tannin Dominant,🥈 Silver,Abuls,Abuls,Naturalists,83.2,Latvia,2361,"<a href=""https://www.abuls.lv/"">Website</a>","<a href=""https://www.facebook.com/sidrsAbuls/"">Facebook</a>","<a href=""https://www.instagram.com/abuls_sidrs/"">Instagram</a>","<a href=""https://maps.google.com/?cid=12371654123090416644"">Google</a>",,,"<a href=""https://untappd.com/Abuls"">Untappd</a>"
269,2023,Tannin Dominant,🥈 Silver,Cydrownia Filomelos,Cydrownia Filomelos,Cydr Rozaniecki,82.8,Poland,2725,"<a href=""https://www.filomelos.pl/"">Website</a>","<a href=""https://www.facebook.com/cydrfilomelos/"">Facebook</a>",,"<a href=""https://maps.google.com/?cid=16799127381008481476"">Google</a>",,,"<a href=""https://untappd.com/Filomelos"">Untappd</a>"
270,2023,Tannin Dominant,🥈 Silver,Böhm Ciderwerkstatt,Böhm Ciderwerkstatt,Rot Cider,82.5,Germany,2975,"<a href=""https://www.boehm-cider.de/"">Website</a>","<a href=""https://www.facebook.com/ciderwerkstatt/"">Facebook</a>","<a href=""https://www.instagram.com/boehm_ciderwerkstatt"">Instagram</a>","<a href=""https://maps.google.com/?cid=4561270118581123333"">Google</a>",,,
271,2023,Tannin Dominant,🥈 Silver,Fjordfolk Mikrobryggeri,Fjordfolk Mikrobryggeri,Bristol Fashion,80.5,Norway,1884,"<a href=""https://www.fjordfolkbrygg.no/"">Website</a>","<a href=""https://www.facebook.com/fjordfolkbrygg/"">Facebook</a>","<a href=""https://www.instagram.com/tallship_cider/"">Instagram</a>","<a href=""https://maps.google.com/?cid=13187877260143472555"">Google</a>","<a href=""https://www.yelp.com/biz/fjordfolk-mikrobryggeri-sandefjord"">Yelp</a>",,"<a href=""https://untappd.com/Fjordfolk"">Untappd</a>"
272,2023,Tannin Dominant,🥉 Bronze,Köpings Musteri,Köpings Musteri,Dabinett,78.9,Sweden,3014,"<a href=""https://kopingsmusteri.se/"">Website</a>","<a href=""https://www.facebook.com/kopingsmusteri"">Facebook</a>","<a href=""https://www.instagram.com/kopingsmusteri/"">Instagram</a>","<a href=""https://maps.google.com/?cid=5623943899960625759"">Google</a>",,"<a href=""https://www.tripadvisor.com/Attraction_Review-g679646-d12595815"">TripAdvisor</a>","<a href=""https://untappd.com/KopingsMusteri"">Untappd</a>"
273,2023,Tannin Dominant,🥉 Bronze,Ferme du Theil,Ferme du Theil,Douce Passion,75.7,France,2879,"<a href=""https://www.fermedutheil.com/"">Website</a>","<a href=""https://www.facebook.com/fermedutheil"">Facebook</a>","<a href=""https://www.instagram.com/fermedutheil/"">Instagram</a>","<a href=""https://maps.google.com/?cid=11988918544771126641"">Google</a>",,,"<a href=""https://untappd.com/w/gaec-rouland-ferme-du-theli/138309"">Untappd</a>"
274,2023,Tannin Dominant,🥉 Bronze,Mistérios da Quinta,Sidraria dos Prazeres,Arrebita,75.1,Portugal,2603,,,"<a href=""https://www.instagram.com/sidrariaprazeres/"">Instagram</a>",,,,"<a href=""https://untappd.com/w/misterios-da-quinta-unipessoal-lda/530615"">Untappd</a>"
275,2023,Tannin Dominant,🥉 Bronze,Cydr Radosny,Cydr Radosny,Atak Jabluszek 2022,71.3,Poland,2728,,"<a href=""https://www.facebook.com/profile.php?id=100051369316323"">Facebook</a>","<a href=""https://www.instagram.com/cydr_radosny/"">Instagram</a>","<a href=""https://maps.google.com/?cid=7526262440248480679"">Google</a>",,,"<a href=""https://untappd.com/w/cydr-radosny/509782"">Untappd</a>"
276,2023,Tannin Dominant,🥉 Bronze,Zilver,Zilver,Mezabolu Sidrs,71.2,Latvia,3038,"<a href=""https://zilver.lv/"">Website</a>","<a href=""https://www.facebook.com/Zilver.lv/"">Facebook</a>",,"<a href=""https://maps.google.com/?cid=11431791076365254264"">Google</a>",,,"<a href=""https://untappd.com/w/zilver-dzerienu-daritava/479974"">Untappd</a>"
277,2023,Tannin Dominant,🥉 Bronze,Ciderhuset Balholm,Ciderhuset Balholm,Sognefjord,71.2,Norway,1534,"<a href=""https://www.ciderhuset.no/"">Website</a>","<a href=""https://www.facebook.com/ciderhuset"">Facebook</a>","<a href=""https://www.instagram.com/ciderhuset/"">Instagram</a>","<a href=""https://maps.google.com/?cid=12671775028436675444"">Google</a>","<a href=""https://www.yelp.com/biz/ciderhuset-balestrand"">Yelp</a>","<a href=""https://www.tripadvisor.com/Restaurant_Review-g616211-d1991697"">TripAdvisor</a>","<a href=""https://untappd.com/w/ciderhuset-balholm/64016"">Untappd</a>"
278,2023,Wood or Barrel Aged,🏆 Winner,Fjordfolk Mikrobryggeri,Fjordfolk Mikrobryggeri,Dabinett Barrel-Aged Cider,91.1,Norway,1884,"<a href=""https://www.fjordfolkbrygg.no/"">Website</a>","<a href=""https://www.facebook.com/fjordfolkbrygg/"">Facebook</a>","<a href=""https://www.instagram.com/tallship_cider/"">Instagram</a>","<a href=""https://maps.google.com/?cid=13187877260143472555"">Google</a>","<a href=""https://www.yelp.com/biz/fjordfolk-mikrobryggeri-sandefjord"">Yelp</a>",,"<a href=""https://untappd.com/Fjordfolk"">Untappd</a>"
279,2023,Wood or Barrel Aged,🥈 Silver,Mistérios da Quinta,Sidraria dos Prazeres,Arrebita,87.2,Portugal,2603,,,"<a href=""https://www.instagram.com/sidrariaprazeres/"">Instagram</a>",,,,"<a href=""https://untappd.com/w/misterios-da-quinta-unipessoal-lda/530615"">Untappd</a>"
280,2023,Wood or Barrel Aged,🥈 Silver,Pomologik,Pomologik,Cider State of Mind,81.9,Sweden,2397,"<a href=""https://www.pomologik.se/"">Website</a>","<a href=""https://www.facebook.com/pomologik"">Facebook</a>","<a href=""https://www.instagram.com/Pomologik/"">Instagram</a>","<a href=""https://maps.google.com/?cid=17836181822390207936"">Google</a>",,,"<a href=""https://untappd.com/Pomologik_swe"">Untappd</a>"
281,2023,Wood or Barrel Aged,🥈 Silver,Mooma,Mooma,Mooma Aged Cider,80.1,Spain,2752,"<a href=""https://mooma.cat/"">Website</a>","<a href=""https://www.facebook.com/sidreriamooma/"">Facebook</a>","<a href=""https://www.instagram.com/mooma/"">Instagram</a>","<a href=""https://maps.google.com/?cid=11350926811080988766"">Google</a>",,"<a href=""https://www.tripadvisor.com/Restaurant_Review-g3501872-d13815642"">TripAdvisor</a>","<a href=""https://untappd.com/w/mooma/254950"">Untappd</a>"
282,2023,Wood or Barrel Aged,🥈 Silver,Herbsts,Herbsts,Plusis,79.7,Latvia,2366,"<a href=""https://herbsts.lv/"">Website</a>","<a href=""https://www.facebook.com/herbsts.sidrs/"">Facebook</a>","<a href=""https://www.instagram.com/herbsts.sidrs/"">Instagram</a>",,,,"<a href=""https://untappd.com/HERBSTS"">Untappd</a>"
283,2023,Wood or Barrel Aged,🥉 Bronze,Ottercider,Ottercider,Laatzomer,79,Belgium,2749,"<a href=""https://www.ottercider.be/"">Website</a>","<a href=""https://www.facebook.com/Ottercider"">Facebook</a>","<a href=""https://www.instagram.com/ottercider"">Instagram</a>",,,,"<a href=""https://untappd.com/Ottercider"">Untappd</a>"
284,2023,Wood or Barrel Aged,🥉 Bronze,Iessel Cider,Iessel Cider,Eikengerijpt,77.7,Netherlands,2736,"<a href=""https://www.iesselcider.nl/"">Website</a>","<a href=""https://www.facebook.com/iesselcider/"">Facebook</a>","<a href=""https://www.instagram.com/iessel_cider/"">Instagram</a>","<a href=""https://maps.google.com/?cid=10819175046461159669"">Google</a>",,,"<a href=""https://untappd.com/IESSEL_Cider"">Untappd</a>"
285,2023,Wood or Barrel Aged,🥉 Bronze,Böhm Ciderwerkstatt,Böhm Ciderwerkstatt,Französische Eiche Apfelwein,77,Germany,2975,"<a href=""https://www.boehm-cider.de/"">Website</a>","<a href=""https://www.facebook.com/ciderwerkstatt/"">Facebook</a>","<a href=""https://www.instagram.com/boehm_ciderwerkstatt"">Instagram</a>","<a href=""https://maps.google.com/?cid=4561270118581123333"">Google</a>",,,
286,2023,Wood or Barrel Aged,🥉 Bronze,Cydr Chyliczki,Cydr Chyliczki,Sweet Oak 2019,73.1,Poland,2703,"<a href=""https://cydrchyliczki.pl/"">Website</a>","<a href=""https://www.facebook.com/cydrchyliczki/"">Facebook</a>","<a href=""https://www.instagram.com/cydrchyliczki/"">Instagram</a>",,,,"<a href=""https://untappd.com/w/cydr-chyliczki/271740"">Untappd</a>"
287,2023,Flavoured Ciders,🏆 Winner,Store Naa Siderkompani,Store Naa Siderkompani,57/2 - Brudeferd,93.3,Norway,2604,"<a href=""https://www.storenaasiderkompani.com/"">Website</a>","<a href=""https://www.facebook.com/Storenaasiderkompani/"">Facebook</a>","<a href=""https://www.instagram.com/storenaasiderkompani/"">Instagram</a>","<a href=""https://maps.google.com/?cid=15254622508133860404"">Google</a>",,,"<a href=""https://untappd.com/w/store-naa-siderkompani/442862"">Untappd</a>"
288,2023,Flavoured Ciders,🥇 Gold,Hardanger Saft og Siderfabrikk,Hardanger Saft og Siderfabrikk,Leikvin Rosesider,90.9,Norway,3010,"<a href=""https://hardangersider.no/"">Website</a>","<a href=""https://www.facebook.com/HardangerSaftogSiderfabrikk/"">Facebook</a>","<a href=""https://www.instagram.com/hardangersaftogsiderfabrikk/"">Instagram</a>","<a href=""https://maps.google.com/?cid=12869878933054305699"">Google</a>",,"<a href=""https://www.tripadvisor.com/Attraction_Review-g7159542-d4893441"">TripAdvisor</a>","<a href=""https://untappd.com/w/hardanger-saft-og-siderfabrikk/42913"">Untappd</a>"
289,2023,Flavoured Ciders,🥇 Gold,Skjolden Sideri,Skjolden Sideri,"Edens Hage, Aroma Rosé",90.3,Norway,2806,,"<a href=""https://www.facebook.com/BolstadNeverdalFruktgard"">Facebook</a>","<a href=""https://www.instagram.com/skjoldensideri/"">Instagram</a>","<a href=""https://maps.google.com/?cid=8996713303995231318"">Google</a>",,,
290,2023,Flavoured Ciders,🥇 Gold,Turkalnes Muižā,Turkalnes Muižā,Ābolu-Rabarberu Sidrs,90.2,Latvia,2365,"<a href=""https://www.turkalnesmuiza.lv/"">Website</a>","<a href=""https://www.facebook.com/TurkalnesMuiza/"">Facebook</a>","<a href=""https://www.instagram.com/turkalnesmuiza/"">Instagram</a>","<a href=""https://maps.google.com/?cid=14148682490481690589"">Google</a>",,,"<a href=""https://untappd.com/w/turkalnes-muiza/428003"">Untappd</a>"
291,2023,Flavoured Ciders,🥇 Gold,Skarbø Gard,Skarbø Gard,Skarbø Sider Glød,90.1,Norway,3034,"<a href=""https://skarbogard.no/"">Website</a>","<a href=""https://www.facebook.com/skarbogard/"">Facebook</a>","<a href=""https://www.instagram.com/skarbogard/"">Instagram</a>","<a href=""https://maps.google.com/?cid=8459681002301363731"">Google</a>",,,"<a href=""https://untappd.com/w/skarbo-gard/467871"">Untappd</a>"
292,2023,Flavoured Ciders,🥈 Silver,Aga Sideri,Aga Sideri,Humlepung Rosé,88.1,Norway,2605,"<a href=""https://www.agasideri.no/"">Website</a>","<a href=""https://www.facebook.com/agasideri/"">Facebook</a>","<a href=""https://www.instagram.com/agasideri/"">Instagram</a>","<a href=""https://maps.google.com/?cid=13763004362793346500"">Google</a>",,"<a href=""https://www.tripadvisor.com/Attraction_Review-g2347995-d18177720"">TripAdvisor</a>","<a href=""https://untappd.com/w/aga-sideri/405076"">Untappd</a>"
293,2023,Flavoured Ciders,🥈 Silver,Ainoa Winery,Ainoa Winery,Ainoa Viive Apple Cider with Lingonberries,86.5,Finland,2999,"<a href=""https://ainoawinery.com/"">Website</a>","<a href=""https://www.facebook.com/ainoawinery/"">Facebook</a>","<a href=""https://www.instagram.com/ainoawinery/"">Instagram</a>","<a href=""https://maps.google.com/?cid=9038287289493115977"">Google</a>",,,"<a href=""https://untappd.com/w/ainoa/474000"">Untappd</a>"
294,2023,Flavoured Ciders,🥈 Silver,Ulvik Frukt & Cideri,Ulvik Frukt & Cideri,Kvemmadokkje,86.1,Norway,1414,"<a href=""http://www.hakastadsider.no/"">Website</a>","<a href=""https://www.facebook.com/pages/Ulvik-Frukt-Cideri/191311970916027"">Facebook</a>",,"<a href=""https://maps.google.com/?cid=8381380851022975775"">Google</a>",,,"<a href=""https://untappd.com/brewery/60198"">Untappd</a>"
295,2023,Flavoured Ciders,🥈 Silver,Ciderhuset Balholm,Ciderhuset Balholm,Bæri,84.7,Norway,1534,"<a href=""https://www.ciderhuset.no/"">Website</a>","<a href=""https://www.facebook.com/ciderhuset"">Facebook</a>","<a href=""https://www.instagram.com/ciderhuset/"">Instagram</a>","<a href=""https://maps.google.com/?cid=12671775028436675444"">Google</a>","<a href=""https://www.yelp.com/biz/ciderhuset-balestrand"">Yelp</a>","<a href=""https://www.tripadvisor.com/Restaurant_Review-g616211-d1991697"">TripAdvisor</a>","<a href=""https://untappd.com/w/ciderhuset-balholm/64016"">Untappd</a>"
296,2023,Flavoured Ciders,🥈 Silver,Hardangergutane,Hardangergutane,Humleglimt,83.9,Norway,2746,"<a href=""https://hardangergutane.no/"">Website</a>","<a href=""https://www.facebook.com/Hardangergutane/"">Facebook</a>","<a href=""https://www.instagram.com/hardangergutane/"">Instagram</a>","<a href=""https://maps.google.com/?cid=10940983309801750674"">Google</a>",,"<a href=""https://www.tripadvisor.com/Restaurant_Review-g2328851-d23478417"">TripAdvisor</a>","<a href=""https://untappd.com/w/hardangergutane/429679"">Untappd</a>"
297,2023,Flavoured Ciders,🥈 Silver,Sabiles Sidrs,Sabiles Sidrs,Apple & Blackcurrant Semi-Sweet Cider,83.7,Latvia,2364,"<a href=""https://www.gardeners.lv/"">Website</a>","<a href=""https://www.facebook.com/sabiles.sidrs/"">Facebook</a>","<a href=""https://www.instagram.com/sabiles.sidrs/"">Instagram</a>","<a href=""https://maps.google.com/?cid=2950487918260459648"">Google</a>",,"<a href=""https://www.tripadvisor.com/Restaurant_Review-g2049841-d14914753"">TripAdvisor</a>","<a href=""https://untappd.com/w/sabiles-sidrs/201189"">Untappd</a>"
298,2023,Flavoured Ciders,🥈 Silver,Kvestad Sideri,Kvestad Sideri,Jubileum,82.8,Norway,2545,"<a href=""https://www.kvestadsideri.no/"">Website</a>","<a href=""https://www.facebook.com/kvestadsideri/"">Facebook</a>","<a href=""https://www.instagram.com/kvestadsideri/"">Instagram</a>","<a href=""https://maps.google.com/?cid=16077910184660188927"">Google</a>",,,"<a href=""https://untappd.com/w/kvestad-sideri/457055"">Untappd</a>"
299,2023,Flavoured Ciders,🥈 Silver,Balti Sodai,Balti Sodai,"Alantos Apyniuotas, ""Sidro Sodai""",81.5,Lithuania,X,,,,,,,
300,2023,Flavoured Ciders,🥈 Silver,Floribunda,Floribunda,Quitten Cider alla Cotogna 2020,81.1,Italy,2029,"<a href=""https://www.floribunda.it/"">Website</a>",,"<a href=""https://www.instagram.com/floribundacider/"">Instagram</a>","<a href=""https://maps.google.com/?cid=14548393953505771229"">Google</a>",,,"<a href=""https://untappd.com/w/floribunda/333615"">Untappd</a>"
301,2023,Flavoured Ciders,🥈 Silver,Lauskis,Lauskis,Quince Cider,80.9,Latvia,2799,"<a href=""http://www.lauskissidrs.lv/"">Website</a>","<a href=""https://www.facebook.com/vinadaritavalauskis"">Facebook</a>",,"<a href=""https://maps.google.com/?cid=12945376031877773481"">Google</a>",,,"<a href=""https://untappd.com/w/vina-daritava-lauskis/463428"">Untappd</a>"
302,2023,Flavoured Ciders,🥈 Silver,Abavas,Abavas,"Abavas ""Hopped cider"" Semi-Dry Applecider",80.1,Latvia,2363,"<a href=""https://www.abavas.lv/"">Website</a>","<a href=""https://www.facebook.com/abavas.vinadaritava/"">Facebook</a>","<a href=""https://www.instagram.com/abavas_vini/"">Instagram</a>","<a href=""https://maps.google.com/?cid=11387034393378720853"">Google</a>",,"<a href=""https://www.tripadvisor.com/Attraction_Review-g608944-d23945082"">TripAdvisor</a>","<a href=""https://untappd.com/w/sia-abavas-da-rzi/153183"">Untappd</a>"
303,2023,Flavoured Ciders,🥈 Silver,Petritegi,Petritegi,Sagar Krash Limoi,79.6,Spain,1171,"<a href=""https://www.petritegi.com/"">Website</a>","<a href=""https://www.facebook.com/Petritegi/"">Facebook</a>","<a href=""https://www.instagram.com/petritegi"">Instagram</a>","<a href=""https://maps.google.com/?cid=16425101977693923721"">Google</a>","<a href=""https://www.yelp.com/biz/petritegi-astigarraga"">Yelp</a>","<a href=""https://www.tripadvisor.com/Restaurant_Review-g1064182-d2266030"">TripAdvisor</a>","<a href=""https://untappd.com/brewery/51639"">Untappd</a>"
304,2023,Flavoured Ciders,🥉 Bronze,Turkalnes Muižā,Turkalnes Muižā,Ābolu-Cidoniju Sidrs,79.1,Latvia,2365,"<a href=""https://www.turkalnesmuiza.lv/"">Website</a>","<a href=""https://www.facebook.com/TurkalnesMuiza/"">Facebook</a>","<a href=""https://www.instagram.com/turkalnesmuiza/"">Instagram</a>","<a href=""https://maps.google.com/?cid=14148682490481690589"">Google</a>",,,"<a href=""https://untappd.com/w/turkalnes-muiza/428003"">Untappd</a>"
305,2023,Flavoured Ciders,🥉 Bronze,Brinkhall Sparkling,Brinkhall Sparkling,Alma Rosé,79,Finland,1917,"<a href=""https://bsp.fi/"">Website</a>","<a href=""https://www.facebook.com/brinkhalls"">Facebook</a>","<a href=""https://www.instagram.com/brinkhallsparkling/"">Instagram</a>","<a href=""https://maps.google.com/?cid=10856204128601037922"">Google</a>",,,"<a href=""https://untappd.com/BrinkhallSparkling"">Untappd</a>"
306,2023,Flavoured Ciders,🥉 Bronze,Het Hamerstuk,Het Hamerstuk,Hamerstuk Appel-Peer-Mispel,78.7,Netherlands,2723,"<a href=""https://hethamerstuk.nl/"">Website</a>","<a href=""https://www.facebook.com/HetHamerstuk/"">Facebook</a>","<a href=""https://www.instagram.com/hethamerstuk"">Instagram</a>","<a href=""https://maps.google.com/?cid=11584128023568770529"">Google</a>",,,"<a href=""https://untappd.com/Hamerstuk"">Untappd</a>"
307,2023,Flavoured Ciders,🥉 Bronze,Lokinės Dvaras,Lokinės Dvaras,Sidras iš Lokinės dvaro. Bajorienės,77.8,Lithuania,3019,,"<a href=""https://www.facebook.com/profile.php?id=100069905435999"">Facebook</a>","<a href=""https://www.instagram.com/lokinesdvaras/"">Instagram</a>","<a href=""https://maps.google.com/?cid=17585922794659656889"">Google</a>",,,
308,2023,Flavoured Ciders,🥉 Bronze,Apal Sideri,Apal Sideri,Svaggen,77.3,Norway,3002,"<a href=""https://apalsideri.no/"">Website</a>","<a href=""https://www.facebook.com/apalsideri"">Facebook</a>","<a href=""https://www.instagram.com/apal_sideri"">Instagram</a>","<a href=""https://maps.google.com/?cid=5061308997335336207"">Google</a>",,,"<a href=""https://untappd.com/w/apal-sideri/466579"">Untappd</a>"
309,2023,Flavoured Ciders,🥉 Bronze,Lauskis,Lauskis,Chokeberry Cider,77.1,Latvia,2799,"<a href=""http://www.lauskissidrs.lv/"">Website</a>","<a href=""https://www.facebook.com/vinadaritavalauskis"">Facebook</a>",,"<a href=""https://maps.google.com/?cid=12945376031877773481"">Google</a>",,,"<a href=""https://untappd.com/w/vina-daritava-lauskis/463428"">Untappd</a>"
310,2023,Flavoured Ciders,🥉 Bronze,Nerijus Kaučikas,Nerijus Kaučikas,Grassroots,76.4,Lithuania,X,,,,,,,
311,2023,Flavoured Ciders,🥉 Bronze,Zilver,Zilver,Apiņu Sidrs,76.1,Latvia,3038,"<a href=""https://zilver.lv/"">Website</a>","<a href=""https://www.facebook.com/Zilver.lv/"">Facebook</a>",,"<a href=""https://maps.google.com/?cid=11431791076365254264"">Google</a>",,,"<a href=""https://untappd.com/w/zilver-dzerienu-daritava/479974"">Untappd</a>"
312,2023,Flavoured Ciders,🥉 Bronze,OmCider,OmCider,Odel,75.8,Norway,2753,"<a href=""https://omcider.no/"">Website</a>","<a href=""https://www.facebook.com/OmCiderAS/"">Facebook</a>","<a href=""https://www.instagram.com/omcideras/"">Instagram</a>","<a href=""https://maps.google.com/?cid=1800091822223931241"">Google</a>",,,"<a href=""https://untappd.com/w/omcider/492586"">Untappd</a>"
313,2023,Flavoured Ciders,🥉 Bronze,Der Kleine Cidre Betrieb,Der Kleine Cidre Betrieb,Diestedder Berg,75.7,Germany,2979,"<a href=""https://www.cidre-betrieb.de/"">Website</a>",,"<a href=""https://www.instagram.com/der.kleine.cidre.betrieb/"">Instagram</a>",,,,
314,2023,Flavoured Ciders,🥉 Bronze,Tālava,Tālava,Tālava Apple Cider with Hops,75,Latvia,2142,"<a href=""https://www.talava.lv/"">Website</a>","<a href=""https://www.facebook.com/talavassidrs"">Facebook</a>","<a href=""https://www.instagram.com/talavas_sidrs/"">Instagram</a>","<a href=""https://maps.google.com/?cid=16414834196985036378"">Google</a>",,,"<a href=""https://untappd.com/TalavasSidrs"">Untappd</a>"
315,2023,Flavoured Ciders,🥉 Bronze,Vestavin,Vestavin,Eplehagen,74.1,Norway,3166,"<a href=""https://www.vestavin.no/"">Website</a>","<a href=""https://www.facebook.com/vestavin"">Facebook</a>","<a href=""https://www.instagram.com/vestavinen/"">Instagram</a>",,,,
316,2023,Flavoured Ciders,🥉 Bronze,Sajder Insajder,Sajder Insajder,Insajder,73.4,Serbia,3039,"<a href=""https://www.sajderinsajder.com/"">Website</a>","<a href=""https://www.facebook.com/sajderinsajder"">Facebook</a>","<a href=""https://www.instagram.com/sajderinsajder/"">Instagram</a>",,,,
317,2023,Flavoured Ciders,🥉 Bronze,Lien Gård,Lien Gård,Livlig Eplesider Eple & Rabarbra 2021,73.1,Norway,3017,"<a href=""https://www.liengard-telemark.no/"">Website</a>","<a href=""https://www.facebook.com/lien3812Akkerhaugen/"">Facebook</a>","<a href=""https://www.instagram.com/lien_gard_telemark"">Instagram</a>","<a href=""https://maps.google.com/?cid=9873512223911132771"">Google</a>",,,"<a href=""https://untappd.com/LienGrd"">Untappd</a>"
318,2023,Flavoured Ciders,🥉 Bronze,Ottercider,Ottercider,Roos - Ottercider,72.7,Belgium,2749,"<a href=""https://www.ottercider.be/"">Website</a>","<a href=""https://www.facebook.com/Ottercider"">Facebook</a>","<a href=""https://www.instagram.com/ottercider"">Instagram</a>",,,,"<a href=""https://untappd.com/Ottercider"">Untappd</a>"
319,2023,Flavoured Ciders,🥉 Bronze,Mūrbūdu,Mūrbūdu,Aronia Cider,71.5,Latvia,2167,"<a href=""https://www.nenormalssidrs.lv/"">Website</a>","<a href=""https://www.facebook.com/murbudu/"">Facebook</a>","<a href=""https://www.instagram.com/murbudu_sidrs/"">Instagram</a>","<a href=""https://maps.google.com/?cid=15847061061259139900"">Google</a>",,,"<a href=""https://untappd.com/MurbuduSidraDaritava"">Untappd</a>"
320,2023,Flavoured Ciders,🥉 Bronze,Lepaan Viinitila,Lepaan Viinitila,Born to be Mild 2022,70.8,Finland,3009,"<a href=""https://hami.fi/lepaan-viinitila/"">Website</a>","<a href=""https://www.facebook.com/lepaanviinitila"">Facebook</a>","<a href=""https://www.instagram.com/lepaan_viinitila/"">Instagram</a>","<a href=""https://maps.google.com/?cid=7138449627274189739"">Google</a>",,"<a href=""https://www.tripadvisor.com/Attraction_Review-g798740-d12031727"">TripAdvisor</a>","<a href=""https://untappd.com/w/lepaan-viinitila/79175"">Untappd</a>"
321,2023,Sidra Natural,🏆 Winner,Zapiain,Zapiain,Joanes de Zapiain 2022,94.3,Spain,1172,"<a href=""https://zapiain.eus/"">Website</a>","<a href=""https://www.facebook.com/zapiainsagardoa"">Facebook</a>","<a href=""https://www.instagram.com/zapiainsagardoa/"">Instagram</a>","<a href=""https://maps.google.com/?cid=16982677267877188990"">Google</a>",,"<a href=""https://www.tripadvisor.com/Restaurant_Review-g1064182-d3806229"">TripAdvisor</a>","<a href=""https://untappd.com/ZapiainSagardoa"">Untappd</a>"
322,2023,Sidra Natural,🥇 Gold,Isastegi,Isastegi,Sidra Natural Isastegi D.O. Premium,91.2,Spain,1546,"<a href=""https://www.isastegi.com/"">Website</a>","<a href=""https://www.facebook.com/isastegi.sagardotegia"">Facebook</a>","<a href=""https://www.instagram.com/isastegi/"">Instagram</a>","<a href=""https://maps.google.com/?cid=3927960308349571227"">Google</a>",,"<a href=""https://www.tripadvisor.com/Restaurant_Review-g1064362-d5772954"">TripAdvisor</a>","<a href=""https://untappd.com/brewery/6054"">Untappd</a>"
323,2023,Sidra Natural,🥇 Gold,The Drunken Pharmacist,The Drunken Pharmacist,Sidra Natural,90.1,Portugal,2492,,"<a href=""https://www.facebook.com/profile.php?id=100093795090507"">Facebook</a>","<a href=""https://www.instagram.com/thedrunkenpharmacist_/"">Instagram</a>",,,,"<a href=""https://untappd.com/w/the-drunken-pharmacist/543354"">Untappd</a>"
324,2023,Sidra Natural,🥈 Silver,Petritegi,Petritegi,Petritegi Premium,85.8,Spain,1171,"<a href=""https://www.petritegi.com/"">Website</a>","<a href=""https://www.facebook.com/Petritegi/"">Facebook</a>","<a href=""https://www.instagram.com/petritegi"">Instagram</a>","<a href=""https://maps.google.com/?cid=16425101977693923721"">Google</a>","<a href=""https://www.yelp.com/biz/petritegi-astigarraga"">Yelp</a>","<a href=""https://www.tripadvisor.com/Restaurant_Review-g1064182-d2266030"">TripAdvisor</a>","<a href=""https://untappd.com/brewery/51639"">Untappd</a>"
325,2023,Sidra Natural,🥈 Silver,R. Zabala,R. Zabala,R80 Sagardoa / Sidra Natural,82.8,Spain,1424,"<a href=""https://www.rzabala.com/"">Website</a>","<a href=""https://www.facebook.com/zabalasagardotegia"">Facebook</a>","<a href=""https://www.instagram.com/zabalasagardotegia/"">Instagram</a>","<a href=""https://maps.google.com/?cid=5479255229461192336"">Google</a>",,"<a href=""https://www.tripadvisor.com/Restaurant_Review-g2578771-d9821714"">TripAdvisor</a>","<a href=""https://untappd.com/w/r-zabala/186717"">Untappd</a>"
326,2023,Sidra Natural,🥈 Silver,Köpings Musteri,Köpings Musteri,Agda Marianne,82.6,Sweden,3014,"<a href=""https://kopingsmusteri.se/"">Website</a>","<a href=""https://www.facebook.com/kopingsmusteri"">Facebook</a>","<a href=""https://www.instagram.com/kopingsmusteri/"">Instagram</a>","<a href=""https://maps.google.com/?cid=5623943899960625759"">Google</a>",,"<a href=""https://www.tripadvisor.com/Attraction_Review-g679646-d12595815"">TripAdvisor</a>","<a href=""https://untappd.com/KopingsMusteri"">Untappd</a>"
327,2023,Sidra Natural,🥈 Silver,Cydr Dwaj Bracia,Cydr Dwaj Bracia,Alwa Naturalna,80.5,Poland,3006,"<a href=""https://dwajbracia.pl/"">Website</a>","<a href=""https://www.facebook.com/profile.php?id=100094619362211"">Facebook</a>","<a href=""https://www.instagram.com/cydr_dwaj_bracia"">Instagram</a>",,,,"<a href=""https://untappd.com/w/cydr-dwaj-bracia/551234"">Untappd</a>"
328,2023,Sidra Natural,🥉 Bronze,Hardanger Saft og Siderfabrikk,Hardanger Saft og Siderfabrikk,Hardanger Dronning,78.7,Norway,3010,"<a href=""https://hardangersider.no/"">Website</a>","<a href=""https://www.facebook.com/HardangerSaftogSiderfabrikk/"">Facebook</a>","<a href=""https://www.instagram.com/hardangersaftogsiderfabrikk/"">Instagram</a>","<a href=""https://maps.google.com/?cid=12869878933054305699"">Google</a>",,"<a href=""https://www.tripadvisor.com/Attraction_Review-g7159542-d4893441"">TripAdvisor</a>","<a href=""https://untappd.com/w/hardanger-saft-og-siderfabrikk/42913"">Untappd</a>"
329,2023,Sidra Natural,🥉 Bronze,Cydr Radosny,Cydr Radosny,Kamieniaki Sur Lie 2022,78.5,Poland,2728,,"<a href=""https://www.facebook.com/profile.php?id=100051369316323"">Facebook</a>","<a href=""https://www.instagram.com/cydr_radosny/"">Instagram</a>","<a href=""https://maps.google.com/?cid=7526262440248480679"">Google</a>",,,"<a href=""https://untappd.com/w/cydr-radosny/509782"">Untappd</a>"
330,2023,Sidra Natural,🥉 Bronze,Juozas & Dange,Juozas & Dange,Smilga Cider,71.5,Lithuania,X,,,,,,,
331,2023,Sidra Natural,🥉 Bronze,Sidra Salvaje,Sidra Salvaje,Sidra Natural Salvaje,69.9,Spain,2997,"<a href=""https://sidrasalvaje.com/"">Website</a>","<a href=""https://www.facebook.com/sidrasalvaje/"">Facebook</a>",,"<a href=""https://maps.google.com/?cid=16983679432504402503"">Google</a>",,,"<a href=""https://untappd.com/w/bodega-don-pedro-leivas/547811"">Untappd</a>"
332,2023,Sparkling,🏆 Winner,Abavas,Abavas,Abavas Secret Garden Dry Pet-Nat,91.1,Latvia,2363,"<a href=""https://www.abavas.lv/"">Website</a>","<a href=""https://www.facebook.com/abavas.vinadaritava/"">Facebook</a>","<a href=""https://www.instagram.com/abavas_vini/"">Instagram</a>","<a href=""https://maps.google.com/?cid=11387034393378720853"">Google</a>",,"<a href=""https://www.tripadvisor.com/Attraction_Review-g608944-d23945082"">TripAdvisor</a>","<a href=""https://untappd.com/w/sia-abavas-da-rzi/153183"">Untappd</a>"
333,2023,Sparkling,🏆 Winner,Jaanihanso,Jaanihanso,Jaanihanso Sec Methode Traditionnelle,91.1,Estonia,1927,"<a href=""http://www.jaanihanso.ee/"">Website</a>","<a href=""https://www.facebook.com/Jaanihanso"">Facebook</a>","<a href=""https://www.instagram.com/jaanihanso/"">Instagram</a>","<a href=""https://maps.google.com/?cid=7606641832512391290"">Google</a>",,"<a href=""https://www.tripadvisor.com/Attraction_Review-g274956-d12851482"">TripAdvisor</a>","<a href=""https://untappd.com/Jaanihanso"">Untappd</a>"
334,2023,Sparkling,🥇 Gold,Paladeus,Paladeus,Red Rose Cider,90.9,Italy,3024,"<a href=""http://www.paladeus.it/"">Website</a>","<a href=""https://www.facebook.com/profile.php?id=100067062071715"">Facebook</a>","<a href=""https://www.instagram.com/paladeus_cider/"">Instagram</a>","<a href=""https://maps.google.com/?cid=8605615739361573597"">Google</a>",,,"<a href=""https://untappd.com/w/paladeus/538622"">Untappd</a>"
335,2023,Sparkling,🥇 Gold,Jaanihanso,Jaanihanso,Jaanihanso Doux Methode Traditionnelle,90.7,Estonia,1927,"<a href=""http://www.jaanihanso.ee/"">Website</a>","<a href=""https://www.facebook.com/Jaanihanso"">Facebook</a>","<a href=""https://www.instagram.com/jaanihanso/"">Instagram</a>","<a href=""https://maps.google.com/?cid=7606641832512391290"">Google</a>",,"<a href=""https://www.tripadvisor.com/Attraction_Review-g274956-d12851482"">TripAdvisor</a>","<a href=""https://untappd.com/Jaanihanso"">Untappd</a>"
336,2023,Sparkling,🥈 Silver,Maison Gamet,Maison Gamet,Cidre 2021,87.3,France,3020,"<a href=""https://www.champagne-gamet.com/"">Website</a>","<a href=""https://www.facebook.com/champagnegamet/"">Facebook</a>","<a href=""https://www.instagram.com/maisongamet/"">Instagram</a>","<a href=""https://maps.google.com/?cid=2134767644830018935"">Google</a>",,,"<a href=""https://untappd.com/w/maison-gamet/535474"">Untappd</a>"
337,2023,Sparkling,🥈 Silver,Lepaan Viinitila,Lepaan Viinitila,Kolli 2020,84.6,Finland,3009,"<a href=""https://hami.fi/lepaan-viinitila/"">Website</a>","<a href=""https://www.facebook.com/lepaanviinitila"">Facebook</a>","<a href=""https://www.instagram.com/lepaan_viinitila/"">Instagram</a>","<a href=""https://maps.google.com/?cid=7138449627274189739"">Google</a>",,"<a href=""https://www.tripadvisor.com/Attraction_Review-g798740-d12031727"">TripAdvisor</a>","<a href=""https://untappd.com/w/lepaan-viinitila/79175"">Untappd</a>"
338,2023,Sparkling,🥈 Silver,Andersen Winery,Andersen Winery,Sigrid Æble Brut,84.5,Denmark,3001,"<a href=""https://andersenwinery.dk/"">Website</a>","<a href=""https://www.facebook.com/andersenwinery"">Facebook</a>","<a href=""https://www.instagram.com/andersenwinery/"">Instagram</a>","<a href=""https://maps.google.com/?cid=1091487036715359602"">Google</a>",,"<a href=""https://www.tripadvisor.com/Attraction_Review-g1699896-d20578301"">TripAdvisor</a>","<a href=""https://untappd.com/w/andersen-winery/508619"">Untappd</a>"
339,2023,Sparkling,🥈 Silver,Domaine des 5 Autels,Domaine des 5 Autels,Cuvée Claude,83.7,France,2591,"<a href=""https://cinqautels.com/"">Website</a>","<a href=""https://www.facebook.com/5Autels/"">Facebook</a>","<a href=""https://www.instagram.com/5autels/"">Instagram</a>","<a href=""https://maps.google.com/?cid=1561300018564057036"">Google</a>",,"<a href=""https://www.tripadvisor.com/Hotel_Review-g1385431-d1308959"">TripAdvisor</a>","<a href=""https://untappd.com/w/domaine-des-cinqs-autels/519014"">Untappd</a>"
340,2023,Sparkling,🥈 Silver,Bugarden,Bugarden,Merak,83,Norway,3004,"<a href=""https://www.bugarden.no/"">Website</a>",,,,,,"<a href=""https://untappd.com/w/bugarden/556870"">Untappd</a>"
341,2023,Sparkling,🥈 Silver,Harding Økologiske Sideri,Harding Økologiske Sideri,Harding Uten Filter,83,Norway,1415,"<a href=""https://www.hardingsideri.no/"">Website</a>","<a href=""https://www.facebook.com/HardingSideri"">Facebook</a>","<a href=""https://www.instagram.com/hardingsideri/"">Instagram</a>","<a href=""https://maps.google.com/?cid=12919577292319496906"">Google</a>",,,"<a href=""https://untappd.com/HardingSideri"">Untappd</a>"
342,2023,Sparkling,🥈 Silver,Sidra Alfa,Sidra Alfa,Espumante de Sidra Alfa,82.7,Portugal,2756,"<a href=""https://sidraalfa.pt/"">Website</a>","<a href=""https://www.facebook.com/Sidralfa1/"">Facebook</a>","<a href=""https://www.instagram.com/sidra_alfa/"">Instagram</a>",,,,"<a href=""https://untappd.com/w/sidra-alfa/545661"">Untappd</a>"
343,2023,Sparkling,🥈 Silver,Buhre & Reuter,Buhre & Reuter,The Blind Goose,82.5,Sweden,X,,,,,,,
344,2023,Sparkling,🥈 Silver,Ølmheim Siderhage,Ølmheim Siderhage,Ølmheim Siderhage 5 md,82,Norway,3023,"<a href=""https://www.siderhagen.no/"">Website</a>","<a href=""https://www.facebook.com/siderhagen/"">Facebook</a>","<a href=""https://www.instagram.com/siderhagen/"">Instagram</a>","<a href=""https://maps.google.com/?cid=5325970145779419536"">Google</a>",,,"<a href=""https://untappd.com/w/olmheim-siderhage/550760"">Untappd</a>"
345,2023,Sparkling,🥈 Silver,Rudenstams Bär & Frukt,Rudenstams Bär & Frukt,Rudu Cider (22-15),81.7,Sweden,2995,"<a href=""https://rudenstam.se/"">Website</a>","<a href=""https://www.facebook.com/rudenstamsgardsbutik"">Facebook</a>","<a href=""https://www.instagram.com/rudenstams/"">Instagram</a>","<a href=""https://maps.google.com/?cid=9422723088440708292"">Google</a>",,"<a href=""https://www.tripadvisor.com/Attraction_Review-g226899-d4590738"">TripAdvisor</a>","<a href=""https://untappd.com/w/rudenstams-bar-frukt/105066"">Untappd</a>"
346,2023,Sparkling,🥈 Silver,Cydr Chyliczki,Cydr Chyliczki,Premium 2022,81.7,Poland,2703,"<a href=""https://cydrchyliczki.pl/"">Website</a>","<a href=""https://www.facebook.com/cydrchyliczki/"">Facebook</a>","<a href=""https://www.instagram.com/cydrchyliczki/"">Instagram</a>",,,,"<a href=""https://untappd.com/w/cydr-chyliczki/271740"">Untappd</a>"
347,2023,Sparkling,🥈 Silver,Domaine des 5 Autels,Domaine des 5 Autels,Cuvée Jean-René,81.5,France,2591,"<a href=""https://cinqautels.com/"">Website</a>","<a href=""https://www.facebook.com/5Autels/"">Facebook</a>","<a href=""https://www.instagram.com/5autels/"">Instagram</a>","<a href=""https://maps.google.com/?cid=1561300018564057036"">Google</a>",,"<a href=""https://www.tripadvisor.com/Hotel_Review-g1385431-d1308959"">TripAdvisor</a>","<a href=""https://untappd.com/w/domaine-des-cinqs-autels/519014"">Untappd</a>"
348,2023,Sparkling,🥈 Silver,Bugarden,Bugarden,Minerva,80.7,Norway,3004,"<a href=""https://www.bugarden.no/"">Website</a>",,,,,,"<a href=""https://untappd.com/w/bugarden/556870"">Untappd</a>"
349,2023,Sparkling,🥈 Silver,Abuls,Abuls,Kerr,80.5,Latvia,2361,"<a href=""https://www.abuls.lv/"">Website</a>","<a href=""https://www.facebook.com/sidrsAbuls/"">Facebook</a>","<a href=""https://www.instagram.com/abuls_sidrs/"">Instagram</a>","<a href=""https://maps.google.com/?cid=12371654123090416644"">Google</a>",,,"<a href=""https://untappd.com/Abuls"">Untappd</a>"
350,2023,Sparkling,🥈 Silver,Abavas,Abavas,Abavas Nordic Brut,80.1,Latvia,2363,"<a href=""https://www.abavas.lv/"">Website</a>","<a href=""https://www.facebook.com/abavas.vinadaritava/"">Facebook</a>","<a href=""https://www.instagram.com/abavas_vini/"">Instagram</a>","<a href=""https://maps.google.com/?cid=11387034393378720853"">Google</a>",,"<a href=""https://www.tripadvisor.com/Attraction_Review-g608944-d23945082"">TripAdvisor</a>","<a href=""https://untappd.com/w/sia-abavas-da-rzi/153183"">Untappd</a>"
351,2023,Sparkling,🥈 Silver,Brinkhall Sparkling,Brinkhall Sparkling,Prestige Brut,79.8,Finland,1917,"<a href=""https://bsp.fi/"">Website</a>","<a href=""https://www.facebook.com/brinkhalls"">Facebook</a>","<a href=""https://www.instagram.com/brinkhallsparkling/"">Instagram</a>","<a href=""https://maps.google.com/?cid=10856204128601037922"">Google</a>",,,"<a href=""https://untappd.com/BrinkhallSparkling"">Untappd</a>"
352,2023,Sparkling,🥉 Bronze,Cydrownia Zywer,Cydrownia Zywer,Croncels 2022,76.7,Poland,2484,"<a href=""https://zywer.pl/"">Website</a>","<a href=""https://www.facebook.com/CydrowniaZywer"">Facebook</a>","<a href=""https://www.instagram.com/cydrowniazywer/"">Instagram</a>","<a href=""https://maps.google.com/?cid=10041242298570436703"">Google</a>",,,"<a href=""https://untappd.com/cydrowniazywer"">Untappd</a>"
353,2023,Sparkling,🥉 Bronze,Lingebakken,Lingebakken,Polisång,76.7,Norway,3018,"<a href=""https://www.lingebakken.no/"">Website</a>","<a href=""https://www.facebook.com/Lingebakkenfrukt/"">Facebook</a>","<a href=""https://www.instagram.com/lingebakken"">Instagram</a>","<a href=""https://maps.google.com/?cid=10220638985890464265"">Google</a>",,,"<a href=""https://untappd.com/w/lingebakken/519896"">Untappd</a>"
354,2023,Sparkling,🥉 Bronze,Appleblood Cider,Appleblood Cider,Sidera Brut 2020,76.3,Italy,3028,"<a href=""https://applebloodcider.com/"">Website</a>","<a href=""https://www.facebook.com/applebloodcider"">Facebook</a>","<a href=""https://www.instagram.com/applebloodcider/"">Instagram</a>","<a href=""https://maps.google.com/?cid=14977227174949746380"">Google</a>",,,"<a href=""https://untappd.com/w/apple-blood-cider/474058"">Untappd</a>"
355,2023,Ice Cider,🏆 Winner,Zapiain,Zapiain,Bizi Goxo 2017,94.9,Spain,1172,"<a href=""https://zapiain.eus/"">Website</a>","<a href=""https://www.facebook.com/zapiainsagardoa"">Facebook</a>","<a href=""https://www.instagram.com/zapiainsagardoa/"">Instagram</a>","<a href=""https://maps.google.com/?cid=16982677267877188990"">Google</a>",,"<a href=""https://www.tripadvisor.com/Restaurant_Review-g1064182-d3806229"">TripAdvisor</a>","<a href=""https://untappd.com/ZapiainSagardoa"">Untappd</a>"
356,2023,Ice Cider,🏆 Winner,Lepola Drinks,Lepola Drinks,Lepola Vega Ice Cider,94.8,Finland,3015,"<a href=""https://lepoladrinks.fi/"">Website</a>","<a href=""https://www.facebook.com/lepoladrinks/"">Facebook</a>","<a href=""https://www.instagram.com/lepola_drinks/"">Instagram</a>","<a href=""https://maps.google.com/?cid=10912023971262858580"">Google</a>",,,"<a href=""https://untappd.com/w/lepola/401095"">Untappd</a>"
357,2023,Ice Cider,🥇 Gold,Klövsjö Gårdsbryggeri,Klövsjö Gårdsbryggeri,Fågelvik Iscider,94.7,Sweden,3013,"<a href=""https://www.kgb-bryggeri.se/"">Website</a>",,,"<a href=""https://maps.google.com/?cid=2229089414135910638"">Google</a>",,,"<a href=""https://untappd.com/w/kl-vsj-g-rdsbryggeri/20072"">Untappd</a>"
358,2023,Ice Cider,🥇 Gold,Bute Cider,Bute Cider,Bute Mousserande Ice Cider,94.6,Sweden,3005,"<a href=""http://www.butecider.se/"">Website</a>","<a href=""https://www.facebook.com/profile.php?id=100063642933369"">Facebook</a>","<a href=""https://www.instagram.com/butecider"">Instagram</a>",,,,"<a href=""https://untappd.com/w/bute-cider/514579"">Untappd</a>"
359,2023,Ice Cider,🥇 Gold,Tori Siidritalu,Tori Siidritalu,"Tori ""Jää"" Ice-cider",91.9,Estonia,3036,"<a href=""https://siidritalu.ee/"">Website</a>","<a href=""https://www.facebook.com/Torisiidritalu"">Facebook</a>","<a href=""https://www.instagram.com/tori_siidritalu/"">Instagram</a>","<a href=""https://maps.google.com/?cid=12573071235401057897"">Google</a>",,"<a href=""https://www.tripadvisor.com/Attraction_Review-g3296605-d9835124"">TripAdvisor</a>","<a href=""https://untappd.com/w/tori-joesuu-siidri-ja-veinitalu/256691"">Untappd</a>"
360,2023,Ice Cider,🥇 Gold,Hardangerbonden,Hardangerbonden,Issider Aroma og Summerred,91.9,Norway,3011,"<a href=""https://www.hardangerbonden.no/"">Website</a>","<a href=""https://www.facebook.com/Hardangerbonden/"">Facebook</a>","<a href=""https://www.instagram.com/hardangerbonden/"">Instagram</a>","<a href=""https://maps.google.com/?cid=13224629755021668502"">Google</a>",,,"<a href=""https://untappd.com/w/hardangerbonden/496030"">Untappd</a>"
361,2023,Ice Cider,🥇 Gold,Veinimäe,Veinimäe,Veinimäe Ice Cider,91.7,Estonia,3037,"<a href=""https://veinimae.ee/"">Website</a>","<a href=""https://www.facebook.com/veinimae"">Facebook</a>","<a href=""https://www.instagram.com/veinimae/"">Instagram</a>","<a href=""https://maps.google.com/?cid=8886313303772913711"">Google</a>",,,"<a href=""https://untappd.com/w/veinimae-talu/457675"">Untappd</a>"
362,2023,Ice Cider,🥇 Gold,Hardanger Saft og Siderfabrikk,Hardanger Saft og Siderfabrikk,Issider,91.5,Norway,3010,"<a href=""https://hardangersider.no/"">Website</a>","<a href=""https://www.facebook.com/HardangerSaftogSiderfabrikk/"">Facebook</a>","<a href=""https://www.instagram.com/hardangersaftogsiderfabrikk/"">Instagram</a>","<a href=""https://maps.google.com/?cid=12869878933054305699"">Google</a>",,"<a href=""https://www.tripadvisor.com/Attraction_Review-g7159542-d4893441"">TripAdvisor</a>","<a href=""https://untappd.com/w/hardanger-saft-og-siderfabrikk/42913"">Untappd</a>"
363,2023,Ice Cider,🥈 Silver,Cydr Chyliczki,Cydr Chyliczki,Cydr Lodowy 2018,84.1,Poland,2703,"<a href=""https://cydrchyliczki.pl/"">Website</a>","<a href=""https://www.facebook.com/cydrchyliczki/"">Facebook</a>","<a href=""https://www.instagram.com/cydrchyliczki/"">Instagram</a>",,,,"<a href=""https://untappd.com/w/cydr-chyliczki/271740"">Untappd</a>"
364,2023,Ice Cider,🥈 Silver,Kvestad Sideri,Kvestad Sideri,Kvestad Issider,82.1,Norway,2545,"<a href=""https://www.kvestadsideri.no/"">Website</a>","<a href=""https://www.facebook.com/kvestadsideri/"">Facebook</a>","<a href=""https://www.instagram.com/kvestadsideri/"">Instagram</a>","<a href=""https://maps.google.com/?cid=16077910184660188927"">Google</a>",,,"<a href=""https://untappd.com/w/kvestad-sideri/457055"">Untappd</a>"
365,2023,Ice Cider,🥈 Silver,Store Naa Siderkompani,Store Naa Siderkompani,Issider Brudeferd,79.9,Norway,2604,"<a href=""https://www.storenaasiderkompani.com/"">Website</a>","<a href=""https://www.facebook.com/Storenaasiderkompani/"">Facebook</a>","<a href=""https://www.instagram.com/storenaasiderkompani/"">Instagram</a>","<a href=""https://maps.google.com/?cid=15254622508133860404"">Google</a>",,,"<a href=""https://untappd.com/w/store-naa-siderkompani/442862"">Untappd</a>"
366,2023,Ice Cider,🥉 Bronze,Restauracja Tabun,Restauracja Tabun,Tabun Cydr Lodowy,78.9,Poland,2744,"<a href=""https://www.restauracjatabun.pl/"">Website</a>","<a href=""https://www.facebook.com/TABUNCYDR/"">Facebook</a>","<a href=""https://www.instagram.com/tabuncydr/"">Instagram</a>","<a href=""https://maps.google.com/?cid=13556304642115496222"">Google</a>",,"<a href=""https://www.tripadvisor.com/Restaurant_Review-g3222438-d2654599"">TripAdvisor</a>","<a href=""https://untappd.com/w/tabun/434136"">Untappd</a>"
367,2023,Ice Cider,🥉 Bronze,Iessel Cider,Iessel Cider,Iessel Ĳscider,78.9,Netherlands,2736,"<a href=""https://www.iesselcider.nl/"">Website</a>","<a href=""https://www.facebook.com/iesselcider/"">Facebook</a>","<a href=""https://www.instagram.com/iessel_cider/"">Instagram</a>","<a href=""https://maps.google.com/?cid=10819175046461159669"">Google</a>",,,"<a href=""https://untappd.com/IESSEL_Cider"">Untappd</a>"
368,2023,Ice Cider,🥉 Bronze,Nerø Frukt og Sider,Nerø Frukt og Sider,Purity,74.1,Norway,2606,"<a href=""https://www.nerofrukt.no/"">Website</a>","<a href=""https://www.facebook.com/people/NeR%C3%B8-Frukt-og-Sider/100070115946607/"">Facebook</a>","<a href=""https://www.instagram.com/nerofrukt/"">Instagram</a>","<a href=""https://maps.google.com/?cid=2060180241711172985"">Google</a>",,,"<a href=""https://untappd.com/w/nero-frukt-og-sider/467847"">Untappd</a>"
369,2023,Ice Cider,🥉 Bronze,Eiane Gard,Eiane Gard,Elodie 2022,73.6,Norway,3008,"<a href=""https://www.eianegard.no/"">Website</a>","<a href=""https://www.facebook.com/eianegard"">Facebook</a>","<a href=""https://www.instagram.com/eianegard/"">Instagram</a>","<a href=""https://maps.google.com/?cid=13089067596466030259"">Google</a>",,,"<a href=""https://untappd.com/eianegard"">Untappd</a>"
370,2023,Fruit Wine & Perry,🏆 Winner,Böhm Ciderwerkstatt,Böhm Ciderwerkstatt,Apfel-Quitte Cider,96.9,Germany,2975,"<a href=""https://www.boehm-cider.de/"">Website</a>","<a href=""https://www.facebook.com/ciderwerkstatt/"">Facebook</a>","<a href=""https://www.instagram.com/boehm_ciderwerkstatt"">Instagram</a>","<a href=""https://maps.google.com/?cid=4561270118581123333"">Google</a>",,,
371,2023,Fruit Wine & Perry,🥇 Gold,Ainoa Winery,Ainoa Winery,Ainoa Kaste,90.9,Finland,2999,"<a href=""https://ainoawinery.com/"">Website</a>","<a href=""https://www.facebook.com/ainoawinery/"">Facebook</a>","<a href=""https://www.instagram.com/ainoawinery/"">Instagram</a>","<a href=""https://maps.google.com/?cid=9038287289493115977"">Google</a>",,,"<a href=""https://untappd.com/w/ainoa/474000"">Untappd</a>"
372,2023,Fruit Wine & Perry,🥇 Gold,Hebnes Vingard,Hebnes Vingard,Honey Honey / Midtsommar,89.9,Norway,3167,"<a href=""https://www.hebnesvingard.no/"">Website</a>","<a href=""https://www.facebook.com/Hebnesvingard/"">Facebook</a>","<a href=""https://www.instagram.com/hebnes_vingard/"">Instagram</a>",,,"<a href=""https://www.tripadvisor.com/Attraction_Review-g15243995-d24154463"">TripAdvisor</a>",
373,2023,Fruit Wine & Perry,🥈 Silver,Andersen Winery,Andersen Winery,Elmsfeuer Rhubarb Sec,86.3,Denmark,3001,"<a href=""https://andersenwinery.dk/"">Website</a>","<a href=""https://www.facebook.com/andersenwinery"">Facebook</a>","<a href=""https://www.instagram.com/andersenwinery/"">Instagram</a>","<a href=""https://maps.google.com/?cid=1091487036715359602"">Google</a>",,"<a href=""https://www.tripadvisor.com/Attraction_Review-g1699896-d20578301"">TripAdvisor</a>","<a href=""https://untappd.com/w/andersen-winery/508619"">Untappd</a>"
374,2023,Fruit Wine & Perry,🥈 Silver,Ainoa Winery,Ainoa Winery,Ainoa Sametti,85.3,Finland,2999,"<a href=""https://ainoawinery.com/"">Website</a>","<a href=""https://www.facebook.com/ainoawinery/"">Facebook</a>","<a href=""https://www.instagram.com/ainoawinery/"">Instagram</a>","<a href=""https://maps.google.com/?cid=9038287289493115977"">Google</a>",,,"<a href=""https://untappd.com/w/ainoa/474000"">Untappd</a>"
375,2023,Fruit Wine & Perry,🥈 Silver,Mūrbūdu,Mūrbūdu,"Wild Perry ""Savvaļas Bumbieris""",83.7,Latvia,2167,"<a href=""https://www.nenormalssidrs.lv/"">Website</a>","<a href=""https://www.facebook.com/murbudu/"">Facebook</a>","<a href=""https://www.instagram.com/murbudu_sidrs/"">Instagram</a>","<a href=""https://maps.google.com/?cid=15847061061259139900"">Google</a>",,,"<a href=""https://untappd.com/MurbuduSidraDaritava"">Untappd</a>"
376,2023,Fruit Wine & Perry,🥈 Silver,Pirula,Pirula,Helmi,82.4,Finland,3026,"<a href=""https://www.pirula.fi/"">Website</a>","<a href=""https://www.facebook.com/pirula.fi/"">Facebook</a>","<a href=""https://www.instagram.com/pirulantila"">Instagram</a>","<a href=""https://maps.google.com/?cid=1283745269437501478"">Google</a>",,,"<a href=""https://untappd.com/w/pirula/442289"">Untappd</a>"
377,2023,Fruit Wine & Perry,🥈 Silver,Pirula,Pirula,Rose,81.1,Finland,3026,"<a href=""https://www.pirula.fi/"">Website</a>","<a href=""https://www.facebook.com/pirula.fi/"">Facebook</a>","<a href=""https://www.instagram.com/pirulantila"">Instagram</a>","<a href=""https://maps.google.com/?cid=1283745269437501478"">Google</a>",,,"<a href=""https://untappd.com/w/pirula/442289"">Untappd</a>"
378,2023,Fruit Wine & Perry,🥈 Silver,Anikonic,Anikonic,Aronia,80.1,Norway,3168,"<a href=""https://www.anikonic.no/"">Website</a>","<a href=""https://www.facebook.com/anikonicdrinks"">Facebook</a>","<a href=""https://www.instagram.com/anikonic_drinks/"">Instagram</a>",,,,"<a href=""https://untappd.com/w/anikonic/543805"">Untappd</a>"
379,2023,Fruit Wine & Perry,🥈 Silver,Mr. Plūme,Mr. Plūme,Perry 2021,79.7,Latvia,2073,"<a href=""https://www.mrplume.lv/"">Website</a>","<a href=""https://www.facebook.com/mrplumesidrs"">Facebook</a>","<a href=""https://www.instagram.com/mrplume_sidrs/"">Instagram</a>","<a href=""https://maps.google.com/?cid=9319841841199759114"">Google</a>",,,"<a href=""https://untappd.com/w/mr-plume/332485"">Untappd</a>"
380,2023,Fruit Wine & Perry,🥉 Bronze,Sabiles Sidrs,Sabiles Sidrs,Gardener's Craft Cider Pear & Apple,77.9,Latvia,2364,"<a href=""https://www.gardeners.lv/"">Website</a>","<a href=""https://www.facebook.com/sabiles.sidrs/"">Facebook</a>","<a href=""https://www.instagram.com/sabiles.sidrs/"">Instagram</a>","<a href=""https://maps.google.com/?cid=2950487918260459648"">Google</a>",,"<a href=""https://www.tripadvisor.com/Restaurant_Review-g2049841-d14914753"">TripAdvisor</a>","<a href=""https://untappd.com/w/sabiles-sidrs/201189"">Untappd</a>"
381,2023,Fruit Wine & Perry,🥉 Bronze,Ferme du Theil,Ferme du Theil,Poiré Signatures,76.1,France,2879,"<a href=""https://www.fermedutheil.com/"">Website</a>","<a href=""https://www.facebook.com/fermedutheil"">Facebook</a>","<a href=""https://www.instagram.com/fermedutheil/"">Instagram</a>","<a href=""https://maps.google.com/?cid=11988918544771126641"">Google</a>",,,"<a href=""https://untappd.com/w/gaec-rouland-ferme-du-theli/138309"">Untappd</a>"
382,2023,Fruit Wine & Perry,🥉 Bronze,Bjerregaarden,Bjerregaarden,Sparkling Rhubarb,75.3,Denmark,3003,"<a href=""https://www.bjerregaarden.dk/"">Website</a>",,"<a href=""https://www.instagram.com/bjerregaarden.dk/"">Instagram</a>","<a href=""https://maps.google.com/?cid=11442622936547961461"">Google</a>",,,
383,2023,Fruit Wine & Perry,🥉 Bronze,Elegast Cidery,Elegast Cidery,Regeneration,72.6,Netherlands,2660,"<a href=""https://elegastcider.nl/"">Website</a>","<a href=""https://www.facebook.com/elegastcidery/"">Facebook</a>","<a href=""https://www.instagram.com/elegast_cidery/"">Instagram</a>","<a href=""https://maps.google.com/?cid=5936408747857287023"">Google</a>",,,"<a href=""https://untappd.com/ElegastCidery"">Untappd</a>"
384,2023,Fruit Wine & Perry,🥉 Bronze,Cydrownia Filomelos,Cydrownia Filomelos,Perry Hulaj-Gruszka,70.7,Poland,2725,"<a href=""https://www.filomelos.pl/"">Website</a>","<a href=""https://www.facebook.com/cydrfilomelos/"">Facebook</a>",,"<a href=""https://maps.google.com/?cid=16799127381008481476"">Google</a>",,,"<a href=""https://untappd.com/Filomelos"">Untappd</a>"
385,2023,Open Class,🏆 Winner,Aga Sideri,Aga Sideri,Hermanshaug,91.5,Norway,2605,"<a href=""https://www.agasideri.no/"">Website</a>","<a href=""https://www.facebook.com/agasideri/"">Facebook</a>","<a href=""https://www.instagram.com/agasideri/"">Instagram</a>","<a href=""https://maps.google.com/?cid=13763004362793346500"">Google</a>",,"<a href=""https://www.tripadvisor.com/Attraction_Review-g2347995-d18177720"">TripAdvisor</a>","<a href=""https://untappd.com/w/aga-sideri/405076"">Untappd</a>"
386,2023,Open Class,🥈 Silver,Het Hamerstuk,Het Hamerstuk,Hamerstuk Appel-Peer-Souvignier Gris,89.1,Netherlands,2723,"<a href=""https://hethamerstuk.nl/"">Website</a>","<a href=""https://www.facebook.com/HetHamerstuk/"">Facebook</a>","<a href=""https://www.instagram.com/hethamerstuk"">Instagram</a>","<a href=""https://maps.google.com/?cid=11584128023568770529"">Google</a>",,,"<a href=""https://untappd.com/Hamerstuk"">Untappd</a>"
387,2023,Open Class,🥈 Silver,Alde Sider,Alde Sider,Alde Svans,84.1,Norway,2546,"<a href=""https://www.aldesider.no/"">Website</a>","<a href=""https://www.facebook.com/aldesider"">Facebook</a>","<a href=""https://www.instagram.com/aldesider/"">Instagram</a>","<a href=""https://maps.google.com/?cid=7838999053969928967"">Google</a>",,,"<a href=""https://untappd.com/Alde_hardanger"">Untappd</a>"
388,2023,Open Class,🥈 Silver,Het Hamerstuk,Het Hamerstuk,Hamerstuk Appel-Peer-Johanniter,83.1,Netherlands,2723,"<a href=""https://hethamerstuk.nl/"">Website</a>","<a href=""https://www.facebook.com/HetHamerstuk/"">Facebook</a>","<a href=""https://www.instagram.com/hethamerstuk"">Instagram</a>","<a href=""https://maps.google.com/?cid=11584128023568770529"">Google</a>",,,"<a href=""https://untappd.com/Hamerstuk"">Untappd</a>"
389,2023,Open Class,🥈 Silver,Pomologik,Pomologik,Ice Ice Baby,83,Sweden,2397,"<a href=""https://www.pomologik.se/"">Website</a>","<a href=""https://www.facebook.com/pomologik"">Facebook</a>","<a href=""https://www.instagram.com/Pomologik/"">Instagram</a>","<a href=""https://maps.google.com/?cid=17836181822390207936"">Google</a>",,,"<a href=""https://untappd.com/Pomologik_swe"">Untappd</a>"
390,2023,Open Class,🥈 Silver,Tori Siidritalu,Tori Siidritalu,"Tori Apple Liqueur ""Ritika""",82.9,Estonia,3036,"<a href=""https://siidritalu.ee/"">Website</a>","<a href=""https://www.facebook.com/Torisiidritalu"">Facebook</a>","<a href=""https://www.instagram.com/tori_siidritalu/"">Instagram</a>","<a href=""https://maps.google.com/?cid=12573071235401057897"">Google</a>",,"<a href=""https://www.tripadvisor.com/Attraction_Review-g3296605-d9835124"">TripAdvisor</a>","<a href=""https://untappd.com/w/tori-joesuu-siidri-ja-veinitalu/256691"">Untappd</a>"
391,2023,Open Class,🥈 Silver,Eiane Gard,Eiane Gard,Fyndig 2022,82.2,Norway,3008,"<a href=""https://www.eianegard.no/"">Website</a>","<a href=""https://www.facebook.com/eianegard"">Facebook</a>","<a href=""https://www.instagram.com/eianegard/"">Instagram</a>","<a href=""https://maps.google.com/?cid=13089067596466030259"">Google</a>",,,"<a href=""https://untappd.com/eianegard"">Untappd</a>"
392,2023,Open Class,🥈 Silver,Store Naa Siderkompani,Store Naa Siderkompani,57/2 - Kårkall,80.9,Norway,2604,"<a href=""https://www.storenaasiderkompani.com/"">Website</a>","<a href=""https://www.facebook.com/Storenaasiderkompani/"">Facebook</a>","<a href=""https://www.instagram.com/storenaasiderkompani/"">Instagram</a>","<a href=""https://maps.google.com/?cid=15254622508133860404"">Google</a>",,,"<a href=""https://untappd.com/w/store-naa-siderkompani/442862"">Untappd</a>"
393,2023,Open Class,🥉 Bronze,Köpings Musteri,Köpings Musteri,Per Johan,75.9,Sweden,3014,"<a href=""https://kopingsmusteri.se/"">Website</a>","<a href=""https://www.facebook.com/kopingsmusteri"">Facebook</a>","<a href=""https://www.instagram.com/kopingsmusteri/"">Instagram</a>","<a href=""https://maps.google.com/?cid=5623943899960625759"">Google</a>",,"<a href=""https://www.tripadvisor.com/Attraction_Review-g679646-d12595815"">TripAdvisor</a>","<a href=""https://untappd.com/KopingsMusteri"">Untappd</a>"
394,2023,Open Class,🥉 Bronze,Sidra El Gaitero,Sidra El Gaitero,Gaitero Spanish Cider 100% Apple,75.7,Spain,1314,"<a href=""https://www.sidraelgaitero.com/"">Website</a>","<a href=""https://www.facebook.com/grupoelgaitero"">Facebook</a>","<a href=""https://www.instagram.com/grupoelgaitero/"">Instagram</a>","<a href=""https://maps.google.com/?cid=15753532318992345137"">Google</a>",,"<a href=""https://www.tripadvisor.com/Attraction_Review-g608997-d3239389"">TripAdvisor</a>","<a href=""https://untappd.com/brewery/4266"">Untappd</a>"
395,2023,Open Class,🥉 Bronze,Le Pressoir d'Or,Le Pressoir d'Or,Cidre Fermier,75.5,France,2689,"<a href=""http://www.pressoirdor.com/"">Website</a>",,"<a href=""https://www.instagram.com/lepressoirdor/"">Instagram</a>","<a href=""https://maps.google.com/?cid=11174929092699381803"">Google</a>",,,"<a href=""https://untappd.com/w/le-pressoir-d-or/210218"">Untappd</a>"
396,2023,Open Class,🥉 Bronze,Floribunda,Floribunda,Mele e Miele 2021,74,Italy,2029,"<a href=""https://www.floribunda.it/"">Website</a>",,"<a href=""https://www.instagram.com/floribundacider/"">Instagram</a>","<a href=""https://maps.google.com/?cid=14548393953505771229"">Google</a>",,,"<a href=""https://untappd.com/w/floribunda/333615"">Untappd</a>"
397,2023,Open Class,🥉 Bronze,Mūrbūdu,Mūrbūdu,"Kokmuiža Non-Alcoholic Hopped Cider ""Jaunā Strāva""",73.3,Latvia,2167,"<a href=""https://www.nenormalssidrs.lv/"">Website</a>","<a href=""https://www.facebook.com/murbudu/"">Facebook</a>","<a href=""https://www.instagram.com/murbudu_sidrs/"">Instagram</a>","<a href=""https://maps.google.com/?cid=15847061061259139900"">Google</a>",,,"<a href=""https://untappd.com/MurbuduSidraDaritava"">Untappd</a>"
398,2023,Open Class,🥉 Bronze,Tālava,Tālava,Tālava Non-Alcoholic Apple Cider,73.3,Latvia,2142,"<a href=""https://www.talava.lv/"">Website</a>","<a href=""https://www.facebook.com/talavassidrs"">Facebook</a>","<a href=""https://www.instagram.com/talavas_sidrs/"">Instagram</a>","<a href=""https://maps.google.com/?cid=16414834196985036378"">Google</a>",,,"<a href=""https://untappd.com/TalavasSidrs"">Untappd</a>"
