ID,Year,Style,Medal,Medalist,Entry,WID,Status,Website,Facebook,Instagram,Google,TripAdvisor,Untappd,Latitude,Longitude,Transparency
2,2020,AOP Cidre Cotentin,🥇 Or,Cidre Lemasson,Cuvée Jazz sous les Pommiers 2018,2691,Active,https://www.cidre-lemasson.fr/,https://www.facebook.com/cidrelemasson,https://www.instagram.com/cidrelemasson/,https://maps.google.com/?cid=7632467116285948880,https://www.tripadvisor.com/Attraction_Review-g12634286-d6538652,https://untappd.com/w/cidre-lemasson/247290,49.0708506,-1.2963565,0
3,2020,AOP Cidre Cotentin,🥇 Or,Cidre Lemasson,Extra-brut 2019,2691,Active,https://www.cidre-lemasson.fr/,https://www.facebook.com/cidrelemasson,https://www.instagram.com/cidrelemasson/,https://maps.google.com/?cid=7632467116285948880,https://www.tripadvisor.com/Attraction_Review-g12634286-d6538652,https://untappd.com/w/cidre-lemasson/247290,49.0708506,-1.2963565,0
4,2020,AOP Cidre Cotentin,🥇 Or,Théo Capelle,Théo Capelle Brut 2019,1513,Active,https://www.theo-capelle.com/,https://www.facebook.com/profile.php?id=100054206274447,,https://maps.google.com/?cid=3221607950662529223,https://www.tripadvisor.com/Attraction_Review-g187183-d3406164,https://untappd.com/w/cidrerie-tha-c-o-capelle/124517,49.5292294,-1.7457542,0
5,2020,AOP Cidre Cotentin,🥈 Argent,Cidrerie Claids,Claids Brut 2018,3317,Active,https://www.cidrerieclaids.fr/,https://www.facebook.com/cidrerieclaids/,https://www.instagram.com/cidrerieclaids/,https://maps.google.com/?cid=16896075272570280949,,https://untappd.com/w/cidrerie-claids/541066,49.2339556,-1.4258585,0
6,2020,AOP Cidre Cotentin,🥈 Argent,Cidrerie Claids,Claids Brut 2019,3317,Active,https://www.cidrerieclaids.fr/,https://www.facebook.com/cidrerieclaids/,https://www.instagram.com/cidrerieclaids/,https://maps.google.com/?cid=16896075272570280949,,https://untappd.com/w/cidrerie-claids/541066,49.2339556,-1.4258585,0
7,2020,AOP Cidre Cotentin,🥈 Argent,Ferme de la Commanderie,Ferme de la Commanderie Brut 2019,3319,Active,http://www.ferme-de-la-commanderie.fr/,https://www.facebook.com/CidrerieLaCommanderie,https://www.instagram.com/cidreriefermedelacommanderie,https://maps.google.com/?cid=2113479186577428756,https://www.tripadvisor.com/Attraction_Review-g2407705-d10109503,https://untappd.com/w/ferme-de-la-commanderie/233207,49.5108604,-1.7174817,0
8,2020,AOP Cidre Cotentin,🥈 Argent,Les Vergers de la Passion,Les Vergers de la Passion - Petit Louis 2018,3553,Active,https://les-vergers-de-la-passion-cidrerie.fr/,https://www.facebook.com/LesVergersDeLaPassion.FermeCidricole/,https://www.instagram.com/lesvergersdelapassion/,https://maps.google.com/?cid=9889208295960516000,https://www.tripadvisor.com/Attraction_Review-g13423894-d13413411,https://untappd.com/w/les-vergers-de-la-passion/468828,49.527658,-1.648722,0
9,2020,AOP Cidre Cotentin,🥈 Argent,Les Vergers de la Passion,Les Vergers de la Passion Brut 2018,3553,Active,https://les-vergers-de-la-passion-cidrerie.fr/,https://www.facebook.com/LesVergersDeLaPassion.FermeCidricole/,https://www.instagram.com/lesvergersdelapassion/,https://maps.google.com/?cid=9889208295960516000,https://www.tripadvisor.com/Attraction_Review-g13423894-d13413411,https://untappd.com/w/les-vergers-de-la-passion/468828,49.527658,-1.648722,0
10,2020,AOP Cidre Cotentin,🥈 Argent,Maison Hérout,Hérout Cuvée tradition 2018,2140,Active,https://www.maisonherout.com/,https://www.facebook.com/cidres/,https://www.instagram.com/maisonherout/,https://maps.google.com/?cid=1426598113576371976,,https://untappd.com/w/m-a-herout/164919,49.2940012,-1.303545,0
11,2020,AOP Cidre Pays d'Auge,🥇 Or,Domaine de la Galotière,La Galotière 2019,1183,Active,https://www.lagalotiere.fr/,https://www.facebook.com/lagalotiere,,https://maps.google.com/?cid=3334578271943351430,https://www.tripadvisor.com/Attraction_Review-g608796-d12550194,https://untappd.com/w/domaine-de-la-galotiere/38855,48.923403,0.138481,0
12,2020,AOP Cidre Pays d'Auge,🥇 Or,Ferme Cidricole Desvoye,Cuvée premières 2019,2161,Active,https://www.cidre-calvados-desvoye.fr/,https://www.facebook.com/profile.php?id=100015340218972,https://www.instagram.com/calvados_desvoye/,https://maps.google.com/?cid=9466556986578009265,https://www.tripadvisor.com/Attraction_Review-g14010617-d21111014,https://untappd.com/w/cidrerie-desvoye/264267,49.209316,0.008439,0
13,2020,AOP Cidre Pays d'Auge,🥈 Argent,Manoir de Grandouet,Le Manoir de Grandouet - Cuvée réserve 2018,1376,Active,https://www.manoir-de-grandouet.fr/,https://www.facebook.com/grandval.fr/,https://www.instagram.com/manoirdegrandouet/,https://maps.google.com/?cid=1664850146101306839,https://www.tripadvisor.com/Attraction_Review-g672825-d6994534,https://untappd.com/brewery/18942,49.158588,0.066211,0
14,2020,Cidre du Pays de Caux,🥇 Or,Cidrerie Godefroy,Récolte 2019,1577,Active,https://www.ecomuseeducidre.fr/,,,https://maps.google.com/?cid=5707167707581907830,https://www.tripadvisor.com/Attraction_Review-g1572450-d3428587,https://untappd.com/w/vincent-et-marieclaire-godefroy/207560,49.6562671,0.378119,0
15,2020,Cidre du Pays de Caux,🥈 Argent,Les Vergers du Quesnay,Les Vergers du Quesnay - Brut 2019,3370,Active,https://www.lesvergersduquesnay.fr/,https://www.facebook.com/profile.php?id=100058435991351,https://www.instagram.com/les_vergers_du_quesnay/,https://maps.google.com/?cid=15904214834922492181,,https://untappd.com/w/les-vergers-du-quesnay/228234,49.5329228,1.0095949,0
16,2020,Cidre du Perche,🥇 Or,Cidrerie Traditionnelle du Perche,L'Hermitière Brut 2019,1294,Active,http://www.cidrerie-traditionnelle-du-perche.fr/,https://www.facebook.com/cidrerietraditionnelleduperche,,https://maps.google.com/?cid=4098308531613353726,,https://untappd.com/w/cidrerie-traditionnelle-du-perche/28040,48.2774308,0.6361493,0
17,2020,Cidre du Perche,🥈 Argent,Cidrerie Traditionnelle du Perche,L'Hermitière - Demi-sec 2019,1294,Active,http://www.cidrerie-traditionnelle-du-perche.fr/,https://www.facebook.com/cidrerietraditionnelleduperche,,https://maps.google.com/?cid=4098308531613353726,,https://untappd.com/w/cidrerie-traditionnelle-du-perche/28040,48.2774308,0.6361493,0
18,2020,Cidre du Perche,🥈 Argent,Cidrerie Traditionnelle du Perche,L'Hermitière Brut 2019,1294,Active,http://www.cidrerie-traditionnelle-du-perche.fr/,https://www.facebook.com/cidrerietraditionnelleduperche,,https://maps.google.com/?cid=4098308531613353726,,https://untappd.com/w/cidrerie-traditionnelle-du-perche/28040,48.2774308,0.6361493,0
19,2020,Cidre du Perche,🥈 Argent,Cidrerie Traditionnelle du Perche,L'Hermitière Brut 2019,1294,Active,http://www.cidrerie-traditionnelle-du-perche.fr/,https://www.facebook.com/cidrerietraditionnelleduperche,,https://maps.google.com/?cid=4098308531613353726,,https://untappd.com/w/cidrerie-traditionnelle-du-perche/28040,48.2774308,0.6361493,0
20,2020,AOP Poiré Domfront,🥇 Or,Pacory,Pacory Ferme des Grimaux - Le Cadet 2019,1582,Active,https://www.pacory.eu/,https://www.facebook.com/PacoryFermedesGrimaux,https://www.instagram.com/pacoryfermedesgrimaux,https://maps.google.com/?cid=15821520734729613945,,https://untappd.com/brewery/32360,48.5314059,-0.795102,0
21,2020,AOP Poiré Domfront,🥈 Argent,Famille Guesdon,La Cave Normande 2019,2697,Active,https://famille-guesdon.com/,https://www.facebook.com/profile.php?id=100057212210806,https://www.instagram.com/lacavenormandeguesdon/,https://maps.google.com/?cid=13182761816105385497,,https://untappd.com/w/guesdon-p-re-et-fils/343009,48.5746579,-0.7975042,0
22,2020,IGP Cidre de Normandie,🥇 Or,Cidre Viard-Bayeux,Cidre Artisanal de Bayeux - Brut 2019,3318,Active,https://cidrebayeux.com/,https://www.facebook.com/CidresBayeux,https://www.instagram.com/cidrerie_bayeux/,https://maps.google.com/?cid=13233255599279949282,https://www.tripadvisor.com/Attraction_Review-g187181-d3454062,https://untappd.com/w/cidrerie-viard/26008,49.2436576,-0.7038301,0
23,2020,IGP Cidre de Normandie,🥇 Or,Cidrerie Dujardin,Dujardin 2019,1142,Active,http://www.cidres-dujardin.fr/,,,https://maps.google.com/?cid=10438887429258835490,,https://untappd.com/w/cidrerie-dujardin/20309,49.1198831,-0.721687,0
24,2020,IGP Cidre de Normandie,🥇 Or,Le Clos des Citots,Clos des Citots - Doux 2019,3102,Active,https://www.leclosdescitots.fr/,https://www.facebook.com/profile.php?id=100066990398769,,https://maps.google.com/?cid=3330784351320305206,,https://untappd.com/w/le-clos-des-citots-gerard-lenormand/87074,49.4573681,0.8128167,0
25,2020,IGP Cidre de Normandie,🥇 Or,Le Pressoir d'Or,Le Pressoir d'Or - Demi-sec 2019,2689,Active,http://www.pressoirdor.com/,,https://www.instagram.com/lepressoirdor/,https://maps.google.com/?cid=11174929092699381803,,https://untappd.com/w/le-pressoir-d-or/210218,49.2934642,1.4849943,0
26,2020,IGP Cidre de Normandie,🥈 Argent,Cidre Viard-Bayeux,Cidre Artisanal de Bayeux - Doux 2019,3318,Active,https://cidrebayeux.com/,https://www.facebook.com/CidresBayeux,https://www.instagram.com/cidrerie_bayeux/,https://maps.google.com/?cid=13233255599279949282,https://www.tripadvisor.com/Attraction_Review-g187181-d3454062,https://untappd.com/w/cidrerie-viard/26008,49.2436576,-0.7038301,0
27,2020,IGP Cidre de Normandie,🥈 Argent,Cidrerie Dujardin,Dujardin - Doux 2019,1142,Active,http://www.cidres-dujardin.fr/,,,https://maps.google.com/?cid=10438887429258835490,,https://untappd.com/w/cidrerie-dujardin/20309,49.1198831,-0.721687,0
28,2020,IGP Cidre de Normandie,🥈 Argent,Écusson,Ecusson - Brut généreux 2019,3182,Active,https://www.cidre-ecusson.com/,https://www.facebook.com/CidreEcusson/,https://www.instagram.com/cidreecusson/,,,https://untappd.com/w/cidres-ecusson/15641,48.8279643,2.2657746,0
29,2020,IGP Cidre de Normandie,🥈 Argent,Écusson,Ecusson - Doux fruité 2019,3182,Active,https://www.cidre-ecusson.com/,https://www.facebook.com/CidreEcusson/,https://www.instagram.com/cidreecusson/,,,https://untappd.com/w/cidres-ecusson/15641,48.8279643,2.2657746,0
30,2020,IGP Cidre de Normandie,🥈 Argent,La Cave de la Loterie,Cave de la Loterie - Fraîcheur 2018,3316,Active,https://www.cavedelaloterie.fr/,https://www.facebook.com/cavedelaloterie,https://www.instagram.com/cave_de_la_loterie/,https://maps.google.com/?cid=14052572828101776269,https://www.tripadvisor.com/Attraction_Review-g672828-d12674111,https://untappd.com/w/cave-de-la-loterie/234216,48.8906343,-0.4710245,0
31,2020,IGP Cidre de Normandie,🥈 Argent,Le Pressoir d'Or,Le Pressoir d'Or - Demi-sec 2019,2689,Active,http://www.pressoirdor.com/,,https://www.instagram.com/lepressoirdor/,https://maps.google.com/?cid=11174929092699381803,,https://untappd.com/w/le-pressoir-d-or/210218,49.2934642,1.4849943,0
32,2020,IGP Cidre de Normandie,🥈 Argent,Les Vergers de Ducy,Domaine de la Flaguerie - Fraîcheur 2018,3321,Active,https://lesvergersdeducy.fr/,https://www.facebook.com/LesVergersdeDucy/,,https://maps.google.com/?cid=5658619103463764772,https://www.tripadvisor.com/Attraction_Review-g5105596-d5012299,https://untappd.com/w/les-vergers-de-ducy/68480,49.2169875,-0.6242584,0
33,2020,Cidre Rosé,🥇 Or,Cidrerie Dujardin,Dujardin 2019,1142,Active,http://www.cidres-dujardin.fr/,,,https://maps.google.com/?cid=10438887429258835490,,https://untappd.com/w/cidrerie-dujardin/20309,49.1198831,-0.721687,0
34,2020,Cidre Rosé,🥈 Argent,Écusson,Ecusson Rosé naturel 2019,3182,Active,https://www.cidre-ecusson.com/,https://www.facebook.com/CidreEcusson/,https://www.instagram.com/cidreecusson/,,,https://untappd.com/w/cidres-ecusson/15641,48.8279643,2.2657746,0
35,2020,Cidre Rosé,🥈 Argent,Le Pressoir d'Or,Le Pressoir d'Or 2019,2689,Active,http://www.pressoirdor.com/,,https://www.instagram.com/lepressoirdor/,https://maps.google.com/?cid=11174929092699381803,,https://untappd.com/w/le-pressoir-d-or/210218,49.2934642,1.4849943,0
36,2020,Cidre,🥇 Or,Cidre de Grévilly,Le Cidre de Grévilly - Demi-sec 2018,3557,Active,https://cidre-grevilly.jimdofree.com/,,,,,https://untappd.com/w/brigitte-criaud-le-cidre-de-grevilly/212195,49.2944582,-0.7854045,0
37,2020,Cidre,🥇 Or,Domaine Duclos Fougeray,Domaine Duclos Denise - La Douce 2019,1178,Active,https://www.duclosfougeray.com/,https://www.facebook.com/domaine.duclosfougeray,https://www.instagram.com/domaine_duclos_fougeray/,https://maps.google.com/?cid=12398185041013701779,,https://untappd.com/brewery/103532,49.6100938,1.664631,0
38,2020,Cidre,🥇 Or,Ferme de la Sapinière,Ferme de la Sapinière - Brut 2019,1913,Active,https://www.producteur-cidre.com/,https://www.facebook.com/fermedelasapiniere/,,https://maps.google.com/?cid=13033032790677741913,https://www.tripadvisor.com/Attraction_Review-g1462420-d4961506,https://untappd.com/w/ferme-de-la-sapini-re/124296,49.3561555,-0.8754963,0
39,2020,Cidre,🥇 Or,Ferme du Lieu-Roussel,Lieu Roussel - Demi-sec 2018,1650,Active,https://lieu-roussel.fr/,,https://www.instagram.com/ferme_du_lieu_roussel/,https://maps.google.com/?cid=14333694268932285992,https://www.tripadvisor.com/Attraction_Review-g1918936-d6581852,https://untappd.com/w/lieu-roussel/276562,49.254184,-0.021999,0
40,2020,Cidre,🥇 Or,Les Vergers du Chouquet,Les Vergers du Chouquet - Demi-sec 2019,2901,Active,,,,https://maps.google.com/?cid=4633427283115041645,,https://untappd.com/w/les-vergers-du-chouquet/50301,48.884448,0.2503795,0
41,2020,Cidre,🥈 Argent,Cidre de Grévilly,Le Cidre de Grévilly - Brut 2019,3557,Active,https://cidre-grevilly.jimdofree.com/,,,,,https://untappd.com/w/brigitte-criaud-le-cidre-de-grevilly/212195,49.2944582,-0.7854045,0
42,2020,Cidre,🥈 Argent,Domaine Olivier,Le Domaine Olivier - Brut 2019,3372,Active,https://www.ledomaineolivier.com/,,,https://maps.google.com/?cid=12832839833696798380,,https://untappd.com/w/domaine-olivier/337350,48.6498485,-0.5338754,0
43,2020,Cidre,🥈 Argent,Famille Guesdon,La Cave Normande - Brut 2019,2697,Active,https://famille-guesdon.com/,https://www.facebook.com/profile.php?id=100057212210806,https://www.instagram.com/lacavenormandeguesdon/,https://maps.google.com/?cid=13182761816105385497,,https://untappd.com/w/guesdon-p-re-et-fils/343009,48.5746579,-0.7975042,0
44,2020,Cidre,🥈 Argent,Ferme de Cutesson,Ferme de Cutesson - Brut 2019,2897,Active,,,,https://maps.google.com/?cid=14198095900648884855,,https://untappd.com/w/ferme-de-cutesson/307176,48.9245359,0.2160487,0
45,2020,Cidre,🥈 Argent,Ferme de l'Hermitière,Ferme de l'Hermitière -Demi-sec 2019,1295,Inactive,,,,,,,48.834672,-1.467015,1
46,2020,Cidre,🥈 Argent,Ferme de la Sapinière,Ferme de la Sapinière - Apple oak 2018,1913,Active,https://www.producteur-cidre.com/,https://www.facebook.com/fermedelasapiniere/,,https://maps.google.com/?cid=13033032790677741913,https://www.tripadvisor.com/Attraction_Review-g1462420-d4961506,https://untappd.com/w/ferme-de-la-sapini-re/124296,49.3561555,-0.8754963,0
47,2020,Cidre,🥈 Argent,Ferme des Noës,La Ferme des Noës - Demi-sec 2019,2887,Active,https://www.fermedesnoes.com/,,https://www.instagram.com/fermedesnoes/,https://maps.google.com/?cid=16067236232754040277,,https://untappd.com/w/ferme-des-no-s/72679,49.1301268,1.3281105,0
48,2020,Cidre,🥈 Argent,Ferme des Noës,La Ferme des Noës - Fruité 2018,2887,Active,https://www.fermedesnoes.com/,,https://www.instagram.com/fermedesnoes/,https://maps.google.com/?cid=16067236232754040277,,https://untappd.com/w/ferme-des-no-s/72679,49.1301268,1.3281105,0
49,2020,Cidre,🥈 Argent,Ferme du Manoir du Val,Cidre du Pays de la Risle - Brut 2019,3315,Active,https://www.manoirduval.fr/,,,https://maps.google.com/?cid=848420197404289170,,,49.02546,0.722805,0
50,2020,Cidre,🥈 Argent,La Ferme de Billy,Ferme de Billy - Corsé 2018,1653,Active,https://www.ferme-de-billy.com/,https://www.facebook.com/lafermedebilly/,https://www.instagram.com/lafermedebilly/,https://maps.google.com/?cid=11023078698699122653,https://www.tripadvisor.com/Attraction_Review-g7741562-d6974742,https://untappd.com/w/la-ferme-de-billy/247621,49.2134763,-0.4722615,0
51,2020,Cidre,🥈 Argent,La Ferme de Billy,Ferme de Billy - Fraîcheur 2018,1653,Active,https://www.ferme-de-billy.com/,https://www.facebook.com/lafermedebilly/,https://www.instagram.com/lafermedebilly/,https://maps.google.com/?cid=11023078698699122653,https://www.tripadvisor.com/Attraction_Review-g7741562-d6974742,https://untappd.com/w/la-ferme-de-billy/247621,49.2134763,-0.4722615,0
52,2020,Cidre,🥈 Argent,Le Domaine du Tertre,Domaine du Tertre - Cuvée acidulée 2019,3556,Active,https://domaine-du-tertre.com/,https://www.facebook.com/le.tertre.officiel,https://www.instagram.com/domaine.du.tertre/,https://maps.google.com/?cid=10069708901253125019,,https://untappd.com/w/domaine-du-tertre/394887,48.6622435,0.4614076,0
53,2020,Cidre,🥈 Argent,Le P'tit Clos Normand,Le P'tit Clos Normand - Extra-brut 2019,3369,Active,https://www.boeuf-cidre.com/,https://www.facebook.com/francoisxavier.craquelin/,,https://maps.google.com/?cid=13679042805577864069,,,49.523258,0.636541,0
54,2020,Cidre,🥈 Argent,Les Normandises du Pradon,Les Normandises du Pradon - Extra-brut 2019,3308,Active,http://lesnormandisesdupradon.com/,https://www.facebook.com/lesnormandisesdupradon/,https://www.instagram.com/lesnormandisesdupradon/,https://maps.google.com/?cid=5034289693754776537,,https://untappd.com/w/ferme-du-pradon/228438,49.5159748,0.2338077,0
55,2020,Cidre,🥈 Argent,Pacory,Pacory Ferme des Grimaux - Doux 2019,1582,Active,https://www.pacory.eu/,https://www.facebook.com/PacoryFermedesGrimaux,https://www.instagram.com/pacoryfermedesgrimaux,https://maps.google.com/?cid=15821520734729613945,,https://untappd.com/brewery/32360,48.5314059,-0.795102,0
56,2020,Cidre de Glace,🥇 Or,Les Vergers de Ducy,Domaine de la Flaguerie 2017,3321,Active,https://lesvergersdeducy.fr/,https://www.facebook.com/LesVergersdeDucy/,,https://maps.google.com/?cid=5658619103463764772,https://www.tripadvisor.com/Attraction_Review-g5105596-d5012299,https://untappd.com/w/les-vergers-de-ducy/68480,49.2169875,-0.6242584,0
57,2020,Cidre de Glace,🥈 Argent,Domaine Duclos Fougeray,Domaine Duclos 2018,1178,Active,https://www.duclosfougeray.com/,https://www.facebook.com/domaine.duclosfougeray,https://www.instagram.com/domaine_duclos_fougeray/,https://maps.google.com/?cid=12398185041013701779,,https://untappd.com/brewery/103532,49.6100938,1.664631,0
58,2020,Cidre de Glace,🥈 Argent,Ferme des Noës,La Ferme des Noës 2018,2887,Active,https://www.fermedesnoes.com/,,https://www.instagram.com/fermedesnoes/,https://maps.google.com/?cid=16067236232754040277,,https://untappd.com/w/ferme-des-no-s/72679,49.1301268,1.3281105,0
59,2020,Cidre de Glace,🥈 Argent,Les Normandises du Pradon,Les Normandises du Pradon 2019,3308,Active,http://lesnormandisesdupradon.com/,https://www.facebook.com/lesnormandisesdupradon/,https://www.instagram.com/lesnormandisesdupradon/,https://maps.google.com/?cid=5034289693754776537,,https://untappd.com/w/ferme-du-pradon/228438,49.5159748,0.2338077,0
60,2020,Cidre de Glace,🥈 Argent,Théo Capelle,Théo Capelle - Kapel Ice 2019,1513,Active,https://www.theo-capelle.com/,https://www.facebook.com/profile.php?id=100054206274447,,https://maps.google.com/?cid=3221607950662529223,https://www.tripadvisor.com/Attraction_Review-g187183-d3406164,https://untappd.com/w/cidrerie-tha-c-o-capelle/124517,49.5292294,-1.7457542,0
61,2020,Cidre Aromatisé,🥈 Argent,Domaine de la Galotière,La Galotière - Le houblonné 2019,1183,Active,https://www.lagalotiere.fr/,https://www.facebook.com/lagalotiere,,https://maps.google.com/?cid=3334578271943351430,https://www.tripadvisor.com/Attraction_Review-g608796-d12550194,https://untappd.com/w/domaine-de-la-galotiere/38855,48.923403,0.138481,0
62,2020,Cidre Aromatisé,🥈 Argent,Écusson,Ecusson Cidre et poire subtil 2019,3182,Active,https://www.cidre-ecusson.com/,https://www.facebook.com/CidreEcusson/,https://www.instagram.com/cidreecusson/,,,https://untappd.com/w/cidres-ecusson/15641,48.8279643,2.2657746,0
63,2020,Poiré,🥇 Or,Domaine Olivier,Le Domaine Olivier 2018,3372,Active,https://www.ledomaineolivier.com/,,,https://maps.google.com/?cid=12832839833696798380,,https://untappd.com/w/domaine-olivier/337350,48.6498485,-0.5338754,0
64,2020,Poiré,🥇 Or,Famille Guesdon,La Cave Normande 2019,2697,Active,https://famille-guesdon.com/,https://www.facebook.com/profile.php?id=100057212210806,https://www.instagram.com/lacavenormandeguesdon/,https://maps.google.com/?cid=13182761816105385497,,https://untappd.com/w/guesdon-p-re-et-fils/343009,48.5746579,-0.7975042,0
65,2020,Poiré,🥇 Or,La Cave de la Loterie,Cave de la Loterie Fruité 2018,3316,Active,https://www.cavedelaloterie.fr/,https://www.facebook.com/cavedelaloterie,https://www.instagram.com/cave_de_la_loterie/,https://maps.google.com/?cid=14052572828101776269,https://www.tripadvisor.com/Attraction_Review-g672828-d12674111,https://untappd.com/w/cave-de-la-loterie/234216,48.8906343,-0.4710245,0
66,2020,Poiré,🥈 Argent,Domaine Sicera,Sicera Odette 2019,3491,Active,https://www.sicera.fr/,https://www.facebook.com/cidresicera,https://www.instagram.com/domaine_sicera/,https://maps.google.com/?cid=5127145163687533245,,https://untappd.com/w/sicera/345757,49.3748041,0.6967289,0
67,2020,Poiré,🥈 Argent,Ferme des Martellières,Les Martellières - Brut 2018,3322,Active,,https://www.facebook.com/LesMartellieres.ProduitsCidricoles,,https://maps.google.com/?cid=13628777607608573968,,https://untappd.com/w/les-martellieres/291057,48.497685,-0.532571,0
68,2020,Poiré,🥈 Argent,Ferme des Martellières,Les Martellières - Brut 2019,3322,Active,,https://www.facebook.com/LesMartellieres.ProduitsCidricoles,,https://maps.google.com/?cid=13628777607608573968,,https://untappd.com/w/les-martellieres/291057,48.497685,-0.532571,0
69,2021,AOP Cidre Cotentin,🥇 Or,Théo Capelle,Brut 2019,1513,Active,https://www.theo-capelle.com/,https://www.facebook.com/profile.php?id=100054206274447,,https://maps.google.com/?cid=3221607950662529223,https://www.tripadvisor.com/Attraction_Review-g187183-d3406164,https://untappd.com/w/cidrerie-tha-c-o-capelle/124517,49.5292294,-1.7457542,0
70,2021,AOP Cidre Cotentin,🥇 Or,Théo Capelle,Extra-brut 2019,1513,Active,https://www.theo-capelle.com/,https://www.facebook.com/profile.php?id=100054206274447,,https://maps.google.com/?cid=3221607950662529223,https://www.tripadvisor.com/Attraction_Review-g187183-d3406164,https://untappd.com/w/cidrerie-tha-c-o-capelle/124517,49.5292294,-1.7457542,0
71,2021,AOP Cidre Cotentin,🥈 Argent,Cidrerie Claids,Brut 2020,3317,Active,https://www.cidrerieclaids.fr/,https://www.facebook.com/cidrerieclaids/,https://www.instagram.com/cidrerieclaids/,https://maps.google.com/?cid=16896075272570280949,,https://untappd.com/w/cidrerie-claids/541066,49.2339556,-1.4258585,0
72,2021,AOP Cidre Cotentin,🥈 Argent,Ferme de la Commanderie,Ferme de la Commanderie 2019,3319,Active,http://www.ferme-de-la-commanderie.fr/,https://www.facebook.com/CidrerieLaCommanderie,https://www.instagram.com/cidreriefermedelacommanderie,https://maps.google.com/?cid=2113479186577428756,https://www.tripadvisor.com/Attraction_Review-g2407705-d10109503,https://untappd.com/w/ferme-de-la-commanderie/233207,49.5108604,-1.7174817,0
73,2021,AOP Cidre Cotentin,🥈 Argent,Les Vergers de la Passion,Brut 2020,3553,Active,https://les-vergers-de-la-passion-cidrerie.fr/,https://www.facebook.com/LesVergersDeLaPassion.FermeCidricole/,https://www.instagram.com/lesvergersdelapassion/,https://maps.google.com/?cid=9889208295960516000,https://www.tripadvisor.com/Attraction_Review-g13423894-d13413411,https://untappd.com/w/les-vergers-de-la-passion/468828,49.527658,-1.648722,0
74,2021,AOP Cidre Pays d'Auge,🥇 Or,Ferme Cidricole Desvoye,Cru de Cambremer 2020,2161,Active,https://www.cidre-calvados-desvoye.fr/,https://www.facebook.com/profile.php?id=100015340218972,https://www.instagram.com/calvados_desvoye/,https://maps.google.com/?cid=9466556986578009265,https://www.tripadvisor.com/Attraction_Review-g14010617-d21111014,https://untappd.com/w/cidrerie-desvoye/264267,49.209316,0.008439,0
75,2021,AOP Cidre Pays d'Auge,🥈 Argent,Domaine de la Galotière,Prestige 2019,1183,Active,https://www.lagalotiere.fr/,https://www.facebook.com/lagalotiere,,https://maps.google.com/?cid=3334578271943351430,https://www.tripadvisor.com/Attraction_Review-g608796-d12550194,https://untappd.com/w/domaine-de-la-galotiere/38855,48.923403,0.138481,0
76,2021,AOP Cidre Pays d'Auge,🥈 Argent,Ferme Cidricole Desvoye,Cru de Cambremer 2020,2161,Active,https://www.cidre-calvados-desvoye.fr/,https://www.facebook.com/profile.php?id=100015340218972,https://www.instagram.com/calvados_desvoye/,https://maps.google.com/?cid=9466556986578009265,https://www.tripadvisor.com/Attraction_Review-g14010617-d21111014,https://untappd.com/w/cidrerie-desvoye/264267,49.209316,0.008439,0
77,2021,AOP Cidre Pays d'Auge,🥈 Argent,Ferme Cidricole Desvoye,Cuvée Premières 2019,2161,Active,https://www.cidre-calvados-desvoye.fr/,https://www.facebook.com/profile.php?id=100015340218972,https://www.instagram.com/calvados_desvoye/,https://maps.google.com/?cid=9466556986578009265,https://www.tripadvisor.com/Attraction_Review-g14010617-d21111014,https://untappd.com/w/cidrerie-desvoye/264267,49.209316,0.008439,0
78,2021,AOP Cidre Pays d'Auge,🥈 Argent,Ferme du Lieu-Roussel,Le Lieu Roussel 2019,1650,Active,https://lieu-roussel.fr/,,https://www.instagram.com/ferme_du_lieu_roussel/,https://maps.google.com/?cid=14333694268932285992,https://www.tripadvisor.com/Attraction_Review-g1918936-d6581852,https://untappd.com/w/lieu-roussel/276562,49.254184,-0.021999,0
79,2021,AOP Cidre Pays d'Auge,🥈 Argent,Ferme du Lieu-Roussel,Le Lieu Roussel 2020,1650,Active,https://lieu-roussel.fr/,,https://www.instagram.com/ferme_du_lieu_roussel/,https://maps.google.com/?cid=14333694268932285992,https://www.tripadvisor.com/Attraction_Review-g1918936-d6581852,https://untappd.com/w/lieu-roussel/276562,49.254184,-0.021999,0
80,2021,AOP Cidre Pays d'Auge,🥈 Argent,Ferme du Lieu-Roussel,Le Lieu Roussel 2020,1650,Active,https://lieu-roussel.fr/,,https://www.instagram.com/ferme_du_lieu_roussel/,https://maps.google.com/?cid=14333694268932285992,https://www.tripadvisor.com/Attraction_Review-g1918936-d6581852,https://untappd.com/w/lieu-roussel/276562,49.254184,-0.021999,0
81,2021,Cidre du Perche,🥈 Argent,Cidrerie Domaine du Ruisseau,Demi-sec 2020,3325,Active,,,,https://maps.google.com/?cid=14181024575525431243,,https://untappd.com/w/domaine-du-ruisseau/470036,48.4571495,0.7511747,0
82,2021,Cidre du Perche,🥈 Argent,Cidrerie Lacour-Veyranne,Cuvée des vergers oubliés 2020,3555,Active,https://www.cidrerie-lacour-veyranne.com/,,https://www.instagram.com/cidrerie_lacour_veyranne/,https://maps.google.com/?cid=10555645589397417510,,https://untappd.com/w/cidres-lacour-veyranne/531609,48.4586312,0.7267842,0
83,2021,Cidre du Perche,🥈 Argent,Cidrerie Traditionnelle du Perche,L'Hermitière Brut 2019,1294,Active,http://www.cidrerie-traditionnelle-du-perche.fr/,https://www.facebook.com/cidrerietraditionnelleduperche,,https://maps.google.com/?cid=4098308531613353726,,https://untappd.com/w/cidrerie-traditionnelle-du-perche/28040,48.2774308,0.6361493,0
84,2021,Cidre du Perche,🥈 Argent,La Maison Ferré,La cave de Gabriel 2019,2551,Active,https://www.lamaisonferre.fr/,https://www.facebook.com/cidreduperche,https://www.instagram.com/la_maison_ferre,https://maps.google.com/?cid=13764361049917258070,https://www.tripadvisor.com/Attraction_Review-g4926524-d23694021,https://untappd.com/w/la-maison-ferrac/161574,48.4682596,0.5980003,0
85,2021,Cidre du Perche,🥈 Argent,La Maison Ferré,Le préféré de Marie 2019,2551,Active,https://www.lamaisonferre.fr/,https://www.facebook.com/cidreduperche,https://www.instagram.com/la_maison_ferre,https://maps.google.com/?cid=13764361049917258070,https://www.tripadvisor.com/Attraction_Review-g4926524-d23694021,https://untappd.com/w/la-maison-ferrac/161574,48.4682596,0.5980003,0
86,2021,Cidre du Perche,🥈 Argent,La Maison Ferré,Le préféré de Marie 2020,2551,Active,https://www.lamaisonferre.fr/,https://www.facebook.com/cidreduperche,https://www.instagram.com/la_maison_ferre,https://maps.google.com/?cid=13764361049917258070,https://www.tripadvisor.com/Attraction_Review-g4926524-d23694021,https://untappd.com/w/la-maison-ferrac/161574,48.4682596,0.5980003,0
87,2021,Cidre du Pays de Caux,🥇 Or,Cidrerie Godefroy,Brut 2019,1577,Active,https://www.ecomuseeducidre.fr/,,,https://maps.google.com/?cid=5707167707581907830,https://www.tripadvisor.com/Attraction_Review-g1572450-d3428587,https://untappd.com/w/vincent-et-marieclaire-godefroy/207560,49.6562671,0.378119,0
88,2021,Cidre du Pays de Caux,🥈 Argent,Cidrerie Godefroy,Demi-sec 2020,1577,Active,https://www.ecomuseeducidre.fr/,,,https://maps.google.com/?cid=5707167707581907830,https://www.tripadvisor.com/Attraction_Review-g1572450-d3428587,https://untappd.com/w/vincent-et-marieclaire-godefroy/207560,49.6562671,0.378119,0
89,2021,Cidre du Pays de Caux,🥈 Argent,Les Normandises du Pradon,Les Normandises du Pradon 2019,3308,Active,http://lesnormandisesdupradon.com/,https://www.facebook.com/lesnormandisesdupradon/,https://www.instagram.com/lesnormandisesdupradon/,https://maps.google.com/?cid=5034289693754776537,,https://untappd.com/w/ferme-du-pradon/228438,49.5159748,0.2338077,0
90,2021,AOP Poiré Domfront,🥇 Or,Pacory,L'idéal 2017,1582,Active,https://www.pacory.eu/,https://www.facebook.com/PacoryFermedesGrimaux,https://www.instagram.com/pacoryfermedesgrimaux,https://maps.google.com/?cid=15821520734729613945,,https://untappd.com/brewery/32360,48.5314059,-0.795102,0
91,2021,AOP Poiré Domfront,🥇 Or,Pacory,L'idéal 2019,1582,Active,https://www.pacory.eu/,https://www.facebook.com/PacoryFermedesGrimaux,https://www.instagram.com/pacoryfermedesgrimaux,https://maps.google.com/?cid=15821520734729613945,,https://untappd.com/brewery/32360,48.5314059,-0.795102,0
92,2021,AOP Poiré Domfront,🥈 Argent,Famille Guesdon,La Cave Normande Sélection 2019,2697,Active,https://famille-guesdon.com/,https://www.facebook.com/profile.php?id=100057212210806,https://www.instagram.com/lacavenormandeguesdon/,https://maps.google.com/?cid=13182761816105385497,,https://untappd.com/w/guesdon-p-re-et-fils/343009,48.5746579,-0.7975042,0
93,2021,IGP Cidre de Normandie,🥇 Or,Cidre Viard-Bayeux,Doux 2020,3318,Active,https://cidrebayeux.com/,https://www.facebook.com/CidresBayeux,https://www.instagram.com/cidrerie_bayeux/,https://maps.google.com/?cid=13233255599279949282,https://www.tripadvisor.com/Attraction_Review-g187181-d3454062,https://untappd.com/w/cidrerie-viard/26008,49.2436576,-0.7038301,0
94,2021,IGP Cidre de Normandie,🥇 Or,Le Pressoir d'Or,Le Pressoir d'Or 2020,2689,Active,http://www.pressoirdor.com/,,https://www.instagram.com/lepressoirdor/,https://maps.google.com/?cid=11174929092699381803,,https://untappd.com/w/le-pressoir-d-or/210218,49.2934642,1.4849943,0
95,2021,IGP Cidre de Normandie,🥇 Or,Le Pressoir d'Or,Le Pressoir d'Or 2020,2689,Active,http://www.pressoirdor.com/,,https://www.instagram.com/lepressoirdor/,https://maps.google.com/?cid=11174929092699381803,,https://untappd.com/w/le-pressoir-d-or/210218,49.2934642,1.4849943,0
96,2021,IGP Cidre de Normandie,🥇 Or,Le Pressoir d'Or,Le Pressoir d'Or 2020,2689,Active,http://www.pressoirdor.com/,,https://www.instagram.com/lepressoirdor/,https://maps.google.com/?cid=11174929092699381803,,https://untappd.com/w/le-pressoir-d-or/210218,49.2934642,1.4849943,0
97,2021,IGP Cidre de Normandie,🥇 Or,Les Vergers de Fumichon,Fruité 2020,3552,Active,https://www.les-vergers-de-fumichon.fr/,https://www.facebook.com/GAEClegrandfumichon,https://www.instagram.com/vergers_de_fumichon/,https://maps.google.com/?cid=12400587455796714428,,https://untappd.com/w/vergers-de-fumichon/501987,49.3135572,-0.7032603,0
98,2021,IGP Cidre de Normandie,🥈 Argent,Cidre Lemasson,Brut 2020,2691,Active,https://www.cidre-lemasson.fr/,https://www.facebook.com/cidrelemasson,https://www.instagram.com/cidrelemasson/,https://maps.google.com/?cid=7632467116285948880,https://www.tripadvisor.com/Attraction_Review-g12634286-d6538652,https://untappd.com/w/cidre-lemasson/247290,49.0708506,-1.2963565,0
99,2021,IGP Cidre de Normandie,🥈 Argent,Domaine des 5 Autels,Le brut 2020,2591,Active,https://cinqautels.com/,https://www.facebook.com/5Autels/,https://www.instagram.com/5autels/,https://maps.google.com/?cid=1561300018564057036,https://www.tripadvisor.com/Hotel_Review-g1385431-d1308959,https://untappd.com/w/domaine-des-cinqs-autels/519014,49.0742817,-0.1886941,0
100,2021,IGP Cidre de Normandie,🥈 Argent,Domaine Duclos Fougeray,Denise La Douce 2020,1178,Active,https://www.duclosfougeray.com/,https://www.facebook.com/domaine.duclosfougeray,https://www.instagram.com/domaine_duclos_fougeray/,https://maps.google.com/?cid=12398185041013701779,,https://untappd.com/brewery/103532,49.6100938,1.664631,0
101,2021,IGP Cidre de Normandie,🥈 Argent,La Cave de la Loterie,Fruité 2020,3316,Active,https://www.cavedelaloterie.fr/,https://www.facebook.com/cavedelaloterie,https://www.instagram.com/cave_de_la_loterie/,https://maps.google.com/?cid=14052572828101776269,https://www.tripadvisor.com/Attraction_Review-g672828-d12674111,https://untappd.com/w/cave-de-la-loterie/234216,48.8906343,-0.4710245,0
102,2021,IGP Cidre de Normandie,🥈 Argent,Le Clos des Citots,Brut 2020,3102,Active,https://www.leclosdescitots.fr/,https://www.facebook.com/profile.php?id=100066990398769,,https://maps.google.com/?cid=3330784351320305206,,https://untappd.com/w/le-clos-des-citots-gerard-lenormand/87074,49.4573681,0.8128167,0
103,2021,Cidre de Glace,🥇 Or,Domaine Duclos Fougeray,Domaine Duclos Fougeray 2018,1178,Active,https://www.duclosfougeray.com/,https://www.facebook.com/domaine.duclosfougeray,https://www.instagram.com/domaine_duclos_fougeray/,https://maps.google.com/?cid=12398185041013701779,,https://untappd.com/brewery/103532,49.6100938,1.664631,0
104,2021,Cidre de Glace,🥈 Argent,Ferme des Noës,Domaine Duclos Fougeray 2019,2887,Active,https://www.fermedesnoes.com/,,https://www.instagram.com/fermedesnoes/,https://maps.google.com/?cid=16067236232754040277,,https://untappd.com/w/ferme-des-no-s/72679,49.1301268,1.3281105,0
105,2021,Cidre Rosé,🥇 Or,Ferme des Noës,Ferme des Noës 2019,2887,Active,https://www.fermedesnoes.com/,,https://www.instagram.com/fermedesnoes/,https://maps.google.com/?cid=16067236232754040277,,https://untappd.com/w/ferme-des-no-s/72679,49.1301268,1.3281105,0
106,2021,Cidre Rosé,🥇 Or,Le Pressoir d'Or,Le Pressoir d'Or 2020,2689,Active,http://www.pressoirdor.com/,,https://www.instagram.com/lepressoirdor/,https://maps.google.com/?cid=11174929092699381803,,https://untappd.com/w/le-pressoir-d-or/210218,49.2934642,1.4849943,0
107,2021,Cidre Rosé,🥈 Argent,Domaine des Hauts-Vents,Domaine des Hauts Vents 2020,2889,Active,http://hautsvents.com/,https://www.facebook.com/CidreriedomaineDesHautsVents,https://www.instagram.com/domainedeshautsvents/,https://maps.google.com/?cid=3890633221204655265,https://www.tripadvisor.com/Attraction_Review-g661275-d6654230,https://untappd.com/w/domaine-des-hauts-vents/70064,49.3011577,0.9456953,0
108,2021,Cidre Aromatisé,🥈 Argent,Cidre Lemasson,La Taloche 2020,2691,Active,https://www.cidre-lemasson.fr/,https://www.facebook.com/cidrelemasson,https://www.instagram.com/cidrelemasson/,https://maps.google.com/?cid=7632467116285948880,https://www.tripadvisor.com/Attraction_Review-g12634286-d6538652,https://untappd.com/w/cidre-lemasson/247290,49.0708506,-1.2963565,0
109,2021,Cidre,🥇 Or,Ferme de la Sapinière,Demi-sec 2019,1913,Active,https://www.producteur-cidre.com/,https://www.facebook.com/fermedelasapiniere/,,https://maps.google.com/?cid=13033032790677741913,https://www.tripadvisor.com/Attraction_Review-g1462420-d4961506,https://untappd.com/w/ferme-de-la-sapini-re/124296,49.3561555,-0.8754963,0
110,2021,Cidre,🥇 Or,Ferme des Noës,Fruité 2019,2887,Active,https://www.fermedesnoes.com/,,https://www.instagram.com/fermedesnoes/,https://maps.google.com/?cid=16067236232754040277,,https://untappd.com/w/ferme-des-no-s/72679,49.1301268,1.3281105,0
111,2021,Cidre,🥇 Or,Les Vergers du Quesnay,Cuvée Gustave 2019,3370,Active,https://www.lesvergersduquesnay.fr/,https://www.facebook.com/profile.php?id=100058435991351,https://www.instagram.com/les_vergers_du_quesnay/,https://maps.google.com/?cid=15904214834922492181,,https://untappd.com/w/les-vergers-du-quesnay/228234,49.5329228,1.0095949,0
112,2021,Cidre,🥈 Argent,Cave de la Fosse,Cave de la Fosse 2020,3550,Inactive,,,,,,,48.616889,0.382124,1
113,2021,Cidre,🥈 Argent,Domaine des Hauts-Vents,Brut 2020,2889,Active,http://hautsvents.com/,https://www.facebook.com/CidreriedomaineDesHautsVents,https://www.instagram.com/domainedeshautsvents/,https://maps.google.com/?cid=3890633221204655265,https://www.tripadvisor.com/Attraction_Review-g661275-d6654230,https://untappd.com/w/domaine-des-hauts-vents/70064,49.3011577,0.9456953,0
114,2021,Cidre,🥈 Argent,Domaine des Hauts-Vents,Doux 2020,2889,Active,http://hautsvents.com/,https://www.facebook.com/CidreriedomaineDesHautsVents,https://www.instagram.com/domainedeshautsvents/,https://maps.google.com/?cid=3890633221204655265,https://www.tripadvisor.com/Attraction_Review-g661275-d6654230,https://untappd.com/w/domaine-des-hauts-vents/70064,49.3011577,0.9456953,0
115,2021,Cidre,🥈 Argent,Ferme de la Sapinière,Apple Oak 2018,1913,Active,https://www.producteur-cidre.com/,https://www.facebook.com/fermedelasapiniere/,,https://maps.google.com/?cid=13033032790677741913,https://www.tripadvisor.com/Attraction_Review-g1462420-d4961506,https://untappd.com/w/ferme-de-la-sapini-re/124296,49.3561555,-0.8754963,0
116,2021,Cidre,🥈 Argent,Ferme de la Sapinière,Apple Oak 2019,1913,Active,https://www.producteur-cidre.com/,https://www.facebook.com/fermedelasapiniere/,,https://maps.google.com/?cid=13033032790677741913,https://www.tripadvisor.com/Attraction_Review-g1462420-d4961506,https://untappd.com/w/ferme-de-la-sapini-re/124296,49.3561555,-0.8754963,0
117,2021,Cidre,🥈 Argent,Ferme de la Sapinière,Brut 2020,1913,Active,https://www.producteur-cidre.com/,https://www.facebook.com/fermedelasapiniere/,,https://maps.google.com/?cid=13033032790677741913,https://www.tripadvisor.com/Attraction_Review-g1462420-d4961506,https://untappd.com/w/ferme-de-la-sapini-re/124296,49.3561555,-0.8754963,0
118,2021,Cidre,🥈 Argent,Ferme de la Sapinière,Cuvée Louise Gautier 2019,1913,Active,https://www.producteur-cidre.com/,https://www.facebook.com/fermedelasapiniere/,,https://maps.google.com/?cid=13033032790677741913,https://www.tripadvisor.com/Attraction_Review-g1462420-d4961506,https://untappd.com/w/ferme-de-la-sapini-re/124296,49.3561555,-0.8754963,0
119,2021,Cidre,🥈 Argent,Ferme des Martellières,Demi-sec 2020,3322,Active,,https://www.facebook.com/LesMartellieres.ProduitsCidricoles,,https://maps.google.com/?cid=13628777607608573968,,https://untappd.com/w/les-martellieres/291057,48.497685,-0.532571,0
120,2021,Cidre,🥈 Argent,Ferme du Petit Château,Ferme du Petit Château 2018,3551,Active,,,,,,https://untappd.com/w/la-ferme-du-petit-chateau/404386,49.2899785,-0.6457572,0
121,2021,Cidre,🥈 Argent,La Ferme de Billy,Fruité 2020,1653,Active,https://www.ferme-de-billy.com/,https://www.facebook.com/lafermedebilly/,https://www.instagram.com/lafermedebilly/,https://maps.google.com/?cid=11023078698699122653,https://www.tripadvisor.com/Attraction_Review-g7741562-d6974742,https://untappd.com/w/la-ferme-de-billy/247621,49.2134763,-0.4722615,0
122,2021,Cidre,🥈 Argent,La Ferme des Ruelles,La Ferme des Ruelles 2020,2888,Active,https://www.fermedesruelles.com/,https://www.facebook.com/fermedesruelles,https://www.instagram.com/la_ferme_des_ruelles/,https://maps.google.com/?cid=14485040344949359277,https://www.tripadvisor.com/Hotel_Review-g6623129-d6622401,https://untappd.com/w/la-ferme-des-ruelles/141983,49.1412626,1.5194074,0
123,2021,Cidre,🥈 Argent,Le Chai de la Baie,Brut 2019,3368,Active,,https://www.facebook.com/jacques.daunay50/,,https://maps.google.com/?cid=12654181407242940379,,https://untappd.com/w/le-chai-de-la-baie/471739,48.7402045,-1.4296969,0
124,2021,Cidre,🥈 Argent,Le Chai de la Baie,Brut 2019,3368,Active,,https://www.facebook.com/jacques.daunay50/,,https://maps.google.com/?cid=12654181407242940379,,https://untappd.com/w/le-chai-de-la-baie/471739,48.7402045,-1.4296969,0
125,2021,Cidre,🥈 Argent,Les Vergers du Quesnay,Brut 2020,3370,Active,https://www.lesvergersduquesnay.fr/,https://www.facebook.com/profile.php?id=100058435991351,https://www.instagram.com/les_vergers_du_quesnay/,https://maps.google.com/?cid=15904214834922492181,,https://untappd.com/w/les-vergers-du-quesnay/228234,49.5329228,1.0095949,0
126,2021,Cidre,🥈 Argent,Les Vergers du Quesnay,Demi-sec 2020,3370,Active,https://www.lesvergersduquesnay.fr/,https://www.facebook.com/profile.php?id=100058435991351,https://www.instagram.com/les_vergers_du_quesnay/,https://maps.google.com/?cid=15904214834922492181,,https://untappd.com/w/les-vergers-du-quesnay/228234,49.5329228,1.0095949,0
127,2021,Cidre,🥈 Argent,Pacory,Pacory 2020,1582,Active,https://www.pacory.eu/,https://www.facebook.com/PacoryFermedesGrimaux,https://www.instagram.com/pacoryfermedesgrimaux,https://maps.google.com/?cid=15821520734729613945,,https://untappd.com/brewery/32360,48.5314059,-0.795102,0
128,2021,Poiré,🥇 Or,Domaine des Hauts-Vents,Domaine des Hauts Vents 2020,2889,Active,http://hautsvents.com/,https://www.facebook.com/CidreriedomaineDesHautsVents,https://www.instagram.com/domainedeshautsvents/,https://maps.google.com/?cid=3890633221204655265,https://www.tripadvisor.com/Attraction_Review-g661275-d6654230,https://untappd.com/w/domaine-des-hauts-vents/70064,49.3011577,0.9456953,0
129,2021,Poiré,🥇 Or,Famille Guesdon,La Cave Normande 2020,2697,Active,https://famille-guesdon.com/,https://www.facebook.com/profile.php?id=100057212210806,https://www.instagram.com/lacavenormandeguesdon/,https://maps.google.com/?cid=13182761816105385497,,https://untappd.com/w/guesdon-p-re-et-fils/343009,48.5746579,-0.7975042,0
130,2021,Poiré,🥇 Or,Manoir de Durcet,Manoir de Durcet 2020,2487,Active,https://www.breton-manoirdedurcet.fr/,https://www.facebook.com/manoirdedurcet/,https://www.instagram.com/manoirdedurcetgaec/,https://maps.google.com/?cid=3868969713989886200,,https://untappd.com/w/manoir-de-durcet/399555,48.5593722,-0.3313091,0
131,2021,Poiré,🥈 Argent,Cidres d'Auteurs,Poiré d'Auteur 2020,3554,Inactive,,,,,,,48.0883137,-0.7481734,1
132,2021,Poiré,🥈 Argent,Domaine Duclos Fougeray,Denise La Bonne Poire 2020,1178,Active,https://www.duclosfougeray.com/,https://www.facebook.com/domaine.duclosfougeray,https://www.instagram.com/domaine_duclos_fougeray/,https://maps.google.com/?cid=12398185041013701779,,https://untappd.com/brewery/103532,49.6100938,1.664631,0
133,2021,Poiré,🥈 Argent,Ferme des Martellières,Les Martellières 2018,3322,Active,,https://www.facebook.com/LesMartellieres.ProduitsCidricoles,,https://maps.google.com/?cid=13628777607608573968,,https://untappd.com/w/les-martellieres/291057,48.497685,-0.532571,0
134,2021,Poiré,🥈 Argent,Ferme du Manoir du Val,Poiré du Pays de la Risle 2020,3315,Active,https://www.manoirduval.fr/,,,https://maps.google.com/?cid=848420197404289170,,,49.02546,0.722805,0
135,2021,Poiré,🥈 Argent,La Cave de la Loterie,Fruité 2020,3316,Active,https://www.cavedelaloterie.fr/,https://www.facebook.com/cavedelaloterie,https://www.instagram.com/cave_de_la_loterie/,https://maps.google.com/?cid=14052572828101776269,https://www.tripadvisor.com/Attraction_Review-g672828-d12674111,https://untappd.com/w/cave-de-la-loterie/234216,48.8906343,-0.4710245,0
136,2022,AOP Cidre Cotentin,🥇 Or,Ferme de la Commanderie,Ferme de la Commanderie Brut Cuvée Héritage 2021,3319,Active,http://www.ferme-de-la-commanderie.fr/,https://www.facebook.com/CidrerieLaCommanderie,https://www.instagram.com/cidreriefermedelacommanderie,https://maps.google.com/?cid=2113479186577428756,https://www.tripadvisor.com/Attraction_Review-g2407705-d10109503,https://untappd.com/w/ferme-de-la-commanderie/233207,49.5108604,-1.7174817,0
137,2022,AOP Cidre Cotentin,🥇 Or,Ferme de la Commanderie,Ferme de la Commanderie Extra-Brut 2021,3319,Active,http://www.ferme-de-la-commanderie.fr/,https://www.facebook.com/CidrerieLaCommanderie,https://www.instagram.com/cidreriefermedelacommanderie,https://maps.google.com/?cid=2113479186577428756,https://www.tripadvisor.com/Attraction_Review-g2407705-d10109503,https://untappd.com/w/ferme-de-la-commanderie/233207,49.5108604,-1.7174817,0
138,2022,AOP Cidre Cotentin,🥇 Or,Théo Capelle,Théo Capelle Brut 2020,1513,Active,https://www.theo-capelle.com/,https://www.facebook.com/profile.php?id=100054206274447,,https://maps.google.com/?cid=3221607950662529223,https://www.tripadvisor.com/Attraction_Review-g187183-d3406164,https://untappd.com/w/cidrerie-tha-c-o-capelle/124517,49.5292294,-1.7457542,0
139,2022,AOP Cidre Cotentin,🥈 Argent,Cidrerie Claids,Cidrerie Claids 2020,3317,Active,https://www.cidrerieclaids.fr/,https://www.facebook.com/cidrerieclaids/,https://www.instagram.com/cidrerieclaids/,https://maps.google.com/?cid=16896075272570280949,,https://untappd.com/w/cidrerie-claids/541066,49.2339556,-1.4258585,0
140,2022,AOP Cidre Cotentin,🥈 Argent,Ferme de la Commanderie,Ferme de la Commanderie Brut 2021,3319,Active,http://www.ferme-de-la-commanderie.fr/,https://www.facebook.com/CidrerieLaCommanderie,https://www.instagram.com/cidreriefermedelacommanderie,https://maps.google.com/?cid=2113479186577428756,https://www.tripadvisor.com/Attraction_Review-g2407705-d10109503,https://untappd.com/w/ferme-de-la-commanderie/233207,49.5108604,-1.7174817,0
141,2022,AOP Cidre Cotentin,🥈 Argent,Théo Capelle,Théo Capelle Extra-Brut 2020,1513,Active,https://www.theo-capelle.com/,https://www.facebook.com/profile.php?id=100054206274447,,https://maps.google.com/?cid=3221607950662529223,https://www.tripadvisor.com/Attraction_Review-g187183-d3406164,https://untappd.com/w/cidrerie-tha-c-o-capelle/124517,49.5292294,-1.7457542,0
142,2022,AOP Cidre Pays d'Auge,🥇 Or,Ferme Cidricole Desvoye,Cidrerie Desvoye Premières 2021,2161,Active,https://www.cidre-calvados-desvoye.fr/,https://www.facebook.com/profile.php?id=100015340218972,https://www.instagram.com/calvados_desvoye/,https://maps.google.com/?cid=9466556986578009265,https://www.tripadvisor.com/Attraction_Review-g14010617-d21111014,https://untappd.com/w/cidrerie-desvoye/264267,49.209316,0.008439,0
143,2022,AOP Cidre Pays d'Auge,🥇 Or,Ferme de la Vallée au Tanneur,Ferme de la Vallée au Tanneur Demi-Sec 2021,2160,Active,,https://www.facebook.com/valleeautanneur,,https://maps.google.com/?cid=1292218678865448801,,https://untappd.com/w/ferme-de-la-vallee-au-tanneur/102219,49.2084438,0.0436273,0
144,2022,AOP Cidre Pays d'Auge,🥈 Argent,Ferme Cidricole Desvoye,Cidrerie Desvoye Tradition Cambremer 2021,2161,Active,https://www.cidre-calvados-desvoye.fr/,https://www.facebook.com/profile.php?id=100015340218972,https://www.instagram.com/calvados_desvoye/,https://maps.google.com/?cid=9466556986578009265,https://www.tripadvisor.com/Attraction_Review-g14010617-d21111014,https://untappd.com/w/cidrerie-desvoye/264267,49.209316,0.008439,0
145,2022,AOP Cidre Pays d'Auge,🥈 Argent,Ferme du Lieu-Roussel,Le Lieu Roussel 2021,1650,Active,https://lieu-roussel.fr/,,https://www.instagram.com/ferme_du_lieu_roussel/,https://maps.google.com/?cid=14333694268932285992,https://www.tripadvisor.com/Attraction_Review-g1918936-d6581852,https://untappd.com/w/lieu-roussel/276562,49.254184,-0.021999,0
146,2022,AOP Cidre Pays d'Auge,🥈 Argent,Les Vergers d'Auvillars,Les Vergers d'Auvillars 2021,2905,Active,,https://www.facebook.com/profile.php?id=100064493697087,,https://maps.google.com/?cid=6624112631217511275,,https://untappd.com/w/les-vergers-d-auvillars/298717,49.3037222,-0.331588,0
147,2022,AOP Cidre Pays d'Auge,🥈 Argent,Manoir d'Apreval,Manoir d'Apreval Cuvée Saint-Georges 2021,1377,Active,https://www.apreval.com/,https://www.facebook.com/manoirdapreval/,https://www.instagram.com/manoirdapreval/,https://maps.google.com/?cid=10807770520098333687,https://www.tripadvisor.com/Attraction_Review-g2205406-d9715014,https://untappd.com/w/manoir-d-apreval/228726,49.4063622,0.1751606,0
148,2022,AOP Cidre du Perche,🥇 Or,Cidrerie Domaine du Ruisseau,Domaine du Ruisseau Demi-Sec 2021,3325,Active,,,,https://maps.google.com/?cid=14181024575525431243,,https://untappd.com/w/domaine-du-ruisseau/470036,48.4571495,0.7511747,0
149,2022,Cidre du Pays de Caux,🥇 Or,Les Normandises du Pradon,Domaine du Pradon 2021,3308,Active,http://lesnormandisesdupradon.com/,https://www.facebook.com/lesnormandisesdupradon/,https://www.instagram.com/lesnormandisesdupradon/,https://maps.google.com/?cid=5034289693754776537,,https://untappd.com/w/ferme-du-pradon/228438,49.5159748,0.2338077,0
150,2022,Cidre du Pays de Caux,🥈 Argent,GAEC Hédouin,Ferme de Catteville 2021,3324,Active,,https://www.facebook.com/gaechedouin/,,https://maps.google.com/?cid=8955816640789328765,,,49.7907638,0.7005957,0
151,2022,AOP Poiré Domfront,🥇 Or,Famille Guesdon,La Cave Normande 2020,2697,Active,https://famille-guesdon.com/,https://www.facebook.com/profile.php?id=100057212210806,https://www.instagram.com/lacavenormandeguesdon/,https://maps.google.com/?cid=13182761816105385497,,https://untappd.com/w/guesdon-p-re-et-fils/343009,48.5746579,-0.7975042,0
152,2022,AOP Poiré Domfront,🥇 Or,Famille Guesdon,La Cave Normande 2020,2697,Active,https://famille-guesdon.com/,https://www.facebook.com/profile.php?id=100057212210806,https://www.instagram.com/lacavenormandeguesdon/,https://maps.google.com/?cid=13182761816105385497,,https://untappd.com/w/guesdon-p-re-et-fils/343009,48.5746579,-0.7975042,0
153,2022,IGP Cidre de Normandie,🥇 Or,Cidre Viard-Bayeux,Bayeux Brut Tannique 2021,3318,Active,https://cidrebayeux.com/,https://www.facebook.com/CidresBayeux,https://www.instagram.com/cidrerie_bayeux/,https://maps.google.com/?cid=13233255599279949282,https://www.tripadvisor.com/Attraction_Review-g187181-d3454062,https://untappd.com/w/cidrerie-viard/26008,49.2436576,-0.7038301,0
154,2022,IGP Cidre de Normandie,🥇 Or,Cidre Viard-Bayeux,Pomme d'Aure Demi-Sec 2020,3318,Active,https://cidrebayeux.com/,https://www.facebook.com/CidresBayeux,https://www.instagram.com/cidrerie_bayeux/,https://maps.google.com/?cid=13233255599279949282,https://www.tripadvisor.com/Attraction_Review-g187181-d3454062,https://untappd.com/w/cidrerie-viard/26008,49.2436576,-0.7038301,0
155,2022,IGP Cidre de Normandie,🥇 Or,Domaine Duclos Fougeray,Domaine Duclos-Fougeray Denise La Patronne 2021,1178,Active,https://www.duclosfougeray.com/,https://www.facebook.com/domaine.duclosfougeray,https://www.instagram.com/domaine_duclos_fougeray/,https://maps.google.com/?cid=12398185041013701779,,https://untappd.com/brewery/103532,49.6100938,1.664631,0
156,2022,IGP Cidre de Normandie,🥇 Or,Le Pressoir d'Or,Le Pressoir d'Or Cidre du Vexin Normand 2021,2689,Active,http://www.pressoirdor.com/,,https://www.instagram.com/lepressoirdor/,https://maps.google.com/?cid=11174929092699381803,,https://untappd.com/w/le-pressoir-d-or/210218,49.2934642,1.4849943,0
157,2022,IGP Cidre de Normandie,🥈 Argent,Cidre Viard-Bayeux,Bayeux Doux Plaisir 2021,3318,Active,https://cidrebayeux.com/,https://www.facebook.com/CidresBayeux,https://www.instagram.com/cidrerie_bayeux/,https://maps.google.com/?cid=13233255599279949282,https://www.tripadvisor.com/Attraction_Review-g187181-d3454062,https://untappd.com/w/cidrerie-viard/26008,49.2436576,-0.7038301,0
158,2022,IGP Cidre de Normandie,🥈 Argent,Cidrerie de la Brique,Les Vergers Brut 2021,1312,Active,https://cidreriedelabrique.com/,https://www.facebook.com/CidreriedelaBrique/,https://www.instagram.com/cidreriedelabrique/,https://maps.google.com/?cid=7178427047416068956,,https://untappd.com/CidreriedeLaBrique,49.5156759,-1.5231005,0
159,2022,IGP Cidre de Normandie,🥈 Argent,Cidrerie de la Brique,Les Vergers Doux 2021,1312,Active,https://cidreriedelabrique.com/,https://www.facebook.com/CidreriedelaBrique/,https://www.instagram.com/cidreriedelabrique/,https://maps.google.com/?cid=7178427047416068956,,https://untappd.com/CidreriedeLaBrique,49.5156759,-1.5231005,0
160,2022,IGP Cidre de Normandie,🥈 Argent,Cidrerie Michel Bréavoine,Michel Bréavoine 2021,1507,Active,https://www.breavoine.fr/,https://www.facebook.com/cidrebreavoine/,https://www.instagram.com/cidrebreavoine/,https://maps.google.com/?cid=13497264920337240271,,https://untappd.com/w/cidrerie-michel-breavoine/123090,49.300695,0.186955,0
161,2022,IGP Cidre de Normandie,🥈 Argent,Domaine des 5 Autels,Domaine des 5 Autels L'Extralucidre 2020,2591,Active,https://cinqautels.com/,https://www.facebook.com/5Autels/,https://www.instagram.com/5autels/,https://maps.google.com/?cid=1561300018564057036,https://www.tripadvisor.com/Hotel_Review-g1385431-d1308959,https://untappd.com/w/domaine-des-cinqs-autels/519014,49.0742817,-0.1886941,0
162,2022,IGP Cidre de Normandie,🥈 Argent,Domaine des Hauts-Vents,Domaine des Hauts Vents Cuvée Paule 2021,2889,Active,http://hautsvents.com/,https://www.facebook.com/CidreriedomaineDesHautsVents,https://www.instagram.com/domainedeshautsvents/,https://maps.google.com/?cid=3890633221204655265,https://www.tripadvisor.com/Attraction_Review-g661275-d6654230,https://untappd.com/w/domaine-des-hauts-vents/70064,49.3011577,0.9456953,0
163,2022,IGP Cidre de Normandie,🥈 Argent,Domaine Duclos Fougeray,Domaine Duclos-Fougeray Denise La Brute 2020,1178,Active,https://www.duclosfougeray.com/,https://www.facebook.com/domaine.duclosfougeray,https://www.instagram.com/domaine_duclos_fougeray/,https://maps.google.com/?cid=12398185041013701779,,https://untappd.com/brewery/103532,49.6100938,1.664631,0
164,2022,IGP Cidre de Normandie,🥈 Argent,Domaine Duclos Fougeray,Domaine Duclos-Fougeray Denise La Douce 2021,1178,Active,https://www.duclosfougeray.com/,https://www.facebook.com/domaine.duclosfougeray,https://www.instagram.com/domaine_duclos_fougeray/,https://maps.google.com/?cid=12398185041013701779,,https://untappd.com/brewery/103532,49.6100938,1.664631,0
165,2022,IGP Cidre de Normandie,🥈 Argent,La Cave de la Loterie,Cave de la Loterie Brut 2021,3316,Active,https://www.cavedelaloterie.fr/,https://www.facebook.com/cavedelaloterie,https://www.instagram.com/cave_de_la_loterie/,https://maps.google.com/?cid=14052572828101776269,https://www.tripadvisor.com/Attraction_Review-g672828-d12674111,https://untappd.com/w/cave-de-la-loterie/234216,48.8906343,-0.4710245,0
166,2022,IGP Cidre de Normandie,🥈 Argent,La Cave de la Loterie,Cave de la Loterie Fruité 2021,3316,Active,https://www.cavedelaloterie.fr/,https://www.facebook.com/cavedelaloterie,https://www.instagram.com/cave_de_la_loterie/,https://maps.google.com/?cid=14052572828101776269,https://www.tripadvisor.com/Attraction_Review-g672828-d12674111,https://untappd.com/w/cave-de-la-loterie/234216,48.8906343,-0.4710245,0
167,2022,IGP Cidre de Normandie,🥈 Argent,Le Pressoir d'Or,Le Pressoir d'Or Domaine de Frenelles 2020,2689,Active,http://www.pressoirdor.com/,,https://www.instagram.com/lepressoirdor/,https://maps.google.com/?cid=11174929092699381803,,https://untappd.com/w/le-pressoir-d-or/210218,49.2934642,1.4849943,0
168,2022,Cidre,🥇 Or,Cidrerie Godefroy,Demi-Sec 2021,1577,Active,https://www.ecomuseeducidre.fr/,,,https://maps.google.com/?cid=5707167707581907830,https://www.tripadvisor.com/Attraction_Review-g1572450-d3428587,https://untappd.com/w/vincent-et-marieclaire-godefroy/207560,49.6562671,0.378119,0
169,2022,Cidre,🥇 Or,Ferme de la Sapinière,Ferme de la Sapinière Cuvée Louise Gautier 2021,1913,Active,https://www.producteur-cidre.com/,https://www.facebook.com/fermedelasapiniere/,,https://maps.google.com/?cid=13033032790677741913,https://www.tripadvisor.com/Attraction_Review-g1462420-d4961506,https://untappd.com/w/ferme-de-la-sapini-re/124296,49.3561555,-0.8754963,0
170,2022,Cidre,🥇 Or,Ferme des Noës,La Ferme des Noës Fruité 2021,2887,Active,https://www.fermedesnoes.com/,,https://www.instagram.com/fermedesnoes/,https://maps.google.com/?cid=16067236232754040277,,https://untappd.com/w/ferme-des-no-s/72679,49.1301268,1.3281105,0
171,2022,Cidre,🥇 Or,Ferme du Lieu-Roussel,Le Lieu-Roussel 2021,1650,Active,https://lieu-roussel.fr/,,https://www.instagram.com/ferme_du_lieu_roussel/,https://maps.google.com/?cid=14333694268932285992,https://www.tripadvisor.com/Attraction_Review-g1918936-d6581852,https://untappd.com/w/lieu-roussel/276562,49.254184,-0.021999,0
172,2022,Cidre,🥇 Or,Ferme du Manoir du Val,Ferme du Manoir du Val 2020,3315,Active,https://www.manoirduval.fr/,,,https://maps.google.com/?cid=848420197404289170,,,49.02546,0.722805,0
173,2022,Cidre,🥇 Or,Les Vergers de Ducy,Cidre de la Flaguerie Brut 2020,3321,Active,https://lesvergersdeducy.fr/,https://www.facebook.com/LesVergersdeDucy/,,https://maps.google.com/?cid=5658619103463764772,https://www.tripadvisor.com/Attraction_Review-g5105596-d5012299,https://untappd.com/w/les-vergers-de-ducy/68480,49.2169875,-0.6242584,0
174,2022,Cidre,🥇 Or,Les Vergers de Ducy,Cidre de la Flaguerie Calypso 2020,3321,Active,https://lesvergersdeducy.fr/,https://www.facebook.com/LesVergersdeDucy/,,https://maps.google.com/?cid=5658619103463764772,https://www.tripadvisor.com/Attraction_Review-g5105596-d5012299,https://untappd.com/w/les-vergers-de-ducy/68480,49.2169875,-0.6242584,0
175,2022,Cidre,🥇 Or,Les Vergers de Ducy,Cidre de la Flaguerie Demi-Sec 2020,3321,Active,https://lesvergersdeducy.fr/,https://www.facebook.com/LesVergersdeDucy/,,https://maps.google.com/?cid=5658619103463764772,https://www.tripadvisor.com/Attraction_Review-g5105596-d5012299,https://untappd.com/w/les-vergers-de-ducy/68480,49.2169875,-0.6242584,0
176,2022,Cidre,🥇 Or,Les Vergers du Quesnay,Les Vergers du Quesnay Brut 2019,3370,Active,https://www.lesvergersduquesnay.fr/,https://www.facebook.com/profile.php?id=100058435991351,https://www.instagram.com/les_vergers_du_quesnay/,https://maps.google.com/?cid=15904214834922492181,,https://untappd.com/w/les-vergers-du-quesnay/228234,49.5329228,1.0095949,0
177,2022,Cidre,🥇 Or,Pacory,Pacory 2021,1582,Active,https://www.pacory.eu/,https://www.facebook.com/PacoryFermedesGrimaux,https://www.instagram.com/pacoryfermedesgrimaux,https://maps.google.com/?cid=15821520734729613945,,https://untappd.com/brewery/32360,48.5314059,-0.795102,0
178,2022,Cidre,🥇 Or,Pacory,Pacory Brut 2021,1582,Active,https://www.pacory.eu/,https://www.facebook.com/PacoryFermedesGrimaux,https://www.instagram.com/pacoryfermedesgrimaux,https://maps.google.com/?cid=15821520734729613945,,https://untappd.com/brewery/32360,48.5314059,-0.795102,0
179,2022,Cidre,🥈 Argent,Ferme de Cavelande,Ferme de Cavelande 2021,2164,Active,https://www.fermedecavelande.fr/,,,https://maps.google.com/?cid=949032948010559518,,https://untappd.com/w/ferme-de-cavelande/465256,49.2339514,0.0084808,0
180,2022,Cidre,🥈 Argent,Ferme de la Sapinière,Ferme de la Sapinière Apple Oak 2020,1913,Active,https://www.producteur-cidre.com/,https://www.facebook.com/fermedelasapiniere/,,https://maps.google.com/?cid=13033032790677741913,https://www.tripadvisor.com/Attraction_Review-g1462420-d4961506,https://untappd.com/w/ferme-de-la-sapini-re/124296,49.3561555,-0.8754963,0
181,2022,Cidre,🥈 Argent,Ferme de la Vallée au Tanneur,Ferme de la Vallée au Tanneur Extra-Brut 2021,2160,Active,,https://www.facebook.com/valleeautanneur,,https://maps.google.com/?cid=1292218678865448801,,https://untappd.com/w/ferme-de-la-vallee-au-tanneur/102219,49.2084438,0.0436273,0
182,2022,Cidre,🥈 Argent,Ferme des Martellières,Ferme des Martellières Brut 2021,3322,Active,,https://www.facebook.com/LesMartellieres.ProduitsCidricoles,,https://maps.google.com/?cid=13628777607608573968,,https://untappd.com/w/les-martellieres/291057,48.497685,-0.532571,0
183,2022,Cidre,🥈 Argent,Ferme des Noës,La Ferme des Noës Sec 2021,2887,Active,https://www.fermedesnoes.com/,,https://www.instagram.com/fermedesnoes/,https://maps.google.com/?cid=16067236232754040277,,https://untappd.com/w/ferme-des-no-s/72679,49.1301268,1.3281105,0
184,2022,Cidre,🥈 Argent,Ferme du Manoir du Val,Ferme du Manoir du Val Brut 2021,3315,Active,https://www.manoirduval.fr/,,,https://maps.google.com/?cid=848420197404289170,,,49.02546,0.722805,0
185,2022,Cidre,🥈 Argent,Ferme du Manoir du Val,Ferme du Manoir du Val Doux 2021,3315,Active,https://www.manoirduval.fr/,,,https://maps.google.com/?cid=848420197404289170,,,49.02546,0.722805,0
186,2022,Cidre,🥈 Argent,Groualle Frères,Groualle Frères Brut 2021,3367,Active,,https://www.facebook.com/GROUALLEANTHONY,,,,,49.104686,-1.329224,0
187,2022,Cidre,🥈 Argent,La Ferme de Billy,La Ferme de Billy Corsé 2021,1653,Active,https://www.ferme-de-billy.com/,https://www.facebook.com/lafermedebilly/,https://www.instagram.com/lafermedebilly/,https://maps.google.com/?cid=11023078698699122653,https://www.tripadvisor.com/Attraction_Review-g7741562-d6974742,https://untappd.com/w/la-ferme-de-billy/247621,49.2134763,-0.4722615,0
188,2022,Cidre,🥈 Argent,Le Chai de la Baie,Le Chai de la Baie Brut 2021,3368,Active,,https://www.facebook.com/jacques.daunay50/,,https://maps.google.com/?cid=12654181407242940379,,https://untappd.com/w/le-chai-de-la-baie/471739,48.7402045,-1.4296969,0
189,2022,Cidre,🥈 Argent,Le Chai de la Baie,Le Chai de la Baie Demi-Sec 2020,3368,Active,,https://www.facebook.com/jacques.daunay50/,,https://maps.google.com/?cid=12654181407242940379,,https://untappd.com/w/le-chai-de-la-baie/471739,48.7402045,-1.4296969,0
190,2022,Cidre,🥈 Argent,Le Chai de la Baie,Le Chai de la Baie Doux 2021,3368,Active,,https://www.facebook.com/jacques.daunay50/,,https://maps.google.com/?cid=12654181407242940379,,https://untappd.com/w/le-chai-de-la-baie/471739,48.7402045,-1.4296969,0
191,2022,Cidre,🥈 Argent,Les Normandises du Pradon,Les Normandises du Pradon Demi-Sec 2021,3308,Active,http://lesnormandisesdupradon.com/,https://www.facebook.com/lesnormandisesdupradon/,https://www.instagram.com/lesnormandisesdupradon/,https://maps.google.com/?cid=5034289693754776537,,https://untappd.com/w/ferme-du-pradon/228438,49.5159748,0.2338077,0
192,2022,Cidre,🥈 Argent,Les Normandises du Pradon,Les Normandises du Pradon Extra-Brut 2021,3308,Active,http://lesnormandisesdupradon.com/,https://www.facebook.com/lesnormandisesdupradon/,https://www.instagram.com/lesnormandisesdupradon/,https://maps.google.com/?cid=5034289693754776537,,https://untappd.com/w/ferme-du-pradon/228438,49.5159748,0.2338077,0
193,2022,Cidre,🥈 Argent,Les Vergers d'Auvillars,Les Vergers d'Auvillars Cuvée Tradition 2021,2905,Active,,https://www.facebook.com/profile.php?id=100064493697087,,https://maps.google.com/?cid=6624112631217511275,,https://untappd.com/w/les-vergers-d-auvillars/298717,49.3037222,-0.331588,0
194,2022,Cidre,🥈 Argent,Les Vergers de Ducy,Cidre de la Flaguerie Demi-Sec 2021,3321,Active,https://lesvergersdeducy.fr/,https://www.facebook.com/LesVergersdeDucy/,,https://maps.google.com/?cid=5658619103463764772,https://www.tripadvisor.com/Attraction_Review-g5105596-d5012299,https://untappd.com/w/les-vergers-de-ducy/68480,49.2169875,-0.6242584,0
195,2022,Cidre,🥈 Argent,Les Vergers du Quesnay,Les Vergers du Quesnay Doux 2021,3370,Active,https://www.lesvergersduquesnay.fr/,https://www.facebook.com/profile.php?id=100058435991351,https://www.instagram.com/les_vergers_du_quesnay/,https://maps.google.com/?cid=15904214834922492181,,https://untappd.com/w/les-vergers-du-quesnay/228234,49.5329228,1.0095949,0
196,2022,Cidre Rosé,🥇 Or,Les Celliers Associés,Dujardin 2020,1999,Active,https://www.valderance.com/,https://www.facebook.com/ValdeRance/,,https://maps.google.com/?cid=7883069809343472545,,https://untappd.com/LesCelliersAssocis,48.5085682,-1.9533612,0
197,2022,Cidre Rosé,🥈 Argent,Ferme des Noës,La Ferme des Noës 2021,2887,Active,https://www.fermedesnoes.com/,,https://www.instagram.com/fermedesnoes/,https://maps.google.com/?cid=16067236232754040277,,https://untappd.com/w/ferme-des-no-s/72679,49.1301268,1.3281105,0
198,2022,Poiré,🥇 Or,Domaine des Hauts-Vents,Domaine des Hauts Vents 2021,2889,Active,http://hautsvents.com/,https://www.facebook.com/CidreriedomaineDesHautsVents,https://www.instagram.com/domainedeshautsvents/,https://maps.google.com/?cid=3890633221204655265,https://www.tripadvisor.com/Attraction_Review-g661275-d6654230,https://untappd.com/w/domaine-des-hauts-vents/70064,49.3011577,0.9456953,0
199,2022,Poiré,🥇 Or,Famille Guesdon,La Cave Normande 2021,2697,Active,https://famille-guesdon.com/,https://www.facebook.com/profile.php?id=100057212210806,https://www.instagram.com/lacavenormandeguesdon/,https://maps.google.com/?cid=13182761816105385497,,https://untappd.com/w/guesdon-p-re-et-fils/343009,48.5746579,-0.7975042,0
200,2022,Poiré,🥇 Or,Ferme des Martellières,Ferme des Martellières Demi-Sec 2021,3322,Active,,https://www.facebook.com/LesMartellieres.ProduitsCidricoles,,https://maps.google.com/?cid=13628777607608573968,,https://untappd.com/w/les-martellieres/291057,48.497685,-0.532571,0
201,2022,Poiré,🥈 Argent,Ferme des Martellières,Ferme des Martellières Demi-Sec 2020,3322,Active,,https://www.facebook.com/LesMartellieres.ProduitsCidricoles,,https://maps.google.com/?cid=13628777607608573968,,https://untappd.com/w/les-martellieres/291057,48.497685,-0.532571,0
202,2022,Poiré,🥈 Argent,Pacory,Pacory Vif et Pétillant 2021,1582,Active,https://www.pacory.eu/,https://www.facebook.com/PacoryFermedesGrimaux,https://www.instagram.com/pacoryfermedesgrimaux,https://maps.google.com/?cid=15821520734729613945,,https://untappd.com/brewery/32360,48.5314059,-0.795102,0
203,2022,Cidre et Poiré de Glace,🥈 Argent,Domaine de la Galotière,Cidre de Glace La Galotière 2020,1183,Active,https://www.lagalotiere.fr/,https://www.facebook.com/lagalotiere,,https://maps.google.com/?cid=3334578271943351430,https://www.tripadvisor.com/Attraction_Review-g608796-d12550194,https://untappd.com/w/domaine-de-la-galotiere/38855,48.923403,0.138481,0
204,2022,Cidre et Poiré de Glace,🥈 Argent,Domaine de la Galotière,Poiré de Glace La Galotière 2020,1183,Active,https://www.lagalotiere.fr/,https://www.facebook.com/lagalotiere,,https://maps.google.com/?cid=3334578271943351430,https://www.tripadvisor.com/Attraction_Review-g608796-d12550194,https://untappd.com/w/domaine-de-la-galotiere/38855,48.923403,0.138481,0
205,2023,Cidre,🥇 Or,Cidre Lemasson,Lemasson Opié Dumur Bio 2022,2691,Active,https://www.cidre-lemasson.fr/,https://www.facebook.com/cidrelemasson,https://www.instagram.com/cidrelemasson/,https://maps.google.com/?cid=7632467116285948880,https://www.tripadvisor.com/Attraction_Review-g12634286-d6538652,https://untappd.com/w/cidre-lemasson/247290,49.0708506,-1.2963565,0
206,2023,Cidre,🥇 Or,Earl du Manoir,Brut 2022,3307,Active,https://cidre-du-manoir-27.fr/,,,https://maps.google.com/?cid=4044711697661996773,,,48.752232,1.002753,0
207,2023,Cidre,🥇 Or,Les Normandises du Pradon,Les Normandises du Pradon Extra-brut 2022,3308,Active,http://lesnormandisesdupradon.com/,https://www.facebook.com/lesnormandisesdupradon/,https://www.instagram.com/lesnormandisesdupradon/,https://maps.google.com/?cid=5034289693754776537,,https://untappd.com/w/ferme-du-pradon/228438,49.5159748,0.2338077,0
208,2023,Cidre,🥇 Or,Famille Guesdon,Domaine de la Cave Normande Doux 2022,2697,Active,https://famille-guesdon.com/,https://www.facebook.com/profile.php?id=100057212210806,https://www.instagram.com/lacavenormandeguesdon/,https://maps.google.com/?cid=13182761816105385497,,https://untappd.com/w/guesdon-p-re-et-fils/343009,48.5746579,-0.7975042,0
209,2023,Cidre,🥇 Or,Ferme de la Sapinière,Ferme de la Sapinière Apple Oak brut Bio 2021,1913,Active,https://www.producteur-cidre.com/,https://www.facebook.com/fermedelasapiniere/,,https://maps.google.com/?cid=13033032790677741913,https://www.tripadvisor.com/Attraction_Review-g1462420-d4961506,https://untappd.com/w/ferme-de-la-sapini-re/124296,49.3561555,-0.8754963,0
210,2023,Cidre,🥇 Or,Domaine des Hauts-Vents,Domaine des Hauts Vents Cuvée Olga l'extra-brute 2021,2889,Active,http://hautsvents.com/,https://www.facebook.com/CidreriedomaineDesHautsVents,https://www.instagram.com/domainedeshautsvents/,https://maps.google.com/?cid=3890633221204655265,https://www.tripadvisor.com/Attraction_Review-g661275-d6654230,https://untappd.com/w/domaine-des-hauts-vents/70064,49.3011577,0.9456953,0
211,2023,Cidre,🥇 Or,Domaine des Hauts-Vents,Domaine des Hauts Vents Brut 2022,2889,Active,http://hautsvents.com/,https://www.facebook.com/CidreriedomaineDesHautsVents,https://www.instagram.com/domainedeshautsvents/,https://maps.google.com/?cid=3890633221204655265,https://www.tripadvisor.com/Attraction_Review-g661275-d6654230,https://untappd.com/w/domaine-des-hauts-vents/70064,49.3011577,0.9456953,0
212,2023,Cidre,🥇 Or,Domaine des Hauts-Vents,Domaine des Hauts Vents Cuvée Paule 2022,2889,Active,http://hautsvents.com/,https://www.facebook.com/CidreriedomaineDesHautsVents,https://www.instagram.com/domainedeshautsvents/,https://maps.google.com/?cid=3890633221204655265,https://www.tripadvisor.com/Attraction_Review-g661275-d6654230,https://untappd.com/w/domaine-des-hauts-vents/70064,49.3011577,0.9456953,0
213,2023,Cidre,🥈 Argent,Le Costil Rouge,Le Costil Rouge Brut Bio 2022,3326,Active,,,,https://maps.google.com/?cid=813458325751135495,,https://untappd.com/w/didier-gilbert/324320,49.101073,-0.151407,0
214,2023,Cidre,🥈 Argent,Ferme du Manoir du Val,Le Manoir du Val Cidre du Pays de la Risle Bio 2022,3315,Active,https://www.manoirduval.fr/,,,https://maps.google.com/?cid=848420197404289170,,,49.02546,0.722805,0
215,2023,Cidre,🥈 Argent,Ferme du Manoir du Val,Le Manoir du Val Cidre demi-sec du Pays de la Risle Bio 2022,3315,Active,https://www.manoirduval.fr/,,,https://maps.google.com/?cid=848420197404289170,,,49.02546,0.722805,0
216,2023,Cidre,🥈 Argent,Ferme du Manoir du Val,Le Manoir du Val Cidre du Pays de la Risle 2021 Bio 2021,3315,Active,https://www.manoirduval.fr/,,,https://maps.google.com/?cid=848420197404289170,,,49.02546,0.722805,0
217,2023,Cidre,🥈 Argent,Les Normandises du Pradon,Les Normandises du Pradon Brut 2022,3308,Active,http://lesnormandisesdupradon.com/,https://www.facebook.com/lesnormandisesdupradon/,https://www.instagram.com/lesnormandisesdupradon/,https://maps.google.com/?cid=5034289693754776537,,https://untappd.com/w/ferme-du-pradon/228438,49.5159748,0.2338077,0
218,2023,Cidre,🥈 Argent,Ferme de la Commanderie,Ferme de la Commanderie Brut 2022,3319,Active,http://www.ferme-de-la-commanderie.fr/,https://www.facebook.com/CidrerieLaCommanderie,https://www.instagram.com/cidreriefermedelacommanderie,https://maps.google.com/?cid=2113479186577428756,https://www.tripadvisor.com/Attraction_Review-g2407705-d10109503,https://untappd.com/w/ferme-de-la-commanderie/233207,49.5108604,-1.7174817,0
219,2023,Cidre,🥈 Argent,Ferme de la Vallée au Tanneur,Ferme de la Vallée au Tanneur L'extra-brut Bio 2021,2160,Active,,https://www.facebook.com/valleeautanneur,,https://maps.google.com/?cid=1292218678865448801,,https://untappd.com/w/ferme-de-la-vallee-au-tanneur/102219,49.2084438,0.0436273,0
220,2023,Cidre,🥈 Argent,Famille Guesdon,Domaine de la Cave Normande 2022,2697,Active,https://famille-guesdon.com/,https://www.facebook.com/profile.php?id=100057212210806,https://www.instagram.com/lacavenormandeguesdon/,https://maps.google.com/?cid=13182761816105385497,,https://untappd.com/w/guesdon-p-re-et-fils/343009,48.5746579,-0.7975042,0
221,2023,Cidre,🥈 Argent,La Ferme de Billy,La Ferme de Billy Fruité 2022,1653,Active,https://www.ferme-de-billy.com/,https://www.facebook.com/lafermedebilly/,https://www.instagram.com/lafermedebilly/,https://maps.google.com/?cid=11023078698699122653,https://www.tripadvisor.com/Attraction_Review-g7741562-d6974742,https://untappd.com/w/la-ferme-de-billy/247621,49.2134763,-0.4722615,0
222,2023,Cidre,🥈 Argent,Manoir d'Apreval,Manoir d'Apreval L'Enchanteur Bio 2022,1377,Active,https://www.apreval.com/,https://www.facebook.com/manoirdapreval/,https://www.instagram.com/manoirdapreval/,https://maps.google.com/?cid=10807770520098333687,https://www.tripadvisor.com/Attraction_Review-g2205406-d9715014,https://untappd.com/w/manoir-d-apreval/228726,49.4063622,0.1751606,0
223,2023,Cidre,🥈 Argent,Breton Michel,Bio 2022,3309,Active,https://www.cidre-bretonmichel.com/,,,https://maps.google.com/?cid=12939236238538332078,,https://untappd.com/w/breton-michel/222629,48.5669746,-0.3738003,0
224,2023,Cidre,🥈 Argent,La Ferme des Ruelles,Ferme des Ruelles Demi-sec 2022,2888,Active,https://www.fermedesruelles.com/,https://www.facebook.com/fermedesruelles,https://www.instagram.com/la_ferme_des_ruelles/,https://maps.google.com/?cid=14485040344949359277,https://www.tripadvisor.com/Hotel_Review-g6623129-d6622401,https://untappd.com/w/la-ferme-des-ruelles/141983,49.1412626,1.5194074,0
225,2023,Cidre,🥈 Argent,Domaine des Hauts-Vents,Domaine des Hauts Vents Doux 2022,2889,Active,http://hautsvents.com/,https://www.facebook.com/CidreriedomaineDesHautsVents,https://www.instagram.com/domainedeshautsvents/,https://maps.google.com/?cid=3890633221204655265,https://www.tripadvisor.com/Attraction_Review-g661275-d6654230,https://untappd.com/w/domaine-des-hauts-vents/70064,49.3011577,0.9456953,0
226,2023,Cidre,🥈 Argent,Ferme des Martellières,Les Martellières Brut Bio 2022,3322,Active,,https://www.facebook.com/LesMartellieres.ProduitsCidricoles,,https://maps.google.com/?cid=13628777607608573968,,https://untappd.com/w/les-martellieres/291057,48.497685,-0.532571,0
227,2023,Cidre,🥈 Argent,Ferme des Martellières,Les Martellières Demi-sec Bio 2022,3322,Active,,https://www.facebook.com/LesMartellieres.ProduitsCidricoles,,https://maps.google.com/?cid=13628777607608573968,,https://untappd.com/w/les-martellieres/291057,48.497685,-0.532571,0
228,2023,IGP Cidre de Normandie,🥇 Or,La Cave de la Loterie,Cave de la Loterie Fraîcheur Bio 2022,3316,Active,https://www.cavedelaloterie.fr/,https://www.facebook.com/cavedelaloterie,https://www.instagram.com/cave_de_la_loterie/,https://maps.google.com/?cid=14052572828101776269,https://www.tripadvisor.com/Attraction_Review-g672828-d12674111,https://untappd.com/w/cave-de-la-loterie/234216,48.8906343,-0.4710245,0
229,2023,IGP Cidre de Normandie,🥇 Or,Domaine des 5 Autels,5 Autels Cuvée Jean-René Bio 2021,2591,Active,https://cinqautels.com/,https://www.facebook.com/5Autels/,https://www.instagram.com/5autels/,https://maps.google.com/?cid=1561300018564057036,https://www.tripadvisor.com/Hotel_Review-g1385431-d1308959,https://untappd.com/w/domaine-des-cinqs-autels/519014,49.0742817,-0.1886941,0
230,2023,IGP Cidre de Normandie,🥇 Or,Le Pressoir d'Or,Le Pressoir d'Or Brut Bio 2022,2689,Active,http://www.pressoirdor.com/,,https://www.instagram.com/lepressoirdor/,https://maps.google.com/?cid=11174929092699381803,,https://untappd.com/w/le-pressoir-d-or/210218,49.2934642,1.4849943,0
231,2023,IGP Cidre de Normandie,🥇 Or,Zathinoé,Zathinoe Carte Verte Bio 2019,2702,Active,https://zathinoe.fr/,,,https://maps.google.com/?cid=2359582709656446462,,https://untappd.com/w/zathinoe/452758,49.0320526,0.0828382,0
232,2023,IGP Cidre de Normandie,🥈 Argent,Cidrerie de la Brique,Les Vergers Doux 2022,1312,Active,https://cidreriedelabrique.com/,https://www.facebook.com/CidreriedelaBrique/,https://www.instagram.com/cidreriedelabrique/,https://maps.google.com/?cid=7178427047416068956,,https://untappd.com/CidreriedeLaBrique,49.5156759,-1.5231005,0
233,2023,IGP Cidre de Normandie,🥈 Argent,Cidrerie de la Brique,Le Brut Artisanal Bio 2022,1312,Active,https://cidreriedelabrique.com/,https://www.facebook.com/CidreriedelaBrique/,https://www.instagram.com/cidreriedelabrique/,https://maps.google.com/?cid=7178427047416068956,,https://untappd.com/CidreriedeLaBrique,49.5156759,-1.5231005,0
234,2023,IGP Cidre de Normandie,🥈 Argent,Cidre Viard-Bayeux,Bayeux Brut tannique 2022,3318,Active,https://cidrebayeux.com/,https://www.facebook.com/CidresBayeux,https://www.instagram.com/cidrerie_bayeux/,https://maps.google.com/?cid=13233255599279949282,https://www.tripadvisor.com/Attraction_Review-g187181-d3454062,https://untappd.com/w/cidrerie-viard/26008,49.2436576,-0.7038301,0
235,2023,IGP Cidre de Normandie,🥈 Argent,Cidre Viard-Bayeux,Pomme d'Aure Brut 2022,3318,Active,https://cidrebayeux.com/,https://www.facebook.com/CidresBayeux,https://www.instagram.com/cidrerie_bayeux/,https://maps.google.com/?cid=13233255599279949282,https://www.tripadvisor.com/Attraction_Review-g187181-d3454062,https://untappd.com/w/cidrerie-viard/26008,49.2436576,-0.7038301,0
236,2023,IGP Cidre de Normandie,🥈 Argent,Cidrerie Dujardin,Dujardin Doux 2022,1142,Active,http://www.cidres-dujardin.fr/,,,https://maps.google.com/?cid=10438887429258835490,,https://untappd.com/w/cidrerie-dujardin/20309,49.1198831,-0.721687,0
237,2023,IGP Cidre de Normandie,🥈 Argent,Les Vergers de Ducy,La Flaguerie Cuvée Ulysse Tonic Bio 2021,3321,Active,https://lesvergersdeducy.fr/,https://www.facebook.com/LesVergersdeDucy/,,https://maps.google.com/?cid=5658619103463764772,https://www.tripadvisor.com/Attraction_Review-g5105596-d5012299,https://untappd.com/w/les-vergers-de-ducy/68480,49.2169875,-0.6242584,0
238,2023,IGP Cidre de Normandie,🥈 Argent,Les Vergers de Ducy,Les Vergers de Ducy Demi-sec Bio 2021,3321,Active,https://lesvergersdeducy.fr/,https://www.facebook.com/LesVergersdeDucy/,,https://maps.google.com/?cid=5658619103463764772,https://www.tripadvisor.com/Attraction_Review-g5105596-d5012299,https://untappd.com/w/les-vergers-de-ducy/68480,49.2169875,-0.6242584,0
239,2023,AOP Cidre Cotentin,🥇 Or,Cidre Lemasson,Lemasson Brut Bio 2021,2691,Active,https://www.cidre-lemasson.fr/,https://www.facebook.com/cidrelemasson,https://www.instagram.com/cidrelemasson/,https://maps.google.com/?cid=7632467116285948880,https://www.tripadvisor.com/Attraction_Review-g12634286-d6538652,https://untappd.com/w/cidre-lemasson/247290,49.0708506,-1.2963565,0
240,2023,AOP Cidre Cotentin,🥇 Or,Cidre Lemasson,Lemasson Extra-brut Bio 2021,2691,Active,https://www.cidre-lemasson.fr/,https://www.facebook.com/cidrelemasson,https://www.instagram.com/cidrelemasson/,https://maps.google.com/?cid=7632467116285948880,https://www.tripadvisor.com/Attraction_Review-g12634286-d6538652,https://untappd.com/w/cidre-lemasson/247290,49.0708506,-1.2963565,0
241,2023,AOP Cidre Cotentin,🥈 Argent,Cidrerie Claids,Cidrerie Claids Brut 2021,3317,Active,https://www.cidrerieclaids.fr/,https://www.facebook.com/cidrerieclaids/,https://www.instagram.com/cidrerieclaids/,https://maps.google.com/?cid=16896075272570280949,,https://untappd.com/w/cidrerie-claids/541066,49.2339556,-1.4258585,0
242,2023,AOP Cidre Cotentin,🥈 Argent,Cidrerie Le Père Mahieu,Le Père Mahieu Cuvée du Triquart brut Bio 2022,3320,Active,https://www.leperemahieu.com/,https://www.facebook.com/peremahieu/,https://www.instagram.com/cidrerieleperemahieu/,https://maps.google.com/?cid=12368038145815947190,https://www.tripadvisor.com/Attraction_Review-g4737571-d2476893,https://untappd.com/w/le-p-re-mahieu/324018,49.5477465,-1.7151626,0
243,2023,AOP Cidre Pays d'Auge,🥇 Or,Ferme Cidricole Desvoye,Cidrerie Desvoye Cuvée Premières Bio 2022,2161,Active,https://www.cidre-calvados-desvoye.fr/,https://www.facebook.com/profile.php?id=100015340218972,https://www.instagram.com/calvados_desvoye/,https://maps.google.com/?cid=9466556986578009265,https://www.tripadvisor.com/Attraction_Review-g14010617-d21111014,https://untappd.com/w/cidrerie-desvoye/264267,49.209316,0.008439,0
244,2023,AOP Cidre Pays d'Auge,🥇 Or,Manoir de Grandouet,Manoir de Grandouet Cuvée réserve Bio 2021,1376,Active,https://www.manoir-de-grandouet.fr/,https://www.facebook.com/grandval.fr/,https://www.instagram.com/manoirdegrandouet/,https://maps.google.com/?cid=1664850146101306839,https://www.tripadvisor.com/Attraction_Review-g672825-d6994534,https://untappd.com/brewery/18942,49.158588,0.066211,0
245,2023,AOP Cidre Pays d'Auge,🥈 Argent,Ferme du Lieu-Roussel,Lieu Roussel Bio 2022,1650,Active,https://lieu-roussel.fr/,,https://www.instagram.com/ferme_du_lieu_roussel/,https://maps.google.com/?cid=14333694268932285992,https://www.tripadvisor.com/Attraction_Review-g1918936-d6581852,https://untappd.com/w/lieu-roussel/276562,49.254184,-0.021999,0
246,2023,AOP Cidre Pays d'Auge,🥈 Argent,Ferme du Lieu-Roussel,Lieu Roussel Bio 2021,1650,Active,https://lieu-roussel.fr/,,https://www.instagram.com/ferme_du_lieu_roussel/,https://maps.google.com/?cid=14333694268932285992,https://www.tripadvisor.com/Attraction_Review-g1918936-d6581852,https://untappd.com/w/lieu-roussel/276562,49.254184,-0.021999,0
247,2023,AOP Cidre Pays d'Auge,🥈 Argent,Ferme Cidricole Desvoye,Cidrerie Desvoye Tradition Bio 2022,2161,Active,https://www.cidre-calvados-desvoye.fr/,https://www.facebook.com/profile.php?id=100015340218972,https://www.instagram.com/calvados_desvoye/,https://maps.google.com/?cid=9466556986578009265,https://www.tripadvisor.com/Attraction_Review-g14010617-d21111014,https://untappd.com/w/cidrerie-desvoye/264267,49.209316,0.008439,0
248,2023,AOP Cidre Pays d'Auge,🥈 Argent,Domaine de la Galotière,La Galotière Bio 2022,1183,Active,https://www.lagalotiere.fr/,https://www.facebook.com/lagalotiere,,https://maps.google.com/?cid=3334578271943351430,https://www.tripadvisor.com/Attraction_Review-g608796-d12550194,https://untappd.com/w/domaine-de-la-galotiere/38855,48.923403,0.138481,0
249,2023,AOP Cidre du Perche,🥇 Or,Cidrerie Domaine du Ruisseau,Domaine du Ruisseau Demi-sec Bio 2022,3325,Active,,,,https://maps.google.com/?cid=14181024575525431243,,https://untappd.com/w/domaine-du-ruisseau/470036,48.4571495,0.7511747,0
250,2023,AOP Cidre du Perche,🥇 Or,Cidrerie Domaine du Ruisseau,Domaine du ruisseau Cuvée Prestige l'Or du Ruisseau Bio 2021,3325,Active,,,,https://maps.google.com/?cid=14181024575525431243,,https://untappd.com/w/domaine-du-ruisseau/470036,48.4571495,0.7511747,0
251,2023,AOP Cidre du Perche,🥈 Argent,GAEC Hédouin,Récolte 2022,3324,Active,,https://www.facebook.com/gaechedouin/,,https://maps.google.com/?cid=8955816640789328765,,,49.7907638,0.7005957,0
252,2023,AOP Cidre du Perche,🥈 Argent,Cidre Richard Fouqué,Cidre de Pressoir Bois L'excellence Bio 2018,3323,Active,https://richardfouque.fr/,,,https://maps.google.com/?cid=357260865149493086,,https://untappd.com/w/richard-fouquac/362975,49.6880172,0.5648885,0
253,2023,Cidre rosé,🥇 Or,Les Vergers de Ducy,Les Vergers de Ducy 2022,3321,Active,https://lesvergersdeducy.fr/,https://www.facebook.com/LesVergersdeDucy/,,https://maps.google.com/?cid=5658619103463764772,https://www.tripadvisor.com/Attraction_Review-g5105596-d5012299,https://untappd.com/w/les-vergers-de-ducy/68480,49.2169875,-0.6242584,0
254,2023,Cidre rosé,🥈 Argent,Cidrerie Dujardin,Dujardin Rosé 2022,1142,Active,http://www.cidres-dujardin.fr/,,,https://maps.google.com/?cid=10438887429258835490,,https://untappd.com/w/cidrerie-dujardin/20309,49.1198831,-0.721687,0
255,2023,Cidre rosé,🥈 Argent,Ferme des Noës,Ferme des Noës 2022,2887,Active,https://www.fermedesnoes.com/,,https://www.instagram.com/fermedesnoes/,https://maps.google.com/?cid=16067236232754040277,,https://untappd.com/w/ferme-des-no-s/72679,49.1301268,1.3281105,0
256,2023,Cidre de glace,🥈 Argent,Domaine des Hauts-Vents,Domaine des Hauts Vents 2022,2889,Active,http://hautsvents.com/,https://www.facebook.com/CidreriedomaineDesHautsVents,https://www.instagram.com/domainedeshautsvents/,https://maps.google.com/?cid=3890633221204655265,https://www.tripadvisor.com/Attraction_Review-g661275-d6654230,https://untappd.com/w/domaine-des-hauts-vents/70064,49.3011577,0.9456953,0
257,2023,Cidre de glace,🥈 Argent,Domaine de la Galotière,La Galotière Bio 2021,1183,Active,https://www.lagalotiere.fr/,https://www.facebook.com/lagalotiere,,https://maps.google.com/?cid=3334578271943351430,https://www.tripadvisor.com/Attraction_Review-g608796-d12550194,https://untappd.com/w/domaine-de-la-galotiere/38855,48.923403,0.138481,0
258,2023,AOP Poiré Domfront,🥈 Argent,Pacory,Pacory Le Doyen 2022,1582,Active,https://www.pacory.eu/,https://www.facebook.com/PacoryFermedesGrimaux,https://www.instagram.com/pacoryfermedesgrimaux,https://maps.google.com/?cid=15821520734729613945,,https://untappd.com/brewery/32360,48.5314059,-0.795102,0
259,2023,Poiré,🥇 Or,Famille Guesdon,Domaine de la Cave Normande Cuvée Tradition 2022,2697,Active,https://famille-guesdon.com/,https://www.facebook.com/profile.php?id=100057212210806,https://www.instagram.com/lacavenormandeguesdon/,https://maps.google.com/?cid=13182761816105385497,,https://untappd.com/w/guesdon-p-re-et-fils/343009,48.5746579,-0.7975042,0
260,2023,Poiré,🥇 Or,Breton Michel,Bio 2022,3309,Active,https://www.cidre-bretonmichel.com/,,,https://maps.google.com/?cid=12939236238538332078,,https://untappd.com/w/breton-michel/222629,48.5669746,-0.3738003,0
261,2023,Poiré,🥇 Or,Ferme des Martellières,Ferme des Martellières Demi-sec 2021,3322,Active,,https://www.facebook.com/LesMartellieres.ProduitsCidricoles,,https://maps.google.com/?cid=13628777607608573968,,https://untappd.com/w/les-martellieres/291057,48.497685,-0.532571,0
262,2023,Poiré,🥈 Argent,La Cave de la Loterie,Cave de la Loterie Bio 2022,3316,Active,https://www.cavedelaloterie.fr/,https://www.facebook.com/cavedelaloterie,https://www.instagram.com/cave_de_la_loterie/,https://maps.google.com/?cid=14052572828101776269,https://www.tripadvisor.com/Attraction_Review-g672828-d12674111,https://untappd.com/w/cave-de-la-loterie/234216,48.8906343,-0.4710245,0
263,2023,Poiré,🥈 Argent,Ferme du Manoir du Val,Le Manoir du Val Poiré du Pays de la Risle Bio 2022,3315,Active,https://www.manoirduval.fr/,,,https://maps.google.com/?cid=848420197404289170,,,49.02546,0.722805,0
264,2023,Poiré,🥈 Argent,Les Vergers du Chouquet,Bio 2022,2901,Active,,,,https://maps.google.com/?cid=4633427283115041645,,https://untappd.com/w/les-vergers-du-chouquet/50301,48.884448,0.2503795,0
265,2023,Poiré,🥈 Argent,Ferme de la Vallée au Tanneur,Ferme de la Vallée au Tanneur Bio 2021,2160,Active,,https://www.facebook.com/valleeautanneur,,https://maps.google.com/?cid=1292218678865448801,,https://untappd.com/w/ferme-de-la-vallee-au-tanneur/102219,49.2084438,0.0436273,0
266,2023,Poiré,🥈 Argent,Famille Guesdon,Domaine de la Cave Normande 2022,2697,Active,https://famille-guesdon.com/,https://www.facebook.com/profile.php?id=100057212210806,https://www.instagram.com/lacavenormandeguesdon/,https://maps.google.com/?cid=13182761816105385497,,https://untappd.com/w/guesdon-p-re-et-fils/343009,48.5746579,-0.7975042,0
267,2023,Poiré,🥈 Argent,Cidrerie Dujardin,Dujardin 2022,1142,Active,http://www.cidres-dujardin.fr/,,,https://maps.google.com/?cid=10438887429258835490,,https://untappd.com/w/cidrerie-dujardin/20309,49.1198831,-0.721687,0
268,2023,Poiré,🥈 Argent,Ferme des Martellières,Ferme des Martellières Brut Bio 2022,3322,Active,,https://www.facebook.com/LesMartellieres.ProduitsCidricoles,,https://maps.google.com/?cid=13628777607608573968,,https://untappd.com/w/les-martellieres/291057,48.497685,-0.532571,0
269,2024,AOP Cidre Cotentin,🥇 Or,Cidre Lemasson,Lemasson extra-brut Bio 2022,2691,Active,https://www.cidre-lemasson.fr/,https://www.facebook.com/cidrelemasson,https://www.instagram.com/cidrelemasson/,https://maps.google.com/?cid=7632467116285948880,https://www.tripadvisor.com/Attraction_Review-g12634286-d6538652,https://untappd.com/w/cidre-lemasson/247290,49.0708506,-1.2963565,0
270,2024,AOP Cidre Cotentin,🥇 Or,Groualle Frères,Groualle Frères Bio 2023,3367,Active,,https://www.facebook.com/GROUALLEANTHONY,,,,,49.104686,-1.329224,0
271,2024,AOP Cidre Cotentin,🥈 Argent,Cidrerie Claids,Cidrerie Claids extra-brut 2023,3317,Active,https://www.cidrerieclaids.fr/,https://www.facebook.com/cidrerieclaids/,https://www.instagram.com/cidrerieclaids/,https://maps.google.com/?cid=16896075272570280949,,https://untappd.com/w/cidrerie-claids/541066,49.2339556,-1.4258585,0
272,2024,AOP Cidre Cotentin,🥈 Argent,Domaine de Rugueville,Domaine de Rugueville brut Bio 2023,3371,Active,https://domainederugueville.fr/,https://www.facebook.com/profile.php?id=100057855811467,,https://maps.google.com/?cid=8320768846860943756,https://www.tripadvisor.com/Attraction_Review-g616116-d12491816,https://untappd.com/w/domaine-de-rugueville/222398,49.3610839,-1.6742373,0
273,2024,AOP Cidre Pays d'Auge,🥇 Or,Ferme Cidricole Desvoye,Tradition Cambremer Bio 2023,2161,Active,https://www.cidre-calvados-desvoye.fr/,https://www.facebook.com/profile.php?id=100015340218972,https://www.instagram.com/calvados_desvoye/,https://maps.google.com/?cid=9466556986578009265,https://www.tripadvisor.com/Attraction_Review-g14010617-d21111014,https://untappd.com/w/cidrerie-desvoye/264267,49.209316,0.008439,0
274,2024,AOP Cidre Pays d'Auge,🥇 Or,Zathinoé,Zathinoé Carte Noire Bio 2019,2702,Active,https://zathinoe.fr/,,,https://maps.google.com/?cid=2359582709656446462,,https://untappd.com/w/zathinoe/452758,49.0320526,0.0828382,0
275,2024,AOP Cidre Pays d'Auge,🥈 Argent,Ferme Cidricole Desvoye,Premières douces amères Bio 2023,2161,Active,https://www.cidre-calvados-desvoye.fr/,https://www.facebook.com/profile.php?id=100015340218972,https://www.instagram.com/calvados_desvoye/,https://maps.google.com/?cid=9466556986578009265,https://www.tripadvisor.com/Attraction_Review-g14010617-d21111014,https://untappd.com/w/cidrerie-desvoye/264267,49.209316,0.008439,0
276,2024,AOP Cidre Pays d'Auge,🥈 Argent,Manoir de Grandouet,Manoir de Grandouet Cambremer Tradition Bio 2023,1376,Active,https://www.manoir-de-grandouet.fr/,https://www.facebook.com/grandval.fr/,https://www.instagram.com/manoirdegrandouet/,https://maps.google.com/?cid=1664850146101306839,https://www.tripadvisor.com/Attraction_Review-g672825-d6994534,https://untappd.com/brewery/18942,49.158588,0.066211,0
277,2024,AOP Cidre Pays d'Auge,🥈 Argent,Manoir de Grandouet,La Ferme du Bout du Chemin Bio 2023,1376,Active,https://www.manoir-de-grandouet.fr/,https://www.facebook.com/grandval.fr/,https://www.instagram.com/manoirdegrandouet/,https://maps.google.com/?cid=1664850146101306839,https://www.tripadvisor.com/Attraction_Review-g672825-d6994534,https://untappd.com/brewery/18942,49.158588,0.066211,0
278,2024,AOP Cidre Pays d'Auge,🥈 Argent,Zathinoé,Zathinoé Carte Noire Bio 2023,2702,Active,https://zathinoe.fr/,,,https://maps.google.com/?cid=2359582709656446462,,https://untappd.com/w/zathinoe/452758,49.0320526,0.0828382,0
279,2024,AOP Poiré Domfront,🥇 Or,Famille Guesdon,Ancestrale 2022,2697,Active,https://famille-guesdon.com/,https://www.facebook.com/profile.php?id=100057212210806,https://www.instagram.com/lacavenormandeguesdon/,https://maps.google.com/?cid=13182761816105385497,,https://untappd.com/w/guesdon-p-re-et-fils/343009,48.5746579,-0.7975042,0
280,2024,AOP Poiré Domfront,🥈 Argent,Famille Guesdon,Réserve méthode traditionnelle 2021,2697,Active,https://famille-guesdon.com/,https://www.facebook.com/profile.php?id=100057212210806,https://www.instagram.com/lacavenormandeguesdon/,https://maps.google.com/?cid=13182761816105385497,,https://untappd.com/w/guesdon-p-re-et-fils/343009,48.5746579,-0.7975042,0
281,2024,AOP Poiré Domfront,🥈 Argent,Pacory,Pacory Le Doyen 2023,1582,Active,https://www.pacory.eu/,https://www.facebook.com/PacoryFermedesGrimaux,https://www.instagram.com/pacoryfermedesgrimaux,https://maps.google.com/?cid=15821520734729613945,,https://untappd.com/brewery/32360,48.5314059,-0.795102,0
282,2024,AOP Poiré Domfront,🥈 Argent,Pacory,Pacory L'Idéal 2022,1582,Active,https://www.pacory.eu/,https://www.facebook.com/PacoryFermedesGrimaux,https://www.instagram.com/pacoryfermedesgrimaux,https://maps.google.com/?cid=15821520734729613945,,https://untappd.com/brewery/32360,48.5314059,-0.795102,0
283,2024,Cidre,🥇 Or,Ferme Cidricole Desvoye,Ancestral extra-brut Bio 2023,2161,Active,https://www.cidre-calvados-desvoye.fr/,https://www.facebook.com/profile.php?id=100015340218972,https://www.instagram.com/calvados_desvoye/,https://maps.google.com/?cid=9466556986578009265,https://www.tripadvisor.com/Attraction_Review-g14010617-d21111014,https://untappd.com/w/cidrerie-desvoye/264267,49.209316,0.008439,0
284,2024,Cidre,🥇 Or,Ferme du Manoir du Val,Le Manoir du Val Cidre demi-sec du Pays de la Risle Bio 2023,3315,Active,https://www.manoirduval.fr/,,,https://maps.google.com/?cid=848420197404289170,,,49.02546,0.722805,0
285,2024,Cidre,🥇 Or,Ferme Marcotte,Clos du Bourg Bio 2023,3366,Active,http://marcotte.coop/,https://www.facebook.com/profile.php?id=100057365473102,,https://maps.google.com/?cid=15515441844251158681,,https://untappd.com/w/ferme-cooperative-marcotte/466175,49.6947533,1.490969,0
286,2024,Cidre,🥇 Or,Famille Guesdon,Tradition 2023,2697,Active,https://famille-guesdon.com/,https://www.facebook.com/profile.php?id=100057212210806,https://www.instagram.com/lacavenormandeguesdon/,https://maps.google.com/?cid=13182761816105385497,,https://untappd.com/w/guesdon-p-re-et-fils/343009,48.5746579,-0.7975042,0
287,2024,Cidre,🥇 Or,Cidrerie Michel Bréavoine,Michel Bréavoine doux 2023,1507,Active,https://www.breavoine.fr/,https://www.facebook.com/cidrebreavoine/,https://www.instagram.com/cidrebreavoine/,https://maps.google.com/?cid=13497264920337240271,,https://untappd.com/w/cidrerie-michel-breavoine/123090,49.300695,0.186955,0
288,2024,Cidre,🥇 Or,Ferme des Noës,Ferme des Noës Fruité 2022,2887,Active,https://www.fermedesnoes.com/,,https://www.instagram.com/fermedesnoes/,https://maps.google.com/?cid=16067236232754040277,,https://untappd.com/w/ferme-des-no-s/72679,49.1301268,1.3281105,0
289,2024,Cidre,🥈 Argent,Cidrerie Claids,Cidrerie Claids demi-sec 2022,3317,Active,https://www.cidrerieclaids.fr/,https://www.facebook.com/cidrerieclaids/,https://www.instagram.com/cidrerieclaids/,https://maps.google.com/?cid=16896075272570280949,,https://untappd.com/w/cidrerie-claids/541066,49.2339556,-1.4258585,0
290,2024,Cidre,🥈 Argent,Le Costil Rouge,Le Costil Rouge demi-sec Bio 2023,3326,Active,,,,https://maps.google.com/?cid=813458325751135495,,https://untappd.com/w/didier-gilbert/324320,49.101073,-0.151407,0
291,2024,Cidre,🥈 Argent,Ferme du Manoir du Val,Les Fermes de Gally Bio 2023,3315,Active,https://www.manoirduval.fr/,,,https://maps.google.com/?cid=848420197404289170,,,49.02546,0.722805,0
292,2024,Cidre,🥈 Argent,Ferme du Manoir du Val,Le Manoir du Val Cidre doux du Pays de la Risle Bio 2023,3315,Active,https://www.manoirduval.fr/,,,https://maps.google.com/?cid=848420197404289170,,,49.02546,0.722805,0
293,2024,Cidre,🥈 Argent,Ferme Marcotte,Clos du Bourg Bio 2023,3366,Active,http://marcotte.coop/,https://www.facebook.com/profile.php?id=100057365473102,,https://maps.google.com/?cid=15515441844251158681,,https://untappd.com/w/ferme-cooperative-marcotte/466175,49.6947533,1.490969,0
294,2024,Cidre,🥈 Argent,Ferme de Cavelande,Ferme de Cavelande Bio 2021,2164,Active,https://www.fermedecavelande.fr/,,,https://maps.google.com/?cid=949032948010559518,,https://untappd.com/w/ferme-de-cavelande/465256,49.2339514,0.0084808,0
295,2024,Cidre,🥈 Argent,Le Chai de la Baie,Le Chai de la Baie Summer cider Bio 2023,3368,Active,,https://www.facebook.com/jacques.daunay50/,,https://maps.google.com/?cid=12654181407242940379,,https://untappd.com/w/le-chai-de-la-baie/471739,48.7402045,-1.4296969,0
296,2024,Cidre,🥈 Argent,Manoir d'Apreval,Manoir d'Apreval L'Enchanteur Bio 2023,1377,Active,https://www.apreval.com/,https://www.facebook.com/manoirdapreval/,https://www.instagram.com/manoirdapreval/,https://maps.google.com/?cid=10807770520098333687,https://www.tripadvisor.com/Attraction_Review-g2205406-d9715014,https://untappd.com/w/manoir-d-apreval/228726,49.4063622,0.1751606,0
297,2024,Cidre,🥈 Argent,Ferme de la Sapinière,Le Verger du Littoral Bio 2022,1913,Active,https://www.producteur-cidre.com/,https://www.facebook.com/fermedelasapiniere/,,https://maps.google.com/?cid=13033032790677741913,https://www.tripadvisor.com/Attraction_Review-g1462420-d4961506,https://untappd.com/w/ferme-de-la-sapini-re/124296,49.3561555,-0.8754963,0
298,2024,Cidre,🥈 Argent,Ferme des Noës,Ferme des Noës Fruité 2023,2887,Active,https://www.fermedesnoes.com/,,https://www.instagram.com/fermedesnoes/,https://maps.google.com/?cid=16067236232754040277,,https://untappd.com/w/ferme-des-no-s/72679,49.1301268,1.3281105,0
299,2024,Cidre,🥈 Argent,Domaine de la Galotière,La Galotière brut Bio 2023,1183,Active,https://www.lagalotiere.fr/,https://www.facebook.com/lagalotiere,,https://maps.google.com/?cid=3334578271943351430,https://www.tripadvisor.com/Attraction_Review-g608796-d12550194,https://untappd.com/w/domaine-de-la-galotiere/38855,48.923403,0.138481,0
300,2024,Cidre,🥈 Argent,Ferme des Martellières,Les Martellières demi-sec Bio 2023,3322,Active,,https://www.facebook.com/LesMartellieres.ProduitsCidricoles,,https://maps.google.com/?cid=13628777607608573968,,https://untappd.com/w/les-martellieres/291057,48.497685,-0.532571,0
301,2024,Cidre,🥈 Argent,Cidrerie Godefroy,Cidrerie Godefroy Cuvée Louise demi-sec 2023,1577,Active,https://www.ecomuseeducidre.fr/,,,https://maps.google.com/?cid=5707167707581907830,https://www.tripadvisor.com/Attraction_Review-g1572450-d3428587,https://untappd.com/w/vincent-et-marieclaire-godefroy/207560,49.6562671,0.378119,0
302,2024,Cidre de glace,🥇 Or,Les Vergers du Quesnay,Les Vergers du Quesnay Bio 2022,3370,Active,https://www.lesvergersduquesnay.fr/,https://www.facebook.com/profile.php?id=100058435991351,https://www.instagram.com/les_vergers_du_quesnay/,https://maps.google.com/?cid=15904214834922492181,,https://untappd.com/w/les-vergers-du-quesnay/228234,49.5329228,1.0095949,0
303,2024,Cidre de glace,🥇 Or,Domaine des Hauts-Vents,Domaine des Hauts Vents 2023,2889,Active,http://hautsvents.com/,https://www.facebook.com/CidreriedomaineDesHautsVents,https://www.instagram.com/domainedeshautsvents/,https://maps.google.com/?cid=3890633221204655265,https://www.tripadvisor.com/Attraction_Review-g661275-d6654230,https://untappd.com/w/domaine-des-hauts-vents/70064,49.3011577,0.9456953,0
304,2024,Cidre de glace,🥈 Argent,Domaine de la Galotière,La Galotière Bio 2022,1183,Active,https://www.lagalotiere.fr/,https://www.facebook.com/lagalotiere,,https://maps.google.com/?cid=3334578271943351430,https://www.tripadvisor.com/Attraction_Review-g608796-d12550194,https://untappd.com/w/domaine-de-la-galotiere/38855,48.923403,0.138481,0
305,2024,Cidre du Pays de Caux,🥇 Or,Le P'tit Clos Normand,Le P'tit Clos Normand brut Bio 2023,3369,Active,https://www.boeuf-cidre.com/,https://www.facebook.com/francoisxavier.craquelin/,,https://maps.google.com/?cid=13679042805577864069,,,49.523258,0.636541,0
306,2024,Cidre du Pays de Caux,🥈 Argent,Les Normandises du Pradon,Domaine du Pradon brut 2022,3308,Active,http://lesnormandisesdupradon.com/,https://www.facebook.com/lesnormandisesdupradon/,https://www.instagram.com/lesnormandisesdupradon/,https://maps.google.com/?cid=5034289693754776537,,https://untappd.com/w/ferme-du-pradon/228438,49.5159748,0.2338077,0
307,2024,Cidre rosé,🥇 Or,Domaine Duclos Fougeray,Denise L'Amoureuse 2020,1178,Active,https://www.duclosfougeray.com/,https://www.facebook.com/domaine.duclosfougeray,https://www.instagram.com/domaine_duclos_fougeray/,https://maps.google.com/?cid=12398185041013701779,,https://untappd.com/brewery/103532,49.6100938,1.664631,0
308,2024,Cidre rosé,🥈 Argent,Les Vergers de Ducy,Les Vergers de Ducy 2023,3321,Active,https://lesvergersdeducy.fr/,https://www.facebook.com/LesVergersdeDucy/,,https://maps.google.com/?cid=5658619103463764772,https://www.tripadvisor.com/Attraction_Review-g5105596-d5012299,https://untappd.com/w/les-vergers-de-ducy/68480,49.2169875,-0.6242584,0
309,2024,Cidre rosé,🥈 Argent,Cidrerie Dujardin,Dujardin rosé 2023,1142,Active,http://www.cidres-dujardin.fr/,,,https://maps.google.com/?cid=10438887429258835490,,https://untappd.com/w/cidrerie-dujardin/20309,49.1198831,-0.721687,0
310,2024,Cidre rosé,🥈 Argent,Le Pressoir d'Or,Le Pressoir d'Or 2023,2689,Active,http://www.pressoirdor.com/,,https://www.instagram.com/lepressoirdor/,https://maps.google.com/?cid=11174929092699381803,,https://untappd.com/w/le-pressoir-d-or/210218,49.2934642,1.4849943,0
311,2024,Cidre tranquille,🥈 Argent,Le Pressoir d'Or,Le Pressoir d'Or L'Adoré 2023,2689,Active,http://www.pressoirdor.com/,,https://www.instagram.com/lepressoirdor/,https://maps.google.com/?cid=11174929092699381803,,https://untappd.com/w/le-pressoir-d-or/210218,49.2934642,1.4849943,0
312,2024,IGP Cidre de Normandie,🥇 Or,Les Vergers de Ducy,La Flaguerie demi-sec Bio 2023,3321,Active,https://lesvergersdeducy.fr/,https://www.facebook.com/LesVergersdeDucy/,,https://maps.google.com/?cid=5658619103463764772,https://www.tripadvisor.com/Attraction_Review-g5105596-d5012299,https://untappd.com/w/les-vergers-de-ducy/68480,49.2169875,-0.6242584,0
313,2024,IGP Cidre de Normandie,🥈 Argent,Manoir de Durcet,Manoir de Durcet doux 2023,2487,Active,https://www.breton-manoirdedurcet.fr/,https://www.facebook.com/manoirdedurcet/,https://www.instagram.com/manoirdedurcetgaec/,https://maps.google.com/?cid=3868969713989886200,,https://untappd.com/w/manoir-de-durcet/399555,48.5593722,-0.3313091,0
314,2024,IGP Cidre de Normandie,🥈 Argent,Le Pressoir d'Or,Le Pressoir d'Or Bio 2023,2689,Active,http://www.pressoirdor.com/,,https://www.instagram.com/lepressoirdor/,https://maps.google.com/?cid=11174929092699381803,,https://untappd.com/w/le-pressoir-d-or/210218,49.2934642,1.4849943,0
315,2024,IGP Cidre de Normandie,🥈 Argent,Le Pressoir d'Or,Le Pressoir d'Or brut Bio 2023,2689,Active,http://www.pressoirdor.com/,,https://www.instagram.com/lepressoirdor/,https://maps.google.com/?cid=11174929092699381803,,https://untappd.com/w/le-pressoir-d-or/210218,49.2934642,1.4849943,0
316,2024,IGP Cidre de Normandie,🥈 Argent,Domaine Duclos Fougeray,Denise La Brute Bio 2020,1178,Active,https://www.duclosfougeray.com/,https://www.facebook.com/domaine.duclosfougeray,https://www.instagram.com/domaine_duclos_fougeray/,https://maps.google.com/?cid=12398185041013701779,,https://untappd.com/brewery/103532,49.6100938,1.664631,0
317,2024,IGP Cidre de Normandie pasteurisé,🥇 Or,Cidre Viard-Bayeux,Bayeux Cuvée signature doux 2023,3318,Active,https://cidrebayeux.com/,https://www.facebook.com/CidresBayeux,https://www.instagram.com/cidrerie_bayeux/,https://maps.google.com/?cid=13233255599279949282,https://www.tripadvisor.com/Attraction_Review-g187181-d3454062,https://untappd.com/w/cidrerie-viard/26008,49.2436576,-0.7038301,0
318,2024,IGP Cidre de Normandie pasteurisé,🥇 Or,Cidre Écusson,Ecusson doux Bio 2023,1143,Active,https://www.cidre-ecusson.com/,https://www.facebook.com/CidreEcusson/,https://www.instagram.com/cidreecusson/,https://maps.google.com/?cid=16717845515481593007,,https://untappd.com/w/cidres-ecusson/15641,49.0130825,0.1532477,0
319,2024,IGP Cidre de Normandie pasteurisé,🥈 Argent,Cidre Viard-Bayeux,La Pomme d'Aure doux 2023,3318,Active,https://cidrebayeux.com/,https://www.facebook.com/CidresBayeux,https://www.instagram.com/cidrerie_bayeux/,https://maps.google.com/?cid=13233255599279949282,https://www.tripadvisor.com/Attraction_Review-g187181-d3454062,https://untappd.com/w/cidrerie-viard/26008,49.2436576,-0.7038301,0
320,2024,IGP Cidre de Normandie pasteurisé,🥈 Argent,Cidre Viard-Bayeux,Bayeux Cuvée signature brut 2023,3318,Active,https://cidrebayeux.com/,https://www.facebook.com/CidresBayeux,https://www.instagram.com/cidrerie_bayeux/,https://maps.google.com/?cid=13233255599279949282,https://www.tripadvisor.com/Attraction_Review-g187181-d3454062,https://untappd.com/w/cidrerie-viard/26008,49.2436576,-0.7038301,0
321,2024,Poiré,🥇 Or,Ferme Cidricole Desvoye,Les Marnières Bio 2022,2161,Active,https://www.cidre-calvados-desvoye.fr/,https://www.facebook.com/profile.php?id=100015340218972,https://www.instagram.com/calvados_desvoye/,https://maps.google.com/?cid=9466556986578009265,https://www.tripadvisor.com/Attraction_Review-g14010617-d21111014,https://untappd.com/w/cidrerie-desvoye/264267,49.209316,0.008439,0
322,2024,Poiré,🥇 Or,Le Perrey Picot,Bio 2023,2903,Active,,https://www.facebook.com/profile.php?id=100060685033668,,https://maps.google.com/?cid=6767746835247128514,,https://untappd.com/w/le-perrey-picot-didier-gautard/371620,48.9387874,0.1614298,0
323,2024,Poiré,🥇 Or,Domaine Olivier,Domaine Olivier Bio 2022,3372,Active,https://www.ledomaineolivier.com/,,,https://maps.google.com/?cid=12832839833696798380,,https://untappd.com/w/domaine-olivier/337350,48.6498485,-0.5338754,0
324,2024,Poiré,🥈 Argent,Les Vergers de Ducy,La Flaguerie Bio 2022,3321,Active,https://lesvergersdeducy.fr/,https://www.facebook.com/LesVergersdeDucy/,,https://maps.google.com/?cid=5658619103463764772,https://www.tripadvisor.com/Attraction_Review-g5105596-d5012299,https://untappd.com/w/les-vergers-de-ducy/68480,49.2169875,-0.6242584,0
325,2024,Poiré,🥈 Argent,Pacory,Pacory Vif et pétillant 2023,1582,Active,https://www.pacory.eu/,https://www.facebook.com/PacoryFermedesGrimaux,https://www.instagram.com/pacoryfermedesgrimaux,https://maps.google.com/?cid=15821520734729613945,,https://untappd.com/brewery/32360,48.5314059,-0.795102,0
326,2024,Poiré,🥈 Argent,Breton Michel,Bio 2023,3309,Active,https://www.cidre-bretonmichel.com/,,,https://maps.google.com/?cid=12939236238538332078,,https://untappd.com/w/breton-michel/222629,48.5669746,-0.3738003,0
327,2024,Poiré,🥈 Argent,Domaine des Hauts-Vents,Domaine des Hauts Vents 2023,2889,Active,http://hautsvents.com/,https://www.facebook.com/CidreriedomaineDesHautsVents,https://www.instagram.com/domainedeshautsvents/,https://maps.google.com/?cid=3890633221204655265,https://www.tripadvisor.com/Attraction_Review-g661275-d6654230,https://untappd.com/w/domaine-des-hauts-vents/70064,49.3011577,0.9456953,0
