ID,Year,Style,Medal,Medalist,Entry,WID,Status,Website,Facebook,Instagram,Google,TripAdvisor,Untappd
2,2020,AOP Cidre Cotentin,🥇 Or,Cidre Lemasson,Cuvée Jazz sous les Pommiers 2018,2691,Active,"<a href=""https://www.cidre-lemasson.fr/"">Website</a>","<a href=""https://www.facebook.com/cidrelemasson"">Facebook</a>","<a href=""https://www.instagram.com/cidrelemasson/"">Instagram</a>","<a href=""https://maps.google.com/?cid=7632467116285948880"">Google</a>","<a href=""https://www.tripadvisor.com/Attraction_Review-g12634286-d6538652"">TripAdvisor</a>","<a href=""https://untappd.com/w/cidre-lemasson/247290"">Untappd</a>"
3,2020,AOP Cidre Cotentin,🥇 Or,Cidre Lemasson,Extra-brut 2019,2691,Active,"<a href=""https://www.cidre-lemasson.fr/"">Website</a>","<a href=""https://www.facebook.com/cidrelemasson"">Facebook</a>","<a href=""https://www.instagram.com/cidrelemasson/"">Instagram</a>","<a href=""https://maps.google.com/?cid=7632467116285948880"">Google</a>","<a href=""https://www.tripadvisor.com/Attraction_Review-g12634286-d6538652"">TripAdvisor</a>","<a href=""https://untappd.com/w/cidre-lemasson/247290"">Untappd</a>"
4,2020,AOP Cidre Cotentin,🥇 Or,Théo Capelle,Théo Capelle Brut 2019,1513,Active,"<a href=""https://www.theo-capelle.com/"">Website</a>","<a href=""https://www.facebook.com/profile.php?id=100054206274447"">Facebook</a>",,"<a href=""https://maps.google.com/?cid=3221607950662529223"">Google</a>","<a href=""https://www.tripadvisor.com/Attraction_Review-g187183-d3406164"">TripAdvisor</a>","<a href=""https://untappd.com/w/cidrerie-tha-c-o-capelle/124517"">Untappd</a>"
5,2020,AOP Cidre Cotentin,🥈 Argent,Cidrerie Claids,Claids Brut 2018,3317,Active,"<a href=""https://www.cidrerieclaids.fr/"">Website</a>","<a href=""https://www.facebook.com/cidrerieclaids/"">Facebook</a>","<a href=""https://www.instagram.com/cidrerieclaids/"">Instagram</a>","<a href=""https://maps.google.com/?cid=16896075272570280949"">Google</a>",,"<a href=""https://untappd.com/w/cidrerie-claids/541066"">Untappd</a>"
6,2020,AOP Cidre Cotentin,🥈 Argent,Cidrerie Claids,Claids Brut 2019,3317,Active,"<a href=""https://www.cidrerieclaids.fr/"">Website</a>","<a href=""https://www.facebook.com/cidrerieclaids/"">Facebook</a>","<a href=""https://www.instagram.com/cidrerieclaids/"">Instagram</a>","<a href=""https://maps.google.com/?cid=16896075272570280949"">Google</a>",,"<a href=""https://untappd.com/w/cidrerie-claids/541066"">Untappd</a>"
7,2020,AOP Cidre Cotentin,🥈 Argent,Ferme de la Commanderie,Ferme de la Commanderie Brut 2019,3319,Active,"<a href=""http://www.ferme-de-la-commanderie.fr/"">Website</a>","<a href=""https://www.facebook.com/CidrerieLaCommanderie"">Facebook</a>","<a href=""https://www.instagram.com/cidreriefermedelacommanderie"">Instagram</a>","<a href=""https://maps.google.com/?cid=2113479186577428756"">Google</a>","<a href=""https://www.tripadvisor.com/Attraction_Review-g2407705-d10109503"">TripAdvisor</a>","<a href=""https://untappd.com/w/ferme-de-la-commanderie/233207"">Untappd</a>"
8,2020,AOP Cidre Cotentin,🥈 Argent,Les Vergers de la Passion,Les Vergers de la Passion - Petit Louis 2018,3553,Active,"<a href=""https://les-vergers-de-la-passion-cidrerie.fr/"">Website</a>","<a href=""https://www.facebook.com/LesVergersDeLaPassion.FermeCidricole/"">Facebook</a>","<a href=""https://www.instagram.com/lesvergersdelapassion/"">Instagram</a>","<a href=""https://maps.google.com/?cid=9889208295960516000"">Google</a>","<a href=""https://www.tripadvisor.com/Attraction_Review-g13423894-d13413411"">TripAdvisor</a>","<a href=""https://untappd.com/w/les-vergers-de-la-passion/468828"">Untappd</a>"
9,2020,AOP Cidre Cotentin,🥈 Argent,Les Vergers de la Passion,Les Vergers de la Passion Brut 2018,3553,Active,"<a href=""https://les-vergers-de-la-passion-cidrerie.fr/"">Website</a>","<a href=""https://www.facebook.com/LesVergersDeLaPassion.FermeCidricole/"">Facebook</a>","<a href=""https://www.instagram.com/lesvergersdelapassion/"">Instagram</a>","<a href=""https://maps.google.com/?cid=9889208295960516000"">Google</a>","<a href=""https://www.tripadvisor.com/Attraction_Review-g13423894-d13413411"">TripAdvisor</a>","<a href=""https://untappd.com/w/les-vergers-de-la-passion/468828"">Untappd</a>"
10,2020,AOP Cidre Cotentin,🥈 Argent,Maison Hérout,Hérout Cuvée tradition 2018,2140,Active,"<a href=""https://www.maisonherout.com/"">Website</a>","<a href=""https://www.facebook.com/cidres/"">Facebook</a>","<a href=""https://www.instagram.com/maisonherout/"">Instagram</a>","<a href=""https://maps.google.com/?cid=1426598113576371976"">Google</a>",,"<a href=""https://untappd.com/w/m-a-herout/164919"">Untappd</a>"
11,2020,AOP Cidre Pays d'Auge,🥇 Or,Domaine de la Galotière,La Galotière 2019,1183,Active,"<a href=""https://www.lagalotiere.fr/"">Website</a>","<a href=""https://www.facebook.com/lagalotiere"">Facebook</a>",,"<a href=""https://maps.google.com/?cid=3334578271943351430"">Google</a>","<a href=""https://www.tripadvisor.com/Attraction_Review-g608796-d12550194"">TripAdvisor</a>","<a href=""https://untappd.com/w/domaine-de-la-galotiere/38855"">Untappd</a>"
12,2020,AOP Cidre Pays d'Auge,🥇 Or,Ferme Cidricole Desvoye,Cuvée premières 2019,2161,Active,"<a href=""https://www.cidre-calvados-desvoye.fr/"">Website</a>","<a href=""https://www.facebook.com/profile.php?id=100015340218972"">Facebook</a>","<a href=""https://www.instagram.com/calvados_desvoye/"">Instagram</a>","<a href=""https://maps.google.com/?cid=9466556986578009265"">Google</a>","<a href=""https://www.tripadvisor.com/Attraction_Review-g14010617-d21111014"">TripAdvisor</a>","<a href=""https://untappd.com/w/cidrerie-desvoye/264267"">Untappd</a>"
13,2020,AOP Cidre Pays d'Auge,🥈 Argent,Manoir de Grandouet,Le Manoir de Grandouet - Cuvée réserve 2018,1376,Active,"<a href=""https://www.manoir-de-grandouet.fr/"">Website</a>","<a href=""https://www.facebook.com/grandval.fr/"">Facebook</a>","<a href=""https://www.instagram.com/manoirdegrandouet/"">Instagram</a>","<a href=""https://maps.google.com/?cid=1664850146101306839"">Google</a>","<a href=""https://www.tripadvisor.com/Attraction_Review-g672825-d6994534"">TripAdvisor</a>","<a href=""https://untappd.com/brewery/18942"">Untappd</a>"
14,2020,Cidre du Pays de Caux,🥇 Or,Cidrerie Godefroy,Récolte 2019,1577,Active,"<a href=""https://www.ecomuseeducidre.fr/"">Website</a>",,,"<a href=""https://maps.google.com/?cid=5707167707581907830"">Google</a>","<a href=""https://www.tripadvisor.com/Attraction_Review-g1572450-d3428587"">TripAdvisor</a>","<a href=""https://untappd.com/w/vincent-et-marieclaire-godefroy/207560"">Untappd</a>"
15,2020,Cidre du Pays de Caux,🥈 Argent,Les Vergers du Quesnay,Les Vergers du Quesnay - Brut 2019,3370,Active,"<a href=""https://www.lesvergersduquesnay.fr/"">Website</a>","<a href=""https://www.facebook.com/profile.php?id=100058435991351"">Facebook</a>","<a href=""https://www.instagram.com/les_vergers_du_quesnay/"">Instagram</a>","<a href=""https://maps.google.com/?cid=15904214834922492181"">Google</a>",,"<a href=""https://untappd.com/w/les-vergers-du-quesnay/228234"">Untappd</a>"
16,2020,Cidre du Perche,🥇 Or,Cidrerie Traditionnelle du Perche,L'Hermitière Brut 2019,1294,Active,"<a href=""http://www.cidrerie-traditionnelle-du-perche.fr/"">Website</a>","<a href=""https://www.facebook.com/cidrerietraditionnelleduperche"">Facebook</a>",,"<a href=""https://maps.google.com/?cid=4098308531613353726"">Google</a>",,"<a href=""https://untappd.com/w/cidrerie-traditionnelle-du-perche/28040"">Untappd</a>"
17,2020,Cidre du Perche,🥈 Argent,Cidrerie Traditionnelle du Perche,L'Hermitière - Demi-sec 2019,1294,Active,"<a href=""http://www.cidrerie-traditionnelle-du-perche.fr/"">Website</a>","<a href=""https://www.facebook.com/cidrerietraditionnelleduperche"">Facebook</a>",,"<a href=""https://maps.google.com/?cid=4098308531613353726"">Google</a>",,"<a href=""https://untappd.com/w/cidrerie-traditionnelle-du-perche/28040"">Untappd</a>"
18,2020,Cidre du Perche,🥈 Argent,Cidrerie Traditionnelle du Perche,L'Hermitière Brut 2019,1294,Active,"<a href=""http://www.cidrerie-traditionnelle-du-perche.fr/"">Website</a>","<a href=""https://www.facebook.com/cidrerietraditionnelleduperche"">Facebook</a>",,"<a href=""https://maps.google.com/?cid=4098308531613353726"">Google</a>",,"<a href=""https://untappd.com/w/cidrerie-traditionnelle-du-perche/28040"">Untappd</a>"
19,2020,Cidre du Perche,🥈 Argent,Cidrerie Traditionnelle du Perche,L'Hermitière Brut 2019,1294,Active,"<a href=""http://www.cidrerie-traditionnelle-du-perche.fr/"">Website</a>","<a href=""https://www.facebook.com/cidrerietraditionnelleduperche"">Facebook</a>",,"<a href=""https://maps.google.com/?cid=4098308531613353726"">Google</a>",,"<a href=""https://untappd.com/w/cidrerie-traditionnelle-du-perche/28040"">Untappd</a>"
20,2020,AOP Poiré Domfront,🥇 Or,Pacory,Pacory Ferme des Grimaux - Le Cadet 2019,1582,Active,"<a href=""https://www.pacory.eu/"">Website</a>","<a href=""https://www.facebook.com/PacoryFermedesGrimaux"">Facebook</a>","<a href=""https://www.instagram.com/pacoryfermedesgrimaux"">Instagram</a>","<a href=""https://maps.google.com/?cid=15821520734729613945"">Google</a>",,"<a href=""https://untappd.com/brewery/32360"">Untappd</a>"
21,2020,AOP Poiré Domfront,🥈 Argent,Famille Guesdon,La Cave Normande 2019,2697,Active,"<a href=""https://famille-guesdon.com/"">Website</a>","<a href=""https://www.facebook.com/profile.php?id=100057212210806"">Facebook</a>","<a href=""https://www.instagram.com/lacavenormandeguesdon/"">Instagram</a>","<a href=""https://maps.google.com/?cid=13182761816105385497"">Google</a>",,"<a href=""https://untappd.com/w/guesdon-p-re-et-fils/343009"">Untappd</a>"
22,2020,IGP Cidre de Normandie,🥇 Or,Cidre Viard-Bayeux,Cidre Artisanal de Bayeux - Brut 2019,3318,Active,"<a href=""https://cidrebayeux.com/"">Website</a>","<a href=""https://www.facebook.com/CidresBayeux"">Facebook</a>","<a href=""https://www.instagram.com/cidrerie_bayeux/"">Instagram</a>","<a href=""https://maps.google.com/?cid=13233255599279949282"">Google</a>","<a href=""https://www.tripadvisor.com/Attraction_Review-g187181-d3454062"">TripAdvisor</a>","<a href=""https://untappd.com/w/cidrerie-viard/26008"">Untappd</a>"
23,2020,IGP Cidre de Normandie,🥇 Or,Cidrerie Dujardin,Dujardin 2019,1142,Active,"<a href=""http://www.cidres-dujardin.fr/"">Website</a>",,,"<a href=""https://maps.google.com/?cid=10438887429258835490"">Google</a>",,"<a href=""https://untappd.com/w/cidrerie-dujardin/20309"">Untappd</a>"
24,2020,IGP Cidre de Normandie,🥇 Or,Le Clos des Citots,Clos des Citots - Doux 2019,3102,Active,"<a href=""https://www.leclosdescitots.fr/"">Website</a>","<a href=""https://www.facebook.com/profile.php?id=100066990398769"">Facebook</a>",,"<a href=""https://maps.google.com/?cid=3330784351320305206"">Google</a>",,"<a href=""https://untappd.com/w/le-clos-des-citots-gerard-lenormand/87074"">Untappd</a>"
25,2020,IGP Cidre de Normandie,🥇 Or,Le Pressoir d'Or,Le Pressoir d'Or - Demi-sec 2019,2689,Active,"<a href=""http://www.pressoirdor.com/"">Website</a>",,"<a href=""https://www.instagram.com/lepressoirdor/"">Instagram</a>","<a href=""https://maps.google.com/?cid=11174929092699381803"">Google</a>",,"<a href=""https://untappd.com/w/le-pressoir-d-or/210218"">Untappd</a>"
26,2020,IGP Cidre de Normandie,🥈 Argent,Cidre Viard-Bayeux,Cidre Artisanal de Bayeux - Doux 2019,3318,Active,"<a href=""https://cidrebayeux.com/"">Website</a>","<a href=""https://www.facebook.com/CidresBayeux"">Facebook</a>","<a href=""https://www.instagram.com/cidrerie_bayeux/"">Instagram</a>","<a href=""https://maps.google.com/?cid=13233255599279949282"">Google</a>","<a href=""https://www.tripadvisor.com/Attraction_Review-g187181-d3454062"">TripAdvisor</a>","<a href=""https://untappd.com/w/cidrerie-viard/26008"">Untappd</a>"
27,2020,IGP Cidre de Normandie,🥈 Argent,Cidrerie Dujardin,Dujardin - Doux 2019,1142,Active,"<a href=""http://www.cidres-dujardin.fr/"">Website</a>",,,"<a href=""https://maps.google.com/?cid=10438887429258835490"">Google</a>",,"<a href=""https://untappd.com/w/cidrerie-dujardin/20309"">Untappd</a>"
28,2020,IGP Cidre de Normandie,🥈 Argent,Écusson,Ecusson - Brut généreux 2019,3182,Active,"<a href=""https://www.cidre-ecusson.com/"">Website</a>","<a href=""https://www.facebook.com/CidreEcusson/"">Facebook</a>","<a href=""https://www.instagram.com/cidreecusson/"">Instagram</a>","<a href=""https://maps.google.com/?cid=4055962133986878795"">Google</a>",,"<a href=""https://untappd.com/w/cidres-ecusson/15641"">Untappd</a>"
29,2020,IGP Cidre de Normandie,🥈 Argent,Écusson,Ecusson - Doux fruité 2019,3182,Active,"<a href=""https://www.cidre-ecusson.com/"">Website</a>","<a href=""https://www.facebook.com/CidreEcusson/"">Facebook</a>","<a href=""https://www.instagram.com/cidreecusson/"">Instagram</a>","<a href=""https://maps.google.com/?cid=4055962133986878795"">Google</a>",,"<a href=""https://untappd.com/w/cidres-ecusson/15641"">Untappd</a>"
30,2020,IGP Cidre de Normandie,🥈 Argent,La Cave de la Loterie,Cave de la Loterie - Fraîcheur 2018,3316,Active,"<a href=""https://www.cavedelaloterie.fr/"">Website</a>","<a href=""https://www.facebook.com/cavedelaloterie"">Facebook</a>","<a href=""https://www.instagram.com/cave_de_la_loterie/"">Instagram</a>","<a href=""https://maps.google.com/?cid=14052572828101776269"">Google</a>","<a href=""https://www.tripadvisor.com/Attraction_Review-g672828-d12674111"">TripAdvisor</a>","<a href=""https://untappd.com/w/cave-de-la-loterie/234216"">Untappd</a>"
31,2020,IGP Cidre de Normandie,🥈 Argent,Le Pressoir d'Or,Le Pressoir d'Or - Demi-sec 2019,2689,Active,"<a href=""http://www.pressoirdor.com/"">Website</a>",,"<a href=""https://www.instagram.com/lepressoirdor/"">Instagram</a>","<a href=""https://maps.google.com/?cid=11174929092699381803"">Google</a>",,"<a href=""https://untappd.com/w/le-pressoir-d-or/210218"">Untappd</a>"
32,2020,IGP Cidre de Normandie,🥈 Argent,Les Vergers de Ducy,Domaine de la Flaguerie - Fraîcheur 2018,3321,Active,"<a href=""https://lesvergersdeducy.fr/"">Website</a>","<a href=""https://www.facebook.com/LesVergersdeDucy/"">Facebook</a>",,"<a href=""https://maps.google.com/?cid=5658619103463764772"">Google</a>","<a href=""https://www.tripadvisor.com/Attraction_Review-g5105596-d5012299"">TripAdvisor</a>","<a href=""https://untappd.com/w/les-vergers-de-ducy/68480"">Untappd</a>"
33,2020,Cidre Rosé,🥇 Or,Cidrerie Dujardin,Dujardin 2019,1142,Active,"<a href=""http://www.cidres-dujardin.fr/"">Website</a>",,,"<a href=""https://maps.google.com/?cid=10438887429258835490"">Google</a>",,"<a href=""https://untappd.com/w/cidrerie-dujardin/20309"">Untappd</a>"
34,2020,Cidre Rosé,🥈 Argent,Écusson,Ecusson Rosé naturel 2019,3182,Active,"<a href=""https://www.cidre-ecusson.com/"">Website</a>","<a href=""https://www.facebook.com/CidreEcusson/"">Facebook</a>","<a href=""https://www.instagram.com/cidreecusson/"">Instagram</a>","<a href=""https://maps.google.com/?cid=4055962133986878795"">Google</a>",,"<a href=""https://untappd.com/w/cidres-ecusson/15641"">Untappd</a>"
35,2020,Cidre Rosé,🥈 Argent,Le Pressoir d'Or,Le Pressoir d'Or 2019,2689,Active,"<a href=""http://www.pressoirdor.com/"">Website</a>",,"<a href=""https://www.instagram.com/lepressoirdor/"">Instagram</a>","<a href=""https://maps.google.com/?cid=11174929092699381803"">Google</a>",,"<a href=""https://untappd.com/w/le-pressoir-d-or/210218"">Untappd</a>"
36,2020,Cidre,🥇 Or,Cidre de Grévilly,Le Cidre de Grévilly - Demi-sec 2018,3557,Active,"<a href=""https://cidre-grevilly.jimdofree.com/"">Website</a>",,,,,"<a href=""https://untappd.com/w/brigitte-criaud-le-cidre-de-grevilly/212195"">Untappd</a>"
37,2020,Cidre,🥇 Or,Domaine Duclos Fougeray,Domaine Duclos Denise - La Douce 2019,1178,Active,"<a href=""https://www.duclosfougeray.com/"">Website</a>","<a href=""https://www.facebook.com/domaine.duclosfougeray"">Facebook</a>","<a href=""https://www.instagram.com/domaine_duclos_fougeray/"">Instagram</a>","<a href=""https://maps.google.com/?cid=12398185041013701779"">Google</a>",,"<a href=""https://untappd.com/brewery/103532"">Untappd</a>"
38,2020,Cidre,🥇 Or,Ferme de la Sapinière,Ferme de la Sapinière - Brut 2019,1913,Active,"<a href=""https://www.producteur-cidre.com/"">Website</a>","<a href=""https://www.facebook.com/fermedelasapiniere/"">Facebook</a>",,"<a href=""https://maps.google.com/?cid=13033032790677741913"">Google</a>","<a href=""https://www.tripadvisor.com/Attraction_Review-g1462420-d4961506"">TripAdvisor</a>","<a href=""https://untappd.com/w/ferme-de-la-sapini-re/124296"">Untappd</a>"
39,2020,Cidre,🥇 Or,Ferme du Lieu-Roussel,Lieu Roussel - Demi-sec 2018,1650,Active,"<a href=""https://lieu-roussel.fr/"">Website</a>",,"<a href=""https://www.instagram.com/ferme_du_lieu_roussel/"">Instagram</a>","<a href=""https://maps.google.com/?cid=14333694268932285992"">Google</a>","<a href=""https://www.tripadvisor.com/Attraction_Review-g1918936-d6581852"">TripAdvisor</a>","<a href=""https://untappd.com/w/lieu-roussel/276562"">Untappd</a>"
40,2020,Cidre,🥇 Or,Les Vergers du Chouquet,Les Vergers du Chouquet - Demi-sec 2019,2901,Active,,,,"<a href=""https://maps.google.com/?cid=4633427283115041645"">Google</a>",,"<a href=""https://untappd.com/w/les-vergers-du-chouquet/50301"">Untappd</a>"
41,2020,Cidre,🥈 Argent,Cidre de Grévilly,Le Cidre de Grévilly - Brut 2019,3557,Active,"<a href=""https://cidre-grevilly.jimdofree.com/"">Website</a>",,,,,"<a href=""https://untappd.com/w/brigitte-criaud-le-cidre-de-grevilly/212195"">Untappd</a>"
42,2020,Cidre,🥈 Argent,Domaine Olivier,Le Domaine Olivier - Brut 2019,3372,Active,"<a href=""https://www.ledomaineolivier.com/"">Website</a>",,,"<a href=""https://maps.google.com/?cid=12832839833696798380"">Google</a>",,"<a href=""https://untappd.com/w/domaine-olivier/337350"">Untappd</a>"
43,2020,Cidre,🥈 Argent,Famille Guesdon,La Cave Normande - Brut 2019,2697,Active,"<a href=""https://famille-guesdon.com/"">Website</a>","<a href=""https://www.facebook.com/profile.php?id=100057212210806"">Facebook</a>","<a href=""https://www.instagram.com/lacavenormandeguesdon/"">Instagram</a>","<a href=""https://maps.google.com/?cid=13182761816105385497"">Google</a>",,"<a href=""https://untappd.com/w/guesdon-p-re-et-fils/343009"">Untappd</a>"
44,2020,Cidre,🥈 Argent,Ferme de Cutesson,Ferme de Cutesson - Brut 2019,2897,Active,,,,"<a href=""https://maps.google.com/?cid=14198095900648884855"">Google</a>",,"<a href=""https://untappd.com/w/ferme-de-cutesson/307176"">Untappd</a>"
45,2020,Cidre,🥈 Argent,Ferme de l'Hermitière,Ferme de l'Hermitière -Demi-sec 2019,1295,Inactive,,,,,,
46,2020,Cidre,🥈 Argent,Ferme de la Sapinière,Ferme de la Sapinière - Apple oak 2018,1913,Active,"<a href=""https://www.producteur-cidre.com/"">Website</a>","<a href=""https://www.facebook.com/fermedelasapiniere/"">Facebook</a>",,"<a href=""https://maps.google.com/?cid=13033032790677741913"">Google</a>","<a href=""https://www.tripadvisor.com/Attraction_Review-g1462420-d4961506"">TripAdvisor</a>","<a href=""https://untappd.com/w/ferme-de-la-sapini-re/124296"">Untappd</a>"
47,2020,Cidre,🥈 Argent,Ferme des Noës,La Ferme des Noës - Demi-sec 2019,2887,Active,"<a href=""https://www.fermedesnoes.com/"">Website</a>",,"<a href=""https://www.instagram.com/fermedesnoes/"">Instagram</a>","<a href=""https://maps.google.com/?cid=16067236232754040277"">Google</a>",,"<a href=""https://untappd.com/w/ferme-des-no-s/72679"">Untappd</a>"
48,2020,Cidre,🥈 Argent,Ferme des Noës,La Ferme des Noës - Fruité 2018,2887,Active,"<a href=""https://www.fermedesnoes.com/"">Website</a>",,"<a href=""https://www.instagram.com/fermedesnoes/"">Instagram</a>","<a href=""https://maps.google.com/?cid=16067236232754040277"">Google</a>",,"<a href=""https://untappd.com/w/ferme-des-no-s/72679"">Untappd</a>"
49,2020,Cidre,🥈 Argent,Ferme du Manoir du Val,Cidre du Pays de la Risle - Brut 2019,3315,Active,"<a href=""https://www.manoirduval.fr/"">Website</a>",,,"<a href=""https://maps.google.com/?cid=848420197404289170"">Google</a>",,
50,2020,Cidre,🥈 Argent,La Ferme de Billy,Ferme de Billy - Corsé 2018,1653,Active,"<a href=""https://www.ferme-de-billy.com/"">Website</a>","<a href=""https://www.facebook.com/lafermedebilly/"">Facebook</a>","<a href=""https://www.instagram.com/lafermedebilly/"">Instagram</a>","<a href=""https://maps.google.com/?cid=11023078698699122653"">Google</a>","<a href=""https://www.tripadvisor.com/Attraction_Review-g7741562-d6974742"">TripAdvisor</a>","<a href=""https://untappd.com/w/la-ferme-de-billy/247621"">Untappd</a>"
51,2020,Cidre,🥈 Argent,La Ferme de Billy,Ferme de Billy - Fraîcheur 2018,1653,Active,"<a href=""https://www.ferme-de-billy.com/"">Website</a>","<a href=""https://www.facebook.com/lafermedebilly/"">Facebook</a>","<a href=""https://www.instagram.com/lafermedebilly/"">Instagram</a>","<a href=""https://maps.google.com/?cid=11023078698699122653"">Google</a>","<a href=""https://www.tripadvisor.com/Attraction_Review-g7741562-d6974742"">TripAdvisor</a>","<a href=""https://untappd.com/w/la-ferme-de-billy/247621"">Untappd</a>"
52,2020,Cidre,🥈 Argent,Le Domaine du Tertre,Domaine du Tertre - Cuvée acidulée 2019,3556,Active,"<a href=""https://domaine-du-tertre.com/"">Website</a>","<a href=""https://www.facebook.com/le.tertre.officiel"">Facebook</a>","<a href=""https://www.instagram.com/domaine.du.tertre/"">Instagram</a>","<a href=""https://maps.google.com/?cid=10069708901253125019"">Google</a>",,"<a href=""https://untappd.com/w/domaine-du-tertre/394887"">Untappd</a>"
53,2020,Cidre,🥈 Argent,Le P'tit Clos Normand,Le P'tit Clos Normand - Extra-brut 2019,3369,Active,"<a href=""https://www.boeuf-cidre.com/"">Website</a>","<a href=""https://www.facebook.com/francoisxavier.craquelin/"">Facebook</a>",,"<a href=""https://maps.google.com/?cid=13679042805577864069"">Google</a>",,
54,2020,Cidre,🥈 Argent,Les Normandises du Pradon,Les Normandises du Pradon - Extra-brut 2019,3308,Active,"<a href=""http://lesnormandisesdupradon.com/"">Website</a>","<a href=""https://www.facebook.com/lesnormandisesdupradon/"">Facebook</a>","<a href=""https://www.instagram.com/lesnormandisesdupradon/"">Instagram</a>","<a href=""https://maps.google.com/?cid=5034289693754776537"">Google</a>",,"<a href=""https://untappd.com/w/ferme-du-pradon/228438"">Untappd</a>"
55,2020,Cidre,🥈 Argent,Pacory,Pacory Ferme des Grimaux - Doux 2019,1582,Active,"<a href=""https://www.pacory.eu/"">Website</a>","<a href=""https://www.facebook.com/PacoryFermedesGrimaux"">Facebook</a>","<a href=""https://www.instagram.com/pacoryfermedesgrimaux"">Instagram</a>","<a href=""https://maps.google.com/?cid=15821520734729613945"">Google</a>",,"<a href=""https://untappd.com/brewery/32360"">Untappd</a>"
56,2020,Cidre de Glace,🥇 Or,Les Vergers de Ducy,Domaine de la Flaguerie 2017,3321,Active,"<a href=""https://lesvergersdeducy.fr/"">Website</a>","<a href=""https://www.facebook.com/LesVergersdeDucy/"">Facebook</a>",,"<a href=""https://maps.google.com/?cid=5658619103463764772"">Google</a>","<a href=""https://www.tripadvisor.com/Attraction_Review-g5105596-d5012299"">TripAdvisor</a>","<a href=""https://untappd.com/w/les-vergers-de-ducy/68480"">Untappd</a>"
57,2020,Cidre de Glace,🥈 Argent,Domaine Duclos Fougeray,Domaine Duclos 2018,1178,Active,"<a href=""https://www.duclosfougeray.com/"">Website</a>","<a href=""https://www.facebook.com/domaine.duclosfougeray"">Facebook</a>","<a href=""https://www.instagram.com/domaine_duclos_fougeray/"">Instagram</a>","<a href=""https://maps.google.com/?cid=12398185041013701779"">Google</a>",,"<a href=""https://untappd.com/brewery/103532"">Untappd</a>"
58,2020,Cidre de Glace,🥈 Argent,Ferme des Noës,La Ferme des Noës 2018,2887,Active,"<a href=""https://www.fermedesnoes.com/"">Website</a>",,"<a href=""https://www.instagram.com/fermedesnoes/"">Instagram</a>","<a href=""https://maps.google.com/?cid=16067236232754040277"">Google</a>",,"<a href=""https://untappd.com/w/ferme-des-no-s/72679"">Untappd</a>"
59,2020,Cidre de Glace,🥈 Argent,Les Normandises du Pradon,Les Normandises du Pradon 2019,3308,Active,"<a href=""http://lesnormandisesdupradon.com/"">Website</a>","<a href=""https://www.facebook.com/lesnormandisesdupradon/"">Facebook</a>","<a href=""https://www.instagram.com/lesnormandisesdupradon/"">Instagram</a>","<a href=""https://maps.google.com/?cid=5034289693754776537"">Google</a>",,"<a href=""https://untappd.com/w/ferme-du-pradon/228438"">Untappd</a>"
60,2020,Cidre de Glace,🥈 Argent,Théo Capelle,Théo Capelle - Kapel Ice 2019,1513,Active,"<a href=""https://www.theo-capelle.com/"">Website</a>","<a href=""https://www.facebook.com/profile.php?id=100054206274447"">Facebook</a>",,"<a href=""https://maps.google.com/?cid=3221607950662529223"">Google</a>","<a href=""https://www.tripadvisor.com/Attraction_Review-g187183-d3406164"">TripAdvisor</a>","<a href=""https://untappd.com/w/cidrerie-tha-c-o-capelle/124517"">Untappd</a>"
61,2020,Cidre Aromatisé,🥈 Argent,Domaine de la Galotière,La Galotière - Le houblonné 2019,1183,Active,"<a href=""https://www.lagalotiere.fr/"">Website</a>","<a href=""https://www.facebook.com/lagalotiere"">Facebook</a>",,"<a href=""https://maps.google.com/?cid=3334578271943351430"">Google</a>","<a href=""https://www.tripadvisor.com/Attraction_Review-g608796-d12550194"">TripAdvisor</a>","<a href=""https://untappd.com/w/domaine-de-la-galotiere/38855"">Untappd</a>"
62,2020,Cidre Aromatisé,🥈 Argent,Écusson,Ecusson Cidre et poire subtil 2019,3182,Active,"<a href=""https://www.cidre-ecusson.com/"">Website</a>","<a href=""https://www.facebook.com/CidreEcusson/"">Facebook</a>","<a href=""https://www.instagram.com/cidreecusson/"">Instagram</a>","<a href=""https://maps.google.com/?cid=4055962133986878795"">Google</a>",,"<a href=""https://untappd.com/w/cidres-ecusson/15641"">Untappd</a>"
63,2020,Poiré,🥇 Or,Domaine Olivier,Le Domaine Olivier 2018,3372,Active,"<a href=""https://www.ledomaineolivier.com/"">Website</a>",,,"<a href=""https://maps.google.com/?cid=12832839833696798380"">Google</a>",,"<a href=""https://untappd.com/w/domaine-olivier/337350"">Untappd</a>"
64,2020,Poiré,🥇 Or,Famille Guesdon,La Cave Normande 2019,2697,Active,"<a href=""https://famille-guesdon.com/"">Website</a>","<a href=""https://www.facebook.com/profile.php?id=100057212210806"">Facebook</a>","<a href=""https://www.instagram.com/lacavenormandeguesdon/"">Instagram</a>","<a href=""https://maps.google.com/?cid=13182761816105385497"">Google</a>",,"<a href=""https://untappd.com/w/guesdon-p-re-et-fils/343009"">Untappd</a>"
65,2020,Poiré,🥇 Or,La Cave de la Loterie,Cave de la Loterie Fruité 2018,3316,Active,"<a href=""https://www.cavedelaloterie.fr/"">Website</a>","<a href=""https://www.facebook.com/cavedelaloterie"">Facebook</a>","<a href=""https://www.instagram.com/cave_de_la_loterie/"">Instagram</a>","<a href=""https://maps.google.com/?cid=14052572828101776269"">Google</a>","<a href=""https://www.tripadvisor.com/Attraction_Review-g672828-d12674111"">TripAdvisor</a>","<a href=""https://untappd.com/w/cave-de-la-loterie/234216"">Untappd</a>"
66,2020,Poiré,🥈 Argent,Domaine Sicera,Sicera Odette 2019,3491,Active,"<a href=""https://www.sicera.fr/"">Website</a>","<a href=""https://www.facebook.com/cidresicera"">Facebook</a>","<a href=""https://www.instagram.com/domaine_sicera/"">Instagram</a>","<a href=""https://maps.google.com/?cid=5127145163687533245"">Google</a>",,"<a href=""https://untappd.com/w/sicera/345757"">Untappd</a>"
67,2020,Poiré,🥈 Argent,Ferme des Martellières,Les Martellières - Brut 2018,3322,Active,,"<a href=""https://www.facebook.com/LesMartellieres.ProduitsCidricoles"">Facebook</a>",,"<a href=""https://maps.google.com/?cid=13628777607608573968"">Google</a>",,"<a href=""https://untappd.com/w/les-martellieres/291057"">Untappd</a>"
68,2020,Poiré,🥈 Argent,Ferme des Martellières,Les Martellières - Brut 2019,3322,Active,,"<a href=""https://www.facebook.com/LesMartellieres.ProduitsCidricoles"">Facebook</a>",,"<a href=""https://maps.google.com/?cid=13628777607608573968"">Google</a>",,"<a href=""https://untappd.com/w/les-martellieres/291057"">Untappd</a>"
69,2021,AOP Cidre Cotentin,🥇 Or,Théo Capelle,Brut 2019,1513,Active,"<a href=""https://www.theo-capelle.com/"">Website</a>","<a href=""https://www.facebook.com/profile.php?id=100054206274447"">Facebook</a>",,"<a href=""https://maps.google.com/?cid=3221607950662529223"">Google</a>","<a href=""https://www.tripadvisor.com/Attraction_Review-g187183-d3406164"">TripAdvisor</a>","<a href=""https://untappd.com/w/cidrerie-tha-c-o-capelle/124517"">Untappd</a>"
70,2021,AOP Cidre Cotentin,🥇 Or,Théo Capelle,Extra-brut 2019,1513,Active,"<a href=""https://www.theo-capelle.com/"">Website</a>","<a href=""https://www.facebook.com/profile.php?id=100054206274447"">Facebook</a>",,"<a href=""https://maps.google.com/?cid=3221607950662529223"">Google</a>","<a href=""https://www.tripadvisor.com/Attraction_Review-g187183-d3406164"">TripAdvisor</a>","<a href=""https://untappd.com/w/cidrerie-tha-c-o-capelle/124517"">Untappd</a>"
71,2021,AOP Cidre Cotentin,🥈 Argent,Cidrerie Claids,Brut 2020,3317,Active,"<a href=""https://www.cidrerieclaids.fr/"">Website</a>","<a href=""https://www.facebook.com/cidrerieclaids/"">Facebook</a>","<a href=""https://www.instagram.com/cidrerieclaids/"">Instagram</a>","<a href=""https://maps.google.com/?cid=16896075272570280949"">Google</a>",,"<a href=""https://untappd.com/w/cidrerie-claids/541066"">Untappd</a>"
72,2021,AOP Cidre Cotentin,🥈 Argent,Ferme de la Commanderie,Ferme de la Commanderie 2019,3319,Active,"<a href=""http://www.ferme-de-la-commanderie.fr/"">Website</a>","<a href=""https://www.facebook.com/CidrerieLaCommanderie"">Facebook</a>","<a href=""https://www.instagram.com/cidreriefermedelacommanderie"">Instagram</a>","<a href=""https://maps.google.com/?cid=2113479186577428756"">Google</a>","<a href=""https://www.tripadvisor.com/Attraction_Review-g2407705-d10109503"">TripAdvisor</a>","<a href=""https://untappd.com/w/ferme-de-la-commanderie/233207"">Untappd</a>"
73,2021,AOP Cidre Cotentin,🥈 Argent,Les Vergers de la Passion,Brut 2020,3553,Active,"<a href=""https://les-vergers-de-la-passion-cidrerie.fr/"">Website</a>","<a href=""https://www.facebook.com/LesVergersDeLaPassion.FermeCidricole/"">Facebook</a>","<a href=""https://www.instagram.com/lesvergersdelapassion/"">Instagram</a>","<a href=""https://maps.google.com/?cid=9889208295960516000"">Google</a>","<a href=""https://www.tripadvisor.com/Attraction_Review-g13423894-d13413411"">TripAdvisor</a>","<a href=""https://untappd.com/w/les-vergers-de-la-passion/468828"">Untappd</a>"
74,2021,AOP Cidre Pays d'Auge,🥇 Or,Ferme Cidricole Desvoye,Cru de Cambremer 2020,2161,Active,"<a href=""https://www.cidre-calvados-desvoye.fr/"">Website</a>","<a href=""https://www.facebook.com/profile.php?id=100015340218972"">Facebook</a>","<a href=""https://www.instagram.com/calvados_desvoye/"">Instagram</a>","<a href=""https://maps.google.com/?cid=9466556986578009265"">Google</a>","<a href=""https://www.tripadvisor.com/Attraction_Review-g14010617-d21111014"">TripAdvisor</a>","<a href=""https://untappd.com/w/cidrerie-desvoye/264267"">Untappd</a>"
75,2021,AOP Cidre Pays d'Auge,🥈 Argent,Domaine de la Galotière,Prestige 2019,1183,Active,"<a href=""https://www.lagalotiere.fr/"">Website</a>","<a href=""https://www.facebook.com/lagalotiere"">Facebook</a>",,"<a href=""https://maps.google.com/?cid=3334578271943351430"">Google</a>","<a href=""https://www.tripadvisor.com/Attraction_Review-g608796-d12550194"">TripAdvisor</a>","<a href=""https://untappd.com/w/domaine-de-la-galotiere/38855"">Untappd</a>"
76,2021,AOP Cidre Pays d'Auge,🥈 Argent,Ferme Cidricole Desvoye,Cru de Cambremer 2020,2161,Active,"<a href=""https://www.cidre-calvados-desvoye.fr/"">Website</a>","<a href=""https://www.facebook.com/profile.php?id=100015340218972"">Facebook</a>","<a href=""https://www.instagram.com/calvados_desvoye/"">Instagram</a>","<a href=""https://maps.google.com/?cid=9466556986578009265"">Google</a>","<a href=""https://www.tripadvisor.com/Attraction_Review-g14010617-d21111014"">TripAdvisor</a>","<a href=""https://untappd.com/w/cidrerie-desvoye/264267"">Untappd</a>"
77,2021,AOP Cidre Pays d'Auge,🥈 Argent,Ferme Cidricole Desvoye,Cuvée Premières 2019,2161,Active,"<a href=""https://www.cidre-calvados-desvoye.fr/"">Website</a>","<a href=""https://www.facebook.com/profile.php?id=100015340218972"">Facebook</a>","<a href=""https://www.instagram.com/calvados_desvoye/"">Instagram</a>","<a href=""https://maps.google.com/?cid=9466556986578009265"">Google</a>","<a href=""https://www.tripadvisor.com/Attraction_Review-g14010617-d21111014"">TripAdvisor</a>","<a href=""https://untappd.com/w/cidrerie-desvoye/264267"">Untappd</a>"
78,2021,AOP Cidre Pays d'Auge,🥈 Argent,Ferme du Lieu-Roussel,Le Lieu Roussel 2019,1650,Active,"<a href=""https://lieu-roussel.fr/"">Website</a>",,"<a href=""https://www.instagram.com/ferme_du_lieu_roussel/"">Instagram</a>","<a href=""https://maps.google.com/?cid=14333694268932285992"">Google</a>","<a href=""https://www.tripadvisor.com/Attraction_Review-g1918936-d6581852"">TripAdvisor</a>","<a href=""https://untappd.com/w/lieu-roussel/276562"">Untappd</a>"
79,2021,AOP Cidre Pays d'Auge,🥈 Argent,Ferme du Lieu-Roussel,Le Lieu Roussel 2020,1650,Active,"<a href=""https://lieu-roussel.fr/"">Website</a>",,"<a href=""https://www.instagram.com/ferme_du_lieu_roussel/"">Instagram</a>","<a href=""https://maps.google.com/?cid=14333694268932285992"">Google</a>","<a href=""https://www.tripadvisor.com/Attraction_Review-g1918936-d6581852"">TripAdvisor</a>","<a href=""https://untappd.com/w/lieu-roussel/276562"">Untappd</a>"
80,2021,AOP Cidre Pays d'Auge,🥈 Argent,Ferme du Lieu-Roussel,Le Lieu Roussel 2020,1650,Active,"<a href=""https://lieu-roussel.fr/"">Website</a>",,"<a href=""https://www.instagram.com/ferme_du_lieu_roussel/"">Instagram</a>","<a href=""https://maps.google.com/?cid=14333694268932285992"">Google</a>","<a href=""https://www.tripadvisor.com/Attraction_Review-g1918936-d6581852"">TripAdvisor</a>","<a href=""https://untappd.com/w/lieu-roussel/276562"">Untappd</a>"
81,2021,Cidre du Perche,🥈 Argent,Cidrerie Domaine du Ruisseau,Demi-sec 2020,3325,Active,,,,"<a href=""https://maps.google.com/?cid=14181024575525431243"">Google</a>",,"<a href=""https://untappd.com/w/domaine-du-ruisseau/470036"">Untappd</a>"
82,2021,Cidre du Perche,🥈 Argent,Cidrerie Lacour-Veyranne,Cuvée des vergers oubliés 2020,3555,Active,"<a href=""https://www.cidrerie-lacour-veyranne.com/"">Website</a>",,"<a href=""https://www.instagram.com/cidrerie_lacour_veyranne/"">Instagram</a>","<a href=""https://maps.google.com/?cid=10555645589397417510"">Google</a>",,"<a href=""https://untappd.com/w/cidres-lacour-veyranne/531609"">Untappd</a>"
83,2021,Cidre du Perche,🥈 Argent,Cidrerie Traditionnelle du Perche,L'Hermitière Brut 2019,1294,Active,"<a href=""http://www.cidrerie-traditionnelle-du-perche.fr/"">Website</a>","<a href=""https://www.facebook.com/cidrerietraditionnelleduperche"">Facebook</a>",,"<a href=""https://maps.google.com/?cid=4098308531613353726"">Google</a>",,"<a href=""https://untappd.com/w/cidrerie-traditionnelle-du-perche/28040"">Untappd</a>"
84,2021,Cidre du Perche,🥈 Argent,La Maison Ferré,La cave de Gabriel 2019,2551,Active,"<a href=""https://www.lamaisonferre.fr/"">Website</a>","<a href=""https://www.facebook.com/cidreduperche"">Facebook</a>","<a href=""https://www.instagram.com/la_maison_ferre"">Instagram</a>","<a href=""https://maps.google.com/?cid=13764361049917258070"">Google</a>","<a href=""https://www.tripadvisor.com/Attraction_Review-g4926524-d23694021"">TripAdvisor</a>","<a href=""https://untappd.com/w/la-maison-ferrac/161574"">Untappd</a>"
85,2021,Cidre du Perche,🥈 Argent,La Maison Ferré,Le préféré de Marie 2019,2551,Active,"<a href=""https://www.lamaisonferre.fr/"">Website</a>","<a href=""https://www.facebook.com/cidreduperche"">Facebook</a>","<a href=""https://www.instagram.com/la_maison_ferre"">Instagram</a>","<a href=""https://maps.google.com/?cid=13764361049917258070"">Google</a>","<a href=""https://www.tripadvisor.com/Attraction_Review-g4926524-d23694021"">TripAdvisor</a>","<a href=""https://untappd.com/w/la-maison-ferrac/161574"">Untappd</a>"
86,2021,Cidre du Perche,🥈 Argent,La Maison Ferré,Le préféré de Marie 2020,2551,Active,"<a href=""https://www.lamaisonferre.fr/"">Website</a>","<a href=""https://www.facebook.com/cidreduperche"">Facebook</a>","<a href=""https://www.instagram.com/la_maison_ferre"">Instagram</a>","<a href=""https://maps.google.com/?cid=13764361049917258070"">Google</a>","<a href=""https://www.tripadvisor.com/Attraction_Review-g4926524-d23694021"">TripAdvisor</a>","<a href=""https://untappd.com/w/la-maison-ferrac/161574"">Untappd</a>"
87,2021,Cidre du Pays de Caux,🥇 Or,Cidrerie Godefroy,Brut 2019,1577,Active,"<a href=""https://www.ecomuseeducidre.fr/"">Website</a>",,,"<a href=""https://maps.google.com/?cid=5707167707581907830"">Google</a>","<a href=""https://www.tripadvisor.com/Attraction_Review-g1572450-d3428587"">TripAdvisor</a>","<a href=""https://untappd.com/w/vincent-et-marieclaire-godefroy/207560"">Untappd</a>"
88,2021,Cidre du Pays de Caux,🥈 Argent,Cidrerie Godefroy,Demi-sec 2020,1577,Active,"<a href=""https://www.ecomuseeducidre.fr/"">Website</a>",,,"<a href=""https://maps.google.com/?cid=5707167707581907830"">Google</a>","<a href=""https://www.tripadvisor.com/Attraction_Review-g1572450-d3428587"">TripAdvisor</a>","<a href=""https://untappd.com/w/vincent-et-marieclaire-godefroy/207560"">Untappd</a>"
89,2021,Cidre du Pays de Caux,🥈 Argent,Les Normandises du Pradon,Les Normandises du Pradon 2019,3308,Active,"<a href=""http://lesnormandisesdupradon.com/"">Website</a>","<a href=""https://www.facebook.com/lesnormandisesdupradon/"">Facebook</a>","<a href=""https://www.instagram.com/lesnormandisesdupradon/"">Instagram</a>","<a href=""https://maps.google.com/?cid=5034289693754776537"">Google</a>",,"<a href=""https://untappd.com/w/ferme-du-pradon/228438"">Untappd</a>"
90,2021,AOP Poiré Domfront,🥇 Or,Pacory,L'idéal 2017,1582,Active,"<a href=""https://www.pacory.eu/"">Website</a>","<a href=""https://www.facebook.com/PacoryFermedesGrimaux"">Facebook</a>","<a href=""https://www.instagram.com/pacoryfermedesgrimaux"">Instagram</a>","<a href=""https://maps.google.com/?cid=15821520734729613945"">Google</a>",,"<a href=""https://untappd.com/brewery/32360"">Untappd</a>"
91,2021,AOP Poiré Domfront,🥇 Or,Pacory,L'idéal 2019,1582,Active,"<a href=""https://www.pacory.eu/"">Website</a>","<a href=""https://www.facebook.com/PacoryFermedesGrimaux"">Facebook</a>","<a href=""https://www.instagram.com/pacoryfermedesgrimaux"">Instagram</a>","<a href=""https://maps.google.com/?cid=15821520734729613945"">Google</a>",,"<a href=""https://untappd.com/brewery/32360"">Untappd</a>"
92,2021,AOP Poiré Domfront,🥈 Argent,Famille Guesdon,La Cave Normande Sélection 2019,2697,Active,"<a href=""https://famille-guesdon.com/"">Website</a>","<a href=""https://www.facebook.com/profile.php?id=100057212210806"">Facebook</a>","<a href=""https://www.instagram.com/lacavenormandeguesdon/"">Instagram</a>","<a href=""https://maps.google.com/?cid=13182761816105385497"">Google</a>",,"<a href=""https://untappd.com/w/guesdon-p-re-et-fils/343009"">Untappd</a>"
93,2021,IGP Cidre de Normandie,🥇 Or,Cidre Viard-Bayeux,Doux 2020,3318,Active,"<a href=""https://cidrebayeux.com/"">Website</a>","<a href=""https://www.facebook.com/CidresBayeux"">Facebook</a>","<a href=""https://www.instagram.com/cidrerie_bayeux/"">Instagram</a>","<a href=""https://maps.google.com/?cid=13233255599279949282"">Google</a>","<a href=""https://www.tripadvisor.com/Attraction_Review-g187181-d3454062"">TripAdvisor</a>","<a href=""https://untappd.com/w/cidrerie-viard/26008"">Untappd</a>"
94,2021,IGP Cidre de Normandie,🥇 Or,Le Pressoir d'Or,Le Pressoir d'Or 2020,2689,Active,"<a href=""http://www.pressoirdor.com/"">Website</a>",,"<a href=""https://www.instagram.com/lepressoirdor/"">Instagram</a>","<a href=""https://maps.google.com/?cid=11174929092699381803"">Google</a>",,"<a href=""https://untappd.com/w/le-pressoir-d-or/210218"">Untappd</a>"
95,2021,IGP Cidre de Normandie,🥇 Or,Le Pressoir d'Or,Le Pressoir d'Or 2020,2689,Active,"<a href=""http://www.pressoirdor.com/"">Website</a>",,"<a href=""https://www.instagram.com/lepressoirdor/"">Instagram</a>","<a href=""https://maps.google.com/?cid=11174929092699381803"">Google</a>",,"<a href=""https://untappd.com/w/le-pressoir-d-or/210218"">Untappd</a>"
96,2021,IGP Cidre de Normandie,🥇 Or,Le Pressoir d'Or,Le Pressoir d'Or 2020,2689,Active,"<a href=""http://www.pressoirdor.com/"">Website</a>",,"<a href=""https://www.instagram.com/lepressoirdor/"">Instagram</a>","<a href=""https://maps.google.com/?cid=11174929092699381803"">Google</a>",,"<a href=""https://untappd.com/w/le-pressoir-d-or/210218"">Untappd</a>"
97,2021,IGP Cidre de Normandie,🥇 Or,Les Vergers de Fumichon,Fruité 2020,3552,Active,"<a href=""https://www.les-vergers-de-fumichon.fr/"">Website</a>","<a href=""https://www.facebook.com/GAEClegrandfumichon"">Facebook</a>","<a href=""https://www.instagram.com/vergers_de_fumichon/"">Instagram</a>","<a href=""https://maps.google.com/?cid=12400587455796714428"">Google</a>",,"<a href=""https://untappd.com/w/vergers-de-fumichon/501987"">Untappd</a>"
98,2021,IGP Cidre de Normandie,🥈 Argent,Cidre Lemasson,Brut 2020,2691,Active,"<a href=""https://www.cidre-lemasson.fr/"">Website</a>","<a href=""https://www.facebook.com/cidrelemasson"">Facebook</a>","<a href=""https://www.instagram.com/cidrelemasson/"">Instagram</a>","<a href=""https://maps.google.com/?cid=7632467116285948880"">Google</a>","<a href=""https://www.tripadvisor.com/Attraction_Review-g12634286-d6538652"">TripAdvisor</a>","<a href=""https://untappd.com/w/cidre-lemasson/247290"">Untappd</a>"
99,2021,IGP Cidre de Normandie,🥈 Argent,Domaine des 5 Autels,Le brut 2020,2591,Active,"<a href=""https://cinqautels.com/"">Website</a>","<a href=""https://www.facebook.com/5Autels/"">Facebook</a>","<a href=""https://www.instagram.com/5autels/"">Instagram</a>","<a href=""https://maps.google.com/?cid=1561300018564057036"">Google</a>","<a href=""https://www.tripadvisor.com/Hotel_Review-g1385431-d1308959"">TripAdvisor</a>","<a href=""https://untappd.com/w/domaine-des-cinqs-autels/519014"">Untappd</a>"
100,2021,IGP Cidre de Normandie,🥈 Argent,Domaine Duclos Fougeray,Denise La Douce 2020,1178,Active,"<a href=""https://www.duclosfougeray.com/"">Website</a>","<a href=""https://www.facebook.com/domaine.duclosfougeray"">Facebook</a>","<a href=""https://www.instagram.com/domaine_duclos_fougeray/"">Instagram</a>","<a href=""https://maps.google.com/?cid=12398185041013701779"">Google</a>",,"<a href=""https://untappd.com/brewery/103532"">Untappd</a>"
101,2021,IGP Cidre de Normandie,🥈 Argent,La Cave de la Loterie,Fruité 2020,3316,Active,"<a href=""https://www.cavedelaloterie.fr/"">Website</a>","<a href=""https://www.facebook.com/cavedelaloterie"">Facebook</a>","<a href=""https://www.instagram.com/cave_de_la_loterie/"">Instagram</a>","<a href=""https://maps.google.com/?cid=14052572828101776269"">Google</a>","<a href=""https://www.tripadvisor.com/Attraction_Review-g672828-d12674111"">TripAdvisor</a>","<a href=""https://untappd.com/w/cave-de-la-loterie/234216"">Untappd</a>"
102,2021,IGP Cidre de Normandie,🥈 Argent,Le Clos des Citots,Brut 2020,3102,Active,"<a href=""https://www.leclosdescitots.fr/"">Website</a>","<a href=""https://www.facebook.com/profile.php?id=100066990398769"">Facebook</a>",,"<a href=""https://maps.google.com/?cid=3330784351320305206"">Google</a>",,"<a href=""https://untappd.com/w/le-clos-des-citots-gerard-lenormand/87074"">Untappd</a>"
103,2021,Cidre de Glace,🥇 Or,Domaine Duclos Fougeray,Domaine Duclos Fougeray 2018,1178,Active,"<a href=""https://www.duclosfougeray.com/"">Website</a>","<a href=""https://www.facebook.com/domaine.duclosfougeray"">Facebook</a>","<a href=""https://www.instagram.com/domaine_duclos_fougeray/"">Instagram</a>","<a href=""https://maps.google.com/?cid=12398185041013701779"">Google</a>",,"<a href=""https://untappd.com/brewery/103532"">Untappd</a>"
104,2021,Cidre de Glace,🥈 Argent,Ferme des Noës,Domaine Duclos Fougeray 2019,2887,Active,"<a href=""https://www.fermedesnoes.com/"">Website</a>",,"<a href=""https://www.instagram.com/fermedesnoes/"">Instagram</a>","<a href=""https://maps.google.com/?cid=16067236232754040277"">Google</a>",,"<a href=""https://untappd.com/w/ferme-des-no-s/72679"">Untappd</a>"
105,2021,Cidre Rosé,🥇 Or,Ferme des Noës,Ferme des Noës 2019,2887,Active,"<a href=""https://www.fermedesnoes.com/"">Website</a>",,"<a href=""https://www.instagram.com/fermedesnoes/"">Instagram</a>","<a href=""https://maps.google.com/?cid=16067236232754040277"">Google</a>",,"<a href=""https://untappd.com/w/ferme-des-no-s/72679"">Untappd</a>"
106,2021,Cidre Rosé,🥇 Or,Le Pressoir d'Or,Le Pressoir d'Or 2020,2689,Active,"<a href=""http://www.pressoirdor.com/"">Website</a>",,"<a href=""https://www.instagram.com/lepressoirdor/"">Instagram</a>","<a href=""https://maps.google.com/?cid=11174929092699381803"">Google</a>",,"<a href=""https://untappd.com/w/le-pressoir-d-or/210218"">Untappd</a>"
107,2021,Cidre Rosé,🥈 Argent,Domaine des Hauts-Vents,Domaine des Hauts Vents 2020,2889,Active,"<a href=""http://hautsvents.com/"">Website</a>","<a href=""https://www.facebook.com/CidreriedomaineDesHautsVents"">Facebook</a>","<a href=""https://www.instagram.com/domainedeshautsvents/"">Instagram</a>","<a href=""https://maps.google.com/?cid=3890633221204655265"">Google</a>","<a href=""https://www.tripadvisor.com/Attraction_Review-g661275-d6654230"">TripAdvisor</a>","<a href=""https://untappd.com/w/domaine-des-hauts-vents/70064"">Untappd</a>"
108,2021,Cidre Aromatisé,🥈 Argent,Cidre Lemasson,La Taloche 2020,2691,Active,"<a href=""https://www.cidre-lemasson.fr/"">Website</a>","<a href=""https://www.facebook.com/cidrelemasson"">Facebook</a>","<a href=""https://www.instagram.com/cidrelemasson/"">Instagram</a>","<a href=""https://maps.google.com/?cid=7632467116285948880"">Google</a>","<a href=""https://www.tripadvisor.com/Attraction_Review-g12634286-d6538652"">TripAdvisor</a>","<a href=""https://untappd.com/w/cidre-lemasson/247290"">Untappd</a>"
109,2021,Cidre,🥇 Or,Ferme de la Sapinière,Demi-sec 2019,1913,Active,"<a href=""https://www.producteur-cidre.com/"">Website</a>","<a href=""https://www.facebook.com/fermedelasapiniere/"">Facebook</a>",,"<a href=""https://maps.google.com/?cid=13033032790677741913"">Google</a>","<a href=""https://www.tripadvisor.com/Attraction_Review-g1462420-d4961506"">TripAdvisor</a>","<a href=""https://untappd.com/w/ferme-de-la-sapini-re/124296"">Untappd</a>"
110,2021,Cidre,🥇 Or,Ferme des Noës,Fruité 2019,2887,Active,"<a href=""https://www.fermedesnoes.com/"">Website</a>",,"<a href=""https://www.instagram.com/fermedesnoes/"">Instagram</a>","<a href=""https://maps.google.com/?cid=16067236232754040277"">Google</a>",,"<a href=""https://untappd.com/w/ferme-des-no-s/72679"">Untappd</a>"
111,2021,Cidre,🥇 Or,Les Vergers du Quesnay,Cuvée Gustave 2019,3370,Active,"<a href=""https://www.lesvergersduquesnay.fr/"">Website</a>","<a href=""https://www.facebook.com/profile.php?id=100058435991351"">Facebook</a>","<a href=""https://www.instagram.com/les_vergers_du_quesnay/"">Instagram</a>","<a href=""https://maps.google.com/?cid=15904214834922492181"">Google</a>",,"<a href=""https://untappd.com/w/les-vergers-du-quesnay/228234"">Untappd</a>"
112,2021,Cidre,🥈 Argent,Cave de la Fosse,Cave de la Fosse 2020,3550,Inactive,,,,,,
113,2021,Cidre,🥈 Argent,Domaine des Hauts-Vents,Brut 2020,2889,Active,"<a href=""http://hautsvents.com/"">Website</a>","<a href=""https://www.facebook.com/CidreriedomaineDesHautsVents"">Facebook</a>","<a href=""https://www.instagram.com/domainedeshautsvents/"">Instagram</a>","<a href=""https://maps.google.com/?cid=3890633221204655265"">Google</a>","<a href=""https://www.tripadvisor.com/Attraction_Review-g661275-d6654230"">TripAdvisor</a>","<a href=""https://untappd.com/w/domaine-des-hauts-vents/70064"">Untappd</a>"
114,2021,Cidre,🥈 Argent,Domaine des Hauts-Vents,Doux 2020,2889,Active,"<a href=""http://hautsvents.com/"">Website</a>","<a href=""https://www.facebook.com/CidreriedomaineDesHautsVents"">Facebook</a>","<a href=""https://www.instagram.com/domainedeshautsvents/"">Instagram</a>","<a href=""https://maps.google.com/?cid=3890633221204655265"">Google</a>","<a href=""https://www.tripadvisor.com/Attraction_Review-g661275-d6654230"">TripAdvisor</a>","<a href=""https://untappd.com/w/domaine-des-hauts-vents/70064"">Untappd</a>"
115,2021,Cidre,🥈 Argent,Ferme de la Sapinière,Apple Oak 2018,1913,Active,"<a href=""https://www.producteur-cidre.com/"">Website</a>","<a href=""https://www.facebook.com/fermedelasapiniere/"">Facebook</a>",,"<a href=""https://maps.google.com/?cid=13033032790677741913"">Google</a>","<a href=""https://www.tripadvisor.com/Attraction_Review-g1462420-d4961506"">TripAdvisor</a>","<a href=""https://untappd.com/w/ferme-de-la-sapini-re/124296"">Untappd</a>"
116,2021,Cidre,🥈 Argent,Ferme de la Sapinière,Apple Oak 2019,1913,Active,"<a href=""https://www.producteur-cidre.com/"">Website</a>","<a href=""https://www.facebook.com/fermedelasapiniere/"">Facebook</a>",,"<a href=""https://maps.google.com/?cid=13033032790677741913"">Google</a>","<a href=""https://www.tripadvisor.com/Attraction_Review-g1462420-d4961506"">TripAdvisor</a>","<a href=""https://untappd.com/w/ferme-de-la-sapini-re/124296"">Untappd</a>"
117,2021,Cidre,🥈 Argent,Ferme de la Sapinière,Brut 2020,1913,Active,"<a href=""https://www.producteur-cidre.com/"">Website</a>","<a href=""https://www.facebook.com/fermedelasapiniere/"">Facebook</a>",,"<a href=""https://maps.google.com/?cid=13033032790677741913"">Google</a>","<a href=""https://www.tripadvisor.com/Attraction_Review-g1462420-d4961506"">TripAdvisor</a>","<a href=""https://untappd.com/w/ferme-de-la-sapini-re/124296"">Untappd</a>"
118,2021,Cidre,🥈 Argent,Ferme de la Sapinière,Cuvée Louise Gautier 2019,1913,Active,"<a href=""https://www.producteur-cidre.com/"">Website</a>","<a href=""https://www.facebook.com/fermedelasapiniere/"">Facebook</a>",,"<a href=""https://maps.google.com/?cid=13033032790677741913"">Google</a>","<a href=""https://www.tripadvisor.com/Attraction_Review-g1462420-d4961506"">TripAdvisor</a>","<a href=""https://untappd.com/w/ferme-de-la-sapini-re/124296"">Untappd</a>"
119,2021,Cidre,🥈 Argent,Ferme des Martellières,Demi-sec 2020,3322,Active,,"<a href=""https://www.facebook.com/LesMartellieres.ProduitsCidricoles"">Facebook</a>",,"<a href=""https://maps.google.com/?cid=13628777607608573968"">Google</a>",,"<a href=""https://untappd.com/w/les-martellieres/291057"">Untappd</a>"
120,2021,Cidre,🥈 Argent,Ferme du Petit Château,Ferme du Petit Château 2018,3551,Active,,,,,,"<a href=""https://untappd.com/w/la-ferme-du-petit-chateau/404386"">Untappd</a>"
121,2021,Cidre,🥈 Argent,La Ferme de Billy,Fruité 2020,1653,Active,"<a href=""https://www.ferme-de-billy.com/"">Website</a>","<a href=""https://www.facebook.com/lafermedebilly/"">Facebook</a>","<a href=""https://www.instagram.com/lafermedebilly/"">Instagram</a>","<a href=""https://maps.google.com/?cid=11023078698699122653"">Google</a>","<a href=""https://www.tripadvisor.com/Attraction_Review-g7741562-d6974742"">TripAdvisor</a>","<a href=""https://untappd.com/w/la-ferme-de-billy/247621"">Untappd</a>"
122,2021,Cidre,🥈 Argent,La Ferme des Ruelles,La Ferme des Ruelles 2020,2888,Active,"<a href=""https://www.fermedesruelles.com/"">Website</a>","<a href=""https://www.facebook.com/fermedesruelles"">Facebook</a>","<a href=""https://www.instagram.com/la_ferme_des_ruelles/"">Instagram</a>","<a href=""https://maps.google.com/?cid=14485040344949359277"">Google</a>","<a href=""https://www.tripadvisor.com/Hotel_Review-g6623129-d6622401"">TripAdvisor</a>","<a href=""https://untappd.com/w/la-ferme-des-ruelles/141983"">Untappd</a>"
123,2021,Cidre,🥈 Argent,Le Chai de la Baie,Brut 2019,3368,Active,,"<a href=""https://www.facebook.com/jacques.daunay50/"">Facebook</a>",,"<a href=""https://maps.google.com/?cid=12654181407242940379"">Google</a>",,"<a href=""https://untappd.com/w/le-chai-de-la-baie/471739"">Untappd</a>"
124,2021,Cidre,🥈 Argent,Le Chai de la Baie,Brut 2019,3368,Active,,"<a href=""https://www.facebook.com/jacques.daunay50/"">Facebook</a>",,"<a href=""https://maps.google.com/?cid=12654181407242940379"">Google</a>",,"<a href=""https://untappd.com/w/le-chai-de-la-baie/471739"">Untappd</a>"
125,2021,Cidre,🥈 Argent,Les Vergers du Quesnay,Brut 2020,3370,Active,"<a href=""https://www.lesvergersduquesnay.fr/"">Website</a>","<a href=""https://www.facebook.com/profile.php?id=100058435991351"">Facebook</a>","<a href=""https://www.instagram.com/les_vergers_du_quesnay/"">Instagram</a>","<a href=""https://maps.google.com/?cid=15904214834922492181"">Google</a>",,"<a href=""https://untappd.com/w/les-vergers-du-quesnay/228234"">Untappd</a>"
126,2021,Cidre,🥈 Argent,Les Vergers du Quesnay,Demi-sec 2020,3370,Active,"<a href=""https://www.lesvergersduquesnay.fr/"">Website</a>","<a href=""https://www.facebook.com/profile.php?id=100058435991351"">Facebook</a>","<a href=""https://www.instagram.com/les_vergers_du_quesnay/"">Instagram</a>","<a href=""https://maps.google.com/?cid=15904214834922492181"">Google</a>",,"<a href=""https://untappd.com/w/les-vergers-du-quesnay/228234"">Untappd</a>"
127,2021,Cidre,🥈 Argent,Pacory,Pacory 2020,1582,Active,"<a href=""https://www.pacory.eu/"">Website</a>","<a href=""https://www.facebook.com/PacoryFermedesGrimaux"">Facebook</a>","<a href=""https://www.instagram.com/pacoryfermedesgrimaux"">Instagram</a>","<a href=""https://maps.google.com/?cid=15821520734729613945"">Google</a>",,"<a href=""https://untappd.com/brewery/32360"">Untappd</a>"
128,2021,Poiré,🥇 Or,Domaine des Hauts-Vents,Domaine des Hauts Vents 2020,2889,Active,"<a href=""http://hautsvents.com/"">Website</a>","<a href=""https://www.facebook.com/CidreriedomaineDesHautsVents"">Facebook</a>","<a href=""https://www.instagram.com/domainedeshautsvents/"">Instagram</a>","<a href=""https://maps.google.com/?cid=3890633221204655265"">Google</a>","<a href=""https://www.tripadvisor.com/Attraction_Review-g661275-d6654230"">TripAdvisor</a>","<a href=""https://untappd.com/w/domaine-des-hauts-vents/70064"">Untappd</a>"
129,2021,Poiré,🥇 Or,Famille Guesdon,La Cave Normande 2020,2697,Active,"<a href=""https://famille-guesdon.com/"">Website</a>","<a href=""https://www.facebook.com/profile.php?id=100057212210806"">Facebook</a>","<a href=""https://www.instagram.com/lacavenormandeguesdon/"">Instagram</a>","<a href=""https://maps.google.com/?cid=13182761816105385497"">Google</a>",,"<a href=""https://untappd.com/w/guesdon-p-re-et-fils/343009"">Untappd</a>"
130,2021,Poiré,🥇 Or,Manoir de Durcet,Manoir de Durcet 2020,2487,Active,"<a href=""https://www.breton-manoirdedurcet.fr/"">Website</a>","<a href=""https://www.facebook.com/manoirdedurcet/"">Facebook</a>","<a href=""https://www.instagram.com/manoirdedurcetgaec/"">Instagram</a>","<a href=""https://maps.google.com/?cid=3868969713989886200"">Google</a>",,"<a href=""https://untappd.com/w/manoir-de-durcet/399555"">Untappd</a>"
131,2021,Poiré,🥈 Argent,Cidres d'Auteurs,Poiré d'Auteur 2020,3554,Inactive,,,,,,
132,2021,Poiré,🥈 Argent,Domaine Duclos Fougeray,Denise La Bonne Poire 2020,1178,Active,"<a href=""https://www.duclosfougeray.com/"">Website</a>","<a href=""https://www.facebook.com/domaine.duclosfougeray"">Facebook</a>","<a href=""https://www.instagram.com/domaine_duclos_fougeray/"">Instagram</a>","<a href=""https://maps.google.com/?cid=12398185041013701779"">Google</a>",,"<a href=""https://untappd.com/brewery/103532"">Untappd</a>"
133,2021,Poiré,🥈 Argent,Ferme des Martellières,Les Martellières 2018,3322,Active,,"<a href=""https://www.facebook.com/LesMartellieres.ProduitsCidricoles"">Facebook</a>",,"<a href=""https://maps.google.com/?cid=13628777607608573968"">Google</a>",,"<a href=""https://untappd.com/w/les-martellieres/291057"">Untappd</a>"
134,2021,Poiré,🥈 Argent,Ferme du Manoir du Val,Poiré du Pays de la Risle 2020,3315,Active,"<a href=""https://www.manoirduval.fr/"">Website</a>",,,"<a href=""https://maps.google.com/?cid=848420197404289170"">Google</a>",,
135,2021,Poiré,🥈 Argent,La Cave de la Loterie,Fruité 2020,3316,Active,"<a href=""https://www.cavedelaloterie.fr/"">Website</a>","<a href=""https://www.facebook.com/cavedelaloterie"">Facebook</a>","<a href=""https://www.instagram.com/cave_de_la_loterie/"">Instagram</a>","<a href=""https://maps.google.com/?cid=14052572828101776269"">Google</a>","<a href=""https://www.tripadvisor.com/Attraction_Review-g672828-d12674111"">TripAdvisor</a>","<a href=""https://untappd.com/w/cave-de-la-loterie/234216"">Untappd</a>"
136,2022,AOP Cidre Cotentin,🥇 Or,Ferme de la Commanderie,Ferme de la Commanderie Brut Cuvée Héritage 2021,3319,Active,"<a href=""http://www.ferme-de-la-commanderie.fr/"">Website</a>","<a href=""https://www.facebook.com/CidrerieLaCommanderie"">Facebook</a>","<a href=""https://www.instagram.com/cidreriefermedelacommanderie"">Instagram</a>","<a href=""https://maps.google.com/?cid=2113479186577428756"">Google</a>","<a href=""https://www.tripadvisor.com/Attraction_Review-g2407705-d10109503"">TripAdvisor</a>","<a href=""https://untappd.com/w/ferme-de-la-commanderie/233207"">Untappd</a>"
137,2022,AOP Cidre Cotentin,🥇 Or,Ferme de la Commanderie,Ferme de la Commanderie Extra-Brut 2021,3319,Active,"<a href=""http://www.ferme-de-la-commanderie.fr/"">Website</a>","<a href=""https://www.facebook.com/CidrerieLaCommanderie"">Facebook</a>","<a href=""https://www.instagram.com/cidreriefermedelacommanderie"">Instagram</a>","<a href=""https://maps.google.com/?cid=2113479186577428756"">Google</a>","<a href=""https://www.tripadvisor.com/Attraction_Review-g2407705-d10109503"">TripAdvisor</a>","<a href=""https://untappd.com/w/ferme-de-la-commanderie/233207"">Untappd</a>"
138,2022,AOP Cidre Cotentin,🥇 Or,Théo Capelle,Théo Capelle Brut 2020,1513,Active,"<a href=""https://www.theo-capelle.com/"">Website</a>","<a href=""https://www.facebook.com/profile.php?id=100054206274447"">Facebook</a>",,"<a href=""https://maps.google.com/?cid=3221607950662529223"">Google</a>","<a href=""https://www.tripadvisor.com/Attraction_Review-g187183-d3406164"">TripAdvisor</a>","<a href=""https://untappd.com/w/cidrerie-tha-c-o-capelle/124517"">Untappd</a>"
139,2022,AOP Cidre Cotentin,🥈 Argent,Cidrerie Claids,Cidrerie Claids 2020,3317,Active,"<a href=""https://www.cidrerieclaids.fr/"">Website</a>","<a href=""https://www.facebook.com/cidrerieclaids/"">Facebook</a>","<a href=""https://www.instagram.com/cidrerieclaids/"">Instagram</a>","<a href=""https://maps.google.com/?cid=16896075272570280949"">Google</a>",,"<a href=""https://untappd.com/w/cidrerie-claids/541066"">Untappd</a>"
140,2022,AOP Cidre Cotentin,🥈 Argent,Ferme de la Commanderie,Ferme de la Commanderie Brut 2021,3319,Active,"<a href=""http://www.ferme-de-la-commanderie.fr/"">Website</a>","<a href=""https://www.facebook.com/CidrerieLaCommanderie"">Facebook</a>","<a href=""https://www.instagram.com/cidreriefermedelacommanderie"">Instagram</a>","<a href=""https://maps.google.com/?cid=2113479186577428756"">Google</a>","<a href=""https://www.tripadvisor.com/Attraction_Review-g2407705-d10109503"">TripAdvisor</a>","<a href=""https://untappd.com/w/ferme-de-la-commanderie/233207"">Untappd</a>"
141,2022,AOP Cidre Cotentin,🥈 Argent,Théo Capelle,Théo Capelle Extra-Brut 2020,1513,Active,"<a href=""https://www.theo-capelle.com/"">Website</a>","<a href=""https://www.facebook.com/profile.php?id=100054206274447"">Facebook</a>",,"<a href=""https://maps.google.com/?cid=3221607950662529223"">Google</a>","<a href=""https://www.tripadvisor.com/Attraction_Review-g187183-d3406164"">TripAdvisor</a>","<a href=""https://untappd.com/w/cidrerie-tha-c-o-capelle/124517"">Untappd</a>"
142,2022,AOP Cidre Pays d'Auge,🥇 Or,Ferme Cidricole Desvoye,Cidrerie Desvoye Premières 2021,2161,Active,"<a href=""https://www.cidre-calvados-desvoye.fr/"">Website</a>","<a href=""https://www.facebook.com/profile.php?id=100015340218972"">Facebook</a>","<a href=""https://www.instagram.com/calvados_desvoye/"">Instagram</a>","<a href=""https://maps.google.com/?cid=9466556986578009265"">Google</a>","<a href=""https://www.tripadvisor.com/Attraction_Review-g14010617-d21111014"">TripAdvisor</a>","<a href=""https://untappd.com/w/cidrerie-desvoye/264267"">Untappd</a>"
143,2022,AOP Cidre Pays d'Auge,🥇 Or,Ferme de la Vallée au Tanneur,Ferme de la Vallée au Tanneur Demi-Sec 2021,2160,Active,,"<a href=""https://www.facebook.com/valleeautanneur"">Facebook</a>",,"<a href=""https://maps.google.com/?cid=1292218678865448801"">Google</a>",,"<a href=""https://untappd.com/w/ferme-de-la-vallee-au-tanneur/102219"">Untappd</a>"
144,2022,AOP Cidre Pays d'Auge,🥈 Argent,Ferme Cidricole Desvoye,Cidrerie Desvoye Tradition Cambremer 2021,2161,Active,"<a href=""https://www.cidre-calvados-desvoye.fr/"">Website</a>","<a href=""https://www.facebook.com/profile.php?id=100015340218972"">Facebook</a>","<a href=""https://www.instagram.com/calvados_desvoye/"">Instagram</a>","<a href=""https://maps.google.com/?cid=9466556986578009265"">Google</a>","<a href=""https://www.tripadvisor.com/Attraction_Review-g14010617-d21111014"">TripAdvisor</a>","<a href=""https://untappd.com/w/cidrerie-desvoye/264267"">Untappd</a>"
145,2022,AOP Cidre Pays d'Auge,🥈 Argent,Ferme du Lieu-Roussel,Le Lieu Roussel 2021,1650,Active,"<a href=""https://lieu-roussel.fr/"">Website</a>",,"<a href=""https://www.instagram.com/ferme_du_lieu_roussel/"">Instagram</a>","<a href=""https://maps.google.com/?cid=14333694268932285992"">Google</a>","<a href=""https://www.tripadvisor.com/Attraction_Review-g1918936-d6581852"">TripAdvisor</a>","<a href=""https://untappd.com/w/lieu-roussel/276562"">Untappd</a>"
146,2022,AOP Cidre Pays d'Auge,🥈 Argent,Les Vergers d'Auvillars,Les Vergers d'Auvillars 2021,2905,Active,,"<a href=""https://www.facebook.com/profile.php?id=100064493697087"">Facebook</a>",,"<a href=""https://maps.google.com/?cid=6624112631217511275"">Google</a>",,"<a href=""https://untappd.com/w/les-vergers-d-auvillars/298717"">Untappd</a>"
147,2022,AOP Cidre Pays d'Auge,🥈 Argent,Manoir d'Apreval,Manoir d'Apreval Cuvée Saint-Georges 2021,1377,Active,"<a href=""https://www.apreval.com/"">Website</a>","<a href=""https://www.facebook.com/manoirdapreval/"">Facebook</a>","<a href=""https://www.instagram.com/manoirdapreval/"">Instagram</a>","<a href=""https://maps.google.com/?cid=10807770520098333687"">Google</a>","<a href=""https://www.tripadvisor.com/Attraction_Review-g2205406-d9715014"">TripAdvisor</a>","<a href=""https://untappd.com/w/manoir-d-apreval/228726"">Untappd</a>"
148,2022,AOP Cidre du Perche,🥇 Or,Cidrerie Domaine du Ruisseau,Domaine du Ruisseau Demi-Sec 2021,3325,Active,,,,"<a href=""https://maps.google.com/?cid=14181024575525431243"">Google</a>",,"<a href=""https://untappd.com/w/domaine-du-ruisseau/470036"">Untappd</a>"
149,2022,Cidre du Pays de Caux,🥇 Or,Les Normandises du Pradon,Domaine du Pradon 2021,3308,Active,"<a href=""http://lesnormandisesdupradon.com/"">Website</a>","<a href=""https://www.facebook.com/lesnormandisesdupradon/"">Facebook</a>","<a href=""https://www.instagram.com/lesnormandisesdupradon/"">Instagram</a>","<a href=""https://maps.google.com/?cid=5034289693754776537"">Google</a>",,"<a href=""https://untappd.com/w/ferme-du-pradon/228438"">Untappd</a>"
150,2022,Cidre du Pays de Caux,🥈 Argent,GAEC Hédouin,Ferme de Catteville 2021,3324,Active,,"<a href=""https://www.facebook.com/gaechedouin/"">Facebook</a>",,"<a href=""https://maps.google.com/?cid=8955816640789328765"">Google</a>",,
151,2022,AOP Poiré Domfront,🥇 Or,Famille Guesdon,La Cave Normande 2020,2697,Active,"<a href=""https://famille-guesdon.com/"">Website</a>","<a href=""https://www.facebook.com/profile.php?id=100057212210806"">Facebook</a>","<a href=""https://www.instagram.com/lacavenormandeguesdon/"">Instagram</a>","<a href=""https://maps.google.com/?cid=13182761816105385497"">Google</a>",,"<a href=""https://untappd.com/w/guesdon-p-re-et-fils/343009"">Untappd</a>"
152,2022,AOP Poiré Domfront,🥇 Or,Famille Guesdon,La Cave Normande 2020,2697,Active,"<a href=""https://famille-guesdon.com/"">Website</a>","<a href=""https://www.facebook.com/profile.php?id=100057212210806"">Facebook</a>","<a href=""https://www.instagram.com/lacavenormandeguesdon/"">Instagram</a>","<a href=""https://maps.google.com/?cid=13182761816105385497"">Google</a>",,"<a href=""https://untappd.com/w/guesdon-p-re-et-fils/343009"">Untappd</a>"
153,2022,IGP Cidre de Normandie,🥇 Or,Cidre Viard-Bayeux,Bayeux Brut Tannique 2021,3318,Active,"<a href=""https://cidrebayeux.com/"">Website</a>","<a href=""https://www.facebook.com/CidresBayeux"">Facebook</a>","<a href=""https://www.instagram.com/cidrerie_bayeux/"">Instagram</a>","<a href=""https://maps.google.com/?cid=13233255599279949282"">Google</a>","<a href=""https://www.tripadvisor.com/Attraction_Review-g187181-d3454062"">TripAdvisor</a>","<a href=""https://untappd.com/w/cidrerie-viard/26008"">Untappd</a>"
154,2022,IGP Cidre de Normandie,🥇 Or,Cidre Viard-Bayeux,Pomme d'Aure Demi-Sec 2020,3318,Active,"<a href=""https://cidrebayeux.com/"">Website</a>","<a href=""https://www.facebook.com/CidresBayeux"">Facebook</a>","<a href=""https://www.instagram.com/cidrerie_bayeux/"">Instagram</a>","<a href=""https://maps.google.com/?cid=13233255599279949282"">Google</a>","<a href=""https://www.tripadvisor.com/Attraction_Review-g187181-d3454062"">TripAdvisor</a>","<a href=""https://untappd.com/w/cidrerie-viard/26008"">Untappd</a>"
155,2022,IGP Cidre de Normandie,🥇 Or,Domaine Duclos Fougeray,Domaine Duclos-Fougeray Denise La Patronne 2021,1178,Active,"<a href=""https://www.duclosfougeray.com/"">Website</a>","<a href=""https://www.facebook.com/domaine.duclosfougeray"">Facebook</a>","<a href=""https://www.instagram.com/domaine_duclos_fougeray/"">Instagram</a>","<a href=""https://maps.google.com/?cid=12398185041013701779"">Google</a>",,"<a href=""https://untappd.com/brewery/103532"">Untappd</a>"
156,2022,IGP Cidre de Normandie,🥇 Or,Le Pressoir d'Or,Le Pressoir d'Or Cidre du Vexin Normand 2021,2689,Active,"<a href=""http://www.pressoirdor.com/"">Website</a>",,"<a href=""https://www.instagram.com/lepressoirdor/"">Instagram</a>","<a href=""https://maps.google.com/?cid=11174929092699381803"">Google</a>",,"<a href=""https://untappd.com/w/le-pressoir-d-or/210218"">Untappd</a>"
157,2022,IGP Cidre de Normandie,🥈 Argent,Cidre Viard-Bayeux,Bayeux Doux Plaisir 2021,3318,Active,"<a href=""https://cidrebayeux.com/"">Website</a>","<a href=""https://www.facebook.com/CidresBayeux"">Facebook</a>","<a href=""https://www.instagram.com/cidrerie_bayeux/"">Instagram</a>","<a href=""https://maps.google.com/?cid=13233255599279949282"">Google</a>","<a href=""https://www.tripadvisor.com/Attraction_Review-g187181-d3454062"">TripAdvisor</a>","<a href=""https://untappd.com/w/cidrerie-viard/26008"">Untappd</a>"
158,2022,IGP Cidre de Normandie,🥈 Argent,Cidrerie de la Brique,Les Vergers Brut 2021,1312,Active,"<a href=""https://cidreriedelabrique.com/"">Website</a>","<a href=""https://www.facebook.com/CidreriedelaBrique/"">Facebook</a>","<a href=""https://www.instagram.com/cidreriedelabrique/"">Instagram</a>","<a href=""https://maps.google.com/?cid=7178427047416068956"">Google</a>",,"<a href=""https://untappd.com/CidreriedeLaBrique"">Untappd</a>"
159,2022,IGP Cidre de Normandie,🥈 Argent,Cidrerie de la Brique,Les Vergers Doux 2021,1312,Active,"<a href=""https://cidreriedelabrique.com/"">Website</a>","<a href=""https://www.facebook.com/CidreriedelaBrique/"">Facebook</a>","<a href=""https://www.instagram.com/cidreriedelabrique/"">Instagram</a>","<a href=""https://maps.google.com/?cid=7178427047416068956"">Google</a>",,"<a href=""https://untappd.com/CidreriedeLaBrique"">Untappd</a>"
160,2022,IGP Cidre de Normandie,🥈 Argent,Cidrerie Michel Bréavoine,Michel Bréavoine 2021,1507,Active,"<a href=""https://www.breavoine.fr/"">Website</a>","<a href=""https://www.facebook.com/cidrebreavoine/"">Facebook</a>","<a href=""https://www.instagram.com/cidrebreavoine/"">Instagram</a>","<a href=""https://maps.google.com/?cid=13497264920337240271"">Google</a>",,"<a href=""https://untappd.com/w/cidrerie-michel-breavoine/123090"">Untappd</a>"
161,2022,IGP Cidre de Normandie,🥈 Argent,Domaine des 5 Autels,Domaine des 5 Autels L'Extralucidre 2020,2591,Active,"<a href=""https://cinqautels.com/"">Website</a>","<a href=""https://www.facebook.com/5Autels/"">Facebook</a>","<a href=""https://www.instagram.com/5autels/"">Instagram</a>","<a href=""https://maps.google.com/?cid=1561300018564057036"">Google</a>","<a href=""https://www.tripadvisor.com/Hotel_Review-g1385431-d1308959"">TripAdvisor</a>","<a href=""https://untappd.com/w/domaine-des-cinqs-autels/519014"">Untappd</a>"
162,2022,IGP Cidre de Normandie,🥈 Argent,Domaine des Hauts-Vents,Domaine des Hauts Vents Cuvée Paule 2021,2889,Active,"<a href=""http://hautsvents.com/"">Website</a>","<a href=""https://www.facebook.com/CidreriedomaineDesHautsVents"">Facebook</a>","<a href=""https://www.instagram.com/domainedeshautsvents/"">Instagram</a>","<a href=""https://maps.google.com/?cid=3890633221204655265"">Google</a>","<a href=""https://www.tripadvisor.com/Attraction_Review-g661275-d6654230"">TripAdvisor</a>","<a href=""https://untappd.com/w/domaine-des-hauts-vents/70064"">Untappd</a>"
163,2022,IGP Cidre de Normandie,🥈 Argent,Domaine Duclos Fougeray,Domaine Duclos-Fougeray Denise La Brute 2020,1178,Active,"<a href=""https://www.duclosfougeray.com/"">Website</a>","<a href=""https://www.facebook.com/domaine.duclosfougeray"">Facebook</a>","<a href=""https://www.instagram.com/domaine_duclos_fougeray/"">Instagram</a>","<a href=""https://maps.google.com/?cid=12398185041013701779"">Google</a>",,"<a href=""https://untappd.com/brewery/103532"">Untappd</a>"
164,2022,IGP Cidre de Normandie,🥈 Argent,Domaine Duclos Fougeray,Domaine Duclos-Fougeray Denise La Douce 2021,1178,Active,"<a href=""https://www.duclosfougeray.com/"">Website</a>","<a href=""https://www.facebook.com/domaine.duclosfougeray"">Facebook</a>","<a href=""https://www.instagram.com/domaine_duclos_fougeray/"">Instagram</a>","<a href=""https://maps.google.com/?cid=12398185041013701779"">Google</a>",,"<a href=""https://untappd.com/brewery/103532"">Untappd</a>"
165,2022,IGP Cidre de Normandie,🥈 Argent,La Cave de la Loterie,Cave de la Loterie Brut 2021,3316,Active,"<a href=""https://www.cavedelaloterie.fr/"">Website</a>","<a href=""https://www.facebook.com/cavedelaloterie"">Facebook</a>","<a href=""https://www.instagram.com/cave_de_la_loterie/"">Instagram</a>","<a href=""https://maps.google.com/?cid=14052572828101776269"">Google</a>","<a href=""https://www.tripadvisor.com/Attraction_Review-g672828-d12674111"">TripAdvisor</a>","<a href=""https://untappd.com/w/cave-de-la-loterie/234216"">Untappd</a>"
166,2022,IGP Cidre de Normandie,🥈 Argent,La Cave de la Loterie,Cave de la Loterie Fruité 2021,3316,Active,"<a href=""https://www.cavedelaloterie.fr/"">Website</a>","<a href=""https://www.facebook.com/cavedelaloterie"">Facebook</a>","<a href=""https://www.instagram.com/cave_de_la_loterie/"">Instagram</a>","<a href=""https://maps.google.com/?cid=14052572828101776269"">Google</a>","<a href=""https://www.tripadvisor.com/Attraction_Review-g672828-d12674111"">TripAdvisor</a>","<a href=""https://untappd.com/w/cave-de-la-loterie/234216"">Untappd</a>"
167,2022,IGP Cidre de Normandie,🥈 Argent,Le Pressoir d'Or,Le Pressoir d'Or Domaine de Frenelles 2020,2689,Active,"<a href=""http://www.pressoirdor.com/"">Website</a>",,"<a href=""https://www.instagram.com/lepressoirdor/"">Instagram</a>","<a href=""https://maps.google.com/?cid=11174929092699381803"">Google</a>",,"<a href=""https://untappd.com/w/le-pressoir-d-or/210218"">Untappd</a>"
168,2022,Cidre,🥇 Or,Cidrerie Godefroy,Demi-Sec 2021,1577,Active,"<a href=""https://www.ecomuseeducidre.fr/"">Website</a>",,,"<a href=""https://maps.google.com/?cid=5707167707581907830"">Google</a>","<a href=""https://www.tripadvisor.com/Attraction_Review-g1572450-d3428587"">TripAdvisor</a>","<a href=""https://untappd.com/w/vincent-et-marieclaire-godefroy/207560"">Untappd</a>"
169,2022,Cidre,🥇 Or,Ferme de la Sapinière,Ferme de la Sapinière Cuvée Louise Gautier 2021,1913,Active,"<a href=""https://www.producteur-cidre.com/"">Website</a>","<a href=""https://www.facebook.com/fermedelasapiniere/"">Facebook</a>",,"<a href=""https://maps.google.com/?cid=13033032790677741913"">Google</a>","<a href=""https://www.tripadvisor.com/Attraction_Review-g1462420-d4961506"">TripAdvisor</a>","<a href=""https://untappd.com/w/ferme-de-la-sapini-re/124296"">Untappd</a>"
170,2022,Cidre,🥇 Or,Ferme des Noës,La Ferme des Noës Fruité 2021,2887,Active,"<a href=""https://www.fermedesnoes.com/"">Website</a>",,"<a href=""https://www.instagram.com/fermedesnoes/"">Instagram</a>","<a href=""https://maps.google.com/?cid=16067236232754040277"">Google</a>",,"<a href=""https://untappd.com/w/ferme-des-no-s/72679"">Untappd</a>"
171,2022,Cidre,🥇 Or,Ferme du Lieu-Roussel,Le Lieu-Roussel 2021,1650,Active,"<a href=""https://lieu-roussel.fr/"">Website</a>",,"<a href=""https://www.instagram.com/ferme_du_lieu_roussel/"">Instagram</a>","<a href=""https://maps.google.com/?cid=14333694268932285992"">Google</a>","<a href=""https://www.tripadvisor.com/Attraction_Review-g1918936-d6581852"">TripAdvisor</a>","<a href=""https://untappd.com/w/lieu-roussel/276562"">Untappd</a>"
172,2022,Cidre,🥇 Or,Ferme du Manoir du Val,Ferme du Manoir du Val 2020,3315,Active,"<a href=""https://www.manoirduval.fr/"">Website</a>",,,"<a href=""https://maps.google.com/?cid=848420197404289170"">Google</a>",,
173,2022,Cidre,🥇 Or,Les Vergers de Ducy,Cidre de la Flaguerie Brut 2020,3321,Active,"<a href=""https://lesvergersdeducy.fr/"">Website</a>","<a href=""https://www.facebook.com/LesVergersdeDucy/"">Facebook</a>",,"<a href=""https://maps.google.com/?cid=5658619103463764772"">Google</a>","<a href=""https://www.tripadvisor.com/Attraction_Review-g5105596-d5012299"">TripAdvisor</a>","<a href=""https://untappd.com/w/les-vergers-de-ducy/68480"">Untappd</a>"
174,2022,Cidre,🥇 Or,Les Vergers de Ducy,Cidre de la Flaguerie Calypso 2020,3321,Active,"<a href=""https://lesvergersdeducy.fr/"">Website</a>","<a href=""https://www.facebook.com/LesVergersdeDucy/"">Facebook</a>",,"<a href=""https://maps.google.com/?cid=5658619103463764772"">Google</a>","<a href=""https://www.tripadvisor.com/Attraction_Review-g5105596-d5012299"">TripAdvisor</a>","<a href=""https://untappd.com/w/les-vergers-de-ducy/68480"">Untappd</a>"
175,2022,Cidre,🥇 Or,Les Vergers de Ducy,Cidre de la Flaguerie Demi-Sec 2020,3321,Active,"<a href=""https://lesvergersdeducy.fr/"">Website</a>","<a href=""https://www.facebook.com/LesVergersdeDucy/"">Facebook</a>",,"<a href=""https://maps.google.com/?cid=5658619103463764772"">Google</a>","<a href=""https://www.tripadvisor.com/Attraction_Review-g5105596-d5012299"">TripAdvisor</a>","<a href=""https://untappd.com/w/les-vergers-de-ducy/68480"">Untappd</a>"
176,2022,Cidre,🥇 Or,Les Vergers du Quesnay,Les Vergers du Quesnay Brut 2019,3370,Active,"<a href=""https://www.lesvergersduquesnay.fr/"">Website</a>","<a href=""https://www.facebook.com/profile.php?id=100058435991351"">Facebook</a>","<a href=""https://www.instagram.com/les_vergers_du_quesnay/"">Instagram</a>","<a href=""https://maps.google.com/?cid=15904214834922492181"">Google</a>",,"<a href=""https://untappd.com/w/les-vergers-du-quesnay/228234"">Untappd</a>"
177,2022,Cidre,🥇 Or,Pacory,Pacory 2021,1582,Active,"<a href=""https://www.pacory.eu/"">Website</a>","<a href=""https://www.facebook.com/PacoryFermedesGrimaux"">Facebook</a>","<a href=""https://www.instagram.com/pacoryfermedesgrimaux"">Instagram</a>","<a href=""https://maps.google.com/?cid=15821520734729613945"">Google</a>",,"<a href=""https://untappd.com/brewery/32360"">Untappd</a>"
178,2022,Cidre,🥇 Or,Pacory,Pacory Brut 2021,1582,Active,"<a href=""https://www.pacory.eu/"">Website</a>","<a href=""https://www.facebook.com/PacoryFermedesGrimaux"">Facebook</a>","<a href=""https://www.instagram.com/pacoryfermedesgrimaux"">Instagram</a>","<a href=""https://maps.google.com/?cid=15821520734729613945"">Google</a>",,"<a href=""https://untappd.com/brewery/32360"">Untappd</a>"
179,2022,Cidre,🥈 Argent,Ferme de Cavelande,Ferme de Cavelande 2021,2164,Active,"<a href=""https://www.fermedecavelande.fr/"">Website</a>",,,"<a href=""https://maps.google.com/?cid=949032948010559518"">Google</a>",,"<a href=""https://untappd.com/w/ferme-de-cavelande/465256"">Untappd</a>"
180,2022,Cidre,🥈 Argent,Ferme de la Sapinière,Ferme de la Sapinière Apple Oak 2020,1913,Active,"<a href=""https://www.producteur-cidre.com/"">Website</a>","<a href=""https://www.facebook.com/fermedelasapiniere/"">Facebook</a>",,"<a href=""https://maps.google.com/?cid=13033032790677741913"">Google</a>","<a href=""https://www.tripadvisor.com/Attraction_Review-g1462420-d4961506"">TripAdvisor</a>","<a href=""https://untappd.com/w/ferme-de-la-sapini-re/124296"">Untappd</a>"
181,2022,Cidre,🥈 Argent,Ferme de la Vallée au Tanneur,Ferme de la Vallée au Tanneur Extra-Brut 2021,2160,Active,,"<a href=""https://www.facebook.com/valleeautanneur"">Facebook</a>",,"<a href=""https://maps.google.com/?cid=1292218678865448801"">Google</a>",,"<a href=""https://untappd.com/w/ferme-de-la-vallee-au-tanneur/102219"">Untappd</a>"
182,2022,Cidre,🥈 Argent,Ferme des Martellières,Ferme des Martellières Brut 2021,3322,Active,,"<a href=""https://www.facebook.com/LesMartellieres.ProduitsCidricoles"">Facebook</a>",,"<a href=""https://maps.google.com/?cid=13628777607608573968"">Google</a>",,"<a href=""https://untappd.com/w/les-martellieres/291057"">Untappd</a>"
183,2022,Cidre,🥈 Argent,Ferme des Noës,La Ferme des Noës Sec 2021,2887,Active,"<a href=""https://www.fermedesnoes.com/"">Website</a>",,"<a href=""https://www.instagram.com/fermedesnoes/"">Instagram</a>","<a href=""https://maps.google.com/?cid=16067236232754040277"">Google</a>",,"<a href=""https://untappd.com/w/ferme-des-no-s/72679"">Untappd</a>"
184,2022,Cidre,🥈 Argent,Ferme du Manoir du Val,Ferme du Manoir du Val Brut 2021,3315,Active,"<a href=""https://www.manoirduval.fr/"">Website</a>",,,"<a href=""https://maps.google.com/?cid=848420197404289170"">Google</a>",,
185,2022,Cidre,🥈 Argent,Ferme du Manoir du Val,Ferme du Manoir du Val Doux 2021,3315,Active,"<a href=""https://www.manoirduval.fr/"">Website</a>",,,"<a href=""https://maps.google.com/?cid=848420197404289170"">Google</a>",,
186,2022,Cidre,🥈 Argent,Groualle Frères,Groualle Frères Brut 2021,3367,Active,,"<a href=""https://www.facebook.com/GROUALLEANTHONY"">Facebook</a>",,,,
187,2022,Cidre,🥈 Argent,La Ferme de Billy,La Ferme de Billy Corsé 2021,1653,Active,"<a href=""https://www.ferme-de-billy.com/"">Website</a>","<a href=""https://www.facebook.com/lafermedebilly/"">Facebook</a>","<a href=""https://www.instagram.com/lafermedebilly/"">Instagram</a>","<a href=""https://maps.google.com/?cid=11023078698699122653"">Google</a>","<a href=""https://www.tripadvisor.com/Attraction_Review-g7741562-d6974742"">TripAdvisor</a>","<a href=""https://untappd.com/w/la-ferme-de-billy/247621"">Untappd</a>"
188,2022,Cidre,🥈 Argent,Le Chai de la Baie,Le Chai de la Baie Brut 2021,3368,Active,,"<a href=""https://www.facebook.com/jacques.daunay50/"">Facebook</a>",,"<a href=""https://maps.google.com/?cid=12654181407242940379"">Google</a>",,"<a href=""https://untappd.com/w/le-chai-de-la-baie/471739"">Untappd</a>"
189,2022,Cidre,🥈 Argent,Le Chai de la Baie,Le Chai de la Baie Demi-Sec 2020,3368,Active,,"<a href=""https://www.facebook.com/jacques.daunay50/"">Facebook</a>",,"<a href=""https://maps.google.com/?cid=12654181407242940379"">Google</a>",,"<a href=""https://untappd.com/w/le-chai-de-la-baie/471739"">Untappd</a>"
190,2022,Cidre,🥈 Argent,Le Chai de la Baie,Le Chai de la Baie Doux 2021,3368,Active,,"<a href=""https://www.facebook.com/jacques.daunay50/"">Facebook</a>",,"<a href=""https://maps.google.com/?cid=12654181407242940379"">Google</a>",,"<a href=""https://untappd.com/w/le-chai-de-la-baie/471739"">Untappd</a>"
191,2022,Cidre,🥈 Argent,Les Normandises du Pradon,Les Normandises du Pradon Demi-Sec 2021,3308,Active,"<a href=""http://lesnormandisesdupradon.com/"">Website</a>","<a href=""https://www.facebook.com/lesnormandisesdupradon/"">Facebook</a>","<a href=""https://www.instagram.com/lesnormandisesdupradon/"">Instagram</a>","<a href=""https://maps.google.com/?cid=5034289693754776537"">Google</a>",,"<a href=""https://untappd.com/w/ferme-du-pradon/228438"">Untappd</a>"
192,2022,Cidre,🥈 Argent,Les Normandises du Pradon,Les Normandises du Pradon Extra-Brut 2021,3308,Active,"<a href=""http://lesnormandisesdupradon.com/"">Website</a>","<a href=""https://www.facebook.com/lesnormandisesdupradon/"">Facebook</a>","<a href=""https://www.instagram.com/lesnormandisesdupradon/"">Instagram</a>","<a href=""https://maps.google.com/?cid=5034289693754776537"">Google</a>",,"<a href=""https://untappd.com/w/ferme-du-pradon/228438"">Untappd</a>"
193,2022,Cidre,🥈 Argent,Les Vergers d'Auvillars,Les Vergers d'Auvillars Cuvée Tradition 2021,2905,Active,,"<a href=""https://www.facebook.com/profile.php?id=100064493697087"">Facebook</a>",,"<a href=""https://maps.google.com/?cid=6624112631217511275"">Google</a>",,"<a href=""https://untappd.com/w/les-vergers-d-auvillars/298717"">Untappd</a>"
194,2022,Cidre,🥈 Argent,Les Vergers de Ducy,Cidre de la Flaguerie Demi-Sec 2021,3321,Active,"<a href=""https://lesvergersdeducy.fr/"">Website</a>","<a href=""https://www.facebook.com/LesVergersdeDucy/"">Facebook</a>",,"<a href=""https://maps.google.com/?cid=5658619103463764772"">Google</a>","<a href=""https://www.tripadvisor.com/Attraction_Review-g5105596-d5012299"">TripAdvisor</a>","<a href=""https://untappd.com/w/les-vergers-de-ducy/68480"">Untappd</a>"
195,2022,Cidre,🥈 Argent,Les Vergers du Quesnay,Les Vergers du Quesnay Doux 2021,3370,Active,"<a href=""https://www.lesvergersduquesnay.fr/"">Website</a>","<a href=""https://www.facebook.com/profile.php?id=100058435991351"">Facebook</a>","<a href=""https://www.instagram.com/les_vergers_du_quesnay/"">Instagram</a>","<a href=""https://maps.google.com/?cid=15904214834922492181"">Google</a>",,"<a href=""https://untappd.com/w/les-vergers-du-quesnay/228234"">Untappd</a>"
196,2022,Cidre Rosé,🥇 Or,Les Celliers Associés,Dujardin 2020,1999,Active,"<a href=""https://www.valderance.com/"">Website</a>","<a href=""https://www.facebook.com/ValdeRance/"">Facebook</a>",,"<a href=""https://maps.google.com/?cid=7883069809343472545"">Google</a>",,"<a href=""https://untappd.com/LesCelliersAssocis"">Untappd</a>"
197,2022,Cidre Rosé,🥈 Argent,Ferme des Noës,La Ferme des Noës 2021,2887,Active,"<a href=""https://www.fermedesnoes.com/"">Website</a>",,"<a href=""https://www.instagram.com/fermedesnoes/"">Instagram</a>","<a href=""https://maps.google.com/?cid=16067236232754040277"">Google</a>",,"<a href=""https://untappd.com/w/ferme-des-no-s/72679"">Untappd</a>"
198,2022,Poiré,🥇 Or,Domaine des Hauts-Vents,Domaine des Hauts Vents 2021,2889,Active,"<a href=""http://hautsvents.com/"">Website</a>","<a href=""https://www.facebook.com/CidreriedomaineDesHautsVents"">Facebook</a>","<a href=""https://www.instagram.com/domainedeshautsvents/"">Instagram</a>","<a href=""https://maps.google.com/?cid=3890633221204655265"">Google</a>","<a href=""https://www.tripadvisor.com/Attraction_Review-g661275-d6654230"">TripAdvisor</a>","<a href=""https://untappd.com/w/domaine-des-hauts-vents/70064"">Untappd</a>"
199,2022,Poiré,🥇 Or,Famille Guesdon,La Cave Normande 2021,2697,Active,"<a href=""https://famille-guesdon.com/"">Website</a>","<a href=""https://www.facebook.com/profile.php?id=100057212210806"">Facebook</a>","<a href=""https://www.instagram.com/lacavenormandeguesdon/"">Instagram</a>","<a href=""https://maps.google.com/?cid=13182761816105385497"">Google</a>",,"<a href=""https://untappd.com/w/guesdon-p-re-et-fils/343009"">Untappd</a>"
200,2022,Poiré,🥇 Or,Ferme des Martellières,Ferme des Martellières Demi-Sec 2021,3322,Active,,"<a href=""https://www.facebook.com/LesMartellieres.ProduitsCidricoles"">Facebook</a>",,"<a href=""https://maps.google.com/?cid=13628777607608573968"">Google</a>",,"<a href=""https://untappd.com/w/les-martellieres/291057"">Untappd</a>"
201,2022,Poiré,🥈 Argent,Ferme des Martellières,Ferme des Martellières Demi-Sec 2020,3322,Active,,"<a href=""https://www.facebook.com/LesMartellieres.ProduitsCidricoles"">Facebook</a>",,"<a href=""https://maps.google.com/?cid=13628777607608573968"">Google</a>",,"<a href=""https://untappd.com/w/les-martellieres/291057"">Untappd</a>"
202,2022,Poiré,🥈 Argent,Pacory,Pacory Vif et Pétillant 2021,1582,Active,"<a href=""https://www.pacory.eu/"">Website</a>","<a href=""https://www.facebook.com/PacoryFermedesGrimaux"">Facebook</a>","<a href=""https://www.instagram.com/pacoryfermedesgrimaux"">Instagram</a>","<a href=""https://maps.google.com/?cid=15821520734729613945"">Google</a>",,"<a href=""https://untappd.com/brewery/32360"">Untappd</a>"
203,2022,Cidre et Poiré de Glace,🥈 Argent,Domaine de la Galotière,Cidre de Glace La Galotière 2020,1183,Active,"<a href=""https://www.lagalotiere.fr/"">Website</a>","<a href=""https://www.facebook.com/lagalotiere"">Facebook</a>",,"<a href=""https://maps.google.com/?cid=3334578271943351430"">Google</a>","<a href=""https://www.tripadvisor.com/Attraction_Review-g608796-d12550194"">TripAdvisor</a>","<a href=""https://untappd.com/w/domaine-de-la-galotiere/38855"">Untappd</a>"
204,2022,Cidre et Poiré de Glace,🥈 Argent,Domaine de la Galotière,Poiré de Glace La Galotière 2020,1183,Active,"<a href=""https://www.lagalotiere.fr/"">Website</a>","<a href=""https://www.facebook.com/lagalotiere"">Facebook</a>",,"<a href=""https://maps.google.com/?cid=3334578271943351430"">Google</a>","<a href=""https://www.tripadvisor.com/Attraction_Review-g608796-d12550194"">TripAdvisor</a>","<a href=""https://untappd.com/w/domaine-de-la-galotiere/38855"">Untappd</a>"
205,2023,Cidre,🥇 Or,Cidre Lemasson,Lemasson Opié Dumur Bio 2022,2691,Active,"<a href=""https://www.cidre-lemasson.fr/"">Website</a>","<a href=""https://www.facebook.com/cidrelemasson"">Facebook</a>","<a href=""https://www.instagram.com/cidrelemasson/"">Instagram</a>","<a href=""https://maps.google.com/?cid=7632467116285948880"">Google</a>","<a href=""https://www.tripadvisor.com/Attraction_Review-g12634286-d6538652"">TripAdvisor</a>","<a href=""https://untappd.com/w/cidre-lemasson/247290"">Untappd</a>"
206,2023,Cidre,🥇 Or,Earl du Manoir,Brut 2022,3307,Active,"<a href=""https://cidre-du-manoir-27.fr/"">Website</a>",,,"<a href=""https://maps.google.com/?cid=4044711697661996773"">Google</a>",,
207,2023,Cidre,🥇 Or,Les Normandises du Pradon,Les Normandises du Pradon Extra-brut 2022,3308,Active,"<a href=""http://lesnormandisesdupradon.com/"">Website</a>","<a href=""https://www.facebook.com/lesnormandisesdupradon/"">Facebook</a>","<a href=""https://www.instagram.com/lesnormandisesdupradon/"">Instagram</a>","<a href=""https://maps.google.com/?cid=5034289693754776537"">Google</a>",,"<a href=""https://untappd.com/w/ferme-du-pradon/228438"">Untappd</a>"
208,2023,Cidre,🥇 Or,Famille Guesdon,Domaine de la Cave Normande Doux 2022,2697,Active,"<a href=""https://famille-guesdon.com/"">Website</a>","<a href=""https://www.facebook.com/profile.php?id=100057212210806"">Facebook</a>","<a href=""https://www.instagram.com/lacavenormandeguesdon/"">Instagram</a>","<a href=""https://maps.google.com/?cid=13182761816105385497"">Google</a>",,"<a href=""https://untappd.com/w/guesdon-p-re-et-fils/343009"">Untappd</a>"
209,2023,Cidre,🥇 Or,Ferme de la Sapinière,Ferme de la Sapinière Apple Oak brut Bio 2021,1913,Active,"<a href=""https://www.producteur-cidre.com/"">Website</a>","<a href=""https://www.facebook.com/fermedelasapiniere/"">Facebook</a>",,"<a href=""https://maps.google.com/?cid=13033032790677741913"">Google</a>","<a href=""https://www.tripadvisor.com/Attraction_Review-g1462420-d4961506"">TripAdvisor</a>","<a href=""https://untappd.com/w/ferme-de-la-sapini-re/124296"">Untappd</a>"
210,2023,Cidre,🥇 Or,Domaine des Hauts-Vents,Domaine des Hauts Vents Cuvée Olga l'extra-brute 2021,2889,Active,"<a href=""http://hautsvents.com/"">Website</a>","<a href=""https://www.facebook.com/CidreriedomaineDesHautsVents"">Facebook</a>","<a href=""https://www.instagram.com/domainedeshautsvents/"">Instagram</a>","<a href=""https://maps.google.com/?cid=3890633221204655265"">Google</a>","<a href=""https://www.tripadvisor.com/Attraction_Review-g661275-d6654230"">TripAdvisor</a>","<a href=""https://untappd.com/w/domaine-des-hauts-vents/70064"">Untappd</a>"
211,2023,Cidre,🥇 Or,Domaine des Hauts-Vents,Domaine des Hauts Vents Brut 2022,2889,Active,"<a href=""http://hautsvents.com/"">Website</a>","<a href=""https://www.facebook.com/CidreriedomaineDesHautsVents"">Facebook</a>","<a href=""https://www.instagram.com/domainedeshautsvents/"">Instagram</a>","<a href=""https://maps.google.com/?cid=3890633221204655265"">Google</a>","<a href=""https://www.tripadvisor.com/Attraction_Review-g661275-d6654230"">TripAdvisor</a>","<a href=""https://untappd.com/w/domaine-des-hauts-vents/70064"">Untappd</a>"
212,2023,Cidre,🥇 Or,Domaine des Hauts-Vents,Domaine des Hauts Vents Cuvée Paule 2022,2889,Active,"<a href=""http://hautsvents.com/"">Website</a>","<a href=""https://www.facebook.com/CidreriedomaineDesHautsVents"">Facebook</a>","<a href=""https://www.instagram.com/domainedeshautsvents/"">Instagram</a>","<a href=""https://maps.google.com/?cid=3890633221204655265"">Google</a>","<a href=""https://www.tripadvisor.com/Attraction_Review-g661275-d6654230"">TripAdvisor</a>","<a href=""https://untappd.com/w/domaine-des-hauts-vents/70064"">Untappd</a>"
213,2023,Cidre,🥈 Argent,Le Costil Rouge,Le Costil Rouge Brut Bio 2022,3326,Active,,,,"<a href=""https://maps.google.com/?cid=813458325751135495"">Google</a>",,"<a href=""https://untappd.com/w/didier-gilbert/324320"">Untappd</a>"
214,2023,Cidre,🥈 Argent,Ferme du Manoir du Val,Le Manoir du Val Cidre du Pays de la Risle Bio 2022,3315,Active,"<a href=""https://www.manoirduval.fr/"">Website</a>",,,"<a href=""https://maps.google.com/?cid=848420197404289170"">Google</a>",,
215,2023,Cidre,🥈 Argent,Ferme du Manoir du Val,Le Manoir du Val Cidre demi-sec du Pays de la Risle Bio 2022,3315,Active,"<a href=""https://www.manoirduval.fr/"">Website</a>",,,"<a href=""https://maps.google.com/?cid=848420197404289170"">Google</a>",,
216,2023,Cidre,🥈 Argent,Ferme du Manoir du Val,Le Manoir du Val Cidre du Pays de la Risle 2021 Bio 2021,3315,Active,"<a href=""https://www.manoirduval.fr/"">Website</a>",,,"<a href=""https://maps.google.com/?cid=848420197404289170"">Google</a>",,
217,2023,Cidre,🥈 Argent,Les Normandises du Pradon,Les Normandises du Pradon Brut 2022,3308,Active,"<a href=""http://lesnormandisesdupradon.com/"">Website</a>","<a href=""https://www.facebook.com/lesnormandisesdupradon/"">Facebook</a>","<a href=""https://www.instagram.com/lesnormandisesdupradon/"">Instagram</a>","<a href=""https://maps.google.com/?cid=5034289693754776537"">Google</a>",,"<a href=""https://untappd.com/w/ferme-du-pradon/228438"">Untappd</a>"
218,2023,Cidre,🥈 Argent,Ferme de la Commanderie,Ferme de la Commanderie Brut 2022,3319,Active,"<a href=""http://www.ferme-de-la-commanderie.fr/"">Website</a>","<a href=""https://www.facebook.com/CidrerieLaCommanderie"">Facebook</a>","<a href=""https://www.instagram.com/cidreriefermedelacommanderie"">Instagram</a>","<a href=""https://maps.google.com/?cid=2113479186577428756"">Google</a>","<a href=""https://www.tripadvisor.com/Attraction_Review-g2407705-d10109503"">TripAdvisor</a>","<a href=""https://untappd.com/w/ferme-de-la-commanderie/233207"">Untappd</a>"
219,2023,Cidre,🥈 Argent,Ferme de la Vallée au Tanneur,Ferme de la Vallée au Tanneur L'extra-brut Bio 2021,2160,Active,,"<a href=""https://www.facebook.com/valleeautanneur"">Facebook</a>",,"<a href=""https://maps.google.com/?cid=1292218678865448801"">Google</a>",,"<a href=""https://untappd.com/w/ferme-de-la-vallee-au-tanneur/102219"">Untappd</a>"
220,2023,Cidre,🥈 Argent,Famille Guesdon,Domaine de la Cave Normande 2022,2697,Active,"<a href=""https://famille-guesdon.com/"">Website</a>","<a href=""https://www.facebook.com/profile.php?id=100057212210806"">Facebook</a>","<a href=""https://www.instagram.com/lacavenormandeguesdon/"">Instagram</a>","<a href=""https://maps.google.com/?cid=13182761816105385497"">Google</a>",,"<a href=""https://untappd.com/w/guesdon-p-re-et-fils/343009"">Untappd</a>"
221,2023,Cidre,🥈 Argent,La Ferme de Billy,La Ferme de Billy Fruité 2022,1653,Active,"<a href=""https://www.ferme-de-billy.com/"">Website</a>","<a href=""https://www.facebook.com/lafermedebilly/"">Facebook</a>","<a href=""https://www.instagram.com/lafermedebilly/"">Instagram</a>","<a href=""https://maps.google.com/?cid=11023078698699122653"">Google</a>","<a href=""https://www.tripadvisor.com/Attraction_Review-g7741562-d6974742"">TripAdvisor</a>","<a href=""https://untappd.com/w/la-ferme-de-billy/247621"">Untappd</a>"
222,2023,Cidre,🥈 Argent,Manoir d'Apreval,Manoir d'Apreval L'Enchanteur Bio 2022,1377,Active,"<a href=""https://www.apreval.com/"">Website</a>","<a href=""https://www.facebook.com/manoirdapreval/"">Facebook</a>","<a href=""https://www.instagram.com/manoirdapreval/"">Instagram</a>","<a href=""https://maps.google.com/?cid=10807770520098333687"">Google</a>","<a href=""https://www.tripadvisor.com/Attraction_Review-g2205406-d9715014"">TripAdvisor</a>","<a href=""https://untappd.com/w/manoir-d-apreval/228726"">Untappd</a>"
223,2023,Cidre,🥈 Argent,Breton Michel,Bio 2022,3309,Active,"<a href=""https://www.cidre-bretonmichel.com/"">Website</a>",,,"<a href=""https://maps.google.com/?cid=12939236238538332078"">Google</a>",,"<a href=""https://untappd.com/w/breton-michel/222629"">Untappd</a>"
224,2023,Cidre,🥈 Argent,La Ferme des Ruelles,Ferme des Ruelles Demi-sec 2022,2888,Active,"<a href=""https://www.fermedesruelles.com/"">Website</a>","<a href=""https://www.facebook.com/fermedesruelles"">Facebook</a>","<a href=""https://www.instagram.com/la_ferme_des_ruelles/"">Instagram</a>","<a href=""https://maps.google.com/?cid=14485040344949359277"">Google</a>","<a href=""https://www.tripadvisor.com/Hotel_Review-g6623129-d6622401"">TripAdvisor</a>","<a href=""https://untappd.com/w/la-ferme-des-ruelles/141983"">Untappd</a>"
225,2023,Cidre,🥈 Argent,Domaine des Hauts-Vents,Domaine des Hauts Vents Doux 2022,2889,Active,"<a href=""http://hautsvents.com/"">Website</a>","<a href=""https://www.facebook.com/CidreriedomaineDesHautsVents"">Facebook</a>","<a href=""https://www.instagram.com/domainedeshautsvents/"">Instagram</a>","<a href=""https://maps.google.com/?cid=3890633221204655265"">Google</a>","<a href=""https://www.tripadvisor.com/Attraction_Review-g661275-d6654230"">TripAdvisor</a>","<a href=""https://untappd.com/w/domaine-des-hauts-vents/70064"">Untappd</a>"
226,2023,Cidre,🥈 Argent,Ferme des Martellières,Les Martellières Brut Bio 2022,3322,Active,,"<a href=""https://www.facebook.com/LesMartellieres.ProduitsCidricoles"">Facebook</a>",,"<a href=""https://maps.google.com/?cid=13628777607608573968"">Google</a>",,"<a href=""https://untappd.com/w/les-martellieres/291057"">Untappd</a>"
227,2023,Cidre,🥈 Argent,Ferme des Martellières,Les Martellières Demi-sec Bio 2022,3322,Active,,"<a href=""https://www.facebook.com/LesMartellieres.ProduitsCidricoles"">Facebook</a>",,"<a href=""https://maps.google.com/?cid=13628777607608573968"">Google</a>",,"<a href=""https://untappd.com/w/les-martellieres/291057"">Untappd</a>"
228,2023,IGP Cidre de Normandie,🥇 Or,La Cave de la Loterie,Cave de la Loterie Fraîcheur Bio 2022,3316,Active,"<a href=""https://www.cavedelaloterie.fr/"">Website</a>","<a href=""https://www.facebook.com/cavedelaloterie"">Facebook</a>","<a href=""https://www.instagram.com/cave_de_la_loterie/"">Instagram</a>","<a href=""https://maps.google.com/?cid=14052572828101776269"">Google</a>","<a href=""https://www.tripadvisor.com/Attraction_Review-g672828-d12674111"">TripAdvisor</a>","<a href=""https://untappd.com/w/cave-de-la-loterie/234216"">Untappd</a>"
229,2023,IGP Cidre de Normandie,🥇 Or,Domaine des 5 Autels,5 Autels Cuvée Jean-René Bio 2021,2591,Active,"<a href=""https://cinqautels.com/"">Website</a>","<a href=""https://www.facebook.com/5Autels/"">Facebook</a>","<a href=""https://www.instagram.com/5autels/"">Instagram</a>","<a href=""https://maps.google.com/?cid=1561300018564057036"">Google</a>","<a href=""https://www.tripadvisor.com/Hotel_Review-g1385431-d1308959"">TripAdvisor</a>","<a href=""https://untappd.com/w/domaine-des-cinqs-autels/519014"">Untappd</a>"
230,2023,IGP Cidre de Normandie,🥇 Or,Le Pressoir d'Or,Le Pressoir d'Or Brut Bio 2022,2689,Active,"<a href=""http://www.pressoirdor.com/"">Website</a>",,"<a href=""https://www.instagram.com/lepressoirdor/"">Instagram</a>","<a href=""https://maps.google.com/?cid=11174929092699381803"">Google</a>",,"<a href=""https://untappd.com/w/le-pressoir-d-or/210218"">Untappd</a>"
231,2023,IGP Cidre de Normandie,🥇 Or,Zathinoé,Zathinoe Carte Verte Bio 2019,2702,Active,"<a href=""https://zathinoe.fr/"">Website</a>",,,"<a href=""https://maps.google.com/?cid=2359582709656446462"">Google</a>",,"<a href=""https://untappd.com/w/zathinoe/452758"">Untappd</a>"
232,2023,IGP Cidre de Normandie,🥈 Argent,Cidrerie de la Brique,Les Vergers Doux 2022,1312,Active,"<a href=""https://cidreriedelabrique.com/"">Website</a>","<a href=""https://www.facebook.com/CidreriedelaBrique/"">Facebook</a>","<a href=""https://www.instagram.com/cidreriedelabrique/"">Instagram</a>","<a href=""https://maps.google.com/?cid=7178427047416068956"">Google</a>",,"<a href=""https://untappd.com/CidreriedeLaBrique"">Untappd</a>"
233,2023,IGP Cidre de Normandie,🥈 Argent,Cidrerie de la Brique,Le Brut Artisanal Bio 2022,1312,Active,"<a href=""https://cidreriedelabrique.com/"">Website</a>","<a href=""https://www.facebook.com/CidreriedelaBrique/"">Facebook</a>","<a href=""https://www.instagram.com/cidreriedelabrique/"">Instagram</a>","<a href=""https://maps.google.com/?cid=7178427047416068956"">Google</a>",,"<a href=""https://untappd.com/CidreriedeLaBrique"">Untappd</a>"
234,2023,IGP Cidre de Normandie,🥈 Argent,Cidre Viard-Bayeux,Bayeux Brut tannique 2022,3318,Active,"<a href=""https://cidrebayeux.com/"">Website</a>","<a href=""https://www.facebook.com/CidresBayeux"">Facebook</a>","<a href=""https://www.instagram.com/cidrerie_bayeux/"">Instagram</a>","<a href=""https://maps.google.com/?cid=13233255599279949282"">Google</a>","<a href=""https://www.tripadvisor.com/Attraction_Review-g187181-d3454062"">TripAdvisor</a>","<a href=""https://untappd.com/w/cidrerie-viard/26008"">Untappd</a>"
235,2023,IGP Cidre de Normandie,🥈 Argent,Cidre Viard-Bayeux,Pomme d'Aure Brut 2022,3318,Active,"<a href=""https://cidrebayeux.com/"">Website</a>","<a href=""https://www.facebook.com/CidresBayeux"">Facebook</a>","<a href=""https://www.instagram.com/cidrerie_bayeux/"">Instagram</a>","<a href=""https://maps.google.com/?cid=13233255599279949282"">Google</a>","<a href=""https://www.tripadvisor.com/Attraction_Review-g187181-d3454062"">TripAdvisor</a>","<a href=""https://untappd.com/w/cidrerie-viard/26008"">Untappd</a>"
236,2023,IGP Cidre de Normandie,🥈 Argent,Cidrerie Dujardin,Dujardin Doux 2022,1142,Active,"<a href=""http://www.cidres-dujardin.fr/"">Website</a>",,,"<a href=""https://maps.google.com/?cid=10438887429258835490"">Google</a>",,"<a href=""https://untappd.com/w/cidrerie-dujardin/20309"">Untappd</a>"
237,2023,IGP Cidre de Normandie,🥈 Argent,Les Vergers de Ducy,La Flaguerie Cuvée Ulysse Tonic Bio 2021,3321,Active,"<a href=""https://lesvergersdeducy.fr/"">Website</a>","<a href=""https://www.facebook.com/LesVergersdeDucy/"">Facebook</a>",,"<a href=""https://maps.google.com/?cid=5658619103463764772"">Google</a>","<a href=""https://www.tripadvisor.com/Attraction_Review-g5105596-d5012299"">TripAdvisor</a>","<a href=""https://untappd.com/w/les-vergers-de-ducy/68480"">Untappd</a>"
238,2023,IGP Cidre de Normandie,🥈 Argent,Les Vergers de Ducy,Les Vergers de Ducy Demi-sec Bio 2021,3321,Active,"<a href=""https://lesvergersdeducy.fr/"">Website</a>","<a href=""https://www.facebook.com/LesVergersdeDucy/"">Facebook</a>",,"<a href=""https://maps.google.com/?cid=5658619103463764772"">Google</a>","<a href=""https://www.tripadvisor.com/Attraction_Review-g5105596-d5012299"">TripAdvisor</a>","<a href=""https://untappd.com/w/les-vergers-de-ducy/68480"">Untappd</a>"
239,2023,AOP Cidre Cotentin,🥇 Or,Cidre Lemasson,Lemasson Brut Bio 2021,2691,Active,"<a href=""https://www.cidre-lemasson.fr/"">Website</a>","<a href=""https://www.facebook.com/cidrelemasson"">Facebook</a>","<a href=""https://www.instagram.com/cidrelemasson/"">Instagram</a>","<a href=""https://maps.google.com/?cid=7632467116285948880"">Google</a>","<a href=""https://www.tripadvisor.com/Attraction_Review-g12634286-d6538652"">TripAdvisor</a>","<a href=""https://untappd.com/w/cidre-lemasson/247290"">Untappd</a>"
240,2023,AOP Cidre Cotentin,🥇 Or,Cidre Lemasson,Lemasson Extra-brut Bio 2021,2691,Active,"<a href=""https://www.cidre-lemasson.fr/"">Website</a>","<a href=""https://www.facebook.com/cidrelemasson"">Facebook</a>","<a href=""https://www.instagram.com/cidrelemasson/"">Instagram</a>","<a href=""https://maps.google.com/?cid=7632467116285948880"">Google</a>","<a href=""https://www.tripadvisor.com/Attraction_Review-g12634286-d6538652"">TripAdvisor</a>","<a href=""https://untappd.com/w/cidre-lemasson/247290"">Untappd</a>"
241,2023,AOP Cidre Cotentin,🥈 Argent,Cidrerie Claids,Cidrerie Claids Brut 2021,3317,Active,"<a href=""https://www.cidrerieclaids.fr/"">Website</a>","<a href=""https://www.facebook.com/cidrerieclaids/"">Facebook</a>","<a href=""https://www.instagram.com/cidrerieclaids/"">Instagram</a>","<a href=""https://maps.google.com/?cid=16896075272570280949"">Google</a>",,"<a href=""https://untappd.com/w/cidrerie-claids/541066"">Untappd</a>"
242,2023,AOP Cidre Cotentin,🥈 Argent,Cidrerie Le Père Mahieu,Le Père Mahieu Cuvée du Triquart brut Bio 2022,3320,Active,"<a href=""https://www.leperemahieu.com/"">Website</a>","<a href=""https://www.facebook.com/peremahieu/"">Facebook</a>","<a href=""https://www.instagram.com/cidrerieleperemahieu/"">Instagram</a>","<a href=""https://maps.google.com/?cid=12368038145815947190"">Google</a>","<a href=""https://www.tripadvisor.com/Attraction_Review-g4737571-d2476893"">TripAdvisor</a>","<a href=""https://untappd.com/w/le-p-re-mahieu/324018"">Untappd</a>"
243,2023,AOP Cidre Pays d'Auge,🥇 Or,Ferme Cidricole Desvoye,Cidrerie Desvoye Cuvée Premières Bio 2022,2161,Active,"<a href=""https://www.cidre-calvados-desvoye.fr/"">Website</a>","<a href=""https://www.facebook.com/profile.php?id=100015340218972"">Facebook</a>","<a href=""https://www.instagram.com/calvados_desvoye/"">Instagram</a>","<a href=""https://maps.google.com/?cid=9466556986578009265"">Google</a>","<a href=""https://www.tripadvisor.com/Attraction_Review-g14010617-d21111014"">TripAdvisor</a>","<a href=""https://untappd.com/w/cidrerie-desvoye/264267"">Untappd</a>"
244,2023,AOP Cidre Pays d'Auge,🥇 Or,Manoir de Grandouet,Manoir de Grandouet Cuvée réserve Bio 2021,1376,Active,"<a href=""https://www.manoir-de-grandouet.fr/"">Website</a>","<a href=""https://www.facebook.com/grandval.fr/"">Facebook</a>","<a href=""https://www.instagram.com/manoirdegrandouet/"">Instagram</a>","<a href=""https://maps.google.com/?cid=1664850146101306839"">Google</a>","<a href=""https://www.tripadvisor.com/Attraction_Review-g672825-d6994534"">TripAdvisor</a>","<a href=""https://untappd.com/brewery/18942"">Untappd</a>"
245,2023,AOP Cidre Pays d'Auge,🥈 Argent,Ferme du Lieu-Roussel,Lieu Roussel Bio 2022,1650,Active,"<a href=""https://lieu-roussel.fr/"">Website</a>",,"<a href=""https://www.instagram.com/ferme_du_lieu_roussel/"">Instagram</a>","<a href=""https://maps.google.com/?cid=14333694268932285992"">Google</a>","<a href=""https://www.tripadvisor.com/Attraction_Review-g1918936-d6581852"">TripAdvisor</a>","<a href=""https://untappd.com/w/lieu-roussel/276562"">Untappd</a>"
246,2023,AOP Cidre Pays d'Auge,🥈 Argent,Ferme du Lieu-Roussel,Lieu Roussel Bio 2021,1650,Active,"<a href=""https://lieu-roussel.fr/"">Website</a>",,"<a href=""https://www.instagram.com/ferme_du_lieu_roussel/"">Instagram</a>","<a href=""https://maps.google.com/?cid=14333694268932285992"">Google</a>","<a href=""https://www.tripadvisor.com/Attraction_Review-g1918936-d6581852"">TripAdvisor</a>","<a href=""https://untappd.com/w/lieu-roussel/276562"">Untappd</a>"
247,2023,AOP Cidre Pays d'Auge,🥈 Argent,Ferme Cidricole Desvoye,Cidrerie Desvoye Tradition Bio 2022,2161,Active,"<a href=""https://www.cidre-calvados-desvoye.fr/"">Website</a>","<a href=""https://www.facebook.com/profile.php?id=100015340218972"">Facebook</a>","<a href=""https://www.instagram.com/calvados_desvoye/"">Instagram</a>","<a href=""https://maps.google.com/?cid=9466556986578009265"">Google</a>","<a href=""https://www.tripadvisor.com/Attraction_Review-g14010617-d21111014"">TripAdvisor</a>","<a href=""https://untappd.com/w/cidrerie-desvoye/264267"">Untappd</a>"
248,2023,AOP Cidre Pays d'Auge,🥈 Argent,Domaine de la Galotière,La Galotière Bio 2022,1183,Active,"<a href=""https://www.lagalotiere.fr/"">Website</a>","<a href=""https://www.facebook.com/lagalotiere"">Facebook</a>",,"<a href=""https://maps.google.com/?cid=3334578271943351430"">Google</a>","<a href=""https://www.tripadvisor.com/Attraction_Review-g608796-d12550194"">TripAdvisor</a>","<a href=""https://untappd.com/w/domaine-de-la-galotiere/38855"">Untappd</a>"
249,2023,AOP Cidre du Perche,🥇 Or,Cidrerie Domaine du Ruisseau,Domaine du Ruisseau Demi-sec Bio 2022,3325,Active,,,,"<a href=""https://maps.google.com/?cid=14181024575525431243"">Google</a>",,"<a href=""https://untappd.com/w/domaine-du-ruisseau/470036"">Untappd</a>"
250,2023,AOP Cidre du Perche,🥇 Or,Cidrerie Domaine du Ruisseau,Domaine du ruisseau Cuvée Prestige l'Or du Ruisseau Bio 2021,3325,Active,,,,"<a href=""https://maps.google.com/?cid=14181024575525431243"">Google</a>",,"<a href=""https://untappd.com/w/domaine-du-ruisseau/470036"">Untappd</a>"
251,2023,AOP Cidre du Perche,🥈 Argent,GAEC Hédouin,Récolte 2022,3324,Active,,"<a href=""https://www.facebook.com/gaechedouin/"">Facebook</a>",,"<a href=""https://maps.google.com/?cid=8955816640789328765"">Google</a>",,
252,2023,AOP Cidre du Perche,🥈 Argent,Cidre Richard Fouqué,Cidre de Pressoir Bois L'excellence Bio 2018,3323,Active,"<a href=""https://richardfouque.fr/"">Website</a>",,,"<a href=""https://maps.google.com/?cid=357260865149493086"">Google</a>",,"<a href=""https://untappd.com/w/richard-fouquac/362975"">Untappd</a>"
253,2023,Cidre Rosé,🥇 Or,Les Vergers de Ducy,Les Vergers de Ducy 2022,3321,Active,"<a href=""https://lesvergersdeducy.fr/"">Website</a>","<a href=""https://www.facebook.com/LesVergersdeDucy/"">Facebook</a>",,"<a href=""https://maps.google.com/?cid=5658619103463764772"">Google</a>","<a href=""https://www.tripadvisor.com/Attraction_Review-g5105596-d5012299"">TripAdvisor</a>","<a href=""https://untappd.com/w/les-vergers-de-ducy/68480"">Untappd</a>"
254,2023,Cidre Rosé,🥈 Argent,Cidrerie Dujardin,Dujardin Rosé 2022,1142,Active,"<a href=""http://www.cidres-dujardin.fr/"">Website</a>",,,"<a href=""https://maps.google.com/?cid=10438887429258835490"">Google</a>",,"<a href=""https://untappd.com/w/cidrerie-dujardin/20309"">Untappd</a>"
255,2023,Cidre Rosé,🥈 Argent,Ferme des Noës,Ferme des Noës 2022,2887,Active,"<a href=""https://www.fermedesnoes.com/"">Website</a>",,"<a href=""https://www.instagram.com/fermedesnoes/"">Instagram</a>","<a href=""https://maps.google.com/?cid=16067236232754040277"">Google</a>",,"<a href=""https://untappd.com/w/ferme-des-no-s/72679"">Untappd</a>"
256,2023,Cidre de Glace,🥈 Argent,Domaine des Hauts-Vents,Domaine des Hauts Vents 2022,2889,Active,"<a href=""http://hautsvents.com/"">Website</a>","<a href=""https://www.facebook.com/CidreriedomaineDesHautsVents"">Facebook</a>","<a href=""https://www.instagram.com/domainedeshautsvents/"">Instagram</a>","<a href=""https://maps.google.com/?cid=3890633221204655265"">Google</a>","<a href=""https://www.tripadvisor.com/Attraction_Review-g661275-d6654230"">TripAdvisor</a>","<a href=""https://untappd.com/w/domaine-des-hauts-vents/70064"">Untappd</a>"
257,2023,Cidre de Glace,🥈 Argent,Domaine de la Galotière,La Galotière Bio 2021,1183,Active,"<a href=""https://www.lagalotiere.fr/"">Website</a>","<a href=""https://www.facebook.com/lagalotiere"">Facebook</a>",,"<a href=""https://maps.google.com/?cid=3334578271943351430"">Google</a>","<a href=""https://www.tripadvisor.com/Attraction_Review-g608796-d12550194"">TripAdvisor</a>","<a href=""https://untappd.com/w/domaine-de-la-galotiere/38855"">Untappd</a>"
258,2023,AOP Poiré Domfront,🥈 Argent,Pacory,Pacory Le Doyen 2022,1582,Active,"<a href=""https://www.pacory.eu/"">Website</a>","<a href=""https://www.facebook.com/PacoryFermedesGrimaux"">Facebook</a>","<a href=""https://www.instagram.com/pacoryfermedesgrimaux"">Instagram</a>","<a href=""https://maps.google.com/?cid=15821520734729613945"">Google</a>",,"<a href=""https://untappd.com/brewery/32360"">Untappd</a>"
259,2023,Poiré,🥇 Or,Famille Guesdon,Domaine de la Cave Normande Cuvée Tradition 2022,2697,Active,"<a href=""https://famille-guesdon.com/"">Website</a>","<a href=""https://www.facebook.com/profile.php?id=100057212210806"">Facebook</a>","<a href=""https://www.instagram.com/lacavenormandeguesdon/"">Instagram</a>","<a href=""https://maps.google.com/?cid=13182761816105385497"">Google</a>",,"<a href=""https://untappd.com/w/guesdon-p-re-et-fils/343009"">Untappd</a>"
260,2023,Poiré,🥇 Or,Breton Michel,Bio 2022,3309,Active,"<a href=""https://www.cidre-bretonmichel.com/"">Website</a>",,,"<a href=""https://maps.google.com/?cid=12939236238538332078"">Google</a>",,"<a href=""https://untappd.com/w/breton-michel/222629"">Untappd</a>"
261,2023,Poiré,🥇 Or,Ferme des Martellières,Ferme des Martellières Demi-sec 2021,3322,Active,,"<a href=""https://www.facebook.com/LesMartellieres.ProduitsCidricoles"">Facebook</a>",,"<a href=""https://maps.google.com/?cid=13628777607608573968"">Google</a>",,"<a href=""https://untappd.com/w/les-martellieres/291057"">Untappd</a>"
262,2023,Poiré,🥈 Argent,La Cave de la Loterie,Cave de la Loterie Bio 2022,3316,Active,"<a href=""https://www.cavedelaloterie.fr/"">Website</a>","<a href=""https://www.facebook.com/cavedelaloterie"">Facebook</a>","<a href=""https://www.instagram.com/cave_de_la_loterie/"">Instagram</a>","<a href=""https://maps.google.com/?cid=14052572828101776269"">Google</a>","<a href=""https://www.tripadvisor.com/Attraction_Review-g672828-d12674111"">TripAdvisor</a>","<a href=""https://untappd.com/w/cave-de-la-loterie/234216"">Untappd</a>"
263,2023,Poiré,🥈 Argent,Ferme du Manoir du Val,Le Manoir du Val Poiré du Pays de la Risle Bio 2022,3315,Active,"<a href=""https://www.manoirduval.fr/"">Website</a>",,,"<a href=""https://maps.google.com/?cid=848420197404289170"">Google</a>",,
264,2023,Poiré,🥈 Argent,Les Vergers du Chouquet,Bio 2022,2901,Active,,,,"<a href=""https://maps.google.com/?cid=4633427283115041645"">Google</a>",,"<a href=""https://untappd.com/w/les-vergers-du-chouquet/50301"">Untappd</a>"
265,2023,Poiré,🥈 Argent,Ferme de la Vallée au Tanneur,Ferme de la Vallée au Tanneur Bio 2021,2160,Active,,"<a href=""https://www.facebook.com/valleeautanneur"">Facebook</a>",,"<a href=""https://maps.google.com/?cid=1292218678865448801"">Google</a>",,"<a href=""https://untappd.com/w/ferme-de-la-vallee-au-tanneur/102219"">Untappd</a>"
266,2023,Poiré,🥈 Argent,Famille Guesdon,Domaine de la Cave Normande 2022,2697,Active,"<a href=""https://famille-guesdon.com/"">Website</a>","<a href=""https://www.facebook.com/profile.php?id=100057212210806"">Facebook</a>","<a href=""https://www.instagram.com/lacavenormandeguesdon/"">Instagram</a>","<a href=""https://maps.google.com/?cid=13182761816105385497"">Google</a>",,"<a href=""https://untappd.com/w/guesdon-p-re-et-fils/343009"">Untappd</a>"
267,2023,Poiré,🥈 Argent,Cidrerie Dujardin,Dujardin 2022,1142,Active,"<a href=""http://www.cidres-dujardin.fr/"">Website</a>",,,"<a href=""https://maps.google.com/?cid=10438887429258835490"">Google</a>",,"<a href=""https://untappd.com/w/cidrerie-dujardin/20309"">Untappd</a>"
268,2023,Poiré,🥈 Argent,Ferme des Martellières,Ferme des Martellières Brut Bio 2022,3322,Active,,"<a href=""https://www.facebook.com/LesMartellieres.ProduitsCidricoles"">Facebook</a>",,"<a href=""https://maps.google.com/?cid=13628777607608573968"">Google</a>",,"<a href=""https://untappd.com/w/les-martellieres/291057"">Untappd</a>"
269,2024,AOP Cidre Cotentin,🥇 Or,Cidre Lemasson,Lemasson extra-brut Bio 2022,2691,Active,"<a href=""https://www.cidre-lemasson.fr/"">Website</a>","<a href=""https://www.facebook.com/cidrelemasson"">Facebook</a>","<a href=""https://www.instagram.com/cidrelemasson/"">Instagram</a>","<a href=""https://maps.google.com/?cid=7632467116285948880"">Google</a>","<a href=""https://www.tripadvisor.com/Attraction_Review-g12634286-d6538652"">TripAdvisor</a>","<a href=""https://untappd.com/w/cidre-lemasson/247290"">Untappd</a>"
270,2024,AOP Cidre Cotentin,🥇 Or,Groualle Frères,Groualle Frères Bio 2023,3367,Active,,"<a href=""https://www.facebook.com/GROUALLEANTHONY"">Facebook</a>",,,,
271,2024,AOP Cidre Cotentin,🥈 Argent,Cidrerie Claids,Cidrerie Claids extra-brut 2023,3317,Active,"<a href=""https://www.cidrerieclaids.fr/"">Website</a>","<a href=""https://www.facebook.com/cidrerieclaids/"">Facebook</a>","<a href=""https://www.instagram.com/cidrerieclaids/"">Instagram</a>","<a href=""https://maps.google.com/?cid=16896075272570280949"">Google</a>",,"<a href=""https://untappd.com/w/cidrerie-claids/541066"">Untappd</a>"
272,2024,AOP Cidre Cotentin,🥈 Argent,Domaine de Rugueville,Domaine de Rugueville brut Bio 2023,3371,Active,"<a href=""https://domainederugueville.fr/"">Website</a>","<a href=""https://www.facebook.com/profile.php?id=100057855811467"">Facebook</a>",,"<a href=""https://maps.google.com/?cid=8320768846860943756"">Google</a>","<a href=""https://www.tripadvisor.com/Attraction_Review-g616116-d12491816"">TripAdvisor</a>","<a href=""https://untappd.com/w/domaine-de-rugueville/222398"">Untappd</a>"
273,2024,AOP Cidre Pays d'Auge,🥇 Or,Ferme Cidricole Desvoye,Tradition Cambremer Bio 2023,2161,Active,"<a href=""https://www.cidre-calvados-desvoye.fr/"">Website</a>","<a href=""https://www.facebook.com/profile.php?id=100015340218972"">Facebook</a>","<a href=""https://www.instagram.com/calvados_desvoye/"">Instagram</a>","<a href=""https://maps.google.com/?cid=9466556986578009265"">Google</a>","<a href=""https://www.tripadvisor.com/Attraction_Review-g14010617-d21111014"">TripAdvisor</a>","<a href=""https://untappd.com/w/cidrerie-desvoye/264267"">Untappd</a>"
274,2024,AOP Cidre Pays d'Auge,🥇 Or,Zathinoé,Zathinoé Carte Noire Bio 2019,2702,Active,"<a href=""https://zathinoe.fr/"">Website</a>",,,"<a href=""https://maps.google.com/?cid=2359582709656446462"">Google</a>",,"<a href=""https://untappd.com/w/zathinoe/452758"">Untappd</a>"
275,2024,AOP Cidre Pays d'Auge,🥈 Argent,Ferme Cidricole Desvoye,Premières douces amères Bio 2023,2161,Active,"<a href=""https://www.cidre-calvados-desvoye.fr/"">Website</a>","<a href=""https://www.facebook.com/profile.php?id=100015340218972"">Facebook</a>","<a href=""https://www.instagram.com/calvados_desvoye/"">Instagram</a>","<a href=""https://maps.google.com/?cid=9466556986578009265"">Google</a>","<a href=""https://www.tripadvisor.com/Attraction_Review-g14010617-d21111014"">TripAdvisor</a>","<a href=""https://untappd.com/w/cidrerie-desvoye/264267"">Untappd</a>"
276,2024,AOP Cidre Pays d'Auge,🥈 Argent,Manoir de Grandouet,Manoir de Grandouet Cambremer Tradition Bio 2023,1376,Active,"<a href=""https://www.manoir-de-grandouet.fr/"">Website</a>","<a href=""https://www.facebook.com/grandval.fr/"">Facebook</a>","<a href=""https://www.instagram.com/manoirdegrandouet/"">Instagram</a>","<a href=""https://maps.google.com/?cid=1664850146101306839"">Google</a>","<a href=""https://www.tripadvisor.com/Attraction_Review-g672825-d6994534"">TripAdvisor</a>","<a href=""https://untappd.com/brewery/18942"">Untappd</a>"
277,2024,AOP Cidre Pays d'Auge,🥈 Argent,Manoir de Grandouet,La Ferme du Bout du Chemin Bio 2023,1376,Active,"<a href=""https://www.manoir-de-grandouet.fr/"">Website</a>","<a href=""https://www.facebook.com/grandval.fr/"">Facebook</a>","<a href=""https://www.instagram.com/manoirdegrandouet/"">Instagram</a>","<a href=""https://maps.google.com/?cid=1664850146101306839"">Google</a>","<a href=""https://www.tripadvisor.com/Attraction_Review-g672825-d6994534"">TripAdvisor</a>","<a href=""https://untappd.com/brewery/18942"">Untappd</a>"
278,2024,AOP Cidre Pays d'Auge,🥈 Argent,Zathinoé,Zathinoé Carte Noire Bio 2023,2702,Active,"<a href=""https://zathinoe.fr/"">Website</a>",,,"<a href=""https://maps.google.com/?cid=2359582709656446462"">Google</a>",,"<a href=""https://untappd.com/w/zathinoe/452758"">Untappd</a>"
279,2024,AOP Poiré Domfront,🥇 Or,Famille Guesdon,Ancestrale 2022,2697,Active,"<a href=""https://famille-guesdon.com/"">Website</a>","<a href=""https://www.facebook.com/profile.php?id=100057212210806"">Facebook</a>","<a href=""https://www.instagram.com/lacavenormandeguesdon/"">Instagram</a>","<a href=""https://maps.google.com/?cid=13182761816105385497"">Google</a>",,"<a href=""https://untappd.com/w/guesdon-p-re-et-fils/343009"">Untappd</a>"
280,2024,AOP Poiré Domfront,🥈 Argent,Famille Guesdon,Réserve méthode traditionnelle 2021,2697,Active,"<a href=""https://famille-guesdon.com/"">Website</a>","<a href=""https://www.facebook.com/profile.php?id=100057212210806"">Facebook</a>","<a href=""https://www.instagram.com/lacavenormandeguesdon/"">Instagram</a>","<a href=""https://maps.google.com/?cid=13182761816105385497"">Google</a>",,"<a href=""https://untappd.com/w/guesdon-p-re-et-fils/343009"">Untappd</a>"
281,2024,AOP Poiré Domfront,🥈 Argent,Pacory,Pacory Le Doyen 2023,1582,Active,"<a href=""https://www.pacory.eu/"">Website</a>","<a href=""https://www.facebook.com/PacoryFermedesGrimaux"">Facebook</a>","<a href=""https://www.instagram.com/pacoryfermedesgrimaux"">Instagram</a>","<a href=""https://maps.google.com/?cid=15821520734729613945"">Google</a>",,"<a href=""https://untappd.com/brewery/32360"">Untappd</a>"
282,2024,AOP Poiré Domfront,🥈 Argent,Pacory,Pacory L'Idéal 2022,1582,Active,"<a href=""https://www.pacory.eu/"">Website</a>","<a href=""https://www.facebook.com/PacoryFermedesGrimaux"">Facebook</a>","<a href=""https://www.instagram.com/pacoryfermedesgrimaux"">Instagram</a>","<a href=""https://maps.google.com/?cid=15821520734729613945"">Google</a>",,"<a href=""https://untappd.com/brewery/32360"">Untappd</a>"
283,2024,Cidre,🥇 Or,Ferme Cidricole Desvoye,Ancestral extra-brut Bio 2023,2161,Active,"<a href=""https://www.cidre-calvados-desvoye.fr/"">Website</a>","<a href=""https://www.facebook.com/profile.php?id=100015340218972"">Facebook</a>","<a href=""https://www.instagram.com/calvados_desvoye/"">Instagram</a>","<a href=""https://maps.google.com/?cid=9466556986578009265"">Google</a>","<a href=""https://www.tripadvisor.com/Attraction_Review-g14010617-d21111014"">TripAdvisor</a>","<a href=""https://untappd.com/w/cidrerie-desvoye/264267"">Untappd</a>"
284,2024,Cidre,🥇 Or,Ferme du Manoir du Val,Le Manoir du Val Cidre demi-sec du Pays de la Risle Bio 2023,3315,Active,"<a href=""https://www.manoirduval.fr/"">Website</a>",,,"<a href=""https://maps.google.com/?cid=848420197404289170"">Google</a>",,
285,2024,Cidre,🥇 Or,Ferme Marcotte,Clos du Bourg Bio 2023,3366,Active,"<a href=""http://marcotte.coop/"">Website</a>","<a href=""https://www.facebook.com/profile.php?id=100057365473102"">Facebook</a>",,"<a href=""https://maps.google.com/?cid=15515441844251158681"">Google</a>",,"<a href=""https://untappd.com/w/ferme-cooperative-marcotte/466175"">Untappd</a>"
286,2024,Cidre,🥇 Or,Famille Guesdon,Tradition 2023,2697,Active,"<a href=""https://famille-guesdon.com/"">Website</a>","<a href=""https://www.facebook.com/profile.php?id=100057212210806"">Facebook</a>","<a href=""https://www.instagram.com/lacavenormandeguesdon/"">Instagram</a>","<a href=""https://maps.google.com/?cid=13182761816105385497"">Google</a>",,"<a href=""https://untappd.com/w/guesdon-p-re-et-fils/343009"">Untappd</a>"
287,2024,Cidre,🥇 Or,Cidrerie Michel Bréavoine,Michel Bréavoine doux 2023,1507,Active,"<a href=""https://www.breavoine.fr/"">Website</a>","<a href=""https://www.facebook.com/cidrebreavoine/"">Facebook</a>","<a href=""https://www.instagram.com/cidrebreavoine/"">Instagram</a>","<a href=""https://maps.google.com/?cid=13497264920337240271"">Google</a>",,"<a href=""https://untappd.com/w/cidrerie-michel-breavoine/123090"">Untappd</a>"
288,2024,Cidre,🥇 Or,Ferme des Noës,Ferme des Noës Fruité 2022,2887,Active,"<a href=""https://www.fermedesnoes.com/"">Website</a>",,"<a href=""https://www.instagram.com/fermedesnoes/"">Instagram</a>","<a href=""https://maps.google.com/?cid=16067236232754040277"">Google</a>",,"<a href=""https://untappd.com/w/ferme-des-no-s/72679"">Untappd</a>"
289,2024,Cidre,🥈 Argent,Cidrerie Claids,Cidrerie Claids demi-sec 2022,3317,Active,"<a href=""https://www.cidrerieclaids.fr/"">Website</a>","<a href=""https://www.facebook.com/cidrerieclaids/"">Facebook</a>","<a href=""https://www.instagram.com/cidrerieclaids/"">Instagram</a>","<a href=""https://maps.google.com/?cid=16896075272570280949"">Google</a>",,"<a href=""https://untappd.com/w/cidrerie-claids/541066"">Untappd</a>"
290,2024,Cidre,🥈 Argent,Le Costil Rouge,Le Costil Rouge demi-sec Bio 2023,3326,Active,,,,"<a href=""https://maps.google.com/?cid=813458325751135495"">Google</a>",,"<a href=""https://untappd.com/w/didier-gilbert/324320"">Untappd</a>"
291,2024,Cidre,🥈 Argent,Ferme du Manoir du Val,Les Fermes de Gally Bio 2023,3315,Active,"<a href=""https://www.manoirduval.fr/"">Website</a>",,,"<a href=""https://maps.google.com/?cid=848420197404289170"">Google</a>",,
292,2024,Cidre,🥈 Argent,Ferme du Manoir du Val,Le Manoir du Val Cidre doux du Pays de la Risle Bio 2023,3315,Active,"<a href=""https://www.manoirduval.fr/"">Website</a>",,,"<a href=""https://maps.google.com/?cid=848420197404289170"">Google</a>",,
293,2024,Cidre,🥈 Argent,Ferme Marcotte,Clos du Bourg Bio 2023,3366,Active,"<a href=""http://marcotte.coop/"">Website</a>","<a href=""https://www.facebook.com/profile.php?id=100057365473102"">Facebook</a>",,"<a href=""https://maps.google.com/?cid=15515441844251158681"">Google</a>",,"<a href=""https://untappd.com/w/ferme-cooperative-marcotte/466175"">Untappd</a>"
294,2024,Cidre,🥈 Argent,Ferme de Cavelande,Ferme de Cavelande Bio 2021,2164,Active,"<a href=""https://www.fermedecavelande.fr/"">Website</a>",,,"<a href=""https://maps.google.com/?cid=949032948010559518"">Google</a>",,"<a href=""https://untappd.com/w/ferme-de-cavelande/465256"">Untappd</a>"
295,2024,Cidre,🥈 Argent,Le Chai de la Baie,Le Chai de la Baie Summer cider Bio 2023,3368,Active,,"<a href=""https://www.facebook.com/jacques.daunay50/"">Facebook</a>",,"<a href=""https://maps.google.com/?cid=12654181407242940379"">Google</a>",,"<a href=""https://untappd.com/w/le-chai-de-la-baie/471739"">Untappd</a>"
296,2024,Cidre,🥈 Argent,Manoir d'Apreval,Manoir d'Apreval L'Enchanteur Bio 2023,1377,Active,"<a href=""https://www.apreval.com/"">Website</a>","<a href=""https://www.facebook.com/manoirdapreval/"">Facebook</a>","<a href=""https://www.instagram.com/manoirdapreval/"">Instagram</a>","<a href=""https://maps.google.com/?cid=10807770520098333687"">Google</a>","<a href=""https://www.tripadvisor.com/Attraction_Review-g2205406-d9715014"">TripAdvisor</a>","<a href=""https://untappd.com/w/manoir-d-apreval/228726"">Untappd</a>"
297,2024,Cidre,🥈 Argent,Ferme de la Sapinière,Le Verger du Littoral Bio 2022,1913,Active,"<a href=""https://www.producteur-cidre.com/"">Website</a>","<a href=""https://www.facebook.com/fermedelasapiniere/"">Facebook</a>",,"<a href=""https://maps.google.com/?cid=13033032790677741913"">Google</a>","<a href=""https://www.tripadvisor.com/Attraction_Review-g1462420-d4961506"">TripAdvisor</a>","<a href=""https://untappd.com/w/ferme-de-la-sapini-re/124296"">Untappd</a>"
298,2024,Cidre,🥈 Argent,Ferme des Noës,Ferme des Noës Fruité 2023,2887,Active,"<a href=""https://www.fermedesnoes.com/"">Website</a>",,"<a href=""https://www.instagram.com/fermedesnoes/"">Instagram</a>","<a href=""https://maps.google.com/?cid=16067236232754040277"">Google</a>",,"<a href=""https://untappd.com/w/ferme-des-no-s/72679"">Untappd</a>"
299,2024,Cidre,🥈 Argent,Domaine de la Galotière,La Galotière brut Bio 2023,1183,Active,"<a href=""https://www.lagalotiere.fr/"">Website</a>","<a href=""https://www.facebook.com/lagalotiere"">Facebook</a>",,"<a href=""https://maps.google.com/?cid=3334578271943351430"">Google</a>","<a href=""https://www.tripadvisor.com/Attraction_Review-g608796-d12550194"">TripAdvisor</a>","<a href=""https://untappd.com/w/domaine-de-la-galotiere/38855"">Untappd</a>"
300,2024,Cidre,🥈 Argent,Ferme des Martellières,Les Martellières demi-sec Bio 2023,3322,Active,,"<a href=""https://www.facebook.com/LesMartellieres.ProduitsCidricoles"">Facebook</a>",,"<a href=""https://maps.google.com/?cid=13628777607608573968"">Google</a>",,"<a href=""https://untappd.com/w/les-martellieres/291057"">Untappd</a>"
301,2024,Cidre,🥈 Argent,Cidrerie Godefroy,Cidrerie Godefroy Cuvée Louise demi-sec 2023,1577,Active,"<a href=""https://www.ecomuseeducidre.fr/"">Website</a>",,,"<a href=""https://maps.google.com/?cid=5707167707581907830"">Google</a>","<a href=""https://www.tripadvisor.com/Attraction_Review-g1572450-d3428587"">TripAdvisor</a>","<a href=""https://untappd.com/w/vincent-et-marieclaire-godefroy/207560"">Untappd</a>"
302,2024,Cidre de Glace,🥇 Or,Les Vergers du Quesnay,Les Vergers du Quesnay Bio 2022,3370,Active,"<a href=""https://www.lesvergersduquesnay.fr/"">Website</a>","<a href=""https://www.facebook.com/profile.php?id=100058435991351"">Facebook</a>","<a href=""https://www.instagram.com/les_vergers_du_quesnay/"">Instagram</a>","<a href=""https://maps.google.com/?cid=15904214834922492181"">Google</a>",,"<a href=""https://untappd.com/w/les-vergers-du-quesnay/228234"">Untappd</a>"
303,2024,Cidre de Glace,🥇 Or,Domaine des Hauts-Vents,Domaine des Hauts Vents 2023,2889,Active,"<a href=""http://hautsvents.com/"">Website</a>","<a href=""https://www.facebook.com/CidreriedomaineDesHautsVents"">Facebook</a>","<a href=""https://www.instagram.com/domainedeshautsvents/"">Instagram</a>","<a href=""https://maps.google.com/?cid=3890633221204655265"">Google</a>","<a href=""https://www.tripadvisor.com/Attraction_Review-g661275-d6654230"">TripAdvisor</a>","<a href=""https://untappd.com/w/domaine-des-hauts-vents/70064"">Untappd</a>"
304,2024,Cidre de Glace,🥈 Argent,Domaine de la Galotière,La Galotière Bio 2022,1183,Active,"<a href=""https://www.lagalotiere.fr/"">Website</a>","<a href=""https://www.facebook.com/lagalotiere"">Facebook</a>",,"<a href=""https://maps.google.com/?cid=3334578271943351430"">Google</a>","<a href=""https://www.tripadvisor.com/Attraction_Review-g608796-d12550194"">TripAdvisor</a>","<a href=""https://untappd.com/w/domaine-de-la-galotiere/38855"">Untappd</a>"
305,2024,Cidre du Pays de Caux,🥇 Or,Le P'tit Clos Normand,Le P'tit Clos Normand brut Bio 2023,3369,Active,"<a href=""https://www.boeuf-cidre.com/"">Website</a>","<a href=""https://www.facebook.com/francoisxavier.craquelin/"">Facebook</a>",,"<a href=""https://maps.google.com/?cid=13679042805577864069"">Google</a>",,
306,2024,Cidre du Pays de Caux,🥈 Argent,Les Normandises du Pradon,Domaine du Pradon brut 2022,3308,Active,"<a href=""http://lesnormandisesdupradon.com/"">Website</a>","<a href=""https://www.facebook.com/lesnormandisesdupradon/"">Facebook</a>","<a href=""https://www.instagram.com/lesnormandisesdupradon/"">Instagram</a>","<a href=""https://maps.google.com/?cid=5034289693754776537"">Google</a>",,"<a href=""https://untappd.com/w/ferme-du-pradon/228438"">Untappd</a>"
307,2024,Cidre Rosé,🥇 Or,Domaine Duclos Fougeray,Denise L'Amoureuse 2020,1178,Active,"<a href=""https://www.duclosfougeray.com/"">Website</a>","<a href=""https://www.facebook.com/domaine.duclosfougeray"">Facebook</a>","<a href=""https://www.instagram.com/domaine_duclos_fougeray/"">Instagram</a>","<a href=""https://maps.google.com/?cid=12398185041013701779"">Google</a>",,"<a href=""https://untappd.com/brewery/103532"">Untappd</a>"
308,2024,Cidre Rosé,🥈 Argent,Les Vergers de Ducy,Les Vergers de Ducy 2023,3321,Active,"<a href=""https://lesvergersdeducy.fr/"">Website</a>","<a href=""https://www.facebook.com/LesVergersdeDucy/"">Facebook</a>",,"<a href=""https://maps.google.com/?cid=5658619103463764772"">Google</a>","<a href=""https://www.tripadvisor.com/Attraction_Review-g5105596-d5012299"">TripAdvisor</a>","<a href=""https://untappd.com/w/les-vergers-de-ducy/68480"">Untappd</a>"
309,2024,Cidre Rosé,🥈 Argent,Cidrerie Dujardin,Dujardin rosé 2023,1142,Active,"<a href=""http://www.cidres-dujardin.fr/"">Website</a>",,,"<a href=""https://maps.google.com/?cid=10438887429258835490"">Google</a>",,"<a href=""https://untappd.com/w/cidrerie-dujardin/20309"">Untappd</a>"
310,2024,Cidre Rosé,🥈 Argent,Le Pressoir d'Or,Le Pressoir d'Or 2023,2689,Active,"<a href=""http://www.pressoirdor.com/"">Website</a>",,"<a href=""https://www.instagram.com/lepressoirdor/"">Instagram</a>","<a href=""https://maps.google.com/?cid=11174929092699381803"">Google</a>",,"<a href=""https://untappd.com/w/le-pressoir-d-or/210218"">Untappd</a>"
311,2024,Cidre Tranquille,🥈 Argent,Le Pressoir d'Or,Le Pressoir d'Or L'Adoré 2023,2689,Active,"<a href=""http://www.pressoirdor.com/"">Website</a>",,"<a href=""https://www.instagram.com/lepressoirdor/"">Instagram</a>","<a href=""https://maps.google.com/?cid=11174929092699381803"">Google</a>",,"<a href=""https://untappd.com/w/le-pressoir-d-or/210218"">Untappd</a>"
312,2024,IGP Cidre de Normandie,🥇 Or,Les Vergers de Ducy,La Flaguerie demi-sec Bio 2023,3321,Active,"<a href=""https://lesvergersdeducy.fr/"">Website</a>","<a href=""https://www.facebook.com/LesVergersdeDucy/"">Facebook</a>",,"<a href=""https://maps.google.com/?cid=5658619103463764772"">Google</a>","<a href=""https://www.tripadvisor.com/Attraction_Review-g5105596-d5012299"">TripAdvisor</a>","<a href=""https://untappd.com/w/les-vergers-de-ducy/68480"">Untappd</a>"
313,2024,IGP Cidre de Normandie,🥈 Argent,Manoir de Durcet,Manoir de Durcet doux 2023,2487,Active,"<a href=""https://www.breton-manoirdedurcet.fr/"">Website</a>","<a href=""https://www.facebook.com/manoirdedurcet/"">Facebook</a>","<a href=""https://www.instagram.com/manoirdedurcetgaec/"">Instagram</a>","<a href=""https://maps.google.com/?cid=3868969713989886200"">Google</a>",,"<a href=""https://untappd.com/w/manoir-de-durcet/399555"">Untappd</a>"
314,2024,IGP Cidre de Normandie,🥈 Argent,Le Pressoir d'Or,Le Pressoir d'Or Bio 2023,2689,Active,"<a href=""http://www.pressoirdor.com/"">Website</a>",,"<a href=""https://www.instagram.com/lepressoirdor/"">Instagram</a>","<a href=""https://maps.google.com/?cid=11174929092699381803"">Google</a>",,"<a href=""https://untappd.com/w/le-pressoir-d-or/210218"">Untappd</a>"
315,2024,IGP Cidre de Normandie,🥈 Argent,Le Pressoir d'Or,Le Pressoir d'Or brut Bio 2023,2689,Active,"<a href=""http://www.pressoirdor.com/"">Website</a>",,"<a href=""https://www.instagram.com/lepressoirdor/"">Instagram</a>","<a href=""https://maps.google.com/?cid=11174929092699381803"">Google</a>",,"<a href=""https://untappd.com/w/le-pressoir-d-or/210218"">Untappd</a>"
316,2024,IGP Cidre de Normandie,🥈 Argent,Domaine Duclos Fougeray,Denise La Brute Bio 2020,1178,Active,"<a href=""https://www.duclosfougeray.com/"">Website</a>","<a href=""https://www.facebook.com/domaine.duclosfougeray"">Facebook</a>","<a href=""https://www.instagram.com/domaine_duclos_fougeray/"">Instagram</a>","<a href=""https://maps.google.com/?cid=12398185041013701779"">Google</a>",,"<a href=""https://untappd.com/brewery/103532"">Untappd</a>"
317,2024,IGP Cidre de Normandie Pasteurisé,🥇 Or,Cidre Viard-Bayeux,Bayeux Cuvée signature doux 2023,3318,Active,"<a href=""https://cidrebayeux.com/"">Website</a>","<a href=""https://www.facebook.com/CidresBayeux"">Facebook</a>","<a href=""https://www.instagram.com/cidrerie_bayeux/"">Instagram</a>","<a href=""https://maps.google.com/?cid=13233255599279949282"">Google</a>","<a href=""https://www.tripadvisor.com/Attraction_Review-g187181-d3454062"">TripAdvisor</a>","<a href=""https://untappd.com/w/cidrerie-viard/26008"">Untappd</a>"
318,2024,IGP Cidre de Normandie Pasteurisé,🥇 Or,Cidre Écusson,Ecusson doux Bio 2023,1143,Active,"<a href=""https://www.cidre-ecusson.com/"">Website</a>","<a href=""https://www.facebook.com/CidreEcusson/"">Facebook</a>","<a href=""https://www.instagram.com/cidreecusson/"">Instagram</a>","<a href=""https://maps.google.com/?cid=16717845515481593007"">Google</a>",,"<a href=""https://untappd.com/w/cidres-ecusson/15641"">Untappd</a>"
319,2024,IGP Cidre de Normandie Pasteurisé,🥈 Argent,Cidre Viard-Bayeux,La Pomme d'Aure doux 2023,3318,Active,"<a href=""https://cidrebayeux.com/"">Website</a>","<a href=""https://www.facebook.com/CidresBayeux"">Facebook</a>","<a href=""https://www.instagram.com/cidrerie_bayeux/"">Instagram</a>","<a href=""https://maps.google.com/?cid=13233255599279949282"">Google</a>","<a href=""https://www.tripadvisor.com/Attraction_Review-g187181-d3454062"">TripAdvisor</a>","<a href=""https://untappd.com/w/cidrerie-viard/26008"">Untappd</a>"
320,2024,IGP Cidre de Normandie Pasteurisé,🥈 Argent,Cidre Viard-Bayeux,Bayeux Cuvée signature brut 2023,3318,Active,"<a href=""https://cidrebayeux.com/"">Website</a>","<a href=""https://www.facebook.com/CidresBayeux"">Facebook</a>","<a href=""https://www.instagram.com/cidrerie_bayeux/"">Instagram</a>","<a href=""https://maps.google.com/?cid=13233255599279949282"">Google</a>","<a href=""https://www.tripadvisor.com/Attraction_Review-g187181-d3454062"">TripAdvisor</a>","<a href=""https://untappd.com/w/cidrerie-viard/26008"">Untappd</a>"
321,2024,Poiré,🥇 Or,Ferme Cidricole Desvoye,Les Marnières Bio 2022,2161,Active,"<a href=""https://www.cidre-calvados-desvoye.fr/"">Website</a>","<a href=""https://www.facebook.com/profile.php?id=100015340218972"">Facebook</a>","<a href=""https://www.instagram.com/calvados_desvoye/"">Instagram</a>","<a href=""https://maps.google.com/?cid=9466556986578009265"">Google</a>","<a href=""https://www.tripadvisor.com/Attraction_Review-g14010617-d21111014"">TripAdvisor</a>","<a href=""https://untappd.com/w/cidrerie-desvoye/264267"">Untappd</a>"
322,2024,Poiré,🥇 Or,Le Perrey Picot,Bio 2023,2903,Active,,"<a href=""https://www.facebook.com/profile.php?id=100060685033668"">Facebook</a>",,"<a href=""https://maps.google.com/?cid=6767746835247128514"">Google</a>",,"<a href=""https://untappd.com/w/le-perrey-picot-didier-gautard/371620"">Untappd</a>"
323,2024,Poiré,🥇 Or,Domaine Olivier,Domaine Olivier Bio 2022,3372,Active,"<a href=""https://www.ledomaineolivier.com/"">Website</a>",,,"<a href=""https://maps.google.com/?cid=12832839833696798380"">Google</a>",,"<a href=""https://untappd.com/w/domaine-olivier/337350"">Untappd</a>"
324,2024,Poiré,🥈 Argent,Les Vergers de Ducy,La Flaguerie Bio 2022,3321,Active,"<a href=""https://lesvergersdeducy.fr/"">Website</a>","<a href=""https://www.facebook.com/LesVergersdeDucy/"">Facebook</a>",,"<a href=""https://maps.google.com/?cid=5658619103463764772"">Google</a>","<a href=""https://www.tripadvisor.com/Attraction_Review-g5105596-d5012299"">TripAdvisor</a>","<a href=""https://untappd.com/w/les-vergers-de-ducy/68480"">Untappd</a>"
325,2024,Poiré,🥈 Argent,Pacory,Pacory Vif et pétillant 2023,1582,Active,"<a href=""https://www.pacory.eu/"">Website</a>","<a href=""https://www.facebook.com/PacoryFermedesGrimaux"">Facebook</a>","<a href=""https://www.instagram.com/pacoryfermedesgrimaux"">Instagram</a>","<a href=""https://maps.google.com/?cid=15821520734729613945"">Google</a>",,"<a href=""https://untappd.com/brewery/32360"">Untappd</a>"
326,2024,Poiré,🥈 Argent,Breton Michel,Bio 2023,3309,Active,"<a href=""https://www.cidre-bretonmichel.com/"">Website</a>",,,"<a href=""https://maps.google.com/?cid=12939236238538332078"">Google</a>",,"<a href=""https://untappd.com/w/breton-michel/222629"">Untappd</a>"
327,2024,Poiré,🥈 Argent,Domaine des Hauts-Vents,Domaine des Hauts Vents 2023,2889,Active,"<a href=""http://hautsvents.com/"">Website</a>","<a href=""https://www.facebook.com/CidreriedomaineDesHautsVents"">Facebook</a>","<a href=""https://www.instagram.com/domainedeshautsvents/"">Instagram</a>","<a href=""https://maps.google.com/?cid=3890633221204655265"">Google</a>","<a href=""https://www.tripadvisor.com/Attraction_Review-g661275-d6654230"">TripAdvisor</a>","<a href=""https://untappd.com/w/domaine-des-hauts-vents/70064"">Untappd</a>"
