competition_id,year,url,file,kind,fetched_at,http_status,bytes,sha256,content_type,note
australian-cider-awards,2011,https://web.archive.org/web/20170218044229/http://www.cideraustralia.org.au/wp-content/uploads/2016/02/Results-Australian-Cider-Awards-20113.pdf,data/source/web/australian-cider-awards/2011/results-pdf.pdf,wayback,2026-09-13T20:06:58Z,200,392885,18c01e23d88c32ed0cf2038a3a840cfdb7b935d0c7356ee216b8483d266a7ca8,application/pdf,Wayback copy of 2011 results PDF linked from results page
australian-cider-awards,2011,https://web.archive.org/web/20180328161846/http://www.cideraustralia.org.au/past-results/2011-australian-cider-awards/,data/source/web/australian-cider-awards/2011/results.html,wayback,2026-09-13T20:06:54Z,200,25245,e97b5be4047354f4d6e2ba7158da375a3657aa2847fa6eafe7bf673622acdc26,text/html,Wayback copy of Cider Australia 2011 results page (trophies + medal list); original removed after site migration
australian-cider-awards,2012,https://web.archive.org/web/20180328161836/http://www.cideraustralia.org.au/past-results/2012-australian-cider-awards/,data/source/web/australian-cider-awards/2012/results.html,wayback,2026-09-13T20:07:22Z,200,32781,5a15f89cc813ea0a2fe2579ddeed8b8597abfca12d81ffe11fc30e46592529d6,text/html,Wayback copy of Cider Australia 2012 results page (full class-by-class medal table in HTML; no PDF published)
australian-cider-awards,2013,https://web.archive.org/web/20180328161822/http://www.cideraustralia.org.au/past-results/2013-australian-cider-awards/,data/source/web/australian-cider-awards/2013/results.html,wayback,2026-09-13T20:07:26Z,200,35043,449027b8d03c890a1f3320dfc684780fe96b3e35736a905a201bf35f4468fdce,text/html,Wayback copy of Cider Australia 2013 results page (full class-by-class medal table in HTML; no PDF published)
australian-cider-awards,2014,https://web.archive.org/web/20160314115202/http://www.cideraustralia.org.au/wp-content/uploads/2015/12/Australian-Cider-Awards-Results-Booklet-2014.pdf,data/source/web/australian-cider-awards/2014/results-pdf.pdf,wayback,2026-09-13T20:07:35Z,200,843146,48e2709a5ff507a28a354d362cf9bce09f9b19b3d8e890d37e761d6da5746300,application/pdf,Wayback copy of 2014 Australian Cider Awards Results Booklet PDF
australian-cider-awards,2014,https://web.archive.org/web/20180328161805/http://www.cideraustralia.org.au/past-results/2014-australian-cider-awards/,data/source/web/australian-cider-awards/2014/results.html,wayback,2026-09-13T20:07:31Z,200,28064,e457735bc162020800441127fa20bc5be445bfc766ce7cbf02c57b0f3fc4beed,text/html,Wayback copy of Cider Australia 2014 results page (trophies + best in class; links to booklet)
australian-cider-awards,2015,https://web.archive.org/web/20160314115157/http://www.cideraustralia.org.au/wp-content/uploads/2015/09/CiderAust-Awards-Booklet-Oct-2015-WEB-1.pdf,data/source/web/australian-cider-awards/2015/results-pdf.pdf,wayback,2026-09-13T20:07:45Z,200,1123295,fb1ff0036059b0873a1b6617fcaf2838c91943109666c2ad637d8740a42b8488,application/pdf,Wayback copy of 2015 Australian Cider Awards results booklet PDF
australian-cider-awards,2015,https://web.archive.org/web/20180328161751/http://www.cideraustralia.org.au/past-results/2015-australian-cider-awards/,data/source/web/australian-cider-awards/2015/results.html,wayback,2026-09-13T20:07:39Z,200,28053,cbacc39bd0d46671dd786a8555bce5db792100f114d9a5ea15dec36e90b8b5d2,text/html,Wayback copy of Cider Australia 2015 results page (trophies + best in class; links to booklet)
australian-cider-awards,2016,https://web.archive.org/web/20170218044215/http://www.cideraustralia.org.au/wp-content/uploads/2016/10/CiderAust-Awards-Booklet-07-Oct-2016-WEB-3.pdf,data/source/web/australian-cider-awards/2016/results-pdf.pdf,wayback,2026-09-13T20:08:02Z,200,884924,e24584b931f28b5a90412c20fc240f5ee324ff06b172bfaa529942b78fd8e534,application/pdf,Wayback copy of 2016 Australian Cider Awards results booklet PDF
australian-cider-awards,2016,https://web.archive.org/web/20180328161742/http://www.cideraustralia.org.au/past-results/2016-results/,data/source/web/australian-cider-awards/2016/results.html,wayback,2026-09-13T20:07:49Z,200,30254,a90055f07d098304f27f9f29acb40f9ddb431a7edfeb65e6644a6c8ecd095d44,text/html,Wayback copy of Cider Australia 2016 results page (trophies + best in class; links to booklet)
australian-cider-awards,2017,https://web.archive.org/web/20180328161733/http://www.cideraustralia.org.au/wp-content/uploads/2017/10/CiderAust-Awards-Booklet-27-Oct-2017-web-ART-2.pdf,data/source/web/australian-cider-awards/2017/results-pdf.pdf,wayback,2026-09-13T20:08:46Z,200,1369244,10909c9fe58f9c2e17e9247e10f82f31b875066252e821d7d72e0536aecd4900,application/pdf,Wayback copy of 2017 Australian Cider Awards results booklet PDF
australian-cider-awards,2017,https://web.archive.org/web/20190319175410/http://www.cideraustralia.org.au/past-results/2017-results/,data/source/web/australian-cider-awards/2017/results.html,wayback,2026-09-13T20:09:34Z,200,32017,6ecafd4a7dc25f501fde8a41331de766b768d29cc8290cdf9ebc79fec1dc8252,text/html,Wayback copy of Cider Australia 2017 results page (trophies + best in class; links to booklet); Google Maps browser API key in an embedded script URL replaced with AIza-REDACTED after capture
australian-cider-awards,2018,https://web.archive.org/web/20190314050558/http://www.cideraustralia.org.au/wp-content/uploads/2018/10/CiderAust-Awards-Booklet-1-Oct-2018-ART-WEB.pdf,data/source/web/australian-cider-awards/2018/results-pdf-original.pdf,wayback,2026-09-13T20:09:13Z,200,1583595,da81c12e54c5bb129c1c9908a8bf851cee78b65e7fdd2355a1c1f5a95a8a875d,application/pdf,Wayback copy of original (pre-revision) 2018 results booklet PDF
australian-cider-awards,2018,https://web.archive.org/web/20190319180324/http://www.cideraustralia.org.au/wp-content/uploads/2019/02/CiderAust-Awards-Booklet-1-Oct-2018-Revised-ART-WEB.pdf,data/source/web/australian-cider-awards/2018/results-pdf.pdf,wayback,2026-09-13T20:09:06Z,200,1572010,3c6de7ced533d9632eba3e241fdcac98d68532324dcde89f7b69cefd5bc0635f,application/pdf,"Wayback copy of 2018 results booklet PDF (Revised edition, Feb 2019)"
australian-cider-awards,2018,https://web.archive.org/web/20190301021536/http://www.cideraustralia.org.au/past-results/2018-results/,data/source/web/australian-cider-awards/2018/results.html,wayback,2026-09-13T20:08:50Z,200,38605,6fdacfd0f418ab3a152d7cd84350e1e53196389368fb8b4d00cdfe477fbd0f69,text/html,Wayback copy of Cider Australia 2018 results page (trophies + best in class; links to revised booklet)
australian-cider-awards,2019,https://web.archive.org/web/20200414210118/http://www.cideraustralia.org.au/wp-content/uploads/2019/11/CiderAust-Awards-Booklet-8-Nov-2019-WEB.pdf,data/source/web/australian-cider-awards/2019/results-pdf.pdf,wayback,2026-09-13T20:09:47Z,200,1774802,d464ab34df0524ea8a4b89bafa178cdca23acbf7fdea234402046c9033e7b0d9,application/pdf,Wayback copy of 2019 Australian Cider Awards results booklet PDF
australian-cider-awards,2019,https://web.archive.org/web/20200403112807/http://www.cideraustralia.org.au/ciderawards/2019-results/,data/source/web/australian-cider-awards/2019/results.html,wayback,2026-09-13T20:09:41Z,200,41196,65e7732f844a8391e2b736d7b9d89d0c1c999942a2d83f6f9da29f69045301ae,text/html,Wayback copy of Cider Australia 2019 results page; links to booklet; Google Maps browser API key in an embedded script URL replaced with AIza-REDACTED after capture
australian-cider-awards,2021,https://web.archive.org/web/20220303062019/https://www.cideraustralia.org.au/past-results/2021-results/,data/source/web/australian-cider-awards/2021/results.html,wayback,2026-09-13T20:09:51Z,200,62005,2366617062bc6d3243af03be989846062c26e5aa83f2bb31b53adc8659a85f5a,text/html,Wayback copy of Cider Australia 2021 results page; Google Maps browser API key in an embedded script URL replaced with AIza-REDACTED after capture
australian-cider-awards,2022,https://web.archive.org/web/20221119091727/https://cideraustralia.org.au/wp-content/uploads/2022/11/2022-Australian-Cider-Awards-Results-Booklet.pdf,data/source/web/australian-cider-awards/2022/results-pdf.pdf,wayback,2026-09-13T20:10:01Z,200,1207931,1239c13cfd01611148c307c4f68136ad46f10c91dc38cc75d9c5c8a94e0998e0,application/pdf,Wayback copy of 2022 Australian Cider Awards Results Booklet PDF
australian-cider-awards,2022,https://web.archive.org/web/20221206040446/https://www.cideraustralia.org.au/past-results/2022-results/,data/source/web/australian-cider-awards/2022/results.html,wayback,2026-09-13T20:09:56Z,200,66576,075e44e263a2d76527d9f14e2c0c5b37593863c2d70c833108daa5fada400174,text/html,Wayback copy of Cider Australia 2022 results page (trophies + best in class; links to booklet); Google Maps browser API key in an embedded script URL replaced with AIza-REDACTED after capture
australian-cider-awards,2023,https://web.archive.org/web/20231030092136/https://cideraustralia.org.au/wp-content/uploads/2023/10/2023-Australian-Cider-Awards-Results-Booklet-1.pdf,data/source/web/australian-cider-awards/2023/results-pdf.pdf,wayback,2026-09-13T20:10:12Z,200,1416209,4c6d500f455ee5fbdcb5b4162a7ff665432781bb200c6e8783a6af000d928d39,application/pdf,Wayback copy of 2023 Australian Cider Awards Results Booklet PDF
australian-cider-awards,2023,https://web.archive.org/web/20231110214129/https://www.cideraustralia.org.au/past-results/2023-results/,data/source/web/australian-cider-awards/2023/results.html,wayback,2026-09-13T20:10:06Z,200,66924,ac8fbfb82e3855176e61aca17a34360084a517d54619a0e70a17c4b3243f046d,text/html,Wayback copy of Cider Australia 2023 results page; Google Maps browser API key in an embedded script URL replaced with AIza-REDACTED after capture
australian-cider-awards,2024,https://web.archive.org/web/20241028220002/https://cideraustralia.org.au/wp-content/uploads/2024/10/2024-Australian-Cider-Awards-Results-Booklet-LR.pdf,data/source/web/australian-cider-awards/2024/results-pdf.pdf,wayback,2026-09-13T20:10:22Z,200,814055,d8040bc14ee9831eeaf7ad410486720c0f6db242c5257b3a757ac2e8ce10eb34,application/pdf,Wayback copy of 2024 Australian Cider Awards Results Booklet PDF (low-res web edition)
australian-cider-awards,2024,https://web.archive.org/web/20250114083542/https://www.cideraustralia.org.au/past-results/2024-results/,data/source/web/australian-cider-awards/2024/results.html,wayback,2026-09-13T20:10:17Z,200,72885,134a9fd81f7b1aff506c3d8ed0fc8a3236c719ad562002798237b065e75585b8,text/html,Wayback copy of Cider Australia 2024 results page (trophies + best in class; links to booklet)
australian-cider-awards,2025,https://mcusercontent.com/ba432230db100aa45deb928b6/files/075d8647-0cc0-6013-3729-21727ca574b4/2025_Australian_Cider_Awards_Results_FINAL.02.pdf,data/source/web/australian-cider-awards/2025/results-pdf.pdf,pdf,2026-09-13T20:11:46Z,200,3067629,9bd0c178f71fa8042fc7d05778a5ec217cebff7897c7db3d7333fa3bc47d5573,application/pdf,"2025 results booklet PDF hosted on Mailchimp (mcusercontent.com), linked from the Cider Australia 2025 awards results page"
australian-cider-awards,2025,https://web.archive.org/web/20251107003247/https://www.cideraustralia.org.au/ciderawards/2025-awards-results/,data/source/web/australian-cider-awards/2025/results.html,wayback,2026-09-13T20:10:27Z,200,74562,299aa0240555be0d8ec1c9de39235159e9db6b1e4e5a065535b863dbdc05aa0d,text/html,Wayback copy of Cider Australia 2025 awards results page
cidercraft-awards,2017,https://cidercraftmag.com/winners-2017-cidercraft-awards-results/,data/source/web/cidercraft-awards/2017/results.html,official,2026-09-13T20:00:58Z,200,506086,0f20b51a90b99bf351abf6c3095b67a562c3aa362415a81b334fd0f8a98ac13e,text/html,2017 (1st annual) Cidercraft Awards winners page
cidercraft-awards,2018,https://cidercraftmag.com/announcing-the-2018-cidercraft-awards-winners/,data/source/web/cidercraft-awards/2018/results.html,official,2026-09-13T20:01:01Z,200,502190,2cf441935e8f36e7cef5e9086ded1be00601002af29a8389c3fd18f8c2811665,text/html,2018 (2nd annual) Cidercraft Awards winners page
cidercraft-awards,2019,https://cidercraftmag.com/2019-cidercraft-awards-winners/,data/source/web/cidercraft-awards/2019/results.html,official,2026-09-13T19:59:45Z,200,506760,fae5554ff295ac2b91b0f6ea6f0c2f8ffc486e216ed49474f310afcf0742db6b,text/html,2019 Cidercraft Awards winners page
cidercraft-awards,2022,https://cidercraftmag.com/announcing-the-fifth-annual-cidercraft-awards-winners/,data/source/web/cidercraft-awards/2022/results.html,official,2026-09-13T20:00:19Z,200,505648,0fb6a98c1693550da3c4d8794e990df00b1e309e66b78e7aabfbcd3b827dee48,text/html,2022 (5th annual) Cidercraft Awards winners page
cidercraft-awards,2023,https://cidercraftmag.com/announcing-the-sixth-annual-cidercraft-awards-winners/,data/source/web/cidercraft-awards/2023/results.html,official,2026-09-13T20:01:03Z,200,509847,4eab6d9ae0d3a3567470874266d3c217bad55ef41eaa32b7f2701ed34bae062b,text/html,2023 (6th annual) Cidercraft Awards winners page
cidercraft-awards,2024,https://cidercraftmag.com/announcing-the-winners-of-the-7th-annual-cidercraft-awards/,data/source/web/cidercraft-awards/2024/results.html,official,2026-09-13T20:01:05Z,200,533750,fe98f5cbd1cc408c059ff04da884c73de6e82322d4bb3c843d6e53678a980641,text/html,2024 (7th annual) Cidercraft Awards winners page
cidercraft-awards,2025,https://cidercraftmag.com/announcing-the-winners-of-the-8th-annual-cidercraft-awards/,data/source/web/cidercraft-awards/2025/results.html,official,2026-09-12T02:13:09Z,200,531756,a94200b00a9e5403fbda270ed09e004180f4eea070fcddf96b0f1028a01fb960,text/html,captured in an earlier session (2026-09-11); URL taken from the page's canonical link
cidercraft-awards,2026,https://cidercraftmag.com/innovation-and-craftsmanship-shine-at-the-9th-annual-cidercraft-awards/,data/source/web/cidercraft-awards/2026/results.html,official,2026-09-12T02:10:50Z,200,478210,f72b45c7a0a273d67a01ba9f22aa1423be7a817707c2b2e39f7ead080e8c5404,text/html,captured in an earlier session (2026-09-11); URL taken from the page's canonical link
cidercraft-awards,2026,https://sipmagazine.com/announcing-the-9th-annual-cidercraft-award-winners/,data/source/web/cidercraft-awards/2026/sip.html,official,2026-09-12T02:11:03Z,200,595533,a9a9fd02ed4e68ae1d3795c69eeaac56644e744b4f901086c1df9f2ad8f185ed,text/html,"9th annual, full list via Sip Magazine; captured in an earlier session; parsed by cidercraft_web"
ciderworld-awards,2018,https://web.archive.org/web/20210916221019/https://cider-world.de/en/awards18/,data/source/web/ciderworld-awards/2018/results.html,wayback,2026-09-13T20:11:45Z,200,94235,4c128a6ca65920c55f19a147d19ae74b42024930626ab03bbd2e590bc77e1359,text/html,"CiderWorld Award 2018 results page (EN), Wayback 2021-09-16; live URL now 404"
ciderworld-awards,2019,https://web.archive.org/web/20210916224240/https://cider-world.de/en/awards19/,data/source/web/ciderworld-awards/2019/results.html,wayback,2026-09-13T20:11:50Z,200,95481,33d0225d3d06a979c60941ad7930023a63044916d9909ef4769b527e502a8207,text/html,"CiderWorld Award 2019 results page (EN), Wayback 2021-09-16; live URL now 404"
ciderworld-awards,2020,https://web.archive.org/web/20210916210907/https://cider-world.de/en/awards20/,data/source/web/ciderworld-awards/2020/results.html,wayback,2026-09-13T20:11:54Z,200,94777,89310b12ece84cdb5bb5879c3e8ec2fcc9121d6ba6a80532e9773ab7b7cfed5c,text/html,"CiderWorld Award 2020 results page (EN), Wayback 2021-09-16; live URL now 404"
ciderworld-awards,2021,https://web.archive.org/web/20210916214533/https://cider-world.de/en/awards21/,data/source/web/ciderworld-awards/2021/results.html,wayback,2026-09-13T20:11:58Z,200,95843,f469888a4430296e9887aa5b705a2e7c83673b1dc926992f4fce399106a1f3e7,text/html,"CiderWorld Award 2021 results page (EN), Wayback 2021-09-16; live URL now 404"
ciderworld-awards,2022,https://cider-world.de/wp-content/uploads/2022/06/K1.pdf,data/source/web/ciderworld-awards/2022/k1-pdf.pdf,pdf,2026-09-13T20:09:02Z,200,495530,7450a318aae68a1f4ad4c0d637cac338efdd8f0e8bb979ed58e1efeb165fbfbe,application/pdf,CiderWorld Award 2022 category K1 ranking PDF (live site)
ciderworld-awards,2022,https://cider-world.de/wp-content/uploads/2022/06/K2.pdf,data/source/web/ciderworld-awards/2022/k2-pdf.pdf,pdf,2026-09-13T20:09:04Z,200,541844,1e0193855e596269c08dc3c910a6045c62149eb4e8e4737ff6cd37230dc3f71a,application/pdf,CiderWorld Award 2022 category K2 ranking PDF (live site)
ciderworld-awards,2022,https://cider-world.de/wp-content/uploads/2022/06/K3.pdf,data/source/web/ciderworld-awards/2022/k3-pdf.pdf,pdf,2026-09-13T20:09:07Z,200,491202,627f4ef78aba075f04962d3de48652fd76e63a978e9a8d12fbe7229a97f8ad6a,application/pdf,CiderWorld Award 2022 category K3 ranking PDF (live site)
ciderworld-awards,2022,https://cider-world.de/wp-content/uploads/2022/06/K4.pdf,data/source/web/ciderworld-awards/2022/k4-pdf.pdf,pdf,2026-09-13T20:09:09Z,200,500727,c9f904419337b186338d024542e520e3d0258c27fcda17aff837927b7a3ee651,application/pdf,CiderWorld Award 2022 category K4 ranking PDF (live site)
ciderworld-awards,2022,https://cider-world.de/wp-content/uploads/2022/06/K5.pdf,data/source/web/ciderworld-awards/2022/k5-pdf.pdf,pdf,2026-09-13T20:09:12Z,200,492518,ee89aff07a40aefea5b1371ec796f5924692a8bccbafb10d62595e04b15b6b96,application/pdf,CiderWorld Award 2022 category K5 ranking PDF (live site)
ciderworld-awards,2022,https://cider-world.de/wp-content/uploads/2022/06/K6.pdf,data/source/web/ciderworld-awards/2022/k6-pdf.pdf,pdf,2026-09-13T20:09:14Z,200,492254,75f588d2723ee2cfdb77a6764d157457b127bb6798019bd4ed5e416a19dca0d5,application/pdf,CiderWorld Award 2022 category K6 ranking PDF (live site)
ciderworld-awards,2022,https://cider-world.de/wp-content/uploads/2022/06/K7.pdf,data/source/web/ciderworld-awards/2022/k7-pdf.pdf,pdf,2026-09-13T20:09:16Z,200,477538,27f333307842f085d9ecc7377aec5a0ff4fbfd893b8e179964d2e2d31ce5d211,application/pdf,CiderWorld Award 2022 category K7 ranking PDF (live site)
ciderworld-awards,2022,https://web.archive.org/web/20221001170059/https://cider-world.de/en/award-2022-2/,data/source/web/ciderworld-awards/2022/results.html,wayback,2026-09-13T20:12:03Z,200,184882,d6c73064d1a2202b65c3955c53d8f21735bd6fcce3b47351adb839b280da8253,text/html,"CiderWorld Award 2022 results index page (EN) linking K1-K7 PDFs, Wayback 2022-10-01; live URL now 404"
ciderworld-awards,2023,https://cider-world.de/wp-content/uploads/2023/04/DessertFortified.pdf,data/source/web/ciderworld-awards/2023/dessert-fortified-pdf.pdf,pdf,2026-09-13T20:09:30Z,200,954631,1ded2de2586d7e293ecfede84d7a46db60ff5f15c67ceb99ff31443918dfb834,application/pdf,CiderWorld Award 2023 DessertFortified category ranking PDF (live site)
ciderworld-awards,2023,https://cider-world.de/wp-content/uploads/2023/04/MixedFlavoured.pdf,data/source/web/ciderworld-awards/2023/mixed-flavoured-pdf.pdf,pdf,2026-09-13T20:09:33Z,200,1367459,754a35494421be960efa736e122f943c7923273f8690bab8e70abd505fe56647,application/pdf,CiderWorld Award 2023 MixedFlavoured category ranking PDF (live site)
ciderworld-awards,2023,https://cider-world.de/wp-content/uploads/2023/04/NonAlcoholic.pdf,data/source/web/ciderworld-awards/2023/non-alcoholic-pdf.pdf,pdf,2026-09-13T20:09:36Z,200,983363,f9b6ffdd2a51908db0b558fb6886b053ebf3393909c5f064e0ae39cdc1cac6c3,application/pdf,CiderWorld Award 2023 NonAlcoholic category ranking PDF (live site)
ciderworld-awards,2023,https://web.archive.org/web/20230607161238/https://cider-world.de/en/award-2023-2/,data/source/web/ciderworld-awards/2023/results.html,wayback,2026-09-13T20:12:08Z,200,142442,ef3e34b73c7b8c8654d365ab485e36f1c8270810441df26b5e8b04b82a90d792,text/html,"CiderWorld Award 2023 results index page (EN) linking category PDFs, Wayback 2023-06-07; live URL now 404"
ciderworld-awards,2023,https://cider-world.de/wp-content/uploads/2023/04/Sparkling.pdf,data/source/web/ciderworld-awards/2023/sparkling-pdf.pdf,pdf,2026-09-13T20:09:27Z,200,3934131,4e52ff918d44532d9fd51ad5b41ab10e06b46ccd4aba4415800d4d8506a1c32c,application/pdf,CiderWorld Award 2023 Sparkling category ranking PDF (live site)
ciderworld-awards,2023,https://cider-world.de/wp-content/uploads/2023/04/Spirit.pdf,data/source/web/ciderworld-awards/2023/spirit-pdf.pdf,pdf,2026-09-13T20:09:39Z,200,722288,729e89e15c51686f46ae782477420b4277a4b1d6599a10cd1dbacbb5de0200b6,application/pdf,CiderWorld Award 2023 Spirit category ranking PDF (live site)
ciderworld-awards,2023,https://cider-world.de/wp-content/uploads/2023/04/Still.pdf,data/source/web/ciderworld-awards/2023/still-pdf.pdf,pdf,2026-09-13T20:09:21Z,200,2321399,0f2ed3c8a0aa038a1035ee8c7761fc43a59963d6ddb2432d3827e8d329c05c1e,application/pdf,CiderWorld Award 2023 Still category ranking PDF (live site)
ciderworld-awards,2024,https://cider-world.de/wp-content/uploads/2024/04/Rangliste_Dessert.pdf,data/source/web/ciderworld-awards/2024/dessert-pdf.pdf,pdf,2026-09-13T20:10:06Z,200,2036821,1f9256448924cf47d7eed39b5fbd1b76c5276fd313074239f6f5897907fec0e6,application/pdf,CiderWorld Award 2024 Rangliste_Dessert PDF (live site)
ciderworld-awards,2024,https://cider-world.de/wp-content/uploads/2024/04/Rangliste_Flavoured.pdf,data/source/web/ciderworld-awards/2024/flavoured-pdf.pdf,pdf,2026-09-13T20:10:00Z,200,2043308,80f48e572973dfc4d8f84cf4a2b8cc00d98dcd4f616667fce97bbcc351598784,application/pdf,CiderWorld Award 2024 Rangliste_Flavoured PDF (live site)
ciderworld-awards,2024,https://web.archive.org/web/20240621100444/https://cider-world.de/award/,data/source/web/ciderworld-awards/2024/results.html,wayback,2026-09-13T20:13:17Z,200,187806,b052e5e7bb978a5c0f11ec652ffafd9224199e979fb591fb8e1843cf513e5f72,text/html,"CiderWorld Award 2024 results index page (DE) linking Rangliste_*.pdf, Wayback 2024-06-21; live URL now 404"
ciderworld-awards,2024,https://cider-world.de/wp-content/uploads/2024/04/Rangliste_Sparkling.pdf,data/source/web/ciderworld-awards/2024/sparkling-pdf.pdf,pdf,2026-09-13T20:09:55Z,200,4038833,bb361d8ad519c68f3a5fb9be1faa65c8107bee2364821b1d955c7c171c42c2af,application/pdf,CiderWorld Award 2024 Rangliste_Sparkling PDF (live site)
ciderworld-awards,2024,https://cider-world.de/wp-content/uploads/2024/04/Rangliste_Spirit.pdf,data/source/web/ciderworld-awards/2024/spirit-pdf.pdf,pdf,2026-09-13T20:11:02Z,200,1706192,31f81e32a33c8529e55a98fa0c42753f7fb35e0e4d14baec95416d9c68df73ca,application/pdf,CiderWorld Award 2024 Rangliste_Spirit PDF (live site)
ciderworld-awards,2024,https://cider-world.de/wp-content/uploads/2024/04/Rangliste_Still.pdf,data/source/web/ciderworld-awards/2024/still-pdf.pdf,pdf,2026-09-13T20:09:47Z,200,3995057,f5567ce23a9e9871e066f1b693bf73bf5bc41f17aecfb92e4cbddf8f7dba0284,application/pdf,CiderWorld Award 2024 Rangliste_Still PDF (live site)
ciderworld-awards,2025,https://cider-world.de/wp-content/uploads/2025/04/Ranglisten_Dessert.pdf,data/source/web/ciderworld-awards/2025/dessert-pdf.pdf,pdf,2026-09-13T20:10:27Z,200,2051662,e1555119264ace22ae2ac83cd2ddf2fba7efc548a75254f50607ac3396a504ea,application/pdf,CiderWorld Award 2025 Ranglisten_Dessert PDF (live site)
ciderworld-awards,2025,https://cider-world.de/wp-content/uploads/2025/04/Ranglisten_Mixed.pdf,data/source/web/ciderworld-awards/2025/mixed-pdf.pdf,pdf,2026-09-13T20:10:22Z,200,2081771,8d36dae162867eaa041acf80935a457f53856bfac38e4db454239b9b5396d9a6,application/pdf,CiderWorld Award 2025 Ranglisten_Mixed PDF (live site)
ciderworld-awards,2025,https://cider-world.de/wp-content/uploads/2025/04/Ranglisten_NonAlcoholic.pdf,data/source/web/ciderworld-awards/2025/non-alcoholic-pdf.pdf,pdf,2026-09-13T20:10:30Z,200,1091556,322c502f9c94bc8d0cf17aeb71b9b49f6ad633c43db70615bae4711e6bca2de0,application/pdf,CiderWorld Award 2025 Ranglisten_NonAlcoholic PDF (live site)
ciderworld-awards,2025,https://web.archive.org/web/20251210151506/https://cider-world.de/en/2025-award-eng/,data/source/web/ciderworld-awards/2025/results.html,wayback,2026-09-13T20:12:18Z,200,129090,09d6679f2c14037227089caf2d5d75d8579f39dd724a822d4b11202828cf0277,text/html,"CiderWorld Award 2025 results index page (EN) linking Ranglisten_*.pdf, Wayback 2025-12-10; live URL now 404"
ciderworld-awards,2025,https://cider-world.de/wp-content/uploads/2025/04/Ranglisten_Sparkling.pdf,data/source/web/ciderworld-awards/2025/sparkling-pdf.pdf,pdf,2026-09-13T20:10:18Z,200,2177425,e1a324b2eb06ffc42ab468722eafd95f5880554771e7de60e4789a1d98bae82f,application/pdf,CiderWorld Award 2025 Ranglisten_Sparkling PDF (live site)
ciderworld-awards,2025,https://cider-world.de/wp-content/uploads/2025/04/Ranglisten_Spirit.pdf,data/source/web/ciderworld-awards/2025/spirit-pdf.pdf,pdf,2026-09-13T20:10:33Z,200,445630,e6bd5705cb4f8a950753cb67da2fe2ac6584c02b1569bebb59aee74774760793,application/pdf,CiderWorld Award 2025 Ranglisten_Spirit PDF (live site)
ciderworld-awards,2025,https://cider-world.de/wp-content/uploads/2025/04/Ranglisten_Still.pdf,data/source/web/ciderworld-awards/2025/still-pdf.pdf,pdf,2026-09-13T20:10:14Z,200,2105631,5370d60b25c4948ff8aa1ca6935f2897eeea286b03f1e4cdc3128cbb90504c64,application/pdf,CiderWorld Award 2025 Ranglisten_Still PDF (live site)
ciderworld-awards,2026,https://cider-world.de/wp-content/uploads/2026/04/04-Dessert-Fortified-Ciders-2026.pdf,data/source/web/ciderworld-awards/2026/dessert-fortified-pdf.pdf,pdf,2026-09-13T20:10:41Z,200,267279,aea61ec065da2e7e8222f16a1b4d591a277ee3e67f2d61a3ffe54b6104057b69,application/pdf,CiderWorld Award 2026 04-Dessert-Fortified-Ciders ranking PDF (live site)
ciderworld-awards,2026,https://cider-world.de/wp-content/uploads/2026/04/03-Mixed-Flavoured-Ciders-2026.pdf,data/source/web/ciderworld-awards/2026/mixed-flavoured-pdf.pdf,pdf,2026-09-13T20:10:39Z,200,309131,151db9a17e2ba3de4a13d6657587d5c253bd11e256a1fcf6f591d674e2412d1c,application/pdf,CiderWorld Award 2026 03-Mixed-Flavoured-Ciders ranking PDF (live site)
ciderworld-awards,2026,https://cider-world.de/wp-content/uploads/2026/04/05-Non-Alcoholic-Ciders-2026.pdf,data/source/web/ciderworld-awards/2026/non-alcoholic-pdf.pdf,pdf,2026-09-13T20:10:43Z,200,305535,a502689dee56efba76c4e1ce5e7488d448410300f12f146467c47def403e18bd,application/pdf,CiderWorld Award 2026 05-Non-Alcoholic-Ciders ranking PDF (live site)
ciderworld-awards,2026,https://cider-world.de/en/start/,data/source/web/ciderworld-awards/2026/results.html,official,2026-09-13T20:14:14Z,200,137328,6cafc2d4ab3a5a889085a97de1bd310b5d351827a03bfe71bc05e2182aac7a9d,text/html,CiderWorld Award 2026 results section on live site (EN start page) linking 6 category ranking PDFs; no separate award page exists on the live site
ciderworld-awards,2026,https://cider-world.de/wp-content/uploads/2026/04/02-Sparkling-Ciders-2026.pdf,data/source/web/ciderworld-awards/2026/sparkling-pdf.pdf,pdf,2026-09-13T20:10:37Z,200,297073,66d3bd24925f48faf2e86b8ce9601082c7f11d3377756a36a2de9ec36ba65403,application/pdf,CiderWorld Award 2026 02-Sparkling-Ciders ranking PDF (live site)
ciderworld-awards,2026,https://cider-world.de/wp-content/uploads/2026/04/06-Sparkling-Perry-2026.pdf,data/source/web/ciderworld-awards/2026/sparkling-perry-pdf.pdf,pdf,2026-09-13T20:10:45Z,200,304483,813ac68da92e4f04717d68d01b18ea9d3eb5b5b8cc575e3c339405778a47c211,application/pdf,CiderWorld Award 2026 06-Sparkling-Perry ranking PDF (live site)
ciderworld-awards,2026,https://cider-world.de/wp-content/uploads/2026/04/01-Still-Ciders-2026.pdf,data/source/web/ciderworld-awards/2026/still-pdf.pdf,pdf,2026-09-13T20:10:35Z,200,310848,e62cee4d4a2008166381daa0baddea4b0ce915ee13919435425dd2630b631b57,application/pdf,CiderWorld Award 2026 01-Still-Ciders ranking PDF (live site)
concours-des-cidres-de-normandie,2020,https://web.archive.org/web/20201026222620/https://www.maison-cidricole-normandie.fr/palmares-du-concours-des-cidres-normandie-2020,data/source/web/concours-des-cidres-de-normandie/2020/results.html,wayback,2026-09-13T20:07:47Z,200,194108,7bfbe39678d31d2fa9eae7a72b23a4044da203e8d4083df8bd69e92a0e5069fe,text/html,"Palmarès du Concours des Cidres Normandie 2020, page officielle Maison Cidricole de Normandie (copie Wayback; site en direct bloque curl via Cloudflare)"
concours-des-cidres-de-normandie,2021,https://www.agriculteur-normand.com/78-medailles-pour-les-cidriculteurs-normands,data/source/web/concours-des-cidres-de-normandie/2021/press.html,press,2026-09-15T12:51:37Z,200,94731,dfb7d2cab988839e15e44467e94c02936228263fbbb244fefe9c50b6552f4dc4,text/html,"L'Agriculteur Normand, 12 July 2021: full list of the 2021 laureates (24 gold, 54 silver)"
concours-des-cidres-de-normandie,2021,https://web.archive.org/web/20240626193050/https://www.maison-cidricole-normandie.fr/sites/default/files/2021-07/Brochure%202021%20VDEF.pdf,data/source/web/concours-des-cidres-de-normandie/2021/results-pdf.pdf,wayback,2026-09-15T12:49:07Z,200,1626998,41ffe31b2fe220eb9fdf4c2c9b71d67619b0e9cfe7da0de6d833b2af473ea661,application/pdf,"Brochure 2021 (palmarès) PDF linked from the MCN 2021 page; live site returns 403 to non-browser clients, Wayback copy 2024-06-26 (the 2022-01-20 copy is truncated)"
concours-des-cidres-de-normandie,2021,https://web.archive.org/web/20210802182156/https://www.maison-cidricole-normandie.fr/palmares-du-concours-des-cidres-normandie-2021,data/source/web/concours-des-cidres-de-normandie/2021/results.html,wayback,2026-09-13T20:07:49Z,200,67401,138a3f6401fa182aa83a46810a860f1e823464d58bb0e157dc9e502a72c3328e,text/html,"Palmarès du Concours des Cidres Normandie 2021, page officielle MCN (copie Wayback; site en direct bloque curl via Cloudflare)"
concours-des-cidres-de-normandie,2022,https://web.archive.org/web/20220819144116/https://www.maison-cidricole-normandie.fr/sites/default/files/2022-06/R%C3%A9sultats%20Concours%20des%20Cidres%20de%20Normandie%202022.pdf,data/source/web/concours-des-cidres-de-normandie/2022/results-pdf.pdf,wayback,2026-09-13T20:11:56Z,200,99116,9c8d9eda4280ce6679e63f59680b98c8b92116d6658b7157e36e62700a17c4e9,application/pdf,"Résultats Concours des Cidres de Normandie 2022 (PDF), copie Wayback"
concours-des-cidres-de-normandie,2022,https://web.archive.org/web/20230328154340/https://www.maison-cidricole-normandie.fr/palmares-du-concours-des-cidres-normandie-2022,data/source/web/concours-des-cidres-de-normandie/2022/results.html,wayback,2026-09-13T20:07:50Z,200,67368,5c8de3b63d509b42f9d04180931e7d7548750ac5ec0bbc34daa4fd3c01a696cb,text/html,"Palmarès du Concours des Cidres Normandie 2022, page officielle MCN (copie Wayback; site en direct bloque curl via Cloudflare)"
concours-des-cidres-de-normandie,2023,https://web.archive.org/web/20240804052901/https://www.maison-cidricole-normandie.fr/sites/default/files/brochure-palmar%C3%A8s%20VDEF.pdf,data/source/web/concours-des-cidres-de-normandie/2023/brochure-pdf.pdf,wayback,2026-09-15T12:49:11Z,200,24843682,1e0ea59f565a458bf08cb7c3a43a81f4d936c3cc15cc699cf7409f05e4270c6e,application/pdf,"Les lauréats du Concours des Cidres de Normandie 2023 brochure (20e édition), Wayback 2024-08-04"
concours-des-cidres-de-normandie,2023,https://web.archive.org/web/20230930183223/https://www.maison-cidricole-normandie.fr/sites/default/files/2023-06/R%C3%A9sultats_2023.pdf,data/source/web/concours-des-cidres-de-normandie/2023/results-pdf.pdf,wayback,2026-09-13T20:09:01Z,200,716886,0e3eb4f5473110135169c98da1935620cc3cd158fa139dec73c0f399bcdefec7,application/pdf,"Résultats 2023 (PDF), copie Wayback"
concours-des-cidres-de-normandie,2023,https://web.archive.org/web/20230930184211/https://www.maison-cidricole-normandie.fr/palmares-du-concours-des-cidres-normandie-2023,data/source/web/concours-des-cidres-de-normandie/2023/results.html,wayback,2026-09-13T20:08:46Z,200,67382,ea7c576129e787da9347bd3bf366e514833419c6eafa4819594de75ca65c5a43,text/html,"Palmarès du Concours des Cidres Normandie 2023, page officielle MCN (copie Wayback; site en direct bloque curl via Cloudflare)"
concours-des-cidres-de-normandie,2024,https://web.archive.org/web/20240716051112/https://www.maison-cidricole-normandie.fr/article/concours-des-cidres-de-normandie-2024-retrouvez-tous-les-resultats,data/source/web/concours-des-cidres-de-normandie/2024/article.html,wayback,2026-09-15T12:50:32Z,200,84664,96c50153a2b488431eb2b477d0757e489bfea0e95748454042d3e281424b958f,text/html,"MCN news article 'retrouvez tous les résultats' 2024, Wayback 2024-07-16 (live site is behind Cloudflare)"
concours-des-cidres-de-normandie,2024,https://web.archive.org/web/20241113085618/https://www.maison-cidricole-normandie.fr/palmares-du-concours-des-cidres-normandie-2024,data/source/web/concours-des-cidres-de-normandie/2024/results.html,wayback,2026-09-13T20:07:55Z,200,67932,bf10d1f91fe34620433a8c2880aa3dbbe6273d95660a23965dde3be82e077f5e,text/html,"Palmarès du Concours des Cidres Normandie 2024, page officielle MCN (copie Wayback; site en direct bloque curl via Cloudflare)"
concours-des-cidres-de-normandie,2025,https://web.archive.org/web/20250812173308/https://www.maison-cidricole-normandie.fr/sites/default/files/2025-04/Concours%20des%20Cidres%20de%20Normandie%202025%20-%20Palmar%C3%A8s.pdf,data/source/web/concours-des-cidres-de-normandie/2025/results-pdf.pdf,wayback,2026-09-13T20:13:29Z,200,142710,0ceccae7bcb779704a891b1d81d481fd034e40b6c47a65dbe995d0b50e80bd4f,application/pdf,"Palmarès PDF du Concours des Cidres de Normandie 2025, copie Wayback"
concours-des-cidres-de-normandie,2025,https://web.archive.org/web/20250720190943/https://www.maison-cidricole-normandie.fr/article/concours-des-cidres-de-normandie-2025-retrouvez-tous-les-resultats,data/source/web/concours-des-cidres-de-normandie/2025/results.html,wayback,2026-09-13T20:13:28Z,200,84505,5b0c6f35ddfd024de3d4abfe9055bca3d13b2ee07bb9838279a65a409ee07014,text/html,"Concours des Cidres de Normandie 2025 : retrouvez tous les résultats (article officiel MCN), copie Wayback; site en direct bloque curl via Cloudflare"
concours-des-cidres-de-normandie,2026,https://www.cuisine-et-des-tendances.com/2026/06/23/concours-des-cidres-de-normandie-2026/,data/source/web/concours-des-cidres-de-normandie/2026/results.html,press,2026-09-15T12:51:00Z,200,183099,c51cc69eeb489e4815288ad22b048bc8266c6456615a149a214261005588d988,text/html,Full 2026 palmarès reproduced by Cuisine & des Tendances; the MCN site is behind Cloudflare and its 2026 article is not yet archived
concours-general-agricole,2017,https://cuisinealouest.com/les-medailles-bretons-du-concours-agricole-2017/,data/source/web/concours-general-agricole/2017/bretagne-press.html,press,2026-09-15T13:04:13Z,200,72087,f6352ccc41a7300d7a17eb8adc74261958bc270e5f51406ed5d11e21f0b2ec2e,text/html,Cuisine a l'ouest: list of Breton medalists at CGA 2017 (Brittany only; cidres/poires/pommeaux included)
concours-general-agricole,2017,https://web.archive.org/web/20170611233010/http://www.concours-agricole.com/documents/pdf/2017_NEWREG_7.pdf,data/source/web/concours-general-agricole/2017/hauts-de-france-pdf.pdf,wayback,2026-09-15T13:06:18Z,200,246218,4db1f0dc4b7409ffb43f18ae28d9924dd5b4067958e55c74f00c2554b6872208,application/pdf,"Official CGA palmares PDF 'Region : Hauts-de-France 2017' from the old concours-agricole.com site, via Wayback (1 dataset medalist from HdF)"
concours-general-agricole,2017,https://web.archive.org/web/20170602174941/http://www.concours-agricole.com/documents/pdf/2017_NEWREG_9.pdf,data/source/web/concours-general-agricole/2017/normandie-pdf.pdf,wayback,2026-09-15T13:06:17Z,200,315775,8df3c7df60b16bde37e7ab3fd39b809c892de6a9256459ff9e74273f3eaf7fa5,application/pdf,"Official CGA palmares PDF 'Region : Normandie 2017' (all product concours) from the old concours-agricole.com site, via Wayback"
concours-general-agricole,2018,https://cuisinealouest.com/concours-general-agricole-2018-les-produits-bretons/,data/source/web/concours-general-agricole/2018/bretagne-press.html,press,2026-09-15T13:04:15Z,200,57671,8335ae1d64c539df54a29c5c622b49c362f3c65f75a13efdf37fe07a6e9a45b7,text/html,Cuisine a l'ouest: Breton products medalled at CGA 2018 (Brittany only)
concours-general-agricole,2019,https://www.saveurs-de-normandie.fr/wp-content/uploads/2019/02/Resultats-CGA-Produits-Saveurs-de-Normandie-2019.pdf,data/source/web/concours-general-agricole/2019/normandie-sdn-pdf.pdf,press,2026-09-15T13:04:18Z,200,454655,208c18652de503570f99cbe2efa26b4ed7390b97f09b0def69ad8ed6ee3a7681,application/pdf,Saveurs de Normandie: CGA 2019 medals for Saveurs de Normandie-labelled products (partial Normandy list)
concours-general-agricole,2020,https://www.maisoncidricoledebretagne.bzh/wp-content/uploads/2020/03/Palmares-Paris-2020.pdf,data/source/web/concours-general-agricole/2020/bretagne-mcb-pdf.pdf,press,2026-09-15T13:04:16Z,200,470891,75c2c4394150e650758a644d92de6d348ed0cf15a83fa51d542ba2f80ea300b9,application/pdf,Maison Cidricole de Bretagne: CGA 2020 laureates among its members (Brittany cider/poire/pommeau only)
concours-general-agricole,2020,https://www.saveurs-de-normandie.fr/wp-content/uploads/2020/03/Palmares_CGA_SDN_2020.pdf,data/source/web/concours-general-agricole/2020/normandie-sdn-pdf.pdf,press,2026-09-15T13:04:17Z,200,191058,b20e5117d3aa1e352449aec4094ccbdc1d0bb023dd7c639812e0d9f5835a1912,application/pdf,Saveurs de Normandie: CGA 2020 medals for Saveurs de Normandie-labelled products (partial Normandy list)
concours-general-agricole,2023,http://agro-mundi.com/wp-content/uploads/2023/03/cidres-et-poires-toutes-regions-concours-general-agricole-SIA-2023.pdf,data/source/web/concours-general-agricole/2023/cidres-poires-pdf.pdf,pdf,2026-09-15T12:57:12Z,200,674431,42175e0010ed22d28f1c9a7d62438620bc7cbcb6c5a0e6990480615f169f16e7,application/pdf,"Official CGA palmares export PDF 'Produits, Concours Cidres et Poires 2023' (all regions), republished by agro-mundi.com; CGA API itself requires a subscription key"
concours-general-agricole,2023,https://palmares.concours-general-agricole.fr/,data/source/web/concours-general-agricole/2023/cidres-poires.xlsx,export,2026-09-19T14:31:46Z,,12758,515b3ddcc27ea5328425f44c95ca3490a1026da6072a73ca2a6327e1c78ce5e5,application/vnd.openxmlformats-officedocument.spreadsheetml.sheet,"Official 'Concours Produit 2023, Cidres et Poirés' palmarès, exported by hand from the palmarès app; its API needs the site's own subscription key, so this cannot be re-fetched by script"
concours-general-agricole,2023,https://agro-mundi.com/concours-general-agricole-sia-2023/,data/source/web/concours-general-agricole/2023/results.html,press,2026-09-15T12:57:15Z,200,746458,5f75595a69bc8597aa413ffd2efb6b9b648f91b1580eef70d9e41547323442cc,text/html,"agro-mundi.com SIA 2023 CGA palmares post linking the official export PDFs (cidres et poires, bretagne, etc.)"
concours-general-agricole,2024,http://agro-mundi.com/wp-content/uploads/2024/03/BRETAGNE.pdf,data/source/web/concours-general-agricole/2024/bretagne-pdf.pdf,pdf,2026-09-15T12:57:16Z,200,1194232,93edf776057c1cf63b7cb372abdd6c115fc951dbdb0977579dc22d216ad37458,application/pdf,"Official CGA palmares export PDF 'Produits, Bretagne 2024' (all product concours, incl. cidres/poires), republished by agro-mundi.com"
concours-general-agricole,2024,https://palmares.concours-general-agricole.fr/,data/source/web/concours-general-agricole/2024/cidres-poires.xlsx,export,2026-09-19T14:31:46Z,,12256,bf92e2cfb9e69f37801e7310b1d14c6b30add93be79b26946033629ec784643d,application/vnd.openxmlformats-officedocument.spreadsheetml.sheet,"Official 'Concours Produit 2024, Cidres et Poirés' palmarès, exported by hand from the palmarès app; its API needs the site's own subscription key, so this cannot be re-fetched by script"
concours-general-agricole,2024,http://agro-mundi.com/wp-content/uploads/2024/03/GRAND-EST.pdf,data/source/web/concours-general-agricole/2024/grand-est-pdf.pdf,pdf,2026-09-15T12:57:20Z,200,1037337,dce34c0d3992fb0e398686b8e2743e699024c9ddd99f7476b3a3539a35a55be7,application/pdf,"Official CGA palmares export PDF 'Produits, Grand Est 2024', republished by agro-mundi.com (1 dataset medalist from Grand Est)"
concours-general-agricole,2024,http://agro-mundi.com/wp-content/uploads/2024/03/NORMANDIE.pdf,data/source/web/concours-general-agricole/2024/normandie-pdf.pdf,pdf,2026-09-15T12:57:17Z,200,1149854,f7a364aecaec0fd527d4e33549325d17353339b7c25c349658a9ba6f8cda8d5d,application/pdf,"Official CGA palmares export PDF 'Produits, Normandie 2024', republished by agro-mundi.com"
concours-general-agricole,2024,http://agro-mundi.com/wp-content/uploads/2024/03/PAYS-DE-LOIRE.pdf,data/source/web/concours-general-agricole/2024/pays-de-loire-pdf.pdf,pdf,2026-09-15T12:57:18Z,200,1018357,86dd1950f02469365f4954d4dc78c17a6b0245a2866c766d1dca37fd17412815,application/pdf,"Official CGA palmares export PDF 'Produits, Pays de la Loire 2024', republished by agro-mundi.com"
concours-general-agricole,2024,https://agro-mundi.com/concours-general-agricole-sia-2024/,data/source/web/concours-general-agricole/2024/results.html,press,2026-09-15T12:57:23Z,200,808345,2f6e00c5ca3d5b296cedc9116c0542f394622af40ebc96f63ae24faf4bd55ae4,text/html,agro-mundi.com SIA 2024 CGA palmares post linking the official per-region export PDFs
concours-general-agricole,2025,https://bretagne.chambres-agriculture.fr/fileadmin/user_upload/303_chambre_dagriculture_de_bretagne/2-Actu/Actus_Agricoles/PJ/Palmares-CGA2025Bretagne.pdf,data/source/web/concours-general-agricole/2025/bretagne-pdf.pdf,pdf,2026-09-15T13:02:39Z,200,1161643,c18879470206715993a856d0a7eaf93a60ccb83c67a1cc682117ee96eb9df00b,application/pdf,"Official CGA palmares export PDF 'Produits, Bretagne 2025', republished by Chambre d'agriculture de Bretagne"
concours-general-agricole,2025,https://palmares.concours-general-agricole.fr/,data/source/web/concours-general-agricole/2025/cidres-poires.xlsx,export,2026-09-19T14:31:46Z,,12331,214918bf27104d1a0524bb991b023468c38a4c5f72069ed454bb80785bcf609a,application/vnd.openxmlformats-officedocument.spreadsheetml.sheet,"Official 'Concours Produit 2025, Cidres et Poirés' palmarès, exported by hand from the palmarès app; its API needs the site's own subscription key, so this cannot be re-fetched by script"
concours-general-agricole,2025,https://normandie.chambres-agriculture.fr/fileadmin/user_upload/Normandie/PDF/SIA/Palmares_2025_Produits_normands.pdf,data/source/web/concours-general-agricole/2025/normandie-pdf.pdf,pdf,2026-09-15T13:01:06Z,200,1116485,6366b09205d9d64e378fca30a12803acbd91f58bff03566722125751ee757d38,application/pdf,"Official CGA palmares export PDF 'Produits, Normandie 2025', republished by Chambres d'agriculture de Normandie"
concours-general-agricole,2025,https://www.paysdelaloire.fr/sites/default/files/2025-02/PRODUITS.pdf,data/source/web/concours-general-agricole/2025/pays-de-loire-pdf.pdf,pdf,2026-09-15T13:00:26Z,200,1031304,0dbbce7a8136326c5877b492c4ae15686d43ce7222d46b922e8f2cb0c01a89b1,application/pdf,"Official CGA palmares export PDF 'Produits, Pays de la Loire 2025', republished by Region Pays de la Loire"
concours-general-agricole,2026,https://bretagne.chambres-agriculture.fr/fileadmin/user_upload/303_chambre_dagriculture_de_bretagne/2-Actu/Actus_Agricoles/PJ/ExportPalmares-3_CGA2026.pdf,data/source/web/concours-general-agricole/2026/bretagne-pdf.pdf,pdf,2026-09-15T13:00:19Z,200,573684,d86abd868c4e24b5efef3c53b526b15260a757b0756b8dfecbb7002aa901a6d4,application/pdf,"Official CGA palmares export PDF 'Produits, Bretagne 2026', republished by Chambre d'agriculture de Bretagne"
concours-general-agricole,2026,https://palmares.concours-general-agricole.fr/,data/source/web/concours-general-agricole/2026/cidres-poires.xlsx,export,2026-09-19T14:31:46Z,,12351,5ff1cbfb86586eaf4da6adafaa88cdf45670c3482650ddb5cc5ff40277390f32,application/vnd.openxmlformats-officedocument.spreadsheetml.sheet,"Official 'Concours Produit 2026, Cidres et Poirés' palmarès, exported by hand from the palmarès app; its API needs the site's own subscription key, so this cannot be re-fetched by script"
concours-general-agricole,2026,https://normandie.chambres-agriculture.fr/fileadmin/user_upload/Normandie/PDF/SIA/Palmares_2026_Produits_normands.pdf,data/source/web/concours-general-agricole/2026/normandie-pdf.pdf,pdf,2026-09-15T13:00:23Z,200,1196502,cd734c3532f3f818bb897e06a69af09e8531a963272632116637856f64fde883,application/pdf,"CGA 2026 palmares of Normandy products, published by Chambres d'agriculture de Normandie"
concours-general-agricole,2026,https://www.paysdelaloire.fr/sites/default/files/2026-03/Palmar%C3%A8s%202026%20produits.pdf,data/source/web/concours-general-agricole/2026/pays-de-loire-pdf.pdf,pdf,2026-09-15T13:00:25Z,200,996371,868129ef5c75fa58d217ebcaab66662ffade924dbac73e982366d1a7a876308f,application/pdf,"Official CGA palmares export PDF 'Produits, Pays de la Loire 2026', republished by Region Pays de la Loire"
concours-regional-cidricole-de-bretagne,2017,https://actu.fr/bretagne/quimper_29232/maison-cidricole-bretagne-palmares-2017_5252361.html,data/source/web/concours-regional-cidricole-de-bretagne/2017/results.html,press,2026-09-13T20:01:18Z,200,134028,31091859c54d404eda8100ec37db0f1ae2853544e7afaba33574f21a573baf30,text/html,actu.fr (Côté Quimper): palmarès 2017 Maison Cidricole de Bretagne
concours-regional-cidricole-de-bretagne,2018,https://cuisinealouest.com/les-meilleurs-cidres-2018/,data/source/web/concours-regional-cidricole-de-bretagne/2018/results-press.html,press,2026-09-13T20:06:16Z,200,64033,d09ff93bef63fa4f19db6d24614fd0c5b894bc9528554af88f9ea193302c2660,text/html,Cuisine à l'ouest: palmarès complet du 4e concours MCB 2018 (le PDF officiel Palmarès-2018.pdf hébergé sur lamaisoncidricole.bzh n'est plus en ligne ni archivé)
concours-regional-cidricole-de-bretagne,2018,https://www.maisoncidricoledebretagne.bzh/concours-cidricole-bretagne-2018/,data/source/web/concours-regional-cidricole-de-bretagne/2018/results.html,official,2026-09-13T20:01:17Z,200,99457,2c4b3dc4c5787510d7260f0b5965affc349e80e5fc516a1b3d516c2289b2ec95,text/html,"Concours cidricole Bretagne 2018, page officielle MCB"
concours-regional-cidricole-de-bretagne,2019,https://www.maisoncidricoledebretagne.bzh/wp-content/uploads/2019/06/Palmares-concours-MCB-2019.pdf,data/source/web/concours-regional-cidricole-de-bretagne/2019/results-pdf.pdf,pdf,2026-09-13T20:01:16Z,200,65721,342ac92b6be79bcf0284f9514c96e93102a9652470e60ad08ad2b4e41b88c5ad,application/pdf,Palmarès PDF du concours MCB 2019
concours-regional-cidricole-de-bretagne,2019,https://www.maisoncidricoledebretagne.bzh/palmares-du-5eme-concours-regional-des-produits-cidricoles-de-bretagne/,data/source/web/concours-regional-cidricole-de-bretagne/2019/results.html,official,2026-09-13T20:01:15Z,200,65552,232b2a1b7fe64bddb1ef6892f9a2f30736724af72e87ffe3fa79c4ced508f553,text/html,"Palmarès du 5e concours régional des produits cidricoles de Bretagne (2019), page officielle MCB"
concours-regional-cidricole-de-bretagne,2021,https://www.maisoncidricoledebretagne.bzh/palmares-du-6eme-concours-des-produits-cidricoles-bretons/,data/source/web/concours-regional-cidricole-de-bretagne/2021/results.html,official,2026-09-13T20:00:38Z,200,72251,5220789175513ee61f599b7d181330e8168c41f63a30b9126ada1c295b37b68f,text/html,"Palmarès 6e concours des produits cidricoles bretons (2021), page officielle MCB"
concours-regional-cidricole-de-bretagne,2022,https://www.maisoncidricoledebretagne.bzh/palmares-du-7eme-concours-des-produits-cidricoles-bretons/,data/source/web/concours-regional-cidricole-de-bretagne/2022/results.html,official,2026-09-13T20:00:39Z,200,93119,2c099c40e829b679a30c65ba2944a77a23d67f504e28e9e51fe17e8e5dd41d28,text/html,"Palmarès 7e concours des produits cidricoles bretons (2022), page officielle MCB"
concours-regional-cidricole-de-bretagne,2023,https://www.maisoncidricoledebretagne.bzh/palmares-2023-du-8eme-concours-regional-cidricole/,data/source/web/concours-regional-cidricole-de-bretagne/2023/results.html,official,2026-09-13T20:00:41Z,200,68053,0f9d4a64f54401b661b9937e1c91b9b29ecf39832ad5cb3c903ef29b915e80ca,text/html,"Palmarès 2023 du 8e concours régional cidricole, page officielle MCB"
concours-regional-cidricole-de-bretagne,2024,https://www.maisoncidricoledebretagne.bzh/palmares-du-concours-regional-cidricole-2024/,data/source/web/concours-regional-cidricole-de-bretagne/2024/results.html,official,2026-09-13T20:00:42Z,200,66934,168298aae7c8e550c60e69004681293e85c216106cf8e6671df95db407b256a7,text/html,"Palmarès du concours régional cidricole 2024 (9e), page officielle MCB"
concours-regional-cidricole-de-bretagne,2025,https://www.maisoncidricoledebretagne.bzh/palmares-2025-concours-regional-cidricole/,data/source/web/concours-regional-cidricole-de-bretagne/2025/results.html,official,2026-09-12T02:18:39Z,200,67544,f4d8ce40aaf6ea5032fc2591c9f1c8006fdbc883c6fd01ba6ca7fc8e42be50f4,text/html,captured in an earlier session (2026-09-11); URL taken from the page's canonical link
concours-regional-cidricole-de-bretagne,2026,https://www.maisoncidricoledebretagne.bzh/palmares-2026-produits-cidricoles/,data/source/web/concours-regional-cidricole-de-bretagne/2026/results.html,official,2026-09-12T02:18:40Z,200,70590,4cd8e68953f04f1b25f0afcb14898e8910c4a4e5e89c69b69b45ef032d005b1c,text/html,captured in an earlier session (2026-09-11); URL taken from the page's canonical link
glintcap,2005,https://michiganciders.com/awards/2005-commercial-results/,data/source/web/glintcap/2005/commercial.html,official,2026-09-13T20:00:13Z,200,49748,b57635d27df2e5cd08ab4305790b2e55369113591d0d09a177a920c0b27c9709,text/html,"GLINTCAP 2005 commercial results, Michigan Cider Association site (current official host)"
glintcap,2005,https://web.archive.org/web/20160221090744/http://glintcap.org/results/noncommercial/year/2005-glows/,data/source/web/glintcap/2005/noncommercial.html,wayback,2026-09-13T20:00:56Z,200,30435,89d4864688e5480e2b4744c55192dd39c3821bc8b093c1ff92e002c84e530537,text/html,"GLOWS 2005 noncommercial results, glintcap.org archive page (site gone), Wayback 2016-02-21"
glintcap,2006,https://michiganciders.com/awards/2006-commercial-results/,data/source/web/glintcap/2006/commercial.html,official,2026-09-13T20:00:15Z,200,51142,0a402cad6946a4fa324e25b91a98e64f4e2f4a9617e88238806ea85e5858a537,text/html,"GLINTCAP 2006 commercial results, Michigan Cider Association site (current official host)"
glintcap,2006,https://web.archive.org/web/20160221090749/http://glintcap.org/results/noncommercial/year/2006-glows/,data/source/web/glintcap/2006/noncommercial.html,wayback,2026-09-13T20:00:57Z,200,31504,3ec9e26946e4be2d7afa2859539772de95d28180586f7dbce76b2e1994e1570e,text/html,"GLOWS 2006 noncommercial results, glintcap.org archive page (site gone), Wayback 2016-02-21"
glintcap,2007,https://michiganciders.com/awards/2007-commercial-results/,data/source/web/glintcap/2007/commercial.html,official,2026-09-13T20:00:15Z,200,49883,3dbafd725b424657d492a10b7816747134d3f3809336e3af57ad459ca39e8ac6,text/html,"GLINTCAP 2007 commercial results, Michigan Cider Association site (current official host)"
glintcap,2007,https://web.archive.org/web/20160221090754/http://glintcap.org/results/noncommercial/year/2007-glows/,data/source/web/glintcap/2007/noncommercial.html,wayback,2026-09-13T20:00:58Z,200,32774,6531b3a7fa88fea618cd51b4c5a19659775028abbf8df212afa15ab42267485a,text/html,"GLOWS 2007 noncommercial results, glintcap.org archive page (site gone), Wayback 2016-02-21"
glintcap,2008,https://michiganciders.com/awards/2008-commercial-results/,data/source/web/glintcap/2008/commercial.html,official,2026-09-13T20:00:15Z,200,51047,81b161ac23d7007b5ffc12a0e3d9e4e2e90610614fe5f3c6e30cbd80bd46717d,text/html,"GLINTCAP 2008 commercial results, Michigan Cider Association site (current official host)"
glintcap,2008,https://web.archive.org/web/20160221090759/http://glintcap.org/results/noncommercial/year/2008-glintcap/,data/source/web/glintcap/2008/noncommercial.html,wayback,2026-09-13T20:00:59Z,200,31901,368b9c3131568eee1728b280448592f0a935d8f0e7334541b706e61479307490,text/html,"GLINTCAP 2008 noncommercial results, glintcap.org archive page (site gone), Wayback 2016-02-21"
glintcap,2009,https://michiganciders.com/awards/2009-commercial-results/,data/source/web/glintcap/2009/commercial.html,official,2026-09-13T20:00:16Z,200,52248,31b70906ecc00786051af48c64bc9af31e3e9fe6f2fa0af3c9611123826c2755,text/html,"GLINTCAP 2009 commercial results, Michigan Cider Association site (current official host)"
glintcap,2009,https://web.archive.org/web/20160221090804/http://glintcap.org/results/noncommercial/year/2009-glintcap/,data/source/web/glintcap/2009/noncommercial.html,wayback,2026-09-13T20:01:00Z,200,31854,ab663f6cfd73108978a30c05c2b6b73a06417e99c8b842e6aeb7ceca7835a182,text/html,"GLINTCAP 2009 noncommercial results, glintcap.org archive page (site gone), Wayback 2016-02-21"
glintcap,2011,https://michiganciders.com/awards/2011-commercial-results/,data/source/web/glintcap/2011/commercial.html,official,2026-09-13T20:00:19Z,200,58207,93e8f63a60941ca89503573a5347ce9c5383ebc21b4bf29cf2a42c4d28b3dc89,text/html,"GLINTCAP 2011 commercial results, Michigan Cider Association site (current official host)"
glintcap,2011,https://web.archive.org/web/20160221090809/http://glintcap.org/results/noncommercial/year/2011-glintcap/,data/source/web/glintcap/2011/noncommercial.html,wayback,2026-09-13T20:01:00Z,200,32653,9aa72f9c802780c94c4f864e380ccb9e3d712ce1b474902277744a4cbee54e6c,text/html,"GLINTCAP 2011 noncommercial results, glintcap.org archive page (site gone), Wayback 2016-02-21"
glintcap,2012,https://michiganciders.com/awards/2012-commercial-results/,data/source/web/glintcap/2012/commercial.html,official,2026-09-13T20:00:19Z,200,63818,66fa8f35d56cfa8a76f1853be232b950d51b85d2f56546da3844be6104be6862,text/html,"GLINTCAP 2012 commercial results, Michigan Cider Association site (current official host)"
glintcap,2012,https://web.archive.org/web/20160221090815/http://glintcap.org/results/noncommercial/year/2012-glintcap/,data/source/web/glintcap/2012/noncommercial.html,wayback,2026-09-13T20:01:01Z,200,33655,b341c0037798fed0bbfd47f1faeabce351d9b23c2cbfab9b9497d2d7f3871820,text/html,"GLINTCAP 2012 noncommercial results, glintcap.org archive page (site gone), Wayback 2016-02-21"
glintcap,2013,https://michiganciders.com/awards/2013-commercial-results/,data/source/web/glintcap/2013/commercial.html,official,2026-09-13T20:00:21Z,200,63439,3a7a75cbdc895c0a847fad715bdbd303a64ce7ee93bb704e7171936901001cef,text/html,"GLINTCAP 2013 commercial results, Michigan Cider Association site (current official host)"
glintcap,2013,https://web.archive.org/web/20160221090820/http://glintcap.org/results/noncommercial/year/2013-glintcap/,data/source/web/glintcap/2013/noncommercial.html,wayback,2026-09-13T20:01:02Z,200,32639,11fc71756000b1a95ab19403b79148e468725a876d687825ea929f11fa138c2e,text/html,"GLINTCAP 2013 noncommercial results, glintcap.org archive page (site gone), Wayback 2016-02-21"
glintcap,2014,https://michiganciders.com/awards/2014-commercial-results/,data/source/web/glintcap/2014/commercial.html,official,2026-09-13T20:00:22Z,200,67003,744aff2e35ba764a4e3e9be356b15b102ca86bb797c69dffe5178dd0d5d05d91,text/html,"GLINTCAP 2014 commercial results, Michigan Cider Association site (current official host)"
glintcap,2014,https://web.archive.org/web/20160221090825/http://glintcap.org/results/noncommercial/year/2014-glintcap/,data/source/web/glintcap/2014/noncommercial.html,wayback,2026-09-13T20:01:03Z,200,34035,65cb5a61e34774af4d9515310a279b35cee4e2d2f2bc6f81bedf64bba97d6928,text/html,"GLINTCAP 2014 noncommercial results, glintcap.org archive page (site gone), Wayback 2016-02-21"
glintcap,2015,https://michiganciders.com/awards/2015-commercial-results/,data/source/web/glintcap/2015/commercial.html,official,2026-09-13T20:00:22Z,200,73348,f3bcc3212f2d540464dee9d3fa94a5246cdd3ae1b9a00b33801a39d17016474a,text/html,"GLINTCAP 2015 commercial results, Michigan Cider Association site (current official host)"
glintcap,2015,https://web.archive.org/web/20160221090830/http://glintcap.org/results/noncommercial/year/2015-glintcap/,data/source/web/glintcap/2015/noncommercial.html,wayback,2026-09-13T20:01:04Z,200,34982,b0e34d16c5ce123fc01a239217c752d342bdf017969e818d662d10f73fab59f8,text/html,"GLINTCAP 2015 noncommercial results, glintcap.org archive page (site gone), Wayback 2016-02-21"
glintcap,2016,https://michiganciders.com/awards/2016-commercial-results/,data/source/web/glintcap/2016/commercial.html,official,2026-09-13T20:00:22Z,200,83633,77e9604f5448668ccbf9084fabffbc7ef36c1c6cdad2c8d77181cc21fd77d1d4,text/html,"GLINTCAP 2016 commercial results, Michigan Cider Association site (current official host)"
glintcap,2016,https://web.archive.org/web/20160502133458/http://glintcap.org/results/noncommercial/year/2016-glintcap/,data/source/web/glintcap/2016/noncommercial.html,wayback,2026-09-13T20:01:05Z,200,37158,e132295bac4bd288065c48f411e02af0ecbee6de9ffa8acd7f8c11f05b215ec6,text/html,"GLINTCAP 2016 noncommercial results, glintcap.org archive page (site gone), Wayback 2016-05-02"
glintcap,2017,https://michiganciders.com/awards/2017-commercial-results/,data/source/web/glintcap/2017/commercial.html,official,2026-09-13T20:00:23Z,200,91970,8dbb5e1f4d3f336f6a9b5a085a20e14b7cfc5494e89663a81aac6d32b2447d25,text/html,"GLINTCAP 2017 commercial results, Michigan Cider Association site (current official host)"
glintcap,2017,https://web.archive.org/web/20170502124224/http://glintcap.org/results/noncommercial/year/2017-noncommercial-results/,data/source/web/glintcap/2017/noncommercial.html,wayback,2026-09-13T20:01:05Z,200,30694,bf7f9e7e73211d9e7fe5881c8c8808d968d578b8243a3c1c7713f2d58cb278a0,text/html,"GLINTCAP 2017 noncommercial results, glintcap.org (site gone), Wayback 2017-05-02"
glintcap,2018,https://michiganciders.com/awards/2018-commercial-results/,data/source/web/glintcap/2018/commercial.html,official,2026-09-13T20:00:23Z,200,103282,ef58adee57c5b4dfcfccb95d129bb5d01eb67d116221bf23b9529d096e163ddd,text/html,"GLINTCAP 2018 commercial results, Michigan Cider Association site (current official host)"
glintcap,2018,https://web.archive.org/web/20180831024618/http://glintcap.org/results/noncommercial/year/2018-noncommercial-results/,data/source/web/glintcap/2018/noncommercial.html,wayback,2026-09-13T20:01:06Z,200,52373,ab208e8ac4e7f7010a9ebca2b69238203acfd8d0dd15879db064813ea7ab7996,text/html,"GLINTCAP 2018 noncommercial results, glintcap.org (site gone), Wayback 2018-08-31"
glintcap,2019,https://michiganciders.com/awards/2019-commercial-results/,data/source/web/glintcap/2019/commercial.html,official,2026-09-13T20:00:24Z,200,111603,ee9203c6fc4e76282247cf6bc03a40e1a397fc715c119fba4f1fe84c446f1b87,text/html,"GLINTCAP 2019 commercial results, Michigan Cider Association site (current official host)"
glintcap,2019,https://web.archive.org/web/20190821102959/https://glintcap.org/results/noncommercial/year/2019-noncommercial-results/,data/source/web/glintcap/2019/noncommercial.html,wayback,2026-09-13T20:01:07Z,200,39476,bc193bd20b6f8b6c3f187852218c7b22278ccfb7d52cfbb41bdbd0c99de8ade9,text/html,"GLINTCAP 2019 noncommercial results, glintcap.org (site gone), Wayback 2019-08-21"
glintcap,2021,https://michiganciders.com/awards/2021-commercial-results/,data/source/web/glintcap/2021/commercial.html,official,2026-09-13T20:00:24Z,200,114896,74d28d7ffb7695d0243eb6ccea20a43758991decdcd458e36358c120c72a5528,text/html,"GLINTCAP 2021 commercial results, Michigan Cider Association site (current official host)"
glintcap,2021,https://michiganciders.com/awards/2021-noncommercial-results/,data/source/web/glintcap/2021/noncommercial.html,official,2026-09-13T20:00:43Z,200,63957,0f6eb1ef521e151af9786b168782b6caf11a2107808507cef57d0025c688d744,text/html,"GLINTCAP 2021 noncommercial results, Michigan Cider Association site"
glintcap,2022,https://michiganciders.com/awards/2022-commercial-results/,data/source/web/glintcap/2022/commercial.html,official,2026-09-13T20:00:25Z,200,111868,56751aadbdefe53401d9393cb2dfd728965655874903ec4445bdc0620d0aeba7,text/html,"GLINTCAP 2022 commercial results, Michigan Cider Association site (current official host)"
glintcap,2022,https://michiganciders.com/awards/2022-noncommercial-results/,data/source/web/glintcap/2022/noncommercial.html,official,2026-09-13T20:00:44Z,200,65031,db63b7dfbff871bb46a923cfa54c446179877c3e08a4d08ef5906548bf1d5d14,text/html,"GLINTCAP 2022 noncommercial results, Michigan Cider Association site"
glintcap,2023,https://michiganciders.com/awards/2023-commercial-results/,data/source/web/glintcap/2023/commercial.html,official,2026-09-13T20:00:25Z,200,118488,381a2e9290ec48d06dfacb59bcb31a888d39b6d3fd9199ffb4013a0186a91a15,text/html,"GLINTCAP 2023 commercial results, Michigan Cider Association site (current official host)"
glintcap,2023,https://michiganciders.com/awards/2023-noncommercial-results/,data/source/web/glintcap/2023/noncommercial.html,official,2026-09-13T20:00:44Z,200,63417,3c8a0afc22d6b231ddf8db8037c94166845bb20471bb598c82fbafd8fee27855,text/html,"GLINTCAP 2023 noncommercial results, Michigan Cider Association site"
glintcap,2024,https://michiganciders.com/glintcap-2024-commercial-results/,data/source/web/glintcap/2024/commercial.html,official,2026-09-13T20:00:25Z,200,109623,dc43dbd19af3784ef1e6a481ebaca557a81fcc1495d6d3538afe1c2698199efd,text/html,"GLINTCAP 2024 commercial results, Michigan Cider Association site"
glintcap,2024,https://michiganciders.com/glintcap-2024-non-commercial-results/,data/source/web/glintcap/2024/noncommercial.html,official,2026-09-13T20:00:45Z,200,60704,3f8a02c31a52d68e607a16a2af8e4a071033327b85284a1b038441d94ba61a80,text/html,"GLINTCAP 2024 noncommercial results, Michigan Cider Association site"
glintcap,2025,https://michiganciders.com/1640-2/,data/source/web/glintcap/2025/commercial.html,official,2026-09-13T20:00:26Z,200,99917,70abce87e3e758604f42b7bbc343d315414886e24359a1595f41bc265e1ac7c8,text/html,"GLINTCAP 2025 commercial results, Michigan Cider Association site (URL from config/competition_years.csv)"
glintcap,2025,https://michiganciders.com/glintcap-2025-non-commercial-results/,data/source/web/glintcap/2025/noncommercial.html,official,2026-09-13T20:00:45Z,200,57786,d827539d3cc90d631b03b8612be6458837e181ed98bc9f5d59b58c1f7de7de88,text/html,"GLINTCAP 2025 noncommercial results, Michigan Cider Association site"
glintcap,2026,https://michiganciders.com/glintcap-2026-commercial-results/,data/source/web/glintcap/2026/commercial.html,official,2026-09-11T23:29:52Z,200,115933,40ffc8fced7b95dec68632b65db30590bf7deca2b8ebd83419ba870d9b32297a,text/html,captured in an earlier session (2026-09-11); URL taken from the page's canonical link
good-food-awards,2016,https://www.sonomamag.com/2016-good-food-awards-finalists/,data/source/web/good-food-awards/2016/finalists.html,press,2026-09-13T20:11:46Z,200,115848,f91b94259a7b1ee497a19d60af6c514ba7ec9ea7fb3da3a25c47b8298a54a8dd,text/html,2016 finalists list reproduced by Sonoma Magazine (foundation finalists page for 2016 not archived)
good-food-awards,2016,https://web.archive.org/web/20191018020902/https://goodfoodfdn.org/awards/winners/2016/,data/source/web/good-food-awards/2016/winners.html,wayback,2026-09-13T20:13:08Z,200,174497,a7eb3480e1230c4bf98e83a49576b6ed789f297cd512b05ac60945974792ce14,text/html,"2016 winners, foundation per-year archive page, Wayback 2019-10-18 (live site blocks curl); Google Maps browser API key in an embedded script URL replaced with AIza-REDACTED after capture"
good-food-awards,2017,https://www.whitewoodcider.com/press/2016/11/15/this-is-america-announcing-the-2017-good-food-awards-finalists,data/source/web/good-food-awards/2017/finalists.html,press,2026-09-13T20:15:04Z,200,121161,c41d92b7b58be38bb7717810b1fd0ae75837f10364731874dcfe74d208ab30ea,text/html,2017 finalists press release (all 16 cider finalists) reproduced on Whitewood Cider Co. press page (foundation finalists page for 2017 not archived)
good-food-awards,2017,https://web.archive.org/web/20200220143527/https://goodfoodfdn.org/awards/winners/2017/,data/source/web/good-food-awards/2017/winners.html,wayback,2026-09-13T20:13:13Z,200,178535,48a46914368b168825b23df0367a285dd0efa199348452e268d913fc2f3165f5,text/html,"2017 winners, foundation per-year archive page, Wayback 2020-02-20 (live site blocks curl); Google Maps browser API key in an embedded script URL replaced with AIza-REDACTED after capture"
good-food-awards,2018,https://totalfood.com/2018-good-food-awards-finalists/,data/source/web/good-food-awards/2018/finalists.html,press,2026-09-13T20:11:54Z,200,311716,4145cbdab8537bd81a7958d84c72beee9157a7a7f21851d2dc70e1d16423ec55,text/html,2018 finalists list reproduced by TotalFood (foundation finalists page for 2018 not archived)
good-food-awards,2018,https://web.archive.org/web/20180801120049/https://goodfoodfdn.org/awards/winners/,data/source/web/good-food-awards/2018/winners.html,wayback,2026-09-13T20:13:18Z,200,191162,ed9d9c7fe3e801424212f41686308bd3b31ce3db6c1c86a2d0d450176e6c0d23,text/html,"2018 winners, foundation winners page as it stood 2018-08-01 (page overwritten yearly); Google Maps browser API key in an embedded script URL replaced with AIza-REDACTED after capture"
good-food-awards,2019,https://web.archive.org/web/20190125104802/https://goodfoodfdn.org/awards/finalists/,data/source/web/good-food-awards/2019/finalists.html,wayback,2026-09-13T20:14:21Z,200,106695,44047ba55d16619450ec1a2107db534b916083e3bec40af305a9d5bdffb150d0,text/html,"2019 finalists, foundation finalists page as it stood 2019-01-25 (page overwritten yearly)"
good-food-awards,2019,https://web.archive.org/web/20190302054016/https://goodfoodfdn.org/awards/winners/,data/source/web/good-food-awards/2019/winners.html,wayback,2026-09-13T20:13:23Z,200,200505,b569ea309dcb63f7bc49422e6dfa3a3379c64f1c2f02b44e79f700ab524cfd97,text/html,"2019 winners, foundation winners page as it stood 2019-03-02 (page overwritten yearly); Google Maps browser API key in an embedded script URL replaced with AIza-REDACTED after capture"
good-food-awards,2020,https://web.archive.org/web/20200821025402/https://goodfoodfdn.org/awards/finalists/,data/source/web/good-food-awards/2020/finalists.html,wayback,2026-09-13T20:14:26Z,200,103413,be2b7a1ba25e93ab90ff2c0c33b9944cae54c0fb38324be167d6d6ddfd5fd947,text/html,"2020 finalists, foundation finalists page as it stood 2020-08-21 (page overwritten yearly)"
good-food-awards,2020,https://web.archive.org/web/20200409234321/https://goodfoodfdn.org/awards/winners/,data/source/web/good-food-awards/2020/winners.html,wayback,2026-09-13T20:13:28Z,200,208096,c73585f7de70511d83f578a1776d24f2233c2c2ad0baa70e73b3fad68ea79db5,text/html,"2020 winners, foundation winners page as it stood 2020-04-09 (page overwritten yearly); Google Maps browser API key in an embedded script URL replaced with AIza-REDACTED after capture"
good-food-awards,2021,https://web.archive.org/web/20210618181130/https://goodfoodfdn.org/awards/finalists/,data/source/web/good-food-awards/2021/finalists.html,wayback,2026-09-13T20:14:31Z,200,104919,0bee8f3bdea751261f4f36cde12baf8a54f9dd74329c57d2980661ca8e7ac1ce,text/html,"2021 finalists, foundation finalists page as it stood 2021-06-18 (page overwritten yearly)"
good-food-awards,2021,https://web.archive.org/web/20210227180655/https://goodfoodfdn.org/awards/winners/2021/,data/source/web/good-food-awards/2021/winners.html,wayback,2026-09-13T20:13:33Z,200,211942,0611dcf50d255fc9fd2f75b01ce99297d026b5cc6c2579d6d254eb07ca19b725,text/html,"2021 winners, foundation per-year archive page, Wayback 2021-02-27; Google Maps browser API key in an embedded script URL replaced with AIza-REDACTED after capture"
good-food-awards,2022,https://web.archive.org/web/20220127172005/https://goodfoodfdn.org/awards/finalists/,data/source/web/good-food-awards/2022/finalists.html,wayback,2026-09-13T20:14:36Z,200,210364,799e8676554eafd10e188da292a62186cd5edd741e787605fbaf9d6809d026ad,text/html,"2022 finalists, foundation finalists page as it stood 2022-01-27 (page overwritten yearly)"
good-food-awards,2022,https://web.archive.org/web/20220121034953/https://goodfoodfdn.org/awards/winners/2022/,data/source/web/good-food-awards/2022/winners.html,wayback,2026-09-13T20:13:38Z,200,234232,968b78571aec4163a65e8f583340f811db2cd8bced9b8569b42fb6c15c7f47fb,text/html,"2022 winners, foundation per-year archive page, Wayback 2022-01-21; Google Maps browser API key in an embedded script URL replaced with AIza-REDACTED after capture"
good-food-awards,2023,https://web.archive.org/web/20230127140016/https://goodfoodfdn.org/awards/finalists/,data/source/web/good-food-awards/2023/finalists.html,wayback,2026-09-13T20:14:42Z,200,194979,15bef9e416144f547f9b02d992cbbfe02ef8b442ec8257f87ad60f7c66da1486,text/html,"2023 finalists, foundation finalists page as it stood 2023-01-27 (page overwritten yearly)"
good-food-awards,2023,https://web.archive.org/web/20230505211117/https://goodfoodfdn.org/awards/winners/2023/,data/source/web/good-food-awards/2023/winners.html,wayback,2026-09-13T20:13:44Z,200,244529,b233fd306071c008e3cbbfeb231debdae1f4e95ef15d5569e451c2a0e6f159a3,text/html,"2023 winners, foundation per-year archive page, Wayback 2023-05-05; Google Maps browser API key in an embedded script URL replaced with AIza-REDACTED after capture"
good-food-awards,2024,https://web.archive.org/web/20240118172257/https://goodfoodfdn.org/awards/finalists/,data/source/web/good-food-awards/2024/finalists.html,wayback,2026-09-13T20:14:47Z,200,152191,6dad3aa74eff7b6c8284b41be9d1b6211d3b2a0bb7209ab3dec72bf9ae99ddf5,text/html,"2024 finalists, foundation finalists page as it stood 2024-01-18 (page overwritten yearly)"
good-food-awards,2024,https://web.archive.org/web/20240510195231/https://goodfoodfdn.org/awards/winners/2024/,data/source/web/good-food-awards/2024/winners.html,wayback,2026-09-13T20:14:02Z,200,239326,26bfccfd7f6701a87d00a68c0d953d9cf784d6071befaa9c943e2d92477e119f,text/html,"2024 winners, foundation per-year archive page, Wayback 2024-05-10; Google Maps browser API key in an embedded script URL replaced with AIza-REDACTED after capture"
good-food-awards,2025,https://web.archive.org/web/20250116080402/https://goodfoodfdn.org/awards/finalists/,data/source/web/good-food-awards/2025/finalists.html,wayback,2026-09-13T20:14:52Z,200,154401,7fdfde4e23325f53c0c7f347f874398243f3f31878d43e9043af92f0fa594cbb,text/html,"2025 finalists, foundation finalists page as it stood 2025-01-16 (page overwritten yearly)"
good-food-awards,2025,https://web.archive.org/web/20250122123532/https://goodfoodfdn.org/awards/winners/,data/source/web/good-food-awards/2025/winners.html,wayback,2026-09-13T20:14:10Z,200,1661558,941f017a5aea01f90f8145546c5a5109480591815e60470dc14baa782fd48956,text/html,"2025 winners, foundation winners page as it stood 2025-01-22 (page overwritten yearly); Google Maps browser API key in an embedded script URL replaced with AIza-REDACTED after capture"
good-food-awards,2026,https://web.archive.org/web/20260116123647/https://goodfoodfdn.org/awards/finalists/,data/source/web/good-food-awards/2026/finalists.html,wayback,2026-09-13T20:14:57Z,200,103714,0f7f6668a1678e47fb6b42bc6049d0d3594a50b51416bb0213c63b264982c94d,text/html,"2026 finalists, foundation finalists page as it stood 2026-01-16 (page overwritten yearly)"
good-food-awards,2026,https://web.archive.org/web/20260418071411/https://goodfoodfdn.org/awards/winners/,data/source/web/good-food-awards/2026/winners.html,wayback,2026-09-13T20:14:16Z,200,1776624,c57ac09436267d21593c985ccb6a80fc8df6c746d52544b98ed1265115b3b2c5,text/html,"2026 winners, foundation winners page as it stood 2026-04-18 (live site blocks curl); Google Maps browser API key in an embedded script URL replaced with AIza-REDACTED after capture"
international-cider-awards,2013,https://www.brewingawards.org/winner/2013-2/international-cider-competition-4-classes/,data/source/web/international-cider-awards/2013/cider-all-classes.html,official,2026-09-13T20:08:19Z,200,171059,ea32012dc4261626a80d2166ac6c667e137ca47f7ed4e5ad9b2f3311053a6268,text/html,"2013 International Cider Competition, all 4 classes, medal list"
international-cider-awards,2013,https://www.brewingawards.org/winner/2013-2/,data/source/web/international-cider-awards/2013/results.html,official,2026-09-13T20:08:17Z,200,149976,619b70fbf13d6c9d433cf84fd9bded7080bc4b83a0cd2a7c8191dc431d3ec019,text/html,2013 winners index page (links to category pages)
international-cider-awards,2015,https://www.brewingawards.org/winner/2015-2/international-cider-competition-category-1-for-cider-apple-class-3-5-7-5-abv/,data/source/web/international-cider-awards/2015/cider-cat1.html,official,2026-09-13T20:08:23Z,200,162965,dc77615b3cd4470f985dbb5ef6b5a4fad053c6f943d705b98da95af67a2ae14e,text/html,2015 cider category 1 (cider apple class)
international-cider-awards,2015,https://www.brewingawards.org/winner/2015-2/international-cider-competition-category-2-for-open-apple-class-cider-3-5-7-5-abv/,data/source/web/international-cider-awards/2015/cider-cat2.html,official,2026-09-13T20:08:25Z,200,154690,1fb9a76ae839b164f70833b040bb7f0f43a89d907344dd1cc640f55695a708f1,text/html,2015 cider category 2 (open apple class)
international-cider-awards,2015,https://www.brewingawards.org/winner/2015-2/international-cider-competition-category-3-for-flavoured-cider-class-3-5-7-5-abv/,data/source/web/international-cider-awards/2015/cider-cat3.html,official,2026-09-13T20:08:28Z,200,145787,a53d8d5552310ec9fb5dd358d5208d2069ab400ff7c3bcc97c846a42c4d114e5,text/html,2015 cider category 3 (flavoured)
international-cider-awards,2015,https://www.brewingawards.org/winner/2015-2/international-cider-competition-category-4-for-low-alcohol-cider-class-1-2-3-5-abv/,data/source/web/international-cider-awards/2015/cider-cat4.html,official,2026-09-13T20:08:30Z,200,145630,729c765126bd9141564bb8e50bd83531a5222ca5e63fcbd549dd093fea8c0c70,text/html,2015 cider category 4 (low alcohol)
international-cider-awards,2015,https://www.brewingawards.org/winner/2015-2/international-cider-competition-category-5-for-speciality-cider-class-or-perry-class-1-2-8-5-abv/,data/source/web/international-cider-awards/2015/cider-cat5.html,official,2026-09-13T20:08:33Z,200,146111,57a10d5745ac527704a3682ddd1456bee7ab336edb80706996d93804a9436ce3,text/html,2015 cider category 5 (speciality/perry)
international-cider-awards,2015,https://www.brewingawards.org/winner/2015-2/,data/source/web/international-cider-awards/2015/results.html,official,2026-09-13T20:08:21Z,200,155364,7c92d498ea57f6cb63d410b7508425cec93f673e1aa662a5ca5228cfcd9ab3ca,text/html,2015 winners index page (links to category pages)
international-cider-awards,2017,https://www.brewingawards.org/winner/2017-2/international-cider-competition-category-1-2017-10/,data/source/web/international-cider-awards/2017/cider-cat1.html,official,2026-09-13T20:08:37Z,200,162506,bd69a1faa3ac19c15cc60e43ff708110aec9da6d8dd43bca9cd5138537ec36b4,text/html,2017 cider category 1
international-cider-awards,2017,https://www.brewingawards.org/winner/2017-2/international-cider-competition-category-2-2017-11/,data/source/web/international-cider-awards/2017/cider-cat2.html,official,2026-09-13T20:08:38Z,200,162374,95c4f2e7ff57bd18f4e7f449c86864b6ccabb7ef3c98fd9feae4ec05b753d45c,text/html,2017 cider category 2
international-cider-awards,2017,https://www.brewingawards.org/winner/2017-2/international-cider-competition-category-3-2017-12/,data/source/web/international-cider-awards/2017/cider-cat3.html,official,2026-09-13T20:08:41Z,200,146812,8e338862ea50edd1f7377152389fb2f44eafbb08f4f313aac49db7a860dffb25,text/html,2017 cider category 3
international-cider-awards,2017,https://www.brewingawards.org/winner/2017-2/international-cider-competition-category-4-2017-13/,data/source/web/international-cider-awards/2017/cider-cat4.html,official,2026-09-13T20:08:43Z,200,147056,8b2f3f993007675368a0b8467ab16112a02a1048e87903272d1f805339f60013,text/html,2017 cider category 4
international-cider-awards,2017,https://www.brewingawards.org/winner/2017-2/international-cider-competition-category-5-2017-14/,data/source/web/international-cider-awards/2017/cider-cat5.html,official,2026-09-13T20:08:45Z,200,147031,8507e6a34b2cd2cb69def3d5f9efeb89faaa0a243a63143120f0de6d795e78de,text/html,2017 cider category 5
international-cider-awards,2017,https://www.brewingawards.org/winner/2017-2/international-cider-competition-category-7-2017-16/,data/source/web/international-cider-awards/2017/cider-cat7.html,official,2026-09-13T20:08:47Z,200,146902,93c51bf0ef4eeda46b0680bf41c6f76ab9881bc2f3f8e4ad7229e612d51540c5,text/html,2017 cider category 7
international-cider-awards,2017,https://www.brewingawards.org/winner/2017-2/international-cider-competition-class-6-2017-15/,data/source/web/international-cider-awards/2017/cider-class6.html,official,2026-09-13T20:08:50Z,200,145094,37c0953600c7f1810e3101dbe0bd5c79a0ae940499087491d167c0d75b2b243f,text/html,2017 cider class 6
international-cider-awards,2017,https://www.brewingawards.org/winner/2017-2/,data/source/web/international-cider-awards/2017/results.html,official,2026-09-13T20:08:35Z,200,157124,2f2d2287db53b2e89251346054903b3c441fe2d160a6ea2dfdf5144b30b4b04b,text/html,2017 winners index page (links to category pages)
international-cider-awards,2017,https://www.brewingawards.org/uncategorized/international-brewing-cider-awards-announce-champions/,data/source/web/international-cider-awards/2017/trophies.html,official,2026-09-13T20:08:52Z,200,148790,a7399a86f79d4cd7716b6fe07d472bd4bc640210f7393427b7da0c46fbda1b52,text/html,2017 champions/trophy winners news post
international-cider-awards,2019,https://www.brewingawards.org/winner/2019-2/flavoured-cider-trophy-classes-12-2019/,data/source/web/international-cider-awards/2019/cider-flavoured.html,official,2026-09-13T20:08:56Z,200,152958,91972dc093d17d6883dd29ce4363eb14496f30199dfa4560f58730c29fd36ec9,text/html,2019 cider class page: flavoured-cider-trophy-classes-12-2019
international-cider-awards,2019,https://www.brewingawards.org/winner/2019-2/hopped-cider-class-2019/,data/source/web/international-cider-awards/2019/cider-hopped.html,official,2026-09-13T20:08:58Z,200,143845,eb59d276d68d79ddfcb183df69f26e0edab48f84f051f5b64e67eab3d2540196,text/html,2019 cider class page: hopped-cider-class-2019
international-cider-awards,2019,https://www.brewingawards.org/winner/2019-2/iced-cider-class-2019/,data/source/web/international-cider-awards/2019/cider-iced.html,official,2026-09-13T20:09:00Z,200,142740,a0b1698075e7b00cbea42e0493f6c57d59342267ab0372b02d48860ea7a6bafa,text/html,2019 cider class page: iced-cider-class-2019
international-cider-awards,2019,https://www.brewingawards.org/winner/2019-2/low-alcohol-cider-class-2019/,data/source/web/international-cider-awards/2019/cider-low-alcohol.html,official,2026-09-13T20:09:02Z,200,144648,8c19c692fefbd5c279659945cb3151255fe683412cf3b5f97a53f9063c006816,text/html,2019 cider class page: low-alcohol-cider-class-2019
international-cider-awards,2019,https://www.brewingawards.org/winner/2019-2/modern-cider-2-1-2-2-2-3/,data/source/web/international-cider-awards/2019/cider-modern.html,official,2026-09-13T20:09:04Z,200,161132,2b43b336e1a51f45c2d4d69c96868b0d3e4d970771b80d935e719ef3cc610d39,text/html,2019 cider class page: modern-cider-2-1-2-2-2-3
international-cider-awards,2019,https://www.brewingawards.org/winner/2019-2/open-class-cider-class-2019/,data/source/web/international-cider-awards/2019/cider-open.html,official,2026-09-13T20:09:06Z,200,144558,9f67f0aaacd8b648770a7d6450451089c868ed309e240ef6f2ac12cc9ca0a28e,text/html,2019 cider class page: open-class-cider-class-2019
international-cider-awards,2019,https://www.brewingawards.org/winner/2019-2/spanish-cider-class-2019/,data/source/web/international-cider-awards/2019/cider-spanish.html,official,2026-09-13T20:09:10Z,200,143630,4b9c60103a821f3a391b97af95fb8ba6b17b88c8ae5251c69e1d8d4eec4f4048,text/html,2019 cider class page: spanish-cider-class-2019
international-cider-awards,2019,https://www.brewingawards.org/winner/2019-2/tannic-cider-class-1-1-2019/,data/source/web/international-cider-awards/2019/cider-tannic.html,official,2026-09-13T20:09:12Z,200,160904,6cdec467e3b396030c1422decf1c0deb6b638c74bf36b90712a0bb4bba97af31,text/html,2019 cider class page: tannic-cider-class-1-1-2019
international-cider-awards,2019,https://www.brewingawards.org/winner/2019-2/perry-cider-2019/,data/source/web/international-cider-awards/2019/perry.html,official,2026-09-13T20:09:08Z,200,152188,c7c82b37a31a74f9dfa4ac4e0916c84c72f7362cf6b5bff2c8384724e17b6713,text/html,2019 cider class page: perry-cider-2019
international-cider-awards,2019,https://www.brewingawards.org/winner/2019-2/,data/source/web/international-cider-awards/2019/results.html,official,2026-09-13T20:08:54Z,200,155654,8290b620e7798c6e977177eb2c87368d635d76ca04fbc55c13684b37511d4b87,text/html,2019 winners index page (links to category pages)
international-cider-awards,2021,https://www.brewingawards.org/winner/2021-2/classic-trophy-class-1-11-21-32-12-22-334-2021/,data/source/web/international-cider-awards/2021/cider-classic.html,official,2026-09-13T20:09:19Z,200,197009,1d62dba053223606650d073c874c960ce03f9d2c9b9d91e096d4f7574d2c10b1,text/html,2021 classic cider trophy classes 1.1-3.4
international-cider-awards,2021,https://www.brewingawards.org/winner/2021-2/flavoured-cider-trophy-class-5-15-26-2021/,data/source/web/international-cider-awards/2021/cider-flavoured.html,official,2026-09-13T20:09:21Z,200,158659,1d689a95c21461aff4917d6693595990c5840b2479d1012da55856c075c1f9ac,text/html,"2021 flavoured cider trophy classes 5.1,5.2,6"
international-cider-awards,2021,https://www.brewingawards.org/winner/2021-2/innovation-trophy-class-7-8-9-10-2021/,data/source/web/international-cider-awards/2021/cider-innovation.html,official,2026-09-13T20:09:23Z,200,167118,a30677d4d3de99f335abf04d8e781fc5071f813191fa6ed922acf73fcd33edc0,text/html,2021 innovation cider trophy classes 7-10
international-cider-awards,2021,https://www.brewingawards.org/winner/2021-2/,data/source/web/international-cider-awards/2021/results.html,official,2026-09-13T20:09:16Z,200,150936,1fe878ce2fa9c9b497837eb88ffc66bf3ade70f9f16a7a29675c9fa1ea1c345f,text/html,2021 winners index page (links to category pages)
international-cider-awards,2021,https://www.brewingawards.org/news/international-brewing-and-cider-award-winners-2021/,data/source/web/international-cider-awards/2021/trophies.html,official,2026-09-13T20:09:25Z,200,147533,5da61fa658ed5728896697e228282980bad9a189320dfac5ef52e1868a548a0d,text/html,2021 trophy winners news post
international-cider-awards,2024,https://www.brewingawards.org/winner/2024-2/international-classic-cider-class-11-21-322-12-22-334-2024/,data/source/web/international-cider-awards/2024/cider-classic.html,official,2026-09-13T20:09:30Z,200,195914,cc33d5ae91e7909ea9a3903625b98dd6f7b408ae5944e9543b7f3c835e3fe3fc,text/html,2024 classic cider classes 1.2-4
international-cider-awards,2024,https://www.brewingawards.org/winner/2024-2/international-flavoured-cider-class-5-15-26-2024/,data/source/web/international-cider-awards/2024/cider-flavoured.html,official,2026-09-13T20:09:32Z,200,161484,81a7d6c4e5ca3700d08f2654fa69a22865e4c0580c2d5aa112144a0d571c6ca2,text/html,"2024 flavoured cider classes 5.1,5.2,6"
international-cider-awards,2024,https://www.brewingawards.org/winner/2024-2/international-innovative-cider-class-789-2024/,data/source/web/international-cider-awards/2024/cider-innovative.html,official,2026-09-13T20:09:35Z,200,167370,8df3989a5b3a0060068d411a262b0ecbc73a70ef8fb4f5932147150811b337e9,text/html,2024 innovative cider classes 7-9
international-cider-awards,2024,https://www.brewingawards.org/awards/cider-medal-announcements-2024/,data/source/web/international-cider-awards/2024/medals.html,official,2026-09-13T20:09:37Z,200,147771,64b31ea6bed6a3036bf9d1fdd86ad5363e7649e0e75f177181b8d9274547b6bd,text/html,2024 cider medal announcements news post (full medal list on one page)
international-cider-awards,2024,https://www.brewingawards.org/winner/2024-2/,data/source/web/international-cider-awards/2024/results.html,official,2026-09-13T20:09:28Z,200,151261,e544b36d29138b8b2c0739cbda99a70c9e62ea118ca485291b60ec08f97c0438,text/html,2024 winners index page (links to category pages)
international-cider-awards,2026,https://www.brewingawards.org/uncategorized/international-cider-awards-2026-medal-winners/,data/source/web/international-cider-awards/2026/results.html,official,2026-09-12T02:15:54Z,200,151243,2ebc7b380ad5afbecdb4111624301ab163cc6294805c989c004cb7c4d50ec803,text/html,captured in an earlier session (2026-09-11); URL taken from the page's canonical link
international-cider-challenge,2018,https://evessio.s3.eu-west-1.amazonaws.com/customer/38fdd951-ed5d-49f2-82f3-ed13e29bcfce/results/Agile_ICC_Taste_all_20250820_cached.json,data/source/web/international-cider-challenge/2018/results.json,official,2026-09-13T20:08:06Z,200,192463,d18091b259d2fefce43c4fb66842b9213f82400bb0feb8c98b3489109c89dd21,application/json,All-years taste results JSON (2018-2025) loaded by internationalciderchallenge.com/page/historical-results-taste; 2018 key has 199 rows; page carries a Google Maps API key so HTML not kept
international-cider-challenge,2019,https://evessio.s3.amazonaws.com/customer/38fdd951-ed5d-49f2-82f3-ed13e29bcfce/results/Agile_ICC2019Taste_cached.json,data/source/web/international-cider-challenge/2019/results.json,official,2026-09-13T20:08:07Z,200,37177,8b27c2119f5a0f18dd63681a33b2661ca00b193525c2e26a0d12373d75d2f30d,application/json,2019 taste results JSON loaded by internationalciderchallenge.com/internationalciderchallenge2019/en/page/2019-results; page carries a Google Maps API key so HTML not kept
international-cider-challenge,2020,https://evessio.s3.amazonaws.com/customer/38fdd951-ed5d-49f2-82f3-ed13e29bcfce/results/Agile_ICC2020_cached.json,data/source/web/international-cider-challenge/2020/results.json,official,2026-09-13T20:08:08Z,200,32462,c8606b6ace1aa9c9b0fd41777960ecc07ea0c0070e0703dee3252d44bc3cac20,application/json,2020 taste results JSON loaded by .../internationalciderchallenge2020/en/page/2020-results; page carries a Google Maps API key so HTML not kept
international-cider-challenge,2021,https://evessio.s3.amazonaws.com/customer/38fdd951-ed5d-49f2-82f3-ed13e29bcfce/results/Agile_ICC2021_20210714_cached.json,data/source/web/international-cider-challenge/2021/results.json,official,2026-09-13T20:08:08Z,200,25421,1c1fd0085860b29dff95f07da64d36e53fcf64623966d3df79bfd3838ed367e3,application/json,2021 taste results JSON loaded by .../internationalciderchallenge2021/en/page/2021-results; page carries a Google Maps API key so HTML not kept
international-cider-challenge,2022,https://evessio.s3.amazonaws.com/customer/38fdd951-ed5d-49f2-82f3-ed13e29bcfce/results/Agile_ICC2022_20220530-2_cached.json,data/source/web/international-cider-challenge/2022/results.json,official,2026-09-13T20:08:09Z,200,32814,38d08f943e7b997cfb4d8cafa19b375fd03ae72dd9794df0b43cf9258ab28a5f,application/json,2022 taste results JSON loaded by .../internationalciderchallenge2022/en/page/2022-results; page carries a Google Maps API key so HTML not kept
international-cider-challenge,2023,https://evessio.s3.eu-west-1.amazonaws.com/customer/38fdd951-ed5d-49f2-82f3-ed13e29bcfce/results/Agile_ICC2022_20230711_cached.json,data/source/web/international-cider-challenge/2023/results.json,official,2026-09-13T20:08:10Z,200,28269,00109f6b79deb7c911faad743a5dbc901c8f4999c7a7bc4de8a3edb818d380e3,application/json,2023 taste results JSON (filename says ICC2022 but dated 2023-07-11) loaded by .../internationalciderchallenge2023/en/page/2023-results; page carries a Google Maps API key so HTML not kept
international-cider-challenge,2024,https://evessio.s3.eu-west-1.amazonaws.com/customer/38fdd951-ed5d-49f2-82f3-ed13e29bcfce/results/Agile_ICC2024_20241008_cached.json,data/source/web/international-cider-challenge/2024/results.json,official,2026-09-13T20:08:10Z,200,21412,42c3a50f852e1b996d7b06740f245c68f35d6a7d63fcfacc482d34bad6a57729,application/json,2024 taste results JSON loaded by .../internationalciderchallenge2024/en/page/2024-results; page carries a Google Maps API key so HTML not kept
international-cider-challenge,2025,https://evessio.s3.eu-west-1.amazonaws.com/customer/38fdd951-ed5d-49f2-82f3-ed13e29bcfce/results/Agile_ICC_Taste_all_20250820_cached.json,data/source/web/international-cider-challenge/2025/results.json,official,2026-09-13T20:08:11Z,200,192463,d18091b259d2fefce43c4fb66842b9213f82400bb0feb8c98b3489109c89dd21,application/json,All-years taste results JSON (2018-2025) loaded by internationalciderchallenge.com/page/historical-results-taste; 2025 key has 105 rows; page carries a Google Maps API key so HTML not kept
japan-cider-cup,2023,https://www.japancidercup.com/results-2023/,data/source/web/japan-cider-cup/2023/results.html,official,2026-09-13T20:13:50Z,200,247824,b1750235e1341b89af297f7328e403db728d02855e9193d72415951351a98d7f,text/html,Official Japan Cider Cup 2023 results page (English site)
japan-cider-cup,2024,https://www.japancidercup.com/results-2024/,data/source/web/japan-cider-cup/2024/results.html,official,2026-09-13T20:13:53Z,200,259737,a176e4e52a42e0599359476e6c80fa89954dd645391150475e67da57fe39d6c8,text/html,Official Japan Cider Cup 2024 results page (English site)
japan-cider-cup,2025,https://www.japancidercup.com/wp-content/uploads/JCC-2025-RESULTS.pdf,data/source/web/japan-cider-cup/2025/results-pdf.pdf,pdf,2026-09-13T20:14:03Z,200,9781032,b912fbe755d814702f1f195aeab5436218c978da008831178dc92a5ccf0777e3,application/pdf,Official Japan Cider Cup 2025 results PDF linked from site menu
japan-cider-cup,2026,https://www.japancidercup.com/wp-content/uploads/JCC-2026-RESULTS.pdf,data/source/web/japan-cider-cup/2026/results-pdf.pdf,pdf,2026-09-13T20:14:09Z,200,5809808,1ba463e48e467a63f61f6c27a91366b6c25a62d307a590da409a2599bff303dc,application/pdf,Official Japan Cider Cup 2026 results PDF linked from site menu
museum-of-cider,2022,https://web.archive.org/web/20230220000000/https://www.cidermuseum.co.uk/cider-perry-competition/,data/source/web/museum-of-cider/2022/results.html,wayback,2026-09-15T12:57:57Z,200,16913,a47e5a81a79e6e367a98e74faa263b82a7213c5eef045a417745a8d7556131c3,text/html,"Pre-redesign competition page as archived 2023-02-20, carrying the full 2022 class results inline (2022 is not yet in the dataset); Google Maps browser API key in an embedded script URL replaced with AIza-REDACTED after capture"
museum-of-cider,2023,https://www.cidermuseum.co.uk/previous-winners/,data/source/web/museum-of-cider/2023/previous-winners.html,official,2026-09-15T12:56:30Z,200,127194,814b7893e882c9d13f5e61054cb60e3cd8147f5f34bcf3e000c44ffa5bedcbd5,text/html,Live museum page listing Overall Champion per year 2018-2026; names 2023 champion Oliver's Cider and Perry (Naturally Sparkling Perry). Full 2023 class results not archived anywhere found.
museum-of-cider,2024,https://web.archive.org/web/20250228143308/https://www.cidermuseum.co.uk/whats-on/cider-perry-competition/,data/source/web/museum-of-cider/2024/competition-page.html,wayback,2026-09-15T12:56:32Z,200,143091,603599e4e5a5034b90e3d60484800323a3e0c0d83d77c62e94060bf45da42891,text/html,Earliest Wayback capture of post-redesign competition page (2025-02-28); says 'See The 2024 Competition Results' but only links the 2024 entry schedule PDF (Cider-and-Perry-Competition-2024.pdf); no entrant names on page.
museum-of-cider,2024,https://www.cidermuseum.co.uk/previous-winners/,data/source/web/museum-of-cider/2024/previous-winners.html,official,2026-09-15T12:56:31Z,200,127194,814b7893e882c9d13f5e61054cb60e3cd8147f5f34bcf3e000c44ffa5bedcbd5,text/html,Live museum page listing Overall Champion per year 2018-2026; names 2024 champion Mr Sam Everitt (Single Variety Cider). Full 2024 class results not archived anywhere found.
museum-of-cider,2025,https://web.archive.org/web/20251010192057/https://www.cidermuseum.co.uk/whats-on/cider-perry-competition/,data/source/web/museum-of-cider/2025/results.html,wayback,2026-09-13T20:06:21Z,200,146211,07d60583af0c561f21a84701ed58da0d73d464cd2c1227c6df9c8bd06d02069c,text/html,Wayback 2025-10-10 capture of competition page showing 2025 results (page is overwritten yearly)
museum-of-cider,2026,https://www.cidermuseum.co.uk/whats-on/cider-perry-competition/,data/source/web/museum-of-cider/2026/results.html,official,2026-09-12T02:15:10Z,200,151298,d9022dd274c21bf037699c0cd1f300602c2a8043385bb264cf2d43e124b4f664,text/html,captured in an earlier session (2026-09-11); URL taken from the page's canonical link
nordic-international-cider-awards,2022,https://drive.usercontent.google.com/download?id=1x-bQ9aAse21CyLXa_8TKgtyTD6p_362G&export=download,data/source/web/nordic-international-cider-awards/2022/full-results-pdf.pdf,pdf,2026-09-13T20:12:29Z,200,188677,ad6677a6f777dbcc4e25e71209b0ec098faea40c4b1568918a2eac7d40d03ff5,application/octet-stream,"NICA 2022 full results PDF (6 pages, all medals by category) linked from siderlandet.no/en/nica-results/ (Google Drive file 1x-bQ9aAse21CyLXa_8TKgtyTD6p_362G)"
nordic-international-cider-awards,2022,https://www.siderlandet.no/en/nica-results/,data/source/web/nordic-international-cider-awards/2022/results.html,official,2026-09-13T20:12:26Z,200,79917,4ee50c676d2084ee9e67e02af9f9006f5e41e950572b947640f23a3867807fd7,text/html,NICA 2022 Bergen results page on organiser Siderlandet/HANEN site: category winners + link to full results PDF on Google Drive
nordic-international-cider-awards,2023,https://www.celotajs.lv/g/www/cms/c00911/Acid_Dominat_Ranking_01.pdf,data/source/web/nordic-international-cider-awards/2023/acid-dominant-pdf.pdf,pdf,2026-09-13T20:07:53Z,200,3797101,9660ff22879951454511af114f1e7407828743792aec574b3ed58cf69855f45d,application/pdf,NICA 2023 category ranking PDF (Acid_Dominat_Ranking_01)
nordic-international-cider-awards,2023,https://www.celotajs.lv/g/www/cms/c00911/Flavoured_Ciders_Ranking_04.pdf,data/source/web/nordic-international-cider-awards/2023/flavoured-pdf.pdf,pdf,2026-09-13T20:08:00Z,200,1618412,60f68aa474b355dfcd3bd5f9008d29ec48583cdcb55d984c7f08b4a3672b3edf,application/pdf,NICA 2023 category ranking PDF (Flavoured_Ciders_Ranking_04)
nordic-international-cider-awards,2023,https://www.celotajs.lv/g/www/cms/c00911/Fruit_Wines_Perries_Ranking_08.pdf,data/source/web/nordic-international-cider-awards/2023/fruit-wines-perries-pdf.pdf,pdf,2026-09-13T20:08:09Z,200,1012633,fdf5e0a868647d7e0a586bb84f7304543ae536324c5b66e936273dea423f9086,application/pdf,NICA 2023 category ranking PDF (Fruit_Wines_Perries_Ranking_08)
nordic-international-cider-awards,2023,https://www.celotajs.lv/g/www/cms/c00911/Ice_ciders_Ranking_07.pdf,data/source/web/nordic-international-cider-awards/2023/ice-cider-pdf.pdf,pdf,2026-09-13T20:08:07Z,200,1022528,0c5efa24c89717cd667b745a62bc4df7e7f686db9afa0876f6ebd84929d0a405,application/pdf,NICA 2023 category ranking PDF (Ice_ciders_Ranking_07)
nordic-international-cider-awards,2023,https://www.celotajs.lv/g/www/cms/c00911/Natursider_Ranking_05.pdf,data/source/web/nordic-international-cider-awards/2023/natursider-pdf.pdf,pdf,2026-09-13T20:08:02Z,200,897895,e23c2ba4149bca2bb82d2fc5b78545304aa163ff13108040c21031e94c0047f5,application/pdf,NICA 2023 category ranking PDF (Natursider_Ranking_05)
nordic-international-cider-awards,2023,https://www.celotajs.lv/g/www/cms/c00911/Open_class_Ranking_09.pdf,data/source/web/nordic-international-cider-awards/2023/open-class-pdf.pdf,pdf,2026-09-13T20:08:11Z,200,1090370,81c91524c5ed4c9f2e1d4032f5041a6b4e662bfff43e8bbffdf60d061e47e27e,application/pdf,NICA 2023 category ranking PDF (Open_class_Ranking_09)
nordic-international-cider-awards,2023,https://www.celotajs.lv/g/www/cms/c00911/Pet_nat_Ranking_06.pdf,data/source/web/nordic-international-cider-awards/2023/pet-nat-pdf.pdf,pdf,2026-09-13T20:08:05Z,200,1536377,c68ac1158f723fd1eeab84efecc2efea85884dba23c904319495b59d7f86a462,application/pdf,NICA 2023 category ranking PDF (Pet_nat_Ranking_06)
nordic-international-cider-awards,2023,https://www.celotajs.lv/en/conf/NICA/results,data/source/web/nordic-international-cider-awards/2023/results.html,official,2026-09-13T20:07:51Z,200,17499,804123f96cffa3b6be5cc45cb17efe90ff24b1a8996f4b0cb74c4c11788c8c86,text/html,"NICA 2023 Riga results index page (celotajs.lv), links 9 category ranking PDFs"
nordic-international-cider-awards,2023,https://www.celotajs.lv/g/www/cms/c00911/Tanin_Dominat_Ranking_02.pdf,data/source/web/nordic-international-cider-awards/2023/tannin-dominant-pdf.pdf,pdf,2026-09-13T20:07:56Z,200,1052942,f44240e2856a90d3a3804c6e2ff77574ccc4df025c68182ff745c743ba9d44d4,application/pdf,NICA 2023 category ranking PDF (Tanin_Dominat_Ranking_02)
nordic-international-cider-awards,2023,https://www.celotajs.lv/g/www/cms/c00911/Wood_or_Barrel-aged_Ranking_03.pdf,data/source/web/nordic-international-cider-awards/2023/wood-barrel-aged-pdf.pdf,pdf,2026-09-13T20:07:58Z,200,829908,61ad72b296c6e20b643868e566f8493c421718d9ae4c92e8512d3b71548d82fa,application/pdf,NICA 2023 category ranking PDF (Wood_or_Barrel-aged_Ranking_03)
northwest-cider-cup,2013,https://www.nwcider.com/wp-content/uploads/2025/04/Portland-International-Cider-Cup-Medals-Awards-2013-2022.pdf,data/source/web/northwest-cider-cup/2013/medals-2013-2022.pdf,pdf,2026-09-13T20:04:05Z,200,117039,612239619798b3f20ff62948524037fa36ac5cdd0c780a34097f25e7c7804177,application/pdf,NWCA compiled medals & awards list for 2013-2022 (all PICC years)
northwest-cider-cup,2014,https://web.archive.org/web/20140826113719/http://www.nwcider.com/news/2014/6/30/portland-international-cider-cup-results-released,data/source/web/northwest-cider-cup/2014/announcement.html,wayback,2026-09-13T20:05:25Z,200,74163,20fbc64e2a70434d55d362987d43bbe60866023dd2a61181c9c4801555cfe0ae,text/html,"NWCA PICC 2014 results announcement (Wayback, Aug 2014)"
northwest-cider-cup,2014,https://web.archive.org/web/20140725233714/http://reverendnatshardcider.com/picc/,data/source/web/northwest-cider-cup/2014/results.html,wayback,2026-09-13T20:02:22Z,200,27491,39d45b978a8ef05bbdc98cbcf1ded16d92d710a42b07c3c14608d51ce5b13f52,text/html,PICC 2014 results on Reverend Nat's site (Wayback)
northwest-cider-cup,2015,https://web.archive.org/web/20150625055900/http://brewpublic.com/craft-cider/3rd-annual-portland-international-cider-cup/,data/source/web/northwest-cider-cup/2015/results.html,wayback,2026-09-13T20:08:51Z,200,43336,e8b5d792adabec25eb1ed1d57e41aa7fea183e9e3e12e007daf76221a781caea,text/html,Brewpublic full medal list for 3rd annual PICC 2015 (Wayback; no nwcider.com 2015 results post found)
northwest-cider-cup,2016,https://www.nwcider.com/2016-7-29-winners-of-the-portland-international-cider-cup-announced/,data/source/web/northwest-cider-cup/2016/results.html,official,2026-09-13T20:01:55Z,200,65194,2b4741e397da0b9aff4a77fddd1f95e352a035151a1179a4822d1b1fe38e4fe6,text/html,PICC 2016 winners announcement
northwest-cider-cup,2017,https://www.nwcider.com/2017-6-15-31-medals-awarded-in-portland-cider-cup-competition/,data/source/web/northwest-cider-cup/2017/results.html,official,2026-09-13T20:01:57Z,200,71047,dd5e3fe1e581303130d3c0ff7767af39ec3bca438c03ca88f7f8cd89070aa0f5,text/html,PICC 2017 winners announcement
northwest-cider-cup,2018,https://www.nwcider.com/2018-portland-international-cider-cup-award-winners-announced/,data/source/web/northwest-cider-cup/2018/results.html,official,2026-09-13T20:04:03Z,200,63376,9ab26a3376983321bbf46ba8fc317fd4c181e5b48ea080c43ba995b6b1e7ee41,text/html,PICC 2018 award winners announcement
northwest-cider-cup,2018,https://web.archive.org/web/20180719023257/http://www.nwcider.com/picc-results-2018/,data/source/web/northwest-cider-cup/2018/winners.html,wayback,2026-09-13T20:05:26Z,200,70693,b805fbbb1fa76983ec1d12d448ed4459fe83fde55acecbf6163d3577c1c46300,text/html,"PICC 2018 full results page (Wayback, Jul 2018)"
northwest-cider-cup,2019,https://www.nwcider.com/picc-2019-winners/,data/source/web/northwest-cider-cup/2019/results.html,official,2026-09-13T20:01:58Z,200,64571,af1bb0a99ed4cd41769fee925d0f8fc527414e31bd3709f1b0947fb1e0e0c4c0,text/html,PICC 2019 winners
northwest-cider-cup,2019,https://web.archive.org/web/20190715195942/https://www.nwcider.com/picc-2019-winners/,data/source/web/northwest-cider-cup/2019/winners.html,wayback,2026-09-15T12:48:40Z,200,25052,95504e7da6396de66374ddda83eee1844e667a557ffd43d87e603abb4ab936ec,text/html,picc-2019-winners page as archived 2019-07-15 (live URL now redirects to the press release)
northwest-cider-cup,2021,https://www.nwcider.com/nw-cider-cup/portland-international-cider-cup-2021-winners/,data/source/web/northwest-cider-cup/2021/results.html,official,2026-09-13T20:01:59Z,200,99682,a80e2db317d6d1437444f29344c5d1866b73aacc9ce9f25482d05168ea18fe5c,text/html,PICC 2021 winners page
northwest-cider-cup,2022,https://www.nwcider.com/picc-2022-winners-announced/,data/source/web/northwest-cider-cup/2022/results.html,official,2026-09-13T20:02:00Z,200,77323,0c2afacbc86b9e6fa44727e4bb03ceb45a3200157692143cca40e9b0e1abe1bc,text/html,PICC 2022 winners announcement
northwest-cider-cup,2022,https://www.nwcider.com/2022-portland-international-cider-cup-winners/,data/source/web/northwest-cider-cup/2022/winners.html,official,2026-09-13T20:03:06Z,200,63479,a8adf09e29526e210f3a47674ba59878b6b9115be7c7381da70882aadd26c6ca,text/html,PICC 2022 full winners list page
northwest-cider-cup,2023,https://www.nwcider.com/nwcc2023/,data/source/web/northwest-cider-cup/2023/results.html,official,2026-09-13T20:02:01Z,200,74421,e09791995c1f13ef0a3527b7049b45a495973b0654471854e0abf4e4cb818449,text/html,Northwest Cider Cup 2023 results
northwest-cider-cup,2024,https://www.nwcider.com/northwest-cider-cup/winners/awards/,data/source/web/northwest-cider-cup/2024/awards-table.html,official,2026-09-13T20:08:45Z,200,172747,68080102d4bbf7fd2949d93ef3929bbcfee9ef2a60653e26b30c7bf06d59f31b,text/html,NWCA server-rendered table of winners 2023-2026 (static HTML; also links Winner's Guide PDFs)
northwest-cider-cup,2024,https://www.nwcider.com/2024-nw-cider-cup-winners-announced/,data/source/web/northwest-cider-cup/2024/results.html,official,2026-09-13T20:03:07Z,200,68490,449ef4ffda849f297bfe9f6fb954de39782882f870c70f1fa163f747fd660154,text/html,NWCC 2024 winners announcement
northwest-cider-cup,2024,https://www.nwcider.com/wp-content/uploads/2024/06/2024-NW-Cider-Cup-Winners-Guide.pdf,data/source/web/northwest-cider-cup/2024/winners-guide.pdf,pdf,2026-09-13T20:07:50Z,200,1475293,8f4dee6bbc3bef32be6cb2b81197fa94c9c855f57e18cdf89c09e27af7e34955,application/pdf,NWCC 2024 Winner's Guide PDF (full medal list)
northwest-cider-cup,2025,https://www.nwcider.com/2025-nw-cider-cup-winners-announced/,data/source/web/northwest-cider-cup/2025/announcement.html,official,2026-09-13T20:04:04Z,200,65948,04721ee8679b37dc5a01e264f5729906033ff3ba4c3b96015721bd32b6857617,text/html,NWCC 2025 winners announcement (official)
northwest-cider-cup,2025,https://cidercraftmag.com/2025-nw-cider-cup-winners-announced/,data/source/web/northwest-cider-cup/2025/results.html,press,2026-09-11T23:34:55Z,200,486514,8489f2769319c2b0346569abe27c3f30b298fa990770447fef85fa871feabfd8,text/html,"Cidercraft report on the 2025 Cup (57 medals, 18 categories, 29 cideries); captured in an earlier session"
northwest-cider-cup,2025,https://www.nwcider.com/wp-content/uploads/2025/06/2025-Northwest-Cider-Cup-Winners-Guide.pdf,data/source/web/northwest-cider-cup/2025/winners-guide.pdf,pdf,2026-09-13T20:05:16Z,200,2093191,1a8163fab1ab0029cf53ed1e794f2c9bb21c5a48d903c231be8f26e25dc310ac,application/pdf,NWCC 2025 Winner's Guide PDF (full medal list)
northwest-cider-cup,2026,https://www.nwcider.com/2026-nw-cider-cup-winners-announced/,data/source/web/northwest-cider-cup/2026/results.html,official,2026-09-13T20:04:05Z,200,67878,8f6fa0be2e9dea6255139e236730dee5d9e47629b0f0ea218cb4e59daf552665,text/html,NWCC 2026 winners announcement (official)
northwest-cider-cup,2026,https://www.nwcider.com/wp-content/uploads/2026/06/Northwest-Cider-Cup-Winners-Guide-2026.pdf,data/source/web/northwest-cider-cup/2026/winners-guide.pdf,pdf,2026-09-13T20:07:51Z,200,1559224,995606f4de75700b6c9d1ac4b72a35216c694be800ef0560c6761aee7892e45c,application/pdf,NWCC 2026 Winner's Guide PDF (full medal list)
royal-bath-and-west,2023,https://www.bathandwest.com/media/Royal-Bath-and-West-Show-2023-Orchards-and-Cider-Results.pdf,data/source/web/royal-bath-and-west/2023/results-pdf.pdf,pdf,2026-09-13T20:07:41Z,200,419619,53b6b3b02ad624c0c8cb65b27000018b0d6a6385446d4d33a90d88e3d5dffc33,application/pdf,Royal Bath & West Show 2023 Orchards and Cider Results PDF (British Cider Championships)
royal-bath-and-west,2023,https://www.bathandwest.com/royal-bath-and-west-show/competitions/results,data/source/web/royal-bath-and-west/2023/results.html,official,2026-09-13T20:07:40Z,200,76565,8bfb761dc452bf6456699e55eb1ac9dff773b29229ee2fbeeeab54fe0336ed9b,text/html,Bath & West show results index page linking per-year results PDFs (2023 Orchards and Cider Results PDF)
royal-bath-and-west,2024,https://www.bathandwest.com/media/british-cider-championships-results-6-1.pdf,data/source/web/royal-bath-and-west/2024/results-pdf.pdf,pdf,2026-09-13T20:09:29Z,200,102218,c3087c9fa16e921b994c91def7d38e3dd42b3b88fd36bd85bb8ce6aee5eaa649,application/pdf,"British Cider Championships 2024 results PDF (show 30-31 May 2024), linked from Bath & West results page"
royal-bath-and-west,2024,https://britishciderchampionships.com/results,data/source/web/royal-bath-and-west/2024/results.html,official,2026-09-13T20:11:29Z,200,39445,bcfea6321973319e2f52d1ddd5b047f7bb162786d819068a791240d064b5b7eb,text/html,britishciderchampionships.com results index page (competition's own site) linking per-year results PDFs; 2024 PDF captured separately
royal-bath-and-west,2025,https://www.bathandwest.com/media/british-cider-championships-results-12.pdf,data/source/web/royal-bath-and-west/2025/results-pdf.pdf,pdf,2026-09-13T20:09:29Z,200,109485,986320f4e4acc5a64c27415be19366e5e4d8165513f9b7bf628321513b77294a,application/pdf,"British Cider Championships 2025 results PDF (show 29 May 2025), linked from Bath & West results page and britishciderchampionships.com/results"
royal-bath-and-west,2025,https://britishciderchampionships.com/results,data/source/web/royal-bath-and-west/2025/results.html,official,2026-09-13T20:11:30Z,200,39439,0cafbbb8c28483a3d28e840750fb11d2fa49574429486767947d5880a99deb09,text/html,britishciderchampionships.com results index page (competition's own site) linking per-year results PDFs; 2025 PDF captured separately
royal-bath-and-west,2026,https://www.bathandwest.com/media/British-Cider-Championship-Results_-1.pdf,data/source/web/royal-bath-and-west/2026/results-pdf.pdf,pdf,2026-09-13T20:11:28Z,200,159582,33fba54a1f0c4a9055eeb862848229588e300150538bbf3b884f9c32e409045a,application/pdf,British Cider Championships 2026 results PDF (labelled 2026 on bathandwest.com results page and britishciderchampionships.com/results)
royal-bath-and-west,2026,https://britishciderchampionships.com/results,data/source/web/royal-bath-and-west/2026/results.html,official,2026-09-13T20:11:31Z,200,39471,b0da863d324b7404f0553d7ca9d60e22654500aa32bf66397eb47d6619539995,text/html,britishciderchampionships.com results index page (competition's own site) linking per-year results PDFs; 2026 PDF captured separately
royal-three-counties,2023,https://royalthreecounties.co.uk/wp-content/uploads/2023/07/Competition-Results-2023.pdf,data/source/web/royal-three-counties/2023/results-pdf.pdf,pdf,2026-09-13T20:10:25Z,200,61924,1f6918e04a7789951f470462a18ca2011dbdae1f0a11ad1b4555f932254b7839,application/pdf,Three Counties International Cider & Perry Competition 2023 results PDF (judged 16 June 2023)
royal-three-counties,2023,https://web.archive.org/web/20231203110718/https://www.royalthreecounties.co.uk/compete/,data/source/web/royal-three-counties/2023/results.html,wayback,2026-09-13T20:12:57Z,200,113712,7aa478dc636415fea102a918c8257faacab2c65e9f4a357cc037c542810083b0,text/html,Wayback 2023-12-03 capture of Royal Three Counties compete page linking the 2023 cider & perry competition results PDF
royal-three-counties,2024,https://royalthreecounties.co.uk/wp-content/uploads/2024/07/Cider-and-Perry-Competition-results-june2024.pdf,data/source/web/royal-three-counties/2024/results-pdf.pdf,pdf,2026-09-13T20:10:25Z,200,54380,7893c5c37c7d6fbef7fd91dfa53920df620cc819c24f65bbffe8e91999263b60,application/pdf,Three Counties International Cider & Perry Competition 2024 results PDF (judged 14 June 2024)
royal-three-counties,2024,https://web.archive.org/web/20241112135135/https://royalthreecounties.co.uk/compete/,data/source/web/royal-three-counties/2024/results.html,wayback,2026-09-13T20:13:07Z,200,129527,f4c2e85bff61c7d2802bea6b4b4437efab14789e315039f72e561c1a4f7c8161,text/html,Wayback 2024-11-12 capture of Royal Three Counties compete page linking the 2024 cider & perry competition results PDF
royal-three-counties,2025,https://royalthreecounties.co.uk/wp-content/uploads/2025/06/Competition-results-june20251.pdf,data/source/web/royal-three-counties/2025/results-pdf.pdf,pdf,2026-09-13T20:10:26Z,200,117667,0aa3efe4fe60c0932c08ea177d37bb16434625776c8f807b08776581ab276fa7,application/pdf,"Three Counties International Cider Competition 2025 results PDF (judged 13 June 2025; cider only, perry moved to Autumn Show)"
royal-three-counties,2025,https://web.archive.org/web/20251017180507/https://royalthreecounties.co.uk/compete/,data/source/web/royal-three-counties/2025/results.html,wayback,2026-09-13T20:11:42Z,200,117708,bca75c0a5018d4414bce6dff53ecf0f1eed6b943283104ea25299a2aec75d2d5,text/html,Wayback 2025-10-17 capture of Royal Three Counties compete page linking the 2025 cider competition results PDF
royal-three-counties,2026,https://tccpa.co.uk/the-winners-of-the-2026-international-cider-championships-at-the-royal-three-counties-show/,data/source/web/royal-three-counties/2026/results.html,press,2026-09-13T20:12:30Z,200,64181,0ec9c6334e6ed59f18a05161ef668b5c63cd7310693fcddc75bdb49a7dff31ca,text/html,Three Counties Cider & Perry Association (competition organiser) post with full class-by-class 2026 results; no results PDF found on royalthreecounties.co.uk
sagardo-forum,2017,https://locaporlasidra.com/ii-sagardo-forum-jornadas-la-sidra,data/source/web/sagardo-forum/2017/press-locaporlasidra.html,press,2026-09-15T13:12:50Z,200,78081,b33018bf005512c43e945aca52662bf6750834c0e059937d4cf1bb4a4178b595,text/html,Loca por la Sidra blog report on II Sagardo Forum 2017: per-category medal counts and winners with their scores (ES)
sagardo-forum,2017,https://web.archive.org/web/20180217124846/http://www.sagardoarenlurraldea.eus/es/sagardo-forum/concurso-sidra-internacional/resultados/,data/source/web/sagardo-forum/2017/results-wayback.html,wayback,2026-09-15T13:12:48Z,200,96065,af56c94defdbfe0c95f21101e0fc4afdde392d506635587f22d9ae69d834ccaf,text/html,Wayback Feb 2018 of the 'Resultados' page as published after the 2017 competition (Best of show and category winners only)
sagardo-forum,2017,https://sagardoarenlurraldea.eus/es/blog/concurso-sagardo-forum/,data/source/web/sagardo-forum/2017/results.html,official,2026-09-15T13:12:46Z,200,402382,c03a7dfc2fd507fd760a3461500a1efc6a1bbc949bba6fe1b69a8be5688f06f6,text/html,"Sagardoaren Lurraldea post 25 Nov 2017 on the first Sagardo Forum International Cider Competition (held within II Sagardo Forum): category winners and medal counts only, no full list (ES); Google Maps browser API key in an embedded script URL replaced with AIza-REDACTED after capture"
sagardo-forum,2019,https://sagardoarenlurraldea.eus/wp-content/uploads/2020/02/Sagardo-Forum-2019_Revista.pdf,data/source/web/sagardo-forum/2019/results-pdf.pdf,pdf,2026-09-15T13:12:53Z,200,1682981,6b988515d4496e99e5c51272e9bcad9d0f2d63efc34718f5386baf9abb1cf5d0,application/pdf,Sagardo Forum 2019 magazine (ES): 'Premiados' pages list every gold/silver/bronze medal with points per category
sagardo-forum,2019,https://sagardoarenlurraldea.eus/es/blog/una-sidra-vasco-estadounidense-destaca-entre-las-190-presentadas-al-ii-concurso-de-sidra-internacional-sagardo-forum/,data/source/web/sagardo-forum/2019/results.html,official,2026-09-15T13:12:52Z,200,387561,9c607f81faa425ccc52eea62f7baa214ad66bcc7c5b9f4b1b0c2c80009a72f93,text/html,Sagardoaren Lurraldea post 25 Nov 2019: II Sagardo Forum International Cider Competition (III Sagardo Forum) medal summary by category (ES); Google Maps browser API key in an embedded script URL replaced with AIza-REDACTED after capture
sagardo-forum,2021,https://sagardoarenlurraldea.eus/wp-content/uploads/2021/11/Sagardo-Forum-2021_Lehiaketa_Puntuaciones_2.pdf,data/source/web/sagardo-forum/2021/results-pdf.pdf,pdf,2026-09-15T13:12:56Z,200,213163,76d1d615cf3d1e475a9ed221178e0438fced367eeb49ab920fdd5a7f1a430e7c,application/pdf,Sagardo Forum 2021 competition scores PDF (ES): full list of medals with points per category
sagardo-forum,2021,https://sagardoarenlurraldea.eus/es/blog/una-sidra-de-hielo-asturiana-destaca-entre-las-205-presentadas-al-iii-concurso-de-sidra-internacional-sagardo-forum/,data/source/web/sagardo-forum/2021/results.html,official,2026-09-15T13:12:55Z,200,388082,f6b25f6b7be5424dadc1129062e22c66c446ddadb127de642514c3c7d27d9fad,text/html,Sagardoaren Lurraldea post 22 Nov 2021: III Sagardo Forum International Cider Competition (IV Sagardo Forum) medal summary by category (ES); Google Maps browser API key in an embedded script URL replaced with AIza-REDACTED after capture
sagardo-forum,2023,https://sagardoarenlurraldea.eus/wp-content/uploads/2023/12/Sagardo-Forum-2023_Lehiaketa_Resultados-1.pdf,data/source/web/sagardo-forum/2023/results-pdf.pdf,pdf,2026-09-13T20:11:30Z,200,186705,16b0c5e6566529648b4f2e9cca32f778794ac69da03e4d25b1a398d564e6019b,application/pdf,IV Sagardo Forum 2023 international cider competition full results PDF (ES)
sagardo-forum,2023,https://sagardoarenlurraldea.eus/es/sagardo-forum/resultados/,data/source/web/sagardo-forum/2023/results.html,official,2026-09-13T20:11:27Z,200,334655,b314ffcfbd44e1914b9c6e42137964e5931adffec022a3bac50a6cd825d20f92,text/html,Sagardoaren Lurraldea 'Resultados' page (ES) linking the 2023 full results PDF; Google Maps browser API key in an embedded script URL replaced with AIza-REDACTED after capture
sagardo-forum,2025,https://sagardoarenlurraldea.eus/wp-content/uploads/2025/11/Sagardo-Forum-2025-Domina-guztiak-webgunerako-ES-1.pdf,data/source/web/sagardo-forum/2025/results-pdf.pdf,pdf,2026-09-13T20:11:35Z,200,272002,20577a7c2becf291003fb147a549b101f776c78851cf59e1c64a4271b624e23d,application/pdf,VI Sagardo Forum 2025 international cider competition all medals PDF (ES)
sagardo-forum,2025,https://sagardoarenlurraldea.eus/es/sagardo-forum/concurso-sidra-internacional/,data/source/web/sagardo-forum/2025/results.html,official,2026-09-13T20:11:33Z,200,350944,a1e2564dba86c30b38594e44d5c4a1f2c933fab2d500f6cde2ecd100754db3c6,text/html,Sagardoaren Lurraldea 'Concurso Internacional de Sidra' page (ES) linking the 2025 all-medals PDF; Google Maps browser API key in an embedded script URL replaced with AIza-REDACTED after capture
sisga,2014,https://web.archive.org/web/20141222165144/http://www.lasidra.as/descargues/premiossisga14.pdf,data/source/web/sisga/2014/results-pdf.pdf,wayback,2026-09-15T13:12:57Z,200,1548373,3844e39f6229f5e246571e7aab109d83e8c05b7094a08284ae2686c79d0701c7,application/pdf,La Sidra magazine Nb.131 (Nov 2014) 'Premios SISGA' pages (IV SISGA 2014 award list) PDF via Wayback; lasidra.as original gone
sisga,2015,https://www.lasidra.net/estiu-de-los-llagares-asturianos-nel-v-sisga/,data/source/web/sisga/2015/results.html,official,2026-09-15T13:12:58Z,200,178755,5048fa4dde96d155c881aa8016029d8f50be1d51c5d5699d1da75a5623f23b42,text/html,"La Sidra 'Esitu de los llagares asturianos nel V SISGA' (AST): full V SISGA 2015 award list, 1st-3rd per category"
sisga,2016,https://www.lesfartures.com/2016/10/cena-de-las-sidras-de-gala-2016-premios.html,data/source/web/sisga/2016/press-lesfartures.html,press,2026-09-15T13:13:00Z,200,181047,d4fbdc28d1740f01dedd8d3414821e4903dfc8e081a9e657b0bc492b6cbc3eb2,text/html,Les Fartures blog: VI SISGA 2016 gala dinner and category winners list (ES)
sisga,2016,https://www.lasidra.net/nuechi-de-premios-del-vi-sisga/,data/source/web/sisga/2016/results.html,official,2026-09-15T13:12:59Z,200,172642,7cc67a15cdc7db1040fe9ce8737228db2e06887419a2a9218241c23ce903665e,text/html,La Sidra 'Nuechi de premios del VI SISGA' (AST): VI SISGA 2016 category winners only (no 2nd/3rd places published)
sisga,2017,https://www.lasidra.net/es/premios-sisga17-2/,data/source/web/sisga/2017/results.html,official,2026-09-13T20:16:51Z,200,164412,8041f3818064dd81dea75498d785215315624d85d285f09f2d0f0e1b2f116729,text/html,La Sidra 'Premios SISGA'17' full award list (ES; lasidra.as post migrated to lasidra.net)
sisga,2018,https://www.lasidra.net/es/17-premios-para-asturies-en-sisga/,data/source/web/sisga/2018/results.html,official,2026-09-13T20:16:54Z,200,171968,63c751ce30dab76ff36830c0870b0b93be2de80a7804924122227d1ad4253fff,text/html,La Sidra VIII SISGA 2018 awards post 'Asturies se lleva casi 20 premios...' (ES; migrated from lasidra.as)
sisga,2019,https://www.lasidra.net/es/7-sidras-asturianas-obtienen-el-primer-lugar-de-su-categoria-en-el-certamen-del-xix-sisga/,data/source/web/sisga/2019/results.html,official,2026-09-13T20:16:57Z,200,169631,d9f6010e156bbcdafa4dc7f87cbf5bfebf807cf6cdc1d7ec31a34b8916c883b5,text/html,La Sidra IX SISGA 2019 awards post (ES; migrated from lasidra.as)
sisga,2020,https://www.lasidra.net/es/todos-los-reconocimientos-del-sisga-2020/,data/source/web/sisga/2020/results.html,official,2026-09-13T20:17:00Z,200,187361,2579e02182a608ae9c5ea5a187265a2bb899e05ffa238966faf58f2b1821ec4a,text/html,La Sidra 'Todos los reconocimientos del SISGA 2020' (ES; migrated from lasidra.as)
sisga,2021,https://www.lasidra.net/es/sidras-ganadoras-en-el-certamen-del-xi-sisga/,data/source/web/sisga/2021/results.html,official,2026-09-13T20:17:03Z,200,171823,9d03f157e1c8475f32c9c9788ad5c2dee6a17e74b6d66da96468134dcc80f431,text/html,La Sidra XI SISGA 2021 winning ciders (ES; migrated from lasidra.as)
sisga,2022,https://www.lasidra.net/es/premios-sisga-a-las-mejores-sidras-internacionales-de-gala/,data/source/web/sisga/2022/results.html,official,2026-09-13T20:17:06Z,200,168949,61d5f3df1d141b7751279ce74654958d996e3371a54639f05b613aacea19524f,text/html,La Sidra XII SISGA 2022 awards (ES; migrated from lasidra.as)
sisga,2023,https://www.lasidra.net/es/premios-sisga23-2/,data/source/web/sisga/2023/results.html,official,2026-09-13T20:17:09Z,200,202237,3aece5d67020003846e8463d4b8d082676b310ca64264ef0c90995a49ea2a03b,text/html,La Sidra 'Premios SISGA'23' (ES; migrated from lasidra.as)
sisga,2024,https://www.lasidra.net/es/premios-sisga-2024-3/,data/source/web/sisga/2024/results.html,official,2026-09-13T20:17:12Z,200,183460,def4ac40d840097808722359bb601cd767ccc5ead75d687cb89e0eacdda8cdfe,text/html,La Sidra 'Premios SISGA 2024' (ES)
sisga,2025,https://www.lasidra.net/es/clasificacion-premios-sisga25/,data/source/web/sisga/2025/results.html,official,2026-09-13T20:17:16Z,200,177355,9268036e9acd07708bb157db9d599b88f4b2f63d4266447f2424ba223f923609,text/html,"La Sidra 'Clasificacion Premios SISGA'25' (ES), XV SISGA held 25-28 Sept 2025"
us-open-cider-championship,2014,https://web.archive.org/web/20151222125332/http://usopenbeer.com/2014-u-s-open-beer-championship-results/,data/source/web/us-open-cider-championship/2014/results.html,wayback,2026-09-13T20:08:02Z,200,39703,ec585389c40f18af731b50c5d0a1d3ced2f0846c4951ce66510964eb71a522b0,text/html,"2014 cider medals were judged within the U.S. Open Beer Championship; results page on usopenbeer.com, Wayback 2015-12-22"
us-open-cider-championship,2015,https://web.archive.org/web/20260216171836/https://theusopenchampionships.com/2015_us_open_cider_medal_winnners/,data/source/web/us-open-cider-championship/2015/results.html,wayback,2026-09-13T20:12:56Z,200,59000,3acc6c68b9a5e3fa7689a495af16b41129abb73461ef943baea03cf3fde5a27b,text/html,"2015 medal winners page on current official site, Wayback 2026-02-16 (live site blocks curl)"
us-open-cider-championship,2016,https://web.archive.org/web/20260216083523/https://theusopenchampionships.com/2016_us_open_cider_medal_winners/,data/source/web/us-open-cider-championship/2016/results.html,wayback,2026-09-13T20:09:11Z,200,62516,fac643a75b51420367c1f5d4335d39530f57e4ac2b90c99db3f7521d15d09008,text/html,"2016 medal winners page on current official site, Wayback 2026-02-16 (live site blocks curl)"
us-open-cider-championship,2017,https://web.archive.org/web/20260216081214/https://theusopenchampionships.com/2017_us_open_cider_medal_winners/,data/source/web/us-open-cider-championship/2017/results.html,wayback,2026-09-13T20:08:09Z,200,63439,1094d3397c80ed513068e479fb5291627f962b3eacee54d4149cd6adfd05ab55,text/html,"2017 medal winners page on current official site, Wayback 2026-02-16 (live site blocks curl)"
us-open-cider-championship,2018,https://web.archive.org/web/20260216172551/https://theusopenchampionships.com/2018-u-s-open-cider-championship-medal-winners/,data/source/web/us-open-cider-championship/2018/results.html,wayback,2026-09-13T20:09:47Z,200,64866,c61f4843332abdf5fe698174dc6fd01eaa8cd4b9fde740ec0e47f77bb5fe0043,text/html,"2018 medal winners page on current official site, Wayback 2026-02-16 (live site blocks curl)"
us-open-cider-championship,2019,https://web.archive.org/web/20260217002336/https://theusopenchampionships.com/2019_us_open_cider_medal_winners/,data/source/web/us-open-cider-championship/2019/results.html,wayback,2026-09-13T20:10:24Z,200,68217,83f21a626fc18f5f82575a2a5f1f4cbefd7c1ce79b13b435991248f5cadb1560,text/html,"2019 medal winners page on current official site, Wayback 2026-02-17 (live site blocks curl)"
us-open-cider-championship,2020,https://web.archive.org/web/20260216234249/https://theusopenchampionships.com/2020-u-s-open-cider-championship-medal-winners/,data/source/web/us-open-cider-championship/2020/results.html,wayback,2026-09-13T20:13:01Z,200,65229,7f59590d8bdf2e26f09d25a86bbfa55cbfce9083dcab33feba1821acc5aa27fa,text/html,"2020 medal winners page on current official site, Wayback 2026-02-16 (live site blocks curl)"
us-open-cider-championship,2021,https://web.archive.org/web/20260512013225/https://theusopenchampionships.com/2021_us_open_cider_medal_winners/,data/source/web/us-open-cider-championship/2021/results.html,wayback,2026-09-13T20:11:02Z,200,70555,56b851f8cd8e3ab0e8906f0119885064da7c9204a258711265b76ca2fb6d36ca,text/html,"2021 medal winners page on current official site, Wayback 2026-05-12 (live site blocks curl)"
us-open-cider-championship,2022,https://web.archive.org/web/20260218063540/https://theusopenchampionships.com/2022_us_open_cider_medal_winners/,data/source/web/us-open-cider-championship/2022/results.html,wayback,2026-09-13T20:08:23Z,200,65543,f94f94929e15daf5bea448b32a5ee8e89c76e3b9e4756b71831439219d51782c,text/html,"2022 medal winners page on current official site, Wayback 2026-02-18 (live site blocks curl)"
us-open-cider-championship,2023,https://web.archive.org/web/20260216174053/https://theusopenchampionships.com/2023_us_open_cider_medal_winners/,data/source/web/us-open-cider-championship/2023/results.html,wayback,2026-09-13T20:08:27Z,200,66097,6f795498cd852a729445f15d8c7950df62fac6eb2e8fabefdd4de5ab62e91de5,text/html,"2023 medal winners page on current official site, Wayback 2026-02-16 (live site blocks curl)"
us-open-cider-championship,2024,https://web.archive.org/web/20260216223812/https://theusopenchampionships.com/2024_cider_medal_winners/,data/source/web/us-open-cider-championship/2024/results.html,wayback,2026-09-13T20:11:32Z,200,69325,bd1fa31ab1c8f50005bd21b924e01d9f3a95a1f13069ef598c7c0ff704499005,text/html,"2024 medal winners page on current official site, Wayback 2026-02-16 (live site blocks curl)"
us-open-cider-championship,2025,https://theusopenchampionships.com/2025-u-s-open-cider-championship-medal-winners/,data/source/web/us-open-cider-championship/2025/results.html,official,2026-09-11T23:33:33Z,200,69550,c8167d3c6d8e16340c5526ebedbd601111b7f6487c5c1d07ca665d990dfd83db,text/html,captured in an earlier session (2026-09-11); URL taken from the page's canonical link
