WID,Medalist,Year,Event,Awards
,101 Cider House,2016,Great Lakes International Cider and Perry Competition,2
,101 Cider House,2018,Great Lakes International Cider and Perry Competition,1
,103 Cider,2023,Nordic International Cider Awards,1
,12 Bridge Ciderworks,2019,Great Lakes International Cider and Perry Competition,4
,12 Bridge Ciderworks,2021,Great Lakes International Cider and Perry Competition,4
,12 Bridge Ciderworks,2022,Northwest Cider Cup,1
,12 Corners Vineyards,2023,Great Lakes International Cider and Perry Competition,3
,13 Brix Cider Bistro,2023,Cidercraft Awards,1
,1785 Cider,2022,International Cider Challenge,1
,1785 Cider,2022,Salón Internacional de les Sidres de Gala (SISGA),1
,1785 Cider,2023,Salón Internacional de les Sidres de Gala (SISGA),2
,1785 Cider,2024,Salón Internacional de les Sidres de Gala (SISGA),1
,19 Acres Cider,2024,Japan Cider Cup,1
,19 Acres Cider Co.,2022,Northwest Cider Cup,1
,19 Acres Cider Co.,2023,Cidercraft Awards,5
,19 Acres Cider Co.,2023,Great Lakes International Cider and Perry Competition,5
,19 Acres Cider Co.,2023,Northwest Cider Cup,1
,19 Acres Cider Co.,2024,Cidercraft Awards,2
,19 Acres Cider Co.,2024,Great Lakes International Cider and Perry Competition,5
,19 Acres Cider Co.,2024,Northwest Cider Cup,2
,1911 Established,2015,Great Lakes International Cider and Perry Competition,6
,1911 Established,2016,Great Lakes International Cider and Perry Competition,9
,1911 Established,2017,Great Lakes International Cider and Perry Competition,8
,1911 Established,2018,U.S. Open Cider Championship,1
,1911 Established,2019,Great Lakes International Cider and Perry Competition,12
,1911 Established,2020,Cidercraft Awards,2
,1911 Established,2021,Great Lakes International Cider and Perry Competition,11
,1911 Established,2022,Cidercraft Awards,1
,1911 Established,2022,Great Lakes International Cider and Perry Competition,14
,1911 Established,2023,Cidercraft Awards,1
,1911 Established,2023,Great Lakes International Cider and Perry Competition,8
,1911 Established,2024,Cidercraft Awards,2
,1911 Established,2024,Great Lakes International Cider and Perry Competition,4
,2 Brothers Brewery,2016,Australian Cider Awards,1
,2 Fools Cider,2019,Great Lakes International Cider and Perry Competition,3
,2 Fools Cider,2021,Great Lakes International Cider and Perry Competition,2
,2 Towns Ciderhouse,2012,Great Lakes International Cider and Perry Competition,5
,2 Towns Ciderhouse,2013,Great Lakes International Cider and Perry Competition,12
,2 Towns Ciderhouse,2014,Great Lakes International Cider and Perry Competition,19
,2 Towns Ciderhouse,2014,U.S. Open Cider Championship,1
,2 Towns Ciderhouse,2015,Great Lakes International Cider and Perry Competition,21
,2 Towns Ciderhouse,2015,Northwest Cider Cup,4
,2 Towns Ciderhouse,2015,U.S. Open Cider Championship,4
,2 Towns Ciderhouse,2016,Great Lakes International Cider and Perry Competition,18
,2 Towns Ciderhouse,2016,Northwest Cider Cup,2
,2 Towns Ciderhouse,2016,U.S. Open Cider Championship,3
,2 Towns Ciderhouse,2017,Cidercraft Awards,4
,2 Towns Ciderhouse,2017,Great Lakes International Cider and Perry Competition,19
,2 Towns Ciderhouse,2017,Northwest Cider Cup,6
,2 Towns Ciderhouse,2017,U.S. Open Cider Championship,2
,2 Towns Ciderhouse,2018,Cidercraft Awards,3
,2 Towns Ciderhouse,2018,Great Lakes International Cider and Perry Competition,26
,2 Towns Ciderhouse,2018,Northwest Cider Cup,10
,2 Towns Ciderhouse,2018,U.S. Open Cider Championship,3
,2 Towns Ciderhouse,2019,Cidercraft Awards,7
,2 Towns Ciderhouse,2019,Great Lakes International Cider and Perry Competition,21
,2 Towns Ciderhouse,2019,Northwest Cider Cup,6
,2 Towns Ciderhouse,2019,U.S. Open Cider Championship,2
,2 Towns Ciderhouse,2021,Great Lakes International Cider and Perry Competition,10
,2 Towns Ciderhouse,2021,Northwest Cider Cup,6
,2 Towns Ciderhouse,2022,Cidercraft Awards,2
,2 Towns Ciderhouse,2022,Great Lakes International Cider and Perry Competition,11
,2 Towns Ciderhouse,2022,Northwest Cider Cup,5
,2 Towns Ciderhouse,2022,U.S. Open Cider Championship,5
,2 Towns Ciderhouse,2023,Cidercraft Awards,3
,2 Towns Ciderhouse,2023,Great Lakes International Cider and Perry Competition,21
,2 Towns Ciderhouse,2023,Northwest Cider Cup,7
,2 Towns Ciderhouse,2024,Cidercraft Awards,7
,2 Towns Ciderhouse,2024,Great Lakes International Cider and Perry Competition,18
,2 Towns Ciderhouse,2024,International Cider Awards,2
,2 Towns Ciderhouse,2024,Northwest Cider Cup,6
,2 Towns Ciderhouse,2024,U.S. Open Cider Championship,6
,26 Acre Craft Cider Company,2017,Great Lakes International Cider and Perry Competition,1
,26 Acre Craft Cider Company,2018,Great Lakes International Cider and Perry Competition,4
,3 Keys Brewing,2019,Great Lakes International Cider and Perry Competition,2
,3 North Vines,2021,Great Lakes International Cider and Perry Competition,3
,3 Sons Cider,2017,Australian Cider Awards,1
,3 Sons Cider,2018,Australian Cider Awards,2
,3 Sons Cider,2019,Australian Cider Awards,4
,3 Sons Cider,2022,Australian Cider Awards,1
,3 Sons Cider,2023,Australian Cider Awards,1
,3 Sons Cider,2024,Australian Cider Awards,3
,3Cs Cider,2014,Great Lakes International Cider and Perry Competition,1
,3Cs Cider,2018,International Cider Challenge,1
,401 Cider Brewery,2016,U.S. Open Cider Championship,1
,401 Cider Brewery,2019,U.S. Open Cider Championship,1
,45 North Vineyard & Winery,2016,Great Lakes International Cider and Perry Competition,4
,45 North Vineyard & Winery,2017,Great Lakes International Cider and Perry Competition,2
,45 North Vineyard & Winery,2018,Great Lakes International Cider and Perry Competition,4
,45 North Vineyard & Winery,2019,Great Lakes International Cider and Perry Competition,4
,5 Penny Hard Cider,2018,Great Lakes International Cider and Perry Competition,1
,5 Penny Hard Cider,2019,Great Lakes International Cider and Perry Competition,2
,5 Penny Hard Cider,2019,U.S. Open Cider Championship,1
,99PINES,2023,Museum of Cider International Cider & Perry Competition,1
,99PINES,2024,Museum of Cider International Cider & Perry Competition,1
,A-Factory Aomori Cidre,2018,International Cider Challenge,3
,A-Factory Aomori Cidre,2019,International Cider Challenge,3
,A-Factory Aomori Cidre,2020,International Cider Challenge,3
,A-Factory Aomori Cidre,2021,International Cider Challenge,4
,A-Factory Aomori Cidre,2023,International Cider Challenge,3
,A-Factory Aomori Cidre,2024,International Cider Challenge,4
,ACE Cider,2015,U.S. Open Cider Championship,2
,ACE Cider,2016,U.S. Open Cider Championship,2
,ACE Cider,2017,U.S. Open Cider Championship,2
,ACE Cider,2018,U.S. Open Cider Championship,2
,ACE Cider,2020,U.S. Open Cider Championship,3
,ACE Cider,2021,U.S. Open Cider Championship,2
,ACE Cider,2022,U.S. Open Cider Championship,2
,ACE Cider,2024,U.S. Open Cider Championship,1
,ALDI Stores Australia,2017,Australian Cider Awards,1
,ALDI Stores Australia,2019,Australian Cider Awards,2
,ALDI Stores Australia,2020,International Cider Challenge,2
,ALDI Stores Australia,2021,International Cider Challenge,2
,ANXO Cider,2016,Great Lakes International Cider and Perry Competition,2
,ANXO Cider,2017,Great Lakes International Cider and Perry Competition,3
,ANXO Cider,2018,Great Lakes International Cider and Perry Competition,5
,ANXO Cider,2019,Great Lakes International Cider and Perry Competition,6
,ANXO Cider,2021,Great Lakes International Cider and Perry Competition,7
,ANXO Cider,2022,Great Lakes International Cider and Perry Competition,6
,ANXO Cider,2023,Sagardo Forum International Cider Competition,4
,ANXO Cider,2024,Great Lakes International Cider and Perry Competition,7
,AVAL Cider,2023,Great Lakes International Cider and Perry Competition,2
,AW Shugg Craft Distiller,2022,Australian Cider Awards,1
,Abavas,2019,International Cider Challenge,4
,Abavas,2022,Nordic International Cider Awards,3
,Abavas,2023,Nordic International Cider Awards,2
,Abavas,2024,CiderWorld Awards,1
,Abbey Orchards,2023,Royal Bath & West Show - British Cider Championships,3
,Abbey Orchards,2024,Royal Bath & West Show - British Cider Championships,4
,Abuls,2020,Salón Internacional de les Sidres de Gala (SISGA),2
,Abuls,2022,Nordic International Cider Awards,1
,Abuls,2022,Salón Internacional de les Sidres de Gala (SISGA),1
,Abuls,2023,CiderWorld Awards,1
,Abuls,2023,Nordic International Cider Awards,3
,Abuls,2023,Salón Internacional de les Sidres de Gala (SISGA),2
,Abuls,2024,Salón Internacional de les Sidres de Gala (SISGA),4
,Aburuza,2017,Sagardo Forum International Cider Competition,1
,Aburuza,2019,Sagardo Forum International Cider Competition,1
,Aburuza,2022,Nordic International Cider Awards,2
,Aburuza,2023,Sagardo Forum International Cider Competition,1
,Acme Cider Co.,2016,Great Lakes International Cider and Perry Competition,1
,Acme Cider Co.,2017,Great Lakes International Cider and Perry Competition,2
,Ad Astra Cider,2023,Royal Bath & West Show - British Cider Championships,4
,Ad Astra Cider,2024,Royal Bath & West Show - British Cider Championships,2
,Adam & Eva,2017,International Cider Awards,1
,Adam's Evening Cider,2019,Australian Cider Awards,3
,Adams Cider Company,2014,Great Lakes International Cider and Perry Competition,1
,Adams Cider Company,2017,Australian Cider Awards,1
,Adams Cider Company,2018,Australian Cider Awards,1
,Adams Cider Company,2018,Great Lakes International Cider and Perry Competition,1
,Adams Cider Company,2019,Australian Cider Awards,1
,Adams Cider Company,2019,U.S. Open Cider Championship,2
,Adams Orchard Cider,2014,Australian Cider Awards,1
,Adams Orchard Cider,2015,Australian Cider Awards,1
,Adesanya Mead & Microbrewery,2021,Great Lakes International Cider and Perry Competition,1
,Adesanya Mead & Microbrewery,2024,Great Lakes International Cider and Perry Competition,1
,AeppelTreow Winery & Distillery,2005,Great Lakes International Cider and Perry Competition,3
,AeppelTreow Winery & Distillery,2006,Great Lakes International Cider and Perry Competition,6
,AeppelTreow Winery & Distillery,2007,Great Lakes International Cider and Perry Competition,3
,AeppelTreow Winery & Distillery,2008,Great Lakes International Cider and Perry Competition,3
,AeppelTreow Winery & Distillery,2009,Great Lakes International Cider and Perry Competition,1
,AeppelTreow Winery & Distillery,2011,Great Lakes International Cider and Perry Competition,7
,AeppelTreow Winery & Distillery,2012,Great Lakes International Cider and Perry Competition,8
,AeppelTreow Winery & Distillery,2013,Great Lakes International Cider and Perry Competition,3
,AeppelTreow Winery & Distillery,2014,Great Lakes International Cider and Perry Competition,9
,AeppelTreow Winery & Distillery,2015,Great Lakes International Cider and Perry Competition,4
,AeppelTreow Winery & Distillery,2016,Great Lakes International Cider and Perry Competition,5
,AeppelTreow Winery & Distillery,2017,Great Lakes International Cider and Perry Competition,2
,AeppelTreow Winery & Distillery,2018,Great Lakes International Cider and Perry Competition,2
,AeppelTreow Winery & Distillery,2019,Great Lakes International Cider and Perry Competition,1
,AeppelTreow Winery & Distillery,2021,Great Lakes International Cider and Perry Competition,3
,AeppelTreow Winery & Distillery,2022,Great Lakes International Cider and Perry Competition,1
,AeppelTreow Winery & Distillery,2023,Great Lakes International Cider and Perry Competition,1
,AeppelTreow Winery & Distillery,2024,Great Lakes International Cider and Perry Competition,4
,Aga Sideri,2022,Nordic International Cider Awards,3
,Aga Sideri,2023,Nordic International Cider Awards,2
,Ainoa Winery,2023,Nordic International Cider Awards,3
,Akiu Winery,2022,Great Lakes International Cider and Perry Competition,1
,Akiu Winery,2024,Japan Cider Cup,3
,Alai Cider,2023,Sagardo Forum International Cider Competition,1
,Alan Berry,2024,Royal Bath & West Show - British Cider Championships,3
,Albemarle CiderWorks,2012,Great Lakes International Cider and Perry Competition,5
,Albemarle CiderWorks,2013,Great Lakes International Cider and Perry Competition,3
,Albemarle CiderWorks,2014,Great Lakes International Cider and Perry Competition,3
,Albemarle CiderWorks,2016,Great Lakes International Cider and Perry Competition,4
,Albemarle CiderWorks,2017,Great Lakes International Cider and Perry Competition,2
,Albemarle CiderWorks,2019,Great Lakes International Cider and Perry Competition,4
,Albemarle CiderWorks,2021,Great Lakes International Cider and Perry Competition,8
,Albemarle CiderWorks,2022,Great Lakes International Cider and Perry Competition,4
,Albemarle CiderWorks,2023,Great Lakes International Cider and Perry Competition,4
,Albemarle CiderWorks,2024,Great Lakes International Cider and Perry Competition,3
,Alde Sider,2021,Sagardo Forum International Cider Competition,3
,Alde Sider,2022,Nordic International Cider Awards,2
,Alde Sider,2023,Nordic International Cider Awards,1
,Alde Sider,2024,International Cider Awards,2
,Alex Hill,2024,Royal Bath & West Show - British Cider Championships,8
,Allagash Brewing Company,2024,Great Lakes International Cider and Perry Competition,1
,Allegheny Cellars Winery,2013,Great Lakes International Cider and Perry Competition,1
,Alma Cider,2021,Great Lakes International Cider and Perry Competition,4
,Alma Cider,2023,Great Lakes International Cider and Perry Competition,3
,Alma Cider,2024,Cidercraft Awards,1
,Alorrenea,2017,Sagardo Forum International Cider Competition,1
,Alorrenea,2019,Sagardo Forum International Cider Competition,2
,Alorrenea,2021,Sagardo Forum International Cider Competition,1
,Alorrenea,2023,Sagardo Forum International Cider Competition,3
,Alpenfire Cider,2011,Great Lakes International Cider and Perry Competition,1
,Alpenfire Cider,2012,Great Lakes International Cider and Perry Competition,2
,Alpenfire Cider,2013,Great Lakes International Cider and Perry Competition,2
,Alpenfire Cider,2014,Great Lakes International Cider and Perry Competition,4
,Alpenfire Cider,2017,Great Lakes International Cider and Perry Competition,1
,Alpenfire Cider,2017,Northwest Cider Cup,1
,Alpenfire Cider,2018,Cidercraft Awards,5
,Alpenfire Cider,2022,Cidercraft Awards,1
,Alpenfire Cider,2023,Northwest Cider Cup,3
,Alpine Cider,2016,Australian Cider Awards,1
,Alpine Cider,2017,Australian Cider Awards,2
,Alte Brennerei,2024,CiderWorld Awards,1
,Alter Ego Cider,2015,Northwest Cider Cup,1
,Alter Ego Cider,2017,Northwest Cider Cup,1
,Alter Ego Cider,2019,Great Lakes International Cider and Perry Competition,4
,Alter Ego Cider,2019,Northwest Cider Cup,1
,Altzueta,2017,Sagardo Forum International Cider Competition,2
,Ambix Spirits,2023,Great Lakes International Cider and Perry Competition,2
,Amble Gård,2023,Nordic International Cider Awards,3
,Ambrosia Orchard,2019,Great Lakes International Cider and Perry Competition,3
,Ambrosia Orchard,2022,Great Lakes International Cider and Perry Competition,3
,Andersen Winery,2017,Salón Internacional de les Sidres de Gala (SISGA),1
,Andersen Winery,2020,Salón Internacional de les Sidres de Gala (SISGA),1
,Andersen Winery,2022,Nordic International Cider Awards,2
,Andersen Winery,2023,Nordic International Cider Awards,2
,Andover Cider Co.,2023,U.S. Open Cider Championship,1
,Angeles Crest Cider,2018,Great Lakes International Cider and Perry Competition,1
,Angeles Crest Cider,2019,Great Lakes International Cider and Perry Competition,1
,Angeles Crest Cider,2021,Great Lakes International Cider and Perry Competition,3
,Angry Orchard,2013,Great Lakes International Cider and Perry Competition,6
,Angry Orchard,2014,Great Lakes International Cider and Perry Competition,6
,Angry Orchard,2014,U.S. Open Cider Championship,3
,Angry Orchard,2015,Great Lakes International Cider and Perry Competition,8
,Angry Orchard,2015,International Cider Awards,2
,Angry Orchard,2015,U.S. Open Cider Championship,4
,Angry Orchard,2016,Great Lakes International Cider and Perry Competition,16
,Angry Orchard,2016,U.S. Open Cider Championship,5
,Angry Orchard,2017,Australian Cider Awards,1
,Angry Orchard,2017,Cidercraft Awards,1
,Angry Orchard,2017,Great Lakes International Cider and Perry Competition,12
,Angry Orchard,2017,International Cider Awards,2
,Angry Orchard,2017,Sagardo Forum International Cider Competition,5
,Angry Orchard,2017,Salón Internacional de les Sidres de Gala (SISGA),1
,Angry Orchard,2017,U.S. Open Cider Championship,4
,Angry Orchard,2018,Great Lakes International Cider and Perry Competition,20
,Angry Orchard,2018,International Cider Challenge,15
,Angry Orchard,2018,U.S. Open Cider Championship,4
,Angry Orchard,2019,Great Lakes International Cider and Perry Competition,13
,Angry Orchard,2019,International Cider Awards,5
,Angry Orchard,2019,International Cider Challenge,10
,Angry Orchard,2019,Sagardo Forum International Cider Competition,9
,Angry Orchard,2020,International Cider Challenge,3
,Angry Orchard,2021,Great Lakes International Cider and Perry Competition,20
,Angry Orchard,2021,International Cider Awards,2
,Angry Orchard,2021,Sagardo Forum International Cider Competition,10
,Angry Orchard,2022,Great Lakes International Cider and Perry Competition,11
,Angry Orchard,2022,U.S. Open Cider Championship,2
,Angry Orchard,2023,Cidercraft Awards,1
,Angry Orchard,2023,Great Lakes International Cider and Perry Competition,19
,Angry Orchard,2023,Museum of Cider International Cider & Perry Competition,1
,Angry Orchard,2023,Sagardo Forum International Cider Competition,1
,Angry Orchard,2024,Great Lakes International Cider and Perry Competition,11
,Anikonic,2022,Nordic International Cider Awards,2
,Anikonic,2023,Nordic International Cider Awards,1
,Annapolis Cider Company,2017,Great Lakes International Cider and Perry Competition,4
,Annapolis Cider Company,2023,Great Lakes International Cider and Perry Competition,7
,Annapolis Cider Company,2024,Great Lakes International Cider and Perry Competition,17
,Apal Sideri,2022,Nordic International Cider Awards,3
,Apal Sideri,2023,CiderWorld Awards,1
,Apal Sideri,2023,Nordic International Cider Awards,1
,Apfelundwein,2024,CiderWorld Awards,1
,Apfelweinhandlung JB,2019,Sagardo Forum International Cider Competition,3
,Apfelweinhandlung JB,2022,Nordic International Cider Awards,3
,Apfelweinkontor,2012,Australian Cider Awards,1
,Apfelweinkontor,2014,Great Lakes International Cider and Perry Competition,1
,Apfelweinkontor,2023,Sagardo Forum International Cider Competition,5
,Apfelweinkontor,2024,CiderWorld Awards,5
,Appalachian Mountain Brewery,2015,U.S. Open Cider Championship,1
,Appalachian Mountain Brewery,2016,U.S. Open Cider Championship,1
,Appalachian Mountain Brewery,2017,U.S. Open Cider Championship,1
,Appie,2018,International Cider Challenge,5
,Appie,2022,Concours Général Agricole,1
,Appie,2023,Concours Général Agricole,1
,Appie,2024,Concours Général Agricole,1
,Apple Barrel Orchards,2023,U.S. Open Cider Championship,1
,Apple Barrel Orchards,2024,U.S. Open Cider Championship,2
,Apple County Cider Co,2019,International Cider Challenge,3
,Apple Hill Cidery,2016,Great Lakes International Cider and Perry Competition,1
,Apple Outlaw,2014,Northwest Cider Cup,2
,Apple Outlaw,2015,Great Lakes International Cider and Perry Competition,5
,Apple Outlaw,2015,Northwest Cider Cup,2
,Apple Outlaw,2016,Northwest Cider Cup,3
,Apple Outlaw,2017,Great Lakes International Cider and Perry Competition,2
,Apple Outlaw,2017,Northwest Cider Cup,1
,Apple Valley Cider Company,2019,Great Lakes International Cider and Perry Competition,3
,Apple Valley Cider Company,2021,Great Lakes International Cider and Perry Competition,4
,Apple Valley Cider Company,2021,U.S. Open Cider Championship,2
,Apple Valley Cider Company,2022,Great Lakes International Cider and Perry Competition,4
,Apple Valley Cider Company,2022,U.S. Open Cider Championship,1
,Apple Valley Cider Company,2023,Great Lakes International Cider and Perry Competition,4
,Apple Valley Cider Company,2023,U.S. Open Cider Championship,1
,Apple Valley Cider Company,2024,U.S. Open Cider Championship,2
,Appleblood Cider,2022,International Cider Challenge,4
,Appleblood Cider,2023,CiderWorld Awards,2
,Appleblood Cider,2023,International Cider Challenge,4
,Appleblood Cider,2023,Nordic International Cider Awards,2
,Appleholic Cider Company,2018,Great Lakes International Cider and Perry Competition,8
,Appleholic Cider Company,2019,Great Lakes International Cider and Perry Competition,5
,Appleholic Cider Company,2021,Great Lakes International Cider and Perry Competition,3
,Araeta,2017,Sagardo Forum International Cider Competition,2
,Araeta,2019,Sagardo Forum International Cider Competition,3
,Araújo Monte,2016,Salón Internacional de les Sidres de Gala (SISGA),1
,Araújo Monte,2017,Sagardo Forum International Cider Competition,2
,Arba Wine,2023,International Cider Challenge,1
,Arba Wine,2024,International Cider Challenge,1
,Archer Brewing,2023,Australian Cider Awards,1
,Archibald James,2022,Northwest Cider Cup,1
,Ardiel Cider House,2018,Great Lakes International Cider and Perry Competition,5
,Argus Cidery,2018,Cidercraft Awards,1
,Arktos Meadery,2016,Great Lakes International Cider and Perry Competition,1
,Armada Cider 1588,2023,International Cider Challenge,1
,Armada Cider 1588,2024,International Cider Challenge,1
,Armageddon Brewing,2024,U.S. Open Cider Championship,2
,Armagh Cider Company,2013,Great Lakes International Cider and Perry Competition,2
,Armagh Cider Company,2014,Great Lakes International Cider and Perry Competition,3
,Arsenal Cider House,2016,Great Lakes International Cider and Perry Competition,6
,Arsenal Cider House,2018,Cidercraft Awards,2
,Arsenal Cider House,2018,Great Lakes International Cider and Perry Competition,9
,Arsenal Cider House,2018,U.S. Open Cider Championship,4
,Arsenal Cider House,2019,Cidercraft Awards,3
,Arsenal Cider House,2019,Great Lakes International Cider and Perry Competition,10
,Arsenal Cider House,2019,U.S. Open Cider Championship,3
,Arsenal Cider House,2020,Cidercraft Awards,1
,Arsenal Cider House,2020,U.S. Open Cider Championship,4
,Arsenal Cider House,2021,Great Lakes International Cider and Perry Competition,11
,Arsenal Cider House,2021,U.S. Open Cider Championship,4
,Arsenal Cider House,2022,Great Lakes International Cider and Perry Competition,9
,Arsenal Cider House,2024,U.S. Open Cider Championship,7
,Artifact Cider Project,2022,Nordic International Cider Awards,1
,Artifact Cider Project,2023,Cidercraft Awards,1
,Artifact Cider Project,2023,Great Lakes International Cider and Perry Competition,3
,Artifact Cider Project,2024,Great Lakes International Cider and Perry Competition,3
,Artistraw Cider,2023,Royal Bath & West Show - British Cider Championships,1
,Artistraw Cider,2024,Royal Bath & West Show - British Cider Championships,8
,Ash & Elm Cider Company,2017,Great Lakes International Cider and Perry Competition,4
,Ash & Elm Cider Company,2018,Great Lakes International Cider and Perry Competition,4
,Ash & Elm Cider Company,2019,Great Lakes International Cider and Perry Competition,1
,Ash & Elm Cider Company,2020,Cidercraft Awards,1
,Aspall,2009,Great Lakes International Cider and Perry Competition,4
,Aspall,2011,Great Lakes International Cider and Perry Competition,5
,Aspall,2012,Great Lakes International Cider and Perry Competition,5
,Aspall,2013,Australian Cider Awards,1
,Aspall,2015,International Cider Awards,1
,Aspall,2016,Australian Cider Awards,1
,Aspall,2017,Australian Cider Awards,1
,Aspall,2018,International Cider Challenge,5
,Aspall,2019,International Cider Awards,1
,Aspall,2021,U.S. Open Cider Championship,1
,Astarbe,2014,Salón Internacional de les Sidres de Gala (SISGA),1
,Astarbe,2017,Sagardo Forum International Cider Competition,2
,Astarbe,2019,Sagardo Forum International Cider Competition,1
,Astarbe,2021,Sagardo Forum International Cider Competition,2
,Aston Manor Cider,2017,Australian Cider Awards,2
,Aston Manor Cider,2017,International Cider Awards,2
,Aston Manor Cider,2018,International Cider Challenge,6
,Aston Manor Cider,2019,International Cider Challenge,6
,Aston Manor Cider,2020,International Cider Challenge,2
,Aston Manor Cider,2021,International Cider Challenge,7
,Aston Manor Cider,2022,International Cider Challenge,5
,Aston Manor Cider,2023,International Cider Challenge,4
,Aston Manor Cider,2024,International Cider Challenge,2
,Asturvisa,2013,Great Lakes International Cider and Perry Competition,2
,Atelier de la Pépie,2024,Concours Régional Cidricole de Bretagne,1
,Atlanta Hard Cider Co.,2019,Great Lakes International Cider and Perry Competition,3
,Atlanta Hard Cider Co.,2019,U.S. Open Cider Championship,1
,Atlanta Hard Cider Co.,2020,U.S. Open Cider Championship,1
,Atlanta Hard Cider Co.,2021,Great Lakes International Cider and Perry Competition,1
,Atlanta Hard Cider Co.,2022,Great Lakes International Cider and Perry Competition,6
,Atlanta Hard Cider Co.,2022,U.S. Open Cider Championship,2
,Atlanta Hard Cider Co.,2023,Great Lakes International Cider and Perry Competition,2
,Atlanta Hard Cider Co.,2024,Great Lakes International Cider and Perry Competition,10
,Atomic Dog Hard Cider,2017,U.S. Open Cider Championship,2
,Atomic Dog Hard Cider,2022,U.S. Open Cider Championship,1
,Au Pressoir du Bélon,2017,Concours Régional Cidricole de Bretagne,3
,Au Pressoir du Bélon,2018,Concours Régional Cidricole de Bretagne,2
,Au Pressoir du Bélon,2019,Concours Régional Cidricole de Bretagne,1
,Au Pressoir du Bélon,2021,Concours Régional Cidricole de Bretagne,1
,Au Pressoir du Bélon,2021,Sagardo Forum International Cider Competition,2
,Au Pressoir du Bélon,2022,Concours Régional Cidricole de Bretagne,2
,Au Pressoir du Bélon,2023,Concours Régional Cidricole de Bretagne,1
,Au Pressoir du Bélon,2024,Concours Régional Cidricole de Bretagne,2
,Austin Eastciders,2012,Great Lakes International Cider and Perry Competition,2
,Austin Eastciders,2016,U.S. Open Cider Championship,1
,Austin Eastciders,2021,Great Lakes International Cider and Perry Competition,2
,Austin Eastciders,2024,U.S. Open Cider Championship,3
,Austrian Cider Company,2020,International Cider Challenge,1
,Austrian Cider Company,2021,International Cider Challenge,1
,Austringer Cider,2023,Museum of Cider International Cider & Perry Competition,1
,Avid Cider,2014,Great Lakes International Cider and Perry Competition,4
,Avid Cider,2017,Great Lakes International Cider and Perry Competition,2
,Avid Cider,2018,U.S. Open Cider Championship,1
,Avid Cider,2019,Cidercraft Awards,1
,Avid Cider,2020,U.S. Open Cider Championship,1
,Avid Cider,2022,Northwest Cider Cup,2
,Avid Cider,2023,Cidercraft Awards,1
,Avid Cider,2023,Great Lakes International Cider and Perry Competition,5
,Avid Cider,2024,Great Lakes International Cider and Perry Competition,5
,Avid Cider,2024,Japan Cider Cup,1
,Avid Cider,2024,Northwest Cider Cup,2
,B. Nektar,2017,Great Lakes International Cider and Perry Competition,2
,B. Nektar,2019,Great Lakes International Cider and Perry Competition,1
,B. Nektar,2022,Great Lakes International Cider and Perry Competition,4
,BC Tree Fruits Cider,2017,Cidercraft Awards,1
,BC Tree Fruits Cider,2018,Cidercraft Awards,1
,BEARDspoon Cider,2024,Museum of Cider International Cider & Perry Competition,1
,Bacha! Cidre,2020,Salón Internacional de les Sidres de Gala (SISGA),1
,Back Bay Brew House,2022,U.S. Open Cider Championship,1
,Baeren Brewery,2024,Japan Cider Cup,2
,Baldorba Naturel & Sagarraleku,2021,Sagardo Forum International Cider Competition,1
,Baldorba Naturel & Sagarraleku,2022,Salón Internacional de les Sidres de Gala (SISGA),1
,Baldorba Naturel & Sagarraleku,2023,Sagardo Forum International Cider Competition,4
,Baldorba Naturel & Sagarraleku,2023,Salón Internacional de les Sidres de Gala (SISGA),3
,Baldorba Naturel & Sagarraleku,2024,Salón Internacional de les Sidres de Gala (SISGA),4
,Balfour Winery,2020,International Cider Challenge,2
,Balfour Winery,2023,International Cider Challenge,1
,Balfour Winery,2024,International Cider Challenge,1
,Balti Sodai,2023,Nordic International Cider Awards,2
,Banditry Cider,2023,Great Lakes International Cider and Perry Competition,3
,Banjo Cider,2021,Great Lakes International Cider and Perry Competition,3
,Banjo Cider,2022,Great Lakes International Cider and Perry Competition,4
,Bantam Cider,2013,Great Lakes International Cider and Perry Competition,2
,Banter's Hard Cider,2017,Great Lakes International Cider and Perry Competition,2
,Banter's Hard Cider,2018,Great Lakes International Cider and Perry Competition,2
,Bardic Brewing & Cider,2021,Great Lakes International Cider and Perry Competition,1
,Barmann Cellars,2024,Northwest Cider Cup,1
,Barossa Cider Co.,2013,Australian Cider Awards,1
,Barossa Cider Co.,2014,Australian Cider Awards,1
,Barossa Cider Co.,2015,Australian Cider Awards,2
,Barossa Cider Co.,2016,Australian Cider Awards,2
,Barossa Cider Co.,2017,Australian Cider Awards,3
,Barossa Cider Co.,2018,Australian Cider Awards,3
,Barossa Cider Co.,2019,Australian Cider Awards,3
,Barossa Cider Co.,2021,Australian Cider Awards,3
,Barossa Cider Co.,2022,Australian Cider Awards,3
,Barossa Cider Co.,2023,Australian Cider Awards,3
,Barossa Cider Co.,2024,Australian Cider Awards,4
,Barrika,2017,Great Lakes International Cider and Perry Competition,1
,Barrika,2018,Great Lakes International Cider and Perry Competition,1
,Bartestree Cider Co,2023,Museum of Cider International Cider & Perry Competition,1
,Batch Brewing Company,2024,Great Lakes International Cider and Perry Competition,2
,Batlow Cider Co.,2015,Australian Cider Awards,1
,Batlow Cider Co.,2016,Australian Cider Awards,3
,Batlow Cider Co.,2017,Australian Cider Awards,4
,Batlow Cider Co.,2018,Australian Cider Awards,4
,Bauman's Cider,2016,Great Lakes International Cider and Perry Competition,2
,Bauman's Cider,2017,Great Lakes International Cider and Perry Competition,1
,Bauman's Cider,2017,Northwest Cider Cup,1
,Bauman's Cider,2018,Cidercraft Awards,2
,Bauman's Cider,2018,Great Lakes International Cider and Perry Competition,3
,Bauman's Cider,2018,Northwest Cider Cup,2
,Bauman's Cider,2019,Cidercraft Awards,3
,Bauman's Cider,2019,Great Lakes International Cider and Perry Competition,8
,Bauman's Cider,2019,Northwest Cider Cup,6
,Bauman's Cider,2021,Great Lakes International Cider and Perry Competition,14
,Bauman's Cider,2021,International Cider Awards,1
,Bauman's Cider,2021,Northwest Cider Cup,8
,Bauman's Cider,2022,Great Lakes International Cider and Perry Competition,22
,Bauman's Cider,2022,Northwest Cider Cup,7
,Bauman's Cider,2023,Cidercraft Awards,5
,Bauman's Cider,2023,Great Lakes International Cider and Perry Competition,27
,Bauman's Cider,2023,Nordic International Cider Awards,1
,Bauman's Cider,2023,Northwest Cider Cup,7
,Bauman's Cider,2024,Cidercraft Awards,3
,Bauman's Cider,2024,Great Lakes International Cider and Perry Competition,22
,Bauman's Cider,2024,International Cider Awards,5
,Bauman's Cider,2024,Northwest Cider Cup,7
,Bauman’s Cider,2024,Japan Cider Cup,5
,Bayfield Winery & Blue Ox Cider,2021,Great Lakes International Cider and Perry Competition,1
,Bayfield Winery & Blue Ox Cider,2024,Great Lakes International Cider and Perry Competition,2
,Baïo,2023,Concours Général Agricole,1
,Beach Bee Meadery,2023,Cidercraft Awards,1
,Beach Bee Meadery,2023,Great Lakes International Cider and Perry Competition,4
,Beach Bee Meadery,2023,U.S. Open Cider Championship,1
,Bear Cider,2015,Salón Internacional de les Sidres de Gala (SISGA),1
,Bear Cider,2017,Sagardo Forum International Cider Competition,2
,Bear Cider,2018,Salón Internacional de les Sidres de Gala (SISGA),2
,Bear Cider,2019,Great Lakes International Cider and Perry Competition,1
,Beard and Sabre,2018,International Cider Challenge,2
,Beard and Sabre,2020,International Cider Challenge,1
,Beaver Valley Orchard & Cidery,2014,Great Lakes International Cider and Perry Competition,1
,Beaver Valley Orchard & Cidery,2015,Great Lakes International Cider and Perry Competition,3
,Beaver Valley Orchard & Cidery,2016,Great Lakes International Cider and Perry Competition,4
,Beaver Valley Orchard & Cidery,2017,Great Lakes International Cider and Perry Competition,2
,Beaver Valley Orchard & Cidery,2018,Great Lakes International Cider and Perry Competition,2
,Beaver Valley Orchard & Cidery,2019,Great Lakes International Cider and Perry Competition,2
,Beaver Valley Orchard & Cidery,2021,Great Lakes International Cider and Perry Competition,9
,Bee Well Mead & Cider,2016,Great Lakes International Cider and Perry Competition,6
,Bee Well Mead & Cider,2017,Great Lakes International Cider and Perry Competition,6
,Bee Well Mead & Cider,2018,Great Lakes International Cider and Perry Competition,3
,Bee Well Mead & Cider,2019,Great Lakes International Cider and Perry Competition,3
,Bee Well Mead & Cider,2021,Great Lakes International Cider and Perry Competition,7
,Bee Well Mead & Cider,2022,Great Lakes International Cider and Perry Competition,1
,Bee Well Mead & Cider,2023,Great Lakes International Cider and Perry Competition,5
,Begiristain Sagardotegia,2017,Sagardo Forum International Cider Competition,2
,Begiristain Sagardotegia,2019,Sagardo Forum International Cider Competition,1
,Bel Lago Winery,2015,Great Lakes International Cider and Perry Competition,1
,Bel Lago Winery,2016,Great Lakes International Cider and Perry Competition,2
,Bembel With Care,2017,Sagardo Forum International Cider Competition,5
,Bembel With Care,2019,International Cider Challenge,1
,Bembel With Care,2022,Salón Internacional de les Sidres de Gala (SISGA),1
,Bend Cider Company,2021,Northwest Cider Cup,1
,Benjamin Jaffe - Dinnington Cider Press,2023,Royal Bath & West Show - British Cider Championships,5
,Bent Ladder,2019,Great Lakes International Cider and Perry Competition,3
,Bent Ladder,2019,U.S. Open Cider Championship,1
,Bent Ladder,2020,Cidercraft Awards,1
,Bent Ladder,2021,U.S. Open Cider Championship,2
,Bent Ladder,2022,Great Lakes International Cider and Perry Competition,3
,Bent Ladder,2022,U.S. Open Cider Championship,1
,Bent Ladder,2023,Cidercraft Awards,1
,Bent Ladder,2023,Great Lakes International Cider and Perry Competition,4
,Bent Ladder,2023,U.S. Open Cider Championship,2
,Bent Ladder,2024,U.S. Open Cider Championship,1
,Bere Cider Company,2023,Royal Bath & West Show - British Cider Championships,7
,Bere Cider Company,2024,International Cider Challenge,1
,Bere Cider Company,2024,Royal Bath & West Show - British Cider Championships,3
,Bereziartua,2015,Great Lakes International Cider and Perry Competition,1
,Bereziartua,2016,Great Lakes International Cider and Perry Competition,3
,Bereziartua,2017,Great Lakes International Cider and Perry Competition,2
,Bereziartua,2017,Sagardo Forum International Cider Competition,1
,Bereziartua,2018,Great Lakes International Cider and Perry Competition,1
,Bereziartua,2021,Great Lakes International Cider and Perry Competition,1
,Bereziartua,2023,CiderWorld Awards,3
,Bereziartua,2024,CiderWorld Awards,2
,Berkshire Cider Project,2023,Great Lakes International Cider and Perry Competition,3
,Berkshire Cider Project,2024,Great Lakes International Cider and Perry Competition,3
,Berryland,2021,Sagardo Forum International Cider Competition,5
,Berryland,2021,Salón Internacional de les Sidres de Gala (SISGA),2
,Better Cider,2023,Royal Bath & West Show - British Cider Championships,1
,BetterCider - Bristol University,2024,Royal Bath & West Show - British Cider Championships,3
,Betzi Cidergeil,2023,CiderWorld Awards,1
,Beverīnas Dzērieni,2023,Nordic International Cider Awards,1
,Bi-Marct,2018,International Cider Challenge,1
,Bi-Marct,2024,International Cider Challenge,1
,Biddenden Vineyards,2018,International Cider Challenge,2
,Biddenden Vineyards,2023,International Cider Challenge,2
,Bier Distillery,2017,Great Lakes International Cider and Perry Competition,1
,Bier Distillery,2019,Great Lakes International Cider and Perry Competition,1
,Big B's Hard Cider,2013,Great Lakes International Cider and Perry Competition,1
,Big B's Hard Cider,2014,Great Lakes International Cider and Perry Competition,2
,Big B's Hard Cider,2015,Great Lakes International Cider and Perry Competition,7
,Big B's Hard Cider,2016,Great Lakes International Cider and Perry Competition,3
,Big B's Hard Cider,2016,U.S. Open Cider Championship,1
,Big B's Hard Cider,2017,Cidercraft Awards,1
,Big B's Hard Cider,2017,Great Lakes International Cider and Perry Competition,7
,Big B's Hard Cider,2018,Great Lakes International Cider and Perry Competition,6
,Big B's Hard Cider,2018,U.S. Open Cider Championship,1
,Big B's Hard Cider,2019,Cidercraft Awards,2
,Big B's Hard Cider,2019,Great Lakes International Cider and Perry Competition,6
,Big B's Hard Cider,2019,U.S. Open Cider Championship,1
,Big Belly Ciderworks,2016,Great Lakes International Cider and Perry Competition,1
,Big Belly Ciderworks,2017,Great Lakes International Cider and Perry Competition,1
,Big Belly Ciderworks,2018,Great Lakes International Cider and Perry Competition,2
,Big Fish Cider Co.,2016,Great Lakes International Cider and Perry Competition,3
,Big Fish Cider Co.,2017,Great Lakes International Cider and Perry Competition,3
,Big Fish Cider Co.,2018,Great Lakes International Cider and Perry Competition,1
,Big Fish Cider Co.,2019,Great Lakes International Cider and Perry Competition,3
,Big Fish Cider Co.,2020,U.S. Open Cider Championship,2
,Big Fish Cider Co.,2021,Great Lakes International Cider and Perry Competition,6
,Big Fish Cider Co.,2022,Great Lakes International Cider and Perry Competition,4
,Big Fish Cider Co.,2023,Great Lakes International Cider and Perry Competition,5
,Big Fish Cider Co.,2024,Great Lakes International Cider and Perry Competition,4
,Big Hill Ciderworks,2014,Great Lakes International Cider and Perry Competition,1
,Big Hill Ciderworks,2016,Great Lakes International Cider and Perry Competition,3
,Big Hill Ciderworks,2016,U.S. Open Cider Championship,1
,Big Hill Ciderworks,2017,Great Lakes International Cider and Perry Competition,3
,Big Hill Ciderworks,2017,U.S. Open Cider Championship,1
,Big Hill Ciderworks,2018,Great Lakes International Cider and Perry Competition,4
,Big Hill Ciderworks,2019,Great Lakes International Cider and Perry Competition,2
,Big Shed Brewing,2016,Australian Cider Awards,1
,Big Shed Brewing,2021,Australian Cider Awards,1
,Bignose & Beardy,2022,International Cider Challenge,1
,Bignose & Beardy,2023,International Cider Challenge,2
,Bignose & Beardy,2024,International Cider Challenge,1
,Bilpin Cider,2013,Australian Cider Awards,2
,Bilpin Cider,2015,Australian Cider Awards,2
,Bilpin Cider,2016,Australian Cider Awards,3
,Bilpin Cider,2017,Australian Cider Awards,3
,Bilpin Cider,2018,Australian Cider Awards,4
,Bilpin Cider,2019,Australian Cider Awards,4
,Bilpin Cider,2021,Australian Cider Awards,2
,Bilpin Cider,2022,Australian Cider Awards,4
,Bilpin Cider,2023,Australian Cider Awards,8
,Bilpin Cider,2024,Australian Cider Awards,8
,Bird Dog Cider,2023,Great Lakes International Cider and Perry Competition,2
,Bird Dog Cider,2024,Great Lakes International Cider and Perry Competition,7
,Birkenhof Hofheim,2023,CiderWorld Awards,1
,Bishop Cider Company,2018,Great Lakes International Cider and Perry Competition,4
,Bishop Cider Company,2019,Cidercraft Awards,1
,Bishops Orchards Winery,2014,Great Lakes International Cider and Perry Competition,6
,Bishops Orchards Winery,2015,Great Lakes International Cider and Perry Competition,5
,Bishops Orchards Winery,2016,Great Lakes International Cider and Perry Competition,4
,Bizio,2022,Nordic International Cider Awards,3
,Bizio,2023,Sagardo Forum International Cider Competition,2
,Bjerregaarden,2022,Nordic International Cider Awards,3
,Bjerregaarden,2023,Nordic International Cider Awards,1
,Black Apple,2021,Great Lakes International Cider and Perry Competition,3
,Black Apple,2023,Great Lakes International Cider and Perry Competition,4
,Black Apple Hard Cider,2020,Cidercraft Awards,3
,Black Apple Hard Cider,2020,U.S. Open Cider Championship,1
,Black Apple Hard Cider,2021,U.S. Open Cider Championship,2
,Black Apple Hard Cider,2023,U.S. Open Cider Championship,4
,Black Apple Hard Cider,2024,Cidercraft Awards,1
,Black Apple Hard Cider,2024,International Cider Awards,1
,Black Bear Cider Co.,2021,Great Lakes International Cider and Perry Competition,2
,Black Bear Cider Co.,2022,Great Lakes International Cider and Perry Competition,2
,Black Devil Cider,2018,Great Lakes International Cider and Perry Competition,1
,Black Diamond Cider,2017,Great Lakes International Cider and Perry Competition,4
,Black Diamond Cider,2018,Great Lakes International Cider and Perry Competition,6
,Black Diamond Cider,2019,Great Lakes International Cider and Perry Competition,2
,Black Diamond Cider,2021,Great Lakes International Cider and Perry Competition,6
,Black Diamond Cider,2022,Great Lakes International Cider and Perry Competition,4
,Black Diamond Cider,2023,Cidercraft Awards,1
,Black Diamond Cider,2023,Great Lakes International Cider and Perry Competition,4
,Blackgrass Ciderworks,2021,Great Lakes International Cider and Perry Competition,11
,Blackgrass Ciderworks,2021,U.S. Open Cider Championship,1
,Blackgrass Ciderworks,2022,Great Lakes International Cider and Perry Competition,4
,Blackgrass Ciderworks,2023,Great Lakes International Cider and Perry Competition,4
,Blackman Cider Co.,2019,Great Lakes International Cider and Perry Competition,4
,Blackmore Vale Cider,2023,Royal Bath & West Show - British Cider Championships,7
,Blacksmiths Winery,2012,Great Lakes International Cider and Perry Competition,2
,BlakStoc,2017,International Cider Awards,1
,BlakStoc,2018,International Cider Challenge,5
,BlakStoc,2019,International Cider Challenge,5
,Blake's Hard Cider Co.,2014,Great Lakes International Cider and Perry Competition,2
,Blake's Hard Cider Co.,2015,Great Lakes International Cider and Perry Competition,3
,Blake's Hard Cider Co.,2016,Great Lakes International Cider and Perry Competition,6
,Blake's Hard Cider Co.,2017,Cidercraft Awards,1
,Blake's Hard Cider Co.,2017,Great Lakes International Cider and Perry Competition,3
,Blake's Hard Cider Co.,2018,Cidercraft Awards,2
,Blake's Hard Cider Co.,2018,Great Lakes International Cider and Perry Competition,6
,Blake's Hard Cider Co.,2019,Cidercraft Awards,1
,Blake's Hard Cider Co.,2019,Great Lakes International Cider and Perry Competition,7
,Blake's Hard Cider Co.,2019,U.S. Open Cider Championship,1
,Blake's Hard Cider Co.,2020,Cidercraft Awards,1
,Blake's Hard Cider Co.,2020,U.S. Open Cider Championship,1
,Blake's Hard Cider Co.,2021,Great Lakes International Cider and Perry Competition,9
,Blake's Hard Cider Co.,2021,U.S. Open Cider Championship,4
,Blake's Hard Cider Co.,2022,Great Lakes International Cider and Perry Competition,16
,Blake's Hard Cider Co.,2022,U.S. Open Cider Championship,2
,Blake's Hard Cider Co.,2023,Cidercraft Awards,4
,Blake's Hard Cider Co.,2023,Great Lakes International Cider and Perry Competition,12
,Blake's Hard Cider Co.,2023,U.S. Open Cider Championship,3
,Blake's Hard Cider Co.,2024,Cidercraft Awards,1
,Blake's Hard Cider Co.,2024,Great Lakes International Cider and Perry Competition,15
,Blake's Hard Cider Co.,2024,U.S. Open Cider Championship,5
,Blindwood Cider,2019,Great Lakes International Cider and Perry Competition,1
,Blossom Barn Cidery,2021,Great Lakes International Cider and Perry Competition,1
,Blossom Barn Cidery,2022,Great Lakes International Cider and Perry Competition,2
,Blossom Barn Cidery,2023,Great Lakes International Cider and Perry Competition,3
,Blossom Barn Cidery,2024,Great Lakes International Cider and Perry Competition,2
,Blue Barn Cidery,2023,U.S. Open Cider Championship,1
,Blue Barn Cidery,2024,U.S. Open Cider Championship,1
,Blue Bee Cider,2014,Great Lakes International Cider and Perry Competition,5
,Blue Bee Cider,2018,Cidercraft Awards,1
,Blue Bee Cider,2019,Cidercraft Awards,1
,Blue Bee Cider,2019,Great Lakes International Cider and Perry Competition,3
,Blue Bee Cider,2022,Great Lakes International Cider and Perry Competition,2
,Blue Elephant Beverage Co.,2014,Australian Cider Awards,1
,Blue Elephant Beverage Co.,2015,Australian Cider Awards,1
,Blue Elephant Beverage Co.,2016,Australian Cider Awards,1
,Blue Mountain Cider Company,2014,Northwest Cider Cup,1
,Blue Toad Hard Cider,2017,Great Lakes International Cider and Perry Competition,1
,Blue Toad Hard Cider,2018,Great Lakes International Cider and Perry Competition,4
,Blue Toad Hard Cider,2019,Great Lakes International Cider and Perry Competition,3
,Blue Toad Hard Cider,2021,Great Lakes International Cider and Perry Competition,5
,Blue Toad Hard Cider,2022,Great Lakes International Cider and Perry Competition,5
,Blue Toad Hard Cider,2023,Great Lakes International Cider and Perry Competition,2
,Blue Toad Hard Cider,2024,Great Lakes International Cider and Perry Competition,1
,Blueberry Hill Estates,2016,Great Lakes International Cider and Perry Competition,1
,Blueberry Hill Estates,2018,Great Lakes International Cider and Perry Competition,3
,Bløm Meadworks,2021,Great Lakes International Cider and Perry Competition,3
,Bløm Meadworks,2022,Great Lakes International Cider and Perry Competition,1
,Bløm Meadworks,2023,Great Lakes International Cider and Perry Competition,2
,Bold Rock Hard Cider,2016,Great Lakes International Cider and Perry Competition,8
,Bold Rock Hard Cider,2016,U.S. Open Cider Championship,2
,Bold Rock Hard Cider,2017,Great Lakes International Cider and Perry Competition,10
,Bold Rock Hard Cider,2017,U.S. Open Cider Championship,1
,Bold Rock Hard Cider,2018,Great Lakes International Cider and Perry Competition,7
,Bold Rock Hard Cider,2018,U.S. Open Cider Championship,2
,Bold Rock Hard Cider,2019,Great Lakes International Cider and Perry Competition,8
,Bold Rock Hard Cider,2022,U.S. Open Cider Championship,3
,Bold Rock Hard Cider,2023,Great Lakes International Cider and Perry Competition,5
,Bold Rock Hard Cider,2023,U.S. Open Cider Championship,4
,Bold Rock Hard Cider,2024,Great Lakes International Cider and Perry Competition,4
,Bold Rock Hard Cider,2024,U.S. Open Cider Championship,1
,Boller Fruchtsäfte,2023,CiderWorld Awards,1
,Bollhayes Cider,2023,Royal Bath & West Show - British Cider Championships,5
,Boneca de Canudo,2023,Sagardo Forum International Cider Competition,1
,Boneca de Canudo,2023,Salón Internacional de les Sidres de Gala (SISGA),1
,Boneca de Canudo,2024,Salón Internacional de les Sidres de Gala (SISGA),2
,Bonnieheath Estate Winery,2017,Great Lakes International Cider and Perry Competition,2
,Borrodell Vineyard,2011,Australian Cider Awards,1
,Borrodell Vineyard,2013,Australian Cider Awards,1
,Borrodell Vineyard,2014,Australian Cider Awards,1
,Borrodell Vineyard,2015,Australian Cider Awards,1
,Borrodell Vineyard,2016,Australian Cider Awards,1
,Borrodell Vineyard,2018,Australian Cider Awards,1
,Borrodell Vineyard,2022,Australian Cider Awards,1
,Borrodell Vineyard,2023,Australian Cider Awards,1
,Borrodell Vineyard,2024,Australian Cider Awards,1
,Boss Cider Company,2020,U.S. Open Cider Championship,3
,Boss Cider Company,2022,Great Lakes International Cider and Perry Competition,9
,Boston Beer Company,2007,Great Lakes International Cider and Perry Competition,1
,Botanist & Barrel,2019,Great Lakes International Cider and Perry Competition,3
,Botanist & Barrel,2020,Cidercraft Awards,3
,Botanist & Barrel,2021,Great Lakes International Cider and Perry Competition,3
,Botanist & Barrel,2022,Cidercraft Awards,1
,Botanist & Barrel,2022,Great Lakes International Cider and Perry Competition,2
,Botanist & Barrel,2023,Cidercraft Awards,1
,Bowen Cider House,2023,Great Lakes International Cider and Perry Competition,2
,Bowen Cider House,2024,Great Lakes International Cider and Perry Competition,3
,Boyden Valley Winery & Spirits,2014,Great Lakes International Cider and Perry Competition,2
,Boyden Valley Winery & Spirits,2016,Great Lakes International Cider and Perry Competition,2
,Brady's Lookout Cider,2016,Australian Cider Awards,2
,Brady's Lookout Cider,2017,Australian Cider Awards,2
,Brady's Lookout Cider,2018,Australian Cider Awards,2
,Brady's Lookout Cider,2021,Australian Cider Awards,1
,Brady's Lookout Cider,2022,Australian Cider Awards,3
,Brady's Lookout Cider,2023,Australian Cider Awards,4
,Brady's Lookout Cider,2024,Australian Cider Awards,3
,Branch Cider,2023,Royal Bath & West Show - British Cider Championships,11
,Branch Out Cider,2014,Great Lakes International Cider and Perry Competition,1
,Branch Out Cider,2015,Great Lakes International Cider and Perry Competition,1
,Branch Out Cider,2016,Great Lakes International Cider and Perry Competition,2
,Brasserie Distillerie Veyrat,2022,Concours Général Agricole,1
,Brasseries & Cidreries de Milly,2017,Concours Général Agricole,1
,Brasseries & Cidreries de Milly,2020,Concours Général Agricole,1
,Brasseries & Cidreries de Milly,2022,Concours Général Agricole,1
,Brennerei Bühler,2023,CiderWorld Awards,1
,Bress Wines,2016,Australian Cider Awards,1
,Breton Michel,2023,Concours des Cidres de Normandie,2
,Breton Michel,2024,Concours des Cidres de Normandie,1
,Brew Lab 101 Beer & Cider Co.,2022,Great Lakes International Cider and Perry Competition,5
,Brew Lab 101 Beer & Cider Co.,2023,Great Lakes International Cider and Perry Competition,4
,Brew Lab 101 Beer & Cider Co.,2024,Great Lakes International Cider and Perry Competition,3
,Brick River Cider,2021,Great Lakes International Cider and Perry Competition,2
,Brickworks Ciderhouse,2016,Great Lakes International Cider and Perry Competition,3
,Brickworks Ciderhouse,2018,Great Lakes International Cider and Perry Competition,10
,Brickworks Ciderhouse,2019,Great Lakes International Cider and Perry Competition,3
,Brickworks Ciderhouse,2021,Great Lakes International Cider and Perry Competition,2
,Brickworks Ciderhouse,2022,Great Lakes International Cider and Perry Competition,2
,Bridgehouse Cider,2021,Great Lakes International Cider and Perry Competition,1
,Bridgehouse Cider,2022,Great Lakes International Cider and Perry Competition,3
,Bringebærlandet,2022,Nordic International Cider Awards,3
,Brinkhall Sparkling,2017,Great Lakes International Cider and Perry Competition,1
,Brinkhall Sparkling,2018,Salón Internacional de les Sidres de Gala (SISGA),1
,Brinkhall Sparkling,2020,Salón Internacional de les Sidres de Gala (SISGA),1
,Brinkhall Sparkling,2022,Nordic International Cider Awards,3
,Brinkhall Sparkling,2023,CiderWorld Awards,3
,Brinkhall Sparkling,2023,Nordic International Cider Awards,2
,Brinkhall Sparkling,2023,Salón Internacional de les Sidres de Gala (SISGA),5
,Briska,2015,International Cider Awards,1
,Briska,2017,International Cider Awards,1
,Bristols Cider,2019,Cidercraft Awards,1
,Brix Cider,2017,Great Lakes International Cider and Perry Competition,1
,Brix Cider,2018,Great Lakes International Cider and Perry Competition,5
,Brix Cider,2019,Great Lakes International Cider and Perry Competition,4
,Broadpool Cider,2023,Royal Bath & West Show - British Cider Championships,4
,Broadpool Cider,2024,Royal Bath & West Show - British Cider Championships,6
,Broken Brix,2020,U.S. Open Cider Championship,1
,Broken Brix,2021,Great Lakes International Cider and Perry Competition,1
,Broken Brix,2022,Great Lakes International Cider and Perry Competition,2
,Brooker's Cider,2022,Great Lakes International Cider and Perry Competition,3
,Brooker's Cider,2023,Great Lakes International Cider and Perry Competition,1
,Brooklyn Cider House,2016,Great Lakes International Cider and Perry Competition,3
,Brooklyn Cider House,2017,Great Lakes International Cider and Perry Competition,4
,Brooklyn Cider House,2017,U.S. Open Cider Championship,1
,Brooklyn Cider House,2018,Cidercraft Awards,1
,Brooklyn Cider House,2018,Great Lakes International Cider and Perry Competition,4
,Brooklyn Cider House,2019,Great Lakes International Cider and Perry Competition,7
,Brooklyn Cider House,2021,Great Lakes International Cider and Perry Competition,4
,Brooklyn Cider House,2022,Great Lakes International Cider and Perry Competition,5
,Brooklyn Cider House,2023,Cidercraft Awards,2
,Brooklyn Cider House,2023,Great Lakes International Cider and Perry Competition,8
,Brooklyn Cider House,2024,Cidercraft Awards,3
,Brooklyn Cider House,2024,Great Lakes International Cider and Perry Competition,4
,Brooklyn Cider House,2024,International Cider Awards,1
,Brooks Dry Cider,2019,Cidercraft Awards,1
,Broski Ciderworks,2017,U.S. Open Cider Championship,1
,Broski Ciderworks,2018,U.S. Open Cider Championship,2
,Broski Ciderworks,2019,U.S. Open Cider Championship,2
,Broski Ciderworks,2020,U.S. Open Cider Championship,4
,Broski Ciderworks,2021,U.S. Open Cider Championship,3
,Broski Ciderworks,2022,U.S. Open Cider Championship,1
,Brotherhood Winery,2022,Cidercraft Awards,1
,Brothers Drinks,2017,International Cider Awards,1
,Brothers Drinks,2023,International Cider Challenge,4
,Brothers Drinks,2024,International Cider Challenge,1
,Brothers Drinks,2024,Royal Bath & West Show - British Cider Championships,1
,Brownrigg Hard Cider,2018,Cidercraft Awards,1
,Brownrigg Hard Cider,2019,Cidercraft Awards,1
,Bruny Island Cider,2021,Australian Cider Awards,2
,Bruny Island Cider,2022,Australian Cider Awards,1
,Bruny Island Cider,2023,Australian Cider Awards,2
,Bruny Island Cider,2024,Australian Cider Awards,3
,Bryant's Cider,2019,Great Lakes International Cider and Perry Competition,4
,Bryant's Cider,2020,U.S. Open Cider Championship,2
,Bryant's Cider,2021,Great Lakes International Cider and Perry Competition,3
,Bryant's Cider,2021,U.S. Open Cider Championship,1
,Bryant's Cider,2022,Great Lakes International Cider and Perry Competition,5
,Bryant's Cider,2022,U.S. Open Cider Championship,2
,Brys Estate Ciderworks,2022,Great Lakes International Cider and Perry Competition,3
,Brys Estate Ciderworks,2024,Great Lakes International Cider and Perry Competition,3
,Brännland Cider,2015,Salón Internacional de les Sidres de Gala (SISGA),1
,Brännland Cider,2016,Salón Internacional de les Sidres de Gala (SISGA),2
,Brännland Cider,2017,Sagardo Forum International Cider Competition,2
,Brännland Cider,2018,International Cider Challenge,4
,BudaPrés Cider,2021,International Cider Challenge,1
,BudaPrés Cider,2022,International Cider Challenge,1
,Bugarden,2022,Nordic International Cider Awards,1
,Bugarden,2023,CiderWorld Awards,3
,Bugarden,2023,Nordic International Cider Awards,2
,Buhagen,2022,Nordic International Cider Awards,3
,Buhre & Reuter,2023,Nordic International Cider Awards,1
,Bull City Ciderworks,2018,Great Lakes International Cider and Perry Competition,6
,Bull City Ciderworks,2019,Great Lakes International Cider and Perry Competition,7
,Bull City Ciderworks,2021,Great Lakes International Cider and Perry Competition,5
,Bull City Ciderworks,2022,Great Lakes International Cider and Perry Competition,3
,Bull Run Cider,2013,Great Lakes International Cider and Perry Competition,1
,Bull Run Cider,2014,Great Lakes International Cider and Perry Competition,4
,Bull Run Cider,2014,Northwest Cider Cup,1
,Bull Run Cider,2015,Great Lakes International Cider and Perry Competition,1
,Bull Run Cider,2015,Northwest Cider Cup,1
,Bull Run Cider,2016,Great Lakes International Cider and Perry Competition,3
,Bull Run Cider,2016,Northwest Cider Cup,1
,Bull Run Cider,2017,Great Lakes International Cider and Perry Competition,2
,Bull Run Cider,2019,Great Lakes International Cider and Perry Competition,2
,Bull Run Cider,2022,Great Lakes International Cider and Perry Competition,9
,Bullevie Cidre,2018,Great Lakes International Cider and Perry Competition,1
,Bullevie Cidre,2019,Great Lakes International Cider and Perry Competition,2
,Bulmers,2013,International Cider Awards,2
,Bulmers,2015,International Cider Awards,4
,Bulmers,2017,International Cider Awards,3
,Bulmers,2018,International Cider Challenge,4
,Bulmers,2019,International Cider Awards,1
,Bulmers,2019,International Cider Challenge,3
,Bulmers,2020,International Cider Challenge,4
,Bulwark Cider,2016,Great Lakes International Cider and Perry Competition,4
,Bulwark Cider,2017,Great Lakes International Cider and Perry Competition,5
,Bulwark Cider,2018,Great Lakes International Cider and Perry Competition,2
,Bulwark Cider,2018,International Cider Challenge,1
,BumbleBee Cider,2024,International Cider Challenge,1
,Buschenschank Lippitz,2021,Sagardo Forum International Cider Competition,1
,Buskey Cider,2017,Great Lakes International Cider and Perry Competition,3
,Buskey Cider,2018,Great Lakes International Cider and Perry Competition,2
,Buskey Cider,2021,Great Lakes International Cider and Perry Competition,4
,Buskey Cider,2023,Great Lakes International Cider and Perry Competition,1
,Bute Cider,2023,Nordic International Cider Awards,1
,Butford Organics,2023,Museum of Cider International Cider & Perry Competition,1
,Butford Organics,2024,Museum of Cider International Cider & Perry Competition,1
,Butford Organics,2024,Royal Bath & West Show - British Cider Championships,1
,Byron Bay Wild Cider,2019,Australian Cider Awards,1
,Böhm Ciderwerkstatt,2023,Nordic International Cider Awards,2
,Böhm Ciderwerkstatt,2024,CiderWorld Awards,1
,C Squared Ciders,2016,Great Lakes International Cider and Perry Competition,2
,C Squared Ciders,2017,Cidercraft Awards,1
,C Squared Ciders,2017,Great Lakes International Cider and Perry Competition,3
,C Squared Ciders,2018,Great Lakes International Cider and Perry Competition,3
,C Squared Ciders,2019,Great Lakes International Cider and Perry Competition,4
,C.E.Petch Cidery and Distillery,2019,Great Lakes International Cider and Perry Competition,3
,C.E.Petch Cidery and Distillery,2021,Great Lakes International Cider and Perry Competition,3
,CHILAN,2024,Japan Cider Cup,1
,Caledonian Cider Co,2019,International Cider Awards,1
,Caledonian Cider Co,2023,Royal Bath & West Show - British Cider Championships,3
,California Cider Company,2015,Great Lakes International Cider and Perry Competition,4
,California Cider Company,2016,Great Lakes International Cider and Perry Competition,1
,California Cider Company,2017,Great Lakes International Cider and Perry Competition,5
,California Cider Company,2018,Great Lakes International Cider and Perry Competition,5
,California Cider Company,2020,Cidercraft Awards,1
,California Cider Company,2021,Great Lakes International Cider and Perry Competition,3
,California Cider Company,2022,Cidercraft Awards,2
,California Cider Company,2022,Great Lakes International Cider and Perry Competition,5
,California Cider Company,2023,Great Lakes International Cider and Perry Competition,5
,Calonge,2023,Sagardo Forum International Cider Competition,1
,Calvados Hugues Desfrièches,2018,Concours Général Agricole,2
,Calvados Hugues Desfrièches,2019,Concours Général Agricole,1
,Calvados Pierre Huet,2018,Cidercraft Awards,1
,Calvados Pierre Huet,2018,International Cider Challenge,3
,Calvados Pierre Huet,2023,Great Lakes International Cider and Perry Competition,1
,Cambium Cider Co,2015,Great Lakes International Cider and Perry Competition,1
,Cambium Cider Co,2016,Great Lakes International Cider and Perry Competition,2
,Cambium Cider Co,2017,Great Lakes International Cider and Perry Competition,3
,Cambium Cider Co,2018,Great Lakes International Cider and Perry Competition,6
,Cambium Cider Co,2019,Northwest Cider Cup,1
,Cambium Cider Co,2021,Great Lakes International Cider and Perry Competition,4
,Cambium Cider Co,2022,Great Lakes International Cider and Perry Competition,3
,Cambium Cider Co,2023,Great Lakes International Cider and Perry Competition,4
,Camilla Humphries,2024,Royal Bath & West Show - British Cider Championships,1
,Camilla’s Crush Red Hill Cider,2022,Australian Cider Awards,1
,Campple Cider,2021,Sagardo Forum International Cider Competition,1
,Canterbury Cider,2022,International Cider Challenge,3
,Canterbury Cider,2023,Royal Bath & West Show - British Cider Championships,4
,Captain Bligh's,2017,Australian Cider Awards,1
,Captains Creek,2023,Australian Cider Awards,1
,Caribé Tropical Hard Cider,2015,U.S. Open Cider Championship,1
,Caribé Tropical Hard Cider,2017,U.S. Open Cider Championship,1
,Caribé Tropical Hard Cider,2018,U.S. Open Cider Championship,1
,Caribé Tropical Hard Cider,2019,U.S. Open Cider Championship,1
,Carling,2013,International Cider Awards,1
,Carling,2015,International Cider Awards,1
,Carlow Brewing Company,2024,Salón Internacional de les Sidres de Gala (SISGA),5
,Carmel Cider Co.,2017,Australian Cider Awards,3
,Carmel Cider Co.,2018,Australian Cider Awards,5
,Carmel Cider Co.,2019,Australian Cider Awards,6
,Carmel Cider Co.,2021,Australian Cider Awards,8
,Carmel Cider Co.,2022,Australian Cider Awards,9
,Carmel Cider Co.,2023,Australian Cider Awards,7
,Carmel Cider Co.,2024,Australian Cider Awards,9
,Carolina Distillery,2014,Great Lakes International Cider and Perry Competition,2
,Carolina Distillery,2017,Great Lakes International Cider and Perry Competition,1
,Carolinia Cider Company,2024,Great Lakes International Cider and Perry Competition,1
,Carriage House Ciders,2024,Great Lakes International Cider and Perry Competition,3
,Casa de Oro Cider,2023,Great Lakes International Cider and Perry Competition,1
,Cascade Brewing Co.,2013,Australian Cider Awards,3
,Cascade Brewing Co.,2014,Australian Cider Awards,2
,Cascade Brewing Co.,2015,Australian Cider Awards,1
,Cascade Brewing Co.,2016,Australian Cider Awards,1
,Cascade Brewing Co.,2017,Australian Cider Awards,1
,Cascade Brewing Co.,2019,Australian Cider Awards,1
,Cascade Winery & Sierra Rose Ciders,2006,Great Lakes International Cider and Perry Competition,1
,Cascade Winery & Sierra Rose Ciders,2019,Great Lakes International Cider and Perry Competition,2
,Cascade Winery & Sierra Rose Ciders,2021,Great Lakes International Cider and Perry Competition,3
,Cascade Winery & Sierra Rose Ciders,2022,Great Lakes International Cider and Perry Competition,2
,Cascade Winery & Sierra Rose Ciders,2023,Great Lakes International Cider and Perry Competition,2
,Cascadia Ciderworkers United,2013,Great Lakes International Cider and Perry Competition,2
,Cascadia Ciderworkers United,2015,Great Lakes International Cider and Perry Competition,2
,Cascina Danesa,2022,Nordic International Cider Awards,2
,Casería San Juan del Obispo,2013,Salón Internacional de les Sidres de Gala (SISGA),1
,Casería San Juan del Obispo,2014,Salón Internacional de les Sidres de Gala (SISGA),1
,Casería San Juan del Obispo,2015,Salón Internacional de les Sidres de Gala (SISGA),1
,Casería San Juan del Obispo,2016,Salón Internacional de les Sidres de Gala (SISGA),1
,Casería San Juan del Obispo,2017,Salón Internacional de les Sidres de Gala (SISGA),1
,Casería San Juan del Obispo,2018,Salón Internacional de les Sidres de Gala (SISGA),1
,Casería San Juan del Obispo,2020,Salón Internacional de les Sidres de Gala (SISGA),2
,Casería San Juan del Obispo,2021,Salón Internacional de les Sidres de Gala (SISGA),1
,Castelo Branco Cider,2020,Salón Internacional de les Sidres de Gala (SISGA),3
,Castelo Branco Cider,2021,Sagardo Forum International Cider Competition,1
,Castelo Branco Cider,2021,Salón Internacional de les Sidres de Gala (SISGA),1
,Castelo Branco Cider,2022,Salón Internacional de les Sidres de Gala (SISGA),1
,Castelo Branco Cider,2023,Salón Internacional de les Sidres de Gala (SISGA),1
,Castle Hill Cider,2012,Great Lakes International Cider and Perry Competition,4
,Castle Hill Cider,2013,Great Lakes International Cider and Perry Competition,1
,Castle Hill Cider,2014,Great Lakes International Cider and Perry Competition,3
,Castle Hill Cider,2015,Great Lakes International Cider and Perry Competition,2
,Castle Hill Cider,2016,Great Lakes International Cider and Perry Competition,3
,Castle Hill Cider,2017,Great Lakes International Cider and Perry Competition,2
,Castle Hill Cider,2018,Cidercraft Awards,1
,Castle Hill Cider,2018,Great Lakes International Cider and Perry Competition,2
,Castle Hill Cider,2019,Cidercraft Awards,2
,Castle Hill Cider,2019,Great Lakes International Cider and Perry Competition,7
,Castle Hill Cider,2021,Great Lakes International Cider and Perry Competition,3
,Castle Hill Cider,2023,Cidercraft Awards,1
,Castle Hill Cider,2023,Great Lakes International Cider and Perry Competition,6
,Cave de la Fosse,2021,Concours des Cidres de Normandie,1
,Cave d’Occi Winery,2024,Japan Cider Cup,1
,Cedar Draw Cider,2023,Northwest Cider Cup,2
,Cellar Brewing Company,2011,Great Lakes International Cider and Perry Competition,1
,Cellar Door Cider,2019,U.S. Open Cider Championship,1
,Cellarmen's,2016,Great Lakes International Cider and Perry Competition,4
,Cellarmen's,2017,Great Lakes International Cider and Perry Competition,4
,Cellier de la Ville Loyo,2018,Concours Régional Cidricole de Bretagne,1
,Celtic Marches,2018,Great Lakes International Cider and Perry Competition,6
,Celtic Marches,2018,International Cider Challenge,4
,Celtic Marches,2019,Great Lakes International Cider and Perry Competition,3
,Celtic Marches,2019,International Cider Awards,1
,Celtic Marches,2019,International Cider Challenge,3
,Celtic Marches,2020,International Cider Challenge,5
,Celtic Marches,2021,Great Lakes International Cider and Perry Competition,2
,Celtic Marches,2021,International Cider Challenge,4
,Century Tree Cider Co.,2018,Great Lakes International Cider and Perry Competition,3
,Cervezas Yria,2021,Sagardo Forum International Cider Competition,1
,Cester Camillo,2017,Australian Cider Awards,1
,Cester Camillo,2019,Australian Cider Awards,1
,Cester Camillo,2021,Australian Cider Awards,1
,Cester Camillo,2022,Australian Cider Awards,1
,Cester Camillo,2023,Australian Cider Awards,1
,Chain Yard Cider,2018,Cidercraft Awards,2
,Chain Yard Cider,2019,Cidercraft Awards,2
,Chain Yard Cider,2024,Great Lakes International Cider and Perry Competition,3
,Chain Yard Urban Cidery,2019,Great Lakes International Cider and Perry Competition,7
,Chain Yard Urban Cidery,2022,Great Lakes International Cider and Perry Competition,7
,Chalkdown Cider,2019,International Cider Challenge,1
,Chalkdown Cider,2020,International Cider Challenge,2
,Champlain Orchards,2013,Great Lakes International Cider and Perry Competition,2
,Champlain Orchards,2016,Great Lakes International Cider and Perry Competition,3
,Champlain Orchards,2017,Great Lakes International Cider and Perry Competition,2
,Champlain Orchards,2018,Great Lakes International Cider and Perry Competition,3
,Champlain Orchards,2019,Great Lakes International Cider and Perry Competition,4
,Champlain Orchards,2022,Cidercraft Awards,2
,Champlain Orchards,2022,Great Lakes International Cider and Perry Competition,6
,Champlain Orchards,2023,Cidercraft Awards,2
,Champlain Orchards,2023,Great Lakes International Cider and Perry Competition,4
,Champlain Orchards,2024,Cidercraft Awards,1
,Channel Marker Cider,2020,Cidercraft Awards,2
,Chapel Sider,2023,Royal Bath & West Show - British Cider Championships,2
,Chapel Sider,2024,Royal Bath & West Show - British Cider Championships,3
,Chase Hill Cider,2022,Great Lakes International Cider and Perry Competition,1
,Chateau Buffalo,2007,Great Lakes International Cider and Perry Competition,1
,Chateau Buffalo,2008,Great Lakes International Cider and Perry Competition,3
,Chateau Morrisette,2018,Great Lakes International Cider and Perry Competition,2
,Chatter Creek Winery,2018,Northwest Cider Cup,1
,Cheeky Grog Co,2015,Australian Cider Awards,1
,Cheeky Grog Co,2016,Australian Cider Awards,4
,Cheeky Grog Co,2017,Australian Cider Awards,3
,Cheeky Grog Co,2018,Australian Cider Awards,4
,Cheeky Grog Co,2019,Australian Cider Awards,3
,Cheeky Grog Co,2021,Australian Cider Awards,4
,Cheeky Rascal Cider,2015,Australian Cider Awards,2
,Cheeky Rascal Cider,2021,Australian Cider Awards,2
,Cheeky Tiki Cider,2017,Australian Cider Awards,1
,Cheeky Tiki Cider,2018,Australian Cider Awards,2
,Cheeky Tiki Cider,2019,Australian Cider Awards,2
,Cheeky Tiki Cider,2021,Australian Cider Awards,1
,Cheeky Tiki Cider,2022,Australian Cider Awards,1
,Cherry Bird Orchards,2018,Australian Cider Awards,1
,Cherry Creek Cellars,2015,Great Lakes International Cider and Perry Competition,2
,Cherry Creek Cellars,2016,Great Lakes International Cider and Perry Competition,1
,Cherry Creek Cellars,2017,Great Lakes International Cider and Perry Competition,1
,Cherry Creek Cellars,2018,Great Lakes International Cider and Perry Competition,2
,Cherry Street Brewing,2023,U.S. Open Cider Championship,1
,Cherry Street Brewing,2024,U.S. Open Cider Championship,1
,Chris Conroy,2023,Royal Bath & West Show - British Cider Championships,3
,Chris Conroy,2024,Royal Bath & West Show - British Cider Championships,2
,Chris Hecks,2023,Royal Bath & West Show - British Cider Championships,6
,Cidentro Cider House,2020,International Cider Challenge,3
,Cidentro Cider House,2022,International Cider Challenge,3
,Cidentro Cider House,2024,International Cider Challenge,3
,Cider Bohemia,2019,Salón Internacional de les Sidres de Gala (SISGA),1
,Cider Bohemia,2020,Salón Internacional de les Sidres de Gala (SISGA),2
,Cider Bohemia,2023,Sagardo Forum International Cider Competition,1
,Cider Brothers,2015,Great Lakes International Cider and Perry Competition,6
,Cider Brothers,2016,Great Lakes International Cider and Perry Competition,1
,Cider Brothers,2017,Great Lakes International Cider and Perry Competition,2
,Cider Brothers,2018,Cidercraft Awards,1
,Cider Brothers,2018,International Cider Challenge,3
,Cider Corps,2019,U.S. Open Cider Championship,1
,Cider Corps,2020,Cidercraft Awards,1
,Cider Corps,2022,Great Lakes International Cider and Perry Competition,3
,Cider Corps,2022,U.S. Open Cider Championship,1
,Cider Corps,2023,U.S. Open Cider Championship,2
,Cider Corps,2024,U.S. Open Cider Championship,3
,Cider Creek Hard Cider,2015,Great Lakes International Cider and Perry Competition,7
,Cider Creek Hard Cider,2016,Great Lakes International Cider and Perry Competition,4
,Cider Creek Hard Cider,2017,Great Lakes International Cider and Perry Competition,11
,Cider Creek Hard Cider,2018,Cidercraft Awards,1
,Cider Creek Hard Cider,2018,Great Lakes International Cider and Perry Competition,9
,Cider Creek Hard Cider,2019,Great Lakes International Cider and Perry Competition,10
,Cider Garden,2012,Australian Cider Awards,1
,Cider Hill Cellars,2018,Great Lakes International Cider and Perry Competition,2
,Cider Hill Cellars,2019,Great Lakes International Cider and Perry Competition,5
,Cider Hill Cellars,2021,Great Lakes International Cider and Perry Competition,8
,Cider Hill Cellars,2022,Great Lakes International Cider and Perry Competition,6
,Cider Hill Cellars,2023,Great Lakes International Cider and Perry Competition,5
,Cider Hill Cellars,2024,Great Lakes International Cider and Perry Competition,6
,Cider House of Wisconsin,2014,Great Lakes International Cider and Perry Competition,2
,Cider House of Wisconsin,2015,Great Lakes International Cider and Perry Competition,1
,Cider House of Wisconsin,2017,U.S. Open Cider Championship,1
,Cider House of Wisconsin,2019,Great Lakes International Cider and Perry Competition,3
,Cider Infusion,2021,Australian Cider Awards,2
,Cider Infusion,2022,Australian Cider Awards,1
,Cider Infusion,2023,Australian Cider Awards,1
,Cider Infusion,2024,Australian Cider Awards,4
,Cider Mad Apple,2023,International Cider Challenge,3
,Cider Magnetic Apple,2015,Salón Internacional de les Sidres de Gala (SISGA),1
,Cider Magnetic Apple,2019,International Cider Challenge,2
,Cider Magnetic Apple,2020,Salón Internacional de les Sidres de Gala (SISGA),3
,Cider Riot!,2014,Northwest Cider Cup,1
,Cider Riot!,2015,Great Lakes International Cider and Perry Competition,3
,Cider Riot!,2015,Northwest Cider Cup,1
,Cider Riot!,2016,Great Lakes International Cider and Perry Competition,3
,Cider Riot!,2016,Northwest Cider Cup,1
,Cider Riot!,2018,Great Lakes International Cider and Perry Competition,4
,Cider Riot!,2018,Northwest Cider Cup,1
,Cider Riot!,2019,Cidercraft Awards,1
,Cider Riot!,2019,Great Lakes International Cider and Perry Competition,4
,Cider Riot!,2019,Northwest Cider Cup,1
,Cider Sekt,2019,Salón Internacional de les Sidres de Gala (SISGA),1
,Cider Sekt,2020,Salón Internacional de les Sidres de Gala (SISGA),2
,Cider Sekt,2021,Sagardo Forum International Cider Competition,2
,Cider Sekt,2021,Salón Internacional de les Sidres de Gala (SISGA),1
,Cider Sekt,2022,Salón Internacional de les Sidres de Gala (SISGA),2
,Cider Sekt,2023,CiderWorld Awards,2
,Cider Sekt,2023,Sagardo Forum International Cider Competition,3
,Cider Sekt,2023,Salón Internacional de les Sidres de Gala (SISGA),1
,Cider Sekt,2024,Salón Internacional de les Sidres de Gala (SISGA),3
,Cider by Rosie,2011,Great Lakes International Cider and Perry Competition,2
,Ciderboys,2014,Great Lakes International Cider and Perry Competition,4
,Ciderboys,2014,U.S. Open Cider Championship,2
,Ciderboys,2015,Great Lakes International Cider and Perry Competition,4
,Ciderboys,2015,U.S. Open Cider Championship,2
,Ciderboys,2016,Great Lakes International Cider and Perry Competition,5
,Ciderboys,2016,U.S. Open Cider Championship,2
,Ciderboys,2017,Great Lakes International Cider and Perry Competition,6
,Ciderboys,2017,U.S. Open Cider Championship,5
,Ciderboys,2018,Great Lakes International Cider and Perry Competition,6
,Ciderboys,2018,U.S. Open Cider Championship,5
,Ciderboys,2019,Great Lakes International Cider and Perry Competition,4
,Ciderboys,2019,U.S. Open Cider Championship,3
,Ciderboys,2020,U.S. Open Cider Championship,3
,Ciderboys,2021,U.S. Open Cider Championship,3
,Ciderboys,2022,Cidercraft Awards,3
,Ciderboys,2022,Great Lakes International Cider and Perry Competition,4
,Ciderboys,2022,U.S. Open Cider Championship,4
,Ciderboys,2023,U.S. Open Cider Championship,5
,Ciderboys,2024,U.S. Open Cider Championship,3
,Ciderhuset Balholm,2022,Nordic International Cider Awards,2
,Ciderhuset Balholm,2023,CiderWorld Awards,3
,Ciderhuset Balholm,2023,Nordic International Cider Awards,3
,Ciderie de Gerdeneer,2023,International Cider Challenge,3
,Cidernations,2024,International Cider Challenge,1
,Ciders from Mars,2022,Great Lakes International Cider and Perry Competition,4
,Ciders from Mars,2023,Great Lakes International Cider and Perry Competition,4
,Ciderwerk,2024,CiderWorld Awards,1
,Ciderworks @ Story Tavern,2017,Great Lakes International Cider and Perry Competition,1
,Ciderworks @ Story Tavern,2021,Great Lakes International Cider and Perry Competition,1
,Ciderworks @ Story Tavern,2022,Great Lakes International Cider and Perry Competition,2
,Ciderzale,2021,Sagardo Forum International Cider Competition,1
,Cidra,2022,International Cider Challenge,2
,Cidra,2023,International Cider Challenge,3
,Cidra,2024,International Cider Challenge,2
,Cidre Fermier de Landeleau,2022,Concours Régional Cidricole de Bretagne,1
,Cidre Fournier,2017,Concours Général Agricole,3
,Cidre Fournier,2018,Concours Général Agricole,3
,Cidre Fournier,2019,Concours Général Agricole,5
,Cidre Fournier,2020,Concours Général Agricole,3
,Cidre Fournier,2022,Concours Général Agricole,5
,Cidre Fournier,2023,Concours Général Agricole,5
,Cidre Fournier,2024,Concours Général Agricole,4
,Cidre La Chouette,2019,Great Lakes International Cider and Perry Competition,2
,Cidre Le Brun,2016,Great Lakes International Cider and Perry Competition,1
,Cidre Le Brun,2017,Concours Général Agricole,4
,Cidre Le Brun,2017,Great Lakes International Cider and Perry Competition,1
,Cidre Le Brun,2018,Concours Général Agricole,4
,Cidre Le Brun,2018,Great Lakes International Cider and Perry Competition,1
,Cidre Le Brun,2018,International Cider Challenge,2
,Cidre Le Brun,2019,Concours Général Agricole,3
,Cidre Le Brun,2019,Great Lakes International Cider and Perry Competition,2
,Cidre Le Brun,2019,International Cider Challenge,4
,Cidre Le Brun,2020,Concours Général Agricole,3
,Cidre Le Brun,2020,International Cider Challenge,5
,Cidre Le Brun,2022,Concours Général Agricole,6
,Cidre Le Brun,2022,International Cider Challenge,5
,Cidre Le Brun,2023,Concours Général Agricole,6
,Cidre Le Brun,2023,International Cider Challenge,7
,Cidre Le Brun,2024,Concours Général Agricole,3
,Cidre Lemasson,2020,Concours des Cidres de Normandie,2
,Cidre Lemasson,2021,Concours des Cidres de Normandie,2
,Cidre Lemasson,2023,Concours des Cidres de Normandie,3
,Cidre Lemasson,2024,Concours des Cidres de Normandie,1
,Cidre Mauret,2018,Salón Internacional de les Sidres de Gala (SISGA),1
,Cidre Mauret,2019,Sagardo Forum International Cider Competition,3
,Cidre Mauret,2019,Salón Internacional de les Sidres de Gala (SISGA),1
,Cidre Richard Fouqué,2023,Concours des Cidres de Normandie,1
,Cidre Sorre,2017,Concours Général Agricole,3
,Cidre Sorre,2017,Concours Régional Cidricole de Bretagne,2
,Cidre Sorre,2019,Concours Général Agricole,2
,Cidre Sorre,2020,Concours Général Agricole,1
,Cidre Sorre,2022,Concours Général Agricole,1
,Cidre Sorre,2023,Concours Général Agricole,1
,Cidre Sorre,2023,Sagardo Forum International Cider Competition,6
,Cidre Sorre,2024,Concours Général Agricole,2
,Cidre Séhédic,2017,Concours Général Agricole,1
,Cidre Séhédic,2018,Concours Général Agricole,2
,Cidre Séhédic,2019,Concours Général Agricole,2
,Cidre Séhédic,2020,Concours Général Agricole,1
,Cidre Séhédic,2022,Concours Général Agricole,1
,Cidre Séhédic,2023,Concours Général Agricole,1
,Cidre Séhédic,2024,Concours Général Agricole,2
,Cidre Viard-Bayeux,2019,Concours Général Agricole,1
,Cidre Viard-Bayeux,2020,Concours des Cidres de Normandie,2
,Cidre Viard-Bayeux,2020,Concours Général Agricole,1
,Cidre Viard-Bayeux,2021,Concours des Cidres de Normandie,1
,Cidre Viard-Bayeux,2022,Concours des Cidres de Normandie,3
,Cidre Viard-Bayeux,2022,Concours Général Agricole,4
,Cidre Viard-Bayeux,2023,Concours des Cidres de Normandie,2
,Cidre Viard-Bayeux,2023,Concours Général Agricole,2
,Cidre Viard-Bayeux,2024,Concours des Cidres de Normandie,3
,Cidre Viard-Bayeux,2024,Concours Général Agricole,2
,Cidre Viard-Bayeux,2024,International Cider Challenge,3
,Cidre de Brocéliande,2017,Concours Général Agricole,1
,Cidre de Brocéliande,2018,Concours Régional Cidricole de Bretagne,1
,Cidre de Brocéliande,2019,Concours Général Agricole,1
,Cidre de Brocéliande,2019,Concours Régional Cidricole de Bretagne,1
,Cidre de Brocéliande,2020,Concours Général Agricole,1
,Cidre de Brocéliande,2021,Concours Régional Cidricole de Bretagne,1
,Cidre de Brocéliande,2022,Concours Régional Cidricole de Bretagne,1
,Cidre de Brocéliande,2023,Concours Régional Cidricole de Bretagne,2
,Cidre de Brocéliande,2024,Concours Général Agricole,2
,Cidre de Brocéliande,2024,Concours Régional Cidricole de Bretagne,2
,Cidre de Grévilly,2020,Concours des Cidres de Normandie,2
,Cidre du Pays de Plouay,2021,Concours Régional Cidricole de Bretagne,1
,Cidre Écusson,2013,Australian Cider Awards,2
,Cidre Écusson,2023,Concours Général Agricole,1
,Cidre Écusson,2024,Concours des Cidres de Normandie,1
,Cidre99,2020,Salón Internacional de les Sidres de Gala (SISGA),1
,Cidrerie & Distillerie de l'Apothicaire,2021,Concours Régional Cidricole de Bretagne,2
,Cidrerie & Distillerie de l'Apothicaire,2022,Concours Régional Cidricole de Bretagne,1
,Cidrerie Benoit,2017,Concours Général Agricole,3
,Cidrerie Benoit,2018,Concours Régional Cidricole de Bretagne,1
,Cidrerie Benoit,2019,Concours Général Agricole,2
,Cidrerie Benoit,2019,Concours Régional Cidricole de Bretagne,1
,Cidrerie Benoit,2020,Concours Général Agricole,1
,Cidrerie Benoit,2021,Concours Régional Cidricole de Bretagne,2
,Cidrerie Benoit,2022,Concours Général Agricole,4
,Cidrerie Benoit,2023,Concours Général Agricole,1
,Cidrerie Benoit,2024,Concours Général Agricole,2
,Cidrerie Berri,2016,Salón Internacional de les Sidres de Gala (SISGA),1
,Cidrerie Berri,2017,Sagardo Forum International Cider Competition,2
,Cidrerie Berri,2018,Salón Internacional de les Sidres de Gala (SISGA),2
,Cidrerie Berri,2019,Sagardo Forum International Cider Competition,1
,Cidrerie Berri,2019,Salón Internacional de les Sidres de Gala (SISGA),4
,Cidrerie Berri,2020,Salón Internacional de les Sidres de Gala (SISGA),3
,Cidrerie Berri,2021,Sagardo Forum International Cider Competition,3
,Cidrerie Berri,2021,Salón Internacional de les Sidres de Gala (SISGA),3
,Cidrerie Berri,2022,Salón Internacional de les Sidres de Gala (SISGA),1
,Cidrerie Berri,2023,Sagardo Forum International Cider Competition,1
,Cidrerie Château Lézergué,2017,Concours Général Agricole,4
,Cidrerie Château Lézergué,2017,Concours Régional Cidricole de Bretagne,3
,Cidrerie Château Lézergué,2018,Concours Général Agricole,6
,Cidrerie Château Lézergué,2018,Concours Régional Cidricole de Bretagne,3
,Cidrerie Château Lézergué,2019,Concours Général Agricole,4
,Cidrerie Château Lézergué,2019,Concours Régional Cidricole de Bretagne,2
,Cidrerie Château Lézergué,2020,Concours Général Agricole,6
,Cidrerie Château Lézergué,2021,Concours Régional Cidricole de Bretagne,5
,Cidrerie Château Lézergué,2022,Concours Général Agricole,4
,Cidrerie Château Lézergué,2022,Concours Régional Cidricole de Bretagne,3
,Cidrerie Château Lézergué,2023,Concours Général Agricole,3
,Cidrerie Château Lézergué,2023,Concours Régional Cidricole de Bretagne,4
,Cidrerie Château Lézergué,2024,Concours Général Agricole,5
,Cidrerie Château Lézergué,2024,Concours Régional Cidricole de Bretagne,4
,Cidrerie Claids,2020,Concours des Cidres de Normandie,2
,Cidrerie Claids,2021,Concours des Cidres de Normandie,1
,Cidrerie Claids,2022,Concours des Cidres de Normandie,1
,Cidrerie Claids,2023,Concours des Cidres de Normandie,1
,Cidrerie Claids,2024,Concours des Cidres de Normandie,2
,Cidrerie Compton,2023,Great Lakes International Cider and Perry Competition,2
,Cidrerie Des Terroirs,2018,Concours Général Agricole,1
,Cidrerie Des Terroirs,2019,Concours Général Agricole,2
,Cidrerie Des Terroirs,2019,Concours Régional Cidricole de Bretagne,2
,Cidrerie Des Terroirs,2020,Concours Général Agricole,2
,Cidrerie Des Terroirs,2021,Concours Régional Cidricole de Bretagne,1
,Cidrerie Des Terroirs,2022,Concours Régional Cidricole de Bretagne,1
,Cidrerie Des Terroirs,2023,Concours Général Agricole,2
,Cidrerie Des Terroirs,2023,Concours Régional Cidricole de Bretagne,3
,Cidrerie Des Terroirs,2024,Concours Général Agricole,2
,Cidrerie Des Terroirs,2024,Concours Régional Cidricole de Bretagne,1
,Cidrerie Distillerie Les Vergers de la Ferme,2022,Concours Régional Cidricole de Bretagne,1
,Cidrerie Domaine du Ruisseau,2021,Concours des Cidres de Normandie,1
,Cidrerie Domaine du Ruisseau,2022,Concours des Cidres de Normandie,1
,Cidrerie Domaine du Ruisseau,2023,Concours des Cidres de Normandie,2
,Cidrerie Dujardin,2020,Concours des Cidres de Normandie,3
,Cidrerie Dujardin,2023,Concours des Cidres de Normandie,3
,Cidrerie Dujardin,2024,Concours des Cidres de Normandie,1
,Cidrerie Entre Pierre & Terre,2013,Great Lakes International Cider and Perry Competition,1
,Cidrerie Entre Pierre & Terre,2014,Great Lakes International Cider and Perry Competition,1
,Cidrerie Entre Pierre & Terre,2015,Great Lakes International Cider and Perry Competition,1
,Cidrerie Entre Pierre & Terre,2016,Great Lakes International Cider and Perry Competition,5
,Cidrerie Godefroy,2020,Concours des Cidres de Normandie,1
,Cidrerie Godefroy,2021,Concours des Cidres de Normandie,2
,Cidrerie Godefroy,2022,Concours des Cidres de Normandie,1
,Cidrerie Godefroy,2024,Concours des Cidres de Normandie,1
,Cidrerie Guérin,2023,Concours Régional Cidricole de Bretagne,1
,Cidrerie Guérin,2024,Concours Régional Cidricole de Bretagne,1
,Cidrerie Huby,2017,Concours Général Agricole,2
,Cidrerie Huby,2018,Concours Général Agricole,1
,Cidrerie Huby,2018,Concours Régional Cidricole de Bretagne,1
,Cidrerie Huby,2019,Concours Régional Cidricole de Bretagne,1
,Cidrerie Huby,2020,Concours Général Agricole,2
,Cidrerie Huby,2022,Concours Général Agricole,2
,Cidrerie Kerné,2017,Concours Général Agricole,2
,Cidrerie Kerné,2017,Concours Régional Cidricole de Bretagne,1
,Cidrerie Kerné,2018,Concours Général Agricole,2
,Cidrerie Kerné,2019,Concours Général Agricole,3
,Cidrerie Kerné,2020,Concours Général Agricole,1
,Cidrerie Kerné,2022,Concours Général Agricole,2
,Cidrerie Kerné,2022,Concours Régional Cidricole de Bretagne,1
,Cidrerie Kerné,2023,Concours Général Agricole,2
,Cidrerie Kerné,2023,Concours Régional Cidricole de Bretagne,2
,Cidrerie Kerné,2024,Concours Régional Cidricole de Bretagne,1
,Cidrerie La Ruaudaie,2017,Concours Général Agricole,3
,Cidrerie La Ruaudaie,2019,Concours Régional Cidricole de Bretagne,2
,Cidrerie La Ruaudaie,2022,Concours Général Agricole,2
,Cidrerie La Ruaudaie,2023,Concours Général Agricole,2
,Cidrerie Lacour-Veyranne,2021,Concours des Cidres de Normandie,1
,Cidrerie Le Maître,2021,Concours Régional Cidricole de Bretagne,1
,Cidrerie Le Père Mahieu,2023,Concours des Cidres de Normandie,1
,Cidrerie Le Somnambule,2023,Great Lakes International Cider and Perry Competition,4
,Cidrerie Maison de Perguet,2023,Concours Régional Cidricole de Bretagne,1
,Cidrerie Maison de Perguet,2024,Concours Régional Cidricole de Bretagne,1
,Cidrerie Manoir du Kinkiz,2013,Australian Cider Awards,2
,Cidrerie Manoir du Kinkiz,2017,Concours Régional Cidricole de Bretagne,1
,Cidrerie Manoir du Kinkiz,2018,Concours Régional Cidricole de Bretagne,1
,Cidrerie Manoir du Kinkiz,2019,Concours Général Agricole,2
,Cidrerie Manoir du Kinkiz,2019,Concours Régional Cidricole de Bretagne,1
,Cidrerie Manoir du Kinkiz,2021,Concours Régional Cidricole de Bretagne,1
,Cidrerie Manoir du Kinkiz,2022,Concours Général Agricole,1
,Cidrerie Manoir du Kinkiz,2022,Concours Régional Cidricole de Bretagne,1
,Cidrerie Manoir du Kinkiz,2023,Concours Régional Cidricole de Bretagne,1
,Cidrerie Manoir du Kinkiz,2024,Concours Général Agricole,1
,Cidrerie Manoir du Kinkiz,2024,Concours Régional Cidricole de Bretagne,2
,Cidrerie McKeown,2017,Great Lakes International Cider and Perry Competition,4
,Cidrerie McKeown,2022,Great Lakes International Cider and Perry Competition,3
,Cidrerie Melenig,2017,Concours Régional Cidricole de Bretagne,1
,Cidrerie Melenig,2018,Concours Régional Cidricole de Bretagne,2
,Cidrerie Melenig,2019,Concours Régional Cidricole de Bretagne,2
,Cidrerie Melenig,2019,Sagardo Forum International Cider Competition,1
,Cidrerie Melenig,2021,Concours Régional Cidricole de Bretagne,2
,Cidrerie Melenig,2023,Concours Général Agricole,1
,Cidrerie Melenig,2023,Concours Régional Cidricole de Bretagne,1
,Cidrerie Melenig,2024,Concours Régional Cidricole de Bretagne,1
,Cidrerie Michel Bréavoine,2018,Concours Général Agricole,1
,Cidrerie Michel Bréavoine,2019,Concours Général Agricole,1
,Cidrerie Michel Bréavoine,2022,Concours des Cidres de Normandie,1
,Cidrerie Michel Bréavoine,2022,Concours Général Agricole,1
,Cidrerie Michel Bréavoine,2024,Concours des Cidres de Normandie,1
,Cidrerie Michel Jodoin,2017,Cidercraft Awards,4
,Cidrerie Michel Jodoin,2018,Cidercraft Awards,3
,Cidrerie Michel Jodoin,2023,CiderWorld Awards,1
,Cidrerie Michel Jodoin,2024,Cidercraft Awards,2
,Cidrerie Milton,2013,Great Lakes International Cider and Perry Competition,4
,Cidrerie Milton,2014,Great Lakes International Cider and Perry Competition,5
,Cidrerie Milton,2015,Great Lakes International Cider and Perry Competition,5
,Cidrerie Milton,2016,Great Lakes International Cider and Perry Competition,6
,Cidrerie Milton,2017,Great Lakes International Cider and Perry Competition,4
,Cidrerie Milton,2018,Great Lakes International Cider and Perry Competition,5
,Cidrerie Milton,2019,Great Lakes International Cider and Perry Competition,5
,Cidrerie Milton,2021,Great Lakes International Cider and Perry Competition,10
,Cidrerie Milton,2022,Cidercraft Awards,3
,Cidrerie Milton,2022,Great Lakes International Cider and Perry Competition,4
,Cidrerie Milton,2023,CiderWorld Awards,5
,Cidrerie Milton,2023,Great Lakes International Cider and Perry Competition,5
,Cidrerie Milton,2023,International Cider Challenge,6
,Cidrerie Milton,2024,CiderWorld Awards,3
,Cidrerie Paul Coïc,2018,Concours Régional Cidricole de Bretagne,1
,Cidrerie Paul Coïc,2019,Concours Général Agricole,2
,Cidrerie Paul Coïc,2019,Concours Régional Cidricole de Bretagne,2
,Cidrerie Paul Coïc,2021,Concours Régional Cidricole de Bretagne,1
,Cidrerie Paul Coïc,2022,Concours Régional Cidricole de Bretagne,2
,Cidrerie Paul Coïc,2023,Concours Régional Cidricole de Bretagne,4
,Cidrerie Paul Coïc,2024,Concours Régional Cidricole de Bretagne,2
,Cidrerie St-Nicolas,2013,Great Lakes International Cider and Perry Competition,3
,Cidrerie Stassen,2013,Australian Cider Awards,1
,Cidrerie Stassen,2024,International Cider Awards,3
,Cidrerie Traditionnelle du Perche,2020,Concours des Cidres de Normandie,4
,Cidrerie Traditionnelle du Perche,2021,Concours des Cidres de Normandie,1
,Cidrerie Tudker,2019,Concours Régional Cidricole de Bretagne,1
,Cidrerie Tudker,2021,Concours Régional Cidricole de Bretagne,1
,Cidrerie Verger Bilodeau,2017,Great Lakes International Cider and Perry Competition,2
,Cidrerie Verger Bilodeau,2018,Great Lakes International Cider and Perry Competition,4
,Cidrerie Verger Bilodeau,2019,Great Lakes International Cider and Perry Competition,4
,Cidrerie Verger Bilodeau,2021,Great Lakes International Cider and Perry Competition,6
,Cidrerie Verger Bilodeau,2022,Great Lakes International Cider and Perry Competition,5
,Cidrerie Verger Bilodeau,2023,Great Lakes International Cider and Perry Competition,6
,Cidrerie Verger Bilodeau,2024,Great Lakes International Cider and Perry Competition,1
,Cidrerie Verger Hemmingford,2015,Great Lakes International Cider and Perry Competition,1
,Cidrerie Verger Hemmingford,2016,Great Lakes International Cider and Perry Competition,3
,Cidrerie Verger Hemmingford,2019,International Cider Challenge,1
,Cidrerie de Boäl,2017,Concours Général Agricole,2
,Cidrerie de Boäl,2018,Concours Général Agricole,1
,Cidrerie de Boäl,2019,Concours Général Agricole,1
,Cidrerie de Boäl,2022,Concours Général Agricole,1
,Cidrerie de Cozmezou,2023,Concours Régional Cidricole de Bretagne,2
,Cidrerie de Cozmezou,2024,Concours Régional Cidricole de Bretagne,1
,Cidrerie de Menez-Brug,2016,Great Lakes International Cider and Perry Competition,1
,Cidrerie de Menez-Brug,2017,Concours Général Agricole,1
,Cidrerie de Menez-Brug,2017,Concours Régional Cidricole de Bretagne,3
,Cidrerie de Menez-Brug,2017,Great Lakes International Cider and Perry Competition,1
,Cidrerie de Menez-Brug,2017,Sagardo Forum International Cider Competition,1
,Cidrerie de Menez-Brug,2018,Concours Régional Cidricole de Bretagne,3
,Cidrerie de Menez-Brug,2018,Great Lakes International Cider and Perry Competition,1
,Cidrerie de Menez-Brug,2019,Great Lakes International Cider and Perry Competition,1
,Cidrerie de Menez-Brug,2019,Sagardo Forum International Cider Competition,1
,Cidrerie de Menez-Brug,2021,Concours Régional Cidricole de Bretagne,1
,Cidrerie de Menez-Brug,2022,Concours Régional Cidricole de Bretagne,4
,Cidrerie de Menez-Brug,2024,Concours Régional Cidricole de Bretagne,2
,Cidrerie de Rozavern,2020,Concours Général Agricole,1
,Cidrerie de Rozavern,2021,Sagardo Forum International Cider Competition,2
,Cidrerie de Rozavern,2022,Concours Général Agricole,2
,Cidrerie de Rozavern,2022,Concours Régional Cidricole de Bretagne,1
,Cidrerie de Rozavern,2023,Concours Général Agricole,1
,Cidrerie de Rozavern,2023,Concours Régional Cidricole de Bretagne,2
,Cidrerie de Rozavern,2024,Concours Régional Cidricole de Bretagne,3
,Cidrerie de Tromelin,2017,Concours Régional Cidricole de Bretagne,1
,Cidrerie de Tromelin,2019,Concours Régional Cidricole de Bretagne,1
,Cidrerie de la Brique,2019,Concours Général Agricole,2
,Cidrerie de la Brique,2020,Concours Général Agricole,4
,Cidrerie de la Brique,2022,Concours des Cidres de Normandie,2
,Cidrerie de la Brique,2023,Concours des Cidres de Normandie,2
,Cidrerie de la Brique,2023,Concours Général Agricole,1
,Cidrerie de la Brique,2024,Concours Général Agricole,1
,Cidrerie de la Chesnaie,2022,Concours Général Agricole,1
,Cidrerie de la Chesnaie,2023,Concours Général Agricole,1
,Cidrerie de la Vallée de la Seiche,2019,Sagardo Forum International Cider Competition,3
,Cidrerie du Minot,2016,Great Lakes International Cider and Perry Competition,9
,Cidrerie du Minot,2017,Great Lakes International Cider and Perry Competition,6
,Cidrerie du Minot,2018,Great Lakes International Cider and Perry Competition,9
,Cidrerie du Minot,2019,Great Lakes International Cider and Perry Competition,7
,Cidrerie du Pays d'Auray,2022,Concours Régional Cidricole de Bretagne,1
,Cidrerie du Pays d'Auray,2023,CiderWorld Awards,3
,Cidrerie du Pays d'Auray,2023,Concours Régional Cidricole de Bretagne,1
,Cidrerie du Pays d'Auray,2023,Sagardo Forum International Cider Competition,1
,Cidrerie du Pays d'Auray,2024,CiderWorld Awards,3
,Cidrerie et Distillerie C.E.Petch,2024,Great Lakes International Cider and Perry Competition,2
,Cidrerie et Distillerie Pelletier,2021,Salón Internacional de les Sidres de Gala (SISGA),1
,Cidres Kerisac,2017,Concours Général Agricole,1
,Cidres Kerisac,2018,Concours Général Agricole,2
,Cidres Kerisac,2019,Concours Général Agricole,2
,Cidres Kerisac,2019,Concours Régional Cidricole de Bretagne,1
,Cidres Kerisac,2020,Concours Général Agricole,1
,Cidres Kerisac,2021,Australian Cider Awards,1
,Cidres Kerisac,2022,Australian Cider Awards,1
,Cidres Kerisac,2022,Concours Régional Cidricole de Bretagne,1
,Cidres Kerisac,2023,Australian Cider Awards,1
,Cidres Kerisac,2023,Concours Régional Cidricole de Bretagne,1
,Cidres Kerisac,2024,Concours Général Agricole,1
,Cidres Kerisac,2024,Concours Régional Cidricole de Bretagne,1
,Cidres Nicol,2017,Concours Général Agricole,1
,Cidres Nicol,2017,Great Lakes International Cider and Perry Competition,2
,Cidres Nicol,2017,Sagardo Forum International Cider Competition,3
,Cidres Nicol,2018,Concours Général Agricole,1
,Cidres Nicol,2019,Concours Général Agricole,2
,Cidres Nicol,2020,Concours Général Agricole,2
,Cidres Nicol,2022,Concours Général Agricole,2
,Cidres Nicol,2023,Concours Général Agricole,1
,Cidres Nicol,2024,Concours Général Agricole,1
,Cidres d'Auteurs,2021,Concours des Cidres de Normandie,1
,Cidres la Pommeraie,2012,Australian Cider Awards,2
,Cidres la Pommeraie,2013,Australian Cider Awards,3
,Cidérka,2020,Salón Internacional de les Sidres de Gala (SISGA),4
,Cidérka,2021,Sagardo Forum International Cider Competition,2
,Cidérka,2021,Salón Internacional de les Sidres de Gala (SISGA),2
,Cidérka,2022,Salón Internacional de les Sidres de Gala (SISGA),1
,Cidérka,2023,Nordic International Cider Awards,3
,Cidérka,2023,Sagardo Forum International Cider Competition,1
,Cidérka,2023,Salón Internacional de les Sidres de Gala (SISGA),2
,Cidérka,2024,Salón Internacional de les Sidres de Gala (SISGA),1
,Cigar City Cider & Mead,2014,U.S. Open Cider Championship,1
,Cigar City Cider & Mead,2015,U.S. Open Cider Championship,1
,Cigar City Cider & Mead,2016,Great Lakes International Cider and Perry Competition,2
,Cigar City Cider & Mead,2019,U.S. Open Cider Championship,1
,Cigar City Cider & Mead,2020,U.S. Open Cider Championship,1
,Cigar City Cider & Mead,2022,U.S. Open Cider Championship,1
,Cinder Block Brewery,2020,Cidercraft Awards,1
,Citizen Cider,2016,Great Lakes International Cider and Perry Competition,3
,Citizen Cider,2016,U.S. Open Cider Championship,1
,Citizen Cider,2017,Cidercraft Awards,1
,Citizen Cider,2017,Great Lakes International Cider and Perry Competition,5
,Citizen Cider,2017,U.S. Open Cider Championship,1
,Citizen Cider,2018,Great Lakes International Cider and Perry Competition,4
,Citizen Cider,2019,Great Lakes International Cider and Perry Competition,4
,Citizen Cider,2021,Great Lakes International Cider and Perry Competition,5
,City Orchard,2017,Great Lakes International Cider and Perry Competition,1
,City Orchard,2018,Great Lakes International Cider and Perry Competition,1
,City Orchard,2019,Great Lakes International Cider and Perry Competition,12
,City Orchard,2021,Great Lakes International Cider and Perry Competition,14
,City Orchard,2022,Great Lakes International Cider and Perry Competition,5
,City Orchard,2023,Great Lakes International Cider and Perry Competition,3
,Clafeld Cider House,2017,U.S. Open Cider Championship,1
,Clafeld Cider House,2019,U.S. Open Cider Championship,2
,Clafeld Cider House,2020,U.S. Open Cider Championship,3
,Clarksburg Cider,2023,Great Lakes International Cider and Perry Competition,3
,Clarksburg Cider,2024,Cidercraft Awards,1
,Clarksburg Cider,2024,Great Lakes International Cider and Perry Competition,4
,Clear Fork Cider,2017,Great Lakes International Cider and Perry Competition,2
,Clear Fork Cider,2021,Great Lakes International Cider and Perry Competition,5
,Clos de la Fontaine Hugo,2014,Great Lakes International Cider and Perry Competition,1
,Clos de la Fontaine Hugo,2016,Great Lakes International Cider and Perry Competition,1
,Cluver & Jack Cider Company,2024,International Cider Challenge,1
,Coastliner Craft Cider,2017,Great Lakes International Cider and Perry Competition,1
,Coastliner Craft Cider,2018,Great Lakes International Cider and Perry Competition,3
,Coastliner Craft Cider,2019,Great Lakes International Cider and Perry Competition,1
,Cockrell Cider Farm,2024,Northwest Cider Cup,3
,Coffin Ridge Boutique Winery,2017,Great Lakes International Cider and Perry Competition,4
,Coffin Ridge Boutique Winery,2019,Great Lakes International Cider and Perry Competition,4
,Colcombe House,2018,International Cider Challenge,1
,Colcombe House,2019,International Cider Challenge,1
,Cold Hand Winery,2014,Salón Internacional de les Sidres de Gala (SISGA),2
,Cold Hand Winery,2018,Great Lakes International Cider and Perry Competition,1
,Cold Hand Winery,2018,International Cider Challenge,3
,Cold Hand Winery,2020,International Cider Challenge,1
,Cold Hand Winery,2022,Nordic International Cider Awards,3
,Cold Hand Winery,2023,CiderWorld Awards,3
,Cold Hand Winery,2024,CiderWorld Awards,3
,Cold Hollow Cider Mill,2016,Great Lakes International Cider and Perry Competition,1
,Cold Hollow Cider Mill,2017,Great Lakes International Cider and Perry Competition,1
,Colemans Cider Company,2020,Salón Internacional de les Sidres de Gala (SISGA),5
,Coles Liquor Group,2017,Australian Cider Awards,5
,Coles Liquor Group,2018,Australian Cider Awards,5
,Coles Liquor Group,2019,Australian Cider Awards,1
,Coles Liquor Group,2021,Australian Cider Awards,1
,Coles Liquor Group,2024,International Cider Challenge,2
,Colfax CiderWorks,2022,U.S. Open Cider Championship,1
,Collective Arts Brewing,2017,Great Lakes International Cider and Perry Competition,4
,Collective Arts Brewing,2017,International Cider Awards,1
,Collective Arts Brewing,2018,Great Lakes International Cider and Perry Competition,3
,Collective Arts Brewing,2019,Great Lakes International Cider and Perry Competition,3
,Collective Arts Brewing,2021,Great Lakes International Cider and Perry Competition,2
,Colorado Cider Company,2014,Great Lakes International Cider and Perry Competition,4
,Colorado Cider Company,2015,Great Lakes International Cider and Perry Competition,4
,Colorado Cider Company,2016,Great Lakes International Cider and Perry Competition,3
,Colorado Cider Company,2016,U.S. Open Cider Championship,2
,Colorado Cider Company,2017,Cidercraft Awards,1
,Colorado Cider Company,2017,Great Lakes International Cider and Perry Competition,6
,Colorado Cider Company,2018,Great Lakes International Cider and Perry Competition,6
,Colorado Cider Company,2019,Great Lakes International Cider and Perry Competition,4
,Colorado Cider Company,2021,Great Lakes International Cider and Perry Competition,5
,Colorado Cider Company,2022,Great Lakes International Cider and Perry Competition,3
,Colorado Cider Company,2023,Great Lakes International Cider and Perry Competition,2
,Colorado Cider Company,2024,Cidercraft Awards,1
,Colorado Cider Company,2024,Great Lakes International Cider and Perry Competition,2
,Common Cider Company,2015,Great Lakes International Cider and Perry Competition,5
,Common Cider Company,2016,Great Lakes International Cider and Perry Competition,3
,Common Cider Company,2016,U.S. Open Cider Championship,1
,Common Cider Company,2018,Great Lakes International Cider and Perry Competition,4
,Common Cider Company,2018,U.S. Open Cider Championship,1
,Common Cider Company,2019,U.S. Open Cider Championship,1
,Conneaut Cellars Winery,2018,Cidercraft Awards,1
,Contoocook Cider Company,2019,U.S. Open Cider Championship,1
,Contoocook Cider Company,2020,U.S. Open Cider Championship,1
,Convergence Cider Works,2023,U.S. Open Cider Championship,1
,Copper Crow Distillery,2022,Great Lakes International Cider and Perry Competition,1
,Copper Crow Distillery,2024,Great Lakes International Cider and Perry Competition,1
,Core Cider,2011,Australian Cider Awards,1
,Core Cider,2012,Australian Cider Awards,1
,Core Cider,2013,Australian Cider Awards,2
,Core Cider,2014,Australian Cider Awards,1
,Core Cider,2015,Australian Cider Awards,4
,Core Cider,2016,Australian Cider Awards,4
,Core Cider,2017,Australian Cider Awards,5
,Core Cider,2018,Australian Cider Awards,8
,Core Cider,2019,Australian Cider Awards,4
,Core Cider,2021,Australian Cider Awards,3
,Core Cider,2022,Australian Cider Awards,2
,Corey Lake Orchards,2017,Great Lakes International Cider and Perry Competition,3
,Corey Lake Orchards,2018,Great Lakes International Cider and Perry Competition,3
,Cornish Cider Company,2019,Great Lakes International Cider and Perry Competition,1
,Cornish Cider Company,2022,Great Lakes International Cider and Perry Competition,2
,Cornish Cider Company,2023,Great Lakes International Cider and Perry Competition,1
,Cornish Orchards,2015,International Cider Awards,2
,Cornish Orchards,2019,International Cider Challenge,1
,Cornish Orchards,2021,International Cider Awards,1
,Cornish Orchards,2023,International Cider Challenge,2
,Coteau Rougemont,2016,Great Lakes International Cider and Perry Competition,6
,Coteau Rougemont,2017,Great Lakes International Cider and Perry Competition,4
,Cotswold Cider Company,2015,Salón Internacional de les Sidres de Gala (SISGA),1
,Cotswold Cider Company,2017,Great Lakes International Cider and Perry Competition,1
,Cotswold Cider Company,2017,Sagardo Forum International Cider Competition,3
,Cotswold Cider Company,2019,International Cider Awards,1
,Cotswold Cider Company,2019,International Cider Challenge,1
,Cotswold Cider Company,2020,International Cider Challenge,1
,Cotswold Cider Company,2024,International Cider Awards,1
,Cotswold Cider Company,2024,International Cider Challenge,2
,Country Boy Brewing,2021,U.S. Open Cider Championship,1
,Country Boy Brewing,2022,U.S. Open Cider Championship,3
,Country Boy Brewing,2023,U.S. Open Cider Championship,3
,Country Boy Brewing,2024,U.S. Open Cider Championship,1
,Country Mill Winery,2011,Great Lakes International Cider and Perry Competition,3
,County Cider Company,2011,Great Lakes International Cider and Perry Competition,2
,County Cider Company,2013,Great Lakes International Cider and Perry Competition,3
,County Cider Company,2016,Great Lakes International Cider and Perry Competition,4
,County Cider Company,2017,Great Lakes International Cider and Perry Competition,3
,Courthouse Creek Cider,2019,Cidercraft Awards,1
,Courthouse Creek Cider,2019,Great Lakes International Cider and Perry Competition,2
,Courtney's Devon Cider,2020,International Cider Challenge,2
,Courtney's Devon Cider,2023,Royal Bath & West Show - British Cider Championships,3
,Courtneys of Whimple,2024,Royal Bath & West Show - British Cider Championships,5
,Courtney’s of Whimple,2023,Japan Cider Cup,2
,Courtney’s of Whimple,2024,Japan Cider Cup,2
,Covered Bridge Brewing,2020,U.S. Open Cider Championship,1
,Covered Bridge Brewing,2021,U.S. Open Cider Championship,1
,Covered Bridge Brewing,2022,Great Lakes International Cider and Perry Competition,2
,Covered Bridge Brewing,2022,U.S. Open Cider Championship,1
,Coyote Hole Craft Beverages,2019,U.S. Open Cider Championship,1
,Coyote Hole Craft Beverages,2020,U.S. Open Cider Championship,2
,Coyote Hole Craft Beverages,2021,U.S. Open Cider Championship,3
,Coyote Hole Craft Beverages,2022,U.S. Open Cider Championship,2
,Coyote Hole Craft Beverages,2023,U.S. Open Cider Championship,2
,Crackington Cider Co.,2023,Royal Bath & West Show - British Cider Championships,1
,Craft Instinct Japan,2024,Japan Cider Cup,1
,Crafty Cider,2021,Australian Cider Awards,1
,Crafty Cider,2022,Australian Cider Awards,1
,Crafty Cider,2023,Australian Cider Awards,1
,Crafty Nectar Cider Co.,2019,International Cider Challenge,2
,Crafty Nectar Cider Co.,2020,International Cider Challenge,1
,Craigies Cider,2015,Great Lakes International Cider and Perry Competition,1
,Cranborne Chase Cider,2021,International Cider Challenge,2
,Cranborne Chase Cider,2023,Royal Bath & West Show - British Cider Championships,4
,Cranborne Chase Cider,2024,Royal Bath & West Show - British Cider Championships,3
,Cranker's Brewery,2019,U.S. Open Cider Championship,1
,Crate Brewery,2018,International Cider Challenge,1
,Creekside Estate Winery,2018,Great Lakes International Cider and Perry Competition,1
,Crest Cyder,2024,Royal Bath & West Show - British Cider Championships,1
,Crimson Cider Company,2023,Great Lakes International Cider and Perry Competition,2
,Crispin Cider Company,2006,Great Lakes International Cider and Perry Competition,3
,Crispin Cider Company,2007,Great Lakes International Cider and Perry Competition,3
,Crispin Cider Company,2011,Great Lakes International Cider and Perry Competition,8
,Crispin Cider Company,2012,Great Lakes International Cider and Perry Competition,15
,Crispin Cider Company,2013,Great Lakes International Cider and Perry Competition,8
,Crispin Cider Company,2016,Great Lakes International Cider and Perry Competition,9
,Crispin Cider Company,2017,Great Lakes International Cider and Perry Competition,8
,Crispin Cider Company,2019,Great Lakes International Cider and Perry Competition,6
,Crispin Cider Company,2021,Great Lakes International Cider and Perry Competition,2
,Critz Farms,2016,Great Lakes International Cider and Perry Competition,4
,Critz Farms,2019,Great Lakes International Cider and Perry Competition,3
,Crooked Cider,2018,International Cider Challenge,1
,Crossmount Cider Company,2022,Great Lakes International Cider and Perry Competition,3
,Crucible Cider,2014,Australian Cider Awards,1
,Crucible Cider,2015,Australian Cider Awards,1
,Crucible Cider,2016,Australian Cider Awards,1
,Crucible Cider,2017,Australian Cider Awards,1
,Crucible Cider,2018,Australian Cider Awards,1
,Crucible Cider,2021,Australian Cider Awards,2
,Curious Brewery,2019,International Cider Challenge,1
,Custard & Co,2022,Australian Cider Awards,1
,Cwm Maddoc Cider & Perry,2023,Royal Three Counties Show,1
,Cwm Maddoc Cider & Perry,2024,Royal Three Counties Show,1
,Cyderish,2019,Cidercraft Awards,1
,Cyderish,2021,Northwest Cider Cup,1
,Cydr Chyliczki,2016,Salón Internacional de les Sidres de Gala (SISGA),1
,Cydr Chyliczki,2017,Salón Internacional de les Sidres de Gala (SISGA),1
,Cydr Chyliczki,2019,Salón Internacional de les Sidres de Gala (SISGA),3
,Cydr Chyliczki,2020,Salón Internacional de les Sidres de Gala (SISGA),8
,Cydr Chyliczki,2023,Nordic International Cider Awards,3
,Cydr Dwaj Bracia,2023,Nordic International Cider Awards,2
,Cydr Dwaj Bracia,2023,Salón Internacional de les Sidres de Gala (SISGA),4
,Cydr Dwaj Bracia,2024,International Cider Challenge,2
,Cydr Dwaj Bracia,2024,Museum of Cider International Cider & Perry Competition,2
,Cydr Dwaj Bracia,2024,Salón Internacional de les Sidres de Gala (SISGA),1
,Cydr Ignaców,2016,Salón Internacional de les Sidres de Gala (SISGA),1
,Cydr Jabłkowy,2017,Sagardo Forum International Cider Competition,3
,Cydr Jabłkowy,2019,Sagardo Forum International Cider Competition,1
,Cydr Jabłkowy,2020,Salón Internacional de les Sidres de Gala (SISGA),4
,Cydr Opoczka,2020,Salón Internacional de les Sidres de Gala (SISGA),1
,Cydr Podlaski,2019,Salón Internacional de les Sidres de Gala (SISGA),1
,Cydr Podlaski,2020,Salón Internacional de les Sidres de Gala (SISGA),2
,Cydr Radosny,2023,Nordic International Cider Awards,2
,Cydr Smykan,2020,Salón Internacional de les Sidres de Gala (SISGA),4
,Cydr Starków,2024,Salón Internacional de les Sidres de Gala (SISGA),1
,Cydr Tradycyjny z Trzebnicy,2019,Salón Internacional de les Sidres de Gala (SISGA),2
,Cydr Tradycyjny z Trzebnicy,2020,Salón Internacional de les Sidres de Gala (SISGA),1
,Cydr Tradycyjny z Trzebnicy,2021,Salón Internacional de les Sidres de Gala (SISGA),1
,Cydr Tradycyjny z Trzebnicy,2023,Sagardo Forum International Cider Competition,1
,Cydr Tradycyjny z Trzebnicy,2023,Salón Internacional de les Sidres de Gala (SISGA),3
,Cydrownia Filomelos,2023,Nordic International Cider Awards,2
,Cydrownia Filomelos,2024,CiderWorld Awards,1
,Cydrownia Zywer,2021,Salón Internacional de les Sidres de Gala (SISGA),1
,Cydrownia Zywer,2022,International Cider Challenge,1
,Cydrownia Zywer,2022,Salón Internacional de les Sidres de Gala (SISGA),3
,Cydrownia Zywer,2023,Nordic International Cider Awards,1
,Cydrownia Zywer,2023,Sagardo Forum International Cider Competition,3
,Cydrownia Zywer,2023,Salón Internacional de les Sidres de Gala (SISGA),3
,Cydrownia Zywer,2024,Salón Internacional de les Sidres de Gala (SISGA),5
,Czar Czerniejowa,2020,Salón Internacional de les Sidres de Gala (SISGA),1
,DV Cider House,2019,Australian Cider Awards,2
,DV Cider House,2021,Australian Cider Awards,3
,DV Cider House,2023,Australian Cider Awards,4
,Dan Kelly's Cider,2015,Great Lakes International Cider and Perry Competition,1
,Dancing Cider Co.,2022,Great Lakes International Cider and Perry Competition,8
,Dancing Cider Co.,2022,International Cider Challenge,6
,Dancing Cider Company,2023,Japan Cider Cup,4
,Darkes Cider,2016,Australian Cider Awards,1
,Darkes Cider,2017,Australian Cider Awards,1
,Darkes Cider,2018,Australian Cider Awards,1
,Darkes Cider,2019,Australian Cider Awards,1
,Darkes Cider,2021,Australian Cider Awards,4
,Darkes Cider,2022,Australian Cider Awards,1
,Darkes Cider,2023,Australian Cider Awards,1
,Darkes Cider,2024,Australian Cider Awards,2
,Daylesford Cider Company,2016,Australian Cider Awards,5
,Daylesford Cider Company,2017,Australian Cider Awards,6
,Daylesford Cider Company,2017,Sagardo Forum International Cider Competition,2
,Daylesford Cider Company,2018,Australian Cider Awards,4
,Daylesford Cider Company,2019,Australian Cider Awards,7
,Daylesford Cider Company,2021,Australian Cider Awards,8
,Daylesford Cider Company,2022,Australian Cider Awards,6
,Daylesford Cider Company,2023,Australian Cider Awards,3
,Daylesford Cider Company,2024,Australian Cider Awards,5
,Dead Horse Cider Co.,2021,Great Lakes International Cider and Perry Competition,2
,Dee Ciders,2024,Museum of Cider International Cider & Perry Competition,3
,Dee Ciders,2024,Royal Bath & West Show - British Cider Championships,3
,Deep Roots Hard Cider,2016,Great Lakes International Cider and Perry Competition,1
,Deep Roots Hard Cider,2017,Great Lakes International Cider and Perry Competition,2
,Deep Roots Hard Cider,2018,Great Lakes International Cider and Perry Competition,4
,Deep Roots Hard Cider,2019,Great Lakes International Cider and Perry Competition,4
,Deep Roots Hard Cider,2021,Great Lakes International Cider and Perry Competition,4
,Deep Roots Hard Cider,2022,Great Lakes International Cider and Perry Competition,3
,Deep Roots Hard Cider,2023,Great Lakes International Cider and Perry Competition,4
,Deep Roots Hard Cider,2024,Great Lakes International Cider and Perry Competition,2
,Denmark Heritage Cider Company,2017,Australian Cider Awards,2
,Denmark Heritage Cider Company,2019,Australian Cider Awards,7
,Der Kleine Cidre Betrieb,2023,International Cider Challenge,1
,Der Kleine Cidre Betrieb,2023,Nordic International Cider Awards,1
,Der Kleine Cidre Betrieb,2024,International Cider Challenge,1
,Der Stotz Hof,2024,CiderWorld Awards,1
,Des Bouteilles à l'Amère,2019,Concours Régional Cidricole de Bretagne,1
,Des Bouteilles à l'Amère,2021,Concours Régional Cidricole de Bretagne,1
,Des Bouteilles à l'Amère,2022,Concours Régional Cidricole de Bretagne,1
,Des Bouteilles à l'Amère,2024,Concours Régional Cidricole de Bretagne,1
,Descendant Cider Company,2015,Great Lakes International Cider and Perry Competition,3
,Descendant Cider Company,2016,Great Lakes International Cider and Perry Competition,2
,Descendant Cider Company,2017,Great Lakes International Cider and Perry Competition,3
,Descendant Cider Company,2018,Great Lakes International Cider and Perry Competition,3
,Destileria Queilen,2024,Great Lakes International Cider and Perry Competition,2
,Devoto Orchards Cider,2013,Great Lakes International Cider and Perry Competition,1
,Devoto Orchards Cider,2014,Great Lakes International Cider and Perry Competition,3
,Devoto Orchards Cider,2015,Great Lakes International Cider and Perry Competition,2
,Dickens Cider,2014,Great Lakes International Cider and Perry Competition,1
,Die Mostbarone,2023,CiderWorld Awards,6
,Diner Brew Co.,2019,Great Lakes International Cider and Perry Competition,5
,Dingo Dog Brewing Company,2018,U.S. Open Cider Championship,1
,Dingo Dog Brewing Company,2020,U.S. Open Cider Championship,1
,Dingo Dog Brewing Company,2022,U.S. Open Cider Championship,1
,Dingo Dog Brewing Company,2023,U.S. Open Cider Championship,3
,Dingo Dog Brewing Company,2024,U.S. Open Cider Championship,1
,Dinnington Cider Press,2024,Royal Bath & West Show - British Cider Championships,9
,Diskin Cider,2019,Great Lakes International Cider and Perry Competition,3
,Diskin Cider,2019,U.S. Open Cider Championship,3
,Diskin Cider,2020,Cidercraft Awards,1
,Diskin Cider,2020,U.S. Open Cider Championship,1
,Diskin Cider,2021,Great Lakes International Cider and Perry Competition,6
,Diskin Cider,2021,U.S. Open Cider Championship,1
,Distillerie Artisanale du Plessis,2017,Concours Régional Cidricole de Bretagne,1
,Distillerie Artisanale du Plessis,2018,Concours Régional Cidricole de Bretagne,1
,Distillerie Artisanale du Plessis,2019,Concours Régional Cidricole de Bretagne,1
,Distillerie Warenghem,2017,Concours Régional Cidricole de Bretagne,1
,Distillerie Warenghem,2018,Concours Régional Cidricole de Bretagne,1
,Distillerie Warenghem,2019,Concours Régional Cidricole de Bretagne,1
,Distillerie Warenghem,2022,Concours Régional Cidricole de Bretagne,3
,Distillerie Warenghem,2023,Concours Régional Cidricole de Bretagne,1
,Distillerie Warenghem,2024,Concours Régional Cidricole de Bretagne,1
,Distillerie des Menhirs,2017,Concours Général Agricole,1
,Distillerie des Menhirs,2017,Concours Régional Cidricole de Bretagne,1
,Distillerie des Menhirs,2018,Concours Régional Cidricole de Bretagne,2
,Distillerie des Menhirs,2019,Concours Général Agricole,1
,Distillerie des Menhirs,2021,Concours Régional Cidricole de Bretagne,3
,Distillerie des Menhirs,2022,Concours Général Agricole,1
,Distillerie des Menhirs,2023,Concours Général Agricole,2
,Distillerie des Menhirs,2023,Concours Régional Cidricole de Bretagne,2
,Distillerie des Menhirs,2024,Concours Général Agricole,2
,Distillerie des Menhirs,2024,Concours Régional Cidricole de Bretagne,2
,Distillerie du Gorvello,2017,Concours Régional Cidricole de Bretagne,3
,Distillerie du Gorvello,2017,Sagardo Forum International Cider Competition,5
,Distillerie du Gorvello,2018,Concours Régional Cidricole de Bretagne,3
,Distillerie du Gorvello,2019,Concours Régional Cidricole de Bretagne,5
,Distillerie du Gorvello,2021,Concours Régional Cidricole de Bretagne,4
,Distillerie du Gorvello,2022,Concours Régional Cidricole de Bretagne,2
,Distillerie du Gorvello,2023,Concours Régional Cidricole de Bretagne,3
,Distillerie du Gorvello,2024,Concours Régional Cidricole de Bretagne,4
,Distillery Lane Ciderworks,2011,Great Lakes International Cider and Perry Competition,3
,Distillery Lane Ciderworks,2012,Great Lakes International Cider and Perry Competition,4
,Distillery Lane Ciderworks,2013,Great Lakes International Cider and Perry Competition,4
,Distillery Lane Ciderworks,2014,Great Lakes International Cider and Perry Competition,4
,Distillery Lane Ciderworks,2015,Great Lakes International Cider and Perry Competition,4
,Distillery Lane Ciderworks,2016,Great Lakes International Cider and Perry Competition,2
,Distillery Lane Ciderworks,2017,Great Lakes International Cider and Perry Competition,3
,Doc Waters Cidery,2023,U.S. Open Cider Championship,1
,Doc Waters Cidery,2024,U.S. Open Cider Championship,2
,Docendo Discitur,2020,International Cider Challenge,1
,Docendo Discitur,2022,Great Lakes International Cider and Perry Competition,1
,Docendo Discitur,2023,Great Lakes International Cider and Perry Competition,1
,Docendo Discitur,2024,Great Lakes International Cider and Perry Competition,1
,Doggerland Craft Cider,2020,International Cider Challenge,1
,Doggerland Craft Cider,2021,Salón Internacional de les Sidres de Gala (SISGA),1
,Domaine Bordatto,2017,Sagardo Forum International Cider Competition,5
,Domaine Duclos Fougeray,2014,Great Lakes International Cider and Perry Competition,3
,Domaine Duclos Fougeray,2017,Concours Général Agricole,2
,Domaine Duclos Fougeray,2020,Concours des Cidres de Normandie,2
,Domaine Duclos Fougeray,2020,Concours Général Agricole,1
,Domaine Duclos Fougeray,2021,Concours des Cidres de Normandie,3
,Domaine Duclos Fougeray,2022,Concours des Cidres de Normandie,3
,Domaine Duclos Fougeray,2023,Concours Général Agricole,1
,Domaine Duclos Fougeray,2024,Concours des Cidres de Normandie,2
,Domaine Dupont,2011,Australian Cider Awards,2
,Domaine Dupont,2022,Nordic International Cider Awards,3
,Domaine Lesuffleur,2017,Sagardo Forum International Cider Competition,2
,Domaine Olivier,2018,Concours Général Agricole,1
,Domaine Olivier,2019,Concours Général Agricole,1
,Domaine Olivier,2020,Concours des Cidres de Normandie,2
,Domaine Olivier,2024,Concours des Cidres de Normandie,1
,Domaine Pinnacle,2013,Great Lakes International Cider and Perry Competition,1
,Domaine Pinnacle,2019,International Cider Challenge,1
,Domaine Sicera,2017,Concours Général Agricole,1
,Domaine Sicera,2020,Concours des Cidres de Normandie,1
,Domaine de Kervéguen,2014,Great Lakes International Cider and Perry Competition,1
,Domaine de Kervéguen,2016,Great Lakes International Cider and Perry Competition,1
,Domaine de Normandie,2016,Great Lakes International Cider and Perry Competition,1
,Domaine de Rugueville,2024,Concours des Cidres de Normandie,1
,Domaine de la Baudrière,2022,Concours Général Agricole,1
,Domaine de la Galotière,2017,Concours Général Agricole,1
,Domaine de la Galotière,2019,Concours Général Agricole,2
,Domaine de la Galotière,2020,Concours des Cidres de Normandie,2
,Domaine de la Galotière,2020,Concours Général Agricole,1
,Domaine de la Galotière,2021,Concours des Cidres de Normandie,1
,Domaine de la Galotière,2022,Concours des Cidres de Normandie,2
,Domaine de la Galotière,2023,Concours des Cidres de Normandie,2
,Domaine de la Galotière,2024,Concours des Cidres de Normandie,2
,Domaine de la Galotière,2024,Concours Général Agricole,1
,Domaine de la Mare,2018,Salón Internacional de les Sidres de Gala (SISGA),1
,Domaine de la Mare,2019,Salón Internacional de les Sidres de Gala (SISGA),2
,Domaine de la Mare,2020,Salón Internacional de les Sidres de Gala (SISGA),3
,Domaine de la Mare,2021,Sagardo Forum International Cider Competition,3
,Domaine de la Mare,2021,Salón Internacional de les Sidres de Gala (SISGA),2
,Domaine de la Mare,2022,Salón Internacional de les Sidres de Gala (SISGA),2
,Domaine de la Mare,2023,Salón Internacional de les Sidres de Gala (SISGA),4
,Domaine des 5 Autels,2021,Concours des Cidres de Normandie,1
,Domaine des 5 Autels,2022,Concours des Cidres de Normandie,1
,Domaine des 5 Autels,2023,Concours des Cidres de Normandie,1
,Domaine des 5 Autels,2023,Nordic International Cider Awards,2
,Domaine des 5 D,2016,Great Lakes International Cider and Perry Competition,1
,Domaine des 5 D,2016,U.S. Open Cider Championship,1
,Domaine des 5 D,2017,Concours Général Agricole,1
,Domaine des 5 D,2017,U.S. Open Cider Championship,1
,Domaine des 5 D,2019,Concours Général Agricole,1
,Domaine des Côtes d'Ardoise,2018,Great Lakes International Cider and Perry Competition,2
,Domaine des Hauts-Vents,2017,Concours Général Agricole,3
,Domaine des Hauts-Vents,2018,Concours Général Agricole,2
,Domaine des Hauts-Vents,2019,Concours Général Agricole,1
,Domaine des Hauts-Vents,2020,Concours Général Agricole,1
,Domaine des Hauts-Vents,2021,Concours des Cidres de Normandie,4
,Domaine des Hauts-Vents,2022,Concours des Cidres de Normandie,2
,Domaine des Hauts-Vents,2022,Concours Général Agricole,4
,Domaine des Hauts-Vents,2023,Concours des Cidres de Normandie,5
,Domaine des Hauts-Vents,2023,Concours Général Agricole,3
,Domaine des Hauts-Vents,2024,Concours des Cidres de Normandie,2
,Domaine des Hauts-Vents,2024,Concours Général Agricole,1
,Dominion Cider Co.,2019,Great Lakes International Cider and Perry Competition,2
,Donovan Orchards Estate Ciders,2012,Great Lakes International Cider and Perry Competition,2
,Donovan Orchards Estate Ciders,2013,Great Lakes International Cider and Perry Competition,6
,Donovan Orchards Estate Ciders,2014,Great Lakes International Cider and Perry Competition,3
,Donovan Orchards Estate Ciders,2015,Great Lakes International Cider and Perry Competition,5
,Donovan Orchards Estate Ciders,2016,Great Lakes International Cider and Perry Competition,5
,Donovan Orchards Estate Ciders,2017,Great Lakes International Cider and Perry Competition,2
,Donovan Orchards Estate Ciders,2018,Cidercraft Awards,1
,Donovan Orchards Estate Ciders,2018,Great Lakes International Cider and Perry Competition,3
,Donovan Orchards Estate Ciders,2019,Great Lakes International Cider and Perry Competition,3
,Donovan Orchards Estate Ciders,2021,Great Lakes International Cider and Perry Competition,3
,Donovan Orchards Estate Ciders,2022,Great Lakes International Cider and Perry Competition,4
,Donovan Orchards Estate Ciders,2023,Great Lakes International Cider and Perry Competition,3
,Door Peninsula Winery,2018,Great Lakes International Cider and Perry Competition,4
,Door Peninsula Winery,2019,Great Lakes International Cider and Perry Competition,3
,Door Peninsula Winery,2022,Great Lakes International Cider and Perry Competition,4
,Door Peninsula Winery,2023,Great Lakes International Cider and Perry Competition,2
,Door Peninsula Winery,2024,Great Lakes International Cider and Perry Competition,2
,Dorset Nectar,2023,Royal Bath & West Show - British Cider Championships,2
,Dorset Star Cider,2023,Royal Bath & West Show - British Cider Championships,3
,Double Mountain Brewery & Cidery,2023,Cidercraft Awards,1
,Double Mountain Brewery & Cidery,2023,Northwest Cider Cup,1
,Double Mountain Brewery & Cidery,2024,Cidercraft Awards,1
,Double Mountain Brewery & Cidery,2024,Northwest Cider Cup,1
,Double Shovel Cider Company,2019,Cidercraft Awards,1
,Douglas Valley,2008,Great Lakes International Cider and Perry Competition,4
,Dowding's,2023,Royal Bath & West Show - British Cider Championships,5
,Dowding's,2024,Royal Bath & West Show - British Cider Championships,8
,Downeast Cider House,2012,Great Lakes International Cider and Perry Competition,1
,Downside Perry,2023,Royal Bath & West Show - British Cider Championships,3
,Dr Rob Whale,2024,Royal Bath & West Show - British Cider Championships,11
,Dr. Pilkington's,2018,Australian Cider Awards,1
,Dragon's Head Cider,2017,Cidercraft Awards,3
,Dragon's Head Cider,2018,Cidercraft Awards,3
,Dragon's Head Cider,2018,Great Lakes International Cider and Perry Competition,7
,Dragon's Head Cider,2018,Northwest Cider Cup,1
,Dragon's Head Cider,2019,Great Lakes International Cider and Perry Competition,2
,Dragon's Head Cider,2019,Northwest Cider Cup,1
,Dragon's Head Cider,2020,Cidercraft Awards,2
,Dragon's Head Cider,2021,Great Lakes International Cider and Perry Competition,6
,Dragon's Head Cider,2021,Northwest Cider Cup,1
,Dragon's Head Cider,2022,Cidercraft Awards,1
,Draig Development,2023,Royal Bath & West Show - British Cider Championships,2
,Draper Girls Cider Co.,2018,Northwest Cider Cup,2
,Draper Girls Cider Co.,2019,Northwest Cider Cup,4
,Dudda's Tun Cider,2018,International Cider Challenge,4
,Dudda's Tun Cider,2019,International Cider Challenge,2
,Dudda's Tun Cider,2020,International Cider Challenge,3
,Dudda's Tun Cider,2021,International Cider Challenge,2
,Duluth Cider,2019,U.S. Open Cider Championship,1
,Duluth Cider,2020,U.S. Open Cider Championship,1
,Duluth Cider,2021,Great Lakes International Cider and Perry Competition,3
,Duluth Cider,2021,U.S. Open Cider Championship,1
,Duluth Cider,2022,Great Lakes International Cider and Perry Competition,3
,Duluth Cider,2022,U.S. Open Cider Championship,2
,Duluth Cider,2023,Great Lakes International Cider and Perry Competition,3
,Dunham Press Cider,2022,International Cider Challenge,1
,Dunham Press Cider,2023,International Cider Challenge,1
,Dunkertons Cider and Perry,2016,U.S. Open Cider Championship,1
,Dunkertons Cider and Perry,2017,Great Lakes International Cider and Perry Competition,1
,Dunkertons Cider and Perry,2017,U.S. Open Cider Championship,2
,Dunkertons Cider and Perry,2018,Great Lakes International Cider and Perry Competition,2
,Dunkertons Cider and Perry,2018,International Cider Challenge,1
,Dunkertons Cider and Perry,2019,Great Lakes International Cider and Perry Competition,2
,Dunkertons Cider and Perry,2019,International Cider Challenge,1
,Dunkertons Cider and Perry,2020,International Cider Challenge,2
,Dunkertons Cider and Perry,2021,Great Lakes International Cider and Perry Competition,3
,Dunkertons Cider and Perry,2021,International Cider Challenge,2
,Dunkertons Cider and Perry,2022,International Cider Challenge,2
,Dunkertons Cider and Perry,2023,International Cider Challenge,1
,Dunkertons Cider and Perry,2024,International Cider Awards,1
,Dunkertons Cider and Perry,2024,International Cider Challenge,1
,Duntroon Cyder House,2015,Great Lakes International Cider and Perry Competition,1
,Duxbury Cider Company,2021,U.S. Open Cider Championship,1
,Duxbury Cider Company,2023,U.S. Open Cider Championship,3
,Duxbury Cider Company,2024,Great Lakes International Cider and Perry Competition,2
,Duxbury Cider Company,2024,U.S. Open Cider Championship,1
,Dyre Gård,2022,Nordic International Cider Awards,2
,Dürr Fruchtsaftkellerei,2021,International Cider Awards,2
,E&J Gallo Winery,2008,Great Lakes International Cider and Perry Competition,1
,E&J Gallo Winery,2011,Great Lakes International Cider and Perry Competition,2
,EBD Group,2023,CiderWorld Awards,1
,ERIS Brewery & Cider House,2019,U.S. Open Cider Championship,1
,ERIS Brewery & Cider House,2021,Sagardo Forum International Cider Competition,3
,Eaglemount Wine & Cider,2014,Great Lakes International Cider and Perry Competition,3
,Earl du Manoir,2023,Concours des Cidres de Normandie,1
,East End Brewing Company,2022,Great Lakes International Cider and Perry Competition,1
,Easthampton Cider Project,2022,U.S. Open Cider Championship,1
,Ebbelboi,2023,CiderWorld Awards,2
,Ebbelboi,2024,CiderWorld Awards,2
,Ecomusée de la Pomme et du Cidre,2018,Concours Général Agricole,1
,Eddies Cider,2019,Australian Cider Awards,1
,Eddies Cider,2021,Australian Cider Awards,1
,Eddies Cider,2022,Australian Cider Awards,3
,Eddies Cider,2023,Australian Cider Awards,2
,Eddies Cider,2024,Australian Cider Awards,2
,Eden Ciders,2009,Great Lakes International Cider and Perry Competition,2
,Eden Ciders,2011,Great Lakes International Cider and Perry Competition,4
,Eden Ciders,2012,Great Lakes International Cider and Perry Competition,2
,Eden Ciders,2013,Great Lakes International Cider and Perry Competition,3
,Eden Ciders,2014,Great Lakes International Cider and Perry Competition,3
,Eden Ciders,2015,Great Lakes International Cider and Perry Competition,6
,Eden Ciders,2016,Great Lakes International Cider and Perry Competition,4
,Eden Ciders,2017,Cidercraft Awards,2
,Eden Ciders,2017,Great Lakes International Cider and Perry Competition,6
,Eden Ciders,2018,Cidercraft Awards,2
,Eden Ciders,2018,Great Lakes International Cider and Perry Competition,6
,Eden Ciders,2019,Cidercraft Awards,1
,Eden Ciders,2019,Great Lakes International Cider and Perry Competition,6
,Eden Ciders,2021,Great Lakes International Cider and Perry Competition,5
,Eden Ciders,2021,Sagardo Forum International Cider Competition,6
,Eden Ciders,2022,Cidercraft Awards,1
,Eden Ciders,2022,Great Lakes International Cider and Perry Competition,3
,Eden Ciders,2023,Great Lakes International Cider and Perry Competition,6
,Eden Ciders,2024,Cidercraft Awards,1
,Eden Ciders,2024,Great Lakes International Cider and Perry Competition,4
,EdenVale Winery,2017,Cidercraft Awards,1
,EdenVale Winery,2017,Great Lakes International Cider and Perry Competition,1
,EdenVale Winery,2017,Northwest Cider Cup,1
,EdenVale Winery,2018,Northwest Cider Cup,1
,EdenVale Winery,2019,Cidercraft Awards,2
,EdenVale Winery,2020,Cidercraft Awards,1
,Egge Gård,2023,CiderWorld Awards,2
,Egge Gård,2024,CiderWorld Awards,2
,Egiazki,2024,Salón Internacional de les Sidres de Gala (SISGA),3
,Eiane Gard,2022,Nordic International Cider Awards,2
,Eiane Gard,2023,Nordic International Cider Awards,2
,Eiane Gard,2024,International Cider Challenge,2
,El Molín del Nora,2017,Salón Internacional de les Sidres de Gala (SISGA),1
,El Nocéu,2017,Sagardo Forum International Cider Competition,1
,El Piloñu,2023,Salón Internacional de les Sidres de Gala (SISGA),1
,Ela Cider Co.,2016,Great Lakes International Cider and Perry Competition,1
,Ela Cider Co.,2017,Great Lakes International Cider and Perry Competition,1
,Ela Cider Co.,2018,Great Lakes International Cider and Perry Competition,2
,Elegast Cidery,2020,Salón Internacional de les Sidres de Gala (SISGA),2
,Elegast Cidery,2021,Sagardo Forum International Cider Competition,6
,Elegast Cidery,2021,Salón Internacional de les Sidres de Gala (SISGA),2
,Elegast Cidery,2022,Salón Internacional de les Sidres de Gala (SISGA),2
,Elegast Cidery,2023,Nordic International Cider Awards,2
,Elegast Cidery,2023,Sagardo Forum International Cider Competition,3
,Elegast Cidery,2023,Salón Internacional de les Sidres de Gala (SISGA),2
,Elemental Cider,2024,Australian Cider Awards,1
,Elephants Rock Cider Company,2011,Australian Cider Awards,1
,Elk Horn Brewery & Ciderhouse,2016,Northwest Cider Cup,1
,Elk Horn Brewery & Ciderhouse,2017,Great Lakes International Cider and Perry Competition,2
,Elk Horn Brewery & Ciderhouse,2018,Northwest Cider Cup,2
,Elk Horn Brewery & Ciderhouse,2019,Great Lakes International Cider and Perry Competition,4
,Elk Horn Brewery & Ciderhouse,2022,Great Lakes International Cider and Perry Competition,6
,Embark Craft Ciderworks,2015,Great Lakes International Cider and Perry Competition,3
,Embark Craft Ciderworks,2016,Great Lakes International Cider and Perry Competition,5
,Embark Craft Ciderworks,2017,Great Lakes International Cider and Perry Competition,6
,Embark Craft Ciderworks,2018,Great Lakes International Cider and Perry Competition,5
,Embark Craft Ciderworks,2019,Great Lakes International Cider and Perry Competition,12
,Embark Craft Ciderworks,2024,Great Lakes International Cider and Perry Competition,7
,Empire Cider Company,2017,Great Lakes International Cider and Perry Competition,4
,Empire Cider Company,2018,Great Lakes International Cider and Perry Competition,3
,Empyrical Orchard & Cidery,2023,Cidercraft Awards,3
,Empyrical Orchard & Cidery,2023,Northwest Cider Cup,2
,Empyrical Orchard & Cidery,2024,Cidercraft Awards,2
,Empyrical Orchard & Cidery,2024,Great Lakes International Cider and Perry Competition,9
,Empyrical Orchard & Cidery,2024,Northwest Cider Cup,2
,Empyrical Orchards & Cider,2019,Great Lakes International Cider and Perry Competition,3
,Empyrical Orchards & Cider,2021,Great Lakes International Cider and Perry Competition,6
,Empyrical Orchards & Cider,2022,Great Lakes International Cider and Perry Competition,4
,Empyrical Orchards & Cider,2023,Great Lakes International Cider and Perry Competition,11
,Endless Orchard Cider,2024,Northwest Cider Cup,1
,Entre-Deux-Monts,2021,International Cider Challenge,1
,Epona,2021,Great Lakes International Cider and Perry Competition,1
,Eris Brewery & Cider House,2018,Great Lakes International Cider and Perry Competition,4
,Eris Brewery & Cider House,2019,Great Lakes International Cider and Perry Competition,7
,Eris Brewery & Cider House,2021,Great Lakes International Cider and Perry Competition,9
,Eris Brewery & Cider House,2022,Great Lakes International Cider and Perry Competition,6
,Eris Brewery & Cider House,2023,Great Lakes International Cider and Perry Competition,5
,Eris Brewery & Cider House,2024,Great Lakes International Cider and Perry Competition,6
,Ernest Cider,2017,Great Lakes International Cider and Perry Competition,2
,Ernest Cider,2018,Great Lakes International Cider and Perry Competition,7
,Ernest Cider,2019,Great Lakes International Cider and Perry Competition,9
,Ernest Cider,2021,Great Lakes International Cider and Perry Competition,5
,Ernest Cider,2022,Great Lakes International Cider and Perry Competition,6
,Ernest Cider,2023,Great Lakes International Cider and Perry Competition,5
,Ernest Cider,2024,Great Lakes International Cider and Perry Competition,7
,EsoTerra Ciderworks,2021,Great Lakes International Cider and Perry Competition,10
,EsoTerra Ciderworks,2022,Great Lakes International Cider and Perry Competition,6
,Ethic Ciders,2019,Great Lakes International Cider and Perry Competition,2
,Etta Place Cider,2021,Great Lakes International Cider and Perry Competition,6
,Etta Place Cider,2022,Great Lakes International Cider and Perry Competition,2
,Etta Place Cider,2023,Great Lakes International Cider and Perry Competition,3
,Etta Place Cider,2024,Great Lakes International Cider and Perry Competition,7
,Eva Group,2016,Australian Cider Awards,2
,Eva Group,2016,Great Lakes International Cider and Perry Competition,1
,Eva Group,2017,Salón Internacional de les Sidres de Gala (SISGA),3
,Eva Group,2018,International Cider Challenge,3
,Eva Group,2018,U.S. Open Cider Championship,2
,Eva Group,2019,International Cider Challenge,3
,Eva Group,2019,U.S. Open Cider Championship,2
,Eva Group,2020,Salón Internacional de les Sidres de Gala (SISGA),5
,Eva Group,2020,U.S. Open Cider Championship,2
,Everson's Cider,2019,International Cider Challenge,1
,Ex-Press Cider,2020,International Cider Challenge,1
,Exner Cider,2019,Sagardo Forum International Cider Competition,1
,Exner Cider,2021,International Cider Challenge,1
,Exner Cider,2021,Sagardo Forum International Cider Competition,1
,Exner Cider,2021,Salón Internacional de les Sidres de Gala (SISGA),1
,Exner Cider,2022,Salón Internacional de les Sidres de Gala (SISGA),2
,Exner Cider,2023,Sagardo Forum International Cider Competition,1
,Exner Cider,2024,Salón Internacional de les Sidres de Gala (SISGA),1
,Ezera Sidrs,2023,Nordic International Cider Awards,1
,F.H. Prager,2014,Salón Internacional de les Sidres de Gala (SISGA),2
,F.H. Prager,2016,Great Lakes International Cider and Perry Competition,1
,F.H. Prager,2022,International Cider Challenge,2
,F.H. Prager,2023,International Cider Challenge,1
,FX Matt Brewing,2019,U.S. Open Cider Championship,1
,FX Matt Brewing,2020,U.S. Open Cider Championship,1
,FX Matt Brewing,2021,U.S. Open Cider Championship,1
,FX Matt Brewing,2022,U.S. Open Cider Championship,1
,FX Matt Brewing,2023,U.S. Open Cider Championship,3
,FX Matt Brewing,2024,U.S. Open Cider Championship,4
,Fabbioli Cellars,2017,Great Lakes International Cider and Perry Competition,1
,Fabbioli Cellars,2018,Great Lakes International Cider and Perry Competition,3
,Faire Ferments,2015,Australian Cider Awards,3
,Faire Ferments,2018,Australian Cider Awards,1
,Falconer Vineyards,2017,Great Lakes International Cider and Perry Competition,2
,Falconer Vineyards,2018,Great Lakes International Cider and Perry Competition,2
,Falconer Vineyards,2019,Great Lakes International Cider and Perry Competition,2
,Famille Guesdon,2020,Concours des Cidres de Normandie,3
,Famille Guesdon,2021,Concours des Cidres de Normandie,2
,Famille Guesdon,2022,Concours des Cidres de Normandie,3
,Famille Guesdon,2023,Concours des Cidres de Normandie,4
,Famille Guesdon,2024,Concours des Cidres de Normandie,3
,Far From The Tree Cider,2019,U.S. Open Cider Championship,1
,Farm & Cidery Kaneshige,2020,International Cider Challenge,1
,Farm & Cidery Kaneshige,2022,Great Lakes International Cider and Perry Competition,1
,Farm Club,2023,Great Lakes International Cider and Perry Competition,1
,Farm Club,2024,Great Lakes International Cider and Perry Competition,4
,Farmgate Cider,2021,Great Lakes International Cider and Perry Competition,2
,Farmgate Cider,2023,Great Lakes International Cider and Perry Competition,1
,Farmhaus Cider Co.,2015,Great Lakes International Cider and Perry Competition,2
,Farmhaus Cider Co.,2016,Great Lakes International Cider and Perry Competition,1
,Farmhaus Cider Co.,2017,Great Lakes International Cider and Perry Competition,2
,Farmhaus Cider Co.,2018,Great Lakes International Cider and Perry Competition,2
,Farmhaus Cider Co.,2019,Great Lakes International Cider and Perry Competition,4
,Farmhaus Cider Co.,2021,Great Lakes International Cider and Perry Competition,15
,Farmhaus Cider Co.,2022,Great Lakes International Cider and Perry Competition,18
,Farmhaus Cider Co.,2023,Great Lakes International Cider and Perry Competition,26
,Farmhaus Cider Co.,2024,Great Lakes International Cider and Perry Competition,5
,Farmstead Cider,2021,Great Lakes International Cider and Perry Competition,2
,Faustino Estate Cidery,2016,Northwest Cider Cup,2
,Fein | Wein & Obst,2019,International Cider Challenge,1
,Fenceline Cider,2019,Great Lakes International Cider and Perry Competition,9
,Fenceline Cider,2020,Cidercraft Awards,1
,Fenceline Cider,2021,Great Lakes International Cider and Perry Competition,4
,Fenceline Cider,2022,Great Lakes International Cider and Perry Competition,4
,Fenceline Cider,2023,Cidercraft Awards,1
,Fenceline Cider,2023,Great Lakes International Cider and Perry Competition,5
,Fenn Valley Vineyards,2022,Great Lakes International Cider and Perry Competition,4
,Fenn Valley Vineyards,2023,Great Lakes International Cider and Perry Competition,2
,Ferme Black Creek,2018,Great Lakes International Cider and Perry Competition,1
,Ferme Black Creek,2019,Great Lakes International Cider and Perry Competition,1
,Ferme Black Creek,2022,Great Lakes International Cider and Perry Competition,1
,Ferme Black Creek,2024,Great Lakes International Cider and Perry Competition,1
,Ferme Cidricole Desvoye,2020,Concours des Cidres de Normandie,1
,Ferme Cidricole Desvoye,2021,Concours des Cidres de Normandie,3
,Ferme Cidricole Desvoye,2022,Concours des Cidres de Normandie,2
,Ferme Cidricole Desvoye,2023,Concours des Cidres de Normandie,2
,Ferme Cidricole Desvoye,2024,Concours des Cidres de Normandie,4
,Ferme Cidricole Lemercier,2020,Concours Général Agricole,1
,Ferme Cidricole Lemercier,2022,Concours Général Agricole,2
,Ferme Marcotte,2024,Concours des Cidres de Normandie,2
,Ferme Saint Charles,2017,Concours Général Agricole,1
,Ferme Saint Charles,2018,Concours Général Agricole,2
,Ferme Saint Charles,2019,Concours Général Agricole,1
,Ferme Saint Charles,2019,Concours Régional Cidricole de Bretagne,2
,Ferme Saint Charles,2020,Concours Général Agricole,2
,Ferme Saint Charles,2021,Concours Régional Cidricole de Bretagne,3
,Ferme Saint Charles,2022,Concours Général Agricole,1
,Ferme Saint Charles,2023,Concours Général Agricole,3
,Ferme Saint Charles,2024,Concours Général Agricole,2
,Ferme de Cavelande,2022,Concours des Cidres de Normandie,1
,Ferme de Cavelande,2024,Concours des Cidres de Normandie,1
,Ferme de Cutesson,2020,Concours des Cidres de Normandie,1
,Ferme de Cutesson,2022,Concours Général Agricole,1
,Ferme de Romilly,2018,Great Lakes International Cider and Perry Competition,2
,Ferme de l'Hermitière,2020,Concours des Cidres de Normandie,1
,Ferme de la Commanderie,2020,Concours des Cidres de Normandie,1
,Ferme de la Commanderie,2021,Concours des Cidres de Normandie,1
,Ferme de la Commanderie,2022,Concours des Cidres de Normandie,3
,Ferme de la Commanderie,2023,Concours des Cidres de Normandie,1
,Ferme de la Sapinière,2014,Great Lakes International Cider and Perry Competition,2
,Ferme de la Sapinière,2015,Great Lakes International Cider and Perry Competition,4
,Ferme de la Sapinière,2016,Great Lakes International Cider and Perry Competition,3
,Ferme de la Sapinière,2017,Great Lakes International Cider and Perry Competition,2
,Ferme de la Sapinière,2018,Great Lakes International Cider and Perry Competition,2
,Ferme de la Sapinière,2020,Concours des Cidres de Normandie,2
,Ferme de la Sapinière,2021,Concours des Cidres de Normandie,5
,Ferme de la Sapinière,2022,Concours des Cidres de Normandie,2
,Ferme de la Sapinière,2023,Concours des Cidres de Normandie,1
,Ferme de la Sapinière,2024,Concours des Cidres de Normandie,1
,Ferme de la Vallée au Tanneur,2022,Concours des Cidres de Normandie,2
,Ferme de la Vallée au Tanneur,2023,Concours des Cidres de Normandie,2
,Ferme des Martellières,2018,Concours Général Agricole,1
,Ferme des Martellières,2020,Concours des Cidres de Normandie,2
,Ferme des Martellières,2021,Concours des Cidres de Normandie,2
,Ferme des Martellières,2022,Concours des Cidres de Normandie,3
,Ferme des Martellières,2023,Concours des Cidres de Normandie,4
,Ferme des Martellières,2024,Concours des Cidres de Normandie,1
,Ferme des Noës,2017,Concours Général Agricole,2
,Ferme des Noës,2018,Concours Général Agricole,2
,Ferme des Noës,2019,Concours Général Agricole,2
,Ferme des Noës,2020,Concours des Cidres de Normandie,3
,Ferme des Noës,2021,Concours des Cidres de Normandie,3
,Ferme des Noës,2022,Concours des Cidres de Normandie,3
,Ferme des Noës,2023,Concours des Cidres de Normandie,1
,Ferme des Noës,2024,Concours des Cidres de Normandie,2
,Ferme des Noës,2024,Concours Général Agricole,1
,Ferme du Lieu-Roussel,2020,Concours des Cidres de Normandie,1
,Ferme du Lieu-Roussel,2021,Concours des Cidres de Normandie,3
,Ferme du Lieu-Roussel,2022,Concours des Cidres de Normandie,2
,Ferme du Lieu-Roussel,2023,Concours des Cidres de Normandie,2
,Ferme du Manoir du Val,2020,Concours des Cidres de Normandie,1
,Ferme du Manoir du Val,2021,Concours des Cidres de Normandie,1
,Ferme du Manoir du Val,2022,Concours des Cidres de Normandie,3
,Ferme du Manoir du Val,2023,Concours des Cidres de Normandie,4
,Ferme du Manoir du Val,2024,Concours des Cidres de Normandie,3
,Ferme du Petit Château,2021,Concours des Cidres de Normandie,1
,Ferme du Pressoir,2019,Concours Général Agricole,1
,Ferme du Pressoir,2020,Concours Général Agricole,1
,Ferme du Pressoir,2023,Concours Général Agricole,1
,Ferme du Theil,2017,Concours Général Agricole,2
,Ferme du Theil,2018,Concours Général Agricole,1
,Ferme du Theil,2019,Concours Général Agricole,1
,Ferme du Theil,2022,Concours Général Agricole,3
,Ferme du Theil,2023,Concours Général Agricole,2
,Ferme du Theil,2023,Nordic International Cider Awards,3
,Ferme du Theil,2024,Concours Général Agricole,2
,Fernbank Creek Cidery,2019,Australian Cider Awards,1
,Ferro Farms,2016,Great Lakes International Cider and Perry Competition,1
,Ferro Farms,2017,Great Lakes International Cider and Perry Competition,1
,Ficklewood Ciderworks,2021,Great Lakes International Cider and Perry Competition,7
,Ficklewood Ciderworks,2022,Great Lakes International Cider and Perry Competition,11
,Ficklewood Ciderworks,2024,Great Lakes International Cider and Perry Competition,2
,FieldBird Cider,2018,Great Lakes International Cider and Perry Competition,2
,Fieldstone Hard Cider Co.,2017,Great Lakes International Cider and Perry Competition,3
,Fieldstone Hard Cider Co.,2018,Great Lakes International Cider and Perry Competition,3
,Fieldstone Hard Cider Co.,2019,Great Lakes International Cider and Perry Competition,3
,Fils de Pomme,2018,Australian Cider Awards,2
,Fils de Pomme,2018,International Cider Challenge,1
,Fils de Pomme,2019,Australian Cider Awards,3
,Fils de Pomme,2023,International Cider Challenge,2
,Finca La Rionda,2017,Sagardo Forum International Cider Competition,1
,Finca La Rionda,2017,Salón Internacional de les Sidres de Gala (SISGA),1
,Finnriver Farm & Cidery,2014,Northwest Cider Cup,2
,Finnriver Farm & Cidery,2015,Northwest Cider Cup,1
,Finnriver Farm & Cidery,2016,Northwest Cider Cup,2
,Finnriver Farm & Cidery,2017,Northwest Cider Cup,2
,Finnriver Farm & Cidery,2018,Northwest Cider Cup,1
,Finnriver Farm & Cidery,2021,Northwest Cider Cup,1
,Finnriver Farm & Cidery,2022,Cidercraft Awards,1
,Finnriver Farm & Cidery,2022,Northwest Cider Cup,4
,Finnriver Farm & Cidery,2023,Northwest Cider Cup,1
,Finnriver Farm & Cidery,2024,Japan Cider Cup,1
,Finnriver Farm & Cidery,2024,Northwest Cider Cup,1
,Finnriver Farm and Cidery,2011,Great Lakes International Cider and Perry Competition,2
,Finnriver Farm and Cidery,2013,Great Lakes International Cider and Perry Competition,2
,Finnriver Farm and Cidery,2014,Great Lakes International Cider and Perry Competition,4
,Finnriver Farm and Cidery,2015,Great Lakes International Cider and Perry Competition,6
,Finnriver Farm and Cidery,2016,Great Lakes International Cider and Perry Competition,5
,Finnriver Farm and Cidery,2017,Great Lakes International Cider and Perry Competition,2
,Finnriver Farm and Cidery,2019,Great Lakes International Cider and Perry Competition,5
,Finnriver Farm and Cidery,2021,Great Lakes International Cider and Perry Competition,4
,Finnriver Farm and Cidery,2022,Great Lakes International Cider and Perry Competition,4
,Finnriver Farm and Cidery,2023,Great Lakes International Cider and Perry Competition,2
,Fishbone,2017,Australian Cider Awards,1
,Five Maidens Cider Company,2022,U.S. Open Cider Championship,3
,Five Maidens Cider Company,2023,Great Lakes International Cider and Perry Competition,8
,Five Maidens Cider Company,2023,U.S. Open Cider Championship,4
,Five Maidens Cider Company,2024,Great Lakes International Cider and Perry Competition,9
,Five Maidens Cider Company,2024,U.S. Open Cider Championship,3
,Fjordfolk Mikrobryggeri,2021,Salón Internacional de les Sidres de Gala (SISGA),3
,Fjordfolk Mikrobryggeri,2022,Nordic International Cider Awards,1
,Fjordfolk Mikrobryggeri,2023,Nordic International Cider Awards,2
,Fjordsider,2022,Nordic International Cider Awards,3
,Flat Rock Cider Company,2021,Great Lakes International Cider and Perry Competition,3
,Flat Rock Cider Company,2022,Great Lakes International Cider and Perry Competition,3
,Flat Rock Cider Company,2023,Great Lakes International Cider and Perry Competition,4
,Flatbed Cider Co.,2016,Great Lakes International Cider and Perry Competition,2
,Flint City Hard Cider Co.,2016,Great Lakes International Cider and Perry Competition,1
,Flint City Hard Cider Co.,2017,Great Lakes International Cider and Perry Competition,1
,Flint City Hard Cider Co.,2018,Great Lakes International Cider and Perry Competition,2
,Flint City Hard Cider Co.,2021,Great Lakes International Cider and Perry Competition,2
,Flint City Hard Cider Co.,2022,Great Lakes International Cider and Perry Competition,1
,Floribunda,2017,Sagardo Forum International Cider Competition,4
,Floribunda,2019,Sagardo Forum International Cider Competition,2
,Floribunda,2021,Sagardo Forum International Cider Competition,4
,Floribunda,2022,Great Lakes International Cider and Perry Competition,3
,Floribunda,2022,Nordic International Cider Awards,2
,Floribunda,2023,Great Lakes International Cider and Perry Competition,1
,Floribunda,2023,Nordic International Cider Awards,3
,Floribunda,2023,Sagardo Forum International Cider Competition,5
,Flying Brick Cider,2013,Australian Cider Awards,1
,Flying Brick Cider,2014,Australian Cider Awards,2
,Flying Brick Cider,2015,Australian Cider Awards,2
,Flying Brick Cider,2016,Australian Cider Awards,4
,Flying Brick Cider,2017,Australian Cider Awards,2
,Flying Brick Cider,2018,Australian Cider Awards,4
,Flying Brick Cider,2019,Australian Cider Awards,3
,Flying Brick Cider,2021,Australian Cider Awards,4
,Flying Brick Cider,2022,Australian Cider Awards,4
,Flying Brick Cider,2023,Australian Cider Awards,9
,Flying Brick Cider,2024,Australian Cider Awards,9
,Foggy Ridge Cider,2007,Great Lakes International Cider and Perry Competition,2
,Forbidden Cider Co.,2014,Great Lakes International Cider and Perry Competition,2
,Forbidden Cider Co.,2017,Great Lakes International Cider and Perry Competition,2
,Forgotten Ciders,2015,Great Lakes International Cider and Perry Competition,5
,Forgotten Ciders,2016,Great Lakes International Cider and Perry Competition,4
,Forgotten Ciders,2017,Great Lakes International Cider and Perry Competition,4
,Forgotten Ciders,2018,Great Lakes International Cider and Perry Competition,5
,Forgotten Fire Winery,2023,Great Lakes International Cider and Perry Competition,3
,Fort Point Beer Company,2023,Great Lakes International Cider and Perry Competition,2
,Forward Ferments,2019,Great Lakes International Cider and Perry Competition,2
,Fourth Coast Ciderworks,2019,Great Lakes International Cider and Perry Competition,1
,Fowey Valley,2022,International Cider Challenge,1
,Foxcraft Hard Cider,2015,Great Lakes International Cider and Perry Competition,4
,Foxcraft Hard Cider,2017,Cidercraft Awards,1
,Foxcraft Hard Cider,2017,U.S. Open Cider Championship,1
,Francis Vallée,2017,Concours Général Agricole,1
,Francis Vallée,2018,Concours Général Agricole,1
,Francis Vallée,2019,Concours Général Agricole,1
,Francis Vallée,2020,Concours Général Agricole,1
,Frank's Cider,2012,Australian Cider Awards,2
,Frank's Cider,2013,Australian Cider Awards,2
,Frank's Cider,2014,Australian Cider Awards,1
,Frank's Cider,2015,Australian Cider Awards,3
,Frank's Cider,2016,Australian Cider Awards,2
,Frank's Cider,2017,Australian Cider Awards,4
,Frank's Cider,2017,Sagardo Forum International Cider Competition,2
,Frank's Cider,2018,Australian Cider Awards,5
,Frank's Cider,2019,Australian Cider Awards,3
,Frank's Cider,2022,Australian Cider Awards,2
,Frank's Cider,2023,Australian Cider Awards,3
,Frank's Cider,2024,Australian Cider Awards,5
,François Roger,2023,Concours Général Agricole,1
,Fraser Valley Cider Company,2021,Northwest Cider Cup,1
,Fraser Valley Cider Company,2022,Great Lakes International Cider and Perry Competition,2
,Fraser Valley Cider Company,2022,Northwest Cider Cup,1
,Frecon Farms,2013,Great Lakes International Cider and Perry Competition,1
,Frecon Farms,2014,Great Lakes International Cider and Perry Competition,2
,Frecon Farms,2015,Great Lakes International Cider and Perry Competition,4
,Freewater Cider and Wine Company,2018,Great Lakes International Cider and Perry Competition,1
,Freewater Cider and Wine Company,2019,Great Lakes International Cider and Perry Competition,3
,Freewater Cider and Wine Company,2021,Great Lakes International Cider and Perry Competition,4
,Freewater Cider and Wine Company,2021,Northwest Cider Cup,1
,Freewater Cider and Wine Company,2024,U.S. Open Cider Championship,1
,French Road Cellars,2011,Great Lakes International Cider and Perry Competition,1
,FreuObst,2024,CiderWorld Awards,1
,Friendly Noise,2023,Great Lakes International Cider and Perry Competition,1
,Frux Solis,2019,Salón Internacional de les Sidres de Gala (SISGA),1
,Frux Solis,2020,Salón Internacional de les Sidres de Gala (SISGA),1
,Fukiware Cidrerie,2023,Salón Internacional de les Sidres de Gala (SISGA),2
,Funk Cider,2017,Australian Cider Awards,4
,Funk Cider,2018,Australian Cider Awards,8
,Funk Cider,2019,Australian Cider Awards,2
,Funk Cider,2021,Australian Cider Awards,5
,Funk Cider,2022,Australian Cider Awards,2
,Funk Cider,2023,Australian Cider Awards,1
,Funk Drinks Co.,2024,Australian Cider Awards,5
,GAEC Hédouin,2022,Concours des Cidres de Normandie,1
,GAEC Hédouin,2023,Concours des Cidres de Normandie,1
,Gabe Cook,2023,Royal Bath & West Show - British Cider Championships,1
,Ganley & Naish,2023,Royal Bath & West Show - British Cider Championships,3
,Ganley & Naish Cider,2024,Royal Bath & West Show - British Cider Championships,3
,Garage D'or Ciders,2016,U.S. Open Cider Championship,1
,Garage D'or Ciders,2017,Great Lakes International Cider and Perry Competition,1
,Garage D'or Ciders,2017,U.S. Open Cider Championship,1
,Gardsbrenneriet,2022,Nordic International Cider Awards,1
,Gartziategi,2017,Sagardo Forum International Cider Competition,2
,Gartziategi,2019,Sagardo Forum International Cider Competition,2
,Gartziategi,2021,Salón Internacional de les Sidres de Gala (SISGA),1
,Gartziategi,2022,Salón Internacional de les Sidres de Gala (SISGA),1
,Gary Awdey,2016,Great Lakes International Cider and Perry Competition,2
,Gary Awdey,2017,Great Lakes International Cider and Perry Competition,2
,Gary Awdey,2021,Great Lakes International Cider and Perry Competition,3
,Gaztañaga,2017,Sagardo Forum International Cider Competition,1
,Genussmosthof Veitlbauer,2023,CiderWorld Awards,1
,Geo Cider,2023,Great Lakes International Cider and Perry Competition,1
,Gio Hills Winery,2023,Japan Cider Cup,1
,Gio Hills Winery,2024,Japan Cider Cup,1
,Glacial Till Vineyard & Winery,2018,U.S. Open Cider Championship,1
,Glacial Till Vineyard & Winery,2019,U.S. Open Cider Championship,3
,Glacial Till Vineyard & Winery,2020,U.S. Open Cider Championship,2
,Glacial Till Vineyard & Winery,2021,U.S. Open Cider Championship,3
,Glacial Till Vineyard & Winery,2022,Cidercraft Awards,1
,Glacial Till Vineyard & Winery,2022,Great Lakes International Cider and Perry Competition,11
,Glacial Till Vineyard & Winery,2022,U.S. Open Cider Championship,4
,Glacial Till Vineyard & Winery,2023,Cidercraft Awards,4
,Glacial Till Vineyard & Winery,2023,Great Lakes International Cider and Perry Competition,11
,Glacial Till Vineyard & Winery,2023,U.S. Open Cider Championship,6
,Glacial Till Vineyard & Winery,2024,Great Lakes International Cider and Perry Competition,14
,Glacial Till Vineyard & Winery,2024,U.S. Open Cider Championship,6
,Glastonbury Abbey,2024,Royal Bath & West Show - British Cider Championships,1
,Glyders Cider,2023,Royal Bath & West Show - British Cider Championships,3
,Gnarly Grove Hard Cider,2016,Great Lakes International Cider and Perry Competition,2
,Gnarly Pippin Cider House,2021,Great Lakes International Cider and Perry Competition,3
,Goat Rock Cider Company,2022,Great Lakes International Cider and Perry Competition,3
,Godfrey Run Cider Mill,2021,Great Lakes International Cider and Perry Competition,3
,Golden Cider Company,2021,International Cider Challenge,1
,Golden Row Hard Cider,2024,Japan Cider Cup,1
,Golden State Cider,2015,Great Lakes International Cider and Perry Competition,1
,Golden State Cider,2019,Great Lakes International Cider and Perry Competition,1
,Golden State Cider,2021,Great Lakes International Cider and Perry Competition,2
,Goldkehlchen,2018,International Cider Challenge,1
,Good Bones Ciderhouse,2023,Great Lakes International Cider and Perry Competition,1
,Good Bones Ciderhouse,2024,Great Lakes International Cider and Perry Competition,1
,Good George Brewing,2019,International Cider Awards,1
,GoodRoad Ciderworks,2017,Great Lakes International Cider and Perry Competition,4
,GoodRoad Ciderworks,2018,Great Lakes International Cider and Perry Competition,6
,Gowan's Heirloom Ciders,2017,Cidercraft Awards,2
,Gowan's Heirloom Ciders,2018,Cidercraft Awards,1
,Gowan's Heirloom Ciders,2018,Great Lakes International Cider and Perry Competition,4
,Gowan's Heirloom Ciders,2019,Great Lakes International Cider and Perry Competition,2
,Gowan's Heirloom Ciders,2020,Cidercraft Awards,2
,Gowan's Heirloom Ciders,2020,U.S. Open Cider Championship,2
,Gowan's Heirloom Ciders,2021,Great Lakes International Cider and Perry Competition,7
,Gowan's Heirloom Ciders,2022,Great Lakes International Cider and Perry Competition,6
,Gowan's Heirloom Ciders,2023,Great Lakes International Cider and Perry Competition,4
,Graf Apfelwein,2024,CiderWorld Awards,2
,Grand Illusion Hard Cider,2017,Great Lakes International Cider and Perry Competition,1
,Grand Illusion Hard Cider,2018,Great Lakes International Cider and Perry Competition,1
,Grand Illusion Hard Cider,2019,Great Lakes International Cider and Perry Competition,2
,Grand Ridge Brewery,2015,Australian Cider Awards,2
,Grand Ridge Brewery,2016,Australian Cider Awards,1
,Grand Ridge Brewery,2017,Australian Cider Awards,2
,Grand Ridge Brewery,2018,Australian Cider Awards,2
,Grand Ridge Brewery,2023,Australian Cider Awards,2
,Granite Belt Cider Company,2016,Australian Cider Awards,1
,Granite Belt Cider Company,2017,Australian Cider Awards,1
,Granite Belt Cider Company,2018,Australian Cider Awards,2
,Gravity Theory Cider,2022,International Cider Challenge,1
,Gravity Vineyards and Winery,2021,Great Lakes International Cider and Perry Competition,4
,Great Lakes Farms,2023,Great Lakes International Cider and Perry Competition,1
,Green Bench Brewing Co.,2016,U.S. Open Cider Championship,1
,Green Bench Brewing Co.,2017,U.S. Open Cider Championship,1
,Green Bench Brewing Co.,2018,U.S. Open Cider Championship,1
,Green Bench Brewing Co.,2019,Great Lakes International Cider and Perry Competition,6
,Green Bench Brewing Co.,2019,U.S. Open Cider Championship,1
,Green Bench Brewing Co.,2020,U.S. Open Cider Championship,1
,Green Bench Brewing Co.,2021,Great Lakes International Cider and Perry Competition,3
,Green Bench Brewing Co.,2022,Great Lakes International Cider and Perry Competition,3
,Green Bench Brewing Co.,2023,Great Lakes International Cider and Perry Competition,6
,Green Bench Brewing Co.,2024,Great Lakes International Cider and Perry Competition,4
,Green Bird Cellars,2012,Great Lakes International Cider and Perry Competition,2
,Green Bird Cellars,2013,Great Lakes International Cider and Perry Competition,2
,Green Bird Cellars,2014,Great Lakes International Cider and Perry Competition,1
,Green Bird Cellars,2015,Great Lakes International Cider and Perry Competition,1
,Greenwood Cider Company,2018,Great Lakes International Cider and Perry Competition,3
,Greenwood Cider Company,2023,Cidercraft Awards,1
,Gregg's Pit Cider and Perry,2024,Museum of Cider International Cider & Perry Competition,2
,Grey & Gold Cider,2017,Great Lakes International Cider and Perry Competition,4
,Grey & Gold Cider,2018,Great Lakes International Cider and Perry Competition,4
,Grey & Gold Cider,2019,Great Lakes International Cider and Perry Competition,4
,Grey & Gold Cider,2022,Great Lakes International Cider and Perry Competition,3
,Grey & Gold Cider,2023,Great Lakes International Cider and Perry Competition,3
,Griffin Cider Works,2013,Great Lakes International Cider and Perry Competition,3
,Griffin Cider Works,2017,Great Lakes International Cider and Perry Competition,1
,Groualle Frères,2022,Concours des Cidres de Normandie,1
,Groualle Frères,2024,Concours des Cidres de Normandie,1
,Groupe Geloso,2014,U.S. Open Cider Championship,1
,Groupe Geloso,2015,U.S. Open Cider Championship,1
,Groupe Geloso,2017,U.S. Open Cider Championship,2
,Groupe Geloso,2018,International Cider Challenge,2
,Groupe Geloso,2018,U.S. Open Cider Championship,1
,Groupe Geloso,2019,U.S. Open Cider Championship,1
,Groupe Geloso,2020,U.S. Open Cider Championship,1
,Groupe Geloso,2021,International Cider Awards,1
,Groupe Geloso,2021,U.S. Open Cider Championship,2
,Groupe Geloso,2022,International Cider Challenge,2
,Groupe Geloso,2022,U.S. Open Cider Championship,1
,Groupe Geloso,2023,International Cider Challenge,2
,Groupe Geloso,2024,International Cider Challenge,1
,Grubbestad Gård,2022,Nordic International Cider Awards,1
,Guillaume & Co,2023,CiderWorld Awards,1
,Guillaume & Co,2023,International Cider Challenge,1
,Gurneys Cider,2023,Australian Cider Awards,3
,Gurneys Cider,2024,Australian Cider Awards,2
,Gurutzeta,2017,Sagardo Forum International Cider Competition,1
,Gurutzeta,2019,Sagardo Forum International Cider Competition,2
,Gurutzeta,2021,Sagardo Forum International Cider Competition,2
,Gurutzeta,2022,Nordic International Cider Awards,3
,Gutshof Kraatz,2021,Sagardo Forum International Cider Competition,3
,Gutshof Kraatz,2023,CiderWorld Awards,2
,Gutshof Kraatz,2024,CiderWorld Awards,3
,Guy Chériaux,2018,Concours Régional Cidricole de Bretagne,1
,Gwatkin Cider,2023,Royal Three Counties Show,1
,Gwatkin Cider,2024,Museum of Cider International Cider & Perry Competition,1
,Gwatkin Cider,2024,Royal Three Counties Show,1
,Gwatkin Cider Co.,2023,Museum of Cider International Cider & Perry Competition,2
,Gwynt y Ddraig Cider,2011,Australian Cider Awards,2
,Gypsy Circus,2017,Cidercraft Awards,1
,Gypsy Circus,2017,Great Lakes International Cider and Perry Competition,4
,Gypsy Circus,2019,Cidercraft Awards,1
,Gypsy Circus,2019,Great Lakes International Cider and Perry Competition,20
,Gypsy Circus,2021,Great Lakes International Cider and Perry Competition,26
,Gypsy Circus,2022,Cidercraft Awards,2
,Gypsy Circus,2023,Great Lakes International Cider and Perry Competition,19
,Götti Cider,2017,Sagardo Forum International Cider Competition,1
,HOCCA Winery,2023,Japan Cider Cup,1
,Haldenhof,2024,CiderWorld Awards,1
,Halfpenny Green Cider,2023,Royal Bath & West Show - British Cider Championships,3
,Hallonmäen Siideripanimo,2022,Nordic International Cider Awards,2
,Hallvard Sørheim Evjestad,2022,Nordic International Cider Awards,1
,Hansen Tasmania,2017,Australian Cider Awards,1
,Hansen Tasmania,2018,Australian Cider Awards,1
,Hansen Tasmania,2019,Australian Cider Awards,1
,Happy Valley Ciderworks,2019,Northwest Cider Cup,1
,Harcourt Perry & Cider Makers,2015,Australian Cider Awards,2
,Harcourt Perry & Cider Makers,2016,Australian Cider Awards,3
,Harcourt Perry & Cider Makers,2017,Australian Cider Awards,3
,Harcourt Perry & Cider Makers,2017,Sagardo Forum International Cider Competition,2
,Harcourt Perry & Cider Makers,2018,Australian Cider Awards,3
,Harcourt Perry & Cider Makers,2019,Australian Cider Awards,3
,Harcourt Perry & Cider Makers,2022,Australian Cider Awards,3
,Hard Way Cider Co.,2019,Great Lakes International Cider and Perry Competition,1
,Hardanger Saft og Siderfabrikk,2022,Nordic International Cider Awards,3
,Hardanger Saft og Siderfabrikk,2023,CiderWorld Awards,5
,Hardanger Saft og Siderfabrikk,2023,Nordic International Cider Awards,3
,Hardanger Saft og Siderfabrikk,2024,CiderWorld Awards,5
,Hardangerbonden,2022,Nordic International Cider Awards,3
,Hardangerbonden,2023,Nordic International Cider Awards,3
,Hardangergutane,2019,Sagardo Forum International Cider Competition,2
,Hardangergutane,2022,International Cider Challenge,1
,Hardangergutane,2022,Nordic International Cider Awards,2
,Hardangergutane,2023,Nordic International Cider Awards,2
,Hardangergutane,2023,Sagardo Forum International Cider Competition,3
,Harding Økologiske Sideri,2022,Nordic International Cider Awards,3
,Harding Økologiske Sideri,2023,Nordic International Cider Awards,3
,Hardscrabble Cider,2016,Great Lakes International Cider and Perry Competition,4
,Harpers Ferry Brewing,2023,Great Lakes International Cider and Perry Competition,3
,Harpers Ferry Brewing,2024,Great Lakes International Cider and Perry Competition,9
,Harry's Cider,2018,International Cider Challenge,1
,Harry's Cider,2023,Royal Bath & West Show - British Cider Championships,2
,Harry's Cider Company,2024,Royal Bath & West Show - British Cider Championships,4
,Hart's Farm,2017,Australian Cider Awards,2
,Hart's Farm,2018,Australian Cider Awards,1
,Hart's Farm,2019,Australian Cider Awards,2
,Hart's Farm,2021,Australian Cider Awards,1
,Hart's Farm,2023,Australian Cider Awards,2
,Hartpury University Cider Project,2024,Royal Bath & West Show - British Cider Championships,1
,Harvey River Estate,2013,Australian Cider Awards,2
,Haselberger,2023,Sagardo Forum International Cider Competition,4
,Haußler Hinterespig,2023,CiderWorld Awards,3
,Hawk Knob,2016,Great Lakes International Cider and Perry Competition,2
,Hawk Knob,2017,Great Lakes International Cider and Perry Competition,3
,Hawk Knob,2018,Great Lakes International Cider and Perry Competition,6
,Hawk Knob,2019,Great Lakes International Cider and Perry Competition,4
,Hawk Knob,2021,Great Lakes International Cider and Perry Competition,2
,Hawkes,2018,International Cider Challenge,3
,Hawkes,2019,International Cider Challenge,6
,Hawkes,2019,Sagardo Forum International Cider Competition,5
,Hawkes,2020,International Cider Challenge,6
,Hawkes,2021,International Cider Challenge,4
,Hawkes / BrewDog USA,2019,U.S. Open Cider Championship,1
,Haykin Family Cider,2017,Great Lakes International Cider and Perry Competition,13
,Haykin Family Cider,2018,Great Lakes International Cider and Perry Competition,14
,Haykin Family Cider,2019,Great Lakes International Cider and Perry Competition,18
,Haykin Family Cider,2021,Great Lakes International Cider and Perry Competition,17
,Haykin Family Cider,2022,Great Lakes International Cider and Perry Competition,18
,Haykin Family Cider,2023,Great Lakes International Cider and Perry Competition,20
,Haykin Family Cider,2024,Great Lakes International Cider and Perry Competition,12
,Hayloft,2023,Royal Bath & West Show - British Cider Championships,3
,Hazeldean Forest Farm,2012,Australian Cider Awards,1
,Hazlitt 1852 Vineyards,2016,Great Lakes International Cider and Perry Competition,2
,Hazlitt 1852 Vineyards,2017,Great Lakes International Cider and Perry Competition,3
,Hazlitt 1852 Vineyards,2018,Great Lakes International Cider and Perry Competition,3
,Hazlitt 1852 Vineyards,2019,Great Lakes International Cider and Perry Competition,4
,Hazlitt 1852 Vineyards,2021,Great Lakes International Cider and Perry Competition,4
,Hazlitt 1852 Vineyards,2022,Great Lakes International Cider and Perry Competition,3
,Hazlitt 1852 Vineyards,2023,Great Lakes International Cider and Perry Competition,4
,Headwater Cider,2015,Great Lakes International Cider and Perry Competition,1
,Headwater Cider,2016,Great Lakes International Cider and Perry Competition,1
,Headwater Cider,2017,Great Lakes International Cider and Perry Competition,1
,Headwater Cider,2018,Great Lakes International Cider and Perry Competition,1
,Headwater Cider,2021,Great Lakes International Cider and Perry Competition,3
,Headwater Cider,2024,Great Lakes International Cider and Perry Competition,5
,Healey's Cornish Cyder Farm,2021,International Cider Challenge,2
,Healey's Cornish Cyder Farm,2023,International Cider Challenge,3
,Heartland Ciderworks,2023,Great Lakes International Cider and Perry Competition,1
,Heartland Ciderworks,2023,Northwest Cider Cup,1
,Heartland Ciderworks,2024,Great Lakes International Cider and Perry Competition,4
,Heartwood Farm & Cidery,2017,Great Lakes International Cider and Perry Competition,3
,Heartwood Farm & Cidery,2018,Great Lakes International Cider and Perry Competition,3
,Heartwood Farm & Cidery,2019,Great Lakes International Cider and Perry Competition,3
,Hebnes Vingard,2023,Nordic International Cider Awards,1
,Hecks Cider,2024,Royal Bath & West Show - British Cider Championships,2
,Hecks Farmhouse Cider,2023,Royal Bath & West Show - British Cider Championships,5
,Hedgerow Cidery,2015,International Cider Awards,1
,Hedgerow Cidery,2015,Northwest Cider Cup,1
,Heeman's,2021,Great Lakes International Cider and Perry Competition,6
,Heeman's,2022,Great Lakes International Cider and Perry Competition,4
,Heeman's,2023,Great Lakes International Cider and Perry Competition,2
,Heeman's,2024,Great Lakes International Cider and Perry Competition,6
,Heeman’s,2024,Japan Cider Cup,5
,Heirloom Hill Cider Company,2023,Great Lakes International Cider and Perry Competition,2
,Heirloom Hill Cider Company,2024,Great Lakes International Cider and Perry Competition,1
,Helleland Gard,2022,Nordic International Cider Awards,3
,Helleland Gard,2024,CiderWorld Awards,3
,Hemly Cider,2021,Sagardo Forum International Cider Competition,3
,Henhope Cider,2023,Museum of Cider International Cider & Perry Competition,1
,Henhope Cider,2023,Royal Three Counties Show,3
,Henney's Cider,2009,Great Lakes International Cider and Perry Competition,2
,Henney's Cider,2011,Australian Cider Awards,3
,Henney's Cider,2012,Australian Cider Awards,2
,Henney's Cider,2013,Australian Cider Awards,3
,Henney's Cider,2014,Australian Cider Awards,2
,Henry Street Brewhouse,2023,Australian Cider Awards,1
,Henry of Harcourt,2012,Australian Cider Awards,1
,Henry of Harcourt,2014,Australian Cider Awards,1
,Henry of Harcourt,2015,Australian Cider Awards,2
,Henry of Harcourt,2017,Australian Cider Awards,3
,Henry of Harcourt,2017,Sagardo Forum International Cider Competition,3
,Hera Cider,2021,Sagardo Forum International Cider Competition,3
,Hera Cider,2021,Salón Internacional de les Sidres de Gala (SISGA),1
,Hera Cider,2022,Salón Internacional de les Sidres de Gala (SISGA),1
,Hera Cider,2023,Salón Internacional de les Sidres de Gala (SISGA),1
,Herb's Cider,2019,Cidercraft Awards,1
,Herb's Cider,2020,Cidercraft Awards,1
,Herbsts,2023,Nordic International Cider Awards,2
,Herbsts,2023,Salón Internacional de les Sidres de Gala (SISGA),1
,Heritage Cider Limited,2024,Royal Bath & West Show - British Cider Championships,3
,Heritage Estate Winery & Cidery,2017,U.S. Open Cider Championship,2
,Heritage Estate Winery & Cidery,2018,U.S. Open Cider Championship,5
,Heritage Estate Winery & Cidery,2019,U.S. Open Cider Championship,3
,Heritage Estate Winery & Cidery,2020,U.S. Open Cider Championship,3
,Het Hamerstuk,2023,Nordic International Cider Awards,3
,Het Hamerstuk,2023,Sagardo Forum International Cider Competition,4
,Het Hamerstuk,2024,International Cider Challenge,3
,Hewletts Mill,2021,International Cider Awards,1
,Hibi,2024,Japan Cider Cup,1
,Hidden Cave Cidery,2018,U.S. Open Cider Championship,1
,Hidden Cave Cidery,2022,U.S. Open Cider Championship,1
,Hideout Brewing Company,2009,Great Lakes International Cider and Perry Competition,1
,Hierophant Meadery,2024,Cidercraft Awards,1
,High Hope Cider,2021,Great Lakes International Cider and Perry Competition,3
,High Limb Hard Cider,2021,U.S. Open Cider Championship,1
,High Limb Hard Cider,2022,U.S. Open Cider Championship,1
,High Limb Hard Cider,2023,U.S. Open Cider Championship,1
,High Limb Hard Cider,2024,Great Lakes International Cider and Perry Competition,7
,High Limb Hard Cider,2024,U.S. Open Cider Championship,1
,Highpoint Cider,2023,Northwest Cider Cup,1
,Highpoint Cider,2024,Cidercraft Awards,1
,Highpoint Cider,2024,Northwest Cider Cup,1
,Hikaru no Hata,2024,Japan Cider Cup,1
,Hikaru no Hatake,2023,Japan Cider Cup,1
,Hillbilly Cider,2012,Australian Cider Awards,1
,Hillbilly Cider,2013,Australian Cider Awards,1
,Hillbilly Cider,2014,Australian Cider Awards,2
,Hillbilly Cider,2015,Australian Cider Awards,2
,Hillbilly Cider,2016,Australian Cider Awards,4
,Hillbilly Cider,2017,Australian Cider Awards,4
,Hillbilly Cider,2018,Australian Cider Awards,4
,Hillbilly Cider,2019,Australian Cider Awards,3
,Hillbilly Cider,2021,Australian Cider Awards,7
,Hillbilly Cider,2023,Australian Cider Awards,7
,Hillbilly Cider,2024,Australian Cider Awards,9
,Himachal,2016,Great Lakes International Cider and Perry Competition,1
,Himachal,2017,Great Lakes International Cider and Perry Competition,1
,Hirosaki Meijo,2023,Japan Cider Cup,1
,Hirosaki Meijo,2024,Japan Cider Cup,2
,Hitchcox Cider,2023,International Cider Challenge,1
,Hitchcox Cider,2023,Royal Bath & West Show - British Cider Championships,1
,Hitchcox Cider,2024,International Cider Challenge,3
,Hitchcox Cider,2024,Royal Bath & West Show - British Cider Championships,6
,Hofkellerei Lackner,2024,CiderWorld Awards,2
,Hogan's Cider,2011,Great Lakes International Cider and Perry Competition,2
,Hogan's Cider,2012,Great Lakes International Cider and Perry Competition,2
,Hogan's Cider,2013,Great Lakes International Cider and Perry Competition,3
,Hogan's Cider,2014,Great Lakes International Cider and Perry Competition,2
,Hogan's Cider,2015,Great Lakes International Cider and Perry Competition,3
,Hogan's Cider,2016,Great Lakes International Cider and Perry Competition,3
,Hogan's Cider,2017,Great Lakes International Cider and Perry Competition,4
,Hogan's Cider,2017,International Cider Awards,1
,Hogan's Cider,2018,Great Lakes International Cider and Perry Competition,3
,Hogan's Cider,2018,International Cider Challenge,4
,Hogan's Cider,2018,Salón Internacional de les Sidres de Gala (SISGA),2
,Hogan's Cider,2019,Great Lakes International Cider and Perry Competition,2
,Hogan's Cider,2019,International Cider Awards,4
,Hogan's Cider,2020,International Cider Challenge,4
,Hogan's Cider,2021,International Cider Awards,1
,Hogan's Cider,2024,International Cider Awards,1
,Hogs Back Brewery,2019,International Cider Challenge,1
,Hoity Toity Cellars,2012,Great Lakes International Cider and Perry Competition,1
,Hoity Toity Cellars,2013,Great Lakes International Cider and Perry Competition,2
,Hoity Toity Cellars,2014,Great Lakes International Cider and Perry Competition,1
,Hoity Toity Cellars,2015,Great Lakes International Cider and Perry Competition,1
,Holmberg Orchards & Winery,2007,Great Lakes International Cider and Perry Competition,3
,Honey's Cider,2023,Royal Bath & West Show - British Cider Championships,1
,Honey's Cider,2024,Royal Bath & West Show - British Cider Championships,3
,Hope Estate,2019,Australian Cider Awards,1
,Hopworks Urban Brewery,2015,Northwest Cider Cup,1
,Hopworks Urban Brewery,2016,Northwest Cider Cup,2
,Horn Cider,2022,Nordic International Cider Awards,2
,Houston Cider Company,2019,Cidercraft Awards,2
,Houston Cider Company,2019,U.S. Open Cider Championship,2
,Howie's Cider,2024,International Cider Challenge,1
,Hudson Valley Farmhouse Cider,2018,Great Lakes International Cider and Perry Competition,4
,Humboldt Cider Company,2015,Great Lakes International Cider and Perry Competition,3
,Humboldt Cider Company,2016,Great Lakes International Cider and Perry Competition,5
,Humboldt Cider Company,2017,Great Lakes International Cider and Perry Competition,2
,Hâld Moed Cidery,2022,International Cider Challenge,1
,Ian Philp,2024,Royal Bath & West Show - British Cider Championships,1
,Idol Cider House,2022,Great Lakes International Cider and Perry Competition,4
,Idol Cider House,2022,Northwest Cider Cup,1
,Idol Cider House,2023,Great Lakes International Cider and Perry Competition,1
,Idol Cider House,2024,Northwest Cider Cup,1
,Idun Cider,2019,Northwest Cider Cup,1
,Iessel Cider,2019,Sagardo Forum International Cider Competition,1
,Iessel Cider,2023,Nordic International Cider Awards,3
,Iessel Cider,2023,Salón Internacional de les Sidres de Gala (SISGA),3
,Il Torsolo,2024,Japan Cider Cup,1
,Incider,2024,CiderWorld Awards,1
,Incline Cider Company,2016,U.S. Open Cider Championship,1
,Incline Cider Company,2017,Great Lakes International Cider and Perry Competition,3
,Incline Cider Company,2017,U.S. Open Cider Championship,1
,Incline Cider Company,2018,Great Lakes International Cider and Perry Competition,3
,Incline Cider Company,2018,U.S. Open Cider Championship,2
,Incline Cider Company,2019,Great Lakes International Cider and Perry Competition,5
,Incline Cider Company,2019,Northwest Cider Cup,1
,Incline Cider Company,2019,U.S. Open Cider Championship,1
,Incline Cider Company,2020,U.S. Open Cider Championship,1
,Incline Cider Company,2022,Northwest Cider Cup,2
,Incline Cider Company,2022,U.S. Open Cider Championship,2
,Incline Cider Company,2023,Great Lakes International Cider and Perry Competition,7
,Incline Cider Company,2023,Northwest Cider Cup,1
,Incline Cider Company,2023,U.S. Open Cider Championship,3
,Incline Cider Company,2024,Cidercraft Awards,2
,Incline Cider Company,2024,Great Lakes International Cider and Perry Competition,11
,Incline Cider Company,2024,Northwest Cider Cup,1
,Incy Wincy Cyder,2018,Australian Cider Awards,4
,Incy Wincy Cyder,2019,Australian Cider Awards,4
,Incy Wincy Cyder,2021,Australian Cider Awards,2
,Incy Wincy Cyder,2022,Australian Cider Awards,3
,Incy Wincy Cyder,2023,Australian Cider Awards,2
,Incy Wincy Cyder,2024,Australian Cider Awards,2
,Independent Perry,2019,Great Lakes International Cider and Perry Competition,3
,Independent Perry,2019,Northwest Cider Cup,2
,Inside the Five Brewing Co.,2024,U.S. Open Cider Championship,1
,Institut Agricole Régional,2022,Great Lakes International Cider and Perry Competition,1
,Institut Agricole Régional,2023,Great Lakes International Cider and Perry Competition,1
,Ironbark Ciderworks,2023,Cidercraft Awards,1
,Ironbark Ciderworks,2023,Great Lakes International Cider and Perry Competition,5
,Ironbound Hard Cider,2018,Cidercraft Awards,2
,Ironwood Hard Cider,2016,Great Lakes International Cider and Perry Competition,1
,Ironwood Hard Cider,2017,Great Lakes International Cider and Perry Competition,1
,Ironwood Hard Cider,2018,Great Lakes International Cider and Perry Competition,2
,Ironwood Hard Cider,2019,Great Lakes International Cider and Perry Competition,4
,Isaac Cider,2023,Royal Bath & West Show - British Cider Championships,4
,Isastegi,2017,Sagardo Forum International Cider Competition,2
,Isastegi,2019,Sagardo Forum International Cider Competition,3
,Isastegi,2021,Sagardo Forum International Cider Competition,2
,Isastegi,2022,Nordic International Cider Awards,1
,Isastegi,2023,CiderWorld Awards,1
,Isastegi,2023,Nordic International Cider Awards,1
,Isastegi,2023,Sagardo Forum International Cider Competition,1
,Isastegi,2024,CiderWorld Awards,1
,Island Folk Cider House,2022,Great Lakes International Cider and Perry Competition,4
,Island Folk Cider House,2023,Great Lakes International Cider and Perry Competition,3
,Island Folk Cider House,2024,Great Lakes International Cider and Perry Competition,2
,Island Orchard Cider,2015,Great Lakes International Cider and Perry Competition,8
,Island Orchard Cider,2016,Great Lakes International Cider and Perry Competition,6
,Island Orchard Cider,2017,Great Lakes International Cider and Perry Competition,2
,Island Orchard Cider,2019,Great Lakes International Cider and Perry Competition,8
,Island Orchard Cider,2020,Cidercraft Awards,1
,Island Orchard Cider,2021,Great Lakes International Cider and Perry Competition,5
,Island Orchard Cider,2022,Cidercraft Awards,1
,Island Orchard Cider,2022,Great Lakes International Cider and Perry Competition,8
,Island Orchard Cider,2023,Great Lakes International Cider and Perry Competition,4
,Island Orchard Cider,2024,Cidercraft Awards,1
,Island Orchard Cider,2024,Great Lakes International Cider and Perry Competition,7
,Israel Hernández del Valle,2024,Salón Internacional de les Sidres de Gala (SISGA),1
,Izeta,2017,Sagardo Forum International Cider Competition,1
,Izeta,2018,International Cider Challenge,1
,Izeta,2019,Sagardo Forum International Cider Competition,2
,Izeta,2021,Sagardo Forum International Cider Competition,1
,Izumi Brewery,2023,Japan Cider Cup,2
,Izumi Brewery,2024,Japan Cider Cup,1
,J&R Armitage,2020,International Cider Challenge,1
,J&R Armitage,2021,International Cider Challenge,1
,J&R Armitage,2023,International Cider Challenge,1
,J&R Armitage,2024,International Cider Challenge,2
,J. Trees Cellars,2011,Great Lakes International Cider and Perry Competition,1
,JK's Farmhouse Ciders,2014,Great Lakes International Cider and Perry Competition,1
,JK's Farmhouse Ciders,2017,Great Lakes International Cider and Perry Competition,1
,JK's Farmhouse Ciders,2018,Great Lakes International Cider and Perry Competition,1
,JK’s Farmhouse Ciders,2023,Japan Cider Cup,1
,JK’s Farmhouse Ciders,2024,Japan Cider Cup,3
,Jaanihanso,2016,Salón Internacional de les Sidres de Gala (SISGA),1
,Jaanihanso,2021,Sagardo Forum International Cider Competition,5
,Jaanihanso,2023,Nordic International Cider Awards,1
,Jaanihanso,2024,Salón Internacional de les Sidres de Gala (SISGA),4
,Jaanihanso Cider,2017,Great Lakes International Cider and Perry Competition,3
,Jaanihanso Cider,2018,Great Lakes International Cider and Perry Competition,2
,Jachmann Cider,2014,Australian Cider Awards,2
,Jachmann Cider,2015,Australian Cider Awards,4
,Jachmann Cider,2016,Australian Cider Awards,2
,Jachmann Cider,2017,Australian Cider Awards,2
,Jachmann Cider,2018,Australian Cider Awards,1
,James Arthur Vineyards,2022,Cidercraft Awards,1
,James Creek Cider House,2016,Great Lakes International Cider and Perry Competition,2
,James Creek Cider House,2017,Great Lakes International Cider and Perry Competition,4
,James Creek Cider House,2018,Great Lakes International Cider and Perry Competition,5
,James Creek Cider House,2019,Great Lakes International Cider and Perry Competition,4
,James Creek Cider House,2023,Great Lakes International Cider and Perry Competition,3
,James Creek Cider House,2024,Cidercraft Awards,1
,James Creek Cider House,2024,Great Lakes International Cider and Perry Competition,4
,James Creek Cider House,2024,International Cider Awards,1
,James Squire,2013,Australian Cider Awards,1
,James Squire,2018,Australian Cider Awards,1
,James Werner,2024,U.S. Open Cider Championship,1
,James and Becky Gerlis-Gray,2024,Royal Bath & West Show - British Cider Championships,1
,Jeff Carlson,2015,U.S. Open Cider Championship,1
,Jeff Carlson,2018,U.S. Open Cider Championship,1
,Jeff Carlson,2024,U.S. Open Cider Championship,1
,Jefferson County Ciderworks,2017,Great Lakes International Cider and Perry Competition,5
,Jefferson County Ciderworks,2019,Great Lakes International Cider and Perry Competition,6
,Jefferson County Ciderworks,2022,Great Lakes International Cider and Perry Competition,4
,Jefferson County Ciderworks,2023,Great Lakes International Cider and Perry Competition,9
,Jefferson County Ciderworks,2024,Great Lakes International Cider and Perry Competition,7
,John and Naomi Wakelin,2023,Royal Bath & West Show - British Cider Championships,4
,John and Naomi Wakelin,2024,Royal Bath & West Show - British Cider Championships,3
,Jolly Miller Cider,2021,Australian Cider Awards,1
,Jon Steadman,2023,Royal Bath & West Show - British Cider Championships,2
,Jonathan Marsden,2023,Royal Bath & West Show - British Cider Championships,2
,Jonathan Marsden,2024,Royal Bath & West Show - British Cider Championships,2
,Journey North Cider Co.,2021,Great Lakes International Cider and Perry Competition,10
,Journey North Cider Co.,2022,Great Lakes International Cider and Perry Competition,7
,Junction Orchard & Cidery,2022,Great Lakes International Cider and Perry Competition,4
,Junction Orchard & Cidery,2023,Great Lakes International Cider and Perry Competition,4
,Junginger Fruchtsäfte,2017,International Cider Awards,2
,Junginger Fruchtsäfte,2019,International Cider Awards,1
,Juozas & Dange,2023,Nordic International Cider Awards,1
,Jörg Geiger,2016,Salón Internacional de les Sidres de Gala (SISGA),4
,Jörg Geiger,2020,Salón Internacional de les Sidres de Gala (SISGA),6
,Jörg Geiger,2021,Salón Internacional de les Sidres de Gala (SISGA),1
,Jörg Geiger,2022,Salón Internacional de les Sidres de Gala (SISGA),4
,Jörg Geiger,2023,CiderWorld Awards,1
,Jörg Geiger,2023,Salón Internacional de les Sidres de Gala (SISGA),10
,Jörg Geiger,2024,Salón Internacional de les Sidres de Gala (SISGA),6
,Jēpis Bioloģisks Sidrs,2023,Nordic International Cider Awards,1
,KW Craft Cider,2015,Great Lakes International Cider and Perry Competition,1
,KW Craft Cider,2016,Great Lakes International Cider and Perry Competition,4
,KW Craft Cider,2017,Great Lakes International Cider and Perry Competition,3
,KW Craft Cider,2018,Great Lakes International Cider and Perry Competition,4
,KW Craft Cider,2019,Great Lakes International Cider and Perry Competition,4
,KW Craft Cider,2021,Great Lakes International Cider and Perry Competition,6
,KW Craft Cider,2022,Great Lakes International Cider and Perry Competition,4
,Kabiles Muižas,2022,Nordic International Cider Awards,2
,Kaiju! Beer,2015,Australian Cider Awards,1
,Kaiju! Beer,2016,Australian Cider Awards,1
,Kaiju! Beer,2017,Australian Cider Awards,2
,Kaiju! Beer,2018,Australian Cider Awards,1
,Kaiju! Beer,2023,Australian Cider Awards,1
,Kamoshika Cidre,2023,Japan Cider Cup,2
,Kamoshika Cidre,2024,Japan Cider Cup,4
,Kaneb Orchards,2015,Great Lakes International Cider and Perry Competition,3
,Kaneb Orchards,2016,Great Lakes International Cider and Perry Competition,3
,Kaneb Orchards,2017,Great Lakes International Cider and Perry Competition,1
,Kaneb Orchards,2018,Great Lakes International Cider and Perry Competition,2
,Kaneb Orchards,2024,Great Lakes International Cider and Perry Competition,1
,Kangaroo Island Ciders,2012,Australian Cider Awards,1
,Kangaroo Island Ciders,2014,Australian Cider Awards,2
,Kangaroo Island Ciders,2015,Australian Cider Awards,3
,Kangaroo Island Ciders,2016,Australian Cider Awards,2
,Kangaroo Island Ciders,2017,Australian Cider Awards,2
,Kangaroo Island Ciders,2018,Australian Cider Awards,3
,Kangaroo Island Ciders,2019,Australian Cider Awards,3
,Kangaroo Island Ciders,2021,Australian Cider Awards,3
,Kangaroo Island Ciders,2022,Australian Cider Awards,2
,Kangaroo Island Ciders,2023,Australian Cider Awards,2
,Kangaroo Island Ciders,2024,Australian Cider Awards,3
,Kastler Cider,2019,Sagardo Forum International Cider Competition,1
,Kekionga Craft Company,2018,Great Lakes International Cider and Perry Competition,2
,Kekionga Craft Company,2019,Great Lakes International Cider and Perry Competition,4
,Kellybrook Winery,2012,Australian Cider Awards,1
,Kellybrook Winery,2013,Australian Cider Awards,1
,Kellybrook Winery,2017,Australian Cider Awards,4
,Kelterei Heil,2017,International Cider Awards,1
,Kelterei Heil,2017,Sagardo Forum International Cider Competition,2
,Kelterei Heil,2019,International Cider Challenge,1
,Kelterei Heil,2019,Sagardo Forum International Cider Competition,6
,Kelterei Heil,2020,International Cider Challenge,1
,Kelterei Heil,2021,International Cider Awards,1
,Kelterei Heil,2021,International Cider Challenge,3
,Kelterei Heil,2022,International Cider Challenge,2
,Kelterei Heil,2023,International Cider Challenge,2
,Kelterei Heil,2024,International Cider Challenge,1
,Kelterei Herberth,2023,CiderWorld Awards,1
,Kelterei Herberth,2024,CiderWorld Awards,1
,Kelterei Kaes,2024,CiderWorld Awards,2
,Kelterei Nagel,2023,CiderWorld Awards,1
,Kelterei Nöll,2023,CiderWorld Awards,1
,Kelterei Possmann,2023,CiderWorld Awards,3
,Kelterei Possmann,2024,CiderWorld Awards,2
,Kelterei Stier,2012,Australian Cider Awards,1
,Kennebec Cider Company,2011,Great Lakes International Cider and Perry Competition,1
,Kentish Pip,2020,International Cider Challenge,3
,Kentish Pip,2024,International Cider Challenge,2
,Kentish Pip,2024,Royal Bath & West Show - British Cider Championships,5
,Kermorgann,2020,Concours Général Agricole,1
,Kermorgann,2022,Concours Général Agricole,1
,Kermorgann,2023,Concours Général Agricole,1
,Kermorgann,2024,Concours Général Agricole,1
,Keuka Craft Ciders,2018,Great Lakes International Cider and Perry Competition,2
,Keuka Craft Ciders,2019,Great Lakes International Cider and Perry Competition,3
,Kicking Goat,2022,International Cider Challenge,3
,Kiezbaum,2018,International Cider Challenge,2
,Kiezbaum,2019,International Cider Challenge,1
,Kiezbaum,2020,International Cider Challenge,2
,Kiezbaum,2021,International Cider Challenge,1
,Kiezbaum,2022,International Cider Challenge,3
,Kikusui Brewing,2023,Japan Cider Cup,3
,Kikusui Brewing,2024,Japan Cider Cup,5
,Kikusui Brewing Co.,2022,Great Lakes International Cider and Perry Competition,1
,Killahora Orchards,2018,International Cider Challenge,2
,Killahora Orchards,2023,Sagardo Forum International Cider Competition,4
,Kilmegan Cider,2018,International Cider Challenge,2
,Kilmegan Cider,2019,International Cider Challenge,2
,Kilmegan Cider,2021,International Cider Awards,1
,Kilmegan Cider,2021,International Cider Challenge,3
,Kilmegan Cider,2022,International Cider Challenge,1
,Kilmegan Cider,2023,International Cider Challenge,1
,King Orchards,2023,Great Lakes International Cider and Perry Competition,3
,King Valley Cider Co.,2012,Australian Cider Awards,1
,King Valley Cider Co.,2013,Australian Cider Awards,1
,King Valley Cider Co.,2017,Australian Cider Awards,2
,King Valley Cider Co.,2019,Australian Cider Awards,1
,King Valley Cider Co.,2021,Australian Cider Awards,1
,King Valley Cider Co.,2022,Australian Cider Awards,1
,KingView Mead,2021,U.S. Open Cider Championship,1
,Kings Highway Fine Cider,2016,Great Lakes International Cider and Perry Competition,2
,Kings Highway Fine Cider,2017,Great Lakes International Cider and Perry Competition,17
,Kings Highway Fine Cider,2018,Great Lakes International Cider and Perry Competition,20
,Kings Mill Cider,2018,Great Lakes International Cider and Perry Competition,1
,Kings Mill Cider,2019,Great Lakes International Cider and Perry Competition,4
,Kings Mill Cider,2021,Great Lakes International Cider and Perry Competition,3
,Kingston Creek Cider,2019,Great Lakes International Cider and Perry Competition,1
,Kingston Creek Cider,2021,Great Lakes International Cider and Perry Competition,2
,Klövsjö Gårdsbryggeri,2023,Nordic International Cider Awards,2
,Knapps Cider,2023,CiderWorld Awards,1
,Knightberg,2019,Great Lakes International Cider and Perry Competition,2
,Kniveton Cider Company,2021,International Cider Awards,1
,Kodas,2018,International Cider Challenge,1
,Kodas,2019,International Cider Challenge,1
,Kodas,2023,Nordic International Cider Awards,1
,Kojiro Noen,2024,Japan Cider Cup,1
,Kojiro Orchards,2024,Japan Cider Cup,1
,Kolowratovy Sady,2019,Salón Internacional de les Sidres de Gala (SISGA),1
,Kolowratovy Sady,2020,Salón Internacional de les Sidres de Gala (SISGA),1
,Kopparberg,2021,U.S. Open Cider Championship,2
,Koshiro Noen,2023,Japan Cider Cup,1
,Kottmann's Brennerei,2023,CiderWorld Awards,2
,Kottmann's Brennerei,2024,CiderWorld Awards,3
,Koval Distillery,2011,Great Lakes International Cider and Perry Competition,1
,Krenzers Rhön,2023,CiderWorld Awards,2
,Krenzers Rhön,2024,CiderWorld Awards,4
,Kristof Farms,2022,Great Lakes International Cider and Perry Competition,1
,Kristof Farms,2023,Cidercraft Awards,1
,Kristof Farms,2023,Great Lakes International Cider and Perry Competition,3
,Kristof Farms,2024,Cidercraft Awards,2
,Kristof Farms,2024,Great Lakes International Cider and Perry Competition,3
,Kristof Farms,2024,Japan Cider Cup,1
,Kristof Farms Cider,2023,Northwest Cider Cup,1
,Kristof Farms Cider,2024,Northwest Cider Cup,2
,Kuartango,2019,Sagardo Forum International Cider Competition,1
,Kuartango,2019,Salón Internacional de les Sidres de Gala (SISGA),1
,Kuartango,2020,Salón Internacional de les Sidres de Gala (SISGA),3
,Kuartango,2021,Sagardo Forum International Cider Competition,1
,Kuartango,2021,Salón Internacional de les Sidres de Gala (SISGA),1
,Kuartango,2022,Salón Internacional de les Sidres de Gala (SISGA),1
,Kuartango,2023,Sagardo Forum International Cider Competition,3
,Kuartango,2023,Salón Internacional de les Sidres de Gala (SISGA),3
,Kuartango,2024,Salón Internacional de les Sidres de Gala (SISGA),3
,Kuhnhenn Brewing Co.,2023,Great Lakes International Cider and Perry Competition,1
,Kuhnhenn Brewing Co.,2024,Great Lakes International Cider and Perry Competition,2
,Kupela,2021,Sagardo Forum International Cider Competition,2
,Kvestad Sideri,2022,Nordic International Cider Awards,3
,Kvestad Sideri,2023,Nordic International Cider Awards,3
,Kystin,2013,Salón Internacional de les Sidres de Gala (SISGA),1
,Kystin,2014,Salón Internacional de les Sidres de Gala (SISGA),1
,Kystin,2015,Salón Internacional de les Sidres de Gala (SISGA),1
,Kystin,2018,Cidercraft Awards,1
,Kystin,2022,Cidercraft Awards,2
,Kystin,2023,CiderWorld Awards,1
,Köpings Musteri,2023,Nordic International Cider Awards,3
,Kühbrein,2023,CiderWorld Awards,4
,Kühbrein Most,2022,Salón Internacional de les Sidres de Gala (SISGA),1
,Kühbrein Most,2023,Nordic International Cider Awards,2
,Kühbrein Most,2023,Sagardo Forum International Cider Competition,4
,Kühbrein Most,2024,CiderWorld Awards,5
,L'Aubinière,2023,Sagardo Forum International Cider Competition,7
,LUK Cider and Spirit,2013,Great Lakes International Cider and Perry Competition,2
,La Belle Vilaine,2017,Concours Général Agricole,1
,La Belle Vilaine,2019,Concours Régional Cidricole de Bretagne,1
,La Belle Vilaine,2023,Concours Régional Cidricole de Bretagne,1
,La Cave de la Loterie,2020,Concours des Cidres de Normandie,2
,La Cave de la Loterie,2021,Concours des Cidres de Normandie,2
,La Cave de la Loterie,2022,Concours des Cidres de Normandie,2
,La Cave de la Loterie,2023,Concours des Cidres de Normandie,2
,La Cave du Tisquin,2023,Salón Internacional de les Sidres de Gala (SISGA),2
,La Charterie,2017,Concours Général Agricole,1
,La Charterie,2024,Concours Général Agricole,1
,La Familia Cider,2024,Japan Cider Cup,1
,La Familia Cider Company,2017,Northwest Cider Cup,1
,La Familia Cider Company,2024,Northwest Cider Cup,1
,La Ferme Saint Blaise,2018,Concours Général Agricole,1
,La Ferme de Billy,2018,Concours Général Agricole,2
,La Ferme de Billy,2019,Concours Général Agricole,1
,La Ferme de Billy,2020,Concours des Cidres de Normandie,2
,La Ferme de Billy,2021,Concours des Cidres de Normandie,1
,La Ferme de Billy,2022,Concours des Cidres de Normandie,1
,La Ferme de Billy,2023,Concours des Cidres de Normandie,1
,La Ferme de Billy,2023,Concours Général Agricole,1
,La Ferme des Ruelles,2020,Concours Général Agricole,1
,La Ferme des Ruelles,2021,Concours des Cidres de Normandie,1
,La Ferme des Ruelles,2022,Concours Général Agricole,1
,La Ferme des Ruelles,2023,Concours des Cidres de Normandie,1
,La Ferme des Ruelles,2023,Concours Général Agricole,1
,La Ferme des Ruelles,2024,Concours Général Agricole,1
,La Ferme du Gros Caillou,2024,Concours Général Agricole,1
,La Maison Ferré,2021,Concours des Cidres de Normandie,3
,La Maison Ferré,2023,CiderWorld Awards,2
,La Maison Ferré,2023,Salón Internacional de les Sidres de Gala (SISGA),2
,La Maison Ferré,2024,CiderWorld Awards,1
,La Maison Ferré,2024,Salón Internacional de les Sidres de Gala (SISGA),1
,La Maison du Cidre,2017,Concours Général Agricole,1
,La Maison du Cidre,2017,Concours Régional Cidricole de Bretagne,1
,La Maison du Cidre,2018,Concours Général Agricole,2
,La Maison du Cidre,2019,Concours Général Agricole,1
,La Maison du Cidre,2020,Concours Général Agricole,1
,La Maison du Cidre,2022,Concours Général Agricole,1
,La Maison du Cidre,2023,Concours Général Agricole,1
,La Maison du Cidre,2024,Concours Général Agricole,1
,La Mala Sidra Espumosa,2021,Salón Internacional de les Sidres de Gala (SISGA),1
,La Mala Sidra Espumosa,2023,Salón Internacional de les Sidres de Gala (SISGA),1
,La Mordue,2019,International Cider Challenge,2
,La Mordue,2021,International Cider Challenge,2
,La Mordue,2023,International Cider Challenge,1
,La Mordue,2024,International Cider Challenge,2
,Ladislav Sorcik,2019,International Cider Challenge,1
,Lagar de Valleseco,2020,Salón Internacional de les Sidres de Gala (SISGA),3
,Lagar de Valleseco,2021,Salón Internacional de les Sidres de Gala (SISGA),2
,Lagar de Valleseco,2022,Nordic International Cider Awards,2
,Lagar de Valleseco,2022,Salón Internacional de les Sidres de Gala (SISGA),1
,Lagar de Valleseco,2023,Salón Internacional de les Sidres de Gala (SISGA),3
,Lagar de Valleseco,2024,Salón Internacional de les Sidres de Gala (SISGA),4
,Lake Chelan Winery,2018,Cidercraft Awards,2
,Lake Chelan Winery,2022,Cidercraft Awards,1
,Lake Chelan Winery,2023,Cidercraft Awards,2
,Landsteiner Mühle,2013,Salón Internacional de les Sidres de Gala (SISGA),1
,Lassen Traditional Cider,2017,Great Lakes International Cider and Perry Competition,2
,Lassen Traditional Cider,2018,Great Lakes International Cider and Perry Competition,2
,Lassen Traditional Cider,2019,Cidercraft Awards,1
,Lassen Traditional Cider,2019,Great Lakes International Cider and Perry Competition,2
,Lassen Traditional Cider,2021,Great Lakes International Cider and Perry Competition,2
,Lassen Traditional Cider,2022,Great Lakes International Cider and Perry Competition,1
,Lassen Traditional Cider,2023,Great Lakes International Cider and Perry Competition,2
,Laughing Dog Brewing,2017,Cidercraft Awards,2
,Lauskis,2023,Nordic International Cider Awards,2
,Lauskis,2024,Salón Internacional de les Sidres de Gala (SISGA),1
,Le Chai de la Baie,2021,Concours des Cidres de Normandie,2
,Le Chai de la Baie,2022,Concours des Cidres de Normandie,3
,Le Chai de la Baie,2024,Concours des Cidres de Normandie,1
,Le Clos des Citots,2017,Concours Général Agricole,2
,Le Clos des Citots,2018,Concours Général Agricole,2
,Le Clos des Citots,2019,Concours Général Agricole,2
,Le Clos des Citots,2020,Concours des Cidres de Normandie,1
,Le Clos des Citots,2020,Concours Général Agricole,1
,Le Clos des Citots,2021,Concours des Cidres de Normandie,1
,Le Clos des Citots,2023,Concours Général Agricole,1
,Le Costil Rouge,2023,Concours des Cidres de Normandie,1
,Le Costil Rouge,2024,Concours des Cidres de Normandie,1
,Le Domaine du Tertre,2020,Concours des Cidres de Normandie,1
,Le Flanc Nord Verger & Cidrerie,2015,Great Lakes International Cider and Perry Competition,1
,Le Flanc Nord Verger & Cidrerie,2016,Great Lakes International Cider and Perry Competition,2
,Le Flanc Nord Verger & Cidrerie,2017,Great Lakes International Cider and Perry Competition,4
,Le Flanc Nord Verger & Cidrerie,2018,Great Lakes International Cider and Perry Competition,2
,Le P'tit Clos Normand,2020,Concours des Cidres de Normandie,1
,Le P'tit Clos Normand,2024,Concours des Cidres de Normandie,1
,Le Perrey Picot,2024,Concours des Cidres de Normandie,1
,Le Pressoir d'Or,2018,Concours Général Agricole,1
,Le Pressoir d'Or,2019,Concours Général Agricole,1
,Le Pressoir d'Or,2020,Concours des Cidres de Normandie,3
,Le Pressoir d'Or,2020,Concours Général Agricole,1
,Le Pressoir d'Or,2021,Concours des Cidres de Normandie,4
,Le Pressoir d'Or,2022,Concours des Cidres de Normandie,2
,Le Pressoir d'Or,2022,Concours Général Agricole,1
,Le Pressoir d'Or,2023,Concours des Cidres de Normandie,1
,Le Pressoir d'Or,2023,Concours Général Agricole,1
,Le Pressoir d'Or,2023,Nordic International Cider Awards,1
,Le Pressoir d'Or,2024,Concours des Cidres de Normandie,4
,Le Pressoir d'Or,2024,Concours Général Agricole,2
,Le Père Jules,2013,Australian Cider Awards,2
,Le Père Jules,2014,Great Lakes International Cider and Perry Competition,6
,Le Père Jules,2016,Great Lakes International Cider and Perry Competition,3
,Le Père Jules,2017,Great Lakes International Cider and Perry Competition,1
,Le Verger de Kernivinen,2021,Concours Régional Cidricole de Bretagne,1
,Le Verger de Kernivinen,2022,Concours Régional Cidricole de Bretagne,3
,Le Verger de Kernivinen,2024,Concours Régional Cidricole de Bretagne,1
,Leaky Barrel Cider Company,2017,Great Lakes International Cider and Perry Competition,2
,Learmonth Cider,2013,Australian Cider Awards,1
,Learmonth Cider,2014,Australian Cider Awards,1
,Learmonth Cider,2015,Australian Cider Awards,2
,Learmonth Cider,2016,Australian Cider Awards,2
,Learmonth Cider,2018,Australian Cider Awards,1
,Learmonth Cider,2019,Australian Cider Awards,2
,Left Field Cider Co.,2013,Great Lakes International Cider and Perry Competition,1
,Left Field Cider Co.,2015,Great Lakes International Cider and Perry Competition,1
,Left Field Cider Co.,2015,Northwest Cider Cup,2
,Left Field Cider Co.,2016,Great Lakes International Cider and Perry Competition,3
,Left Foot Charley,2011,Great Lakes International Cider and Perry Competition,2
,Left Foot Charley,2012,Great Lakes International Cider and Perry Competition,1
,Left Foot Charley,2013,Great Lakes International Cider and Perry Competition,2
,Left Foot Charley,2015,Great Lakes International Cider and Perry Competition,3
,Left Foot Charley,2016,Great Lakes International Cider and Perry Competition,4
,Left Foot Charley,2017,Great Lakes International Cider and Perry Competition,4
,Left Foot Charley,2018,Great Lakes International Cider and Perry Competition,5
,Left Foot Charley,2019,Great Lakes International Cider and Perry Competition,3
,Left Foot Charley,2021,Great Lakes International Cider and Perry Competition,7
,Left Foot Charley,2023,Great Lakes International Cider and Perry Competition,4
,Lehman's Orchards,2009,Great Lakes International Cider and Perry Competition,1
,Lehman's Orchards,2011,Great Lakes International Cider and Perry Competition,3
,Lekker Cider,2019,Great Lakes International Cider and Perry Competition,3
,Lekker Cider,2021,Great Lakes International Cider and Perry Competition,1
,Lenswood Cider Co.,2021,Australian Cider Awards,2
,Lenswood Cider Co.,2022,Australian Cider Awards,2
,Lenswood Cider Co.,2023,Australian Cider Awards,5
,Lenswood Cider Co.,2024,Australian Cider Awards,5
,Lepaan Viinitila,2022,Nordic International Cider Awards,2
,Lepaan Viinitila,2023,Nordic International Cider Awards,2
,Lepola Drinks,2022,Nordic International Cider Awards,3
,Lepola Drinks,2023,CiderWorld Awards,1
,Lepola Drinks,2023,Nordic International Cider Awards,2
,Lepola Drinks,2023,Sagardo Forum International Cider Competition,3
,Lepola Drinks,2024,CiderWorld Awards,1
,Lepola Drinks,2024,International Cider Awards,1
,Les Bruyères Carré,2020,Concours Général Agricole,1
,Les Bruyères Carré,2024,Concours Général Agricole,1
,Les Celliers Associés,2015,International Cider Awards,1
,Les Celliers Associés,2017,Concours Général Agricole,5
,Les Celliers Associés,2017,International Cider Awards,1
,Les Celliers Associés,2018,Concours Général Agricole,5
,Les Celliers Associés,2018,Concours Régional Cidricole de Bretagne,1
,Les Celliers Associés,2018,International Cider Challenge,9
,Les Celliers Associés,2019,Concours Général Agricole,2
,Les Celliers Associés,2019,Concours Régional Cidricole de Bretagne,1
,Les Celliers Associés,2019,International Cider Challenge,6
,Les Celliers Associés,2020,Concours Général Agricole,3
,Les Celliers Associés,2020,International Cider Challenge,10
,Les Celliers Associés,2021,Concours Régional Cidricole de Bretagne,2
,Les Celliers Associés,2021,International Cider Challenge,2
,Les Celliers Associés,2021,U.S. Open Cider Championship,2
,Les Celliers Associés,2022,Concours des Cidres de Normandie,1
,Les Celliers Associés,2022,Concours Général Agricole,3
,Les Celliers Associés,2022,Concours Régional Cidricole de Bretagne,2
,Les Celliers Associés,2022,International Cider Challenge,2
,Les Celliers Associés,2022,U.S. Open Cider Championship,2
,Les Celliers Associés,2023,Concours Général Agricole,5
,Les Celliers Associés,2023,Concours Régional Cidricole de Bretagne,1
,Les Celliers Associés,2024,Concours Général Agricole,3
,Les Jardins d'an Enez,2024,Concours Régional Cidricole de Bretagne,1
,Les Normandises du Pradon,2020,Concours des Cidres de Normandie,2
,Les Normandises du Pradon,2021,Concours des Cidres de Normandie,1
,Les Normandises du Pradon,2022,Concours des Cidres de Normandie,3
,Les Normandises du Pradon,2023,Concours des Cidres de Normandie,2
,Les Normandises du Pradon,2024,Concours des Cidres de Normandie,1
,Les Vergers d'Auvillars,2022,Concours des Cidres de Normandie,2
,Les Vergers de Ducy,2020,Concours des Cidres de Normandie,2
,Les Vergers de Ducy,2022,Concours des Cidres de Normandie,4
,Les Vergers de Ducy,2022,Concours Général Agricole,1
,Les Vergers de Ducy,2023,Concours des Cidres de Normandie,3
,Les Vergers de Ducy,2024,Concours des Cidres de Normandie,3
,Les Vergers de Fumichon,2021,Concours des Cidres de Normandie,1
,Les Vergers de Kermabo,2018,Concours Régional Cidricole de Bretagne,2
,Les Vergers de Kermabo,2022,Concours Régional Cidricole de Bretagne,1
,Les Vergers de Kermabo,2024,Concours Régional Cidricole de Bretagne,1
,Les Vergers de Kermao,2017,Concours Régional Cidricole de Bretagne,3
,Les Vergers de Kermao,2017,Sagardo Forum International Cider Competition,1
,Les Vergers de Kermao,2018,Concours Général Agricole,1
,Les Vergers de Kermao,2018,Concours Régional Cidricole de Bretagne,2
,Les Vergers de Kermao,2018,Great Lakes International Cider and Perry Competition,1
,Les Vergers de Kermao,2019,Great Lakes International Cider and Perry Competition,1
,Les Vergers de Kermao,2019,Sagardo Forum International Cider Competition,1
,Les Vergers de Kermao,2020,Concours Général Agricole,1
,Les Vergers de Kermao,2020,Salón Internacional de les Sidres de Gala (SISGA),1
,Les Vergers de Kermao,2021,Concours Régional Cidricole de Bretagne,2
,Les Vergers de Kermao,2021,Sagardo Forum International Cider Competition,1
,Les Vergers de Kermao,2022,Concours Régional Cidricole de Bretagne,4
,Les Vergers de Kermao,2023,Concours Régional Cidricole de Bretagne,1
,Les Vergers de Kermao,2024,Concours Général Agricole,1
,Les Vergers de Kermao,2024,Concours Régional Cidricole de Bretagne,2
,Les Vergers de Trévignon,2023,Concours Régional Cidricole de Bretagne,3
,Les Vergers de l'Ille,2018,Concours Régional Cidricole de Bretagne,1
,Les Vergers de l'Ille,2024,Concours Régional Cidricole de Bretagne,1
,Les Vergers de la Morinière,2020,Salón Internacional de les Sidres de Gala (SISGA),2
,Les Vergers de la Passion,2020,Concours des Cidres de Normandie,2
,Les Vergers de la Passion,2021,Concours des Cidres de Normandie,1
,Les Vergers du Chouquet,2017,Concours Général Agricole,1
,Les Vergers du Chouquet,2020,Concours des Cidres de Normandie,1
,Les Vergers du Chouquet,2023,Concours des Cidres de Normandie,1
,Les Vergers du Quesnay,2017,Concours Général Agricole,1
,Les Vergers du Quesnay,2020,Concours des Cidres de Normandie,1
,Les Vergers du Quesnay,2021,Concours des Cidres de Normandie,3
,Les Vergers du Quesnay,2022,Concours des Cidres de Normandie,2
,Les Vergers du Quesnay,2024,Concours des Cidres de Normandie,1
,Lewis Henry,2023,Royal Bath & West Show - British Cider Championships,2
,Liberty Ciderworks,2013,Great Lakes International Cider and Perry Competition,2
,Liberty Ciderworks,2014,Great Lakes International Cider and Perry Competition,3
,Liberty Ciderworks,2015,Great Lakes International Cider and Perry Competition,4
,Liberty Ciderworks,2016,Great Lakes International Cider and Perry Competition,3
,Liberty Ciderworks,2016,Northwest Cider Cup,1
,Liberty Ciderworks,2017,Cidercraft Awards,2
,Liberty Ciderworks,2017,Great Lakes International Cider and Perry Competition,4
,Liberty Ciderworks,2017,Northwest Cider Cup,2
,Liberty Ciderworks,2018,Cidercraft Awards,1
,Liberty Ciderworks,2018,Great Lakes International Cider and Perry Competition,4
,Liberty Ciderworks,2018,Northwest Cider Cup,2
,Liberty Ciderworks,2019,Cidercraft Awards,1
,Liberty Ciderworks,2019,Great Lakes International Cider and Perry Competition,4
,Liberty Ciderworks,2019,Northwest Cider Cup,2
,Liberty Ciderworks,2021,Great Lakes International Cider and Perry Competition,3
,Liberty Ciderworks,2021,Northwest Cider Cup,1
,Liberty Ciderworks,2022,Cidercraft Awards,2
,Liberty Ciderworks,2022,Northwest Cider Cup,2
,Lidl GB,2020,International Cider Challenge,2
,Lidl GB,2021,International Cider Challenge,2
,Lieglhof Familie Zarl,2023,Sagardo Forum International Cider Competition,2
,Lien Gård,2022,Nordic International Cider Awards,3
,Lien Gård,2023,CiderWorld Awards,2
,Lien Gård,2023,Nordic International Cider Awards,1
,Lightship Cider,2022,Nordic International Cider Awards,2
,Lindheim Ølkompani,2022,Nordic International Cider Awards,1
,Lindner's Cider,2021,Great Lakes International Cider and Perry Competition,7
,Lingebakken,2022,Nordic International Cider Awards,3
,Lingebakken,2023,Nordic International Cider Awards,2
,Lion,2014,Australian Cider Awards,1
,Lion,2016,Australian Cider Awards,2
,Lion,2017,Australian Cider Awards,2
,Lion,2018,Australian Cider Awards,1
,Lion Ciders,2017,Salón Internacional de les Sidres de Gala (SISGA),1
,Lion Ciders,2018,Salón Internacional de les Sidres de Gala (SISGA),1
,Liquid Alchemy Beverages,2017,U.S. Open Cider Championship,1
,Liquid Alchemy Beverages,2018,Great Lakes International Cider and Perry Competition,3
,Liquid Alchemy Beverages,2018,U.S. Open Cider Championship,1
,Liquid Alchemy Beverages,2019,Cidercraft Awards,1
,Liquid Alchemy Beverages,2019,Great Lakes International Cider and Perry Competition,2
,Liquid Alchemy Beverages,2023,Great Lakes International Cider and Perry Competition,4
,Liquid Alchemy Beverages,2024,Cidercraft Awards,1
,Liquid Art Winery,2019,Great Lakes International Cider and Perry Competition,6
,Lisa Letchford,2023,Royal Bath & West Show - British Cider Championships,2
,Little Apple Cidery,2021,Great Lakes International Cider and Perry Competition,2
,Little Apple Cidery,2022,Great Lakes International Cider and Perry Competition,2
,Little Apple Cidery,2023,Great Lakes International Cider and Perry Competition,2
,Little Apple Cidery,2024,Great Lakes International Cider and Perry Competition,2
,Little Creatures,2012,Australian Cider Awards,2
,Little Creatures,2013,Australian Cider Awards,1
,Little Creatures,2014,Australian Cider Awards,1
,Little Green Men Brewing Co,2024,Australian Cider Awards,3
,Little Pomona,2018,Great Lakes International Cider and Perry Competition,2
,Little Pomona,2022,Nordic International Cider Awards,3
,Little Pomona,2024,Museum of Cider International Cider & Perry Competition,2
,Little Pomona,2024,Royal Bath & West Show - British Cider Championships,4
,Livebarrels,2022,Nordic International Cider Awards,2
,Llagares Valverán,2013,Great Lakes International Cider and Perry Competition,2
,Llagares Valverán,2017,Salón Internacional de les Sidres de Gala (SISGA),1
,Llagares Valverán,2019,Sagardo Forum International Cider Competition,1
,Llagares Valverán,2019,Salón Internacional de les Sidres de Gala (SISGA),1
,Llagares Valverán,2020,Salón Internacional de les Sidres de Gala (SISGA),1
,Llagares Valverán,2021,Great Lakes International Cider and Perry Competition,1
,Llagares Valverán,2022,Salón Internacional de les Sidres de Gala (SISGA),1
,Llagares Valverán,2023,Great Lakes International Cider and Perry Competition,1
,Llagares Valverán,2023,Sagardo Forum International Cider Competition,1
,Llagares Valverán,2024,Salón Internacional de les Sidres de Gala (SISGA),1
,Llanblethian Orchards,2023,Museum of Cider International Cider & Perry Competition,3
,Llanblethian Orchards,2024,Museum of Cider International Cider & Perry Competition,1
,Loader's Cider,2024,Royal Bath & West Show - British Cider Championships,12
,Lobo Cider,2012,Australian Cider Awards,1
,Lobo Cider,2013,Australian Cider Awards,2
,Lobo Cider,2014,Australian Cider Awards,1
,Lobo Cider,2015,Australian Cider Awards,4
,Lobo Cider,2016,Australian Cider Awards,4
,Lobo Cider,2017,Australian Cider Awards,9
,Lobo Cider,2018,Australian Cider Awards,9
,Lobo Cider,2019,Australian Cider Awards,7
,Lobo Cider,2021,Australian Cider Awards,6
,Lobo Cider,2022,Australian Cider Awards,5
,Lobo Cider,2023,Australian Cider Awards,7
,Lobo Cider,2024,Australian Cider Awards,7
,Loch Mór Cider Co.,2019,Cidercraft Awards,2
,Loch Mór Cider Co.,2021,Great Lakes International Cider and Perry Competition,3
,Loch Mór Cider Co.,2022,Great Lakes International Cider and Perry Competition,2
,Loch Mór Cider Co.,2023,Great Lakes International Cider and Perry Competition,8
,Loch Mór Cider Co.,2024,Great Lakes International Cider and Perry Competition,10
,Lockhorn Cider House,2022,Northwest Cider Cup,1
,Locust Cider,2016,Great Lakes International Cider and Perry Competition,5
,Locust Cider,2017,Great Lakes International Cider and Perry Competition,6
,Locust Cider,2018,Great Lakes International Cider and Perry Competition,5
,Locust Cider,2019,Great Lakes International Cider and Perry Competition,6
,Locust Cider,2021,Great Lakes International Cider and Perry Competition,4
,Locust Cider,2022,Great Lakes International Cider and Perry Competition,5
,Locust Cider,2023,Cidercraft Awards,1
,Locust Cider,2023,Great Lakes International Cider and Perry Competition,4
,Locust Cider,2024,Great Lakes International Cider and Perry Competition,3
,Lofthus Ekspedisjon,2022,Nordic International Cider Awards,2
,Lofthus Ekspedisjon,2023,Nordic International Cider Awards,3
,Lofthus Ekspedisjon,2023,Sagardo Forum International Cider Competition,1
,Lofthus Sideri,2022,Nordic International Cider Awards,3
,Lokinės Dvaras,2023,Nordic International Cider Awards,1
,Lonetree Cider,2017,Cidercraft Awards,1
,Lonetree Cider,2022,Cidercraft Awards,1
,Long Island Meadery,2005,Great Lakes International Cider and Perry Competition,1
,Long Island Meadery,2006,Great Lakes International Cider and Perry Competition,1
,Long Meadow Cider,2018,International Cider Challenge,1
,Long View Ciderhouse,2023,Great Lakes International Cider and Perry Competition,1
,Longueville House,2015,Great Lakes International Cider and Perry Competition,1
,Longueville House,2018,International Cider Challenge,2
,Lost Boy Cider,2021,Great Lakes International Cider and Perry Competition,14
,Lost Boy Cider,2022,Great Lakes International Cider and Perry Competition,4
,Lost Boy Cider,2023,Great Lakes International Cider and Perry Competition,5
,Lost Boy Cider,2024,Great Lakes International Cider and Perry Competition,4
,Lost Giants Cider Company,2019,Great Lakes International Cider and Perry Competition,3
,Lost Giants Cider Company,2020,U.S. Open Cider Championship,1
,Lost Giants Cider Company,2021,Great Lakes International Cider and Perry Competition,4
,Lost Giants Cider Company,2024,Northwest Cider Cup,1
,Lost Orchards Cider,2020,International Cider Challenge,2
,Lost Pippin,2015,Australian Cider Awards,2
,Lost Pippin,2016,Australian Cider Awards,2
,Lost Valley Cider Co.,2019,Great Lakes International Cider and Perry Competition,2
,Lower Rydon,2024,Royal Bath & West Show - British Cider Championships,2
,Loxtonia Cider,2019,International Cider Challenge,3
,Loxtonia Cider,2020,International Cider Challenge,1
,Loxtonia Cider,2022,International Cider Challenge,1
,Loxtonia Cider,2023,International Cider Challenge,2
,Loïc Raison,2017,Concours Général Agricole,3
,Loïc Raison,2018,Concours Régional Cidricole de Bretagne,1
,Loïc Raison,2018,Great Lakes International Cider and Perry Competition,3
,Loïc Raison,2018,International Cider Challenge,1
,Loïc Raison,2019,Concours Général Agricole,1
,Loïc Raison,2019,International Cider Challenge,4
,Loïc Raison,2020,International Cider Challenge,2
,Loïc Raison,2021,International Cider Challenge,1
,Loïc Raison,2022,Concours Général Agricole,2
,Loïc Raison,2022,International Cider Challenge,2
,Loïc Raison,2023,Concours Général Agricole,1
,Loïc Raison,2023,International Cider Challenge,3
,Loïc Raison,2024,Concours Régional Cidricole de Bretagne,1
,Loïc Raison,2024,International Cider Challenge,8
,Lucia Maria Melchiori,2022,Salón Internacional de les Sidres de Gala (SISGA),3
,Lucia Maria Melchiori,2023,Great Lakes International Cider and Perry Competition,2
,Lucia Maria Melchiori,2023,International Cider Challenge,4
,Luke's Cider,2023,Royal Bath & West Show - British Cider Championships,3
,Luke's Cider,2024,Royal Bath & West Show - British Cider Championships,4
,Lychee Hill Estate,2022,Australian Cider Awards,1
,Lyme Bay Winery,2018,International Cider Challenge,4
,Lyme Bay Winery,2019,International Cider Challenge,2
,Lyme Bay Winery,2021,International Cider Challenge,2
,Mac Ivors Cider,2013,International Cider Awards,1
,Mac Ivors Cider,2015,International Cider Awards,1
,Mac Ivors Cider,2017,International Cider Awards,3
,Mac Ivors Cider,2019,International Cider Challenge,2
,Mac Ivors Cider,2022,International Cider Challenge,3
,Mad Farmer Cider,2020,Cidercraft Awards,1
,Madrone Cellars & Cider,2020,Cidercraft Awards,1
,Madrone Cellars & Cider,2023,Cidercraft Awards,2
,Maeloc,2015,Great Lakes International Cider and Perry Competition,4
,Maeloc,2018,International Cider Challenge,4
,Maeloc,2018,U.S. Open Cider Championship,2
,Maeloc,2019,U.S. Open Cider Championship,1
,Maeloc,2020,International Cider Challenge,4
,Maeloc,2020,U.S. Open Cider Championship,2
,Maeloc,2021,U.S. Open Cider Championship,2
,Magic Apple,2015,Salón Internacional de les Sidres de Gala (SISGA),1
,Magners,2011,Australian Cider Awards,1
,Magners,2013,Australian Cider Awards,1
,Magners,2017,Australian Cider Awards,2
,Magners,2018,Australian Cider Awards,1
,Magners,2021,International Cider Awards,1
,Magritte Cider,2023,Salón Internacional de les Sidres de Gala (SISGA),1
,Maiden Rock Winery & Cidery,2011,Great Lakes International Cider and Perry Competition,2
,Maiden Rock Winery & Cidery,2012,Great Lakes International Cider and Perry Competition,1
,Maiden Rock Winery & Cidery,2013,Great Lakes International Cider and Perry Competition,1
,Maiden Rock Winery & Cidery,2014,Great Lakes International Cider and Perry Competition,1
,Maiden Rock Winery & Cidery,2015,Great Lakes International Cider and Perry Competition,3
,Maiden Rock Winery & Cidery,2018,Great Lakes International Cider and Perry Competition,1
,Maiden Rock Winery & Cidery,2023,Great Lakes International Cider and Perry Competition,1
,Main Ridge Cider,2015,Australian Cider Awards,1
,Main Ridge Cider,2019,Australian Cider Awards,1
,Maison Bellot,2020,Concours Général Agricole,1
,Maison Bellot,2023,Concours Général Agricole,1
,Maison Bellot,2024,Concours Général Agricole,1
,Maison Gamet,2023,Nordic International Cider Awards,1
,Maison Hérout,2020,Concours des Cidres de Normandie,1
,Maison Hérout,2023,Cidercraft Awards,2
,Maison Hérout,2023,Great Lakes International Cider and Perry Competition,2
,Maison Kerloïck,2017,Concours Général Agricole,2
,Maison Kerloïck,2017,Concours Régional Cidricole de Bretagne,2
,Maison Kerloïck,2018,Concours Général Agricole,1
,Maison Kerloïck,2018,Concours Régional Cidricole de Bretagne,1
,Maison Kerloïck,2019,Concours Général Agricole,4
,Maison Kerloïck,2020,Concours Général Agricole,2
,Maison Kerloïck,2022,Concours Général Agricole,2
,Maison Kerloïck,2022,Concours Régional Cidricole de Bretagne,2
,Maison Kerloïck,2023,Concours Général Agricole,2
,Maison Kerloïck,2023,Concours Régional Cidricole de Bretagne,2
,Maison Kerloïck,2024,Concours Général Agricole,2
,Maison Kerloïck,2024,Concours Régional Cidricole de Bretagne,2
,Maley,2016,Salón Internacional de les Sidres de Gala (SISGA),3
,Maley,2017,Salón Internacional de les Sidres de Gala (SISGA),2
,Maley,2018,Salón Internacional de les Sidres de Gala (SISGA),2
,Maley,2019,Salón Internacional de les Sidres de Gala (SISGA),2
,Maley,2020,Salón Internacional de les Sidres de Gala (SISGA),2
,Maley,2021,Salón Internacional de les Sidres de Gala (SISGA),2
,Maley,2022,Salón Internacional de les Sidres de Gala (SISGA),1
,Maley,2023,Salón Internacional de les Sidres de Gala (SISGA),4
,Maley,2024,Salón Internacional de les Sidres de Gala (SISGA),3
,Malicious Spirits,2018,Great Lakes International Cider and Perry Competition,1
,Malner,2023,CiderWorld Awards,1
,Malner,2023,Great Lakes International Cider and Perry Competition,1
,Manjimup Cider Co.,2019,Australian Cider Awards,1
,Manjimup Cider Co.,2021,Australian Cider Awards,2
,Manjimup Cider Co.,2023,Australian Cider Awards,1
,Manoff Market Gardens & Cidery,2023,Great Lakes International Cider and Perry Competition,3
,Manoir d'Apreval,2022,Concours des Cidres de Normandie,1
,Manoir d'Apreval,2023,Concours des Cidres de Normandie,1
,Manoir d'Apreval,2024,Concours des Cidres de Normandie,1
,Manoir de Durcet,2020,Concours Général Agricole,1
,Manoir de Durcet,2021,Concours des Cidres de Normandie,1
,Manoir de Durcet,2024,Concours des Cidres de Normandie,1
,Manoir de Durcet,2024,Concours Général Agricole,1
,Manoir de Grandouet,2016,Great Lakes International Cider and Perry Competition,2
,Manoir de Grandouet,2017,Sagardo Forum International Cider Competition,2
,Manoir de Grandouet,2018,Concours Général Agricole,2
,Manoir de Grandouet,2019,Great Lakes International Cider and Perry Competition,1
,Manoir de Grandouet,2020,Concours des Cidres de Normandie,1
,Manoir de Grandouet,2020,Concours Général Agricole,1
,Manoir de Grandouet,2023,Concours des Cidres de Normandie,1
,Manoir de Grandouet,2024,Concours des Cidres de Normandie,2
,Manoir de Grandouet,2024,Concours Général Agricole,1
,Manufaktura Cydru,2017,Sagardo Forum International Cider Competition,1
,March First Brewing,2019,U.S. Open Cider Championship,1
,Mark Palfrey & Jonathan Pepper,2023,Royal Bath & West Show - British Cider Championships,2
,Markenhof,2024,Salón Internacional de les Sidres de Gala (SISGA),4
,Market Garden Brewery,2021,Great Lakes International Cider and Perry Competition,1
,Market Garden Brewery,2022,Great Lakes International Cider and Perry Competition,2
,Market Garden Brewery,2023,Great Lakes International Cider and Perry Competition,1
,Market Garden Brewery,2024,Great Lakes International Cider and Perry Competition,1
,Marks & Spencer,2018,International Cider Challenge,16
,Marks & Spencer,2019,International Cider Challenge,14
,Marks & Spencer,2020,International Cider Challenge,8
,Marshwood Vale Cider,2023,Royal Bath & West Show - British Cider Championships,2
,Martin Pagett,2024,Royal Bath & West Show - British Cider Championships,1
,Martin's Cidery,2019,Sagardo Forum International Cider Competition,3
,Marukame Cidery,2024,Japan Cider Cup,3
,Mashino Winery,2024,Japan Cider Cup,2
,Matilda Bay Brewing Company,2011,Australian Cider Awards,1
,Matilda Bay Brewing Company,2013,Australian Cider Awards,1
,Matriarca,2023,Sagardo Forum International Cider Competition,1
,Mausser Most,2024,CiderWorld Awards,4
,Mawby Vineyards,2016,Great Lakes International Cider and Perry Competition,1
,Mawby Vineyards,2017,Great Lakes International Cider and Perry Competition,4
,Mawby Vineyards,2018,Great Lakes International Cider and Perry Competition,3
,Mayfayre Cider & Perry,2023,Museum of Cider International Cider & Perry Competition,2
,Mayfayre Cider & Perry,2024,Museum of Cider International Cider & Perry Competition,1
,McClure's Orchard & Winery,2011,Great Lakes International Cider and Perry Competition,3
,McClure's Orchard & Winery,2012,Great Lakes International Cider and Perry Competition,4
,McClure's Orchard & Winery,2013,Great Lakes International Cider and Perry Competition,6
,McClure's Orchard & Winery,2014,Great Lakes International Cider and Perry Competition,6
,McClure's Orchard & Winery,2018,Great Lakes International Cider and Perry Competition,3
,McClure's Orchard & Winery,2019,Great Lakes International Cider and Perry Competition,5
,McClure's Orchard & Winery,2023,Great Lakes International Cider and Perry Competition,6
,McCrindle's Cider,2023,Royal Three Counties Show,1
,McMenamins Edgefield Winery,2024,Cidercraft Awards,1
,McRitchie Winery & Ciderworks,2009,Great Lakes International Cider and Perry Competition,2
,McRitchie Winery & Ciderworks,2011,Great Lakes International Cider and Perry Competition,1
,McRitchie Winery & Ciderworks,2013,Great Lakes International Cider and Perry Competition,1
,Mcintosh Cellars,2006,Great Lakes International Cider and Perry Competition,2
,Mcintosh Cellars,2007,Great Lakes International Cider and Perry Competition,2
,Mcintosh Cellars,2008,Great Lakes International Cider and Perry Competition,3
,Mcintosh Cellars,2009,Great Lakes International Cider and Perry Competition,1
,Mcintosh Cellars,2011,Great Lakes International Cider and Perry Competition,3
,Mcintosh Cellars,2012,Great Lakes International Cider and Perry Competition,2
,Mcintosh Cellars,2013,Great Lakes International Cider and Perry Competition,3
,Mcintosh Cellars,2015,Great Lakes International Cider and Perry Competition,1
,Mcintosh Cellars,2019,Great Lakes International Cider and Perry Competition,2
,Meckley's Cidery,2013,Great Lakes International Cider and Perry Competition,8
,Meckley's Cidery,2014,Great Lakes International Cider and Perry Competition,4
,Meckley's Cidery,2015,Great Lakes International Cider and Perry Competition,4
,Meckley's Cidery,2016,Great Lakes International Cider and Perry Competition,3
,Meichle Obst- und Weinbau,2023,CiderWorld Awards,2
,Meichle Obst- und Weinbau,2024,CiderWorld Awards,3
,Meladoro,2024,CiderWorld Awards,1
,Melo Moon Cider,2022,Great Lakes International Cider and Perry Competition,1
,Meon Valley Cider,2021,International Cider Challenge,1
,Meon Valley Cider,2022,International Cider Challenge,2
,Meraki Cider,2017,Great Lakes International Cider and Perry Competition,4
,Mercier Orchards,2017,Cidercraft Awards,1
,Mercier Orchards,2024,Cidercraft Awards,1
,Meriwether Cider Company,2018,Great Lakes International Cider and Perry Competition,4
,Meriwether Cider Company,2018,U.S. Open Cider Championship,1
,Meriwether Cider Company,2019,Cidercraft Awards,3
,Meriwether Cider Company,2019,Great Lakes International Cider and Perry Competition,6
,Meriwether Cider Company,2019,U.S. Open Cider Championship,2
,Meriwether Cider Company,2020,Cidercraft Awards,1
,Meriwether Cider Company,2021,Great Lakes International Cider and Perry Competition,4
,Meriwether Cider Company,2022,Cidercraft Awards,1
,Meriwether Cider Company,2022,Great Lakes International Cider and Perry Competition,4
,Meriwether Cider Company,2023,Great Lakes International Cider and Perry Competition,3
,Meriwether Cider Company,2023,Northwest Cider Cup,2
,Meriwether Cider Company,2024,Cidercraft Awards,3
,Meriwether Cider Company,2024,Great Lakes International Cider and Perry Competition,3
,Merridale Ciderworks,2014,Northwest Cider Cup,1
,Merridale Ciderworks,2024,Cidercraft Awards,2
,Merrydown,2013,International Cider Awards,1
,Merrydown,2018,International Cider Challenge,1
,Merrydown,2019,International Cider Challenge,1
,Merrydown,2021,International Cider Challenge,2
,Merrydown,2022,International Cider Challenge,2
,Mershon's Artisan Cider,2023,Great Lakes International Cider and Perry Competition,2
,Metal House Cider,2018,Great Lakes International Cider and Perry Competition,2
,Methow Valley Ciderhouse,2013,Great Lakes International Cider and Perry Competition,2
,Methow Valley Ciderhouse,2014,Great Lakes International Cider and Perry Competition,3
,Methow Valley Ciderhouse,2015,Great Lakes International Cider and Perry Competition,2
,Methow Valley Ciderhouse,2017,Great Lakes International Cider and Perry Competition,2
,Methow Valley Ciderhouse,2018,Great Lakes International Cider and Perry Competition,1
,Michigan Wine Company,2019,Great Lakes International Cider and Perry Competition,2
,Michigan Wine Company,2021,Great Lakes International Cider and Perry Competition,2
,Michigan Wine Company,2022,Great Lakes International Cider and Perry Competition,3
,Michigan Wine Company,2023,Great Lakes International Cider and Perry Competition,4
,Michigan Wine Company,2024,Great Lakes International Cider and Perry Competition,3
,Militsa,2019,International Cider Awards,1
,Milk & Honey Ciders,2016,Great Lakes International Cider and Perry Competition,4
,Mill Bridge Winery,2017,Great Lakes International Cider and Perry Competition,2
,Mill Haus Cider,2022,Cidercraft Awards,1
,Mill Haus Cider,2023,Cidercraft Awards,1
,Mill Haus Cider,2024,Cidercraft Awards,1
,Millionaires' Row Cider Co.,2022,Great Lakes International Cider and Perry Competition,4
,Minneapolis Cider Company,2016,Great Lakes International Cider and Perry Competition,1
,Minneapolis Cider Company,2022,Great Lakes International Cider and Perry Competition,2
,Minneapolis Cider Company,2023,Great Lakes International Cider and Perry Competition,6
,Minneapolis Cider Company,2024,Great Lakes International Cider and Perry Competition,9
,Mismatch Brewing Company,2022,Australian Cider Awards,1
,Missing Falls Brewery,2022,U.S. Open Cider Championship,2
,Missing Falls Brewery,2023,U.S. Open Cider Championship,2
,Missing Falls Brewery,2024,U.S. Open Cider Championship,1
,Mississippi Ale House,2018,Great Lakes International Cider and Perry Competition,3
,Mississippi Ale House,2021,Great Lakes International Cider and Perry Competition,2
,Mississippi Ale House,2023,Great Lakes International Cider and Perry Competition,2
,Mistérios da Quinta,2023,CiderWorld Awards,1
,Mistérios da Quinta,2023,International Cider Challenge,2
,Mistérios da Quinta,2023,Nordic International Cider Awards,2
,Mistérios da Quinta,2023,Salón Internacional de les Sidres de Gala (SISGA),4
,Mistérios da Quinta,2024,CiderWorld Awards,2
,Mistérios da Quinta,2024,International Cider Challenge,3
,Mistérios da Quinta,2024,Salón Internacional de les Sidres de Gala (SISGA),5
,Miyazaki Phoenix Brewing,2024,Japan Cider Cup,1
,Mizpiradi,2023,Sagardo Forum International Cider Competition,1
,Mock Red Hill,2014,Australian Cider Awards,1
,Mock Red Hill,2015,Australian Cider Awards,2
,Mock Red Hill,2016,Australian Cider Awards,2
,Mock Red Hill,2017,Australian Cider Awards,2
,Mock Red Hill,2018,Australian Cider Awards,2
,Mock Red Hill,2019,Australian Cider Awards,3
,Mock Red Hill,2021,Australian Cider Awards,1
,Mock Red Hill,2022,Australian Cider Awards,1
,Mock Red Hill,2023,Australian Cider Awards,2
,Modales Wines,2024,Great Lakes International Cider and Perry Competition,1
,Molly & Jasmine's Cider,2023,Royal Bath & West Show - British Cider Championships,3
,Molly's and Jasmine's Cider,2024,Royal Bath & West Show - British Cider Championships,6
,Monkey Bridge Cider,2024,Royal Three Counties Show,1
,Monkey House Cider,2021,International Cider Challenge,3
,Monkey House Cider,2023,Royal Bath & West Show - British Cider Championships,5
,Monkey Rock Winery & Cider,2023,Australian Cider Awards,5
,Monnosuke Farm,2024,Japan Cider Cup,1
,Montalto Winery,2018,Australian Cider Awards,1
,Montana CiderWorks,2012,Great Lakes International Cider and Perry Competition,1
,Montana CiderWorks,2013,Great Lakes International Cider and Perry Competition,2
,Montana CiderWorks,2014,Great Lakes International Cider and Perry Competition,1
,Montana CiderWorks,2015,Great Lakes International Cider and Perry Competition,3
,Montana CiderWorks,2016,Great Lakes International Cider and Perry Competition,3
,Montana CiderWorks,2016,Northwest Cider Cup,2
,Montana CiderWorks,2017,Cidercraft Awards,1
,Montana CiderWorks,2017,Great Lakes International Cider and Perry Competition,3
,Montana CiderWorks,2017,Northwest Cider Cup,2
,Montana CiderWorks,2018,Great Lakes International Cider and Perry Competition,4
,Montana CiderWorks,2018,Northwest Cider Cup,3
,Montana CiderWorks,2019,Northwest Cider Cup,1
,Monteith's Brewing Co.,2013,Australian Cider Awards,2
,Monteith's Brewing Co.,2017,Australian Cider Awards,2
,Monteith's Brewing Co.,2018,Australian Cider Awards,1
,Mooma,2016,Salón Internacional de les Sidres de Gala (SISGA),1
,Mooma,2017,Sagardo Forum International Cider Competition,3
,Mooma,2020,Salón Internacional de les Sidres de Gala (SISGA),5
,Mooma,2022,Salón Internacional de les Sidres de Gala (SISGA),1
,Mooma,2023,Nordic International Cider Awards,2
,Mooma,2023,Sagardo Forum International Cider Competition,4
,Mooma,2023,Salón Internacional de les Sidres de Gala (SISGA),2
,Mooma,2024,Salón Internacional de les Sidres de Gala (SISGA),4
,Moons Cider,2023,Royal Bath & West Show - British Cider Championships,8
,Moons Cider,2024,Royal Bath & West Show - British Cider Championships,6
,Mori-yama-en,2022,Great Lakes International Cider and Perry Competition,1
,Moss Vineyards,2022,Great Lakes International Cider and Perry Competition,1
,Most Michl,2024,CiderWorld Awards,2
,Mostbauernhof Distelberger,2023,Sagardo Forum International Cider Competition,6
,Mosterei Möhl,2019,International Cider Awards,1
,Mosterei Möhl,2020,International Cider Challenge,3
,Mosterei Möhl,2021,International Cider Awards,1
,Mosterei Möhl,2024,International Cider Awards,1
,Mosterei Seiz,2023,CiderWorld Awards,1
,Mosterei Seiz,2024,CiderWorld Awards,1
,Mostgut Kuchlbauer,2024,CiderWorld Awards,2
,Mostheuriger Hansbauer,2023,Sagardo Forum International Cider Competition,3
,Mostheuriger Reikersdorfer,2023,Sagardo Forum International Cider Competition,1
,Mostschenke Brunner,2024,CiderWorld Awards,5
,Moststub'n Binderberg,2023,CiderWorld Awards,2
,Moststub'n Binderberg,2024,CiderWorld Awards,1
,Mount Diablo Cider Company,2021,Sagardo Forum International Cider Competition,1
,Mount Diablo Cider Company,2021,U.S. Open Cider Championship,1
,Mount Diablo Cider Company,2022,Cidercraft Awards,1
,Mount Diablo Cider Company,2022,U.S. Open Cider Championship,1
,Mount Diablo Cider Company,2023,Great Lakes International Cider and Perry Competition,2
,Mount Diablo Cider Company,2024,Great Lakes International Cider and Perry Competition,3
,Mount Vale,2023,Royal Bath & West Show - British Cider Championships,1
,Mount Vale Orchards,2024,Royal Bath & West Show - British Cider Championships,1
,Mountain Goat Beer,2023,Australian Cider Awards,1
,Mountain West Cider Company,2016,Great Lakes International Cider and Perry Competition,2
,Mountain West Cider Company,2018,Great Lakes International Cider and Perry Competition,2
,Mountain West Cider Company,2022,U.S. Open Cider Championship,1
,Mountain West Cider Company,2023,Cidercraft Awards,1
,Mountain West Cider Company,2023,Great Lakes International Cider and Perry Competition,10
,Mountain West Cider Company,2023,U.S. Open Cider Championship,2
,Mountain West Cider Company,2024,Great Lakes International Cider and Perry Competition,10
,Mountford Wines,2018,Australian Cider Awards,1
,Mr Bridges,2024,Australian Cider Awards,1
,Mr Little Cider,2014,Australian Cider Awards,1
,Mr Little Cider,2015,Australian Cider Awards,1
,Mr Little Cider,2016,Australian Cider Awards,2
,Mr. Plūme,2018,Salón Internacional de les Sidres de Gala (SISGA),1
,Mr. Plūme,2019,Salón Internacional de les Sidres de Gala (SISGA),1
,Mr. Plūme,2020,Salón Internacional de les Sidres de Gala (SISGA),3
,Mr. Plūme,2021,Salón Internacional de les Sidres de Gala (SISGA),3
,Mr. Plūme,2022,Nordic International Cider Awards,3
,Mr. Plūme,2022,Salón Internacional de les Sidres de Gala (SISGA),2
,Mr. Plūme,2023,Nordic International Cider Awards,2
,Mr. Plūme,2023,Sagardo Forum International Cider Competition,1
,Mr. Plūme,2023,Salón Internacional de les Sidres de Gala (SISGA),3
,Mr. Plūme,2024,Salón Internacional de les Sidres de Gala (SISGA),4
,Mt Duneed Estate,2016,Australian Cider Awards,1
,Mugi to Budo,2024,Japan Cider Cup,1
,Mures Tasmania,2014,Australian Cider Awards,1
,Muse Orchard,2021,Great Lakes International Cider and Perry Competition,2
,Muse Orchard,2021,U.S. Open Cider Championship,2
,Muse Orchard,2022,U.S. Open Cider Championship,1
,Muse Orchard,2023,Great Lakes International Cider and Perry Competition,2
,Musée du Cidre,2017,Concours Général Agricole,1
,Musée du Cidre,2018,Concours Général Agricole,1
,Muxaller Cider,2021,International Cider Challenge,1
,Muxaller Cider,2022,International Cider Challenge,2
,Muxaller Cider,2023,International Cider Challenge,1
,Müllers Mostmanufaktur,2023,CiderWorld Awards,1
,Mūrbūdu,2021,International Cider Challenge,4
,Mūrbūdu,2022,International Cider Challenge,4
,Mūrbūdu,2022,Nordic International Cider Awards,2
,Mūrbūdu,2023,Nordic International Cider Awards,3
,Mūrbūdu,2023,Salón Internacional de les Sidres de Gala (SISGA),2
,Nailsea Cider,2023,Sagardo Forum International Cider Competition,1
,Nakata Orchard,2023,Japan Cider Cup,1
,Naked Orchards,2023,Royal Three Counties Show,2
,Napoleone Cider,2011,Australian Cider Awards,1
,Napoleone Cider,2012,Australian Cider Awards,3
,Napoleone Cider,2013,Australian Cider Awards,3
,Napoleone Cider,2014,Australian Cider Awards,4
,Napoleone Cider,2015,Australian Cider Awards,4
,Napoleone Cider,2016,Australian Cider Awards,5
,Napoleone Cider,2017,Australian Cider Awards,5
,Napoleone Cider,2018,Australian Cider Awards,3
,Napoleone Cider,2019,Australian Cider Awards,3
,Napoleone Cider,2021,Australian Cider Awards,3
,Napoleone Cider,2023,Australian Cider Awards,3
,Napoleone Cider,2024,Australian Cider Awards,3
,Napton Cidery,2018,International Cider Challenge,3
,Napton Cidery,2019,Great Lakes International Cider and Perry Competition,3
,Napton Cidery,2019,International Cider Challenge,1
,Napton Cidery,2021,International Cider Challenge,2
,Napton Cidery,2022,International Cider Challenge,2
,Napton Cidery,2024,International Cider Challenge,3
,Nashi Orchards,2016,Great Lakes International Cider and Perry Competition,4
,Nashi Orchards,2017,Great Lakes International Cider and Perry Competition,1
,Nashi Orchards,2019,Great Lakes International Cider and Perry Competition,3
,Nashi Orchards,2022,Great Lakes International Cider and Perry Competition,5
,Nashi Orchards,2024,Great Lakes International Cider and Perry Competition,5
,Nashi Orchards,2024,Northwest Cider Cup,1
,Natur und Mohr,2023,CiderWorld Awards,2
,Natur und Mohr,2024,CiderWorld Awards,3
,Naturcidre,2022,Salón Internacional de les Sidres de Gala (SISGA),2
,Naturcidre,2023,Salón Internacional de les Sidres de Gala (SISGA),4
,Naturcidre,2024,Salón Internacional de les Sidres de Gala (SISGA),2
,Neige,2024,International Cider Challenge,1
,Neon Cider,2023,Japan Cider Cup,1
,Neon Cider,2024,Japan Cider Cup,5
,Nerijus Kaučikas,2023,Nordic International Cider Awards,1
,Nerø Frukt og Sider,2022,International Cider Challenge,2
,Nerø Frukt og Sider,2022,Nordic International Cider Awards,2
,Nerø Frukt og Sider,2023,CiderWorld Awards,2
,Nerø Frukt og Sider,2023,International Cider Challenge,1
,Nerø Frukt og Sider,2023,Nordic International Cider Awards,1
,Nerø Frukt og Sider,2023,Salón Internacional de les Sidres de Gala (SISGA),3
,New Holland Brewing,2007,Great Lakes International Cider and Perry Competition,2
,New Leaf Cider Co.,2018,Great Lakes International Cider and Perry Competition,1
,New Leaf Cider Co.,2021,Great Lakes International Cider and Perry Competition,1
,New Realm Brewing Company,2024,U.S. Open Cider Championship,1
,New Salem Cider,2021,Great Lakes International Cider and Perry Competition,4
,NewLeaf Orchard,2023,Australian Cider Awards,1
,NewLeaf Orchard,2024,Australian Cider Awards,3
,Newton Court Cider,2016,Great Lakes International Cider and Perry Competition,2
,Newton Court Cider,2017,Great Lakes International Cider and Perry Competition,1
,Newton Court Cider,2023,Museum of Cider International Cider & Perry Competition,1
,Newton Court Cider,2024,International Cider Awards,1
,Newton Court Cider,2024,Museum of Cider International Cider & Perry Competition,3
,Newtopia Cyder,2024,U.S. Open Cider Championship,1
,Niagara Cider Company,2019,Great Lakes International Cider and Perry Competition,3
,Niagara Cider Company,2021,Great Lakes International Cider and Perry Competition,5
,Niagara Cider Company,2022,Great Lakes International Cider and Perry Competition,5
,Niagara College Teaching Winery,2016,U.S. Open Cider Championship,1
,Niagara College Teaching Winery,2017,U.S. Open Cider Championship,1
,Niagara College Teaching Winery,2018,U.S. Open Cider Championship,2
,Niagara College Teaching Winery,2019,U.S. Open Cider Championship,2
,Niagara College Teaching Winery,2021,U.S. Open Cider Championship,2
,Niagara College Teaching Winery,2022,U.S. Open Cider Championship,2
,Niagara College Teaching Winery,2024,U.S. Open Cider Championship,1
,Nightingale Cider,2024,Japan Cider Cup,4
,Nightingale Cider Company,2022,International Cider Challenge,1
,Nightingale Cider Company,2022,Nordic International Cider Awards,1
,Nikka Cidre,2018,International Cider Challenge,1
,Nikka Cidre,2019,International Cider Challenge,1
,Nikka Cidre,2020,International Cider Challenge,1
,Nikka Cidre,2021,International Cider Challenge,1
,Nikka Cidre,2022,International Cider Challenge,1
,Ninch Cider,2019,Australian Cider Awards,2
,Ninch Cider,2021,Australian Cider Awards,2
,Ninch Cider,2023,Australian Cider Awards,1
,Nine Pin Cider,2014,Great Lakes International Cider and Perry Competition,1
,Nine Pin Cider,2015,Great Lakes International Cider and Perry Competition,2
,No Boats On Sunday,2017,Great Lakes International Cider and Perry Competition,1
,Noble Cider,2016,Great Lakes International Cider and Perry Competition,3
,Noble Cider,2017,Cidercraft Awards,1
,Noble Cider,2017,Great Lakes International Cider and Perry Competition,4
,Noble Cider,2018,Cidercraft Awards,2
,Noble Cider,2018,Great Lakes International Cider and Perry Competition,4
,Noble Cider,2019,Great Lakes International Cider and Perry Competition,4
,Noble Cider,2022,Cidercraft Awards,1
,Noble Cider,2022,Great Lakes International Cider and Perry Competition,2
,Noble Cider,2023,Cidercraft Awards,1
,Noble Cider,2023,Great Lakes International Cider and Perry Competition,3
,Noble Cider,2024,Cidercraft Awards,1
,Nomad Cider,2018,Great Lakes International Cider and Perry Competition,5
,Nomad Cidery,2017,Great Lakes International Cider and Perry Competition,2
,Nomad Cidery,2018,Great Lakes International Cider and Perry Competition,4
,Nordappel,2023,CiderWorld Awards,1
,Nordappel,2024,CiderWorld Awards,2
,North Canyon Cider Company,2019,Cidercraft Awards,1
,North Canyon Cider Company,2019,International Cider Awards,2
,North Canyon Cider Company,2020,Cidercraft Awards,1
,North Canyon Cider Company,2023,Cidercraft Awards,1
,North Canyon Cider Company,2024,Cidercraft Awards,1
,North Down Orchard,2023,Royal Bath & West Show - British Cider Championships,4
,North Down Orchard,2024,Royal Bath & West Show - British Cider Championships,3
,North Idaho Cider,2017,Northwest Cider Cup,1
,North Idaho Cider,2018,Northwest Cider Cup,1
,North Idaho Cider,2019,Northwest Cider Cup,1
,North Shore Cider Company,2018,Great Lakes International Cider and Perry Competition,1
,North Shore Cider Company,2019,Great Lakes International Cider and Perry Competition,2
,North Wood Cyder,2018,International Cider Challenge,1
,Northern Natural Cider House & Winery,2013,Great Lakes International Cider and Perry Competition,3
,Northern Natural Cider House & Winery,2014,Great Lakes International Cider and Perry Competition,3
,Northern Natural Cider House & Winery,2015,Great Lakes International Cider and Perry Competition,1
,Northern Natural Cider House & Winery,2016,Great Lakes International Cider and Perry Competition,3
,Northern Natural Cider House & Winery,2017,Cidercraft Awards,1
,Northern Natural Cider House & Winery,2017,Great Lakes International Cider and Perry Competition,1
,Northleigh Cider,2024,Royal Bath & West Show - British Cider Championships,2
,Northman Cider Co.,2022,Great Lakes International Cider and Perry Competition,2
,Northman Cider Co.,2024,Great Lakes International Cider and Perry Competition,3
,Northville Winery and Brewing Company,2008,Great Lakes International Cider and Perry Competition,1
,Northville Winery and Brewing Company,2009,Great Lakes International Cider and Perry Competition,3
,Northville Winery and Brewing Company,2011,Great Lakes International Cider and Perry Competition,3
,Northville Winery and Brewing Company,2012,Great Lakes International Cider and Perry Competition,2
,Northville Winery and Brewing Company,2013,Great Lakes International Cider and Perry Competition,5
,Northville Winery and Brewing Company,2014,Great Lakes International Cider and Perry Competition,4
,Northville Winery and Brewing Company,2015,Great Lakes International Cider and Perry Competition,7
,Northville Winery and Brewing Company,2016,Great Lakes International Cider and Perry Competition,5
,Northville Winery and Brewing Company,2017,Great Lakes International Cider and Perry Competition,2
,Northville Winery and Brewing Company,2018,Great Lakes International Cider and Perry Competition,4
,Northville Winery and Brewing Company,2019,Great Lakes International Cider and Perry Competition,7
,Northville Winery and Brewing Company,2021,Great Lakes International Cider and Perry Competition,6
,Northville Winery and Brewing Company,2022,Great Lakes International Cider and Perry Competition,6
,Northville Winery and Brewing Company,2023,Great Lakes International Cider and Perry Competition,6
,Northville Winery and Brewing Company,2024,Great Lakes International Cider and Perry Competition,4
,Northwood Cider Co.,2023,Great Lakes International Cider and Perry Competition,2
,Northyards Cider Co.,2023,Great Lakes International Cider and Perry Competition,3
,Nua Cider,2023,Sagardo Forum International Cider Competition,2
,Nude Cider,2020,International Cider Challenge,1
,Nude Cider,2022,Nordic International Cider Awards,2
,Nude Cider,2023,Nordic International Cider Awards,2
,Number 12 Cider,2016,Great Lakes International Cider and Perry Competition,2
,Number 12 Cider,2019,Great Lakes International Cider and Perry Competition,3
,Number 12 Cider,2021,Great Lakes International Cider and Perry Competition,5
,Number 12 Cider,2022,Cidercraft Awards,1
,Number 12 Cider,2022,Great Lakes International Cider and Perry Competition,7
,Number 12 Cider,2023,Great Lakes International Cider and Perry Competition,5
,Number 12 Cider,2024,Great Lakes International Cider and Perry Competition,6
,Nutrition Farms,2021,Australian Cider Awards,2
,Nøvar Cider,2020,International Cider Challenge,1
,OK Cider Co,2022,Great Lakes International Cider and Perry Competition,6
,OK Cider Co,2024,Great Lakes International Cider and Perry Competition,3
,"OK,ADAM",2024,Japan Cider Cup,2
,OR\WA Cider Collective,2018,Great Lakes International Cider and Perry Competition,2
,OR\WA Cider Collective,2019,Northwest Cider Cup,1
,Oakvale Wines,2012,Australian Cider Awards,1
,Oakvale Wines,2013,Australian Cider Awards,1
,Oakvale Wines,2014,Australian Cider Awards,1
,Obst Jacoby,2024,CiderWorld Awards,1
,Obst- & Weingut Brüggenwirth,2022,International Cider Challenge,2
,Obst- & Weingut Brüggenwirth,2023,CiderWorld Awards,1
,Obst- & Weingut Brüggenwirth,2023,International Cider Challenge,3
,Obst- & Weingut Brüggenwirth,2024,International Cider Challenge,2
,Obst- und Gartenbauverein Fischbach,2024,CiderWorld Awards,1
,Obstbau & Kelterei Schmitt,2023,CiderWorld Awards,1
,Obstbau & Kelterei Schmitt,2024,CiderWorld Awards,1
,Obstbau Ciampa,2023,CiderWorld Awards,1
,Obstbau Ciampa,2024,CiderWorld Awards,1
,Obstbauernhof Planner,2024,CiderWorld Awards,1
,Obstkelterei van Nahmen,2023,CiderWorld Awards,3
,Obstkelterei van Nahmen,2024,CiderWorld Awards,1
,Obstparadies Staufen,2023,CiderWorld Awards,2
,Occam Cider,2024,Great Lakes International Cider and Perry Competition,1
,Odd Brothers Craft Cider,2019,Great Lakes International Cider and Perry Competition,5
,Odd Brothers Craft Cider,2019,U.S. Open Cider Championship,1
,Odd Brothers Craft Cider,2022,Cidercraft Awards,1
,Odd Brothers Craft Cider,2022,U.S. Open Cider Championship,3
,Odd Brothers Craft Cider,2024,Great Lakes International Cider and Perry Competition,5
,Odelsgut,2023,CiderWorld Awards,2
,Odelsgut,2023,Nordic International Cider Awards,2
,Offset Ciderworks,2020,Cidercraft Awards,1
,Offset Ciderworks,2021,Great Lakes International Cider and Perry Competition,13
,Offset Ciderworks,2022,Cidercraft Awards,1
,Offset Ciderworks,2023,Great Lakes International Cider and Perry Competition,1
,Offset Ciderworks,2024,Great Lakes International Cider and Perry Competition,2
,Oiharte,2017,Sagardo Forum International Cider Competition,2
,Oiharte,2019,Sagardo Forum International Cider Competition,3
,Oiharte,2020,Salón Internacional de les Sidres de Gala (SISGA),2
,Oiharte,2021,Sagardo Forum International Cider Competition,4
,Oiharte,2021,Salón Internacional de les Sidres de Gala (SISGA),1
,Oiharte,2022,Nordic International Cider Awards,3
,Oiharte,2022,Salón Internacional de les Sidres de Gala (SISGA),1
,Oiharte,2023,Sagardo Forum International Cider Competition,1
,Oiharte,2023,Salón Internacional de les Sidres de Gala (SISGA),1
,Okashina Ouchi,2024,Japan Cider Cup,1
,Ola,2022,Salón Internacional de les Sidres de Gala (SISGA),1
,Ola Brew,2019,U.S. Open Cider Championship,1
,Ola Brew,2020,U.S. Open Cider Championship,1
,Ola Brew,2022,U.S. Open Cider Championship,1
,Old Boys’ Brewhouse,2011,Great Lakes International Cider and Perry Competition,1
,Old Boys’ Brewhouse,2012,Great Lakes International Cider and Perry Competition,1
,Old Hill Cider,2014,Great Lakes International Cider and Perry Competition,3
,Old Hill Cider,2015,Great Lakes International Cider and Perry Competition,1
,Old Hill Cider,2018,Great Lakes International Cider and Perry Competition,5
,Old Twelfth Cider,2021,Australian Cider Awards,1
,Old Twelfth Cider,2022,Australian Cider Awards,4
,Oldfields Cider,2018,International Cider Challenge,1
,Oldfields Cider,2019,International Cider Challenge,3
,Oldfields Cider,2020,International Cider Challenge,3
,Oldfields Cider,2022,International Cider Challenge,2
,Oldfields Cider,2024,Royal Three Counties Show,1
,Oliver's Cider and Perry,2009,Great Lakes International Cider and Perry Competition,4
,Oliver's Cider and Perry,2011,Great Lakes International Cider and Perry Competition,3
,Oliver's Cider and Perry,2012,Great Lakes International Cider and Perry Competition,2
,Oliver's Cider and Perry,2013,Great Lakes International Cider and Perry Competition,2
,Oliver's Cider and Perry,2014,Great Lakes International Cider and Perry Competition,1
,Oliver's Cider and Perry,2015,Great Lakes International Cider and Perry Competition,5
,Oliver's Cider and Perry,2016,Great Lakes International Cider and Perry Competition,3
,Oliver's Cider and Perry,2018,Cidercraft Awards,1
,Oliver's Cider and Perry,2018,Great Lakes International Cider and Perry Competition,5
,Oliver's Cider and Perry,2019,Great Lakes International Cider and Perry Competition,2
,Oliver's Cider and Perry,2021,Sagardo Forum International Cider Competition,3
,Oliver's Cider and Perry,2024,Museum of Cider International Cider & Perry Competition,5
,Oliver’s Cider & Perry,2023,Museum of Cider International Cider & Perry Competition,6
,Olvi,2019,International Cider Challenge,1
,OmCider,2022,Nordic International Cider Awards,2
,OmCider,2023,CiderWorld Awards,2
,OmCider,2023,Nordic International Cider Awards,2
,OmCider,2023,Sagardo Forum International Cider Competition,1
,OmCider,2024,CiderWorld Awards,1
,OmCider,2024,International Cider Awards,1
,On Point Cider Company,2023,Royal Three Counties Show,1
,On Point Cider Company,2024,Museum of Cider International Cider & Perry Competition,1
,On Point Cider Company,2024,Royal Bath & West Show - British Cider Championships,2
,On Point Cider Company,2024,Royal Three Counties Show,2
,Once Upon A Tree,2019,Great Lakes International Cider and Perry Competition,5
,Once Upon A Tree,2021,Great Lakes International Cider and Perry Competition,4
,Once Upon A Tree Cider,2024,International Cider Challenge,2
,One Tree Hard Cider,2018,U.S. Open Cider Championship,1
,One Tree Hard Cider,2019,U.S. Open Cider Championship,2
,One Tree Hard Cider,2023,U.S. Open Cider Championship,2
,Opre',2021,Salón Internacional de les Sidres de Gala (SISGA),1
,Opre',2023,Salón Internacional de les Sidres de Gala (SISGA),1
,Orchard 101,2023,Royal Bath & West Show - British Cider Championships,7
,Orchard 101,2024,Royal Bath & West Show - British Cider Championships,5
,Orchard Girls,2022,U.S. Open Cider Championship,1
,Orchard Girls,2024,U.S. Open Cider Championship,1
,Orchards Farm,2024,Royal Bath & West Show - British Cider Championships,1
,Ore Creek Craft Cider,2022,Great Lakes International Cider and Perry Competition,2
,Ore Creek Craft Cider,2023,Great Lakes International Cider and Perry Competition,3
,Ore Creek Craft Cider,2024,Great Lakes International Cider and Perry Competition,2
,Original Sin Cider,2009,Great Lakes International Cider and Perry Competition,1
,Original Sin Cider,2013,Great Lakes International Cider and Perry Competition,2
,Original Sin Cider,2015,Great Lakes International Cider and Perry Competition,2
,Original Sin Cider,2018,Great Lakes International Cider and Perry Competition,2
,Original Sin Cider,2019,Great Lakes International Cider and Perry Competition,3
,Original Sin Cider,2021,Great Lakes International Cider and Perry Competition,6
,Original Sin Cider,2023,Great Lakes International Cider and Perry Competition,5
,Original Sin Cider,2024,Cidercraft Awards,1
,Original Sin Cider,2024,Japan Cider Cup,2
,Orpens Cider,2014,Great Lakes International Cider and Perry Competition,1
,Orpens Cider,2015,Great Lakes International Cider and Perry Competition,1
,Ottercider,2023,CiderWorld Awards,1
,Ottercider,2023,Nordic International Cider Awards,2
,Ottercider,2023,Sagardo Forum International Cider Competition,1
,Ottercider,2023,Salón Internacional de les Sidres de Gala (SISGA),1
,Ouse Winery,2018,International Cider Challenge,1
,Ouse Winery,2020,International Cider Challenge,1
,Ouse Winery,2021,International Cider Challenge,1
,OutWest Wines & Ciders,2024,Cidercraft Awards,2
,Over The Hill Cider,2023,Royal Bath & West Show - British Cider Championships,5
,Overgrown Orchard,2019,Great Lakes International Cider and Perry Competition,3
,Owl Creek Vineyard,2014,Great Lakes International Cider and Perry Competition,3
,PRAH,2023,Australian Cider Awards,1
,PRAH,2024,Australian Cider Awards,1
,Pacific Grove CiderWorks,2020,U.S. Open Cider Championship,1
,Pacific Grove CiderWorks,2022,U.S. Open Cider Championship,1
,Pacific Grove CiderWorks,2023,U.S. Open Cider Championship,2
,Pacory,2020,Concours des Cidres de Normandie,2
,Pacory,2021,Concours des Cidres de Normandie,3
,Pacory,2022,Concours des Cidres de Normandie,3
,Pacory,2023,Concours des Cidres de Normandie,1
,Pacory,2024,Concours des Cidres de Normandie,3
,Padthaway Estate,2013,Australian Cider Awards,1
,Pagan Cider,2016,Australian Cider Awards,1
,Pagan Cider,2022,Australian Cider Awards,2
,Pagetts Traditional Cider,2023,Royal Bath & West Show - British Cider Championships,1
,Paha Cider,2024,Great Lakes International Cider and Perry Competition,4
,Painted Turtle Hard Cider,2017,Great Lakes International Cider and Perry Competition,4
,Painted Turtle Hard Cider,2021,Great Lakes International Cider and Perry Competition,1
,Paladeus,2019,Sagardo Forum International Cider Competition,1
,Paladeus,2021,International Cider Challenge,1
,Paladeus,2021,Sagardo Forum International Cider Competition,1
,Paladeus,2022,Nordic International Cider Awards,2
,Paladeus,2023,Nordic International Cider Awards,2
,Paladeus,2023,Salón Internacional de les Sidres de Gala (SISGA),3
,Palestra Hidromiel,2024,Great Lakes International Cider and Perry Competition,1
,Palmers Upland Cyder,2023,Royal Bath & West Show - British Cider Championships,6
,Palmers Upland Cyder,2023,Royal Three Counties Show,2
,Palmers Upland Cyder,2024,Royal Bath & West Show - British Cider Championships,4
,Palmers Upland Cyder,2024,Royal Three Counties Show,5
,Papa Moon Vineyards & Winery,2021,Great Lakes International Cider and Perry Competition,4
,Papa Moon Vineyards & Winery,2021,U.S. Open Cider Championship,2
,Papa Moon Vineyards & Winery,2022,Great Lakes International Cider and Perry Competition,7
,Papa Moon Vineyards & Winery,2022,U.S. Open Cider Championship,2
,Papa Moon Vineyards & Winery,2023,Great Lakes International Cider and Perry Competition,3
,Papa Moon Vineyards & Winery,2023,U.S. Open Cider Championship,1
,Papa Moon Vineyards & Winery,2024,Great Lakes International Cider and Perry Competition,7
,Papa Moon Vineyards & Winery,2024,U.S. Open Cider Championship,1
,Paracombe Premium Perry,2013,Australian Cider Awards,1
,Paracombe Premium Perry,2014,Australian Cider Awards,2
,Park Farm,2023,Royal Bath & West Show - British Cider Championships,2
,Parsons North Brewing Co.,2022,U.S. Open Cider Championship,1
,Patrick of Coonawarra,2015,Australian Cider Awards,1
,Patrick of Coonawarra,2016,Australian Cider Awards,1
,Patrick of Coonawarra,2017,Australian Cider Awards,1
,Patrick of Coonawarra,2018,Australian Cider Awards,1
,Patriots' Heritage Cider,2017,Great Lakes International Cider and Perry Competition,2
,Patriots' Heritage Cider,2018,Great Lakes International Cider and Perry Competition,5
,Patriots' Heritage Cider,2019,Great Lakes International Cider and Perry Competition,5
,Patriots' Heritage Cider,2021,Great Lakes International Cider and Perry Competition,1
,Paul Rendell,2023,Royal Bath & West Show - British Cider Championships,3
,Paul Rendell,2024,Royal Bath & West Show - British Cider Championships,2
,Paynter's Cider,2019,Great Lakes International Cider and Perry Competition,2
,Peacock Cider,2019,International Cider Challenge,2
,Peak Light Cider,2022,Great Lakes International Cider and Perry Competition,5
,Peak Light Cider Company,2021,Northwest Cider Cup,1
,Peak Light Cider Company,2022,Northwest Cider Cup,2
,Peak Light Cider Company,2024,Northwest Cider Cup,1
,Peat's Original Cider,2018,Great Lakes International Cider and Perry Competition,4
,Peat's Original Cider,2021,Great Lakes International Cider and Perry Competition,7
,Peat's Original Cider,2022,Great Lakes International Cider and Perry Competition,3
,Peat's Original Cider,2023,Great Lakes International Cider and Perry Competition,3
,Peat's Original Cider,2024,Great Lakes International Cider and Perry Competition,4
,Peckham's Cider,2023,Australian Cider Awards,5
,Peckham's Cider,2024,Australian Cider Awards,5
,Pencil Hound Ciders,2021,Great Lakes International Cider and Perry Competition,7
,Pencil Hound Ciders,2022,Great Lakes International Cider and Perry Competition,6
,Peninsula Cellars,2021,Great Lakes International Cider and Perry Competition,4
,Peninsula Cellars,2022,Great Lakes International Cider and Perry Competition,5
,Peninsula Cellars,2024,Great Lakes International Cider and Perry Competition,7
,Penn Brewery,2023,U.S. Open Cider Championship,1
,Perry's Cider,2018,International Cider Challenge,1
,Perry's Cider,2019,International Cider Challenge,2
,Perry's Cider,2020,International Cider Challenge,2
,Perry’s Cider,2024,Royal Bath & West Show - British Cider Championships,5
,Pershore Press,2024,Royal Three Counties Show,1
,Peter Captainino,2023,Royal Bath & West Show - British Cider Championships,1
,Petritegi,2017,Sagardo Forum International Cider Competition,1
,Petritegi,2019,Sagardo Forum International Cider Competition,1
,Petritegi,2021,Salón Internacional de les Sidres de Gala (SISGA),2
,Petritegi,2022,Nordic International Cider Awards,2
,Petritegi,2022,Salón Internacional de les Sidres de Gala (SISGA),1
,Petritegi,2023,CiderWorld Awards,2
,Petritegi,2023,Nordic International Cider Awards,2
,Petritegi,2023,Sagardo Forum International Cider Competition,2
,Petritegi,2023,Salón Internacional de les Sidres de Gala (SISGA),3
,Petritegi,2024,Salón Internacional de les Sidres de Gala (SISGA),3
,Pfeiffer's Cider,2023,Nordic International Cider Awards,2
,Pfeiffer's Cider,2023,Salón Internacional de les Sidres de Gala (SISGA),1
,Pfeiffer's Cider,2024,Salón Internacional de les Sidres de Gala (SISGA),2
,Phillips Orchards & Cider Mill,2019,Great Lakes International Cider and Perry Competition,7
,Phillips Orchards & Cider Mill,2021,Great Lakes International Cider and Perry Competition,3
,Phillips Orchards & Cider Mill,2022,Great Lakes International Cider and Perry Competition,6
,Phillips Orchards & Cider Mill,2023,Great Lakes International Cider and Perry Competition,5
,Phillips Orchards & Cider Mill,2024,Great Lakes International Cider and Perry Competition,4
,Pica Pica,2018,Salón Internacional de les Sidres de Gala (SISGA),2
,Pica Pica,2020,Salón Internacional de les Sidres de Gala (SISGA),3
,Pilton Cider,2019,Sagardo Forum International Cider Competition,3
,Pink Barrel Cellars,2024,Great Lakes International Cider and Perry Competition,1
,Pinnacle Drinks,2017,Australian Cider Awards,3
,Pinnacle Drinks,2019,Australian Cider Awards,2
,Pinnacle Drinks,2021,Australian Cider Awards,2
,Pinnacle Drinks,2022,Australian Cider Awards,1
,Pinnacle Drinks,2023,Australian Cider Awards,1
,Pinter,2021,International Cider Challenge,1
,Pinter,2022,International Cider Challenge,3
,Pip Bailey,2023,Royal Bath & West Show - British Cider Championships,1
,Pips Cider,2017,Sagardo Forum International Cider Competition,2
,Pips Cider,2018,International Cider Challenge,1
,Pips Cider,2019,Sagardo Forum International Cider Competition,3
,Pips Cider,2021,International Cider Challenge,2
,Pips Cider,2023,Royal Bath & West Show - British Cider Championships,1
,Pips Cider,2024,Museum of Cider International Cider & Perry Competition,2
,Pips Cider,2024,Royal Bath & West Show - British Cider Championships,3
,Pirula,2022,Nordic International Cider Awards,1
,Pirula,2023,Nordic International Cider Awards,3
,Pivot Brewing Company,2020,Cidercraft Awards,1
,Pivovar Steiger,2014,Salón Internacional de les Sidres de Gala (SISGA),1
,Platform Beer Company,2017,Great Lakes International Cider and Perry Competition,2
,Platform Beer Company,2021,Great Lakes International Cider and Perry Competition,1
,Plenty Cider,2021,Australian Cider Awards,3
,Plenty Cider,2022,Australian Cider Awards,4
,Plenty Cider,2023,Australian Cider Awards,6
,Plenty Cider,2024,Australian Cider Awards,7
,Ploughman Cider,2019,Great Lakes International Cider and Perry Competition,5
,Ploughman Cider,2022,Great Lakes International Cider and Perry Competition,3
,Pointy Head Cider (PHC),2023,Museum of Cider International Cider & Perry Competition,1
,Pom Sidro Creativo,2021,Sagardo Forum International Cider Competition,1
,Pom Sidro Creativo,2021,Salón Internacional de les Sidres de Gala (SISGA),1
,Pommies Cider Co.,2013,Great Lakes International Cider and Perry Competition,1
,Pommies Cider Co.,2014,Great Lakes International Cider and Perry Competition,2
,Pommies Cider Co.,2015,Great Lakes International Cider and Perry Competition,3
,Pommies Cider Co.,2016,Great Lakes International Cider and Perry Competition,4
,Pommies Cider Co.,2017,Great Lakes International Cider and Perry Competition,6
,Pommies Cider Co.,2018,Great Lakes International Cider and Perry Competition,4
,Pomolo Obstweine,2023,CiderWorld Awards,3
,Pomolo Obstweine,2024,CiderWorld Awards,1
,Pomologik,2022,Nordic International Cider Awards,3
,Pomologik,2023,CiderWorld Awards,10
,Pomologik,2023,Nordic International Cider Awards,3
,Pomologik,2023,Sagardo Forum International Cider Competition,9
,Pomologik,2024,CiderWorld Awards,16
,Pomologist Cider,2016,Australian Cider Awards,1
,Pomologist Cider,2017,Australian Cider Awards,2
,Ponderosa Cider Co.,2023,Cidercraft Awards,1
,Ponderosa Cider Co.,2023,U.S. Open Cider Championship,1
,Ponderosa Cider Co.,2024,Great Lakes International Cider and Perry Competition,5
,Pontymeddyg Cider,2023,Royal Bath & West Show - British Cider Championships,1
,Portland Cider,2024,Japan Cider Cup,1
,Portland Cider Company,2013,Great Lakes International Cider and Perry Competition,2
,Portland Cider Company,2014,Great Lakes International Cider and Perry Competition,3
,Portland Cider Company,2015,Great Lakes International Cider and Perry Competition,2
,Portland Cider Company,2016,Great Lakes International Cider and Perry Competition,4
,Portland Cider Company,2017,Cidercraft Awards,4
,Portland Cider Company,2017,Great Lakes International Cider and Perry Competition,3
,Portland Cider Company,2017,Northwest Cider Cup,1
,Portland Cider Company,2017,U.S. Open Cider Championship,3
,Portland Cider Company,2018,Cidercraft Awards,2
,Portland Cider Company,2018,Northwest Cider Cup,3
,Portland Cider Company,2018,U.S. Open Cider Championship,2
,Portland Cider Company,2019,Cidercraft Awards,2
,Portland Cider Company,2019,U.S. Open Cider Championship,1
,Portland Cider Company,2020,Cidercraft Awards,1
,Portland Cider Company,2020,U.S. Open Cider Championship,2
,Portland Cider Company,2021,Great Lakes International Cider and Perry Competition,3
,Portland Cider Company,2021,U.S. Open Cider Championship,1
,Portland Cider Company,2022,Cidercraft Awards,1
,Portland Cider Company,2022,Great Lakes International Cider and Perry Competition,6
,Portland Cider Company,2022,U.S. Open Cider Championship,2
,Portland Cider Company,2023,Cidercraft Awards,1
,Portland Cider Company,2023,Great Lakes International Cider and Perry Competition,6
,Portland Cider Company,2024,Cidercraft Awards,4
,Portland Cider Company,2024,International Cider Awards,2
,Portland Cider Company,2024,Northwest Cider Cup,1
,Posdata,2024,Japan Cider Cup,1
,Posterity Ciderworks,2021,Great Lakes International Cider and Perry Competition,3
,Posterity Ciderworks,2022,Cidercraft Awards,1
,Posterity Ciderworks,2022,Great Lakes International Cider and Perry Competition,4
,Potter's Craft Cider,2019,Great Lakes International Cider and Perry Competition,3
,Potter's Craft Cider,2021,Great Lakes International Cider and Perry Competition,6
,Prancing Pony Brewery,2022,Australian Cider Awards,1
,Presque Isle Farm Cider,2021,Great Lakes International Cider and Perry Competition,5
,Presque Isle Farm Cider,2022,Great Lakes International Cider and Perry Competition,6
,Presque Isle Farm Cider,2023,Great Lakes International Cider and Perry Competition,3
,Presque Isle Farm Cider,2024,Great Lakes International Cider and Perry Competition,8
,Pressman's Cider,2014,Australian Cider Awards,1
,Pressman's Cider,2015,Australian Cider Awards,3
,Pressman's Cider,2015,International Cider Awards,2
,Pressman's Cider,2016,Australian Cider Awards,1
,Pressman's Cider,2017,Australian Cider Awards,2
,Pressman's Cider,2018,Australian Cider Awards,2
,Prima Cider,2019,Great Lakes International Cider and Perry Competition,2
,Prospect Ciderworks,2018,Great Lakes International Cider and Perry Competition,3
,Prototype Hard Cider,2017,Great Lakes International Cider and Perry Competition,1
,Prototype Hard Cider,2018,Great Lakes International Cider and Perry Competition,1
,Prototype Hard Cider,2019,Great Lakes International Cider and Perry Competition,1
,První Prajzské,2020,Salón Internacional de les Sidres de Gala (SISGA),2
,Psydra,2020,International Cider Challenge,1
,Puddicombe Estate Farm,2012,Great Lakes International Cider and Perry Competition,1
,Puddicombe Estate Farm,2015,Great Lakes International Cider and Perry Competition,2
,Puddicombe Estate Farm,2017,Great Lakes International Cider and Perry Competition,2
,Puddicombe Estate Farm,2018,Great Lakes International Cider and Perry Competition,3
,Puddicombe Estate Farm,2019,Great Lakes International Cider and Perry Competition,5
,Puget Sound Cider Company,2019,Great Lakes International Cider and Perry Competition,7
,Puget Sound Cider Company,2021,Great Lakes International Cider and Perry Competition,23
,Puget Sound Cider Company,2021,Northwest Cider Cup,3
,Puget Sound Cider Company,2022,Great Lakes International Cider and Perry Competition,12
,Puget Sound Cider Company,2022,Northwest Cider Cup,7
,Puget Sound Cider Company,2023,Great Lakes International Cider and Perry Competition,8
,Puget Sound Cider Company,2023,Northwest Cider Cup,5
,Puget Sound Cider Company,2024,Great Lakes International Cider and Perry Competition,9
,Puget Sound Cider Company,2024,Northwest Cider Cup,2
,Pulpt,2019,International Cider Awards,1
,Punta de Fierro Fine Cider,2024,Great Lakes International Cider and Perry Competition,1
,Punx Cider Worx,2024,Great Lakes International Cider and Perry Competition,6
,Punx Cider Worx,2024,U.S. Open Cider Championship,1
,Pure Peninsula Honey,2017,Australian Cider Awards,2
,Pure Peninsula Honey,2019,Australian Cider Awards,1
,Pure Peninsula Honey,2024,Australian Cider Awards,2
,Pux Cider,2016,Great Lakes International Cider and Perry Competition,1
,Pux Cider,2017,Great Lakes International Cider and Perry Competition,5
,Pux Cider,2018,Great Lakes International Cider and Perry Competition,4
,Pux Cider,2019,Great Lakes International Cider and Perry Competition,2
,Pux Cider,2021,Great Lakes International Cider and Perry Competition,3
,Pux Cider,2022,Great Lakes International Cider and Perry Competition,8
,Pux Cider,2023,Great Lakes International Cider and Perry Competition,4
,Pux Cider,2024,Great Lakes International Cider and Perry Competition,2
,Quantum Leap Winery,2017,U.S. Open Cider Championship,1
,Quantum Leap Winery,2019,U.S. Open Cider Championship,1
,Quantum Leap Winery,2020,U.S. Open Cider Championship,1
,Quartz Rock Vineyard,2024,U.S. Open Cider Championship,1
,Quinta da Moscadinha,2023,CiderWorld Awards,2
,Quinta da Moscadinha,2024,CiderWorld Awards,7
,R. Zabala,2017,Sagardo Forum International Cider Competition,1
,R. Zabala,2022,Nordic International Cider Awards,1
,R. Zabala,2023,Nordic International Cider Awards,1
,RAW Cider,2024,Great Lakes International Cider and Perry Competition,3
,RAW Cider Co.,2022,Northwest Cider Cup,1
,RAW Cider Co.,2022,Salón Internacional de les Sidres de Gala (SISGA),1
,Rack & Cloth,2018,Northwest Cider Cup,1
,Ragged Hill Cider,2018,Great Lakes International Cider and Perry Competition,2
,Ragged Hill Cider,2018,U.S. Open Cider Championship,1
,Ragged Hill Cider,2019,Cidercraft Awards,1
,Ragged Hill Cider,2019,Great Lakes International Cider and Perry Competition,3
,Ragged Hill Cider,2019,U.S. Open Cider Championship,1
,Ragged Hill Cider,2020,Cidercraft Awards,1
,Ragged Hill Cider,2021,Great Lakes International Cider and Perry Competition,3
,Ragged Hill Cider,2022,Great Lakes International Cider and Perry Competition,3
,Ragged Hill Cider,2023,Great Lakes International Cider and Perry Competition,3
,Ragged Stone Cider & Perry,2023,Royal Three Counties Show,1
,Ragged and Right Cider Project,2021,Great Lakes International Cider and Perry Competition,6
,Ragged and Right Cider Project,2021,Northwest Cider Cup,1
,Ragged and Right Cider Project,2022,Great Lakes International Cider and Perry Competition,5
,Ragged and Right Cider Project,2022,Northwest Cider Cup,1
,Raging Cider & Mead,2018,Great Lakes International Cider and Perry Competition,3
,Raging Cider & Mead,2019,Great Lakes International Cider and Perry Competition,3
,Rain Barrel Ciderworks,2021,Northwest Cider Cup,1
,Ramborn Cider Co.,2017,International Cider Awards,1
,Ramborn Cider Co.,2017,Salón Internacional de les Sidres de Gala (SISGA),2
,Ramborn Cider Co.,2018,International Cider Challenge,5
,Ramborn Cider Co.,2019,Cidercraft Awards,1
,Ramborn Cider Co.,2019,International Cider Awards,5
,Ramborn Cider Co.,2019,Sagardo Forum International Cider Competition,4
,Ramborn Cider Co.,2020,International Cider Challenge,3
,Ramborn Cider Co.,2020,Salón Internacional de les Sidres de Gala (SISGA),4
,Ramborn Cider Co.,2021,International Cider Awards,3
,Ramborn Cider Co.,2022,International Cider Challenge,4
,Ramborn Cider Co.,2022,Nordic International Cider Awards,3
,Ramborn Cider Co.,2023,CiderWorld Awards,3
,Raven's Moon Craft Cider,2018,Great Lakes International Cider and Perry Competition,5
,Raven's Moon Craft Cider,2019,Great Lakes International Cider and Perry Competition,5
,Raven's Moon Craft Cider,2021,Great Lakes International Cider and Perry Competition,14
,Raven's Moon Craft Cider,2022,Great Lakes International Cider and Perry Competition,11
,Raven's Moon Craft Cider,2023,Great Lakes International Cider and Perry Competition,14
,Raven's Moon Craft Cider,2024,Great Lakes International Cider and Perry Competition,10
,Raw Cider,2020,International Cider Challenge,1
,Rawlins Family Cider,2023,Royal Bath & West Show - British Cider Championships,9
,Rawlins Family Cider,2024,Royal Bath & West Show - British Cider Championships,12
,Rebel Apple,2023,Great Lakes International Cider and Perry Competition,3
,Rebel Apple,2024,Great Lakes International Cider and Perry Competition,2
,Rebel Cider,2021,Australian Cider Awards,1
,Rebel Cider,2023,Australian Cider Awards,1
,Rebel Seed Cidery,2016,Great Lakes International Cider and Perry Competition,1
,Red Brick Road Cider,2017,Sagardo Forum International Cider Competition,1
,Red Brick Road Ciderhouse & Bar,2015,Australian Cider Awards,2
,Red Clay Ciderworks,2018,Great Lakes International Cider and Perry Competition,7
,Red Door Brewing Company,2019,Great Lakes International Cider and Perry Competition,1
,Red Island Cider,2021,Great Lakes International Cider and Perry Competition,3
,Red Island Cider,2023,Great Lakes International Cider and Perry Competition,2
,Red Island Cider,2024,Great Lakes International Cider and Perry Competition,3
,Red Rover Craft Cider,2016,Great Lakes International Cider and Perry Competition,4
,Red Rover Craft Cider,2017,Great Lakes International Cider and Perry Competition,3
,Red Rover Craft Cider,2018,Great Lakes International Cider and Perry Competition,2
,Red Rover Craft Cider,2019,Great Lakes International Cider and Perry Competition,1
,Red Sails Ciders,2012,Australian Cider Awards,1
,Red Sails Ciders,2013,Australian Cider Awards,1
,Red Sails Ciders,2015,Australian Cider Awards,1
,Red Top Winery,2021,Great Lakes International Cider and Perry Competition,2
,Redbyrd Orchard Cider,2013,Great Lakes International Cider and Perry Competition,3
,Redbyrd Orchard Cider,2014,Great Lakes International Cider and Perry Competition,3
,Redvers Cider & Perry,2023,Museum of Cider International Cider & Perry Competition,1
,Redwood Cider Co.,2011,Australian Cider Awards,1
,Redwood Cider Co.,2012,Australian Cider Awards,1
,Redwood Cider Co.,2013,Australian Cider Awards,1
,Redwood Cider Co.,2013,International Cider Awards,1
,Redwood Cider Co.,2017,Australian Cider Awards,1
,Redwood Cider Co.,2017,International Cider Awards,1
,Redwood Cider Co.,2018,Australian Cider Awards,1
,Redwood Cider Co.,2021,International Cider Awards,1
,Reinhart's Cider,2018,Great Lakes International Cider and Perry Competition,1
,Rekorderlig,2013,International Cider Awards,1
,Rekorderlig,2018,U.S. Open Cider Championship,1
,Rekorderlig,2022,International Cider Challenge,1
,Renaissance Orchards,2016,Great Lakes International Cider and Perry Competition,1
,Renaissance Orchards,2017,Great Lakes International Cider and Perry Competition,1
,Renaissance Orchards,2018,Great Lakes International Cider and Perry Competition,2
,Renaissance Orchards,2022,Great Lakes International Cider and Perry Competition,1
,Renaissance Orchards,2024,Great Lakes International Cider and Perry Competition,1
,Renaissance Orchards,2024,Northwest Cider Cup,1
,Rennie's Winslow Cider,2024,Royal Bath & West Show - British Cider Championships,3
,Rennie’s Winslow Cider,2023,Museum of Cider International Cider & Perry Competition,1
,Restauracja Tabun,2023,Nordic International Cider Awards,1
,Restauracja Tabun,2023,Sagardo Forum International Cider Competition,3
,Restauracja Tabun,2024,International Cider Challenge,4
,Restauracja Tabun,2024,Museum of Cider International Cider & Perry Competition,1
,Restoration Cider,2017,Great Lakes International Cider and Perry Competition,3
,Revel Cider Company,2015,Great Lakes International Cider and Perry Competition,1
,Revel Cider Company,2016,Great Lakes International Cider and Perry Competition,2
,Revel Cider Company,2017,Great Lakes International Cider and Perry Competition,4
,Reverend Nat's Hard Cider,2013,Great Lakes International Cider and Perry Competition,3
,Reverend Nat's Hard Cider,2014,Great Lakes International Cider and Perry Competition,4
,Reverend Nat's Hard Cider,2015,Great Lakes International Cider and Perry Competition,6
,Reverend Nat's Hard Cider,2016,Great Lakes International Cider and Perry Competition,2
,Reverend Nat's Hard Cider,2019,International Cider Challenge,2
,Rhinegeist Brewery,2016,U.S. Open Cider Championship,1
,Rhinegeist Brewery,2017,Great Lakes International Cider and Perry Competition,2
,Rhinegeist Brewery,2018,U.S. Open Cider Championship,1
,Rhinegeist Brewery,2019,U.S. Open Cider Championship,2
,Rhinegeist Brewery,2020,U.S. Open Cider Championship,2
,Rhinegeist Brewery,2021,Great Lakes International Cider and Perry Competition,5
,Rhinegeist Brewery,2021,U.S. Open Cider Championship,1
,Rhinegeist Brewery,2022,Great Lakes International Cider and Perry Competition,3
,Rhinegeist Brewery,2022,U.S. Open Cider Championship,1
,Rice Lake Hard Cider,2021,Great Lakes International Cider and Perry Competition,2
,Ricker Hill,2016,Great Lakes International Cider and Perry Competition,2
,Ricker Hill,2017,Great Lakes International Cider and Perry Competition,5
,Ricker Hill,2018,Great Lakes International Cider and Perry Competition,3
,Rider Ranch,2018,Great Lakes International Cider and Perry Competition,1
,Ridge & Furrow Cider,2023,Royal Bath & West Show - British Cider Championships,4
,Ridge & Furrow Cider,2024,Royal Bath & West Show - British Cider Championships,2
,Ridge Cider Co.,2016,Great Lakes International Cider and Perry Competition,3
,Ridge Cider Co.,2017,Great Lakes International Cider and Perry Competition,2
,Ridge Cider Co.,2018,Great Lakes International Cider and Perry Competition,1
,Ridge Cider Co.,2019,Great Lakes International Cider and Perry Competition,6
,Right Bee Cider,2018,Great Lakes International Cider and Perry Competition,1
,Right Bee Cider,2019,Great Lakes International Cider and Perry Competition,3
,Right Bee Cider,2021,Great Lakes International Cider and Perry Competition,4
,Right Bee Cider,2023,Japan Cider Cup,3
,Riley's Cidery,2021,International Cider Awards,1
,Riley's Cidery,2022,Northwest Cider Cup,1
,Riley's Cidery,2023,Great Lakes International Cider and Perry Competition,1
,Riverhead Ciderhouse,2018,Great Lakes International Cider and Perry Competition,2
,Riverhead Ciderhouse,2019,Great Lakes International Cider and Perry Competition,1
,Riverhead Ciderhouse,2021,Great Lakes International Cider and Perry Competition,3
,Riverside Cider,2023,Royal Bath & West Show - British Cider Championships,3
,Rob Castle,2023,Royal Three Counties Show,1
,Rob Castle,2024,Royal Three Counties Show,2
,Robin Bornoff,2023,Museum of Cider International Cider & Perry Competition,1
,Robinette Cellars,2006,Great Lakes International Cider and Perry Competition,1
,Robinette Cellars,2007,Great Lakes International Cider and Perry Competition,2
,Robinette Cellars,2008,Great Lakes International Cider and Perry Competition,3
,Robinette Cellars,2009,Great Lakes International Cider and Perry Competition,4
,Robinette Cellars,2011,Great Lakes International Cider and Perry Competition,5
,Robinette Cellars,2012,Great Lakes International Cider and Perry Competition,5
,Robinette Cellars,2013,Great Lakes International Cider and Perry Competition,4
,Robinette Cellars,2014,Great Lakes International Cider and Perry Competition,3
,Robinette Cellars,2015,Great Lakes International Cider and Perry Competition,3
,Robinette Cellars,2016,Great Lakes International Cider and Perry Competition,2
,Robinette Cellars,2017,Great Lakes International Cider and Perry Competition,1
,Robinette Cellars,2018,Great Lakes International Cider and Perry Competition,3
,Robinette Cellars,2021,Great Lakes International Cider and Perry Competition,1
,Robinsons Cider,2023,International Cider Challenge,1
,Rochdale Cider,2016,Australian Cider Awards,3
,Rochdale Cider,2017,Australian Cider Awards,4
,Rock N Wool Winery,2021,Great Lakes International Cider and Perry Competition,1
,Rocquette Cider,2017,International Cider Awards,1
,Rocquette Cider,2018,International Cider Challenge,2
,Rogue Ales & Spirits,2014,Northwest Cider Cup,1
,Rogue Ales & Spirits,2016,Great Lakes International Cider and Perry Competition,1
,Roleystone Brewing Company,2019,Australian Cider Awards,1
,Roleystone Brewing Company,2021,Australian Cider Awards,1
,Roleystone Brewing Company,2022,Australian Cider Awards,1
,Roleystone Brewing Company,2023,Australian Cider Awards,1
,Romaria,2023,Salón Internacional de les Sidres de Gala (SISGA),2
,Rootstock Ciderworks,2015,Great Lakes International Cider and Perry Competition,5
,Rootstock Ciderworks,2016,Great Lakes International Cider and Perry Competition,5
,Rootstock Ciderworks,2017,Great Lakes International Cider and Perry Competition,2
,Rootstock Ciderworks,2018,Great Lakes International Cider and Perry Competition,3
,Rootstock Ciderworks,2019,Great Lakes International Cider and Perry Competition,4
,Rootstock Ciderworks,2021,Great Lakes International Cider and Perry Competition,7
,Rootstock Ciderworks,2022,Great Lakes International Cider and Perry Competition,4
,Rootwood Cider Co.,2018,Cidercraft Awards,1
,Rootwood Cider Co.,2018,Northwest Cider Cup,1
,Rootwood Cider Co.,2019,Cidercraft Awards,2
,Rootwood Cider Co.,2019,Northwest Cider Cup,2
,Rootwood Cider Co.,2020,Cidercraft Awards,1
,Rootwood Cider Co.,2021,Northwest Cider Cup,1
,Rootwood Cider Co.,2022,Northwest Cider Cup,2
,Rootwood Cider Co.,2023,Northwest Cider Cup,1
,Rootwood Cider Co.,2024,Cidercraft Awards,1
,Rootwood Cider Co.,2024,Northwest Cider Cup,2
,Rosecker Streuobst,2023,CiderWorld Awards,2
,Rosie's Triple D Cider,2023,Royal Three Counties Show,4
,Rosie's Triple D Cider,2024,Museum of Cider International Cider & Perry Competition,3
,Ross on Wye Cider & Perry,2021,Sagardo Forum International Cider Competition,3
,Ross on Wye Cider & Perry,2024,Royal Three Counties Show,2
,Ross-on-Wye Cider & Perry,2023,Museum of Cider International Cider & Perry Competition,2
,Ross-on-Wye Cider and Perry,2012,Great Lakes International Cider and Perry Competition,3
,Rossbach Cider,2015,Great Lakes International Cider and Perry Competition,1
,Rossbach Cider,2015,Salón Internacional de les Sidres de Gala (SISGA),1
,Rossbach Cider,2016,Great Lakes International Cider and Perry Competition,2
,Rossbach Cider,2016,Salón Internacional de les Sidres de Gala (SISGA),1
,Rossbach Cider,2019,Salón Internacional de les Sidres de Gala (SISGA),2
,Rossbach Cider,2020,Salón Internacional de les Sidres de Gala (SISGA),5
,Rossbach Cider,2021,Great Lakes International Cider and Perry Competition,1
,Rossbach Cider,2021,Salón Internacional de les Sidres de Gala (SISGA),2
,Rossbach Cider,2022,Salón Internacional de les Sidres de Gala (SISGA),1
,Rote Pumpe,2023,CiderWorld Awards,2
,Roter Adam,2024,CiderWorld Awards,2
,Rudenstams Bär & Frukt,2023,Nordic International Cider Awards,2
,Rufino,2017,Sagardo Forum International Cider Competition,1
,Rull Orchard,2023,Royal Bath & West Show - British Cider Championships,2
,Rull Orchard,2024,Royal Bath & West Show - British Cider Championships,8
,Runamuk Cider Co,2018,Australian Cider Awards,3
,Runamuk Cider Co,2019,Australian Cider Awards,4
,Runamuk Cider Co,2022,Australian Cider Awards,3
,Runcible Cider,2017,Great Lakes International Cider and Perry Competition,1
,Runcible Cider,2018,Great Lakes International Cider and Perry Competition,5
,Runcible Cider,2019,Great Lakes International Cider and Perry Competition,4
,Runcible Cider,2019,Northwest Cider Cup,1
,Runcible Cider,2020,Cidercraft Awards,1
,Runcible Cider,2021,Northwest Cider Cup,1
,Runcible Cider,2023,Cidercraft Awards,1
,Runcible Cider,2023,Great Lakes International Cider and Perry Competition,1
,Runcible Cider,2023,Northwest Cider Cup,1
,Rushford Meadery & Winery,2019,Great Lakes International Cider and Perry Competition,2
,Rushford Meadery & Winery,2023,Great Lakes International Cider and Perry Competition,2
,Russell Orchards,2011,Great Lakes International Cider and Perry Competition,4
,Russell Orchards,2020,Cidercraft Awards,1
,Rusty Bike Wines & Ciders,2016,Australian Cider Awards,1
,Rusty Bike Wines & Ciders,2017,Australian Cider Awards,1
,Rusty Bike Wines & Ciders,2019,Australian Cider Awards,1
,Rusty Bike Wines & Ciders,2021,Australian Cider Awards,3
,Rusty Bike Wines & Ciders,2023,Australian Cider Awards,1
,S. Martinelli & Co.,2019,Great Lakes International Cider and Perry Competition,1
,S. Martinelli & Co.,2021,Great Lakes International Cider and Perry Competition,1
,SLO Cider,2020,Cidercraft Awards,1
,Sabiles Sidrs,2021,Sagardo Forum International Cider Competition,3
,Sabiles Sidrs,2022,Nordic International Cider Awards,2
,Sabiles Sidrs,2023,CiderWorld Awards,1
,Sabiles Sidrs,2023,Nordic International Cider Awards,2
,Sacred Valley Beverages,2014,Australian Cider Awards,1
,Sacred Valley Beverages,2015,Australian Cider Awards,1
,Sagar Iraultza,2021,Sagardo Forum International Cider Competition,1
,Sage Bird Ciderworks,2021,Great Lakes International Cider and Perry Competition,12
,Sage Bird Ciderworks,2022,Great Lakes International Cider and Perry Competition,9
,Sage Bird Ciderworks,2023,Great Lakes International Cider and Perry Competition,8
,Sage Bird Ciderworks,2024,Great Lakes International Cider and Perry Competition,3
,Saigon Cider,2023,International Cider Challenge,2
,Saigon Cider,2023,Japan Cider Cup,1
,Sajder Insajder,2023,Nordic International Cider Awards,2
,Salt Creek Cider House,2023,Great Lakes International Cider and Perry Competition,4
,Salt Spring Wild Cider,2018,Great Lakes International Cider and Perry Competition,9
,Salt Spring Wild Cider,2019,Great Lakes International Cider and Perry Competition,9
,Salt Spring Wild Cider,2022,Great Lakes International Cider and Perry Competition,9
,Salt Spring Wild Cider,2023,Great Lakes International Cider and Perry Competition,11
,Sam Everitt,2024,Museum of Cider International Cider & Perry Competition,1
,Sam's Cider,2019,International Cider Challenge,1
,Samuel Smith's Brewery,2016,U.S. Open Cider Championship,2
,Samuel Smith's Brewery,2017,U.S. Open Cider Championship,1
,Samuel Smith's Brewery,2018,U.S. Open Cider Championship,1
,Samuel Smith's Brewery,2019,U.S. Open Cider Championship,2
,Samuel Smith's Brewery,2020,U.S. Open Cider Championship,2
,Sanctuary Spirits,2014,Great Lakes International Cider and Perry Competition,1
,Sandalen Gård,2022,Nordic International Cider Awards,2
,Sandalen Gård,2023,CiderWorld Awards,2
,Sandalen Gård,2023,International Cider Challenge,1
,Sandalen Gård,2023,Nordic International Cider Awards,3
,Sandalen Gård,2024,CiderWorld Awards,2
,Sandford Orchards,2018,International Cider Challenge,3
,Sandford Orchards,2020,International Cider Challenge,3
,Sandford Orchards,2021,International Cider Awards,1
,Sandford Orchards,2022,International Cider Challenge,2
,Sandford Orchards,2022,Nordic International Cider Awards,2
,Sandford Orchards,2023,International Cider Challenge,3
,Sandford Orchards,2023,Royal Bath & West Show - British Cider Championships,5
,Sandford Orchards,2024,International Cider Challenge,2
,Sandia Hard Cider,2022,Cidercraft Awards,1
,Sandia Hard Cider,2022,U.S. Open Cider Championship,2
,Santa Cruz Cider Co.,2017,Great Lakes International Cider and Perry Competition,3
,Santa Cruz Cider Co.,2018,Great Lakes International Cider and Perry Competition,3
,Santa Cruz Cider Co.,2021,Great Lakes International Cider and Perry Competition,2
,Santa Fe Cider Works,2015,Great Lakes International Cider and Perry Competition,1
,Santa Sidra Hard Cider,2015,Great Lakes International Cider and Perry Competition,2
,Santa Sidra Hard Cider,2016,Great Lakes International Cider and Perry Competition,3
,Sanyohai Shuzo,2024,Japan Cider Cup,1
,Sapsucker Farms Yellow Belly Cidery,2016,U.S. Open Cider Championship,1
,Sapsucker Farms Yellow Belly Cidery,2017,Great Lakes International Cider and Perry Competition,3
,Sapsucker Farms Yellow Belly Cidery,2018,Great Lakes International Cider and Perry Competition,4
,Sapsucker Farms Yellow Belly Cidery,2019,Great Lakes International Cider and Perry Competition,6
,Sapsucker Farms Yellow Belly Cidery,2019,U.S. Open Cider Championship,2
,Sapsucker Farms Yellow Belly Cidery,2020,U.S. Open Cider Championship,1
,Sapsucker Farms Yellow Belly Cidery,2021,Great Lakes International Cider and Perry Competition,5
,Sapsucker Farms Yellow Belly Cidery,2021,U.S. Open Cider Championship,1
,Sapsucker Farms Yellow Belly Cidery,2022,Great Lakes International Cider and Perry Competition,6
,Sapsucker Farms Yellow Belly Cidery,2022,U.S. Open Cider Championship,2
,Sapsucker Farms Yellow Belly Cidery,2023,Great Lakes International Cider and Perry Competition,5
,Sapsucker Farms Yellow Belly Cidery,2023,U.S. Open Cider Championship,2
,Sapsucker Farms Yellow Belly Cidery,2024,Great Lakes International Cider and Perry Competition,4
,Sapsucker Farms Yellow Belly Cidery,2024,U.S. Open Cider Championship,4
,Sarasola Sagardotegia,2017,Sagardo Forum International Cider Competition,1
,Saro Cider,2019,Cidercraft Awards,1
,Saro Cider,2019,Great Lakes International Cider and Perry Competition,4
,Saro Cider,2020,Cidercraft Awards,1
,Saro Cider,2020,U.S. Open Cider Championship,2
,Saro Cider,2021,U.S. Open Cider Championship,1
,Sassy,2019,International Cider Challenge,1
,Savanna,2018,International Cider Challenge,1
,Savanna,2023,International Cider Challenge,5
,Saveurs et Couleurs,2018,Concours Général Agricole,1
,Saxby's Cider,2019,International Cider Challenge,3
,Saxby’s Cider,2023,Japan Cider Cup,2
,Scenic Road Cider Co.,2017,Great Lakes International Cider and Perry Competition,3
,Scenic Road Cider Co.,2017,Northwest Cider Cup,2
,Scenic Road Cider Co.,2018,Great Lakes International Cider and Perry Competition,3
,Scenic Road Cider Co.,2019,Great Lakes International Cider and Perry Competition,1
,Scenic Road Cider Co.,2021,Great Lakes International Cider and Perry Competition,5
,Scenic Road Cider Co.,2022,Northwest Cider Cup,1
,Schilling Cider,2015,Northwest Cider Cup,2
,Schilling Cider,2016,Great Lakes International Cider and Perry Competition,3
,Schilling Cider,2016,U.S. Open Cider Championship,1
,Schilling Cider,2017,U.S. Open Cider Championship,2
,Schilling Cider,2022,Cidercraft Awards,1
,Schilling Cider,2022,Northwest Cider Cup,2
,Schilling Cider,2023,Cidercraft Awards,2
,Schilling Cider,2023,Northwest Cider Cup,2
,Schilling Cider,2023,U.S. Open Cider Championship,5
,Schilling Cider,2024,Cidercraft Awards,3
,Schilling Cider,2024,Great Lakes International Cider and Perry Competition,2
,Sea Cider Farm & Ciderhouse,2014,Great Lakes International Cider and Perry Competition,3
,Sea Cider Farm & Ciderhouse,2015,Great Lakes International Cider and Perry Competition,10
,Sea Cider Farm & Ciderhouse,2016,Great Lakes International Cider and Perry Competition,7
,Sea Cider Farm & Ciderhouse,2017,Great Lakes International Cider and Perry Competition,9
,Sea Cider Farm & Ciderhouse,2018,Great Lakes International Cider and Perry Competition,6
,Sea Cider Farm & Ciderhouse,2018,Northwest Cider Cup,1
,Sea Cider Farm & Ciderhouse,2019,Great Lakes International Cider and Perry Competition,6
,Sea Cider Farm & Ciderhouse,2019,Northwest Cider Cup,1
,Sea Cider Farm & Ciderhouse,2021,Great Lakes International Cider and Perry Competition,7
,Sea Cider Farm & Ciderhouse,2021,Northwest Cider Cup,2
,Sea Cider Farm & Ciderhouse,2022,Great Lakes International Cider and Perry Competition,5
,Sea Cider Farm & Ciderhouse,2022,Northwest Cider Cup,3
,Sea Cider Farm & Ciderhouse,2023,Great Lakes International Cider and Perry Competition,4
,Sea Cider Farm & Ciderhouse,2023,Northwest Cider Cup,2
,Sea Cider Farm & Ciderhouse,2024,Great Lakes International Cider and Perry Competition,4
,Sea Cider Farm & Ciderhouse,2024,Northwest Cider Cup,1
,Seattle Cider Company,2015,Great Lakes International Cider and Perry Competition,8
,Seattle Cider Company,2015,Northwest Cider Cup,2
,Seattle Cider Company,2016,Great Lakes International Cider and Perry Competition,9
,Seattle Cider Company,2016,U.S. Open Cider Championship,1
,Seattle Cider Company,2017,Cidercraft Awards,5
,Seattle Cider Company,2017,Great Lakes International Cider and Perry Competition,6
,Seattle Cider Company,2017,U.S. Open Cider Championship,2
,Seattle Cider Company,2018,Cidercraft Awards,1
,Seattle Cider Company,2018,Great Lakes International Cider and Perry Competition,21
,Seattle Cider Company,2018,Northwest Cider Cup,1
,Seattle Cider Company,2019,Cidercraft Awards,5
,Seattle Cider Company,2019,Great Lakes International Cider and Perry Competition,19
,Seattle Cider Company,2019,Northwest Cider Cup,1
,Seattle Cider Company,2021,Great Lakes International Cider and Perry Competition,15
,Seattle Cider Company,2021,Northwest Cider Cup,5
,Seattle Cider Company,2022,Great Lakes International Cider and Perry Competition,22
,Seattle Cider Company,2022,Northwest Cider Cup,8
,Seattle Cider Company,2023,Cidercraft Awards,3
,Seattle Cider Company,2023,Great Lakes International Cider and Perry Competition,20
,Seattle Cider Company,2023,Northwest Cider Cup,2
,Seattle Cider Company,2024,Cidercraft Awards,2
,Seattle Cider Company,2024,Great Lakes International Cider and Perry Competition,25
,Seattle Cider Company,2024,Northwest Cider Cup,5
,Seedy Cider,2017,Australian Cider Awards,1
,Seek-No-Further Cidery,2023,Great Lakes International Cider and Perry Competition,3
,Seek-No-Further Cidery,2024,Great Lakes International Cider and Perry Competition,3
,Seidear,2022,Salón Internacional de les Sidres de Gala (SISGA),2
,Seidear,2023,Royal Bath & West Show - British Cider Championships,5
,Seidear,2023,Salón Internacional de les Sidres de Gala (SISGA),2
,Seidear,2024,Salón Internacional de les Sidres de Gala (SISGA),2
,Seidr Ci Ddu,2023,Royal Bath & West Show - British Cider Championships,3
,Seminary Hill Orchard & Cidery,2022,Great Lakes International Cider and Perry Competition,4
,Seminary Hill Orchard & Cidery,2023,Cidercraft Awards,1
,Seminary Hill Orchard & Cidery,2023,Great Lakes International Cider and Perry Competition,5
,Seminary Hill Orchard & Cidery,2024,Great Lakes International Cider and Perry Competition,3
,Sendero del Valle,2022,Salón Internacional de les Sidres de Gala (SISGA),2
,Sendero del Valle,2023,Salón Internacional de les Sidres de Gala (SISGA),2
,Sendero del Valle,2024,Salón Internacional de les Sidres de Gala (SISGA),2
,Sent Om Cider,2022,Nordic International Cider Awards,1
,Seppelbauer,2015,Salón Internacional de les Sidres de Gala (SISGA),2
,Seppelbauer,2020,Salón Internacional de les Sidres de Gala (SISGA),3
,Seppelbauer,2023,Sagardo Forum International Cider Competition,10
,Serpentine Cider,2019,Great Lakes International Cider and Perry Competition,4
,Serpentine Cider,2023,Great Lakes International Cider and Perry Competition,4
,Seven Oaks Farmhouse Cider,2014,Australian Cider Awards,5
,Seven Oaks Farmhouse Cider,2015,Australian Cider Awards,5
,Seven Oaks Farmhouse Cider,2017,Australian Cider Awards,4
,Seven Oaks Farmhouse Cider,2019,Australian Cider Awards,1
,Seven Oaks Farmhouse Cider,2021,Australian Cider Awards,2
,Seven Oaks Farmhouse Cider,2022,Australian Cider Awards,2
,Seven Seeds Seidr,2019,Great Lakes International Cider and Perry Competition,1
,Seven Trees Cider,2023,Royal Bath & West Show - British Cider Championships,4
,Seven Trees Cider,2024,Royal Bath & West Show - British Cider Championships,3
,Sharp's Brewery,2021,International Cider Challenge,1
,Sharp's Brewery,2022,International Cider Challenge,1
,Sharp's Brewery,2023,International Cider Challenge,1
,Shed Cider,2023,Royal Bath & West Show - British Cider Championships,3
,Shed Cider,2024,Royal Bath & West Show - British Cider Championships,8
,Sheppy's Cider,2014,Great Lakes International Cider and Perry Competition,3
,Sheppy's Cider,2015,Great Lakes International Cider and Perry Competition,2
,Sheppy's Cider,2015,International Cider Awards,1
,Sheppy's Cider,2017,International Cider Awards,1
,Sheppy's Cider,2019,International Cider Awards,3
,Sheppy's Cider,2019,International Cider Challenge,3
,Sheppy's Cider,2020,International Cider Challenge,4
,Sheppy's Cider,2021,International Cider Awards,3
,Sheppy's Cider,2022,International Cider Challenge,2
,Sheppy's Cider,2023,International Cider Challenge,4
,Shield Cider,2018,Cidercraft Awards,1
,Shield Cider,2018,Great Lakes International Cider and Perry Competition,1
,Shiny Apple Cider,2016,Great Lakes International Cider and Perry Competition,6
,Shiny Apple Cider,2017,Great Lakes International Cider and Perry Competition,3
,Shiny Apple Cider,2022,Great Lakes International Cider and Perry Competition,3
,Shiny Apple Cider,2023,Great Lakes International Cider and Perry Competition,3
,ShipBuilders Cider,2015,Great Lakes International Cider and Perry Competition,2
,ShipBuilders Cider,2016,Great Lakes International Cider and Perry Competition,3
,ShipBuilders Cider,2018,Great Lakes International Cider and Perry Competition,3
,ShipBuilders Cider,2019,Great Lakes International Cider and Perry Competition,3
,Shiwa Cidery,2023,Japan Cider Cup,2
,Shiwa Cidery,2024,Japan Cider Cup,2
,Shoal Hope Ciderworks,2018,Cidercraft Awards,1
,Shoal Hope Ciderworks,2018,Great Lakes International Cider and Perry Competition,4
,Shoal Hope Ciderworks,2019,Great Lakes International Cider and Perry Competition,5
,Shoal Hope Ciderworks,2021,Great Lakes International Cider and Perry Competition,1
,Showerings,2024,Royal Bath & West Show - British Cider Championships,2
,Showerings Cider Mill,2023,Royal Bath & West Show - British Cider Championships,3
,Shuswap Cider Co.,2023,Great Lakes International Cider and Perry Competition,2
,Shuswap Cider Co.,2024,Great Lakes International Cider and Perry Competition,5
,Shuswap Cider Company,2023,Northwest Cider Cup,1
,Shuswap Cider Company,2024,Northwest Cider Cup,3
,Sibling Winery,2022,International Cider Challenge,1
,Sibling Winery,2023,International Cider Challenge,1
,Sideriet,2022,Nordic International Cider Awards,1
,Sideriet,2024,International Cider Challenge,1
,Sidewood Estate,2015,Australian Cider Awards,2
,Sidewood Estate,2016,Australian Cider Awards,2
,Sidewood Estate,2017,Australian Cider Awards,2
,Sidewood Estate,2018,Australian Cider Awards,1
,Sidewood Estate,2018,Great Lakes International Cider and Perry Competition,1
,Sidewood Estate,2018,International Cider Challenge,2
,Sidewood Estate,2019,Australian Cider Awards,1
,Sidewood Estate,2019,Great Lakes International Cider and Perry Competition,1
,Sidewood Estate,2019,International Cider Awards,1
,Sidewood Estate,2019,International Cider Challenge,2
,Sidewood Estate,2021,Australian Cider Awards,5
,Sidewood Estate,2021,Great Lakes International Cider and Perry Competition,4
,Sidewood Estate,2021,International Cider Awards,2
,Sidewood Estate,2022,Australian Cider Awards,2
,Sidewood Estate,2023,Great Lakes International Cider and Perry Competition,3
,Sidewood Estate,2023,International Cider Challenge,3
,Sidewood Estate,2024,Australian Cider Awards,3
,Sidra Alfa,2021,Sagardo Forum International Cider Competition,1
,Sidra Alfa,2021,Salón Internacional de les Sidres de Gala (SISGA),1
,Sidra Alfa,2023,Nordic International Cider Awards,1
,Sidra Alfa,2023,Sagardo Forum International Cider Competition,2
,Sidra Alfa,2023,Salón Internacional de les Sidres de Gala (SISGA),1
,Sidra Alfa,2024,Salón Internacional de les Sidres de Gala (SISGA),2
,Sidra Cabueñes,2017,Sagardo Forum International Cider Competition,1
,Sidra Cabueñes,2023,Sagardo Forum International Cider Competition,1
,Sidra Carral,2016,Salón Internacional de les Sidres de Gala (SISGA),1
,Sidra Carral,2017,Salón Internacional de les Sidres de Gala (SISGA),1
,Sidra Carral,2019,Salón Internacional de les Sidres de Gala (SISGA),1
,Sidra Carral,2020,Salón Internacional de les Sidres de Gala (SISGA),1
,Sidra Carral,2021,Salón Internacional de les Sidres de Gala (SISGA),1
,Sidra Carral,2023,Salón Internacional de les Sidres de Gala (SISGA),2
,Sidra Carral,2024,Salón Internacional de les Sidres de Gala (SISGA),2
,Sidra Castañón,2013,Great Lakes International Cider and Perry Competition,1
,Sidra Castañón,2016,Salón Internacional de les Sidres de Gala (SISGA),1
,Sidra Castañón,2017,Sagardo Forum International Cider Competition,2
,Sidra Castañón,2017,Salón Internacional de les Sidres de Gala (SISGA),2
,Sidra Castañón,2018,Salón Internacional de les Sidres de Gala (SISGA),1
,Sidra Castañón,2019,Sagardo Forum International Cider Competition,3
,Sidra Castañón,2021,Sagardo Forum International Cider Competition,4
,Sidra Castañón,2022,Nordic International Cider Awards,3
,Sidra Castañón,2023,Sagardo Forum International Cider Competition,5
,Sidra Castañón,2024,Salón Internacional de les Sidres de Gala (SISGA),1
,Sidra Cortina,2013,Great Lakes International Cider and Perry Competition,1
,Sidra Cortina,2015,Salón Internacional de les Sidres de Gala (SISGA),1
,Sidra Cortina,2017,Sagardo Forum International Cider Competition,1
,Sidra Cortina,2020,Salón Internacional de les Sidres de Gala (SISGA),1
,Sidra Cortina,2021,Salón Internacional de les Sidres de Gala (SISGA),1
,Sidra Cortina,2022,Nordic International Cider Awards,2
,Sidra Cortina,2022,Salón Internacional de les Sidres de Gala (SISGA),1
,Sidra Cortina,2023,Salón Internacional de les Sidres de Gala (SISGA),1
,Sidra Cortina,2024,Salón Internacional de les Sidres de Gala (SISGA),1
,Sidra Della Chà,2023,Salón Internacional de les Sidres de Gala (SISGA),3
,Sidra Della Chà,2024,Great Lakes International Cider and Perry Competition,1
,Sidra El Gaitero,2013,Salón Internacional de les Sidres de Gala (SISGA),1
,Sidra El Gaitero,2014,Salón Internacional de les Sidres de Gala (SISGA),1
,Sidra El Gaitero,2016,Australian Cider Awards,1
,Sidra El Gaitero,2017,Australian Cider Awards,1
,Sidra El Gaitero,2017,Sagardo Forum International Cider Competition,7
,Sidra El Gaitero,2018,Australian Cider Awards,1
,Sidra El Gaitero,2018,Great Lakes International Cider and Perry Competition,6
,Sidra El Gaitero,2019,International Cider Challenge,7
,Sidra El Gaitero,2019,Sagardo Forum International Cider Competition,9
,Sidra El Gaitero,2020,International Cider Challenge,4
,Sidra El Gaitero,2021,Great Lakes International Cider and Perry Competition,3
,Sidra El Gaitero,2021,International Cider Challenge,6
,Sidra El Gaitero,2021,Sagardo Forum International Cider Competition,10
,Sidra El Gaitero,2022,Great Lakes International Cider and Perry Competition,6
,Sidra El Gaitero,2022,Nordic International Cider Awards,3
,Sidra El Gaitero,2023,Great Lakes International Cider and Perry Competition,6
,Sidra El Gaitero,2023,International Cider Challenge,8
,Sidra El Gaitero,2023,Nordic International Cider Awards,2
,Sidra El Gaitero,2023,Sagardo Forum International Cider Competition,7
,Sidra El Gaitero,2024,CiderWorld Awards,6
,Sidra El Gaitero,2024,Great Lakes International Cider and Perry Competition,4
,Sidra El Gaitero,2024,International Cider Awards,2
,Sidra El Gobernador,2013,Great Lakes International Cider and Perry Competition,2
,Sidra El Gobernador,2013,Salón Internacional de les Sidres de Gala (SISGA),1
,Sidra Fanjul,2013,Great Lakes International Cider and Perry Competition,2
,Sidra Fanjul,2015,Great Lakes International Cider and Perry Competition,1
,Sidra Fanjul,2016,Great Lakes International Cider and Perry Competition,1
,Sidra Fanjul,2017,Sagardo Forum International Cider Competition,2
,Sidra Fanjul,2019,Great Lakes International Cider and Perry Competition,1
,Sidra Fanjul,2020,Cidercraft Awards,1
,Sidra Fanjul,2024,Great Lakes International Cider and Perry Competition,1
,Sidra Fierro,2024,Salón Internacional de les Sidres de Gala (SISGA),1
,Sidra Fran,2021,Sagardo Forum International Cider Competition,2
,Sidra Fran,2021,Salón Internacional de les Sidres de Gala (SISGA),2
,Sidra Fran,2022,Salón Internacional de les Sidres de Gala (SISGA),2
,Sidra Fran,2023,Sagardo Forum International Cider Competition,2
,Sidra Fran,2023,Salón Internacional de les Sidres de Gala (SISGA),1
,Sidra Fran,2024,Salón Internacional de les Sidres de Gala (SISGA),1
,Sidra Insular,2024,Great Lakes International Cider and Perry Competition,1
,Sidra La Borda de Basajaun,2019,Sagardo Forum International Cider Competition,1
,Sidra La Borda de Basajaun,2021,Sagardo Forum International Cider Competition,3
,Sidra La Borda de Basajaun,2023,Sagardo Forum International Cider Competition,2
,Sidra La Naveta,2017,Sagardo Forum International Cider Competition,1
,Sidra La Naveta,2017,Salón Internacional de les Sidres de Gala (SISGA),1
,Sidra La Naveta,2018,Salón Internacional de les Sidres de Gala (SISGA),1
,Sidra La Naveta,2019,Sagardo Forum International Cider Competition,1
,Sidra La Naveta,2019,Salón Internacional de les Sidres de Gala (SISGA),2
,Sidra La Naveta,2020,Salón Internacional de les Sidres de Gala (SISGA),2
,Sidra La Naveta,2021,Salón Internacional de les Sidres de Gala (SISGA),1
,Sidra La Naveta,2022,Salón Internacional de les Sidres de Gala (SISGA),1
,Sidra La Naveta,2023,Sagardo Forum International Cider Competition,2
,Sidra La Naveta,2023,Salón Internacional de les Sidres de Gala (SISGA),2
,Sidra Laberinto Patagonia,2024,International Cider Challenge,2
,Sidra M. Norniella,2014,Salón Internacional de les Sidres de Gala (SISGA),1
,Sidra M. Norniella,2015,Salón Internacional de les Sidres de Gala (SISGA),1
,Sidra M. Norniella,2017,Sagardo Forum International Cider Competition,1
,Sidra M. Norniella,2022,Salón Internacional de les Sidres de Gala (SISGA),1
,Sidra Mayador,2014,Salón Internacional de les Sidres de Gala (SISGA),1
,Sidra Mayador,2015,Salón Internacional de les Sidres de Gala (SISGA),2
,Sidra Mayador,2016,Great Lakes International Cider and Perry Competition,1
,Sidra Mayador,2016,Salón Internacional de les Sidres de Gala (SISGA),1
,Sidra Mayador,2017,Great Lakes International Cider and Perry Competition,3
,Sidra Mayador,2017,International Cider Awards,1
,Sidra Mayador,2017,Sagardo Forum International Cider Competition,1
,Sidra Mayador,2017,Salón Internacional de les Sidres de Gala (SISGA),2
,Sidra Mayador,2018,Great Lakes International Cider and Perry Competition,1
,Sidra Mayador,2019,Great Lakes International Cider and Perry Competition,2
,Sidra Mayador,2019,Sagardo Forum International Cider Competition,4
,Sidra Mayador,2021,International Cider Awards,1
,Sidra Mayador,2022,Great Lakes International Cider and Perry Competition,3
,Sidra Mayador,2023,Sagardo Forum International Cider Competition,7
,Sidra Mayador,2024,Great Lakes International Cider and Perry Competition,3
,Sidra Menéndez,2013,Great Lakes International Cider and Perry Competition,1
,Sidra Menéndez,2017,Sagardo Forum International Cider Competition,2
,Sidra Menéndez,2021,Sagardo Forum International Cider Competition,2
,Sidra Niebla,2021,Salón Internacional de les Sidres de Gala (SISGA),1
,Sidra Niebla,2023,Sagardo Forum International Cider Competition,3
,Sidra Niebla,2023,Salón Internacional de les Sidres de Gala (SISGA),2
,Sidra Niebla,2024,Salón Internacional de les Sidres de Gala (SISGA),2
,Sidra Panizales,2013,Salón Internacional de les Sidres de Gala (SISGA),1
,Sidra Panizales,2014,Salón Internacional de les Sidres de Gala (SISGA),1
,Sidra Panizales,2015,Salón Internacional de les Sidres de Gala (SISGA),3
,Sidra Panizales,2017,Sagardo Forum International Cider Competition,5
,Sidra Panizales,2017,Salón Internacional de les Sidres de Gala (SISGA),2
,Sidra Panizales,2018,Salón Internacional de les Sidres de Gala (SISGA),3
,Sidra Panizales,2019,Sagardo Forum International Cider Competition,3
,Sidra Panizales,2019,Salón Internacional de les Sidres de Gala (SISGA),1
,Sidra Panizales,2020,Salón Internacional de les Sidres de Gala (SISGA),3
,Sidra Panizales,2021,Sagardo Forum International Cider Competition,4
,Sidra Panizales,2021,Salón Internacional de les Sidres de Gala (SISGA),4
,Sidra Panizales,2022,Salón Internacional de les Sidres de Gala (SISGA),3
,Sidra Panizales,2023,Salón Internacional de les Sidres de Gala (SISGA),2
,Sidra Piñera,2017,Sagardo Forum International Cider Competition,2
,Sidra Piñera,2019,Sagardo Forum International Cider Competition,2
,Sidra Piñera,2021,Sagardo Forum International Cider Competition,2
,Sidra Posma,2014,Salón Internacional de les Sidres de Gala (SISGA),1
,Sidra Posma,2016,Salón Internacional de les Sidres de Gala (SISGA),1
,Sidra Posma,2019,Salón Internacional de les Sidres de Gala (SISGA),1
,Sidra Posma,2020,Salón Internacional de les Sidres de Gala (SISGA),1
,Sidra Posma,2021,Sagardo Forum International Cider Competition,2
,Sidra Posma,2021,Salón Internacional de les Sidres de Gala (SISGA),2
,Sidra Posma,2022,Salón Internacional de les Sidres de Gala (SISGA),1
,Sidra Posma,2023,Salón Internacional de les Sidres de Gala (SISGA),3
,Sidra Posma,2024,Salón Internacional de les Sidres de Gala (SISGA),2
,Sidra Ribela,2017,Sagardo Forum International Cider Competition,2
,Sidra Ribela,2019,Sagardo Forum International Cider Competition,2
,Sidra Riestra,2013,Great Lakes International Cider and Perry Competition,2
,Sidra Riestra,2014,Salón Internacional de les Sidres de Gala (SISGA),1
,Sidra Riestra,2015,Great Lakes International Cider and Perry Competition,2
,Sidra Riestra,2015,Salón Internacional de les Sidres de Gala (SISGA),2
,Sidra Riestra,2016,Great Lakes International Cider and Perry Competition,2
,Sidra Riestra,2017,Sagardo Forum International Cider Competition,2
,Sidra Riestra,2017,Salón Internacional de les Sidres de Gala (SISGA),2
,Sidra Riestra,2018,Great Lakes International Cider and Perry Competition,2
,Sidra Riestra,2018,Salón Internacional de les Sidres de Gala (SISGA),1
,Sidra Riestra,2019,Cidercraft Awards,2
,Sidra Riestra,2019,Great Lakes International Cider and Perry Competition,1
,Sidra Riestra,2019,Sagardo Forum International Cider Competition,4
,Sidra Riestra,2019,Salón Internacional de les Sidres de Gala (SISGA),1
,Sidra Riestra,2020,Cidercraft Awards,1
,Sidra Riestra,2020,Salón Internacional de les Sidres de Gala (SISGA),4
,Sidra Riestra,2021,Sagardo Forum International Cider Competition,1
,Sidra Riestra,2021,Salón Internacional de les Sidres de Gala (SISGA),2
,Sidra Riestra,2022,Salón Internacional de les Sidres de Gala (SISGA),1
,Sidra Riestra,2023,Sagardo Forum International Cider Competition,3
,Sidra Riestra,2023,Salón Internacional de les Sidres de Gala (SISGA),3
,Sidra Riestra,2024,Great Lakes International Cider and Perry Competition,1
,Sidra Riestra,2024,Salón Internacional de les Sidres de Gala (SISGA),3
,Sidra Salvaje,2023,Nordic International Cider Awards,1
,Sidra Somarroza,2016,Salón Internacional de les Sidres de Gala (SISGA),1
,Sidra Somarroza,2019,Great Lakes International Cider and Perry Competition,3
,Sidra Somarroza,2019,Sagardo Forum International Cider Competition,3
,Sidra Somarroza,2020,Cidercraft Awards,1
,Sidra Somarroza,2021,Great Lakes International Cider and Perry Competition,2
,Sidra Somarroza,2021,Sagardo Forum International Cider Competition,5
,Sidra Somarroza,2022,Great Lakes International Cider and Perry Competition,3
,Sidra Somarroza,2022,Nordic International Cider Awards,1
,Sidra Somarroza,2023,CiderWorld Awards,5
,Sidra Somarroza,2023,Sagardo Forum International Cider Competition,5
,Sidra Somarroza,2024,CiderWorld Awards,3
,Sidra Somarroza,2024,International Cider Challenge,3
,Sidra Trabanco,2014,Great Lakes International Cider and Perry Competition,3
,Sidra Trabanco,2015,Great Lakes International Cider and Perry Competition,4
,Sidra Trabanco,2016,Great Lakes International Cider and Perry Competition,4
,Sidra Trabanco,2017,Great Lakes International Cider and Perry Competition,2
,Sidra Trabanco,2017,Sagardo Forum International Cider Competition,4
,Sidra Trabanco,2018,Great Lakes International Cider and Perry Competition,3
,Sidra Trabanco,2018,Salón Internacional de les Sidres de Gala (SISGA),3
,Sidra Trabanco,2019,Great Lakes International Cider and Perry Competition,2
,Sidra Trabanco,2019,Sagardo Forum International Cider Competition,4
,Sidra Trabanco,2021,Sagardo Forum International Cider Competition,9
,Sidra Trabanco,2023,Sagardo Forum International Cider Competition,8
,Sidra Trabanco,2024,CiderWorld Awards,4
,Sidra Viuda de Angelón,2013,Great Lakes International Cider and Perry Competition,2
,Sidra Viuda de Angelón,2013,Salón Internacional de les Sidres de Gala (SISGA),2
,Sidra Viuda de Angelón,2014,Salón Internacional de les Sidres de Gala (SISGA),1
,Sidra Viuda de Angelón,2015,Great Lakes International Cider and Perry Competition,4
,Sidra Viuda de Angelón,2015,Salón Internacional de les Sidres de Gala (SISGA),2
,Sidra Viuda de Angelón,2016,Great Lakes International Cider and Perry Competition,3
,Sidra Viuda de Angelón,2016,Salón Internacional de les Sidres de Gala (SISGA),3
,Sidra Viuda de Angelón,2017,Great Lakes International Cider and Perry Competition,1
,Sidra Viuda de Angelón,2017,Sagardo Forum International Cider Competition,4
,Sidra Viuda de Angelón,2017,Salón Internacional de les Sidres de Gala (SISGA),4
,Sidra Viuda de Angelón,2018,Salón Internacional de les Sidres de Gala (SISGA),6
,Sidra Viuda de Angelón,2019,Salón Internacional de les Sidres de Gala (SISGA),3
,Sidra Viuda de Angelón,2020,Salón Internacional de les Sidres de Gala (SISGA),5
,Sidra Viuda de Angelón,2021,Salón Internacional de les Sidres de Gala (SISGA),3
,Sidra Viuda de Angelón,2022,Salón Internacional de les Sidres de Gala (SISGA),5
,Sidra Viuda de Angelón,2023,Sagardo Forum International Cider Competition,3
,Sidra Viuda de Angelón,2023,Salón Internacional de les Sidres de Gala (SISGA),7
,Sidra do Massa,2023,Salón Internacional de les Sidres de Gala (SISGA),1
,Sidra do Massa,2024,Salón Internacional de les Sidres de Gala (SISGA),1
,Sidrada,2021,Salón Internacional de les Sidres de Gala (SISGA),2
,Sidrada,2022,Salón Internacional de les Sidres de Gala (SISGA),2
,Sidras Tuscany,2023,Salón Internacional de les Sidres de Gala (SISGA),2
,Sidras Tuscany,2024,Salón Internacional de les Sidres de Gala (SISGA),2
,Sidrería Irigoien Herrero,2015,Great Lakes International Cider and Perry Competition,1
,Sidrería Irigoien Herrero,2017,Sagardo Forum International Cider Competition,1
,Sidrería TenCai,2021,Salón Internacional de les Sidres de Gala (SISGA),1
,Sidrería TenCai,2023,Sagardo Forum International Cider Competition,2
,Sidrería TenCai,2023,Salón Internacional de les Sidres de Gala (SISGA),2
,Sidrería TenCai,2024,Great Lakes International Cider and Perry Competition,1
,Sidro MelaGodo,2020,International Cider Challenge,2
,Sidro MelaGodo,2020,Salón Internacional de les Sidres de Gala (SISGA),2
,Sidro MelaGodo,2022,Nordic International Cider Awards,2
,Sidro Vittoria,2020,Salón Internacional de les Sidres de Gala (SISGA),1
,Sidro Vittoria,2022,International Cider Challenge,1
,Sierra Cider,2017,Great Lakes International Cider and Perry Competition,1
,Sierra Cider,2018,Great Lakes International Cider and Perry Competition,2
,Sierra Cider,2019,Great Lakes International Cider and Perry Competition,2
,Sietsema Orchards,2013,Great Lakes International Cider and Perry Competition,1
,Sietsema Orchards,2014,Great Lakes International Cider and Perry Competition,5
,Sietsema Orchards,2015,Great Lakes International Cider and Perry Competition,5
,Sietsema Orchards,2016,Great Lakes International Cider and Perry Competition,1
,Sietsema Orchards,2017,Great Lakes International Cider and Perry Competition,1
,Sietsema Orchards,2018,Great Lakes International Cider and Perry Competition,1
,Sigelsberg Cider,2019,International Cider Challenge,2
,Silly Moo Cider,2018,International Cider Challenge,1
,Silo Distillery,2019,Great Lakes International Cider and Perry Competition,1
,Simple Cider,2018,Australian Cider Awards,1
,Simple Cider,2023,Australian Cider Awards,1
,Sincere Cider,2024,Cidercraft Awards,1
,Sincere Cider,2024,Great Lakes International Cider and Perry Competition,1
,Sinclair Orchards,2017,Australian Cider Awards,1
,Sinclair Orchards,2021,Australian Cider Awards,2
,Sinebrychoff,2019,International Cider Challenge,2
,Sisson & Smith,2023,Museum of Cider International Cider & Perry Competition,4
,Sisson & Smith,2023,Royal Bath & West Show - British Cider Championships,8
,Sisson & Smith,2023,Royal Three Counties Show,6
,Sisson & Smith,2024,Museum of Cider International Cider & Perry Competition,3
,Sisson & Smith,2024,Royal Bath & West Show - British Cider Championships,8
,Sisson & Smith,2024,Royal Three Counties Show,5
,Sitting Ducks Cider,2013,Australian Cider Awards,2
,Skarbø Gard,2022,Nordic International Cider Awards,3
,Skarbø Gard,2023,Nordic International Cider Awards,2
,Skarbø Gard,2024,CiderWorld Awards,2
,Skittery Cider,2024,Museum of Cider International Cider & Perry Competition,1
,Skjolden Sideri,2022,Nordic International Cider Awards,1
,Skjolden Sideri,2023,Nordic International Cider Awards,3
,Skyborry Cider & Perry,2023,Royal Bath & West Show - British Cider Championships,1
,Slabtown Cider Co.,2023,Great Lakes International Cider and Perry Competition,15
,Slake Cider,2012,Great Lakes International Cider and Perry Competition,2
,Slake Cider,2013,Great Lakes International Cider and Perry Competition,3
,Slake Cider,2014,Great Lakes International Cider and Perry Competition,3
,Slake Cider,2016,Great Lakes International Cider and Perry Competition,5
,Slake Cider,2016,Northwest Cider Cup,1
,Slake Cider,2017,Great Lakes International Cider and Perry Competition,6
,Slake Cider,2018,Great Lakes International Cider and Perry Competition,4
,Slake Cider,2018,Northwest Cider Cup,2
,Slaughterhouse Craft Cider & Mead,2024,Great Lakes International Cider and Perry Competition,1
,Sly Clyde Ciderworks,2019,Great Lakes International Cider and Perry Competition,5
,Sly Clyde Ciderworks,2021,Great Lakes International Cider and Perry Competition,4
,Slyboro Ciderhouse,2008,Great Lakes International Cider and Perry Competition,3
,Small Acres Cyder,2011,Australian Cider Awards,3
,Small Acres Cyder,2012,Australian Cider Awards,2
,Small Acres Cyder,2013,Australian Cider Awards,4
,Small Acres Cyder,2014,Australian Cider Awards,6
,Small Acres Cyder,2014,Great Lakes International Cider and Perry Competition,3
,Small Acres Cyder,2015,Australian Cider Awards,9
,Small Acres Cyder,2016,Australian Cider Awards,7
,Small Acres Cyder,2017,Australian Cider Awards,9
,Small Acres Cyder,2018,Australian Cider Awards,9
,Small Acres Cyder,2019,Australian Cider Awards,7
,Small Acres Cyder,2021,Australian Cider Awards,6
,Small Acres Cyder,2022,Australian Cider Awards,2
,Small Acres Cyder,2023,Australian Cider Awards,5
,Small Acres Cyder,2023,Japan Cider Cup,1
,Small Acres Cyder,2024,Australian Cider Awards,6
,Small Acres Cyder,2024,Japan Cider Cup,4
,Smashed Drynks,2021,International Cider Awards,1
,Smith Hayne Orchards,2023,Royal Bath & West Show - British Cider Championships,4
,Snow Capped Cider,2017,Great Lakes International Cider and Perry Competition,1
,Snow Capped Cider,2018,Cidercraft Awards,1
,Snow Capped Cider,2018,Great Lakes International Cider and Perry Competition,6
,Snow Capped Cider,2019,Great Lakes International Cider and Perry Competition,7
,Snow Capped Cider,2020,Cidercraft Awards,1
,Snow Capped Cider,2021,Great Lakes International Cider and Perry Competition,13
,Snow Capped Cider,2022,Cidercraft Awards,4
,Snow Capped Cider,2022,Great Lakes International Cider and Perry Competition,17
,Snow Capped Cider,2023,Cidercraft Awards,4
,Snow Capped Cider,2023,Great Lakes International Cider and Perry Competition,28
,Snow Capped Cider,2024,Cidercraft Awards,12
,Snow Capped Cider,2024,Great Lakes International Cider and Perry Competition,33
,Snowbird Farm & Cidery,2024,Cidercraft Awards,1
,Snowdrift Cider Co.,2009,Great Lakes International Cider and Perry Competition,2
,Snowdrift Cider Co.,2011,Great Lakes International Cider and Perry Competition,4
,Snowdrift Cider Co.,2013,Great Lakes International Cider and Perry Competition,5
,Snowdrift Cider Co.,2014,Great Lakes International Cider and Perry Competition,5
,Snowdrift Cider Co.,2015,Great Lakes International Cider and Perry Competition,4
,Snowdrift Cider Co.,2016,Great Lakes International Cider and Perry Competition,6
,Snowdrift Cider Co.,2016,Northwest Cider Cup,2
,Snowdrift Cider Co.,2017,Cidercraft Awards,2
,Snowdrift Cider Co.,2017,Great Lakes International Cider and Perry Competition,3
,Snowdrift Cider Co.,2018,Northwest Cider Cup,1
,Snowdrift Cider Co.,2019,Northwest Cider Cup,2
,Snowdrift Cider Co.,2022,Great Lakes International Cider and Perry Competition,3
,Snowdrift Cider Co.,2022,Northwest Cider Cup,1
,Snowdrift Cider Co.,2023,Great Lakes International Cider and Perry Competition,2
,SoCal CiderWorks,2017,Great Lakes International Cider and Perry Competition,1
,Sodo Sidrinė,2023,Nordic International Cider Awards,1
,Sodo Sidrinė,2024,Salón Internacional de les Sidres de Gala (SISGA),2
,Solhøi Cider,2022,Nordic International Cider Awards,1
,Somerset Cider Brandy & Burrow Hill Cider,2017,Salón Internacional de les Sidres de Gala (SISGA),2
,Somerset Cider Brandy & Burrow Hill Cider,2023,Royal Bath & West Show - British Cider Championships,2
,Sommerbauer Edelmost,2023,CiderWorld Awards,1
,Son of Man,2021,Sagardo Forum International Cider Competition,1
,Son of Man,2022,Salón Internacional de les Sidres de Gala (SISGA),1
,Son of Man,2023,Sagardo Forum International Cider Competition,3
,Son of the Smith Hard Cider,2021,International Cider Awards,1
,Son of the Smith Hard Cider,2024,Japan Cider Cup,1
,Sonoma Cider,2014,U.S. Open Cider Championship,1
,Sonoma Cider,2015,Great Lakes International Cider and Perry Competition,5
,Sonoma Cider,2016,Great Lakes International Cider and Perry Competition,9
,Sonoma Cider,2017,Great Lakes International Cider and Perry Competition,3
,Soundbite Hard Cider,2024,Cidercraft Awards,2
,Sourwood Cider,2018,Great Lakes International Cider and Perry Competition,3
,Sourwood Cider,2019,Great Lakes International Cider and Perry Competition,3
,South City Ciderworks,2019,Great Lakes International Cider and Perry Competition,5
,Southdown Cider,2023,Royal Bath & West Show - British Cider Championships,12
,Space Time Mead & Cider Works,2019,Great Lakes International Cider and Perry Competition,3
,Space Time Mead & Cider Works,2021,Great Lakes International Cider and Perry Competition,4
,Space Time Mead & Cider Works,2022,Great Lakes International Cider and Perry Competition,3
,Space Time Mead & Cider Works,2023,Great Lakes International Cider and Perry Competition,2
,Space Time Mead & Cider Works,2024,Great Lakes International Cider and Perry Competition,2
,Speciation Artisan Ales,2022,Great Lakes International Cider and Perry Competition,1
,Speciation Artisan Ales,2023,Great Lakes International Cider and Perry Competition,1
,Spicer's Winery,2009,Great Lakes International Cider and Perry Competition,1
,Spicer's Winery,2011,Great Lakes International Cider and Perry Competition,3
,Spicer's Winery,2012,Great Lakes International Cider and Perry Competition,3
,Spicer's Winery,2013,Great Lakes International Cider and Perry Competition,3
,Spicer's Winery,2014,Great Lakes International Cider and Perry Competition,2
,Spicer's Winery,2015,Great Lakes International Cider and Perry Competition,2
,Spicer's Winery,2016,Great Lakes International Cider and Perry Competition,3
,Spildegarden,2022,Nordic International Cider Awards,3
,Spirit Tree Estate Cidery,2011,Great Lakes International Cider and Perry Competition,4
,Spirit Tree Estate Cidery,2013,Great Lakes International Cider and Perry Competition,5
,Spirit Tree Estate Cidery,2014,Great Lakes International Cider and Perry Competition,1
,Spirit Tree Estate Cidery,2015,Great Lakes International Cider and Perry Competition,3
,Spirit Tree Estate Cidery,2016,Great Lakes International Cider and Perry Competition,3
,Spirit Tree Estate Cidery,2016,U.S. Open Cider Championship,1
,Spirit Tree Estate Cidery,2017,Great Lakes International Cider and Perry Competition,2
,Spoke + Spy Ciderworks,2018,Great Lakes International Cider and Perry Competition,1
,Spoke + Spy Ciderworks,2019,Great Lakes International Cider and Perry Competition,2
,Spoke + Spy Ciderworks,2022,Great Lakes International Cider and Perry Competition,2
,Spoke + Spy Ciderworks,2023,Great Lakes International Cider and Perry Competition,2
,Spreyton Cider Co.,2013,Australian Cider Awards,1
,Spreyton Cider Co.,2014,Australian Cider Awards,3
,Spreyton Cider Co.,2015,Australian Cider Awards,3
,Spreyton Cider Co.,2016,Australian Cider Awards,5
,Spreyton Cider Co.,2017,Australian Cider Awards,6
,Spreyton Cider Co.,2018,Australian Cider Awards,6
,Spreyton Cider Co.,2019,Australian Cider Awards,4
,Spreyton Cider Co.,2021,Australian Cider Awards,7
,Spreyton Cider Co.,2022,Australian Cider Awards,9
,Spreyton Cider Co.,2023,Australian Cider Awards,8
,Spreyton Cider Co.,2024,Australian Cider Awards,6
,Spreyton Cider Company,2023,Japan Cider Cup,1
,Spring Hill Cider Works,2017,Great Lakes International Cider and Perry Competition,2
,Spring Hill Cider Works,2018,Great Lakes International Cider and Perry Competition,2
,Spring Hill Cider Works,2019,Great Lakes International Cider and Perry Competition,3
,Spring Hill Cider Works,2021,Great Lakes International Cider and Perry Competition,1
,Spring Hill Cider Works,2022,Great Lakes International Cider and Perry Competition,2
,Spring Hill Cider Works,2023,Great Lakes International Cider and Perry Competition,1
,Spring Hill Cider Works,2024,Great Lakes International Cider and Perry Competition,1
,Spy Cider House and Distillery,2022,Great Lakes International Cider and Perry Competition,3
,Square Mile Cider,2014,Northwest Cider Cup,1
,Square Mile Cider,2015,Great Lakes International Cider and Perry Competition,2
,Square Mile Cider,2016,Great Lakes International Cider and Perry Competition,1
,Square Mile Cider,2016,Northwest Cider Cup,1
,Square Mile Cider,2017,Cidercraft Awards,1
,Square Mile Cider,2017,Great Lakes International Cider and Perry Competition,3
,Square Mile Cider,2017,Northwest Cider Cup,2
,Square Mile Cider,2018,Cidercraft Awards,2
,Square Mile Cider,2018,Great Lakes International Cider and Perry Competition,3
,Square Mile Cider,2018,Northwest Cider Cup,1
,Square Mile Cider,2019,Great Lakes International Cider and Perry Competition,2
,Square Mile Cider,2019,Northwest Cider Cup,1
,Squiggly Tree Cider,2021,Great Lakes International Cider and Perry Competition,1
,St Andrews Beach Brewery,2023,Australian Cider Awards,1
,St Andrews Beach Brewery,2024,Australian Cider Awards,2
,St Ronan's Cider,2012,Australian Cider Awards,2
,St Ronan's Cider,2013,Australian Cider Awards,2
,St Ronan's Cider,2014,Australian Cider Awards,1
,St Ronan's Cider,2015,Australian Cider Awards,2
,St Ronan's Cider,2016,Australian Cider Awards,2
,St Ronan's Cider,2017,Australian Cider Awards,3
,St Ronan's Cider,2018,Australian Cider Awards,2
,St Ronan's Cider,2019,Australian Cider Awards,2
,St Ronan's Cider,2021,Australian Cider Awards,4
,St Ronan's Cider,2022,Australian Cider Awards,2
,St Ronan's Cider,2023,Australian Cider Awards,3
,St Ronan's Cider,2024,Australian Cider Awards,2
,St. Ambrose Cellars,2015,Great Lakes International Cider and Perry Competition,1
,St. Ambrose Cellars,2016,Great Lakes International Cider and Perry Competition,6
,St. Anton,2017,Sagardo Forum International Cider Competition,1
,St. Ives Cider,2018,International Cider Challenge,1
,St. Ives Cider,2021,International Cider Awards,1
,St. Julian Winery,2015,Great Lakes International Cider and Perry Competition,3
,St. Julian Winery,2017,Great Lakes International Cider and Perry Competition,1
,St. Julian Winery,2019,Great Lakes International Cider and Perry Competition,2
,St. Vrain Cidery,2016,Great Lakes International Cider and Perry Competition,2
,St. Vrain Cidery,2017,Great Lakes International Cider and Perry Competition,2
,St. Vrain Cidery,2018,Great Lakes International Cider and Perry Competition,9
,St. Vrain Cidery,2019,Great Lakes International Cider and Perry Competition,10
,St. Vrain Cidery,2021,Great Lakes International Cider and Perry Competition,7
,St. Vrain Cidery,2022,Great Lakes International Cider and Perry Competition,7
,St. Vrain Cidery,2023,Great Lakes International Cider and Perry Competition,8
,St. Vrain Cidery,2024,Great Lakes International Cider and Perry Competition,7
,Stadin Panimo,2022,Nordic International Cider Awards,1
,Stahringer Streuobstmosterei,2023,CiderWorld Awards,3
,Star Cider,2016,Great Lakes International Cider and Perry Competition,4
,Starcut Ciders,2015,Great Lakes International Cider and Perry Competition,10
,Starcut Ciders,2016,Great Lakes International Cider and Perry Competition,9
,Starcut Ciders,2017,Great Lakes International Cider and Perry Competition,6
,Starcut Ciders,2018,Great Lakes International Cider and Perry Competition,7
,Starcut Ciders,2019,Great Lakes International Cider and Perry Competition,4
,Starcut Ciders,2021,Great Lakes International Cider and Perry Competition,3
,Starcut Ciders,2022,Great Lakes International Cider and Perry Competition,5
,Starcut Ciders,2023,Great Lakes International Cider and Perry Competition,6
,Stem Ciders,2014,Great Lakes International Cider and Perry Competition,2
,Stem Ciders,2015,Great Lakes International Cider and Perry Competition,4
,Stem Ciders,2016,Great Lakes International Cider and Perry Competition,9
,Stem Ciders,2017,Great Lakes International Cider and Perry Competition,9
,Stem Ciders,2018,Great Lakes International Cider and Perry Competition,5
,Stem Ciders,2019,Great Lakes International Cider and Perry Competition,10
,Stem Ciders,2021,Great Lakes International Cider and Perry Competition,9
,Stem Ciders,2022,Great Lakes International Cider and Perry Competition,5
,Stem Ciders,2023,Great Lakes International Cider and Perry Competition,5
,Stem Ciders,2024,Great Lakes International Cider and Perry Competition,3
,Steve Faulkner,2023,Royal Bath & West Show - British Cider Championships,7
,Steve Faulkner,2024,Royal Bath & West Show - British Cider Championships,4
,Steve'z,2019,Sagardo Forum International Cider Competition,1
,Still River Winery,2011,Great Lakes International Cider and Perry Competition,1
,Stoic Cider,2018,Great Lakes International Cider and Perry Competition,2
,Stoic Cider,2018,U.S. Open Cider Championship,1
,Stoic Cider,2019,Great Lakes International Cider and Perry Competition,6
,Stoic Cider,2021,Great Lakes International Cider and Perry Competition,3
,Stoic Cider,2023,Great Lakes International Cider and Perry Competition,2
,Stoic Cider,2024,Great Lakes International Cider and Perry Competition,1
,Stoked Cider,2018,Great Lakes International Cider and Perry Competition,1
,Stone Circle Cider,2018,Great Lakes International Cider and Perry Competition,1
,Stone Circle Cider,2021,Great Lakes International Cider and Perry Competition,5
,Stone Circle Cider,2022,Nordic International Cider Awards,2
,Stones Cider,2023,Royal Bath & West Show - British Cider Championships,2
,Stones Cider,2024,Royal Bath & West Show - British Cider Championships,2
,Stonewell Cider,2016,Salón Internacional de les Sidres de Gala (SISGA),1
,Stonewell Cider,2019,International Cider Awards,2
,Stonewell Cider,2019,International Cider Challenge,2
,Stonewell Cider,2020,International Cider Challenge,1
,Stonewell Cider,2020,Salón Internacional de les Sidres de Gala (SISGA),2
,Stonewell Cider,2021,International Cider Awards,1
,Stonewell Cider,2021,International Cider Challenge,2
,Stonewell Cider,2023,Salón Internacional de les Sidres de Gala (SISGA),3
,Stonewell Cider,2024,International Cider Awards,3
,Stonewell Cider,2024,Salón Internacional de les Sidres de Gala (SISGA),5
,Stoney Ridge Winery,2018,Great Lakes International Cider and Perry Competition,1
,Stoneybrook Cider,2019,Great Lakes International Cider and Perry Competition,1
,Stoneybrook Cider,2021,Great Lakes International Cider and Perry Competition,1
,Stoneybrook Cider,2022,Great Lakes International Cider and Perry Competition,1
,Store Naa Siderkompani,2022,Nordic International Cider Awards,2
,Store Naa Siderkompani,2023,Nordic International Cider Awards,2
,Stormalong Cider,2015,Great Lakes International Cider and Perry Competition,1
,Stormalong Cider,2016,Great Lakes International Cider and Perry Competition,5
,Stormalong Cider,2017,Great Lakes International Cider and Perry Competition,5
,Stormalong Cider,2019,Great Lakes International Cider and Perry Competition,3
,Stormalong Cider,2020,Cidercraft Awards,1
,Stormalong Cider,2021,Great Lakes International Cider and Perry Competition,6
,Stormalong Cider,2022,Great Lakes International Cider and Perry Competition,9
,Stormalong Cider,2023,Great Lakes International Cider and Perry Competition,6
,Stormalong Cider,2024,Cidercraft Awards,1
,Stormalong Cider,2024,Great Lakes International Cider and Perry Competition,3
,Stormalong Cider,2024,International Cider Awards,2
,Stowe Cider,2017,Great Lakes International Cider and Perry Competition,1
,Stowe Cider,2018,Great Lakes International Cider and Perry Competition,3
,Stowe Cider,2024,Japan Cider Cup,2
,Strange Brothers,2021,Australian Cider Awards,2
,Strange Lady Cider,2024,Royal Bath & West Show - British Cider Championships,1
,Strangey's Devon Cyder,2023,Royal Bath & West Show - British Cider Championships,10
,Stray Cider,2024,Northwest Cider Cup,1
,String Theory Cider,2021,Great Lakes International Cider and Perry Competition,2
,String Theory Cider,2022,Great Lakes International Cider and Perry Competition,3
,String Theory Cider,2023,Great Lakes International Cider and Perry Competition,2
,Subterranean Cider,2022,Great Lakes International Cider and Perry Competition,2
,Sulker's Cider,2017,Great Lakes International Cider and Perry Competition,1
,Sully's Cider,2014,Great Lakes International Cider and Perry Competition,1
,Summerland Heritage Cider Company,2013,Great Lakes International Cider and Perry Competition,1
,Sunken Paddle Ciderworks,2021,Great Lakes International Cider and Perry Competition,1
,Sunken Paddle Ciderworks,2023,Great Lakes International Cider and Perry Competition,4
,Sunken Paddle Ciderworks,2024,Great Lakes International Cider and Perry Competition,3
,Sunnycider,2022,Great Lakes International Cider and Perry Competition,3
,Sunrise Orchards,2013,Great Lakes International Cider and Perry Competition,2
,Sunshine Coast Cider,2018,Australian Cider Awards,3
,Sunshine Coast Cider,2021,Australian Cider Awards,1
,Sunshine Coast Cider,2022,Australian Cider Awards,1
,Sunshine Coast Cider,2023,Australian Cider Awards,2
,Sunshine Coast Cider,2024,Australian Cider Awards,2
,Surges Bay Orchard,2018,Australian Cider Awards,2
,Surges Bay Orchard,2019,Australian Cider Awards,3
,Suspicious Squirrel,2016,Australian Cider Awards,1
,Suspicious Squirrel,2017,Australian Cider Awards,1
,Sutliff Cider Company,2022,Great Lakes International Cider and Perry Competition,2
,Sutton's Juice Factory,2015,Australian Cider Awards,1
,Sutton's Juice Factory,2017,Australian Cider Awards,1
,Sutton's Juice Factory,2018,Australian Cider Awards,1
,Sutton's Juice Factory,2019,Australian Cider Awards,1
,Sutton's Juice Factory,2022,Australian Cider Awards,1
,Sutton's Juice Factory,2023,Australian Cider Awards,1
,Suttons Bay Ciders,2017,Great Lakes International Cider and Perry Competition,4
,Suttons Bay Ciders,2018,Great Lakes International Cider and Perry Competition,3
,Suttons Bay Ciders,2019,Great Lakes International Cider and Perry Competition,5
,Suttons Bay Ciders,2021,Great Lakes International Cider and Perry Competition,5
,Suttons Bay Ciders,2023,Great Lakes International Cider and Perry Competition,2
,Suttons Bay Ciders,2024,Great Lakes International Cider and Perry Competition,1
,Sweeting's Cider,2023,Royal Bath & West Show - British Cider Championships,5
,Sweeting's Cider,2024,Royal Bath & West Show - British Cider Championships,6
,Swell Brewing Co.,2017,Australian Cider Awards,1
,Swift Cider,2016,Great Lakes International Cider and Perry Competition,3
,Swift Cider,2017,Great Lakes International Cider and Perry Competition,7
,Swift Cider,2017,Northwest Cider Cup,2
,Swift Cider,2018,Cidercraft Awards,1
,Swift Cider,2018,Great Lakes International Cider and Perry Competition,5
,Swift Cider,2018,Northwest Cider Cup,3
,Swift Cider,2019,Great Lakes International Cider and Perry Competition,11
,Swift Cider,2019,Northwest Cider Cup,3
,Swift Cider,2021,Northwest Cider Cup,2
,Swift Cider,2022,Great Lakes International Cider and Perry Competition,7
,Swift Cider,2022,Northwest Cider Cup,1
,Swift Cider,2023,Great Lakes International Cider and Perry Competition,9
,Swift Cider,2023,Northwest Cider Cup,1
,Swilled Dog Hard Cider,2017,Cidercraft Awards,1
,Swilled Dog Hard Cider,2017,Great Lakes International Cider and Perry Competition,4
,Swilled Dog Hard Cider,2018,Great Lakes International Cider and Perry Competition,1
,Swilled Dog Hard Cider,2021,Great Lakes International Cider and Perry Competition,2
,Sxollie,2017,Salón Internacional de les Sidres de Gala (SISGA),1
,Sxollie,2018,International Cider Challenge,2
,Sxollie,2021,International Cider Challenge,2
,Sxollie,2023,International Cider Challenge,2
,Sxollie,2024,International Cider Challenge,2
,Sycamore Brewing,2019,U.S. Open Cider Championship,2
,Sycamore Ranch Vineyard & Winery,2021,Great Lakes International Cider and Perry Competition,9
,Sydney Brewery,2015,Australian Cider Awards,2
,Sydney Brewery,2016,Australian Cider Awards,2
,Sydney Brewery,2017,Australian Cider Awards,2
,Sydney Brewery,2018,Australian Cider Awards,4
,Sydney Brewery,2019,Australian Cider Awards,4
,Sydney Brewery,2021,Australian Cider Awards,3
,Sydney Brewery,2022,Australian Cider Awards,3
,Sydney Brewery,2023,Australian Cider Awards,3
,Sydney Brewery,2024,Australian Cider Awards,2
,Syse Gard,2023,Nordic International Cider Awards,1
,Szczepanówka,2019,Salón Internacional de les Sidres de Gala (SISGA),1
,Szczepanówka,2020,Salón Internacional de les Sidres de Gala (SISGA),1
,Talbott's Cider Company,2018,Great Lakes International Cider and Perry Competition,1
,Talbott's Cider Company,2021,Great Lakes International Cider and Perry Competition,5
,Tall Post Craft Cider,2019,Great Lakes International Cider and Perry Competition,3
,Tall Ship Craft Cider / Fjordfolk Mikrobryggeri,2021,Great Lakes International Cider and Perry Competition,6
,Tamba Wine,2024,International Cider Challenge,1
,Tamura Farm,2024,Japan Cider Cup,5
,Tandem Ciders,2009,Great Lakes International Cider and Perry Competition,1
,Tandem Ciders,2011,Great Lakes International Cider and Perry Competition,4
,Tandem Ciders,2012,Great Lakes International Cider and Perry Competition,5
,Tandem Ciders,2013,Great Lakes International Cider and Perry Competition,7
,Tandem Ciders,2014,Great Lakes International Cider and Perry Competition,6
,Tandem Ciders,2015,Great Lakes International Cider and Perry Competition,3
,Tandem Ciders,2016,Great Lakes International Cider and Perry Competition,3
,Tandem Ciders,2017,Great Lakes International Cider and Perry Competition,7
,Tandem Ciders,2018,Great Lakes International Cider and Perry Competition,8
,Tandem Ciders,2019,Great Lakes International Cider and Perry Competition,3
,Tandem Ciders,2021,Great Lakes International Cider and Perry Competition,7
,Tandem Ciders,2022,Great Lakes International Cider and Perry Competition,12
,Tandem Ciders,2023,Great Lakes International Cider and Perry Competition,10
,Tandem Ciders,2024,Great Lakes International Cider and Perry Competition,13
,Tapped Apple Cider & Winery,2023,Great Lakes International Cider and Perry Competition,3
,Taunton Cider Company,2018,International Cider Challenge,2
,Taunton Cider Company,2019,International Cider Challenge,3
,Taunton Cider Company,2020,International Cider Challenge,1
,Taunton Cider Company,2021,International Cider Challenge,6
,Teal Cider,2017,Great Lakes International Cider and Perry Competition,2
,Teal Cider,2018,Great Lakes International Cider and Perry Competition,5
,Teal Cider,2019,Great Lakes International Cider and Perry Competition,6
,Teal Cider,2021,Great Lakes International Cider and Perry Competition,8
,Teepee Cider,2023,Museum of Cider International Cider & Perry Competition,1
,Teepee Cider,2024,Japan Cider Cup,2
,Templars Cider,2020,Salón Internacional de les Sidres de Gala (SISGA),2
,Tempted Cider,2017,International Cider Awards,2
,Tempted Cider,2019,International Cider Challenge,3
,Tempted Cider,2021,Great Lakes International Cider and Perry Competition,3
,Ten Sixty One,2018,Australian Cider Awards,2
,Ten Towers Cider Co.,2017,Great Lakes International Cider and Perry Competition,1
,Ten Towers Cider Co.,2019,Great Lakes International Cider and Perry Competition,4
,Tenmile Cider Co.,2022,Great Lakes International Cider and Perry Competition,2
,Tercer Ciclo,2024,Great Lakes International Cider and Perry Competition,2
,Terre Cartusiae,2022,International Cider Challenge,3
,Terre Cartusiae,2023,International Cider Challenge,3
,Terre Cartusiae,2024,International Cider Challenge,1
,Texas Corners Brewing Company,2017,Great Lakes International Cider and Perry Competition,1
,Texas Corners Brewing Company,2018,Great Lakes International Cider and Perry Competition,4
,Texas Corners Brewing Company,2024,Great Lakes International Cider and Perry Competition,3
,Texas Keeper Cider,2015,Great Lakes International Cider and Perry Competition,4
,Texas Keeper Cider,2016,Great Lakes International Cider and Perry Competition,6
,Thatchers Cider,2013,International Cider Awards,3
,Thatchers Cider,2014,Australian Cider Awards,1
,Thatchers Cider,2015,Australian Cider Awards,1
,Thatchers Cider,2015,International Cider Awards,1
,Thatchers Cider,2015,Salón Internacional de les Sidres de Gala (SISGA),1
,Thatchers Cider,2015,U.S. Open Cider Championship,1
,Thatchers Cider,2017,Sagardo Forum International Cider Competition,5
,Thatchers Cider,2018,International Cider Challenge,9
,Thatchers Cider,2019,International Cider Challenge,4
,Thatchers Cider,2019,Sagardo Forum International Cider Competition,2
,Thatchers Cider,2020,International Cider Challenge,1
,Thatchers Cider,2021,International Cider Awards,1
,Thatchers Cider,2021,International Cider Challenge,3
,Thatchers Cider,2022,International Cider Challenge,2
,Thatchers Cider,2023,International Cider Challenge,6
,Thatchers Cider,2024,International Cider Challenge,3
,Thatchers Cider,2024,Royal Bath & West Show - British Cider Championships,4
,The Apple Barn And Cider Mill,2024,Great Lakes International Cider and Perry Competition,5
,The Apple Thief,2013,Australian Cider Awards,2
,The Apple Thief,2014,Australian Cider Awards,1
,The Apple Thief,2015,Australian Cider Awards,2
,The Apple Thief,2016,Australian Cider Awards,1
,The Apple Thief,2017,Australian Cider Awards,4
,The Apple Thief,2018,Australian Cider Awards,4
,The Apple Thief,2019,Australian Cider Awards,1
,The Apple Thief,2023,Australian Cider Awards,6
,The Apple Thief,2024,Australian Cider Awards,6
,The Australian Brewery,2012,Australian Cider Awards,1
,The Australian Brewery,2013,Australian Cider Awards,1
,The Big Bear Cider Mill,2022,International Cider Challenge,1
,The Big Bear Cider Mill,2023,International Cider Challenge,1
,The BottleHouse Brewing Company,2018,Great Lakes International Cider and Perry Competition,2
,The Cider Farm,2014,Great Lakes International Cider and Perry Competition,1
,The Cider Farm,2018,Great Lakes International Cider and Perry Competition,5
,The Cider Farm,2023,Great Lakes International Cider and Perry Competition,7
,The Cider Farm,2024,Great Lakes International Cider and Perry Competition,4
,The Cider Lab,2017,Australian Cider Awards,2
,The Cider Mill Slane,2014,Great Lakes International Cider and Perry Competition,1
,The Cidery,2021,Australian Cider Awards,1
,The Cidery,2023,Australian Cider Awards,1
,The Cidery,2024,Australian Cider Awards,6
,The Craft & Co,2017,Australian Cider Awards,1
,The Crest Cyder Company,2023,Royal Bath & West Show - British Cider Championships,5
,The Donhead Apple Company,2018,International Cider Challenge,1
,The Drunken Pharmacist,2023,Nordic International Cider Awards,1
,The Drunken Pharmacist,2023,Sagardo Forum International Cider Competition,1
,The Drunken Pharmacist,2024,Salón Internacional de les Sidres de Gala (SISGA),1
,The Great Canadian Cider Company,2017,Great Lakes International Cider and Perry Competition,1
,The Great Canadian Cider Company,2018,Cidercraft Awards,1
,The Great Canadian Cider Company,2018,Great Lakes International Cider and Perry Competition,4
,The Great Canadian Cider Company,2019,Great Lakes International Cider and Perry Competition,7
,The Hayloft,2024,Royal Bath & West Show - British Cider Championships,1
,The Hills Cider Company,2011,Australian Cider Awards,1
,The Hills Cider Company,2012,Australian Cider Awards,1
,The Hills Cider Company,2013,Australian Cider Awards,3
,The Hills Cider Company,2014,Australian Cider Awards,1
,The Hills Cider Company,2014,Great Lakes International Cider and Perry Competition,1
,The Hills Cider Company,2015,Australian Cider Awards,6
,The Hills Cider Company,2016,Australian Cider Awards,6
,The Hills Cider Company,2017,Australian Cider Awards,8
,The Hills Cider Company,2018,Australian Cider Awards,4
,The Hills Cider Company,2019,Australian Cider Awards,2
,The Hills Cider Company,2021,Australian Cider Awards,7
,The Hills Cider Company,2022,Australian Cider Awards,3
,The Hills Cider Company,2023,Australian Cider Awards,4
,The Hills Cider Company,2024,Australian Cider Awards,2
,The Houghton Project,2023,Museum of Cider International Cider & Perry Competition,5
,The Infinite Monkey Theorem,2014,Great Lakes International Cider and Perry Competition,1
,The Infinite Monkey Theorem,2016,Great Lakes International Cider and Perry Competition,1
,The Infinite Monkey Theorem,2017,Great Lakes International Cider and Perry Competition,1
,The Lingens Farm,2023,Royal Three Counties Show,3
,The Lingens Farm,2024,Royal Three Counties Show,4
,The New Frontier Cider Company,2019,Great Lakes International Cider and Perry Competition,1
,The Newt in Somerset,2021,International Cider Challenge,3
,The Old Mine Cider Company,2018,Great Lakes International Cider and Perry Competition,2
,The Orchard,2023,Royal Bath & West Show - British Cider Championships,1
,The Parrett Cider Company,2023,Royal Bath & West Show - British Cider Championships,2
,The Parrett Cider Company,2024,Royal Bath & West Show - British Cider Championships,3
,The Pembrokeshire Cider Co.,2024,International Cider Awards,1
,The Pippa,2018,Salón Internacional de les Sidres de Gala (SISGA),1
,The Portsmouth Distillery Co.,2020,International Cider Challenge,1
,The Side Project Cider & Beerworks,2018,Australian Cider Awards,2
,The Side Project Cider & Beerworks,2019,Australian Cider Awards,1
,The Sparkke Change Beverage Company,2017,Australian Cider Awards,1
,The Sparkke Change Beverage Company,2018,Australian Cider Awards,1
,The Sparkke Change Beverage Company,2019,Australian Cider Awards,1
,The Tor Cider Company,2023,Royal Bath & West Show - British Cider Championships,1
,The Walnut House,2023,Japan Cider Cup,1
,The Wee Scottish Cider Company,2024,Royal Bath & West Show - British Cider Championships,3
,The Wharie Experience,2023,Royal Bath & West Show - British Cider Championships,1
,Thirsty Fox,2021,International Cider Challenge,2
,Thirsty Fox,2022,International Cider Challenge,2
,Thirsty Fox,2023,International Cider Challenge,3
,Thistly Cross Cider,2012,Great Lakes International Cider and Perry Competition,2
,Thistly Cross Cider,2015,Great Lakes International Cider and Perry Competition,1
,Thistly Cross Cider,2020,International Cider Challenge,5
,Thistly Cross Cider,2021,International Cider Challenge,6
,Thistly Cross Cider,2022,International Cider Challenge,3
,Thomas Brothers Hard Cider,2019,U.S. Open Cider Championship,1
,Thomas Brothers Hard Cider,2020,U.S. Open Cider Championship,1
,Thor's Hard Cider,2018,Great Lakes International Cider and Perry Competition,2
,Thor's Hard Cider,2019,Great Lakes International Cider and Perry Competition,3
,Thor's Hard Cider,2020,Cidercraft Awards,3
,Thor's Hard Cider,2020,U.S. Open Cider Championship,2
,Thor's Hard Cider,2021,Great Lakes International Cider and Perry Competition,10
,Thor's Hard Cider,2021,U.S. Open Cider Championship,3
,Thor's Hard Cider,2022,Cidercraft Awards,1
,Thor's Hard Cider,2022,Great Lakes International Cider and Perry Competition,12
,Thor's Hard Cider,2022,U.S. Open Cider Championship,3
,Thor's Hard Cider,2023,Great Lakes International Cider and Perry Competition,6
,Thornapple Brewing Company,2017,Great Lakes International Cider and Perry Competition,1
,Thornapple Brewing Company,2018,Great Lakes International Cider and Perry Competition,3
,Thornapple Brewing Company,2019,Great Lakes International Cider and Perry Competition,3
,Thornapple Brewing Company,2021,Great Lakes International Cider and Perry Competition,7
,Thornapple Brewing Company,2022,Great Lakes International Cider and Perry Competition,3
,Thornapple Brewing Company,2022,U.S. Open Cider Championship,1
,Thornapple Brewing Company,2023,Great Lakes International Cider and Perry Competition,5
,Thornapple Brewing Company,2024,Great Lakes International Cider and Perry Competition,5
,Thornborough Cider,2017,Great Lakes International Cider and Perry Competition,1
,Thornborough Cider,2024,Museum of Cider International Cider & Perry Competition,1
,Thornbury Craft Co.,2013,Great Lakes International Cider and Perry Competition,1
,Thornbury Craft Co.,2014,Great Lakes International Cider and Perry Competition,1
,Thornbury Craft Co.,2015,Great Lakes International Cider and Perry Competition,1
,Thornbury Craft Co.,2016,Great Lakes International Cider and Perry Competition,1
,Thornbury Craft Co.,2017,Great Lakes International Cider and Perry Competition,3
,Thornbury Craft Co.,2018,Great Lakes International Cider and Perry Competition,2
,Thornbury Craft Co.,2019,Great Lakes International Cider and Perry Competition,4
,Thornbury Craft Co.,2021,Great Lakes International Cider and Perry Competition,8
,Thornbury Craft Co.,2022,Great Lakes International Cider and Perry Competition,11
,Thornbury Craft Co.,2023,Great Lakes International Cider and Perry Competition,17
,Thornbury Craft Co.,2023,U.S. Open Cider Championship,5
,Thornbury Craft Co.,2024,Great Lakes International Cider and Perry Competition,17
,Thornbury Craft Co.,2024,U.S. Open Cider Championship,5
,Threadbare Cider,2018,Great Lakes International Cider and Perry Competition,6
,Threadbare Cider,2019,Great Lakes International Cider and Perry Competition,10
,Threadbare Cider,2020,Cidercraft Awards,1
,Threadbare Cider,2021,Great Lakes International Cider and Perry Competition,17
,Threadbare Cider,2022,Great Lakes International Cider and Perry Competition,15
,Threadbare Cider,2023,Great Lakes International Cider and Perry Competition,10
,Threadbare Cider,2024,Great Lakes International Cider and Perry Competition,2
,Three Brothers Wineries & Estates,2015,Great Lakes International Cider and Perry Competition,1
,Three Falls Cider,2024,Great Lakes International Cider and Perry Competition,3
,Three Oaks Cider,2015,Australian Cider Awards,1
,Three Oaks Cider,2017,Australian Cider Awards,1
,Three Oaks Cider,2018,Australian Cider Awards,2
,Three Oaks Cider,2021,Australian Cider Awards,2
,Three Oaks Cider,2022,Australian Cider Awards,2
,Three Oaks Cider,2024,Australian Cider Awards,1
,Three Peaks,2023,Japan Cider Cup,1
,Three Peaks Winery,2024,Japan Cider Cup,2
,Three Thinkers Cider,2019,Great Lakes International Cider and Perry Competition,2
,Three Thinkers Cider,2021,Great Lakes International Cider and Perry Competition,1
,Théo Capelle,2020,Concours des Cidres de Normandie,2
,Théo Capelle,2021,Concours des Cidres de Normandie,2
,Théo Capelle,2022,Concours des Cidres de Normandie,2
,Tideview Cider,2009,Great Lakes International Cider and Perry Competition,3
,Tideview Cider,2011,Great Lakes International Cider and Perry Competition,2
,Tideview Cider,2013,Great Lakes International Cider and Perry Competition,4
,Tideview Cider,2014,Great Lakes International Cider and Perry Competition,3
,Tieton Cider Works,2011,Great Lakes International Cider and Perry Competition,3
,Tieton Cider Works,2012,Great Lakes International Cider and Perry Competition,2
,Tieton Cider Works,2013,Great Lakes International Cider and Perry Competition,3
,Tieton Cider Works,2014,Great Lakes International Cider and Perry Competition,1
,Tieton Cider Works,2014,Northwest Cider Cup,4
,Tieton Cider Works,2015,Great Lakes International Cider and Perry Competition,5
,Tieton Cider Works,2016,Great Lakes International Cider and Perry Competition,3
,Tieton Cider Works,2017,Cidercraft Awards,2
,Tieton Cider Works,2017,Northwest Cider Cup,2
,Tieton Cider Works,2018,Great Lakes International Cider and Perry Competition,7
,Tieton Cider Works,2018,Northwest Cider Cup,2
,Tieton Cider Works,2019,Cidercraft Awards,3
,Tieton Cider Works,2019,Great Lakes International Cider and Perry Competition,11
,Tieton Cider Works,2019,Northwest Cider Cup,6
,Tieton Cider Works,2020,Cidercraft Awards,2
,Tieton Cider Works,2021,Great Lakes International Cider and Perry Competition,13
,Tieton Cider Works,2021,Northwest Cider Cup,3
,Tieton Cider Works,2022,Cidercraft Awards,1
,Tieton Cider Works,2022,Great Lakes International Cider and Perry Competition,10
,Tieton Cider Works,2022,Northwest Cider Cup,1
,Tieton Cider Works,2023,Cidercraft Awards,1
,Tieton Cider Works,2024,Cidercraft Awards,1
,Tilse's Apple Truck Cider,2012,Australian Cider Awards,2
,Tilse's Apple Truck Cider,2013,Australian Cider Awards,2
,Tilted Shed Ciderworks,2013,Great Lakes International Cider and Perry Competition,2
,Tin Hat Cider,2018,Great Lakes International Cider and Perry Competition,1
,Tingvoll Sider,2022,Nordic International Cider Awards,2
,Tingvoll Sider,2023,Nordic International Cider Awards,2
,Tinston Cider,2024,Royal Bath & West Show - British Cider Championships,4
,Tinston Wines & Ciders,2023,International Cider Challenge,1
,Tinston Wines & Ciders,2023,Royal Bath & West Show - British Cider Championships,1
,Tinston Wines & Ciders,2024,International Cider Challenge,3
,Toboggan Brewing Co.,2016,Great Lakes International Cider and Perry Competition,3
,Toboggan Brewing Co.,2017,Great Lakes International Cider and Perry Competition,2
,Toboggan Brewing Co.,2023,Great Lakes International Cider and Perry Competition,5
,Tom Cernohous,2023,Royal Bath & West Show - British Cider Championships,1
,Tom Cernohous - Cidermil,2024,Royal Bath & West Show - British Cider Championships,3
,Tom's Foolery Distillery,2011,Great Lakes International Cider and Perry Competition,2
,Top of the Rock Ciders,2016,Great Lakes International Cider and Perry Competition,1
,Top of the Rock Ciders,2017,Great Lakes International Cider and Perry Competition,1
,Top of the Rock Ciders,2018,Great Lakes International Cider and Perry Competition,1
,Topa Cidre,2018,Salón Internacional de les Sidres de Gala (SISGA),1
,Tori Siidritalu,2019,Salón Internacional de les Sidres de Gala (SISGA),1
,Tori Siidritalu,2020,Salón Internacional de les Sidres de Gala (SISGA),4
,Tori Siidritalu,2023,Nordic International Cider Awards,2
,Townline Ciderworks,2017,Great Lakes International Cider and Perry Competition,4
,Townline Ciderworks,2018,Great Lakes International Cider and Perry Competition,6
,Townline Ciderworks,2019,Great Lakes International Cider and Perry Competition,5
,Townline Ciderworks,2022,Great Lakes International Cider and Perry Competition,4
,Townline Ciderworks,2023,Great Lakes International Cider and Perry Competition,3
,Townline Ciderworks,2024,Great Lakes International Cider and Perry Competition,2
,Tractor Brewing Company,2017,Great Lakes International Cider and Perry Competition,2
,Tractor Brewing Company,2018,Great Lakes International Cider and Perry Competition,4
,Tractor Brewing Company,2019,Great Lakes International Cider and Perry Competition,5
,Trattore Cider,2019,Australian Cider Awards,1
,Trattore Cider,2021,Australian Cider Awards,2
,Trattore Cider,2022,Australian Cider Awards,2
,TraunSecco,2024,CiderWorld Awards,4
,Tre Rii,2020,Salón Internacional de les Sidres de Gala (SISGA),2
,Tre Rii,2021,Salón Internacional de les Sidres de Gala (SISGA),1
,Tre Rii,2022,Salón Internacional de les Sidres de Gala (SISGA),1
,Tre Rii,2023,Salón Internacional de les Sidres de Gala (SISGA),1
,Treasury Cider at Fishkill Farms,2018,Great Lakes International Cider and Perry Competition,1
,Treasury Cider at Fishkill Farms,2019,Great Lakes International Cider and Perry Competition,2
,Treasury Cider at Fishkill Farms,2021,Great Lakes International Cider and Perry Competition,6
,Treasury Cider at Fishkill Farms,2022,Great Lakes International Cider and Perry Competition,4
,Treehive,2024,Great Lakes International Cider and Perry Competition,1
,Treehorn Cider,2018,Great Lakes International Cider and Perry Competition,4
,Treehorn Cider,2019,Great Lakes International Cider and Perry Competition,5
,Tricky Cider,2024,Royal Bath & West Show - British Cider Championships,1
,Trois-Lacs Ciders,2021,Sagardo Forum International Cider Competition,1
,Trois-Lacs Ciders,2023,International Cider Challenge,1
,Troy Cider,2015,Great Lakes International Cider and Perry Competition,1
,Troy Cider,2018,Great Lakes International Cider and Perry Competition,1
,Trubacheevka,2023,Great Lakes International Cider and Perry Competition,1
,Trump Cidery,2024,U.S. Open Cider Championship,2
,Tulip Valley Vineyard & Orchard,2005,Great Lakes International Cider and Perry Competition,1
,Tulip Valley Vineyard & Orchard,2006,Great Lakes International Cider and Perry Competition,1
,Tulip Valley Vineyard & Orchard,2008,Great Lakes International Cider and Perry Competition,2
,Tulip Valley Vineyard & Orchard,2009,Great Lakes International Cider and Perry Competition,2
,Tulip Valley Vineyard & Orchard,2011,Great Lakes International Cider and Perry Competition,1
,Tulip Valley Vineyard & Orchard,2016,Great Lakes International Cider and Perry Competition,1
,Tulip Valley Vineyard & Orchard,2017,Great Lakes International Cider and Perry Competition,2
,Tulip Valley Vineyard & Orchard,2019,Great Lakes International Cider and Perry Competition,2
,Tulip Valley Vineyard & Orchard,2020,Cidercraft Awards,2
,Tulip Valley Vineyard & Orchard,2023,Great Lakes International Cider and Perry Competition,1
,Tumalo Cider,2018,Northwest Cider Cup,1
,Tumalo Cider,2021,Great Lakes International Cider and Perry Competition,2
,Tumbling Creek Cider Company,2021,U.S. Open Cider Championship,1
,Tumbling Creek Cider Company,2022,U.S. Open Cider Championship,1
,Tumbling Creek Cider Company,2023,U.S. Open Cider Championship,1
,Turkalnes Muižā,2022,Nordic International Cider Awards,3
,Turkalnes Muižā,2023,Nordic International Cider Awards,2
,Turncoat Cidery,2023,Great Lakes International Cider and Perry Competition,2
,Turners Cider,2020,International Cider Challenge,3
,Turquoise Barn Cider,2017,U.S. Open Cider Championship,1
,Turquoise Barn Cider,2018,U.S. Open Cider Championship,1
,Twin Pines Orchards & Cider House,2011,Great Lakes International Cider and Perry Competition,2
,Twin Pines Orchards & Cider House,2012,Great Lakes International Cider and Perry Competition,2
,Twin Pines Orchards & Cider House,2013,Great Lakes International Cider and Perry Competition,2
,Twin Pines Orchards & Cider House,2014,Great Lakes International Cider and Perry Competition,4
,Twin Pines Orchards & Cider House,2015,Great Lakes International Cider and Perry Competition,4
,Twin Pines Orchards & Cider House,2016,Great Lakes International Cider and Perry Competition,6
,Twin Pines Orchards & Cider House,2017,Great Lakes International Cider and Perry Competition,6
,Twin Pines Orchards & Cider House,2018,Great Lakes International Cider and Perry Competition,9
,Twin Pines Orchards & Cider House,2019,Great Lakes International Cider and Perry Competition,5
,Twin Pines Orchards & Cider House,2021,Great Lakes International Cider and Perry Competition,10
,Twin Pines Orchards & Cider House,2022,Great Lakes International Cider and Perry Competition,18
,Twin Pines Orchards & Cider House,2023,Great Lakes International Cider and Perry Competition,23
,Twin Sisters Brewing Company,2020,Cidercraft Awards,1
,Twisted Hills Craft Cider,2016,Great Lakes International Cider and Perry Competition,3
,Twisted Hills Craft Cider,2016,Northwest Cider Cup,2
,Twisted Hills Craft Cider,2017,Great Lakes International Cider and Perry Competition,2
,Twisted Hills Craft Cider,2018,Great Lakes International Cider and Perry Competition,5
,Twisted Hills Craft Cider,2019,Great Lakes International Cider and Perry Competition,5
,Two Birds Brewing,2019,Australian Cider Awards,1
,Two Blokes Cider,2018,Great Lakes International Cider and Perry Competition,1
,Two Blokes Cider,2019,Great Lakes International Cider and Perry Competition,2
,Two Blokes Cider,2024,Great Lakes International Cider and Perry Competition,7
,Two Broads Ciderworks,2021,Great Lakes International Cider and Perry Competition,4
,Two K Farms,2019,Great Lakes International Cider and Perry Competition,8
,Two K Farms,2019,U.S. Open Cider Championship,1
,Two K Farms,2020,Cidercraft Awards,1
,Two K Farms,2021,Great Lakes International Cider and Perry Competition,10
,Two K Farms,2021,U.S. Open Cider Championship,4
,Two K Farms,2022,Great Lakes International Cider and Perry Competition,1
,Two K Farms,2023,Great Lakes International Cider and Perry Competition,4
,Two K Farms,2024,Great Lakes International Cider and Perry Competition,7
,Txopinondo,2014,Great Lakes International Cider and Perry Competition,1
,Txopinondo,2016,Great Lakes International Cider and Perry Competition,1
,Ty Gwyn Cider,2018,International Cider Challenge,3
,Ty Gwyn Cider,2019,International Cider Challenge,1
,Ty Gwyn Cider,2020,International Cider Challenge,2
,TÁLAVA,2024,Japan Cider Cup,2
,Tālava,2021,Salón Internacional de les Sidres de Gala (SISGA),4
,Tālava,2022,International Cider Challenge,3
,Tālava,2022,Salón Internacional de les Sidres de Gala (SISGA),1
,Tālava,2023,International Cider Challenge,2
,Tālava,2023,Nordic International Cider Awards,3
,Tālava,2023,Salón Internacional de les Sidres de Gala (SISGA),2
,Tālava,2024,International Cider Challenge,1
,Tālava,2024,Salón Internacional de les Sidres de Gala (SISGA),2
,Tālava Sidrs,2023,Japan Cider Cup,1
,Udders Orchard Cider,2023,Royal Bath & West Show - British Cider Championships,1
,Ugly Apple,2017,Great Lakes International Cider and Perry Competition,1
,Ugly Apple,2018,Great Lakes International Cider and Perry Competition,2
,Ulvik Frukt & Cideri,2019,Sagardo Forum International Cider Competition,3
,Ulvik Frukt & Cideri,2021,Sagardo Forum International Cider Competition,4
,Ulvik Frukt & Cideri,2022,Nordic International Cider Awards,2
,Ulvik Frukt & Cideri,2023,Nordic International Cider Awards,3
,Ulvik Frukt & Cideri,2023,Sagardo Forum International Cider Competition,3
,Uncle John's,2005,Great Lakes International Cider and Perry Competition,4
,Uncle John's,2006,Great Lakes International Cider and Perry Competition,5
,Uncle John's,2007,Great Lakes International Cider and Perry Competition,5
,Uncle John's,2008,Great Lakes International Cider and Perry Competition,9
,Uncle John's,2009,Great Lakes International Cider and Perry Competition,9
,Uncle John's,2011,Great Lakes International Cider and Perry Competition,12
,Uncle John's,2012,Great Lakes International Cider and Perry Competition,11
,Uncle John's,2013,Great Lakes International Cider and Perry Competition,14
,Uncle John's,2014,Great Lakes International Cider and Perry Competition,9
,Uncle John's,2015,Great Lakes International Cider and Perry Competition,14
,Uncle John's,2016,Great Lakes International Cider and Perry Competition,13
,Uncle John's,2017,Great Lakes International Cider and Perry Competition,9
,Uncle John's,2018,Great Lakes International Cider and Perry Competition,7
,Uncle John's,2019,Great Lakes International Cider and Perry Competition,18
,Uncle John's,2021,Great Lakes International Cider and Perry Competition,20
,Uncle John's,2022,Great Lakes International Cider and Perry Competition,18
,Uncle John's,2023,Great Lakes International Cider and Perry Competition,15
,Uncommon Cider Co.,2017,Great Lakes International Cider and Perry Competition,1
,Uncommon Cider Co.,2018,Great Lakes International Cider and Perry Competition,3
,Uncommon Cider Co.,2021,Great Lakes International Cider and Perry Competition,7
,Unibroue,2005,Great Lakes International Cider and Perry Competition,1
,Union Hill Cider Co.,2022,U.S. Open Cider Championship,1
,Union Hill Cider Co.,2023,Northwest Cider Cup,1
,Union Hill Cider Co.,2024,Northwest Cider Cup,2
,Union Hill Cider Company,2020,Cidercraft Awards,2
,Union Hill Cider Company,2022,Cidercraft Awards,2
,Union Hill Cider Company,2023,Cidercraft Awards,1
,Union Hill Cider Company,2024,Cidercraft Awards,1
,Upper Left Apples,2019,Great Lakes International Cider and Perry Competition,1
,Upside Cider,2021,Northwest Cider Cup,1
,Upstream Cider,2019,Great Lakes International Cider and Perry Competition,1
,Urban Farm Fermentory,2018,Salón Internacional de les Sidres de Gala (SISGA),1
,Urban Farm Fermentory,2019,Great Lakes International Cider and Perry Competition,2
,Urban Farm Fermentory,2019,Salón Internacional de les Sidres de Gala (SISGA),2
,Urban Farm Fermentory,2020,Salón Internacional de les Sidres de Gala (SISGA),4
,Urban Farm Fermentory,2021,Great Lakes International Cider and Perry Competition,3
,Urban Farm Fermentory,2021,Sagardo Forum International Cider Competition,2
,Urban Farm Fermentory,2021,Salón Internacional de les Sidres de Gala (SISGA),2
,Urban Farm Fermentory,2023,Salón Internacional de les Sidres de Gala (SISGA),3
,Urban Forage Winery & Cider House,2017,Great Lakes International Cider and Perry Competition,2
,Urban Forage Winery & Cider House,2022,Great Lakes International Cider and Perry Competition,4
,Urban Tree Hard Cider,2016,Great Lakes International Cider and Perry Competition,3
,Urban Tree Hard Cider,2016,U.S. Open Cider Championship,1
,Urban Tree Hard Cider,2017,Great Lakes International Cider and Perry Competition,4
,Urban Tree Hard Cider,2017,U.S. Open Cider Championship,2
,Urban Tree Hard Cider,2018,Cidercraft Awards,1
,Urban Tree Hard Cider,2018,Great Lakes International Cider and Perry Competition,1
,Urban Tree Hard Cider,2018,U.S. Open Cider Championship,2
,Urban Tree Hard Cider,2019,Great Lakes International Cider and Perry Competition,3
,Urban Tree Hard Cider,2020,U.S. Open Cider Championship,3
,Urban Tree Hard Cider,2021,Great Lakes International Cider and Perry Competition,7
,Urban Tree Hard Cider,2021,U.S. Open Cider Championship,4
,Urban Tree Hard Cider,2022,Cidercraft Awards,1
,Urban Tree Hard Cider,2022,Great Lakes International Cider and Perry Competition,4
,Urban Tree Hard Cider,2022,U.S. Open Cider Championship,2
,VOG Products,2023,CiderWorld Awards,1
,VOG Products,2024,CiderWorld Awards,2
,Val de Rance,2016,Great Lakes International Cider and Perry Competition,2
,Val de Rance,2019,Cidercraft Awards,1
,Val de la Chèvre,2019,Concours Régional Cidricole de Bretagne,1
,Val de la Chèvre,2021,Concours Régional Cidricole de Bretagne,1
,Val de la Chèvre,2022,Concours Régional Cidricole de Bretagne,1
,Val de la Chèvre,2023,Concours Régional Cidricole de Bretagne,2
,Vala's Orchard Cider,2021,Great Lakes International Cider and Perry Competition,7
,Vala's Orchard Cider,2022,Great Lakes International Cider and Perry Competition,9
,Vala's Orchard Cider,2023,Great Lakes International Cider and Perry Competition,4
,Vala's Orchard Cider,2023,U.S. Open Cider Championship,3
,Vala's Orchard Cider,2024,Great Lakes International Cider and Perry Competition,5
,Vala's Orchard Cider,2024,U.S. Open Cider Championship,4
,Valduro,2016,Salón Internacional de les Sidres de Gala (SISGA),1
,Valduro,2017,Sagardo Forum International Cider Competition,2
,Valle Ballina y Fernandez,2023,CiderWorld Awards,9
,Valley Cider Company,2021,Great Lakes International Cider and Perry Competition,3
,Vander Mill,2008,Great Lakes International Cider and Perry Competition,3
,Vander Mill,2009,Great Lakes International Cider and Perry Competition,6
,Vander Mill,2011,Great Lakes International Cider and Perry Competition,3
,Vander Mill,2012,Great Lakes International Cider and Perry Competition,7
,Vander Mill,2013,Great Lakes International Cider and Perry Competition,5
,Vander Mill,2014,Great Lakes International Cider and Perry Competition,4
,Vander Mill,2015,Great Lakes International Cider and Perry Competition,2
,Vander Mill,2016,Great Lakes International Cider and Perry Competition,5
,Vander Mill,2017,Great Lakes International Cider and Perry Competition,3
,Vander Mill,2018,Great Lakes International Cider and Perry Competition,8
,Vander Mill,2019,Great Lakes International Cider and Perry Competition,13
,Vander Mill,2019,Sagardo Forum International Cider Competition,6
,Vander Mill,2021,Great Lakes International Cider and Perry Competition,14
,Vander Mill,2022,Great Lakes International Cider and Perry Competition,13
,Vander Mill,2023,Great Lakes International Cider and Perry Competition,5
,Vander Mill,2023,Sagardo Forum International Cider Competition,3
,Vander Mill,2024,Great Lakes International Cider and Perry Competition,8
,Veinimäe,2023,Nordic International Cider Awards,2
,Veinimäe,2024,International Cider Challenge,1
,Ventons Devon Cider,2023,Royal Bath & West Show - British Cider Championships,6
,Ventons Devon Cyder,2024,Royal Bath & West Show - British Cider Championships,2
,Verger Belliveau Orchard,2015,Great Lakes International Cider and Perry Competition,1
,Verger Belliveau Orchard,2017,Great Lakes International Cider and Perry Competition,1
,Verger Belliveau Orchard,2019,Great Lakes International Cider and Perry Competition,1
,Verger Belliveau Orchard,2021,Great Lakes International Cider and Perry Competition,1
,Vergers Petit et Fils,2020,Cidercraft Awards,1
,Vergers de Romilly,2017,U.S. Open Cider Championship,1
,Vergers de Romilly,2018,Cidercraft Awards,1
,Vergers de Romilly,2018,U.S. Open Cider Championship,1
,Vergers de Velours,2018,Great Lakes International Cider and Perry Competition,1
,Vermont Cider Company,2005,Great Lakes International Cider and Perry Competition,2
,Vermont Cider Company,2006,Great Lakes International Cider and Perry Competition,4
,Vermont Cider Company,2008,Great Lakes International Cider and Perry Competition,5
,Vermont Cider Company,2009,Great Lakes International Cider and Perry Competition,5
,Vermont Cider Company,2011,Great Lakes International Cider and Perry Competition,5
,Vermont Cider Company,2013,Great Lakes International Cider and Perry Competition,6
,Vermont Cider Company,2014,Great Lakes International Cider and Perry Competition,11
,Vermont Cider Company,2015,Great Lakes International Cider and Perry Competition,2
,Vermont Cider Company,2015,International Cider Awards,2
,Vermont Cider Company,2015,U.S. Open Cider Championship,4
,Vermont Cider Company,2016,Great Lakes International Cider and Perry Competition,4
,Vermont Cider Company,2016,U.S. Open Cider Championship,5
,Vermont Cider Company,2017,Cidercraft Awards,2
,Vermont Cider Company,2017,Great Lakes International Cider and Perry Competition,8
,Vermont Cider Company,2017,U.S. Open Cider Championship,2
,Vermont Cider Company,2018,Great Lakes International Cider and Perry Competition,8
,Vermont Cider Company,2018,U.S. Open Cider Championship,5
,Vermont Cider Company,2019,Great Lakes International Cider and Perry Competition,10
,Vermont Cider Company,2019,U.S. Open Cider Championship,3
,Vermont Cider Company,2020,U.S. Open Cider Championship,4
,Vermont Cider Company,2021,Great Lakes International Cider and Perry Competition,11
,Vermont Cider Company,2021,U.S. Open Cider Championship,2
,Vermont Cider Company,2022,Cidercraft Awards,1
,Vermont Cider Company,2022,U.S. Open Cider Championship,2
,Vermont Cider Company,2023,U.S. Open Cider Championship,6
,Vermont Cider Company,2024,Great Lakes International Cider and Perry Competition,12
,Vermont Cider Company,2024,U.S. Open Cider Championship,4
,Vestavin,2023,Nordic International Cider Awards,1
,Victoria Cider Co.,2022,Northwest Cider Cup,1
,Victoria Cider Co.,2023,Great Lakes International Cider and Perry Competition,4
,Victoria Cider Co.,2023,Northwest Cider Cup,1
,Victoria Cider Co.,2024,Northwest Cider Cup,2
,Villa Armos Craft Cider,2024,CiderWorld Awards,2
,Villeplet,2022,Nordic International Cider Awards,1
,Vin 312,2021,Great Lakes International Cider and Perry Competition,1
,VinVie Winery & Cidery,2023,Japan Cider Cup,4
,VinVie Winery & Cidery,2024,Japan Cider Cup,5
,Vines & Rushes Winery,2014,Great Lakes International Cider and Perry Competition,1
,Vinos Tendal,2024,Salón Internacional de les Sidres de Gala (SISGA),1
,Vins Arista,2023,Great Lakes International Cider and Perry Competition,1
,Vins Arista,2024,Great Lakes International Cider and Perry Competition,1
,Virtue Cider,2013,Great Lakes International Cider and Perry Competition,1
,Virtue Cider,2014,Great Lakes International Cider and Perry Competition,4
,Virtue Cider,2015,Great Lakes International Cider and Perry Competition,6
,Virtue Cider,2016,Great Lakes International Cider and Perry Competition,4
,Virtue Cider,2017,Great Lakes International Cider and Perry Competition,11
,Virtue Cider,2017,U.S. Open Cider Championship,4
,Virtue Cider,2018,Cidercraft Awards,1
,Virtue Cider,2018,Great Lakes International Cider and Perry Competition,11
,Virtue Cider,2018,U.S. Open Cider Championship,3
,Virtue Cider,2019,Great Lakes International Cider and Perry Competition,6
,Virtue Cider,2019,U.S. Open Cider Championship,1
,Virtue Cider,2021,Great Lakes International Cider and Perry Competition,10
,Virtue Cider,2022,Great Lakes International Cider and Perry Competition,9
,Virtue Cider,2023,Great Lakes International Cider and Perry Competition,5
,Vivid Cider,2015,Australian Cider Awards,1
,W-G Cider,2023,Royal Bath & West Show - British Cider Championships,4
,W-G Cider,2024,Royal Bath & West Show - British Cider Championships,1
,Wadys Cider,2023,Royal Bath & West Show - British Cider Championships,1
,Wadys Cider,2024,Royal Bath & West Show - British Cider Championships,1
,Waitrose,2018,International Cider Challenge,1
,Waitrose,2019,International Cider Challenge,2
,Waitrose,2020,International Cider Challenge,1
,Walkerville City Cidery,2019,Great Lakes International Cider and Perry Competition,1
,Walkerville City Cidery,2021,Great Lakes International Cider and Perry Competition,1
,Walkerville City Cidery,2022,Great Lakes International Cider and Perry Competition,1
,Walkerville City Cidery,2023,Great Lakes International Cider and Perry Competition,1
,Walt Cider,2023,International Cider Challenge,3
,Wandering Aengus Ciderworks,2006,Great Lakes International Cider and Perry Competition,4
,Wandering Aengus Ciderworks,2007,Great Lakes International Cider and Perry Competition,3
,Wandering Aengus Ciderworks,2012,Great Lakes International Cider and Perry Competition,3
,Wandering Aengus Ciderworks,2013,Great Lakes International Cider and Perry Competition,5
,Wandering Aengus Ciderworks,2014,Great Lakes International Cider and Perry Competition,8
,Wandering Aengus Ciderworks,2014,Northwest Cider Cup,3
,Wandering Aengus Ciderworks,2015,Great Lakes International Cider and Perry Competition,5
,Wandering Aengus Ciderworks,2015,Northwest Cider Cup,2
,Wandering Aengus Ciderworks,2016,Great Lakes International Cider and Perry Competition,9
,Wandering Aengus Ciderworks,2016,Northwest Cider Cup,1
,Wandering Aengus Ciderworks,2017,Cidercraft Awards,1
,Wards Cider,2016,Great Lakes International Cider and Perry Competition,1
,Wards Cider,2017,Northwest Cider Cup,1
,Wards Cider,2018,Great Lakes International Cider and Perry Competition,3
,Warwick Valley Winery & Distillery,2009,Great Lakes International Cider and Perry Competition,3
,Warwick Valley Winery & Distillery,2013,Great Lakes International Cider and Perry Competition,2
,Wata Lebanese Cider,2021,Sagardo Forum International Cider Competition,3
,Watchet Cider Company,2023,Royal Bath & West Show - British Cider Championships,1
,Waves Cider Co.,2021,Great Lakes International Cider and Perry Competition,4
,Waves Cider Co.,2022,Great Lakes International Cider and Perry Competition,6
,Waves Cider Co.,2023,Great Lakes International Cider and Perry Competition,5
,Weidmann & Groh,2012,Australian Cider Awards,1
,Weidmann & Groh,2013,Australian Cider Awards,2
,Weidmann & Groh,2013,Great Lakes International Cider and Perry Competition,2
,Weidmann & Groh,2014,Great Lakes International Cider and Perry Competition,4
,Weidmann & Groh,2017,Sagardo Forum International Cider Competition,6
,Weidmann & Groh,2019,Sagardo Forum International Cider Competition,3
,Weidmann & Groh,2021,Sagardo Forum International Cider Competition,6
,Weidmann & Groh,2023,CiderWorld Awards,3
,Weidmann & Groh,2023,Sagardo Forum International Cider Competition,4
,Weidmann & Groh,2024,CiderWorld Awards,3
,Weidmann & Groh,2024,Great Lakes International Cider and Perry Competition,2
,West Avenue Cider,2014,Great Lakes International Cider and Perry Competition,5
,West Avenue Cider,2015,Great Lakes International Cider and Perry Competition,6
,West Avenue Cider,2016,Great Lakes International Cider and Perry Competition,6
,West Avenue Cider,2016,U.S. Open Cider Championship,1
,West Avenue Cider,2017,Great Lakes International Cider and Perry Competition,8
,West Avenue Cider,2017,U.S. Open Cider Championship,1
,West Avenue Cider,2018,Cidercraft Awards,1
,West Avenue Cider,2018,Great Lakes International Cider and Perry Competition,5
,West Avenue Cider,2019,Cidercraft Awards,2
,West Avenue Cider,2019,Great Lakes International Cider and Perry Competition,5
,West Avenue Cider,2022,Great Lakes International Cider and Perry Competition,2
,West Avenue Cider,2023,Great Lakes International Cider and Perry Competition,4
,West Croft Cider,2023,Royal Bath & West Show - British Cider Championships,1
,West End Cider House,2023,Great Lakes International Cider and Perry Competition,3
,West End Cider House,2024,Great Lakes International Cider and Perry Competition,3
,West Milton Cider,2023,Royal Bath & West Show - British Cider Championships,3
,Westcott Bay Cider,2006,Great Lakes International Cider and Perry Competition,3
,Westcott Bay Cider,2007,Great Lakes International Cider and Perry Competition,3
,Westcott Bay Cider,2008,Great Lakes International Cider and Perry Competition,2
,Westcott Bay Cider,2009,Great Lakes International Cider and Perry Competition,2
,Westcott Bay Cider,2011,Great Lakes International Cider and Perry Competition,4
,Westcott Bay Cider,2012,Great Lakes International Cider and Perry Competition,3
,Westcott Bay Cider,2013,Great Lakes International Cider and Perry Competition,3
,Westcott Bay Cider,2014,Great Lakes International Cider and Perry Competition,4
,Westcott Bay Cider,2015,Great Lakes International Cider and Perry Competition,1
,Westcott Bay Cider,2016,Great Lakes International Cider and Perry Competition,3
,Westcott Bay Cider,2019,Great Lakes International Cider and Perry Competition,2
,Western Cider,2017,Northwest Cider Cup,1
,Western Cider,2018,Great Lakes International Cider and Perry Competition,8
,Western Cider,2018,Northwest Cider Cup,2
,Western Cider,2021,Northwest Cider Cup,2
,Westons Cider,2009,Great Lakes International Cider and Perry Competition,2
,Westons Cider,2011,Great Lakes International Cider and Perry Competition,3
,Westons Cider,2012,Australian Cider Awards,3
,Westons Cider,2013,Australian Cider Awards,3
,Westons Cider,2015,International Cider Awards,1
,Westons Cider,2016,Australian Cider Awards,3
,Westons Cider,2017,Australian Cider Awards,7
,Westons Cider,2018,Australian Cider Awards,8
,Westons Cider,2018,International Cider Challenge,7
,Westons Cider,2019,International Cider Awards,1
,Westons Cider,2019,International Cider Challenge,13
,Westons Cider,2020,International Cider Challenge,6
,Westons Cider,2021,International Cider Challenge,9
,Westons Cider,2022,International Cider Challenge,1
,Westons Cider,2024,International Cider Challenge,2
,Westside CiderWerks,2016,Great Lakes International Cider and Perry Competition,2
,Westview Orchards & Winery,2019,Great Lakes International Cider and Perry Competition,1
,Whetstone CiderWorks,2015,Great Lakes International Cider and Perry Competition,1
,Whetstone CiderWorks,2016,Great Lakes International Cider and Perry Competition,3
,White Rabbit,2017,Australian Cider Awards,1
,White Rabbit,2018,Australian Cider Awards,1
,White Winter Winery,2005,Great Lakes International Cider and Perry Competition,1
,White Winter Winery,2007,Great Lakes International Cider and Perry Competition,2
,White Winter Winery,2008,Great Lakes International Cider and Perry Competition,2
,White Winter Winery,2014,Great Lakes International Cider and Perry Competition,1
,White Winter Winery,2017,Great Lakes International Cider and Perry Competition,2
,White Winter Winery,2017,U.S. Open Cider Championship,3
,White Winter Winery,2023,Great Lakes International Cider and Perry Competition,2
,White Winter Winery,2024,Great Lakes International Cider and Perry Competition,2
,White Winter Winery,2024,U.S. Open Cider Championship,1
,Whitewood Cider Co.,2014,Great Lakes International Cider and Perry Competition,3
,Whitewood Cider Co.,2015,Great Lakes International Cider and Perry Competition,2
,Whitewood Cider Co.,2015,Northwest Cider Cup,1
,Wicked Barley,2019,U.S. Open Cider Championship,1
,Wignac,2018,International Cider Challenge,2
,Wignac Cidre,2023,Japan Cider Cup,1
,Wilce's Cider,2024,Museum of Cider International Cider & Perry Competition,1
,Wilcox Cider,2023,Royal Bath & West Show - British Cider Championships,2
,Wild Cider,2014,Great Lakes International Cider and Perry Competition,4
,Wild Cider,2015,Great Lakes International Cider and Perry Competition,2
,Wild Cider,2018,Great Lakes International Cider and Perry Competition,2
,Wild Hare Cider,2016,Great Lakes International Cider and Perry Competition,1
,Wild Hare Cider,2017,Great Lakes International Cider and Perry Competition,4
,Wild Hare Cider,2019,Great Lakes International Cider and Perry Competition,1
,Wild Harvest Brewing Company,2024,International Cider Challenge,3
,Wild Rock Cider,2022,International Cider Challenge,2
,Wild State Cider,2019,U.S. Open Cider Championship,1
,Wild State Cider,2021,Great Lakes International Cider and Perry Competition,4
,Wild State Cider,2022,Cidercraft Awards,3
,Wild State Cider,2022,Great Lakes International Cider and Perry Competition,4
,Wild State Cider,2023,Great Lakes International Cider and Perry Competition,5
,Wild West Cider,2024,Royal Bath & West Show - British Cider Championships,2
,WildCraft Cider Works,2015,Northwest Cider Cup,1
,WildCraft Cider Works,2016,Great Lakes International Cider and Perry Competition,2
,WildCraft Cider Works,2016,Northwest Cider Cup,1
,WildCraft Cider Works,2017,Great Lakes International Cider and Perry Competition,6
,WildCraft Cider Works,2017,Northwest Cider Cup,1
,WildCraft Cider Works,2018,Cidercraft Awards,1
,WildCraft Cider Works,2018,Northwest Cider Cup,1
,WildCraft Cider Works,2022,Cidercraft Awards,1
,Wildbranch Cider,2023,Great Lakes International Cider and Perry Competition,1
,Wilding Cider,2023,Royal Bath & West Show - British Cider Championships,3
,Wilding Orchards,2021,Great Lakes International Cider and Perry Competition,2
,Wilding Orchards,2023,Great Lakes International Cider and Perry Competition,2
,Willamette Ale & Cider House,2023,Great Lakes International Cider and Perry Competition,4
,Willamette Ale & Cider House,2024,Great Lakes International Cider and Perry Competition,4
,William Barnes,2023,Royal Bath & West Show - British Cider Championships,5
,William Barnes,2024,Royal Bath & West Show - British Cider Championships,4
,Williamson Mead and Brewing,2022,Great Lakes International Cider and Perry Competition,4
,Williamson Mead and Brewing,2023,Great Lakes International Cider and Perry Competition,2
,Williamson Mead and Brewing,2024,Great Lakes International Cider and Perry Competition,3
,Williamson Mead and Brewing,2024,U.S. Open Cider Championship,1
,Willie Smith's,2013,Australian Cider Awards,1
,Willie Smith's,2015,Australian Cider Awards,2
,Willie Smith's,2016,Australian Cider Awards,3
,Willie Smith's,2017,Australian Cider Awards,7
,Willie Smith's,2017,Sagardo Forum International Cider Competition,1
,Willie Smith's,2018,Australian Cider Awards,11
,Willie Smith's,2018,Great Lakes International Cider and Perry Competition,2
,Willie Smith's,2018,International Cider Challenge,2
,Willie Smith's,2019,Australian Cider Awards,10
,Willie Smith's,2021,Australian Cider Awards,4
,Willie Smith's,2022,Australian Cider Awards,9
,Willie Smith's,2023,Australian Cider Awards,12
,Willie Smith's,2024,Australian Cider Awards,7
,Willow Oaks,2021,Great Lakes International Cider and Perry Competition,2
,Willow Oaks,2022,Great Lakes International Cider and Perry Competition,4
,Wilson's Orchard & Farm,2022,Great Lakes International Cider and Perry Competition,16
,Win's Cider,2024,Royal Bath & West Show - British Cider Championships,1
,Winchester Ciderworks,2021,U.S. Open Cider Championship,1
,Windermere Cider,2014,Australian Cider Awards,1
,Windfall Cider,2019,Cidercraft Awards,1
,Windfall Cider,2019,Great Lakes International Cider and Perry Competition,1
,Windfall Cider,2021,Great Lakes International Cider and Perry Competition,1
,Windfall Orchard,2016,Great Lakes International Cider and Perry Competition,2
,Windfall Orchard,2017,Great Lakes International Cider and Perry Competition,1
,Windmill Ridge Acres,2023,U.S. Open Cider Championship,1
,Windmill Ridge Acres,2024,U.S. Open Cider Championship,2
,Windswept Orchard Cider,2017,Great Lakes International Cider and Perry Competition,2
,Windswept Orchard Cider,2018,Great Lakes International Cider and Perry Competition,6
,Windswept Orchard Cider,2019,Great Lakes International Cider and Perry Competition,6
,Windswept Orchard Cider,2022,Great Lakes International Cider and Perry Competition,4
,Windy Hill Orchard & Cidery,2011,Great Lakes International Cider and Perry Competition,3
,Windy Hill Orchard & Cidery,2012,Great Lakes International Cider and Perry Competition,3
,Windy Hill Orchard & Cidery,2013,Great Lakes International Cider and Perry Competition,3
,Windy Hill Orchard & Cidery,2014,Great Lakes International Cider and Perry Competition,4
,Windy Hill Orchard & Cidery,2015,Great Lakes International Cider and Perry Competition,5
,Windy Hill Orchard & Cidery,2016,Great Lakes International Cider and Perry Competition,5
,Windy Hill Orchard & Cidery,2017,Great Lakes International Cider and Perry Competition,1
,Windy Hill Orchard & Cidery,2018,Great Lakes International Cider and Perry Competition,2
,Windy Hill Orchard & Cidery,2019,Great Lakes International Cider and Perry Competition,2
,Winemaking Tasmania,2019,International Cider Challenge,1
,Winery at Black Star Farms,2005,Great Lakes International Cider and Perry Competition,3
,Winery at Black Star Farms,2006,Great Lakes International Cider and Perry Competition,3
,Winery at Black Star Farms,2007,Great Lakes International Cider and Perry Competition,2
,Winery at Black Star Farms,2008,Great Lakes International Cider and Perry Competition,4
,Winery at Black Star Farms,2009,Great Lakes International Cider and Perry Competition,3
,Winery at Black Star Farms,2011,Great Lakes International Cider and Perry Competition,5
,Winery at Black Star Farms,2012,Great Lakes International Cider and Perry Competition,5
,Winery at Black Star Farms,2013,Great Lakes International Cider and Perry Competition,2
,Winery at Black Star Farms,2015,Great Lakes International Cider and Perry Competition,4
,Winery at Black Star Farms,2016,Great Lakes International Cider and Perry Competition,2
,Winery at Black Star Farms,2019,Great Lakes International Cider and Perry Competition,1
,Winery at Black Star Farms,2021,Great Lakes International Cider and Perry Competition,1
,Winter Brook Vineyard,2017,Australian Cider Awards,1
,Winterset Cidery,2023,Great Lakes International Cider and Perry Competition,1
,Wisdom Wines,2024,International Cider Challenge,1
,Wise Bird Cider,2021,Great Lakes International Cider and Perry Competition,6
,Wise Bird Cider,2022,Great Lakes International Cider and Perry Competition,3
,Wise Bird Cider,2023,Great Lakes International Cider and Perry Competition,2
,Wise Bird Cider,2024,Great Lakes International Cider and Perry Competition,4
,Wise Man Brewing,2024,U.S. Open Cider Championship,2
,Wise Owl Cider,2019,International Cider Challenge,1
,Wise Owl Cider,2020,International Cider Challenge,2
,Witchcraft,2021,International Cider Awards,1
,Wolds Wine Estate,2024,Royal Bath & West Show - British Cider Championships,2
,Woodbox Cider Co.,2016,Great Lakes International Cider and Perry Competition,1
,Woodbox Cider Co.,2017,Great Lakes International Cider and Perry Competition,1
,Wooden Gate Cider,2022,Great Lakes International Cider and Perry Competition,2
,Wooden Gate Cider,2023,Great Lakes International Cider and Perry Competition,13
,Woodlore Cider Co.,2023,Great Lakes International Cider and Perry Competition,3
,Woodredding Cider and Perry,2024,Royal Bath & West Show - British Cider Championships,4
,Woodredding Farm Cider,2023,Royal Bath & West Show - British Cider Championships,1
,Woodredding Farm Cider,2024,Royal Three Counties Show,2
,Woolshed Brewery,2016,Australian Cider Awards,1
,Working Hands Fermentation,2017,Great Lakes International Cider and Perry Competition,1
,Working Hands Fermentation,2019,Northwest Cider Cup,1
,Worley's Cider,2015,Great Lakes International Cider and Perry Competition,3
,Wrangletown Cider Company,2018,Cidercraft Awards,1
,Wyatts,2023,Royal Bath & West Show - British Cider Championships,3
,Wyder's Cider,2005,Great Lakes International Cider and Perry Competition,3
,Wyder's Cider,2007,Great Lakes International Cider and Perry Competition,1
,Wyldlands,2024,Royal Bath & West Show - British Cider Championships,2
,Wyndfall Cyder,2015,Great Lakes International Cider and Perry Competition,1
,Wyndfall Cyder,2016,Great Lakes International Cider and Perry Competition,1
,Wyndridge Farm,2016,Great Lakes International Cider and Perry Competition,3
,Wyndridge Farm,2017,Great Lakes International Cider and Perry Competition,4
,Wyndridge Farm,2018,Great Lakes International Cider and Perry Competition,2
,Wyndridge Farm,2020,Cidercraft Awards,1
,Wyndridge Farm,2021,Great Lakes International Cider and Perry Competition,7
,Wölffer Estate Vineyard,2022,Great Lakes International Cider and Perry Competition,3
,Wölffer Estate Vineyard,2022,U.S. Open Cider Championship,3
,Wölffer Estate Vineyard,2023,U.S. Open Cider Championship,3
,Wölffer Estate Vineyard,2024,U.S. Open Cider Championship,4
,XO Alambic,2019,Great Lakes International Cider and Perry Competition,1
,Xaiko Beverages,2020,U.S. Open Cider Championship,1
,Yablo,2024,CiderWorld Awards,1
,Yahara Bay Distillery,2011,Great Lakes International Cider and Perry Competition,1
,Yallingup Cider Co.,2023,Australian Cider Awards,2
,Yankee Cider Company,2020,Cidercraft Awards,3
,Yarra Valley Cider,2013,Australian Cider Awards,1
,Yarra Valley Cider,2016,Australian Cider Awards,1
,Yarra Valley Cider,2017,Australian Cider Awards,1
,Yarra Valley Cider,2019,Australian Cider Awards,2
,Yip Cider,2018,Great Lakes International Cider and Perry Competition,4
,Yip Cider,2019,Great Lakes International Cider and Perry Competition,4
,Yip Cider,2022,Great Lakes International Cider and Perry Competition,4
,Yip Cider,2023,Great Lakes International Cider and Perry Competition,3
,Yip Cider,2024,Great Lakes International Cider and Perry Competition,5
,Yonder Cider,2021,Northwest Cider Cup,1
,Yonder Cider,2022,Cidercraft Awards,1
,Yonder Cider,2022,Great Lakes International Cider and Perry Competition,4
,Yonder Cider,2023,Cidercraft Awards,2
,Yonder Cider,2023,Northwest Cider Cup,4
,Yonder Cider,2024,Northwest Cider Cup,2
,York County Cider,2018,Great Lakes International Cider and Perry Competition,4
,Young Henrys,2015,Australian Cider Awards,1
,Zapiain,2014,Great Lakes International Cider and Perry Competition,1
,Zapiain,2017,Sagardo Forum International Cider Competition,4
,Zapiain,2019,Great Lakes International Cider and Perry Competition,1
,Zapiain,2019,Sagardo Forum International Cider Competition,4
,Zapiain,2021,Sagardo Forum International Cider Competition,4
,Zapiain,2022,Nordic International Cider Awards,2
,Zapiain,2023,CiderWorld Awards,2
,Zapiain,2023,Sagardo Forum International Cider Competition,4
,Zapiain,2024,CiderWorld Awards,2
,Zapiain,2024,Great Lakes International Cider and Perry Competition,1
,Zathinoé,2023,Concours des Cidres de Normandie,1
,Zathinoé,2023,Concours Général Agricole,1
,Zathinoé,2024,Concours des Cidres de Normandie,2
,Zattana,2024,Japan Cider Cup,1
,Zeffer,2013,Australian Cider Awards,1
,Zeffer,2014,Australian Cider Awards,3
,Zeffer,2015,Australian Cider Awards,2
,Zeffer,2017,International Cider Awards,1
,Zeffer,2018,Australian Cider Awards,3
,Zeffer,2019,Australian Cider Awards,2
,Zeffer,2019,International Cider Awards,1
,Zeffer,2023,Australian Cider Awards,1
,Zelaia,2017,Sagardo Forum International Cider Competition,2
,Zelaia,2019,Sagardo Forum International Cider Competition,3
,Zilver,2023,Nordic International Cider Awards,2
,^5 Cider,2016,Great Lakes International Cider and Perry Competition,2
,^5 Cider,2016,Northwest Cider Cup,1
,and CIDER,2023,Japan Cider Cup,1
,bigLITTLE Wines,2016,Great Lakes International Cider and Perry Competition,1
,d's Wicked Cider,2015,U.S. Open Cider Championship,1
,d's Wicked Cider,2016,U.S. Open Cider Championship,1
,d's Wicked Cider,2017,U.S. Open Cider Championship,2
,d's Wicked Cider,2018,U.S. Open Cider Championship,1
,d's Wicked Cider,2019,U.S. Open Cider Championship,1
,d's Wicked Cider,2020,U.S. Open Cider Championship,2
,d's Wicked Cider,2021,U.S. Open Cider Championship,2
,Åkre Gård,2019,Sagardo Forum International Cider Competition,4
,Åkre Gård,2021,Sagardo Forum International Cider Competition,6
,Åkre Gård,2022,Nordic International Cider Awards,3
,Æblerov,2021,Salón Internacional de les Sidres de Gala (SISGA),1
,Ægir Brugghús,2019,U.S. Open Cider Championship,1
,Écusson,2015,Salón Internacional de les Sidres de Gala (SISGA),4
,Écusson,2016,Salón Internacional de les Sidres de Gala (SISGA),3
,Écusson,2017,Concours Général Agricole,1
,Écusson,2017,Salón Internacional de les Sidres de Gala (SISGA),3
,Écusson,2018,Concours Général Agricole,1
,Écusson,2018,Salón Internacional de les Sidres de Gala (SISGA),5
,Écusson,2019,Concours Général Agricole,1
,Écusson,2019,International Cider Challenge,2
,Écusson,2020,Concours des Cidres de Normandie,4
,Écusson,2020,International Cider Challenge,2
,Écusson,2021,International Cider Challenge,3
,Écusson,2022,Concours Général Agricole,1
,Écusson,2022,International Cider Challenge,2
,Écusson,2023,Australian Cider Awards,1
,Écusson,2023,International Cider Challenge,2
,Écusson,2024,International Cider Challenge,3
,Ølmheim Siderhage,2023,Nordic International Cider Awards,1
