WID,Medalist,col2,col3,col4,Results,Best in Class,Gold,Silver,Bronze,Total,First,Last,Years,Results,Website,Facebook,Instagram,Google,State_Province,Country,Status,Latitude,Longitude
2,45 North Vineyard & Winery,45 North Vineyard & Winery,0,,https://glintcap.org/45-north-vineyard-winery,0,0,8,6,14,2016,2019,4,https://glintcap.org/45-north-vineyard-winery,https://fortyfivenorth.com/,https://www.facebook.com/fortyfivenorth,https://www.instagram.com/45northwinery/,https://maps.google.com/?cid=11817740184078021050,Michigan,United States,Active,45.002103,-85.681943
3,JK's Farmhouse Ciders,JK's Farmhouse Ciders,0,,https://glintcap.org/jks-farmhouse-ciders,0,0,1,2,3,2014,2018,3,https://glintcap.org/jks-farmhouse-ciders,http://jksfarmhouseciders.com/,https://www.facebook.com/jksfarmhouseciders,https://www.instagram.com/jksfarmhouseciders/,https://maps.google.com/?cid=9785317642581217954,Michigan,United States,Active,43.0274314,-83.9112091
4,B. Nektar,B. Nektar,0,,https://glintcap.org/b-nektar,0,0,4,3,7,2017,2022,3,https://glintcap.org/b-nektar,http://www.bnektar.com/,https://www.facebook.com/b.nektar,https://www.instagram.com/bnektar/,https://maps.google.com/?cid=8558313972907611413,Michigan,United States,Active,42.456877,-83.113432
5,Bee Well Mead & Cider,Bee Well Mead & Cider,0,,https://glintcap.org/bee-well-meadery,5,1,13,17,36,2016,2023,7,https://glintcap.org/bee-well-meadery,http://beewellmeadery.com/,https://www.facebook.com/BeeWellMeadery,https://www.instagram.com/beewellmeadery/,https://maps.google.com/?cid=18233410544073263210,Michigan,United States,Active,44.9760455,-85.2098303
6,Bel Lago Winery,Bel Lago Winery,0,,https://glintcap.org/bel-lago-winery,0,1,2,0,3,2015,2016,2,https://glintcap.org/bel-lago-winery,http://bellago.com/,https://www.facebook.com/Bellagowinery,https://www.instagram.com/bellagowinery/,https://maps.google.com/?cid=4644233978350648994,Michigan,United States,Active,44.883859,-85.725118
8,bigLITTLE Wines,bigLITTLE Wines,0,,https://glintcap.org/biglittle-wines,0,0,1,0,1,2016,2016,1,https://glintcap.org/biglittle-wines,,,,,Michigan,United States,Inactive,44.915844,-85.654114
9,Winery at Black Star Farms,Winery at Black Star Farms,0,,https://glintcap.org/black-star-farms,6,5,13,17,41,2005,2021,12,https://glintcap.org/black-star-farms,http://www.blackstarfarms.com/,https://www.facebook.com/blackstarfarms,https://www.instagram.com/blackstarfarms/,https://maps.google.com/?cid=7449332961214465656,Michigan,United States,Active,44.933625,-85.636114
10,Blake's Hard Cider Co.,Blake's Hard Cider Co.,0,,https://glintcap.org/blakes-hard-cider-co,1,10,31,23,65,2014,2023,9,https://glintcap.org/blakes-hard-cider-co,http://www.blakeshardcider.com/,https://www.facebook.com/blakeshardciderco,https://www.instagram.com/blakeshardciderco/,https://maps.google.com/?cid=15855146673119620480,Michigan,United States,Active,42.8503113,-82.9513855
12,Boss Cider Company,Boss Cider Company,0,,https://glintcap.org/boss-cider-company,0,0,5,4,9,2022,2022,1,https://glintcap.org/boss-cider-company,https://www.bosscider.com/,https://www.facebook.com/BossCider,https://www.instagram.com/bosscider/,https://maps.google.com/?cid=1969051789610674635,Michigan,United States,Active,42.450331,-84.431688
14,Cherry Creek Cellars,Cherry Creek Cellars,0,,https://glintcap.org/cherry-creek-cellars,0,0,1,5,6,2007,2018,5,https://glintcap.org/cherry-creek-cellars,http://www.cherrycreekwine.com/,https://www.facebook.com/cherrycreekcellars,https://www.instagram.com/cherrycreekcellars/,https://maps.google.com/?cid=5214593983043043226,Michigan,United States,Active,42.265117,-84.648542
16,Corey Lake Orchards,Corey Lake Orchards,0,,https://glintcap.org/corey-lake-orchards,1,0,3,3,7,2017,2018,2,https://glintcap.org/corey-lake-orchards,http://www.coreylakeorchards.com/,https://www.facebook.com/Corey-Lake-Orchards-131227153607072,https://www.instagram.com/coreylakeorchards/,https://maps.google.com/?cid=6754574994081328972,Michigan,United States,Active,41.919986,-85.718213
18,Forgotten Ciders,Forgotten Ciders,0,,https://glintcap.org/forgotten-ciders,0,0,7,11,18,2015,2018,4,https://glintcap.org/forgotten-ciders,,,,,Michigan,United States,Inactive,43.466119,-84.411417
19,Farmhaus Cider Co.,Farmhaus Cider Co.,0,,https://glintcap.org/farmhaus-cider-co,0,8,41,21,70,2015,2023,8,https://glintcap.org/farmhaus-cider-co,http://farmhauscider.com/,https://www.facebook.com/FarmhausCiderCo,https://www.instagram.com/farmhauscider/,https://maps.google.com/?cid=11406839464047037046,Michigan,United States,Active,42.936623,-85.909009
20,Fenn Valley Vineyards,Fenn Valley Vineyards,0,,https://glintcap.org/fenn-valley-vineyards,0,2,2,2,6,2022,2023,2,https://glintcap.org/fenn-valley-vineyards,https://www.fennvalley.com/,https://www.facebook.com/FennValley,https://www.instagram.com/fennvalley/,https://maps.google.com/?cid=4038197022279286991,Michigan,United States,Active,42.577827,-86.144125
21,Fieldstone Hard Cider Co.,Fieldstone Hard Cider Co.,0,,https://glintcap.org/fieldstone-hard-cider-co,0,2,5,2,9,2017,2019,3,https://glintcap.org/fieldstone-hard-cider-co,,,,,Michigan,United States,Inactive,42.678876,-83.134079
22,Flint City Hard Cider Co.,Flint City Hard Cider Co.,0,,https://glintcap.org/flint-city-hard-cider-co,0,0,2,5,7,2016,2022,5,https://glintcap.org/flint-city-hard-cider-co,,,,,Michigan,United States,Inactive,43.021453,-83.69504
23,Fourth Coast Ciderworks,Fourth Coast Ciderworks,0,,https://glintcap.org/fourth-coast-ciderworks,0,0,1,0,1,2019,2019,1,https://glintcap.org/fourth-coast-ciderworks,https://fourthcoastciderworks.com/,https://www.facebook.com/fourthcoastciderworks,https://www.instagram.com/4cciderworks/,https://maps.google.com/?cid=16743566446213207343,Michigan,United States,Active,42.7457157,-83.2832693
25,Green Bird Cellars,Green Bird Cellars,0,,https://glintcap.org/crows-hard-cider,0,1,1,4,6,2012,2015,4,https://glintcap.org/crows-hard-cider,http://www.greenbirdcellars.com/,https://www.facebook.com/greenbirdcellars,https://www.instagram.com/greenbirdcellars/,https://maps.google.com/?cid=10177780962923415301,Michigan,United States,Active,45.108463,-85.65037
26,Blackgrass Ciderworks,Blackgrass Ciderworks,0,,https://glintcap.org/blackgrass-ciderworks,0,0,7,12,19,2021,2023,3,https://glintcap.org/blackgrass-ciderworks,https://www.blackgrasscider.com/,https://www.facebook.com/blackgrasscider,https://www.instagram.com/BlackgrassCider/,https://maps.google.com/?cid=706094858439654713,Michigan,United States,Active,42.543611,-83.195536
27,Kuhnhenn Brewing Co.,Kuhnhenn Brewing Co.,0,,https://glintcap.org/kuhnhenn-brewing,0,1,0,0,1,2023,2023,1,https://glintcap.org/kuhnhenn-brewing,http://www.kbrewery.com/,https://www.facebook.com/KuhnhennBrewingCo,https://www.instagram.com/kuhnhennbrewing/,https://maps.google.com/?cid=15962690616595599148,Michigan,United States,Active,42.527768,-83.046765
28,Mawby Vineyards,Mawby Vineyards,0,,https://glintcap.org/mawby-vineyards,0,1,3,4,8,2016,2018,3,https://glintcap.org/mawby-vineyards,https://mawby.wine/,https://www.facebook.com/MAWBYwinery,https://www.instagram.com/mibubbly/,https://maps.google.com/?cid=2471409306317185463,Michigan,United States,Active,44.913676,-85.65229
30,Left Foot Charley,Left Foot Charley,0,,https://glintcap.org/left-foot-charley,1,3,21,11,36,2011,2023,10,https://glintcap.org/left-foot-charley,http://www.leftfootcharley.com/,https://www.facebook.com/LeftFootCharleyWinery,https://www.instagram.com/leftfootcharley/,https://maps.google.com/?cid=16198693468177995981,Michigan,United States,Active,44.756339,-85.645097
31,Lehman's Orchards,Lehman's Orchards,0,,https://glintcap.org/lehmans-orchards,0,0,3,1,4,2009,2011,2,https://glintcap.org/lehmans-orchards,,https://www.facebook.com/LehmansFarmHouse/,https://www.instagram.com/lehmansfarmhouse/,https://maps.google.com/?cid=15791562542672343306,Michigan,United States,Active,41.8286715,-86.3576005
33,Mcintosh Cellars,Mcintosh Cellars,0,,https://glintcap.org/mcintosh-cellars,1,2,7,10,20,2006,2019,9,https://glintcap.org/mcintosh-cellars,,,,,Michigan,United States,Inactive,42.469453,-86.170857
34,Meckley's Cidery,Meckley's Cidery,0,,https://glintcap.org/meckleys-cidery,0,0,4,15,19,2013,2016,4,https://glintcap.org/meckleys-cidery,http://flavorfruitfarm.com/,https://www.facebook.com/flavorfruitfarm/,https://www.instagram.com/meckleysflavorfruitfarm/,https://maps.google.com/?cid=3784686605669895808,Michigan,United States,Active,42.058904,-84.405962
36,Nomad Cidery,Nomad Cidery,0,,https://glintcap.org/nomad-cidery,0,0,2,4,6,2017,2018,2,https://glintcap.org/nomad-cidery,,,,,Michigan,United States,Inactive,44.772385,-85.4418419
37,Northern Natural Cider House & Winery,Northern Natural Winery,x,https://ciderguide.com/northern-natural-cider-house-winery/,https://glintcap.org/northern-natural-winery,0,2,3,6,11,2013,2017,5,https://glintcap.org/northern-natural-winery,http://www.northernnaturalwinery.com/,https://www.facebook.com/northernnaturalwinery,https://www.instagram.com/northernnaturalciderhouse/,https://maps.google.com/?cid=17749341957373928380,Michigan,United States,Active,44.3464985,-86.1020865
38,Northville Winery and Brewing Company,Northville Winery and Brewing Company,0,,https://glintcap.org/northville-winery-and-brewing-company,4,4,28,29,65,2008,2023,14,https://glintcap.org/northville-winery-and-brewing-company,http://www.thenorthvillewinery.com/,https://www.facebook.com/northvillewinery,https://www.instagram.com/northvillewinery/,https://maps.google.com/?cid=1839304926738675152,Michigan,United States,Active,42.437271,-83.475242
39,Ore Creek Craft Cider,Ore Creek Craft Cider,0,,https://glintcap.org/ore-creek-craft-ciders,0,0,1,4,5,2022,2023,2,https://glintcap.org/ore-creek-craft-ciders,https://orecreekmi.com/,https://www.facebook.com/orecreekcraftcider,https://www.instagram.com/orecreekcraftcider/,https://maps.google.com/?cid=9044276102436468725,Michigan,United States,Active,42.4182281,-83.905632
40,Painted Turtle Hard Cider,Painted Turtle Hard Cider,0,,https://glintcap.org/painted-turtle-hard-cider,0,0,2,3,5,2017,2021,2,https://glintcap.org/painted-turtle-hard-cider,http://www.paintedturtlehardcider.com/,https://www.facebook.com/paintedturtlehardcider,https://www.instagram.com/paintedturtlehardcider/,https://maps.google.com/?cid=2497160029912775288,Michigan,United States,Active,43.027811,-85.371348
43,Phillips Orchards & Cider Mill,Phillips Orchards & Cider Mill,0,,https://glintcap.org/phillips-ciders,0,1,14,6,21,2019,2023,4,https://glintcap.org/phillips-ciders,http://www.phillipsorchards.com/,https://www.facebook.com/PhillipsOrchards,https://www.instagram.com/phillipsorchards/,https://maps.google.com/?cid=7103527741412567137,Michigan,United States,Active,43.1177,-84.563483
44,Pux Cider,Pux Cider,0,,https://glintcap.org/pux-cider,1,3,13,11,28,2016,2023,7,https://glintcap.org/pux-cider,http://puxcider.com/,https://www.facebook.com/puxcider,https://www.instagram.com/puxcider/,https://www.google.com/maps?cid=16702208274441786920,Michigan,United States,Active,42.9683341,-85.640274
46,Robinette Cellars,Robinette Cellars,0,,https://glintcap.org/robinette-cellars,0,1,13,23,37,2006,2021,13,https://glintcap.org/robinette-cellars,https://robinettes.com/,https://www.facebook.com/Robinettes,https://www.instagram.com/robinettesapplehaus/,https://maps.google.com/?cid=5234107093392955640,Michigan,United States,Active,43.027537,-85.592264
48,Cascade Winery & Sierra Rose Ciders,Cascade Winery & Sierra Rose Ciders,0,,https://glintcap.org/cascade-winery,0,1,5,4,10,2005,2023,6,https://glintcap.org/cascade-winery,http://www.sierrarosewinery.com/,https://www.facebook.com/sierrarosewinery,,https://maps.google.com/?cid=15952962754429138350,Michigan,United States,Active,42.878915,-85.562785
49,Spicer's Winery,Spicer's Winery,0,,https://glintcap.org/spicers-winery,0,1,5,11,17,2009,2016,7,https://glintcap.org/spicers-winery,http://www.spicerorchards.com/,https://www.facebook.com/SpicerOrchards,https://www.instagram.com/spicerorchards/,https://maps.google.com/?cid=3119499086024195213,Michigan,United States,Active,42.677486,-83.751844
50,St. Ambrose Cellars,St. Ambrose Cellars,0,,https://glintcap.org/st-ambrose-cellars,0,0,4,3,7,2015,2016,2,https://glintcap.org/st-ambrose-cellars,https://www.stambrose-mead-wine.com/,https://www.facebook.com/stambrosecellars,https://www.instagram.com/stambrosecellars/,https://maps.google.com/?cid=15684792512273738710,Michigan,United States,Active,44.618196,-85.998147
51,St. Julian Winery,St. Julian Winery,0,,https://glintcap.org/forbidden-fruit-cider,0,0,2,4,6,2015,2019,3,https://glintcap.org/forbidden-fruit-cider,http://www.stjulian.com/,https://www.facebook.com/StJulianWinery,https://www.instagram.com/stjulianwinery/,https://maps.google.com/?cid=2249622530303383968,Michigan,United States,Active,42.212252,-85.891725
52,Starcut Ciders,Starcut Ciders,0,,https://glintcap.org/starcut-ciders,4,4,22,24,54,2015,2023,8,https://glintcap.org/starcut-ciders,http://starcutciders.com/,https://www.facebook.com/starcutcidersmi,https://www.instagram.com/starcutciders/,https://maps.google.com/?cid=2440791440580754774,Michigan,United States,Active,44.976269,-85.210357
53,Suttons Bay Ciders,Suttons Bay Ciders,0,,https://glintcap.org/suttons-bay-ciders,2,0,9,10,21,2017,2023,5,https://glintcap.org/suttons-bay-ciders,http://suttonsbayciders.com/,https://www.facebook.com/SuttonsBayCiders,https://www.instagram.com/suttonsbayciders/,https://maps.google.com/?cid=15136373870466556438,Michigan,United States,Active,44.905766,-85.643616
54,Tandem Ciders,Tandem Ciders,0,,https://glintcap.org/tandem-ciders,5,8,49,19,81,2009,2023,13,https://glintcap.org/tandem-ciders,http://www.tandemciders.com/,https://www.facebook.com/TandemCiders/,https://www.instagram.com/tandemciders/,https://maps.google.com/?cid=17873533731324152260,Michigan,United States,Active,45.011335,-85.659757
55,Texas Corners Brewing Company,Texas Corners Brewing Company,0,,https://glintcap.org/texas-corners-brewing-co,0,0,4,1,5,2017,2018,2,https://glintcap.org/texas-corners-brewing-co,http://texascornersbrewing.com/,https://www.facebook.com/TexasCornersBrewingCompany,https://www.instagram.com/texascornersbrewing/,https://maps.google.com/?cid=9884252459046416182,Michigan,United States,Active,42.202294,-85.686559
58,Thornapple Brewing Company,Thornapple Brewing Company,0,,https://glintcap.org/thornapple-brewing-company,0,2,8,12,22,2017,2023,6,https://glintcap.org/thornapple-brewing-company,http://www.thornapplebrewing.com/,https://www.facebook.com/ThornappleBrewingCompany,https://www.instagram.com/thornapplebrewing/,https://maps.google.com/?cid=9646788014435304722,Michigan,United States,Active,42.912347,-85.512693
59,Townline Ciderworks,Townline Ciderworks,0,,https://glintcap.org/townline-ciderworks,0,2,14,6,22,2017,2023,5,https://glintcap.org/townline-ciderworks,https://www.townlineciderworks.com/,https://www.facebook.com/TownlineCiderworks,https://www.instagram.com/townlineciderworks/,https://www.google.com/maps?cid=10669443199270117297,Michigan,United States,Active,44.863802,-85.422672
61,Uncle John's,Uncle John's,0,,https://glintcap.org/uncle-johns,19,28,91,73,211,2005,2023,17,https://glintcap.org/uncle-johns,https://www.ujcidermill.com/,https://www.facebook.com/UJCiderMill,https://www.instagram.com/unclejohns_cidermill/,https://maps.google.com/?cid=16260144443906622289,Michigan,United States,Active,43.112648,-84.561921
62,Vander Mill,Vander Mill,0,,https://glintcap.org/vander-mill,2,10,47,34,93,2008,2023,14,https://glintcap.org/vander-mill,http://vandermill.com/,https://www.facebook.com/VanderMillGR,https://www.instagram.com/vandermill/,https://maps.google.com/?cid=6214407049389872858,Michigan,United States,Active,42.971697,-85.630719
63,Virtue Cider,Virtue Cider,0,,https://glintcap.org/virtue-cider,1,5,38,24,68,2013,2023,10,https://glintcap.org/virtue-cider,http://www.virtuecider.com/,https://www.facebook.com/virtuecider,https://www.instagram.com/virtuecider/,https://maps.google.com/?cid=8731167836057791034,Michigan,United States,Active,42.57688,-86.15187
64,Westview Orchards & Winery,Westview Orchards & Winery,0,,https://glintcap.org/westview-orchards-winery,0,0,0,1,1,2019,2019,1,https://glintcap.org/westview-orchards-winery,https://www.westviewproduce.com/,https://www.facebook.com/WestviewOrchards,https://www.instagram.com/westvieworchards/,https://maps.google.com/?cid=15618716970399132431,Michigan,United States,Active,42.772653,-83.018539
66,2 Fools Cider,2 Fools Cider,0,,https://glintcap.org/2-fools-cider,0,2,1,2,5,2019,2021,2,https://glintcap.org/2-fools-cider,,,,,Illinois,United States,Inactive,41.775847,-88.188785
67,2 Towns Ciderhouse,2 Towns Ciderhouse,0,,https://glintcap.org/2-towns-ciderhouse,4,19,94,70,187,2012,2023,11,https://glintcap.org/2-towns-ciderhouse,http://www.2townsciderhouse.com/,https://www.facebook.com/2townsciderhouse,https://www.instagram.com/2townscider/,https://maps.google.com/?cid=10429935694700508047,Oregon,United States,Active,44.563505,-123.226185
69,5 Penny Hard Cider,5 Penny Hard Cider,0,,https://glintcap.org/5-penny-hard-cider,0,0,2,1,3,2018,2019,2,https://glintcap.org/5-penny-hard-cider,,,,,Ohio,United States,Inactive,40.76436,-82.610672
72,12 Bridge Ciderworks,12 Bridge Ciderworks,0,,https://glintcap.org/12-bridge-ciderworks,0,0,6,2,8,2019,2021,2,https://glintcap.org/12-bridge-ciderworks,,,,,Oregon,United States,Inactive,45.326412,-122.580527
73,101 Cider House,101 Cider House,0,,https://glintcap.org/101-cider-house,0,0,2,1,3,2016,2018,2,https://glintcap.org/101-cider-house,https://101cider.com/,https://www.facebook.com/101cider,https://www.instagram.com/101cider/,https://maps.google.com/?cid=12420065000441525891,California,United States,Active,34.154101,-118.802575
75,1911 Established,1911 Established,0,,https://glintcap.org/1911-established,1,5,41,22,69,2015,2023,7,https://glintcap.org/1911-established,http://1911established.com/,,https://www.instagram.com/1911established/,https://maps.google.com/?cid=13706571465768596510,New York,United States,Active,42.903744,-76.22158
79,AeppelTreow Winery & Distillery,AeppelTreow Winery & Distillery,0,,https://glintcap.org/aeppeltreow-winery-distillery,4,8,20,34,66,2005,2023,17,https://glintcap.org/aeppeltreow-winery-distillery,http://aeppeltreow.com/,https://www.facebook.com/Aeppeltreow.Ciders/,,https://maps.google.com/?cid=14330457100802755750,Wisconsin,United States,Active,42.642658,-88.160186
83,Albemarle CiderWorks,Albemarle CiderWorks,0,,https://glintcap.org/albemarle-ciderworks,1,9,16,12,38,2012,2023,9,https://glintcap.org/albemarle-ciderworks,http://www.albemarleciderworks.com/,https://www.facebook.com/AlbCiderWorks/,https://www.instagram.com/albciderworks/,https://maps.google.com/?cid=18144857979395006290,Virginia,United States,Active,37.966531,-78.650136
84,Alpenfire Cider,Alpenfire Cider,0,,https://glintcap.org/alpenfire-cider,0,1,4,5,10,2011,2017,5,https://glintcap.org/alpenfire-cider,https://www.alpenfirecider.com/,https://www.facebook.com/alpenfirecider,https://www.instagram.com/alpenfirecider/,https://maps.google.com/?cid=13194604853315575065,Washington,United States,Active,48.082401,-122.87609
85,Alter Ego Cider,Alter Ego Cider,0,,https://glintcap.org/alter-ego-cider,0,0,3,1,4,2019,2019,1,https://glintcap.org/alter-ego-cider,,,,,Oregon,United States,Inactive,45.519839,-122.659396
86,Ambrosia Orchard,Ambrosia Orchard,0,,https://glintcap.org/ambrosia-orchard-cidery-and-meadery,0,0,3,3,6,2019,2022,2,https://glintcap.org/ambrosia-orchard-cidery-and-meadery,https://www.ambrosiaorchardfw.com/,https://www.facebook.com/ambrosiaorchardfw,https://www.instagram.com/ambrosiaorchardfw/,https://maps.google.com/?cid=1903288370342884796,Indiana,United States,Active,40.953615,-85.064073
87,Angry Orchard,Angry Orchard,0,,https://glintcap.org/angry-orchard,5,8,53,70,136,2013,2023,10,https://glintcap.org/angry-orchard,https://www.angryorchard.com/,https://www.facebook.com/AngryOrchard/,https://www.instagram.com/angryorchard/,https://maps.google.com/?cid=17467507983407382578,New York,United States,Active,41.587128,-74.221692
89,ANXO Cider,ANXO Cider,0,,https://glintcap.org/anxo-cider,1,1,15,13,30,2016,2022,6,https://glintcap.org/anxo-cider,https://store.anxodc.com/,https://www.facebook.com/ANXOcider,https://www.instagram.com/anxodistrict/,https://maps.google.com/?cid=10966962293642727498,District of Columbia,United States,Active,38.956577,-77.022874
91,Owl Creek Vineyard,Apple Knocker Hard Cider,x,https://ciderguide.com/owl-creek-vineyard/,https://glintcap.org/apple-knocker-hard-cider,0,0,1,2,3,2014,2014,1,https://glintcap.org/apple-knocker-hard-cider,http://www.owlcreekvineyard.com/,https://www.facebook.com/OwlCreekVineyard/,,https://maps.google.com/?cid=449616614392139133,Illinois,United States,Active,37.560606,-89.190211
92,Apple Outlaw,Apple Outlaw,0,,https://glintcap.org/apple-outlaw,0,0,2,5,7,2015,2017,2,https://glintcap.org/apple-outlaw,http://www.appleoutlaw.com/,https://www.facebook.com/appleoutlaw/,https://www.instagram.com/appleoutlaw/,https://maps.google.com/?cid=5850813650004409160,Oregon,United States,Active,42.135329,-123.239648
93,Apple Valley Cider Company,Apple Valley Cider Company,0,,https://glintcap.org/apple-valley-cider-company,1,1,4,10,16,2019,2023,4,https://glintcap.org/apple-valley-cider-company,http://www.applevalleycider.com/,https://www.facebook.com/applevalleycider/,https://www.instagram.com/applevalleyciderco/,https://maps.google.com/?cid=8798456079688966999,Colorado,United States,Active,38.425243,-105.026257
97,Arsenal Cider House Lawrenceville,Arsenal Cider House,x,https://ciderguide.com/arsenal-cider-house-lawrenceville/,https://glintcap.org/arsenal-cider-house,2,6,26,13,47,2016,2022,5,https://glintcap.org/arsenal-cider-house,https://www.arsenalciderhouse.com/lawrenceville/,https://www.facebook.com/ArsenalCider,https://www.instagram.com/arsenalcider/,https://maps.google.com/?cid=3302243150360255083,Pennsylvania,United States,Active,40.465108,-79.96092
99,Artifact Cider Project,Artifact Cider Project,0,,https://glintcap.org/artifact-cider-project,0,0,3,0,3,2023,2023,1,https://glintcap.org/artifact-cider-project,http://www.artifactcider.com/,https://www.facebook.com/artifactcider/,https://www.instagram.com/artifactcider/,,Massachusetts,United States,Active,42.3378061,-72.6732543
101,Ash & Elm Cider Company,Ash & Elm Cider Company,0,,https://glintcap.org/ash-elm-cider-co,0,0,4,5,9,2017,2019,3,https://glintcap.org/ash-elm-cider-co,http://www.ashandelmcider.com/,https://www.facebook.com/ashandelmcider/,https://www.instagram.com/ashandelmcider/,https://maps.google.com/?cid=9920873955827748956,Indiana,United States,Active,39.768019,-86.125256
102,Atlanta Hard Cider Co.,Atlanta Hard Cider Co.,0,,https://glintcap.org/atlanta-hard-cider-company,1,1,11,0,13,2019,2023,4,https://glintcap.org/atlanta-hard-cider-company,https://www.atlantahardcider.com/,https://www.facebook.com/atlantahardcider/,https://www.instagram.com/atlantahardcider/,https://www.google.com/maps?cid=15330589380276964489,Georgia,United States,Active,33.9507273,-84.52255
103,Avid Cider,Avid Cider,0,,https://glintcap.org/atlas-cider-co,1,0,4,7,12,2014,2023,3,https://glintcap.org/atlas-cider-co,https://avidcider.com/,https://www.facebook.com/AVIDCider/,https://www.instagram.com/avidcidercompany/,,Oregon,United States,Active,44.0509307,-121.3144074
104,Austin Eastciders,Austin Eastciders,0,,https://glintcap.org/austin-eastciders,0,0,2,2,4,2012,2021,2,https://glintcap.org/austin-eastciders,http://austineastciders.com/,https://www.facebook.com/eastciders/,https://www.instagram.com/eastciders/,https://maps.google.com/?cid=14699519440178528476,Texas,United States,Active,30.211595,-97.7404707
110,Mississippi Ale House,Backwater Cider Company,x,https://ciderguide.com/mississippi-ale-house/,https://glintcap.org/backwater,0,0,2,5,7,2018,2023,3,https://glintcap.org/backwater,https://mississippialehouse.com/,https://www.facebook.com/MississippiAleHouse/,,https://maps.google.com/?cid=3852212290293896708,Mississippi,United States,Active,34.9631296,-89.8268168
116,Banter's Hard Cider,Banter's Hard Cider,0,,https://glintcap.org/banters-hard-cider,0,0,1,3,4,2017,2018,2,https://glintcap.org/banters-hard-cider,,,,,Pennsylvania,United States,Inactive,40.98616,-75.1945
118,Bauman's Cider,Bauman's Cider,0,,https://glintcap.org/baumans-cider,10,18,45,14,87,2016,2023,7,https://glintcap.org/baumans-cider,https://baumanscider.com/,https://www.facebook.com/Baumanscider/,https://www.instagram.com/baumanscider/,https://maps.google.com/?cid=10038644588886302965,Oregon,United States,Active,45.1079661,-122.8693386
124,Bent Ladder,Bent Ladder,0,,https://glintcap.org/bent-ladder,1,0,6,4,11,2019,2023,3,https://glintcap.org/bent-ladder,http://bentladder.com/,https://www.facebook.com/bentladder,https://www.instagram.com/bentladder/,https://maps.google.com/?cid=5886580381731979881,Ohio,United States,Active,40.9646071,-81.739989
126,Big B's Hard Cider,Big B's Hard Cider,0,,https://glintcap.org/big-bs-hard-cider,0,1,15,16,32,2013,2019,7,https://glintcap.org/big-bs-hard-cider,http://www.bigbs.com/,https://www.facebook.com/visitbigbs,https://www.instagram.com/drinkbigbs,https://maps.google.com/?cid=78577038036310991,Colorado,United States,Active,38.860785,-107.626061
127,Big Fish Cider Co.,Big Fish Cider Co.,0,,https://glintcap.org/big-fish-cider-co,4,8,13,4,29,2016,2023,7,https://glintcap.org/big-fish-cider-co,http://www.bigfishcider.com/,https://www.facebook.com/BigFishCider/,https://www.instagram.com/big_fish_cider/,https://maps.google.com/?cid=10686446551531832863,Virginia,United States,Active,38.412304,-79.58293
128,Big Hill Ciderworks,Big Hill Ciderworks,0,,https://glintcap.org/big-hill-ciderworks,0,0,6,7,13,2014,2019,5,https://glintcap.org/big-hill-ciderworks,http://bighillcider.com/,https://www.facebook.com/BigHillCider/,https://www.instagram.com/bighillciderworks,https://maps.google.com/?cid=11839293456795799865,Pennsylvania,United States,Active,40.014792,-77.235714
130,Bishop Cider Company,Bishop Cider Company,0,,https://glintcap.org/bishop-cider-company,0,0,0,4,4,2018,2018,1,https://glintcap.org/bishop-cider-company,http://www.bishopcider.com/,https://www.facebook.com/BishopCider,https://www.instagram.com/bishopcider,,Texas,United States,Active,32.7433262,-97.3072551
131,Bishops Orchards Winery,Bishops Orchards Winery,0,,https://glintcap.org/bishops-orchards-winery,0,1,2,12,15,2014,2016,3,https://glintcap.org/bishops-orchards-winery,http://bishopsorchards.com/,https://www.facebook.com/bishopsorchardsfarmmarket,https://www.instagram.com/bishopsorchards/,https://maps.google.com/?cid=8883870059034000823,Connecticut,United States,Active,41.289934,-72.694687
133,Black Apple,Black Apple,0,,https://glintcap.org/black-apple,0,1,3,3,7,2021,2023,2,https://glintcap.org/black-apple,https://www.blackapplehardcider.com/,https://www.facebook.com/blackapplecrossing/,,https://maps.google.com/?cid=5449257929643515916,Arkansas,United States,Active,36.18487,-94.127403
136,Black Diamond Cider,Black Diamond Cider,0,,https://glintcap.org/black-diamond-cider,5,6,14,6,31,2017,2023,6,https://glintcap.org/black-diamond-cider,https://blackdiamondcider.com/,https://www.facebook.com/incredapple/,https://www.instagram.com/blackdiamondfarm/,https://maps.google.com/?cid=10338399888952299802,New York,United States,Active,42.547829,-76.655099
139,Resurgence Brewing Co.,BlackBird Cider Works,x,https://ciderguide.com/resurgence-brewing-co/,https://glintcap.org/blackbird-cider-works,2,0,21,18,41,2012,2023,11,https://glintcap.org/blackbird-cider-works,,https://www.facebook.com/blackbirdciders,https://www.instagram.com/blackbirdciderworks/,https://www.google.com/maps?cid=16173898676780716483,New York,United States,Active,42.8695957,-78.8686265
142,Blackman Cider Co.,Blackman Cider Co.,0,,https://glintcap.org/blackman-cider-co,0,0,2,2,4,2019,2019,1,https://glintcap.org/blackman-cider-co,https://www.blackmancider.com/,https://www.facebook.com/BlackmanCiderCo/,https://www.instagram.com/blackmancider/,https://maps.google.com/?cid=11398538716969457778,New York,United States,Active,43.176071,-78.800052
143,Blacksmiths Winery,Blacksmiths Winery,0,,https://glintcap.org/blacksmiths-winery,0,0,1,1,2,2012,2012,1,https://glintcap.org/blacksmiths-winery,,,,,Maine,United States,Inactive,43.914429,-70.518351
144,Blindwood Cider,Blindwood Cider,0,,https://glintcap.org/blindwood-cider,0,0,0,1,1,2019,2019,1,https://glintcap.org/blindwood-cider,https://www.blindwood.com/,https://www.facebook.com/drinkblindwoodcider,https://www.instagram.com/blindwoodcider/,https://maps.google.com/?cid=13001034442133728858,California,United States,Active,37.7058267,-122.188838
146,Blue Bee Cider,Blue Bee Cider,0,,https://glintcap.org/blue-bee-cider,0,0,6,4,10,2014,2022,3,https://glintcap.org/blue-bee-cider,http://www.bluebeecider.com/,https://www.facebook.com/BlueBeeCider,https://www.instagram.com/bluebeecider/,https://maps.google.com/?cid=17761175602688407320,Virginia,United States,Active,37.5665383,-77.4722241
148,Blue Toad Hard Cider,Blue Toad Hard Cider,0,,https://glintcap.org/blue-toad-hard-cider,1,2,6,12,21,2017,2023,6,https://glintcap.org/blue-toad-hard-cider,http://www.bluetoadhardcider.com/,https://www.facebook.com/BlueToadHardCider/,https://www.instagram.com/bluetoadhardcider_ny/,https://maps.google.com/?cid=2000687378707214384,New York,United States,Active,43.091407,-77.618983
152,Bold Rock Hard Cider (Mills River),Bold Rock Hard Cider (Mills River),0,,https://glintcap.org/bold-rock-hard-cider,1,4,22,12,39,2016,2023,5,https://glintcap.org/bold-rock-hard-cider,http://www.boldrock.com/,https://www.facebook.com/BoldRockHardCider/,https://www.instagram.com/boldrockhardcider/,https://maps.google.com/?cid=10604087929796439877,North Carolina,United States,Active,35.376397,-82.559219
155,Botanist & Barrel,Botanist & Barrel,0,,https://glintcap.org/botanist-barrel,0,0,3,5,8,2019,2022,3,https://glintcap.org/botanist-barrel,https://www.botanistandbarrel.com/,,https://www.instagram.com/botanistandbarrel/,https://maps.google.com/?cid=1902463006194094884,North Carolina,United States,Active,36.216856,-79.179325
157,Boyden Valley Winery & Spirits,Boyden Valley Winery & Spirits,0,,https://glintcap.org/boyden-valley-winery-spirits,0,0,4,0,4,2014,2016,2,https://glintcap.org/boyden-valley-winery-spirits,http://boydenvalley.com/,https://www.facebook.com/BoydenValleyWinery,https://www.instagram.com/boydenvalleywinery/,https://maps.google.com/?cid=13879612589525640629,Vermont,United States,Active,44.647436,-72.889201
159,Branch Out Cider,Branch Out Cider,0,,https://glintcap.org/branch-out-cider,0,0,2,2,4,2014,2016,3,https://glintcap.org/branch-out-cider,,,,,Colorado,United States,Inactive,40.589815,-105.090583
162,Brix Cider,Brix Cider,0,,https://glintcap.org/brix-cider,0,0,6,4,10,2017,2019,3,https://glintcap.org/brix-cider,https://brixcider.com/,https://www.facebook.com/brixcider/,https://www.instagram.com/brixcider/,https://maps.google.com/?cid=784869786614677207,Wisconsin,United States,Active,43.007126,-89.737751
165,Brooklyn Cider House,Brooklyn Cider House,0,,https://glintcap.org/brooklyn-cider-house,4,1,18,16,39,2016,2023,7,https://glintcap.org/brooklyn-cider-house,http://brooklynciderhouse.com/,,https://www.instagram.com/brooklynciderhouse/,https://maps.google.com/?cid=3244654366527486527,New York,United States,Active,41.757256,-74.04958
170,Bryant's Cider,Bryant's Cider,0,,https://glintcap.org/bryants-cider,0,0,4,8,12,2019,2022,3,https://glintcap.org/bryants-cider,https://bryantscider.com/,https://www.facebook.com/BryantsCiderFarm/,https://www.instagram.com/thebryantsfarm/,https://maps.google.com/?cid=15598469607243113479,Virginia,United States,Active,37.797413,-78.939801
172,Bull City Ciderworks,Bull City Ciderworks,0,,https://glintcap.org/bull-city-ciderworks,2,3,10,8,23,2018,2022,4,https://glintcap.org/bull-city-ciderworks,http://www.bullcityciderworks.com/,https://www.facebook.com/BullCityLexington,https://www.instagram.com/bullcityciderworks/,https://maps.google.com/?cid=12213813616311713027,North Carolina,United States,Active,35.818872,-80.255816
173,Bull Run Cider,Bull Run Cider,0,,https://glintcap.org/bull-run-cider,0,1,9,12,22,2013,2022,7,https://glintcap.org/bull-run-cider,http://www.bullruncider.com/,https://www.facebook.com/Cider,https://www.instagram.com/bullruncider/,https://maps.google.com/?cid=13917891364878698013,Oregon,United States,Active,45.523121,-123.106516
175,Buskey Cider,Buskey Cider,0,,https://glintcap.org/buskey-cider,0,1,3,6,10,2017,2023,4,https://glintcap.org/buskey-cider,http://www.buskeycider.com/,,https://www.instagram.com/buskeycider/,https://maps.google.com/?cid=13409179490228723913,Virginia,United States,Active,37.566063,-77.46914
176,C Squared Ciders,C Squared Ciders,0,,https://glintcap.org/c-squared-ciders,3,1,5,6,15,2016,2019,4,https://glintcap.org/c-squared-ciders,,,,,Colorado,United States,Inactive,39.762816,-104.984037
179,California Cider Company,California Cider Company,0,,https://glintcap.org/california-cider-company,0,6,10,12,28,2015,2023,7,https://glintcap.org/california-cider-company,http://www.acecider.com/,https://www.facebook.com/AceCider,https://www.instagram.com/acecider/,https://maps.google.com/?cid=5452200526577360272,California,United States,Active,38.423506,-122.849754
181,Slake Cider,Slake Cider,0,,https://glintcap.org/slake-cider,1,5,10,8,24,2012,2018,6,https://glintcap.org/slake-cider,,,,,Oregon,United States,Inactive,45.215577,-123.197811
185,Castle Hill Cider,Castle Hill Cider,0,,https://glintcap.org/castle-hill-cider,1,0,18,15,34,2012,2023,10,https://glintcap.org/castle-hill-cider,http://www.castlehillcider.com/,https://www.facebook.com/CastleHillCider,https://www.instagram.com/castlehillcider/,https://maps.google.com/?cid=4112176064200176389,Virginia,United States,Active,38.0888889,-78.2908333
188,Champlain Orchards,Champlain Orchards,0,,https://glintcap.org/champlain-orchards,1,5,16,3,25,2013,2023,7,https://glintcap.org/champlain-orchards,https://www.champlainorchards.com/,https://www.facebook.com/ChamplainOrchards/,https://www.instagram.com/champlainorchards/,https://maps.google.com/?cid=12438523521595198148,Vermont,United States,Active,43.856854,-73.353028
189,Chateau Buffalo,Chateau Buffalo,0,,https://glintcap.org/chateau-buffalo,0,0,3,1,4,2007,2008,2,https://glintcap.org/chateau-buffalo,http://www.chateaubuffalo.com/,,,https://maps.google.com/?cid=17647646600280458159,New York,United States,Active,42.872906,-78.821088
190,Chateau Morrisette,Chateau Morrisette,0,,https://glintcap.org/chateau-morrisette,1,0,1,1,3,2018,2018,1,https://glintcap.org/chateau-morrisette,https://www.thedogs.com/,https://www.facebook.com/ch.morrisette,https://www.instagram.com/ourdogblue/,https://maps.google.com/?cid=4189670265043745900,Virginia,United States,Active,36.793824,-80.3954679
193,Cider Brothers,Cider Brothers,0,,https://glintcap.org/cider-brothers,0,1,3,5,9,2015,2017,3,https://glintcap.org/cider-brothers,,,,,California,United States,Inactive,37.900624,-122.061308
194,Cider Creek Hard Cider,Cider Creek Hard Cider,0,,https://glintcap.org/cider-creek-hard-cider,0,2,12,27,41,2015,2019,5,https://glintcap.org/cider-creek-hard-cider,http://www.cidercreekhardcider.com/,,https://www.instagram.com/cidercreekhardcider/,https://maps.google.com/?cid=7573055340708815679,New York,United States,Active,42.316655,-77.60405
195,Cider Hill Cellars,Cider Hill Cellars,0,,https://glintcap.org/cider-hill-cellars,3,4,16,6,29,2018,2023,5,https://glintcap.org/cider-hill-cellars,http://www.ciderhill.com/,https://www.facebook.com/ciderhillfarm01913/,https://www.instagram.com/ciderhill_farm/,https://maps.google.com/?cid=1807836563570941230,Massachusetts,United States,Active,42.875044,-70.926449
196,Ciderboys,Ciderboys,0,,https://glintcap.org/ciderboys-cider-company,1,3,13,17,34,2014,2022,7,https://glintcap.org/ciderboys-cider-company,http://www.ciderboys.com/,https://www.facebook.com/Ciderboys,https://www.instagram.com/Ciderboys/,https://maps.google.com/?cid=1756122992587390562,Wisconsin,United States,Active,44.510454,-89.573583
197,Cigar City Cider & Mead,Cigar City Cider & Mead,0,,https://glintcap.org/cigar-city-cider-mead,0,0,1,1,2,2016,2016,1,https://glintcap.org/cigar-city-cider-mead,http://www.cigarcitycider.com/,https://www.facebook.com/CigarCityCider,https://www.instagram.com/cigarcitycider/,https://maps.google.com/?cid=105555702494086229,Florida,United States,Active,27.960748,-82.443199
199,Citizen Cider,Citizen Cider,0,,https://glintcap.org/citizen-cider,2,0,12,9,23,2016,2021,5,https://glintcap.org/citizen-cider,https://www.citizencider.com/,https://www.facebook.com/citizencider,https://www.instagram.com/citizencider/,https://maps.google.com/?cid=705537445817027258,Vermont,United States,Active,44.470722,-73.214282
202,Clear Fork Cider,Clear Fork Cider,0,,https://glintcap.org/clear-fork-cider,1,1,1,5,8,2017,2021,2,https://glintcap.org/clear-fork-cider,https://www.clearforkcider.com/,https://www.facebook.com/ClearForkCider/,https://www.instagram.com/clearforkcider/,https://maps.google.com/?cid=11939982022714952389,Colorado,United States,Active,39.7867921,-105.1064867
207,Cold Hollow Cider Mill,Cold Hollow Cider Mill,0,,https://glintcap.org/cold-hollow-cider-mill,0,0,1,1,2,2016,2017,2,https://glintcap.org/cold-hollow-cider-mill,http://www.coldhollow.com/,https://www.facebook.com/COLDHOLLOWCIDERMILL,https://www.instagram.com/coldhollowcidermillvt/,https://maps.google.com/?cid=15170275416244382059,Vermont,United States,Active,44.381363,-72.719895
209,Colorado Cider Company,Colorado Cider Company,0,,https://glintcap.org/colorado-cider-company,4,5,18,14,41,2014,2023,9,https://glintcap.org/colorado-cider-company,http://www.coloradocider.com/,https://www.facebook.com/coloradocider,https://www.instagram.com/coloradocidercompany/,https://maps.google.com/?cid=9606181927626096546,Colorado,United States,Active,39.71898,-105.01961
211,Common Cider Company,Common Cider Company,0,,https://glintcap.org/common-cider-company,0,0,5,7,12,2015,2018,3,https://glintcap.org/common-cider-company,,,,,California,United States,Inactive,38.950812,-121.084227
221,Courthouse Creek Cider,Courthouse Creek Cider,0,,https://glintcap.org/courthouse-creek-cider,0,0,1,1,2,2019,2019,1,https://glintcap.org/courthouse-creek-cider,http://courthousecreek.com/,https://www.facebook.com/CourthouseCreek,https://www.instagram.com/courthousecreekcider/,https://maps.google.com/?cid=14539258264651566085,Virginia,United States,Active,37.673983,-77.877307
225,Crispin Cider Company,Crispin Cider Company,0,,https://glintcap.org/crispin-cider-company,2,4,23,35,64,2006,2021,9,https://glintcap.org/crispin-cider-company,,,,,California,United States,Inactive,39.089006,-120.950642
226,Critz Farms,Critz Farms,0,,https://glintcap.org/critz-farms,0,1,4,2,7,2016,2019,2,https://glintcap.org/critz-farms,https://www.critzfarms.com/,https://www.facebook.com/CritzFarms/,https://www.instagram.com/critzfarms/,https://maps.google.com/?cid=7831833744661110756,New York,United States,Active,42.880641,-75.873523
230,Deep Roots Hard Cider,Deep Roots Hard Cider,0,,https://glintcap.org/deep-roots-hard-cider,1,1,11,10,23,2016,2023,7,https://glintcap.org/deep-roots-hard-cider,https://www.deeprootshardcider.com/,https://www.facebook.com/deeprootshardciders,https://www.instagram.com/deeprootshardcider/,https://maps.google.com/?cid=9648569218795825836,Pennsylvania,United States,Active,41.606174,-76.228739
232,Descendant Cider Company,Descendant Cider Company,0,,https://glintcap.org/descendant-cider-company,0,1,7,3,11,2015,2018,4,https://glintcap.org/descendant-cider-company,,,,,New York,United States,Inactive,40.714463,-73.914203
235,Diner Brew Co.,Diner Brew Co.,0,,https://glintcap.org/diner-brew-co,0,1,2,2,5,2019,2019,1,https://glintcap.org/diner-brew-co,,,,,New York,United States,Inactive,40.908354,-73.849259
236,Diskin Cider,Diskin Cider,0,,https://glintcap.org/diskin-cider,0,1,4,4,9,2019,2021,2,https://glintcap.org/diskin-cider,http://www.diskincider.com/,,https://www.instagram.com/diskincider/,https://maps.google.com/?cid=5465208715637137113,Tennessee,United States,Active,36.140849,-86.769778
237,Distillery Lane Ciderworks,Distillery Lane Ciderworks,0,,https://glintcap.org/distillery-lane-ciderworks,0,2,7,15,24,2011,2017,7,https://glintcap.org/distillery-lane-ciderworks,http://distillerylaneciderworks.com/,,,https://maps.google.com/?cid=12697630403393008117,Maryland,United States,Active,39.386592,-77.620521
240,Door Peninsula Winery,Door Peninsula Winery,0,,https://glintcap.org/door-peninsula-winery,1,3,5,5,14,2018,2023,4,https://glintcap.org/door-peninsula-winery,https://www.dcwine.com/,https://www.facebook.com/DoorPeninsulaWinery,https://www.instagram.com/doorpeninsulawinery/,https://maps.google.com/?cid=16489357803980221372,Wisconsin,United States,Active,44.951804,-87.336352
243,Downeast Cider House,Downeast Cider House,0,,https://glintcap.org/downeast-cider-house,0,0,0,1,1,2012,2012,1,https://glintcap.org/downeast-cider-house,http://downeastcider.com/,,https://www.instagram.com/downeastcider/,https://maps.google.com/?cid=7019685646770059533,Massachusetts,United States,Active,42.382701,-71.050492
244,Dragon's Head Cider,Dragon's Head Cider,0,,https://glintcap.org/dragons-head-cider,3,0,7,8,18,2017,2021,4,https://glintcap.org/dragons-head-cider,http://www.dragonsheadcider.com/,,https://www.instagram.com/dragonsheadcider/,https://maps.google.com/?cid=2526574753760904159,Washington,United States,Active,47.441428,-122.473876
250,Duluth Cider,Duluth Cider,0,,https://glintcap.org/duluth-cider,1,1,3,5,10,2021,2023,3,https://glintcap.org/duluth-cider,https://duluthcider.com/,https://www.facebook.com/duluth.cider/,https://www.instagram.com/duluthcider/,https://maps.google.com/?cid=3814310496447641516,Minnesota,United States,Active,46.764947,-92.127394
253,Eaglemount Wine & Cider,Eaglemount Wine & Cider,0,,https://glintcap.org/eaglemount-wine-and-cider,0,0,1,2,3,2014,2014,1,https://glintcap.org/eaglemount-wine-and-cider,https://eaglemountwinery.com/,https://www.facebook.com/eaglemountwineandcider/,https://www.instagram.com/p/CKHZN9pLKw-/,https://maps.google.com/?cid=8669789097383487844,Washington,United States,Active,48.099159,-122.818591
255,Eden Ciders,Eden Specialty Ciders,x,https://ciderguide.com/eden-ciders/,https://glintcap.org/eden-specialty-ciders,10,12,30,14,66,2009,2023,13,https://glintcap.org/eden-specialty-ciders,https://www.edenciders.com/,https://facebook.com/edenspecialtyciders,https://www.instagram.com/edenciders/,https://maps.google.com/?cid=1133141626652589768,Vermont,United States,Active,44.935976,-72.209246
257,Elk Horn Brewery & Ciderhouse,Elk Horn Brewery & Ciderhouse,0,,https://glintcap.org/elk-horn-brewery-and-ciderhouse,2,0,3,9,14,2017,2022,3,https://glintcap.org/elk-horn-brewery-and-ciderhouse,http://www.elkhornbrewery.com/,https://www.facebook.com/elkhornbrewery/,https://www.instagram.com/elk_horn_brewery/,https://maps.google.com/?cid=3806213339852533020,Oregon,United States,Active,44.049648,-123.082413
258,Embark Craft Ciderworks,Embark Craft Ciderworks,0,,https://glintcap.org/embark-craft-ciderworks,0,4,13,14,31,2015,2019,5,https://glintcap.org/embark-craft-ciderworks,https://embarkcraftciderworks.com/,,https://www.instagram.com/embarkcraftciderworks/,https://maps.google.com/?cid=10530312377379345820,New York,United States,Active,43.248684,-77.187685
259,Empire Cider Company,Empire Cider Company,0,,https://glintcap.org/empire-cider-company,0,0,4,3,7,2017,2018,2,https://glintcap.org/empire-cider-company,,,,,New York,United States,Inactive,42.872345,-77.008276
262,Eris Brewery & Cider House,Eris Brewery & Cider House,0,,https://glintcap.org/eris-brewery-and-cider-house,1,1,18,12,32,2018,2023,5,https://glintcap.org/eris-brewery-and-cider-house,https://www.erischicago.com/,https://www.facebook.com/erischicago,https://www.instagram.com/erischicago/,https://maps.google.com/?cid=8228819364943835803,Illinois,United States,Active,41.953873,-87.734239
263,Ethic Ciders,Ethic Ciders,0,,https://glintcap.org/ethic-ciders,0,0,0,2,2,2019,2019,1,https://glintcap.org/ethic-ciders,https://ethicciders.com/,,https://www.instagram.com/ethicciders/,https://maps.google.com/?cid=8690271967777704135,California,United States,Active,38.255175,-122.642143
266,Fabbioli Cellars,Fabbioli Cellars,0,,https://glintcap.org/fabbioli-cellars,0,0,3,1,4,2017,2018,2,https://glintcap.org/fabbioli-cellars,http://www.fabbioliwines.com/,https://www.facebook.com/profile.php?id=100063539351234,https://www.instagram.com/fabbioliwines/,https://maps.google.com/?cid=2655558572560145408,Virginia,United States,Active,39.182648,-77.519279
269,Falconer Vineyards,Falconer Vineyards,0,,https://glintcap.org/falconer-vineyards,0,0,4,2,6,2017,2019,3,https://glintcap.org/falconer-vineyards,http://www.falconervineyards.com/,https://www.facebook.com/falconervineyards,https://www.instagram.com/falconervineyards/,https://maps.google.com/?cid=8340163893550423966,Minnesota,United States,Active,44.557381,-92.59406
271,Ragged and Right Cider Project,Ragged and Right Cider Project,0,,https://glintcap.org/ragged-and-right-cider-project,1,1,7,3,12,2021,2022,2,https://glintcap.org/ragged-and-right-cider-project,http://www.farmstrongbrewing.com/,https://www.facebook.com/raggedandrightciderproject/,https://www.instagram.com/raggedandrightciderproject/,https://maps.google.com/?cid=9734737069805633605,Washington,United States,Active,48.442772,-122.342298
274,Fenceline Cider,Fenceline Cider,0,,https://glintcap.org/fenceline-cider,0,1,9,12,22,2019,2023,4,https://glintcap.org/fenceline-cider,https://www.fenceline.co/,https://www.facebook.com/fencelineciderCO/,https://www.instagram.com/fencelinecider/,https://maps.google.com/?cid=10459681325423767911,Colorado,United States,Active,37.344471,-108.28887
276,Finnriver Farm and Cidery,Finnriver Farm and Cidery,0,,https://glintcap.org/finnriver-cidery,4,5,15,16,40,2011,2023,10,https://glintcap.org/finnriver-cidery,http://www.finnriver.com/,https://www.facebook.com/finnriver,https://www.instagram.com/finnriver/,https://maps.google.com/?cid=1802892066987578987,Washington,United States,Active,47.976418,-122.778943
280,Flat Rock Cider Company,Flat Rock Cider Company,0,,https://glintcap.org/flat-rock-cider-company,0,0,2,8,10,2021,2023,3,https://glintcap.org/flat-rock-cider-company,https://www.flatrockcidercompany.com/,https://www.facebook.com/flatrockcidercompany,https://www.instagram.com/flatrockcidercompany/,https://maps.google.com/?cid=7852215967216509042,North Carolina,United States,Active,35.315966,-82.460411
284,Forgotten Fire Winery,Forgotten Fire Winery,0,,https://glintcap.org/forgotten-fire-winery,0,0,1,2,3,2023,2023,1,https://glintcap.org/forgotten-fire-winery,http://forgottenfirewinery.com/,https://www.facebook.com/ForgottenFireWinery/,https://www.instagram.com/forgottenfirewinery/,https://maps.google.com/?cid=12659592682629161189,Wisconsin,United States,Active,45.045825,-87.719535
287,Foxcraft Hard Cider,Foxcraft Hard Cider,0,,https://glintcap.org/foxcraft-hard-cider,0,0,0,4,4,2015,2015,1,https://glintcap.org/foxcraft-hard-cider,,,,,California,United States,Inactive,38.441272,-122.714998
289,Frecon Farms,Frecon's Cidery,x,https://ciderguide.com/frecon-farms/,https://glintcap.org/frecons-cidery,0,0,1,6,7,2013,2015,3,https://glintcap.org/frecons-cidery,http://www.freconfarms.com/,https://www.facebook.com/freconfarms/,https://www.instagram.com/freconscidery/,https://maps.google.com/?cid=8468164925776922213,Pennsylvania,United States,Active,40.328401,-75.647477
290,Freewater Cider and Wine Company,Freewater Cider Company,x,https://ciderguide.com/freewater-cider-and-wine-company/,https://glintcap.org/freewater-cider-company,0,1,2,5,8,2018,2021,3,https://glintcap.org/freewater-cider-company,http://www.freewatercider.com/,,,https://maps.google.com/?cid=3598112635185277642,Oregon,United States,Active,45.942433,-118.389708
294,Glacial Till Vineyard & Winery,Glacial Till Vineyard & Winery,0,,https://glintcap.org/glacial-till-cider,0,1,14,7,22,2022,2023,2,https://glintcap.org/glacial-till-cider,http://www.glacialtillvineyard.com/,https://www.facebook.com/glacialtillvineyard,https://www.instagram.com/glacialtillvineyard/,https://maps.google.com/?cid=185099829414435279,Nebraska,United States,Active,41.038896,-96.368951
295,Gnarly Grove Hard Cider,Gnarly Grove Hard Cider,0,,https://glintcap.org/gnarly-grove-hard-cider,0,0,0,2,2,2016,2016,1,https://glintcap.org/gnarly-grove-hard-cider,,,,,Indiana,United States,Inactive,39.267861,-85.832134
298,Golden State Cider,Golden State Cider,0,,https://glintcap.org/golden-state-cider,0,0,3,1,4,2015,2021,3,https://glintcap.org/golden-state-cider,https://www.drinkgoldenstate.com/,https://www.facebook.com/goldenstatecider/,https://www.instagram.com/drinkgoldenstate/,https://maps.google.com/?cid=18128387073217891419,California,United States,Active,38.4041073,-122.8198562
300,GoodRoad Ciderworks,GoodRoad Ciderworks,0,,https://glintcap.org/goodroad-ciderworks,0,1,3,6,10,2017,2018,2,https://glintcap.org/goodroad-ciderworks,,,,,North Carolina,United States,Inactive,35.184917,-80.879441
303,Gowan's Heirloom Ciders,Gowan's Heirloom Ciders,0,,https://glintcap.org/gowans-heirloom-cider,7,1,17,5,30,2018,2023,5,https://glintcap.org/gowans-heirloom-cider,http://www.gowansheirloomcider.com/,https://www.facebook.com/gowanscider/,https://www.instagram.com/gowanscider/,https://www.google.com/maps?cid=14585432541984297394,California,United States,Active,39.0869042,-123.4751758
305,Grand Illusion Hard Cider,Grand Illusion Hard Cider,0,,https://glintcap.org/grand-illusion-hard-cider,0,0,0,4,4,2017,2019,3,https://glintcap.org/grand-illusion-hard-cider,https://www.grandillusioncider.com/,https://www.facebook.com/grandillusioncider/,https://www.instagram.com/gihardcider/,https://maps.google.com/?cid=4286886680889976245,Pennsylvania,United States,Active,40.20144,-77.190639
306,Green Bench Brewing Co.,Green Bench Mead & Cider,x,https://ciderguide.com/green-bench-brewing-co/,https://glintcap.org/green-bench-mead-and-cider,0,1,12,5,18,2019,2023,4,https://glintcap.org/green-bench-mead-and-cider,https://www.greenbenchbrewing.com/,https://www.facebook.com/GreenBenchBrewing/,https://www.instagram.com/greenbenchmeadcider/,https://maps.google.com/?cid=4473987284585319628,Florida,United States,Active,27.771864,-82.650644
308,Greenwood Cider Company,Greenwood Cider Company,0,,https://glintcap.org/greenwood-cider-company,0,0,1,2,3,2018,2018,1,https://glintcap.org/greenwood-cider-company,https://www.greenwoodcider.com/,https://www.facebook.com/greenwoodcider,https://www.instagram.com/greenwoodcider,https://maps.google.com/?cid=9193094358946814076,Washington,United States,Active,47.701787,-122.302635
309,Griffin Cider Works,Griffin Cider Works,0,,https://glintcap.org/griffin-cider-works,0,0,1,3,4,2013,2017,2,https://glintcap.org/griffin-cider-works,,,,,Ohio,United States,Inactive,41.470266,-81.896853
312,Gypsy Circus InCider Taproom,Gypsy Circus,x,https://ciderguide.com/gypsy-circus-incider-taproom/,https://glintcap.org/gypsy-circus-cider-company,1,5,35,29,70,2017,2023,4,https://glintcap.org/gypsy-circus-cider-company,http://gypsycircuscider.com/,https://www.facebook.com/GypsyCircusCider/,https://www.instagram.com/gypsycircuscider/,https://maps.google.com/?cid=4520512866262691085,Tennessee,United States,Active,36.520022,-82.51794
320,Hardscrabble Cider,Hardscrabble Cider,0,,https://glintcap.org/brothers-covino,0,0,1,3,4,2016,2016,1,https://glintcap.org/brothers-covino,http://www.hardscrabbleciderny.com/,,https://www.instagram.com/hardscrabblecider/,https://maps.google.com/?cid=14255845854245110919,New York,United States,Active,41.349727,-73.635051
322,Hawk Knob,Hawk Knob,0,,https://glintcap.org/hawk-knob,0,1,8,8,17,2016,2021,5,https://glintcap.org/hawk-knob,http://www.hawkknob.com/,https://www.facebook.com/hawkknob/,https://www.instagram.com/hawkknob/,https://maps.google.com/?cid=14199522505934474826,West Virginia,United States,Active,37.811476,-80.50273
323,Haykin Family Cider,Haykin Family Cider,0,,https://glintcap.org/haykin-family-cider,9,14,64,22,109,2017,2023,6,https://glintcap.org/haykin-family-cider,http://www.haykinfamilycider.com/,https://www.facebook.com/HaykinFamilyCider,https://www.instagram.com/haykinfamilycider/,https://maps.google.com/?cid=7119124922857734574,Colorado,United States,Active,39.764391,-104.848127
324,Hazlitt 1852 Vineyards,Hazlitt 1852 Cider Crafters,x,https://ciderguide.com/hazlitt-1852-vineyards/,https://glintcap.org/hazlitt-1852-cider-crafters,0,1,12,10,23,2016,2023,7,https://glintcap.org/hazlitt-1852-cider-crafters,https://hazlitt1852.com/,,,https://maps.google.com/?cid=5120913070607308492,New York,United States,Active,42.621963,-77.400262
325,Headwater Cider,Headwater Cider,0,,https://glintcap.org/headwater-cider,0,1,3,3,7,2015,2021,5,https://glintcap.org/headwater-cider,http://www.headwatercider.com/,https://www.facebook.com/profile.php?id=100072389300487,,https://maps.google.com/?cid=10677507708826586466,Massachusetts,United States,Active,42.58249,-72.860053
333,Holmberg Orchards & Winery,Holmberg Orchards & Winery,0,,https://glintcap.org/holmberg-orchards-winery,0,0,1,2,3,2007,2007,1,https://glintcap.org/holmberg-orchards-winery,http://www.holmbergorchards.com/,https://www.facebook.com/HolmbergOrchards,https://www.instagram.com/holmbergorchards/,https://maps.google.com/?cid=4720941997914927332,Connecticut,United States,Active,41.468406,-72.058204
341,Hudson Valley Farmhouse Cider,Hudson Valley Farmhouse Cider,0,,https://glintcap.org/hudson-valley-farmhouse-cider,0,0,2,2,4,2018,2018,1,https://glintcap.org/hudson-valley-farmhouse-cider,http://www.hudsonvalleyfarmhousecider.com/,,,https://maps.google.com/?cid=10113111148158344335,New York,United States,Active,41.858265,-73.807785
342,Humboldt Cider Company,Humboldt Cider Company,0,,https://glintcap.org/humboldt-cider-company,0,1,3,6,10,2015,2017,3,https://glintcap.org/humboldt-cider-company,,https://www.facebook.com/HumboldtCider/,https://www.instagram.com/humboldtcidercompany/,https://www.google.com/maps?cid=9833726366522566502,California,United States,Active,40.7817209,-124.1298735
345,Incline Cider Company,Incline Cider Company,0,,https://glintcap.org/incline-cider-company,1,2,11,5,19,2017,2023,4,https://glintcap.org/incline-cider-company,http://www.inclinecider.com/,https://www.facebook.com/inclinecider/,https://www.instagram.com/inclinecider/,https://maps.google.com/?cid=504944612388443997,Washington,United States,Active,47.307323,-122.228453
348,Ironbark Ciderworks,Ironbark Ciderworks,0,,https://glintcap.org/ironbark-ciderworks,0,0,4,1,5,2023,2023,1,https://glintcap.org/ironbark-ciderworks,https://www.ironbarkciderworks.com/,https://www.facebook.com/ironbarkcider/,https://www.instagram.com/ironbarkcider/,https://maps.google.com/?cid=8906916779198297766,California,United States,Active,34.10859,-117.701704
350,Island Orchard Cider,Island Orchard Cider,0,,https://glintcap.org/island-orchard-cider,1,3,23,15,42,2015,2023,7,https://glintcap.org/island-orchard-cider,http://islandorchardcider.com/,https://www.facebook.com/IslandOrchardCider,https://www.instagram.com/islandorchardcider/,https://maps.google.com/?cid=8005585823394699432,Wisconsin,United States,Active,45.256318,-87.071244
354,James Creek Cider House,James Creek Cider House,0,,https://glintcap.org/james-creek-ciderhouse,1,0,8,10,19,2016,2023,5,https://glintcap.org/james-creek-ciderhouse,https://jamescreekciderhouse.com/,https://www.facebook.com/jamescreekciderhouse,https://www.instagram.com/jamescreekciderhouse/,https://maps.google.com/?cid=8654485681895206331,North Carolina,United States,Active,35.336069,-79.245782
357,Jefferson County Ciderworks,Jefferson County Ciderworks,0,,https://glintcap.org/jefferson-county-ciderworks,3,2,14,8,27,2017,2023,4,https://glintcap.org/jefferson-county-ciderworks,https://cider.work/,https://www.facebook.com/jeffcocider,https://www.instagram.com/jeffcocider/,https://maps.google.com/?cid=8237417276158156047,Iowa,United States,Active,41.017198,-92.018367
362,Kaneb Orchards,Kaneb Orchards,0,,https://glintcap.org/kaneb-orchards,0,0,4,5,9,2015,2018,4,https://glintcap.org/kaneb-orchards,http://www.kaneborchards.com/,https://www.facebook.com/kaneborchards,,https://maps.google.com/?cid=102588345374024107,New York,United States,Active,44.945459,-74.853156
367,Kekionga Craft Company,Kekionga Cider Company,x,https://ciderguide.com/kekionga-craft-company/,https://glintcap.org/kekionga-cider-company,0,0,2,4,6,2018,2019,2,https://glintcap.org/kekionga-cider-company,http://kekiongaciderco.com/,https://www.facebook.com/kekiongacraftcompany,https://www.instagram.com/kekiongacraftcompany/,https://maps.google.com/?cid=6397238888360308523,Indiana,United States,Active,41.098914,-85.044471
368,Kennebec Cider Company,Kennebec Cider Company,0,,https://glintcap.org/kennebec-cider-company,0,0,1,0,1,2011,2011,1,https://glintcap.org/kennebec-cider-company,,,,,Maine,United States,Inactive,44.3251,-69.898994
372,Kings Highway Fine Cider,Kings Highway Fine Cider,0,,https://glintcap.org/kings-highway-fine-cider,0,2,19,18,39,2016,2018,3,https://glintcap.org/kings-highway-fine-cider,https://cider.nyc/,,https://www.instagram.com/kingshighway_cider/,https://maps.google.com/?cid=1012291909954476569,New York,United States,Active,41.8978652,-73.534851
380,Lassen Traditional Cider,Lassen Traditional Cider,0,,https://glintcap.org/lassen-traditional-cider,0,1,3,7,11,2017,2023,6,https://glintcap.org/lassen-traditional-cider,https://www.lassencider.com/,https://www.facebook.com/lassencider/,https://www.instagram.com/lassencider/,https://maps.google.com/?cid=10315637006146688710,California,United States,Active,39.714697,-121.820272
387,Liberty Ciderworks,Liberty Ciderworks,0,,https://glintcap.org/liberty-ciderworks,1,3,11,13,28,2013,2021,8,https://glintcap.org/liberty-ciderworks,http://libertycider.com/,https://www.facebook.com/LibertyCider,https://www.instagram.com/libertycider/,https://maps.google.com/?cid=14868081944798289423,Washington,United States,Active,47.655356,-117.418438
389,Liquid Alchemy Beverages,Liquid Alchemy Ciderworks,x,https://ciderguide.com/liquid-alchemy-beverages/,https://glintcap.org/liquid-alchemy-ciderworks,0,1,4,4,9,2018,2023,3,https://glintcap.org/liquid-alchemy-ciderworks,https://www.liquidalchemybeverages.com/,https://www.facebook.com/LiquidAlchemyBeverages/,https://www.instagram.com/liquidalchemybeverages,https://maps.google.com/?cid=17392171192902258223,Delaware,United States,Active,39.729206,-75.580718
391,Locust Cider,Locust Cider,0,,https://glintcap.org/locust-cider,0,0,14,21,35,2016,2023,7,https://glintcap.org/locust-cider,http://www.locustcider.com/,https://www.facebook.com/locustcider,https://www.instagram.com/locustcider,https://www.google.com/maps?cid=17533531076865420551,Washington,United States,Active,47.766244,-122.148563
396,Lost Boy Cider,Lost Boy Cider,0,,https://glintcap.org/lost-boy-cider,0,1,15,7,23,2021,2023,3,https://glintcap.org/lost-boy-cider,https://lostboycider.com/,https://www.facebook.com/lostboycider/,https://www.instagram.com/lostboycider/,https://maps.google.com/?cid=2623373656020855749,Virginia,United States,Active,38.798715,-77.06327
397,Lost Giants Cider Company,Lost Giants Cider Company,0,,https://glintcap.org/lost-giants-cider-company,1,0,3,4,8,2019,2021,2,https://glintcap.org/lost-giants-cider-company,https://lostgiantscider.com/,https://www.facebook.com/LostGiantsCider,https://www.instagram.com/lostgiantsciderco,https://maps.google.com/?cid=3699889965366654678,Washington,United States,Active,48.752457,-122.459354
401,Maiden Rock Winery & Cidery,Maiden Rock Winery & Cidery,0,,https://glintcap.org/maiden-rock-winery-cidery,2,1,6,3,12,2011,2023,8,https://glintcap.org/maiden-rock-winery-cidery,http://www.maidenrockwinerycidery.com/,https://www.facebook.com/WineryCidery/,,https://maps.google.com/?cid=3321455700224536041,Wisconsin,United States,Active,44.515238,-92.268117
407,McClure's Orchard & Winery,McClure's Orchard & Winery,0,,https://glintcap.org/mcclures-orchard-winery,0,4,10,19,33,2011,2023,7,https://glintcap.org/mcclures-orchard-winery,http://www.mccluresorchard.com/,https://www.facebook.com/McCluresTollHouse/,https://www.instagram.com/mccluresorchard/,https://maps.google.com/?cid=9370461394563366351,Indiana,United States,Active,40.837576,-86.130016
410,McRitchie Winery & Ciderworks,McRitchie Winery & Ciderworks,0,,https://glintcap.org/mcritchie-winery-ciderworks,0,0,2,2,4,2009,2013,3,https://glintcap.org/mcritchie-winery-ciderworks,http://www.mcritchiewine.com/,https://www.facebook.com/McRitchieWinery,https://www.instagram.com/mcritchiewinery/,https://maps.google.com/?cid=1644535800362164704,North Carolina,United States,Active,36.367307,-80.946974
413,Meraki Cider,Meraki Cider,0,,https://glintcap.org/meraki-cider,0,0,0,4,4,2017,2017,1,https://glintcap.org/meraki-cider,,,,,California,United States,Inactive,35.135223,-120.612188
415,Meriwether Cider Company,Meriwether Cider Company,0,,https://glintcap.org/meriwether-cider-co,4,2,14,5,25,2018,2023,5,https://glintcap.org/meriwether-cider-co,http://www.meriwethercider.com/,https://www.facebook.com/meriwethercider,https://www.instagram.com/meriwethercider/,https://maps.google.com/?cid=7830741432069672416,Idaho,United States,Active,43.645176,-116.271227
416,Mershon's Artisan Cider,Mershon's Artisan Cider,0,,https://glintcap.org/mershons-cidery,0,1,0,1,2,2023,2023,1,https://glintcap.org/mershons-cidery,http://www.mershonscider.com/,https://www.facebook.com/MershonsCider/,https://www.instagram.com/mershonscider/,https://maps.google.com/?cid=14483166591297687257,Wisconsin,United States,Active,42.929738,-89.213077
417,Metal House Cider,Metal House Cider,0,,https://glintcap.org/metal-house-cider,0,0,1,1,2,2018,2018,1,https://glintcap.org/metal-house-cider,http://metalhousecider.com/,,https://www.instagram.com/metalhousecider/,,New York,United States,Active,41.848908,-73.973564
418,Methow Valley Ciderhouse,Methow Valley Ciderhouse,0,,https://glintcap.org/methow-valley-ciderhouse,1,1,4,5,11,2013,2018,5,https://glintcap.org/methow-valley-ciderhouse,https://methowvalleyciderhousellc.com/,https://www.facebook.com/methowcider,,https://maps.google.com/?cid=17865926054259925025,Washington,United States,Active,48.477133,-120.186948
419,Milk & Honey Ciders,Milk & Honey Ciders,0,,https://glintcap.org/milk-honey-ciders,0,0,2,2,4,2016,2016,1,https://glintcap.org/milk-honey-ciders,http://www.milkandhoneyciders.com/,https://www.facebook.com/MilkandHoneyCiders,https://www.instagram.com/milkandhoneyciders,https://maps.google.com/?cid=5951424554567776492,Minnesota,United States,Active,44.973372,-93.247754
420,Mill Bridge Winery,Mill Bridge Winery,0,,https://glintcap.org/mill-bridge-winery,0,0,1,1,2,2017,2017,1,https://glintcap.org/mill-bridge-winery,http://www.millbridgewinery.com/,,,https://maps.google.com/?cid=2315023363076254103,Tennessee,United States,Active,35.788615,-83.554632
423,Minneapolis Cider Company,Minneapolis Cider Company,0,,https://glintcap.org/minneapolis-cider-co,0,0,7,2,9,2016,2023,3,https://glintcap.org/minneapolis-cider-co,https://minneapoliscider.co/,https://www.facebook.com/MinneapolisCider/,https://www.instagram.com/minneapoliscider,https://maps.google.com/?cid=7331255600636952675,Minnesota,United States,Active,44.977753,-93.265011
428,Montana CiderWorks,Montana CiderWorks,0,,https://glintcap.org/montana-ciderworks,1,5,7,5,18,2012,2023,8,https://glintcap.org/montana-ciderworks,http://montanacider.com/,https://www.facebook.com/Montana-CiderWorks-208483272577248/,,,Montana,United States,Active,45.965401,-114.11709
432,Mountain West Cider Company,Mountain West Cider Company,0,,https://glintcap.org/mountain-west-cider-company,1,0,8,6,15,2016,2023,3,https://glintcap.org/mountain-west-cider-company,http://mountainwestcider.com/,https://www.facebook.com/MountainWestHardCider/,https://www.instagram.com/mountainwestcider/,https://maps.google.com/?cid=16538924633378887108,Utah,United States,Active,40.778772,-111.903037
435,Nashi Orchards,Nashi Orchards,0,,https://glintcap.org/nashi-orchards,1,2,6,5,14,2016,2022,4,https://glintcap.org/nashi-orchards,http://www.nashiorchards.com/,https://www.facebook.com/nashiorchards,https://www.instagram.com/nashi_orchards/,https://maps.google.com/?cid=12360902013052761069,Washington,United States,Active,47.375697,-122.504058
440,The New Frontier Cider Company,The New Frontier Cider Company,0,,https://glintcap.org/the-new-frontier-cider-company,0,0,0,1,1,2019,2019,1,https://glintcap.org/the-new-frontier-cider-company,,,,,Ohio,United States,Inactive,41.04744,-81.850545
446,Nine Pin Cider,Nine Pin Cider,0,,https://glintcap.org/nine-pin-cider,0,0,1,2,3,2014,2015,2,https://glintcap.org/nine-pin-cider,http://www.ninepincider.com/,,https://www.instagram.com/ninepincider/,https://maps.google.com/?cid=2997433588563467926,New York,United States,Active,42.661798,-73.744166
447,Noble Cider,Noble Cider,0,,https://glintcap.org/noble-cider,1,3,9,8,21,2016,2023,6,https://glintcap.org/noble-cider,http://www.noblecider.com/,https://www.facebook.com/NobleCider,https://www.instagram.com/noble_cider/,https://maps.google.com/?cid=10806279487860629423,North Carolina,United States,Active,35.602136,-82.62465
452,North Shore Cider Company,North Shore Cider Company,0,,https://glintcap.org/north-shore-cider-co,0,0,2,1,3,2018,2019,2,https://glintcap.org/north-shore-cider-co,,,,,Illinois,United States,Inactive,42.019682,-87.680734
454,Number 12 Cider,Number 12 Cider,0,,https://glintcap.org/number-12-cider,0,3,14,5,22,2016,2023,5,https://glintcap.org/number-12-cider,http://www.number12ciderhouse.com/,https://www.facebook.com/number12cider,https://www.instagram.com/number12cider/,https://maps.google.com/?cid=2535435254747381286,Minnesota,United States,Active,44.9852933,-93.2796211
455,OK Cider Co,OK Cider Co,0,,https://glintcap.org/ok-cider-co,0,0,3,3,6,2022,2022,1,https://glintcap.org/ok-cider-co,https://okciderco.com/,https://www.facebook.com/okciderco/,https://www.instagram.com/okciderco,https://maps.google.com/?cid=14630301903407867537,Oklahoma,United States,Active,35.4670261,-97.5247456
456,Old Hill Cider,Old Hill Cider,0,,https://glintcap.org/old-hill-cider,0,1,1,7,9,2014,2018,3,https://glintcap.org/old-hill-cider,https://www.showaltersorchard.com/,https://www.facebook.com/OldHillCider,https://www.instagram.com/oldhillcider/,https://maps.google.com/?cid=9342034920472670388,Virginia,United States,Active,38.667709,-78.797062
463,OR\WA Cider Collective,OR\WA Cider Collective,0,,https://glintcap.org/orwa-cider-collective,0,0,2,0,2,2018,2018,1,https://glintcap.org/orwa-cider-collective,,,,,Oregon,United States,Inactive,45.440262,-122.630103
467,Original Sin Cider,Original Sin Cider,0,,https://glintcap.org/original-sin,0,4,13,4,21,2009,2023,7,https://glintcap.org/original-sin,http://www.origsin.com/,https://www.facebook.com/sincider/,https://www.instagram.com/originalsincider/,,New York,United States,Active,40.733215,-73.991496
483,Platform Beer Company,Platform Beer Company,0,,https://glintcap.org/platform-beer-company,0,0,0,3,3,2017,2021,2,https://glintcap.org/platform-beer-company,,,,,Ohio,United States,Inactive,41.479836,-81.713968
484,Ploughman Cider,Ploughman Cider,0,,https://glintcap.org/ploughman-cider,0,0,4,4,8,2019,2022,2,https://glintcap.org/ploughman-cider,http://ploughmancider.com/,https://www.facebook.com/PloughmanCider/,https://www.instagram.com/ploughmancider/,https://maps.google.com/?cid=2013585229631890349,Pennsylvania,United States,Active,39.98603,-77.297959
490,Portland Cider Company,Portland Cider Company,0,,https://glintcap.org/portland-cider-co,1,3,14,12,30,2013,2023,8,https://glintcap.org/portland-cider-co,http://portlandcider.com/,https://www.facebook.com/portlandcider,https://www.instagram.com/portlandcider/,https://maps.google.com/?cid=5897814277091816079,Oregon,United States,Active,45.415288,-122.572714
491,Potter's Craft Cider,Potter's Craft Cider,0,,https://glintcap.org/potters-craft-cider,0,2,6,1,9,2019,2021,2,https://glintcap.org/potters-craft-cider,https://potterscraftcider.com/,https://www.facebook.com/potterscraftcider,https://www.instagram.com/potterscraftcider/,https://maps.google.com/?cid=5866852060832925678,Virginia,United States,Active,37.9986534,-78.5798492
492,Prima Cider,Prima Cider,0,,https://glintcap.org/prima-cider,0,1,1,0,2,2019,2019,1,https://glintcap.org/prima-cider,http://www.primacider.com/,https://www.facebook.com/primacider/,,,Illinois,United States,Active,42.232727,-88.015032
493,Prospect Ciderworks,Prospect Ciderworks,0,,https://glintcap.org/prospect-ciderworks,0,0,0,3,3,2018,2018,1,https://glintcap.org/prospect-ciderworks,,,,,Massachusetts,United States,Inactive,42.542993,-71.575747
497,Ragged Hill Cider,Ragged Hill Cider,0,,https://glintcap.org/ragged-hill-cider-company,1,3,2,9,15,2018,2023,5,https://glintcap.org/ragged-hill-cider-company,https://www.raggedhillcider.com/,https://www.facebook.com/RaggedHillCider/,https://www.instagram.com/raggedhillcider/,https://maps.google.com/?cid=12743756096350248911,Massachusetts,United States,Active,42.269444,-72.168979
498,Raging Cider & Mead,Raging Cider & Mead,0,,https://glintcap.org/raging-cider-mead,0,1,1,4,6,2018,2019,2,https://glintcap.org/raging-cider-mead,http://www.ragingcidermead.com/,https://www.facebook.com/ragingcider/,https://www.instagram.com/raging_cider/,https://maps.google.com/?cid=4063834740320553778,California,United States,Active,33.144079,-117.18753
501,Rebel Seed Cidery,Rebel Seed Cidery,0,,https://glintcap.org/rebel-seed-cidery,0,0,0,1,1,2016,2016,1,https://glintcap.org/rebel-seed-cidery,,https://www.facebook.com/RebelSeedCider/,,https://maps.google.com/?cid=7067059753674240387,Delaware,United States,Active,39.083683,-75.742472
504,Red Clay Ciderworks,Red Clay Ciderworks,0,,https://glintcap.org/red-clay-ciderworks,0,0,2,5,7,2018,2018,1,https://glintcap.org/red-clay-ciderworks,http://redclayciderworks.com/,https://www.facebook.com/redclayhardcider/,https://www.instagram.com/redclaycider/,https://maps.google.com/?cid=4377108592727573925,North Carolina,United States,Active,35.194573,-80.874782
507,Redbyrd Orchard Cider,Redbyrd Orchard Cider,0,,https://glintcap.org/redbyrd-orchard-cider,0,0,3,3,6,2013,2014,2,https://glintcap.org/redbyrd-orchard-cider,https://redbyrdorchardcider.com/,https://www.facebook.com/RedbyrdOrchardCider/,https://www.instagram.com/redbyrdcider/,https://maps.google.com/?cid=10591381775381095701,New York,United States,Active,42.500194,-76.639118
511,Renaissance Orchards,Renaissance Orchards,0,,https://glintcap.org/renaissance-orchards,2,1,2,2,7,2016,2022,5,https://glintcap.org/renaissance-orchards,https://renaissanceorchards.com/,https://www.facebook.com/RenaissanceOrchardsCider/,https://www.instagram.com/renaissanceorchards/,https://maps.google.com/?cid=8299199662211416163,Washington,United States,Active,48.834936,-122.640266
512,Restoration Cider,Restoration Cider,0,,https://glintcap.org/restoration-cider,0,0,2,1,3,2017,2017,1,https://glintcap.org/restoration-cider,http://www.restorationcider.com/,https://www.facebook.com/restorationcider/,https://www.instagram.com/restorationcider/,https://maps.google.com/?cid=13156191689318021594,Wisconsin,United States,Active,43.051481,-89.27519
514,Reverend Nat's Hard Cider,Reverend Nat's Hard Cider,0,,https://glintcap.org/reverend-nats-hard-cider,0,2,5,8,15,2013,2016,4,https://glintcap.org/reverend-nats-hard-cider,,,,,Oregon,United States,Inactive,45.5050424,-122.6278162
515,Rhinegeist Brewery,Rhinegeist Brewery,0,,https://glintcap.org/rhinegeist-brewery,0,1,6,3,10,2017,2022,3,https://glintcap.org/rhinegeist-brewery,http://www.rhinegeist.com/,https://www.facebook.com/rhinegeist,https://www.instagram.com/rhinegeist/,https://maps.google.com/?cid=4624817204033581156,Ohio,United States,Active,39.117266,-84.520101
516,Ricker Hill,Ricker Hill,0,,https://glintcap.org/ricker-hill,0,1,6,3,10,2016,2018,3,https://glintcap.org/ricker-hill,http://www.rickershardcider.com/,,,https://maps.google.com/?cid=18164962847201727107,Maine,United States,Active,44.26588,-70.280404
517,Rider Ranch,Rider Ranch,0,,https://glintcap.org/rider-ranch,0,0,1,0,1,2018,2018,1,https://glintcap.org/rider-ranch,,,,,California,United States,Inactive,37.122006,-121.977594
518,Right Bee Cider,Right Bee Cider,0,,https://glintcap.org/right-bee-cider,0,0,5,3,8,2018,2021,3,https://glintcap.org/right-bee-cider,http://www.rightbeecider.com/,https://www.facebook.com/rightbeecider/,https://www.instagram.com/rightbeecider/,https://maps.google.com/?cid=3785946038058251944,Illinois,United States,Active,41.914519,-87.736933
521,Riverhead Ciderhouse,Riverhead Ciderhouse,0,,https://glintcap.org/riverhead-ciderhouse,0,1,4,1,6,2018,2021,3,https://glintcap.org/riverhead-ciderhouse,http://riverheadcider.com/,https://www.facebook.com/RiverheadCiderhouse/,https://www.instagram.com/riverhead_ciderhouse/,https://maps.google.com/?cid=5566760778956005917,New York,United States,Active,40.958383,-72.729308
527,Rogue Ales & Spirits,Rogue Ales & Spirits,0,,https://glintcap.org/rogue-ales-spirits,0,0,1,0,1,2016,2016,1,https://glintcap.org/rogue-ales-spirits,http://www.rogue.com/,,,https://maps.google.com/?cid=15972873389957435766,Oregon,United States,Active,44.620258,-124.052403
529,Rootstock Ciderworks,Rootstock Ciderworks,0,,https://glintcap.org/rootstock-ciderworks,2,3,19,8,32,2015,2022,7,https://glintcap.org/rootstock-ciderworks,,,,,New York,United States,Inactive,43.201215,-77.224684
534,Runcible Cider,Runcible Cider,0,,https://glintcap.org/runcible-cider,0,0,4,7,11,2017,2023,4,https://glintcap.org/runcible-cider,https://www.runciblecider.com/,https://www.facebook.com/runciblecider/,https://www.instagram.com/runciblecider/,https://maps.google.com/?cid=15182592417091165603,Oregon,United States,Active,45.673003,-121.408294
535,Russell Orchards,Russell Orchards,0,,https://glintcap.org/russell-orchards,0,0,2,2,4,2011,2011,1,https://glintcap.org/russell-orchards,http://www.russellorchards.com/,https://www.facebook.com/russellorchards,,https://maps.google.com/?cid=11665460520789308482,Massachusetts,United States,Active,42.664953,-70.799866
537,S. Martinelli & Co.,S. Martinelli & Co.,0,,https://glintcap.org/s-martinelli-co,0,0,2,0,2,2019,2021,2,https://glintcap.org/s-martinelli-co,https://www.martinellis.com/,,https://www.instagram.com/martinellisco/,https://maps.google.com/?cid=8541194903885889884,California,United States,Active,36.902162,-121.7648
543,Santa Cruz Cider Co.,Santa Cruz Cider Co.,0,,https://glintcap.org/santa-cruz-cider-co,0,0,6,2,8,2017,2021,3,https://glintcap.org/santa-cruz-cider-co,http://www.santacruzciderco.com/,https://www.facebook.com/santacruzciderco/,https://www.instagram.com/santacruzciderco/,https://maps.google.com/?cid=16427348691643937890,California,United States,Active,36.959789,-122.048975
544,Santa Fe Cider Works,Santa Fe Cider Works,0,,https://glintcap.org/santa-fe-cider-works,0,0,0,1,1,2015,2015,1,https://glintcap.org/santa-fe-cider-works,,,,,New Mexico,United States,Inactive,35.637686,-106.025024
545,Sapsucker Farms Yellow Belly Cidery,Sapsucker Farms Yellow Belly Cidery,0,,https://glintcap.org/sapsucker-farms,0,3,13,13,29,2017,2023,6,https://glintcap.org/sapsucker-farms,https://www.sapsuckerfarms.com/,https://www.facebook.com/YellowBellyCider/,https://www.instagram.com/sapsuckerfarms/,https://maps.google.com/?cid=10529182272851607589,Minnesota,United States,Active,45.8970174,-93.152247
547,Saro Cider,Saro Cider,0,,https://glintcap.org/saro-cider,0,0,0,4,4,2019,2019,1,https://glintcap.org/saro-cider,https://sarocider.com/,https://www.facebook.com/4SaroCider,https://www.instagram.com/sarocider/,https://maps.google.com/?cid=14239117714929818609,Nebraska,United States,Active,40.812684,-96.695605
550,Schilling Cider,Schilling Cider,0,,https://glintcap.org/schilling-cider,0,0,1,2,3,2016,2016,1,https://glintcap.org/schilling-cider,https://schillingcider.com/,https://www.facebook.com/SchillingCider/,https://www.instagram.com/schillingcider/,https://www.google.com/maps?cid=12281308087911884522,Washington,United States,Active,47.347243,-122.233995
553,Seattle Cider Company,Seattle Cider Company,0,,https://glintcap.org/seattle-cider-company,9,14,62,44,129,2015,2023,8,https://glintcap.org/seattle-cider-company,http://www.seattlecidercompany.com/,https://www.facebook.com/SeattleCiderCo,https://www.instagram.com/seattleciderco/,https://maps.google.com/?cid=10339393864619567754,Washington,United States,Active,47.560327,-122.337605
556,Serpentine Cider Miramar,Serpentine Cider,x,https://ciderguide.com/serpentine-cider-miramar/,https://glintcap.org/serpentine-cider,0,0,3,5,8,2019,2023,2,https://glintcap.org/serpentine-cider,http://www.serpentinecider.com/,https://www.facebook.com/SerpentineCiderSD/,https://www.instagram.com/serpentine_cider/,https://maps.google.com/?cid=296132755660138594,California,United States,Active,32.895393,-117.137246
560,Shoal Hope Ciderworks,Shoal Hope Ciderworks,0,,https://glintcap.org/shoal-hope-ciderworks,0,0,4,6,10,2018,2021,3,https://glintcap.org/shoal-hope-ciderworks,,,,,Massachusetts,United States,Inactive,42.057719,-70.188488
561,Sierra Cider,Sierra Cider,0,,https://glintcap.org/sierra-cider,3,1,2,2,8,2017,2019,3,https://glintcap.org/sierra-cider,http://sierracider.com/,https://www.facebook.com/sierracider/,https://www.instagram.com/sierra_cider/,https://maps.google.com/?cid=4945510400217384916,California,United States,Active,37.495517,-119.819732
565,Working Hands Fermentation,Working Hands Fermentation,0,,https://glintcap.org/slopeswell-cider-company,0,0,0,1,1,2017,2017,1,https://glintcap.org/slopeswell-cider-company,https://www.workinghandsfermentation.com/,https://www.facebook.com/workinghandsbeer,https://www.instagram.com/workinghandsbeer/,https://www.google.com/maps?cid=5832524138589986526,Oregon,United States,Active,45.7024656,-121.5233966
566,Sly Clyde Ciderworks,Sly Clyde Ciderworks,0,,https://glintcap.org/sly-clyde-ciderworks,0,0,4,5,9,2019,2021,2,https://glintcap.org/sly-clyde-ciderworks,https://www.slyclyde.com,https://www.facebook.com/SlyClydeCiderworks/,https://www.instagram.com/slyclydeciderworks/,https://maps.google.com/?cid=17208921279176695082,Virginia,United States,Active,37.01651,-76.319663
567,Slyboro Ciderhouse,Slyboro Ciderhouse,0,,https://glintcap.org/slyboro-ciderhouse,1,0,2,1,4,2008,2008,1,https://glintcap.org/slyboro-ciderhouse,,https://www.facebook.com/slyborociderhouse/,,https://maps.google.com/?cid=15135981072993122340,New York,United States,Active,43.411532,-73.330994
569,Snow Capped Cider,Snow Capped Cider,0,,https://glintcap.org/snow-capped-cider,10,12,33,27,82,2017,2023,6,https://glintcap.org/snow-capped-cider,http://www.snowcappedcider.com/,https://www.facebook.com/snowcappedcider/,https://www.instagram.com/snowcappedcider/,https://maps.google.com/?cid=373602255640136887,Colorado,United States,Active,38.898619,-107.924961
570,Snowdrift Cider Co.,Snowdrift Cider Co.,0,,https://glintcap.org/snowdrift-cider-co,4,5,17,12,38,2009,2023,9,https://glintcap.org/snowdrift-cider-co,http://www.snowdriftcider.com/,https://www.facebook.com/snowdriftcider,https://www.instagram.com/snowdriftciderco/,https://maps.google.com/?cid=18339570792633761066,Washington,United States,Active,47.400586,-120.178628
577,South City Ciderworks,South City Ciderworks,0,,https://glintcap.org/south-city-ciderworks,0,1,2,2,5,2019,2019,1,https://glintcap.org/south-city-ciderworks,,,,,California,United States,Inactive,37.639936,-122.412129
582,Spoke + Spy Ciderworks,Spoke + Spy Ciderworks,0,,https://glintcap.org/spoke-spy-ciderworks,1,0,5,2,8,2018,2023,4,https://glintcap.org/spoke-spy-ciderworks,http://spokeandspy.com/,https://www.facebook.com/SpokeandSpy/,https://www.instagram.com/spokeandspy/,https://maps.google.com/?cid=4011737661305086248,Connecticut,United States,Active,41.572063,-72.657709
584,Spring Hill Cider Works,Spring Hill Cider Works,0,,https://glintcap.org/spring-hill-cider-works,0,0,4,7,11,2017,2023,6,https://glintcap.org/spring-hill-cider-works,http://www.thewineryatspringhill.com/,https://www.facebook.com/TheWineryatSpringHill/,https://www.instagram.com/wineryspringhill/,https://maps.google.com/?cid=3444189531624313783,Ohio,United States,Active,41.781744,-80.97225
585,Square Mile Cider,Square Mile Cider,0,,https://glintcap.org/square-mile-cider-co,1,0,5,6,12,2015,2019,5,https://glintcap.org/square-mile-cider-co,https://www.squaremilecider.com/,https://www.facebook.com/SquareMileCider,https://www.instagram.com/squaremilecider/,https://maps.google.com/?cid=1334101927022279814,Oregon,United States,Active,45.541124,-122.676595
587,St. Vrain Cidery,St. Vrain Cidery,0,,https://glintcap.org/st-vrain-cidery,0,7,21,17,45,2016,2023,7,https://glintcap.org/st-vrain-cidery,http://www.stvraincidery.com/,https://www.facebook.com/stvraincidery/,https://www.instagram.com/stvraincidery/,https://maps.google.com/?cid=17224865106599925771,Colorado,United States,Active,40.1651663,-105.104967
590,Star Cider,Star Cider,0,,https://glintcap.org/star-cider,0,0,1,3,4,2016,2016,1,https://glintcap.org/star-cider,http://www.starcidery.com/,https://www.facebook.com/StarCidery/,https://www.instagram.com/starcidery/,https://maps.google.com/?cid=13417468118852329215,New York,United States,Active,42.866574,-77.2504058
592,Stem Ciders,Stem Ciders,0,,https://glintcap.org/stem-ciders,3,4,33,21,61,2014,2023,9,https://glintcap.org/stem-ciders,http://stemciders.com/,https://www.facebook.com/stemciders/,https://www.instagram.com/stemciders/,https://maps.google.com/?cid=14948853403840338868,Colorado,United States,Active,39.761635,-104.983791
594,Stoic Cider,Stoic Cider,0,,https://glintcap.org/stoic-cider,1,2,8,3,14,2018,2023,4,https://glintcap.org/stoic-cider,http://stoiccider.com/,https://www.facebook.com/StoicCider/,https://www.instagram.com/stoiccider/,https://maps.google.com/?cid=17055851363950061801,Arizona,United States,Active,34.748157,-112.670676
597,Stone Circle Cider,Stone Circle Cider,0,,https://glintcap.org/stone-circle-cider,0,0,3,3,6,2018,2021,2,https://glintcap.org/stone-circle-cider,http://stonecirclecider.com/,https://www.facebook.com/StoneCircleCider,https://www.instagram.com/stonecirclecider,https://maps.google.com/?cid=6649334225519073300,Oregon,United States,Active,45.27771,-122.284894
598,Stoney Ridge Winery,Stoney Ridge Winery,0,,https://glintcap.org/stoney-ridge-winery,0,0,1,0,1,2018,2018,1,https://glintcap.org/stoney-ridge-winery,http://www.stoneyridgewinery.com/,https://www.facebook.com/stoneyridgewinery/,https://www.instagram.com/stoneyridgewineryohio/,https://maps.google.com/?cid=11251317941626772107,Ohio,United States,Active,41.516257,-84.516839
599,Stoneybrook Cider,Stoneybrook Cider,0,,https://glintcap.org/stoneybrook-cider,0,1,1,1,3,2019,2022,3,https://glintcap.org/stoneybrook-cider,http://www.stoneybrookcider.com/,https://www.facebook.com/stoneybrookcider/,,,Massachusetts,United States,Active,42.250687,-72.55657
600,Stormalong Cider,Stormalong Cider,0,,https://glintcap.org/stormalong-cider,1,5,18,12,36,2015,2023,7,https://glintcap.org/stormalong-cider,https://www.stormalong.com/,https://www.facebook.com/stormalongcider/,https://www.instagram.com/stormalongcider/,https://maps.google.com/?cid=9791117786097773397,Massachusetts,United States,Active,42.231425,-71.362237
601,Stowe Cider,Stowe Cider,0,,https://glintcap.org/stowe-cider,0,0,3,1,4,2017,2018,2,https://glintcap.org/stowe-cider,http://www.stowecider.com/,https://www.facebook.com/StoweCider,https://www.instagram.com/stowecider/,https://maps.google.com/?cid=6993680314169906863,Vermont,United States,Active,44.473504,-72.711986
609,Sutliff Cider Company,Sutliff Cider Company,0,,https://glintcap.org/sutliff-farm-cider-house,0,0,1,1,2,2022,2022,1,https://glintcap.org/sutliff-farm-cider-house,,,,,Iowa,United States,Inactive,41.887218,-91.385952
612,Swift Cider,Swift Cider,0,,https://glintcap.org/swift-cider,0,5,26,11,42,2016,2023,6,https://glintcap.org/swift-cider,http://swiftcider.com/,https://www.facebook.com/SwiftCider/,https://www.instagram.com/swiftcider/,https://maps.google.com/?cid=1421879404707890325,Oregon,United States,Active,45.577537,-122.651246
613,Swilled Dog Hard Cider,Swilled Dog Hard Cider,0,,https://glintcap.org/swilled-dog-hard-cider,0,0,2,5,7,2017,2021,3,https://glintcap.org/swilled-dog-hard-cider,http://www.swilleddog.com/,https://www.facebook.com/swilleddog/,https://www.instagram.com/swilleddog/,https://maps.google.com/?cid=16690532979393529763,West Virginia,United States,Active,38.648376,-79.339701
615,Talbott's Cider Company,Talbott's Cider Company,0,,https://glintcap.org/talbotts-cider-company,0,0,3,3,6,2018,2021,2,https://glintcap.org/talbotts-cider-company,http://talbottsciderco.com/,https://www.facebook.com/talbottsciderco,https://www.instagram.com/talbottsciderco/,https://maps.google.com/?cid=11602953526890800348,Colorado,United States,Active,39.097123,-108.349759
617,Tapped Apple Cider & Winery,Tapped Apple Winery,x,https://ciderguide.com/tapped-apple-cider-winery/,https://glintcap.org/tapped-apple-winery,0,0,2,1,3,2023,2023,1,https://glintcap.org/tapped-apple-winery,http://www.tappedapple.com/,https://www.facebook.com/tappedapplewinery,https://www.instagram.com/tapped_apple/,https://maps.google.com/?cid=10176287117165487757,Rhode Island,United States,Active,41.378713,-71.829973
619,Texas Keeper Cider,Texas Keeper Cider,0,,https://glintcap.org/texas-keeper-cider,0,0,5,5,10,2015,2016,2,https://glintcap.org/texas-keeper-cider,http://www.texaskeeper.com/,https://www.facebook.com/txkeepercider,https://www.instagram.com/txkeepercider/,https://maps.google.com/?cid=4878585715150481608,Texas,United States,Active,30.125459,-97.818789
621,The BottleHouse Brewing Company,The BottleHouse Brewing Company,0,,https://glintcap.org/the-bottlehouse-brewery-meadery,0,1,1,0,2,2018,2018,1,https://glintcap.org/the-bottlehouse-brewery-meadery,https://www.bottlehouse.co/,https://www.facebook.com/TheBottleHouseBrewery/,https://www.instagram.com/bottlehousebrew/,https://maps.google.com/?cid=14872373864961139551,Ohio,United States,Active,41.503728,-81.565883
622,The Cider Farm,The Cider Farm,0,,https://glintcap.org/the-cider-farm,1,1,8,4,14,2014,2023,3,https://glintcap.org/the-cider-farm,http://www.theciderfarm.com/,https://www.facebook.com/theciderfarm,https://www.instagram.com/the_cider_farm,https://maps.google.com/?cid=4628939322097981132,Wisconsin,United States,Active,42.859997,-90.179847
625,The Infinite Monkey Theorem,The Infinite Monkey Theorem,0,,https://glintcap.org/the-infinite-monkey-theorem,0,1,0,2,3,2014,2017,3,https://glintcap.org/the-infinite-monkey-theorem,http://www.theinfinitemonkeytheorem.com/,https://www.facebook.com/theinfinitemonkeytheorem,https://www.instagram.com/infinite_chimp/,https://maps.google.com/?cid=15985394735088977208,Colorado,United States,Active,39.764124,-104.977492
626,The Old Mine Cider Company,The Old Mine Cider Company,0,,https://glintcap.org/the-old-mine-cider-company,0,0,0,2,2,2018,2018,1,https://glintcap.org/the-old-mine-cider-company,http://theoldmine.com/,https://www.facebook.com/TheOldMine/,https://www.instagram.com/theoldmine/,https://maps.google.com/?cid=10595580658092782014,Colorado,United States,Active,40.049115,-105.047549
631,Thor's Hard Cider,Thor's Hard Cider,0,,https://glintcap.org/thors-hard-cider,3,5,17,11,36,2018,2023,5,https://glintcap.org/thors-hard-cider,https://www.thorshardcider.com/,https://www.facebook.com/thorshardcider/,https://www.instagram.com/thorshardcider/,https://maps.google.com/?cid=16250618587804183842,Minnesota,United States,Active,45.042138,-92.865744
632,Threadbare Cider,Threadbare Cider,0,,https://glintcap.org/threadbare-cider,2,4,27,27,60,2018,2023,5,https://glintcap.org/threadbare-cider,https://threadbarecider.com/,https://www.facebook.com/threadbarecider,https://www.instagram.com/threadbarecider/,https://maps.google.com/?cid=7094659481938293243,Pennsylvania,United States,Active,40.460471,-79.988895
633,Three Brothers Wineries & Estates,Three Brothers Wineries & Estates,0,,https://glintcap.org/three-brothers-wineries-estates,0,0,0,1,1,2015,2015,1,https://glintcap.org/three-brothers-wineries-estates,http://www.3brotherswinery.com/,,https://www.instagram.com/3broswine/,https://maps.google.com/?cid=14242304132257134000,New York,United States,Active,42.820685,-76.926299
635,Tieton Cider Works,Tieton Cider Works,0,,https://glintcap.org/tieton-cider-works,3,2,31,25,61,2011,2022,10,https://glintcap.org/tieton-cider-works,https://tietonciderworks.com/,https://www.facebook.com/tietonciderworks/,https://www.instagram.com/tietonciderworks/,https://maps.google.com/?cid=9208093896298438407,Washington,United States,Active,46.615859,-120.521786
636,Tilted Shed Ciderworks,Tilted Shed Ciderworks,0,,https://glintcap.org/tilted-shed-ciderworks,0,0,1,1,2,2013,2013,1,https://glintcap.org/tilted-shed-ciderworks,http://www.tiltedshed.com/,,https://www.instagram.com/tiltedshed/,https://maps.google.com/?cid=15958152535454169919,California,United States,Active,38.536915,-122.805436
640,Tin Hat Cider,Tin Hat Cider,0,,https://glintcap.org/tin-hat-cider,0,0,1,0,1,2018,2018,1,https://glintcap.org/tin-hat-cider,http://www.tinhatcider.com/,,https://www.instagram.com/tinhatcider/,,Vermont,United States,Active,44.087237,-72.715339
643,Tractor Brewing Company,Tractor Brewing Company,0,,https://glintcap.org/tractor-brewing-company,0,0,4,7,11,2017,2019,3,https://glintcap.org/tractor-brewing-company,https://getplowed.com/,https://www.facebook.com/TractorBrewingCompany,https://www.instagram.com/tractorbrewing/,https://maps.google.com/?cid=3753383082862892137,New Mexico,United States,Active,35.102281,-106.647915
644,Treasury Cider at Fishkill Farms,Treasury Cider at Fishkill Farms,0,,https://glintcap.org/treasury-cider-at-fishkill-farms,0,0,4,9,13,2018,2022,4,https://glintcap.org/treasury-cider-at-fishkill-farms,http://www.treasurycider.com/,,https://www.instagram.com/fishkillfarms/,https://maps.google.com/?cid=14255088451627296241,New York,United States,Active,41.517826,-73.823327
645,Treehorn Cider,Treehorn Cider,0,,https://glintcap.org/treehorn-cider,0,2,6,1,9,2018,2019,2,https://glintcap.org/treehorn-cider,http://www.treehorncider.com/,https://www.facebook.com/TreehornCider/,https://www.instagram.com/treehorncider/,https://maps.google.com/?cid=14919543020537044132,Georgia,United States,Active,33.942771,-84.514319
647,Troy Cider,Troy Cider,0,,https://glintcap.org/troy-cider,0,0,1,1,2,2015,2018,2,https://glintcap.org/troy-cider,,,,,California,United States,Inactive,38.495772,-122.7667
648,Tulip Valley Vineyard & Orchard,Tulip Valley Vineyard & Orchard,0,,https://glintcap.org/tulip-valley-vineyard-orchard,1,4,5,4,14,2005,2023,10,https://glintcap.org/tulip-valley-vineyard-orchard,http://www.tulipvalley.net/,,,https://maps.google.com/?cid=5991272797234687283,Washington,United States,Active,48.443719,-122.396515
649,Tumalo Cider,Tumalo Cider,0,,https://glintcap.org/tumalo-cider-co,0,0,0,2,2,2021,2021,1,https://glintcap.org/tumalo-cider-co,http://www.tumalocider.com/,https://www.facebook.com/tumalocider/,https://www.instagram.com/tumalocider/,https://maps.google.com/?cid=522863006020173702,Oregon,United States,Active,44.1473701,-121.3304068
654,Two Broads Ciderworks,Two Broads Ciderworks,0,,https://glintcap.org/two-broads-ciderworks,1,1,2,1,5,2021,2021,1,https://glintcap.org/two-broads-ciderworks,https://twobroadscider.com/,https://www.facebook.com/twobroadscider/,https://www.instagram.com/twobroadscider/,https://maps.google.com/?cid=14445203383659538831,California,United States,Active,35.259662,-120.644957
657,Upstream Cider,Upstream Cider,0,,https://glintcap.org/upstream-cider,0,0,1,0,1,2019,2019,1,https://glintcap.org/upstream-cider,,,,,Wisconsin,United States,Inactive,44.4976,-89.5595
658,Urban Farm Fermentory,Urban Farm Fermentory,0,,https://glintcap.org/urban-farm-fermentory,0,0,4,1,5,2019,2021,2,https://glintcap.org/urban-farm-fermentory,https://www.fermentory.com/,https://www.facebook.com/urbanfarmfermentory,https://www.instagram.com/fermentory/,https://maps.google.com/?cid=11975829594267048308,Maine,United States,Active,43.669113,-70.256105
659,Urban Forage Winery & Cider House,Urban Forage Winery & Cider House,0,,https://glintcap.org/urban-forage-winery-and-cider-house,0,0,4,2,6,2017,2022,2,https://glintcap.org/urban-forage-winery-and-cider-house,http://urbanforagewinery.com/,https://www.facebook.com/urbanforagewinery/,https://www.instagram.com/urbanforagewinery/,https://maps.google.com/?cid=16453140758915321302,Minnesota,United States,Active,44.948571,-93.227734
661,Urban Tree Hard Cider,Urban Tree Hard Cider,0,,https://glintcap.org/urban-tree-hard-cider,2,0,13,9,24,2016,2022,6,https://glintcap.org/urban-tree-hard-cider,https://urbantreecidery.com/,https://www.facebook.com/UrbanTreeCider/,https://www.instagram.com/urbantreecider/,https://maps.google.com/?cid=8193144976879641306,Georgia,United States,Active,33.794905,-84.414797
664,Vermont Cider Company,Vermont Cider Company,0,,https://glintcap.org/vermont-cider-company,7,8,30,43,88,2005,2021,13,https://glintcap.org/vermont-cider-company,http://www.woodchuck.com/,https://www.facebook.com/WoodchuckCider,https://www.instagram.com/woodchuckcider/,https://maps.google.com/?cid=9402882086420367798,Vermont,United States,Active,44.034072,-73.172778
665,Vines & Rushes Winery,Vines & Rushes Winery,0,,https://glintcap.org/vines-rushes-winery,0,0,0,1,1,2014,2014,1,https://glintcap.org/vines-rushes-winery,http://vinesandrushes.com/,https://www.facebook.com/vinesandrushes/,https://www.instagram.com/vinesandrushes,https://maps.google.com/?cid=12762340411071091355,Wisconsin,United States,Active,43.906003,-88.839949
668,Wandering Aengus Ciderworks,Wandering Aengus Ciderworks,0,,https://glintcap.org/wandering-aengus-ciderworks,1,10,17,10,38,2006,2016,7,https://glintcap.org/wandering-aengus-ciderworks,,,,,Oregon,United States,Inactive,44.893871,-122.996201
669,Warwick Valley Winery & Distillery,Warwick Valley Winery & Distillery,0,,https://glintcap.org/warwick-valley-winery-distillery,1,0,3,2,6,2009,2013,2,https://glintcap.org/warwick-valley-winery-distillery,http://www.wvwinery.com/,,https://www.instagram.com/docsdraftcider/,https://maps.google.com/?cid=1834058951156072833,New York,United States,Active,41.29121,-74.439717
674,West End Cider House,West End Cider House,0,,https://glintcap.org/athens-west-end-ciderhouse,0,0,0,3,3,2023,2023,1,https://glintcap.org/athens-west-end-ciderhouse,http://www.westendciderhouse.com/,https://www.facebook.com/athensciderhouse,https://www.instagram.com/westciderhouse,https://maps.google.com/?cid=17093383135861039642,Ohio,United States,Active,39.332217,-82.110287
675,Westcott Bay Cider,Westcott Bay Cider,0,,https://glintcap.org/westcott-bay-cider,2,3,15,12,32,2006,2019,11,https://glintcap.org/westcott-bay-cider,http://www.westcottbaycider.com/,,,https://maps.google.com/?cid=4868680669516634580,Washington,United States,Active,48.603122,-123.162475
676,Western Cider,Western Cider,0,,https://glintcap.org/western-cider,0,0,2,6,8,2018,2018,1,https://glintcap.org/western-cider,http://www.westerncider.com/,https://www.facebook.com/westerncider/,https://www.instagram.com/westerncider/,https://maps.google.com/?cid=14623261427414740204,Montana,United States,Active,46.876599,-114.014032
681,White Winter Winery,White Winter Winery,0,,https://glintcap.org/white-winter-winery,0,1,3,6,10,2005,2023,6,https://glintcap.org/white-winter-winery,https://whitewinter.com/,https://www.facebook.com/WhiteWinterWinery/,,https://maps.google.com/?cid=13642608818447326025,Wisconsin,United States,Active,46.565581,-91.418129
682,Whitewood Cider Co.,Whitewood Cider Co.,0,,https://glintcap.org/whitewood-cider-co,0,0,4,1,5,2014,2015,2,https://glintcap.org/whitewood-cider-co,https://www.whitewoodcider.com/,https://www.facebook.com/WhitewoodCider/,https://www.instagram.com/wwcider/,https://maps.google.com/?cid=17959127106154260964,Washington,United States,Active,47.0456687,-122.8933489
683,Wild Cider,Wild Cider,0,,https://glintcap.org/wild-cider,0,0,1,7,8,2014,2018,3,https://glintcap.org/wild-cider,http://wildcider.com/,https://www.facebook.com/wildciderco/,https://www.instagram.com/wildcider/,https://maps.google.com/?cid=17959127106154260964,Colorado,United States,Active,40.166464,-104.905465
684,Wild Hare Cider,Wild Hare Cider,0,,https://glintcap.org/wild-hare-hard-cider,0,0,1,5,6,2016,2019,3,https://glintcap.org/wild-hare-hard-cider,http://wildharecider.com/,https://www.facebook.com/wildharecider,https://www.instagram.com/wildharecider/,https://maps.google.com/?cid=8734946051812732441,Virginia,United States,Active,39.110623,-77.833609
685,Wild State Cider,Wild State Cider,0,,https://glintcap.org/wild-state-cider,0,0,9,4,13,2021,2023,3,https://glintcap.org/wild-state-cider,https://www.wildstatecider.com/,https://www.facebook.com/wildstatecider,https://www.instagram.com/wildstatecider,https://maps.google.com/?cid=9071493292280533216,Minnesota,United States,Active,46.762891,-92.130134
688,WildCraft Cider Works,WildCraft Cider Works,0,,https://glintcap.org/wildcraft-cider-works,0,0,2,6,8,2016,2017,2,https://glintcap.org/wildcraft-cider-works,https://wildcraftciderworks.com/,https://www.facebook.com/WildCraftCiderWorks/,https://www.instagram.com/wildcraftcider/,https://maps.google.com/?cid=15001881032430403771,Oregon,United States,Active,44.055602,-123.097306
689,Willamette Ale & Cider House,Willamette Ale & Cider House,0,,https://glintcap.org/queen-orchard,0,0,4,0,4,2023,2023,1,https://glintcap.org/queen-orchard,http://www.aleandcider.com/,https://www.facebook.com/aleandciderhouse/,https://www.instagram.com/aleandciderhouse/,https://maps.google.com/?cid=1271299947970750914,Oregon,United States,Active,45.344129,-122.65676
690,Willow Oaks,Willow Oaks,0,,https://glintcap.org/willow-oaks,0,1,1,4,6,2021,2022,2,https://glintcap.org/willow-oaks,http://willowoakscraftcider.com/,https://www.facebook.com/willowoakscraftcider,https://www.instagram.com/willowoakscider/,https://maps.google.com/?cid=6526035871523748724,Maryland,United States,Active,39.402881,-77.576441
691,Wilson's Orchard & Farm,Wilson's Orchard & Farm,0,,https://glintcap.org/wilsons-orchard-and-farm,0,1,11,4,16,2022,2022,1,https://glintcap.org/wilsons-orchard-and-farm,http://www.wilsonsorchard.com/,https://www.facebook.com/WilsonsOrchardandFarm,https://www.instagram.com/wilsonsorchardandfarm/,https://maps.google.com/?cid=15844830079220583855,Iowa,United States,Active,41.72032,-91.460991
693,Windfall Orchard,Windfall Orchard,0,,https://glintcap.org/windfall-orchard,0,1,0,2,3,2016,2017,2,https://glintcap.org/windfall-orchard,http://windfallorchardvt.com/,https://www.facebook.com/windfallorchard/,https://www.instagram.com/windfallorchard/,https://maps.google.com/?cid=12967249394672947830,Vermont,United States,Active,43.978128,-73.20449
694,Windy Hill Orchard & Cidery,Windy Hill Orchard & Cidery,0,,https://glintcap.org/windy-hill-orchard-cidery,0,1,12,15,28,2011,2019,9,https://glintcap.org/windy-hill-orchard-cidery,http://windyhillorchard.com/,https://www.facebook.com/windyhillcider/,https://www.instagram.com/windyhillcider/,https://maps.google.com/?cid=17966007782193084624,South Carolina,United States,Active,35.025033,-81.280415
696,Winterset Cidery,Winterset Cidery,0,,https://glintcap.org/winterset-cidery,0,0,1,0,1,2023,2023,1,https://glintcap.org/winterset-cidery,http://www.wintersetcidery.com/,https://www.facebook.com/Wintersetcidery/,,https://maps.google.com/?cid=869133598205810635,Iowa,United States,Active,41.411913,-94.012008
697,Wise Bird Cider,Wise Bird Cider,0,,https://glintcap.org/wise-bird-cider,0,1,7,3,11,2021,2023,3,https://glintcap.org/wise-bird-cider,https://www.wisebirdcider.com/,https://www.facebook.com/wisebirdciderco,https://www.instagram.com/wisebirdcider/,https://maps.google.com/?cid=15445502611486474709,Kentucky,United States,Active,38.055559,-84.517713
698,Wölffer Estate Vineyard,Wölffer Estate Vineyard,0,,https://glintcap.org/wolffer-estate-vineyard,0,0,2,1,3,2022,2022,1,https://glintcap.org/wolffer-estate-vineyard,http://www.wolffer.com/,,,https://maps.google.com/?cid=10690409208604454007,New York,United States,Active,40.945028,-72.27747
702,Wyndfall Cyder,Wyndfall Cyder,0,,https://glintcap.org/wyndfall-cyder,0,0,2,0,2,2015,2016,2,https://glintcap.org/wyndfall-cyder,,,,,Minnesota,United States,Inactive,44.640543,-93.68819
703,Wyndridge Farm,Wyndridge Farm Cidery,x,https://ciderguide.com/wyndridge-farm/,https://glintcap.org/wyndridge-farm-cidery,0,2,10,4,16,2016,2021,4,https://glintcap.org/wyndridge-farm-cidery,http://wyndridge.com/,https://www.facebook.com/WyndridgeFarm,https://www.instagram.com/wyndridgefarm/,https://maps.google.com/?cid=5379105300822108832,Pennsylvania,United States,Active,39.884193,-76.648405
707,Muse Orchard,Muse Orchard,0,,https://glintcap.org/muse-orchard-widows-watch-cidery,0,0,3,1,4,2021,2023,2,https://glintcap.org/muse-orchard-widows-watch-cidery,,,,,Virginia,United States,Active,38.8202977,-78.6011459
712,Five Maidens Cider Company,Five Maidens Cider Company,0,,https://glintcap.org/five-maidens-cider-company,0,1,4,3,8,2023,2023,1,https://glintcap.org/five-maidens-cider-company,https://5mcider.com/,https://www.facebook.com/5MCider/,https://www.instagram.com/5mcider/,https://maps.google.com/?cid=17669165397330541520,Pennsylvania,United States,Active,40.6109554,-75.373349
714,26 Acre Craft Cider Company,26 Acre Craft Cider Company,0,,https://glintcap.org/26-acre-craft-cider-company,0,1,1,3,5,2017,2018,2,https://glintcap.org/26-acre-craft-cider-company,,,,,Ontario,Canada,Inactive,43.037222,-79.328764
718,Annapolis Cider Company,Annapolis Cider Company,0,,https://glintcap.org/annapolis-cider-company,2,2,6,3,13,2017,2023,2,https://glintcap.org/annapolis-cider-company,http://drinkannapolis.ca/,,,https://maps.google.com/?cid=7381602210087700913,Nova Scotia,Canada,Active,45.09178,-64.360279
722,Ardiel Cider House,Ardiel Cider House,0,,https://glintcap.org/ardiel-cider-house,0,1,2,2,5,2018,2018,1,https://glintcap.org/ardiel-cider-house,http://www.ardielciderhouse.ca/,https://www.facebook.com/ardielciderhouse,https://www.instagram.com/ardielcider/,https://maps.google.com/?cid=14241292138099021385,Ontario,Canada,Active,44.499666,-80.426869
726,Beaver Valley Orchard & Cidery,Beaver Valley Orchard & Cidery,0,,https://glintcap.org/beaver-valley-orchard-cidery,0,2,3,18,23,2014,2021,7,https://glintcap.org/beaver-valley-orchard-cidery,,,,,Ontario,Canada,Inactive,44.432324,-80.522854
729,Blue Moon Winery & Ciderworx,Blue Moon Winery & Ciderworx,0,,https://glintcap.org/blue-moon-winery-and-cider-worx,0,1,32,16,49,2018,2023,5,https://glintcap.org/blue-moon-winery-and-cider-worx,http://www.bluemoonwinery.ca/,,,https://maps.google.com/?cid=15603029176115587266,British Columbia,Canada,Active,49.692391,-125.040645
730,Blueberry Hill Estates,Blueberry Hill Estates,0,,https://glintcap.org/blueberry-hill-estates,0,0,0,4,4,2016,2018,2,https://glintcap.org/blueberry-hill-estates,http://blueberry-hill.ca/,,https://www.instagram.com/blueberryhillca/,https://maps.google.com/?cid=16325207034230739009,Ontario,Canada,Active,42.671668,-80.389101
731,Bonnieheath Estate Winery,Bonnieheath Estate Winery,0,,https://glintcap.org/bonnieheath-estate-winery,0,0,0,2,2,2017,2017,1,https://glintcap.org/bonnieheath-estate-winery,http://bonnieheathestate.ca/,,,https://maps.google.com/?cid=10037639566151793222,Ontario,Canada,Active,42.890266,-80.261896
733,Brickworks Ciderhouse,Brickworks Ciderhouse,0,,https://glintcap.org/brickworks-ciderhouse,1,3,9,8,21,2016,2022,5,https://glintcap.org/brickworks-ciderhouse,http://theciderhouse.ca/,,,https://maps.google.com/?cid=4965054275523318727,Ontario,Canada,Active,43.718379,-79.312625
734,Bulwark Cider,Bulwark Cider,0,,https://glintcap.org/bulwark-cider,2,0,3,8,13,2016,2018,3,https://glintcap.org/bulwark-cider,https://bulwarkcider.com/,,,https://maps.google.com/?cid=9582388698593505547,Nova Scotia,Canada,Active,44.822603,-64.506287
736,Cidrerie Le Somnambule,Cidrerie Le Somnambule,0,,https://glintcap.org/cidrerie-le-somnambule,0,0,2,2,4,2023,2023,1,https://glintcap.org/cidrerie-le-somnambule,https://www.lesomnambule.com/,https://www.facebook.com/cidrerielesomnambule,https://www.instagram.com/cidrerielesomnambule/,https://maps.google.com/?cid=4770600502618884500,Quebec,Canada,Active,46.662195,-71.07671
738,Chain Yard Urban Cidery,Chain Yard Urban Cidery,0,,https://glintcap.org/chain-yard-urban-cidery,0,2,9,3,14,2019,2022,2,https://glintcap.org/chain-yard-urban-cidery,http://chainyardcider.com/,,https://www.instagram.com/chainyardcider/,https://maps.google.com/?cid=4454532663694829560,Nova Scotia,Canada,Active,44.655537,-63.593991
742,Cidrerie du Minot,Cidrerie du Minot,0,,https://glintcap.org/cidrerie-du-minot,7,3,16,12,38,2016,2019,4,https://glintcap.org/cidrerie-du-minot,http://www.duminot.com/,https://www.duminot.com/,https://www.instagram.com/cidrerieduminot/,https://www.google.com/maps?cid=3229917684270453987,Quebec,Canada,Active,45.019621,-73.621962
743,Cidrerie Entre Pierre & Terre,Cidrerie Entre Pierre & Terre,0,,https://glintcap.org/cidrerie-entre-pierre-terre,1,0,7,1,9,2013,2016,4,https://glintcap.org/cidrerie-entre-pierre-terre,http://vindefruit.ca/,,,https://maps.google.com/?cid=16856277496706974032,Quebec,Canada,Active,45.027494,-73.937
748,Cidrerie McKeown,Cidrerie McKeown,0,,https://glintcap.org/mckeown-cidery,0,0,4,3,7,2017,2022,2,https://glintcap.org/mckeown-cidery,https://www.cidremckeown.com/,https://www.facebook.com/McKeownOriginal/,https://www.instagram.com/mckeownoriginal/,https://maps.google.com/?cid=14828880461334289891,Quebec,Canada,Active,45.44444,-73.069221
750,Cidrerie Milton,Cidrerie Milton,0,,https://glintcap.org/cidrerie-milton,9,8,25,20,62,2013,2023,10,https://glintcap.org/cidrerie-milton,http://cidreriemilton.com/,https://facebook.com/cidreriemilton,https://instagram.com/cidreriemilton,https://maps.google.com/?cid=9570102942420505240,Quebec,Canada,Active,45.483424,-72.759531
752,Cidrerie St-Nicolas,Cidrerie St-Nicolas,0,,https://glintcap.org/cidrerie-st-nicolas,0,0,1,2,3,2013,2013,1,https://glintcap.org/cidrerie-st-nicolas,https://cidreriest-nicolas.com/,https://www.facebook.com/Cidrerie-et-Vergers-St-Nicolas-116655605019516/,,https://www.google.com/maps?cid=13236211893873843107,Quebec,Canada,Active,46.692988,-71.454642
753,Cidrerie Verger Bilodeau,Cidrerie Verger Bilodeau,0,,https://glintcap.org/cidrerie-verger-bilodeau,2,2,17,8,29,2017,2023,6,https://glintcap.org/cidrerie-verger-bilodeau,http://cidreriebilodeau.com/,,,https://maps.google.com/?cid=13614947233486647877,Quebec,Canada,Active,46.91664,-71.035444
759,Coffin Ridge Boutique Winery,Coffin Ridge Boutique Winery,0,,https://glintcap.org/coffin-ridge-boutique-winery,2,0,7,1,10,2017,2019,2,https://glintcap.org/coffin-ridge-boutique-winery,https://www.coffinridge.ca/,https://www.facebook.com/CoffinRidgeWinery,https://www.instagram.com/coffinridge/,https://maps.google.com/?cid=12219814321638852363,Ontario,Canada,Active,44.663372,-80.77569
760,Collective Arts Brewing,Collective Arts Brewing,0,,https://glintcap.org/collective-arts-brewing,0,1,7,4,12,2017,2021,4,https://glintcap.org/collective-arts-brewing,http://collectiveartsbrewing.com/,,,https://maps.google.com/?cid=9920654321167470617,Ontario,Canada,Active,43.27079,-79.852716
761,Coteau Rougemont,Coteau Rougemont,0,,https://glintcap.org/coteau-rougemont,0,2,4,4,10,2016,2017,2,https://glintcap.org/coteau-rougemont,https://www.coteaurougemont.ca/,https://www.facebook.com/profile.php?id=100064415272872,https://www.instagram.com/coteaurougemont/,https://www.google.com/maps?cid=8074777431752004247,Quebec,Canada,Active,45.4513635,-73.0422493
763,County Cider Company,County Cider Company,0,,https://glintcap.org/county-cider-company,1,0,8,4,13,2011,2017,4,https://glintcap.org/county-cider-company,http://www.countycider.com/,,,https://maps.google.com/?cid=64fedff712d6895c,Ontario,Canada,Active,44.020608,-76.962788
764,Crossmount Cider Company,Crossmount Cider Company,0,,https://glintcap.org/crossmount-cider-company,0,0,2,1,3,2022,2022,1,https://glintcap.org/crossmount-cider-company,http://crossmountcidercompany.ca/,https://www.facebook.com/Crossmountcidercompany/,https://www.instagram.com/crossmountcidercompany/,https://www.google.com/maps?cid=8011124570975392890,Saskatchewan,Canada,Active,52.03247,-106.673155
774,Neige,Neige,0,,https://glintcap.org/la-face-cachee-de-la-pomme/,0,0,3,1,4,2015,2016,2,https://glintcap.org/la-face-cachee-de-la-pomme/,https://neige.co/,https://www.facebook.com/NEIGE.CO,https://www.instagram.com/neige_co,,Quebec,Canada,Active,45.490631,-73.701828
776,Domaine Pinnacle,Domaine Pinnacle,0,,https://glintcap.org/domaine-pinnacle,0,0,1,0,1,2013,2013,1,https://glintcap.org/domaine-pinnacle,https://domainepinnacle.ca/,https://www.facebook.com/cidredomainepinnacle,https://www.instagram.com/domainepinnacle/,,Quebec,Canada,Active,45.027528,-72.784982
778,Dominion Cider Co.,Dominion Cider Co.,0,,https://glintcap.org/dominion-cider-co,0,0,1,1,2,2019,2019,1,https://glintcap.org/dominion-cider-co,http://dominioncider.com/,,,https://maps.google.com/?cid=8943197363356619776,British Columbia,Canada,Active,49.589829,-119.692589
781,Duntroon Cyder House,Duntroon Cyder House,0,,https://glintcap.org/dunridge-farms,0,0,0,1,1,2015,2015,1,https://glintcap.org/dunridge-farms,http://duntrooncyderhouse.com/,https://www.facebook.com/DuntroonCyderHouse,https://www.instagram.com/duntrooncyderhouse/,https://maps.google.com/?cid=64bcac1176cdd7a9,Ontario,Canada,Active,44.410816,-80.196816
784,Ernest Cider,Ernest Cider,0,,https://glintcap.org/ernest-cider-co,1,2,22,10,35,2017,2023,6,https://glintcap.org/ernest-cider-co,http://www.ernestcider.com/,https://www.facebook.com/ernestcider,https://www.instagram.com/ernestcider/,https://maps.google.com/?cid=4441484377316760369,Ontario,Canada,Active,44.059187,-79.461256
787,Fraser Valley Cider Company,Fraser Valley Cider Company,0,,https://glintcap.org/fraser-valley-cider-company,1,0,1,1,3,2022,2022,1,https://glintcap.org/fraser-valley-cider-company,http://www.fraservalleycider.ca/,,https://www.instagram.com/fraservalleycider/,https://maps.google.com/?cid=1355617416961303454,British Columbia,Canada,Active,49.030911,-122.610962
789,Garage D'or Ciders,Garage D'or Ciders,0,,https://glintcap.org/garage-dor-ciders,0,0,1,0,1,2017,2017,1,https://glintcap.org/garage-dor-ciders,,https://www.facebook.com/garagedorciders/,,https://maps.google.com/?ftid=0x89d3495b85ab330f:0xa66b7f6644047a01,Ontario,Canada,Active,43.045335,-79.285449
791,Hoity Toity Cellars,Hoity Toity Cellars,0,,https://glintcap.org/hoity-toity-cellars,0,2,0,3,5,2012,2015,4,https://glintcap.org/hoity-toity-cellars,,,,,Ontario,Canada,Inactive,44.093675,-81.143186
796,Ironwood Hard Cider,Ironwood Hard Cider,0,,https://glintcap.org/ironwood-hard-cider,0,1,2,5,8,2016,2019,4,https://glintcap.org/ironwood-hard-cider,http://www.ironwoodcider.ca/,,,https://maps.google.com/?cid=5b211b40ee750902,Ontario,Canada,Active,43.252604,-79.120363
798,KW Craft Cider,KW Craft Cider,0,,https://glintcap.org/kw-craft-cider,0,1,19,6,26,2015,2022,7,https://glintcap.org/kw-craft-cider,http://kwcraftcider.com/,https://www.facebook.com/kwcraftcider,https://www.instagram.com/kwcraftcider/,,Ontario,Canada,Active,43.508396,-80.543731
802,Le Flanc Nord Verger & Cidrerie,Le Flanc Nord Verger & Cidrerie,0,,https://glintcap.org/le-flanc-nord-verger-cidrerie,0,1,4,4,9,2015,2018,4,https://glintcap.org/le-flanc-nord-verger-cidrerie,http://www.vergerduflancnord.com/,,,https://goo.gl/maps/WA1Kjax1w7u,Quebec,Canada,Active,45.572002,-73.155988
806,Left Field Cider Co.,Left Field Cider Co.,0,,https://glintcap.org/left-field-cider-co,0,0,3,2,5,2013,2016,3,https://glintcap.org/left-field-cider-co,http://www.leftfieldcider.com/,https://www.facebook.com/leftfieldcider,https://www.instagram.com/leftfieldcider/,https://goo.gl/maps/mjdsN9RFXh12,British Columbia,Canada,Active,50.361569,-120.801877
814,Northyards Cider Co.,Northyards Cider Co.,0,,https://glintcap.org/northyards-cider-co,0,0,3,0,3,2023,2023,1,https://glintcap.org/northyards-cider-co,https://northyardscider.com/,https://www.facebook.com/northyardsciderco/,https://www.instagram.com/northyardscider/,https://maps.google.com/?cid=5148305129256675182,British Columbia,Canada,Active,50.7082062,-119.2489944
815,Nomad Cider,Nomad Cider,0,,https://glintcap.org/nomad-cider,0,0,1,4,5,2018,2018,1,https://glintcap.org/nomad-cider,http://www.nomadcider.ca/,https://www.facebook.com/nomadcider,https://www.instagram.com/nomadcider/,https://maps.google.com/?cid=2738922948201032408,British Columbia,Canada,Active,49.580647,-119.684279
819,Pommies Cider Co.,Pommies Cider Co.,0,,https://glintcap.org/pommies-cider-co,0,1,7,12,20,2013,2018,6,https://glintcap.org/pommies-cider-co,http://pommies.com/,https://www.facebook.com/pommiescider,https://www.instagram.com/pommiescider/,https://maps.google.com/?cid=9029954072036938258,Ontario,Canada,Active,43.863806,-79.720618
820,Puddicombe Estate Farm,Puddicombe Estate Farm,0,,https://glintcap.org/puddicombe-cider-co,0,0,3,10,13,2012,2019,5,https://glintcap.org/puddicombe-cider-co,http://www.puddicombefarms.com/,https://www.facebook.com/puddicombefarms,https://www.instagram.com/puddicombeestate/,https://maps.google.com/?cid=9812398427753964589,Ontario,Canada,Active,43.2048937,-79.6336935
823,Red Rover Craft Cider,Red Rover Craft Cider,0,,https://glintcap.org/red-rover-craft-cider,2,1,1,8,12,2016,2019,4,https://glintcap.org/red-rover-craft-cider,http://www.redroverbrew.com/,,https://www.instagram.com/redroverbrew/,https://maps.google.com/?cid=629976877139615301,New Brunswick,Canada,Active,45.961532,-66.640062
824,Revel Cider Company,Revel Cider Company,0,,https://glintcap.org/revel-cider-company,0,0,2,5,7,2015,2017,3,https://glintcap.org/revel-cider-company,http://revelcider.ca/,,https://www.instagram.com/revelcider/,https://goo.gl/maps/PfmHnskMkPE2,Ontario,Canada,Active,43.236298,-79.741607
827,Salt Spring Wild Cider,Salt Spring Wild Cider,0,,https://glintcap.org/salt-spring-wild-cider,5,4,30,4,43,2018,2023,4,https://glintcap.org/salt-spring-wild-cider,http://www.saltspringwildcider.com/,,,https://maps.google.com/?cid=1013951137212036854,British Columbia,Canada,Active,48.862494,-123.522065
828,Scenic Road Cider Co.,Scenic Road Cider Co.,0,,https://glintcap.org/scenic-road-cider-co,2,1,10,1,14,2017,2021,4,https://glintcap.org/scenic-road-cider-co,https://scenicroadcider.com/,,,https://maps.google.com/?cid=1733637164282947547,British Columbia,Canada,Active,49.931257,-119.421347
830,Sea Cider Farm & Ciderhouse,Sea Cider Farm & Ciderhouse,0,,https://glintcap.org/sea-cider-farm-ciderhouse,1,8,27,22,58,2014,2023,9,https://glintcap.org/sea-cider-farm-ciderhouse,http://seacider.ca/,,https://www.instagram.com/seaciderhouse/,https://goo.gl/maps/VQPjUX6TpCN2,British Columbia,Canada,Active,48.60325,-123.397092
831,Shiny Apple Cider,Shiny Apple Cider,0,,https://glintcap.org/shiny-apple-cider,0,1,8,6,15,2016,2023,4,https://glintcap.org/shiny-apple-cider,http://www.shinyapplecider.com/,,https://www.instagram.com/shinyapplecider/,https://goo.gl/maps/K6iMob5ZhvF2,Ontario,Canada,Active,43.223863,-79.171489
832,ShipBuilders Cider,ShipBuilders Cider,0,,https://glintcap.org/shipbuilders-cider,0,0,6,5,11,2015,2019,4,https://glintcap.org/shipbuilders-cider,http://www.shipbuilderscider.ca/,,,https://goo.gl/maps/jw6eGr87eeR2,Nova Scotia,Canada,Active,44.649288,-63.574042
835,Spirit Tree Estate Cidery,Spirit Tree Estate Cidery,0,,https://glintcap.org/spirit-tree-estate-cidery,0,2,7,9,18,2011,2017,6,https://glintcap.org/spirit-tree-estate-cidery,https://spirittreecider.com/,https://www.facebook.com/spirittreecider/,https://www.instagram.com/spirittreecider/,https://www.google.com/maps?cid=4800485022282341419,Ontario,Canada,Active,43.757858,-79.9424878
836,Summerland Heritage Cider Company,Summerland Heritage Cider Company,0,,https://glintcap.org/summerland-heritage-cider-company,0,0,0,1,1,2013,2013,1,https://glintcap.org/summerland-heritage-cider-company,http://www.summerlandcider.com/,,,https://goo.gl/maps/1mXsBm9g5Mm,British Columbia,Canada,Active,49.571672,-119.636982
839,Cambium Cider Co,Cambium Cider Co,0,,https://glintcap.org/cambium-cider-co,1,2,14,7,24,2015,2023,7,https://glintcap.org/cambium-cider-co,https://www.cambiumcider.com/,https://www.facebook.com/cambiumcider,https://www.instagram.com/cambiumcider,https://maps.google.com/?cid=6249839959535544019,British Columbia,Canada,Active,50.2798201,-119.2228203
841,Thornbury Craft Co.,Thornbury Cider House,x,https://ciderguide.com/thornbury-craft-co/,https://glintcap.org/thornbury-cider-house,4,5,33,11,53,2013,2023,10,https://glintcap.org/thornbury-cider-house,https://thornburycraft.com/,https://www.facebook.com/thornburycraft,https://www.instagram.com/thornburycraft/,https://www.google.com/maps?cid=17950053116977107226,Ontario,Canada,Active,44.5596898,-80.4459884
842,Toboggan Brewing Co.,Toboggan Brewing Co.,0,,https://glintcap.org/toboggan-brewing-co,1,0,7,3,11,2016,2023,3,https://glintcap.org/toboggan-brewing-co,http://www.tobogganbrewing.com/,,,https://goo.gl/maps/ANvqQbR6UHL2,Ontario,Canada,Active,42.989853,-81.251191
845,Twin Pines Orchards & Cider House,Twin Pines Orchards & Cider House,0,,https://glintcap.org/twin-pines-orchards-cider-house,3,12,36,43,94,2011,2023,12,https://glintcap.org/twin-pines-orchards-cider-house,http://www.twinpinesorchards.com/,,https://www.instagram.com/twinpinesorchards/,https://goo.gl/maps/99ZTRGi4xuC2,Ontario,Canada,Active,43.187851,-81.847485
846,Twisted Hills Craft Cider,Twisted Hills Craft Cider,0,,https://glintcap.org/twisted-hills-craft-cider,3,2,8,5,18,2016,2019,4,https://glintcap.org/twisted-hills-craft-cider,http://www.twistedhills.ca/,,,https://goo.gl/maps/ATyZi7rAGmF2,British Columbia,Canada,Active,49.180058,-119.748837
847,Uncommon Cider Co.,Uncommon Cider Co.,0,,https://glintcap.org/uncommon-cider-co,0,1,6,4,11,2017,2021,3,https://glintcap.org/uncommon-cider-co,https://uncommoncider.com/,https://www.facebook.com/uncommoncider,https://www.instagram.com/uncommoncider,https://www.google.com/maps?cid=10085150109099679201,Alberta,Canada,Active,51.0187544,-114.0596605
850,Verger Belliveau Orchard,Verger Belliveau Orchard,0,,https://glintcap.org/verger-belliveau-orchard,1,0,1,2,4,2015,2021,3,https://glintcap.org/verger-belliveau-orchard,http://vergerbelliveauorchard.ca/,,,https://goo.gl/maps/BV6hRzcAe1K2,New Brunswick,Canada,Active,45.94982,-64.628246
861,Vins Arista,Vins Arista,0,,https://glintcap.org/vins-arista,0,0,1,0,1,2023,2023,1,https://glintcap.org/vins-arista,http://www.vinsarista.com/,,,https://maps.google.com/?cid=6192246319146313918,Quebec,Canada,Active,45.43974,-73.057558
863,Wards Cider,Wards Cider,0,,https://glintcap.org/wards-hard-cider,0,0,3,1,4,2016,2018,2,https://glintcap.org/wards-hard-cider,http://www.wardshardcider.com/,https://www.facebook.com/WardsHardAppleCider/,https://www.instagram.com/WardsCidery/,https://goo.gl/maps/v1jp1rNE7Zt,British Columbia,Canada,Active,49.845254,-119.438339
864,West Avenue Cider,West Avenue Cider,0,,https://glintcap.org/west-avenue-cider,3,6,20,15,44,2014,2023,8,https://glintcap.org/west-avenue-cider,http://westavenue.ca/,,https://www.instagram.com/westavenuecider/,https://goo.gl/maps/eNJYbqNyb362,Ontario,Canada,Active,43.370832,-79.982444
866,Yip Cider,Yip Cider,0,,https://glintcap.org/yip-cider,2,1,9,5,17,2018,2023,4,https://glintcap.org/yip-cider,https://www.yipcider.ca/,,,https://maps.google.com/?cid=1920043308854719127,New Brunswick,Canada,Active,45.448198,-66.121387
869,Etta Place Cider,Etta Place Cider,0,,https://glintcap.org/etta-place-cider,0,1,5,5,11,2021,2023,3,https://glintcap.org/etta-place-cider,https://www.ettaplacecider.com/,https://www.facebook.com/ettaplacecider,https://www.instagram.com/ettaplacecider/,https://www.google.com/maps?cid=17644395314626791133,Utah,United States,Active,38.299562,-111.4351606
889,Sage Bird Ciderworks,Sage Bird Ciderworks,0,,https://glintcap.org/sage-bird-ciderworks,1,4,21,4,30,2021,2023,3,https://glintcap.org/sage-bird-ciderworks,https://www.sagebirdciderworks.com/,https://www.facebook.com/sagebirdciderworks/,https://www.instagram.com/sagebirdciderworks/,https://maps.google.com/?cid=6011174694440794517,Virginia,United States,Active,38.4530173,-78.86998
892,Millionaires' Row Cider Co.,Millionaires' Row Cider Co.,0,,https://glintcap.org/millionaires-row-cider-co,1,0,4,0,5,2022,2022,1,https://glintcap.org/millionaires-row-cider-co,https://www.millionairesrowcider.com/,https://www.facebook.com/MillionairesRowCider/,https://www.instagram.com/millionairesrowcider/,https://maps.google.com/?cid=2781064722158334299,British Columbia,Canada,Active,49.5904464,-119.7078094
893,Overgrown Orchard,Overgrown Orchard,0,,https://glintcap.org/overgrown-orchard,0,0,2,1,3,2019,2019,1,https://glintcap.org/overgrown-orchard,,,,,Indiana,United States,Inactive,41.5757249,-87.2941181
894,Forward Ferments,Forward Ferments,0,,https://glintcap.org/forward-cider,0,0,0,2,2,2019,2019,1,https://glintcap.org/forward-cider,,,,,Wisconsin,United States,Inactive,43.417508,-88.092845
895,Rushford Meadery & Winery,Rushford Meadery & Winery,0,,https://glintcap.org/rushford-meadery-and-winery,0,1,1,2,4,2019,2023,2,https://glintcap.org/rushford-meadery-and-winery,http://rushmw.com/,https://www.facebook.com/RushfordMW/,,https://maps.google.com/?cid=17650744718098803139,Wisconsin,United States,Active,44.0627484,-88.8189843
896,Bridgehouse Cider,Bridgehouse Cider,0,,https://glintcap.org/bridgehouse-cider,1,1,2,1,5,2021,2022,2,https://glintcap.org/bridgehouse-cider,https://bridgehousefarms.com/,https://www.facebook.com/profile.php?id=100076282114592,https://www.instagram.com/bridgehouse_cider/,https://www.google.com/maps?cid=8619503909723634336,Iowa,United States,Active,41.712213,-90.471923
897,Liquid Art Winery,Dave & Dani Craft Cider,x,https://ciderguide.com/liquid-art-winery/,https://glintcap.org/dave-dani-craft-cider,0,0,3,3,6,2019,2019,1,https://glintcap.org/dave-dani-craft-cider,https://www.liquidartwinery.com/,https://www.facebook.com/liquidartwinery,https://www.instagram.com/liquidartwinery/,https://maps.google.com/?cid=9096837132350645027,Kansas,United States,Active,39.1924003,-96.6778549
898,Cornish Cider Company,Cornish Cider Company,0,,https://glintcap.org/cornish-cider-company,1,0,2,2,5,2019,2023,3,https://glintcap.org/cornish-cider-company,https://cornishcidercompany.com/,https://www.facebook.com/cornishcidercompany,https://www.instagram.com/cornishciderco/,https://maps.google.com/?cid=14136144647123342644,Maine,United States,Active,43.7971541,-70.7995635
900,Three Thinkers Cider,Three Thinkers Cider,0,,https://glintcap.org/three-thinkers-cider,0,0,2,1,3,2019,2021,2,https://glintcap.org/three-thinkers-cider,,,,,Nevada,United States,Inactive,38.9624079,-119.9399029
901,Red Door Brewing Company,Red Door Brewing Company,0,,https://glintcap.org/red-door-brewing-company,0,0,0,1,1,2019,2019,1,https://glintcap.org/red-door-brewing-company,http://reddoorbrewing.com/,https://www.facebook.com/reddoorbrewing/,https://www.instagram.com/reddoorbrewing/,https://maps.google.com/?cid=1847811764548702029,New Mexico,United States,Active,35.0848892,-106.6532389
905,Blossom Barn Cidery,Blossom Barn Cidery,0,,https://glintcap.org/blossom-barn-cidery,0,0,3,3,6,2021,2023,3,https://glintcap.org/blossom-barn-cidery,https://www.blossombarncidery.com/,https://www.facebook.com/Blossombarncidery/,https://www.instagram.com/blossombarncidery/,https://maps.google.com/?cid=14832421242351860515,Oregon,United States,Active,42.3165297,-123.2308841
909,Farmstead Cider,Farmstead Cider,0,,https://glintcap.org/farmstead-cider,0,0,0,2,2,2021,2021,1,https://glintcap.org/farmstead-cider,https://farmsteadwyo.com/,https://www.facebook.com/farmsteadcider,https://www.instagram.com/farmsteadcider/,https://maps.google.com/?cid=17159845861173496600,Wyoming,United States,Active,43.4201872,-110.7769249
911,Keuka Craft Ciders,Keuka Craft Ciders,0,,https://glintcap.org/keuka-craft-ciders,0,0,4,1,5,2018,2019,2,https://glintcap.org/keuka-craft-ciders,,,,,New York,United States,Inactive,42.267302,-77.614778
912,Patriots' Heritage Cider,Patriots' Heritage Cider,0,,https://glintcap.org/patriots-heritage-cider,0,0,2,11,13,2017,2021,4,https://glintcap.org/patriots-heritage-cider,http://www.phcider.com/,,https://www.instagram.com/patriotsheritagecider/,https://maps.google.com/?cid=9501972355619759078,New York,United States,Active,42.8848347,-73.5781383
915,Cider Corps,Cider Corps,0,,https://glintcap.org/cider-corps,0,0,1,2,3,2022,2022,1,https://glintcap.org/cider-corps,https://cidercorpsaz.com/,https://www.facebook.com/cidercorps/,https://www.instagram.com/cidercorps/,https://maps.google.com/?cid=9593182908980696987,Arizona,United States,Active,33.4141147,-111.8364706
916,Peak Light Cider,Peak Light Cider,0,,https://glintcap.org/peak-light-cider-company,0,0,5,0,5,2022,2022,1,https://glintcap.org/peak-light-cider-company,https://peaklightcider.com/,https://www.facebook.com/peaklightcider,https://www.instagram.com/peaklightcider/,https://www.google.com/maps?cid=10958770531628316703,Oregon,United States,Active,45.6648629,-122.844112
921,Loch Mór Cider Co.,Loch Mór Cider Co.,0,,https://glintcap.org/loch-mor-cider-co,4,3,9,1,17,2021,2023,3,https://glintcap.org/loch-mor-cider-co,https://www.lochmorcider.com/,https://www.facebook.com/lochmorciderco,https://www.instagram.com/lochmorciderco/,https://maps.google.com/?cid=229164614362981916,Ontario,Canada,Active,43.9714686,-77.3895588
924,Wildbranch Cider,Wildbranch Cider,0,,https://glintcap.org/wildbranch-cider,2,0,0,1,3,2021,2023,2,https://glintcap.org/wildbranch-cider,https://wildbranchcider.com/,,https://www.instagram.com/wildbranchcider/,,Vermont,United States,Active,44.6199347,-72.4065106
926,Chase Hill Cider,Chase Hill Cider,0,,https://glintcap.org/chase-hill-cider,0,0,1,0,1,2022,2022,1,https://glintcap.org/chase-hill-cider,https://www.chasehillcider.com/,,https://www.instagram.com/chasehillcider/,,New Hampshire,United States,Active,43.980732,-71.152804
932,Two K Farms,Two K Farms,0,,https://glintcap.org/two-k-farms,1,4,11,8,24,2019,2023,4,https://glintcap.org/two-k-farms,http://www.twokfarms.com/,https://www.facebook.com/twokfarms,https://www.instagram.com/twokfarms/,https://maps.google.com/?cid=10000035318484135155,Michigan,United States,Active,44.922709,-85.626569
935,Two Blokes Cider,Two Blokes Cider,0,,https://glintcap.org/two-blokes-cider,0,0,1,2,3,2018,2019,2,https://glintcap.org/two-blokes-cider,https://www.twoblokes.ca/,https://www.facebook.com/twoblokescider/,https://www.instagram.com/twoblokescider/,https://goo.gl/maps/h6tx7j3Rdm7urEvS6,Ontario,Canada,Active,44.1050454,-78.944148
936,Kings Mill Cider,Kings Mill Cider,0,,https://glintcap.org/kings-mill-cider,0,0,5,3,8,2018,2021,3,https://glintcap.org/kings-mill-cider,https://kingsmillcider.ca/,https://www.facebook.com/kingsmillcider/,https://www.instagram.com/kingsmillcider/,https://maps.google.com/?cid=10493408475817410055,Ontario,Canada,Active,44.335137,-77.616518
938,Speciation Artisan Ales,Speciation Artisan Ales,0,,https://glintcap.org/speciation-artisan-ales,0,0,1,1,2,2022,2023,2,https://glintcap.org/speciation-artisan-ales,https://speciationartisanales.com/,https://www.facebook.com/speciationartisanales/,https://www.instagram.com/speciationales/,https://maps.google.com/?cid=16258724761386403117,Michigan,United States,Active,42.9552166,-85.6456408
939,Silo Distillery,Silo Distillery,0,,https://glintcap.org/silo-distillery,0,0,1,0,1,2019,2019,1,https://glintcap.org/silo-distillery,,,,,Vermont,United States,Inactive,43.5143504,-72.402142
940,French Road Cellars,French Road Cellars,0,,https://glintcap.org/french-road-cellars,0,0,0,1,1,2011,2011,1,https://glintcap.org/french-road-cellars,,https://www.facebook.com/people/French-Road-Cellars/100000891320821,,https://maps.google.com/?cid=8940085964303700205,Michigan,United States,Active,44.9473982,-85.7551357
941,Dead Horse Cider Co.,Dead Horse Cider Co.,0,,https://glintcap.org/dead-horse-cider-company,1,1,0,1,3,2021,2021,1,https://glintcap.org/dead-horse-cider-company,https://www.deadhorsecider.com/,https://www.facebook.com/deadhorsecider,https://www.instagram.com/deadhorsecider/,https://maps.google.com/?cid=8139522254711237443,Manitoba,Canada,Active,49.227539,-97.9654922
945,Ciders from Mars,Ciders from Mars,0,,https://glintcap.org/ciders-from-mars,0,1,4,3,8,2022,2023,2,https://glintcap.org/ciders-from-mars,http://www.cidersfrommars.com/,https://www.facebook.com/Ciders-from-Mars-110810630535568/,https://www.instagram.com/cidersfrommars/,https://maps.google.com/?cid=15090690392104363674,Virginia,United States,Active,38.1474916,-79.0742591
947,Beach Bee Meadery,Beach Bee Meadery,0,,https://glintcap.org/beach-bee-meadery,1,1,1,2,5,2023,2023,1,https://glintcap.org/beach-bee-meadery,https://www.beachbeemeadery.com/,https://www.facebook.com/beachbeemeadery/,https://www.instagram.com/beachbeemeadery/,https://maps.google.com/?cid=3925888969412189535,New Jersey,United States,Active,40.3090937,-73.98298
955,Bløm Meadworks,Bløm Meadworks,0,,https://glintcap.org/blom-meadworks,0,0,5,1,6,2021,2023,3,https://glintcap.org/blom-meadworks,http://www.drinkblom.com/,https://www.facebook.com/drinkblom/,https://instagram.com/drinkblom,https://maps.google.com/?cid=5653653516856181818,Michigan,United States,Active,42.2810318,-83.747518
957,Yonder Cider,Yonder Cider,0,,https://glintcap.org/yonder-cider,0,1,2,1,4,2022,2022,1,https://glintcap.org/yonder-cider,http://www.yondercider.com/,https://www.facebook.com/yondercider,https://www.instagram.com/yondercider/,https://www.google.com/maps?cid=11002201593648505227,Washington,United States,Active,47.6646136,-122.3675796
971,Space Time Mead & Cider Works,Space Time Mead & Cider Works,0,,https://glintcap.org/space-time-mead-cider-works,0,0,4,8,12,2019,2023,4,https://glintcap.org/space-time-mead-cider-works,http://www.spacetimemeadworks.com/,https://www.facebook.com/SpaceTimeMeadCiderWorks/,https://www.instagram.com/spacetimemeads/,https://maps.google.com/?cid=357847721777965657,Pennsylvania,United States,Active,41.4172242,-75.6350154
978,Salt Creek Cider House,Salt Creek Cider House,0,,https://glintcap.org/salt-creek-cider-house,0,0,3,1,4,2023,2023,1,https://glintcap.org/salt-creek-cider-house,https://www.saltcreekciderhouse.com/,https://www.facebook.com/saltcreekciderhouse,https://www.instagram.com/saltcreekciderhouse/,https://maps.google.com/?cid=7937885170412036740,Oregon,United States,Active,44.9786166,-123.3265005
985,Melo Moon Cider,Melo Moon Cider,0,,https://glintcap.org/melo-moon-cider,0,0,1,0,1,2022,2022,1,https://glintcap.org/melo-moon-cider,https://www.melomooncider.com/,https://www.facebook.com/melomooncider,https://www.instagram.com/melomooncider,,New York,United States,Active,43.0172595,-73.5126149
987,Manoff Market Gardens & Cidery,Manoff Market Cidery,x,https://ciderguide.com/manoff-market-gardens-cidery/,https://glintcap.org/manoff-market-cidery,0,1,1,1,3,2023,2023,1,https://glintcap.org/manoff-market-cidery,https://www.manoffmarketgardens.com/,https://www.facebook.com/manoffmarketgardens/,https://www.instagram.com/manoffmarket/,https://maps.google.com/?cid=17360528276654196325,Pennsylvania,United States,Active,40.396882,-75.0057
990,Independent Perry,Independent Perry,0,,https://glintcap.org/independent-cider,0,0,1,2,3,2019,2019,1,https://glintcap.org/independent-cider,,https://www.facebook.com/IndependentPerry,https://www.instagram.com/independentperry/,,Washington,United States,Active,47.5533258,-120.5686382
996,EsoTerra Ciderworks,EsoTerra Cider,x,https://ciderguide.com/esoterra-ciderworks/,https://glintcap.org/esoterra-ciderworks,2,1,9,6,18,2021,2022,2,https://glintcap.org/esoterra-ciderworks,https://www.esoterracider.com/,https://www.facebook.com/EsoTerraCider/,https://www.instagram.com/esoterra_cider/,https://maps.google.com/?cid=13207529786496797112,Colorado,United States,Active,37.4761004,-108.4837559
998,EdenVale Winery,EdenVale Wines,x,https://ciderguide.com/edenvale-winery/,https://glintcap.org/edenvale-winery,1,0,1,0,2,2017,2019,2,https://glintcap.org/edenvale-winery,http://www.edenvalewines.com/,https://www.facebook.com/EdenValeWinery,https://www.instagram.com/edenvalewinery/,https://maps.google.com/?cid=1337477973398359922,Oregon,United States,Active,42.2886086,-122.8477144
1001,City Orchard,City Orchard,0,,https://glintcap.org/city-orchard,1,4,24,8,37,2017,2023,6,https://glintcap.org/city-orchard,https://www.cityorchardhtx.com/,https://www.facebook.com/cityorchard/,https://instagram.com/cityorchardhtx,https://maps.google.com/?cid=3039682779370610905,Texas,United States,Active,29.7708798,-95.3868984
1004,Gravity Vineyards and Winery,Gravity Vineyards and Winery,0,,https://glintcap.org/gravity-vineyards-and-winery,0,0,1,3,4,2021,2021,1,https://glintcap.org/gravity-vineyards-and-winery,https://gravitywine.com/,https://www.facebook.com/GravityWinery/,https://www.instagram.com/gravitywinery/,https://maps.google.com/?cid=10315252701063982709,Michigan,United States,Active,41.933548,-86.4391475
1011,Goat Rock Cider Company,Goat Rock Cider Company,0,,https://glintcap.org/goat-rock-cider-company,0,0,2,1,3,2022,2022,1,https://glintcap.org/goat-rock-cider-company,https://www.goatrockcider.com/,https://www.facebook.com/goatrockcider,https://www.instagram.com/goatrockcider/,https://maps.google.com/?cid=1379702709501392841,California,United States,Active,38.2734373,-122.6643955
1012,Little Apple Cidery,Little Apple Cidery,0,,https://glintcap.org/little-apple-cidery,0,1,3,2,6,2021,2023,3,https://glintcap.org/little-apple-cidery,https://littleapplecidery.com/,https://www.facebook.com/littleapplecider/,https://www.instagram.com/littleapplecidery/,https://maps.google.com/?cid=12638891274367653697,New York,United States,Active,42.2158739,-73.5186273
1013,Sanctuary Spirits,Sanctuary Spirits,0,,https://glintcap.org/sanctuary-spirits,0,0,0,1,1,2014,2014,1,https://glintcap.org/sanctuary-spirits,https://www.sanctuaryspirits.com/,https://www.facebook.com/SanctuaryGL,,https://maps.google.com/?cid=16808971529887652729,Michigan,United States,Active,42.7404054,-84.7354777
1014,Sycamore Ranch Vineyard & Winery,Sycamore Ranch Vineyard & Winery,0,,https://glintcap.org/sycamore-ranch-vineyard-winery,0,0,3,6,9,2021,2021,1,https://glintcap.org/sycamore-ranch-vineyard-winery,https://www.sycamoreranch.com/,https://www.facebook.com/SycamoreRanchVineyard,https://www.instagram.com/sycamoreranch/,https://maps.google.com/?cid=4629670403061835718,California,United States,Active,34.2532057,-117.2588613
1016,12 Corners Vineyards,12 Corners Vineyards,0,,https://glintcap.org/12-corners-vineyards,0,0,3,0,3,2023,2023,1,https://glintcap.org/12-corners-vineyards,https://12corners.com/,https://www.facebook.com/12CornersVineyards,https://www.instagram.com/12cornersvineyards/,https://maps.google.com/?cid=10832365648470516551,Michigan,United States,Active,42.1328817,-86.3767096
1026,Lost Valley Cider Co.,Lost Valley Cider Co.,0,,https://glintcap.org/lost-valley-cider-co,0,0,1,1,2,2019,2019,1,https://glintcap.org/lost-valley-cider-co,http://www.lostvalley.com/,,https://www.instagram.com/lostvalleycider/,https://maps.google.com/?cid=16904382002455233962,Wisconsin,United States,Active,43.0276082,-87.9159237
1050,Waves Cider Co.,Waves Cider Co.,0,,https://glintcap.org/waves-cider-company,0,0,9,6,15,2021,2023,3,https://glintcap.org/waves-cider-company,https://www.wavescider.com/,https://www.facebook.com/wavescidercompany/,https://www.instagram.com/wavescider/,https://maps.google.com/?cid=14648885420033365453,Missouri,United States,Active,38.9655649,-92.3297892
1055,Vala's Orchard Cider,Vala's Orchard Cider,0,,https://glintcap.org/valas-orchard-cider-co,1,4,7,9,21,2021,2023,3,https://glintcap.org/valas-orchard-cider-co,https://www.valasappleorchard.com/,https://www.facebook.com/ValasPumpkinPatch/,https://www.instagram.com/valaspumpkinpatch/,https://maps.google.com/?cid=15056510891597103165,Nebraska,United States,Active,41.1285802,-96.1989432
1060,Seminary Hill Orchard & Cidery,Seminary Hill Orchard & Cidery,0,,https://glintcap.org/seminary-hill-orchard-cidery,0,1,6,2,9,2022,2023,2,https://glintcap.org/seminary-hill-orchard-cidery,https://www.seminaryhill.co/,https://www.facebook.com/seminaryhillweddings,https://www.instagram.com/seminaryhillcider/,https://maps.google.com/?cid=2014295545037325417,New York,United States,Active,41.7743187,-75.0549915
1068,Brick River Cider,Brick River Cider,0,,https://glintcap.org/brick-river-cider-co,0,0,1,1,2,2021,2021,1,https://glintcap.org/brick-river-cider-co,https://brickrivercider.com/,https://www.facebook.com/BrickRiverCider/,https://www.instagram.com/brickrivercider/,https://maps.google.com/?cid=7012396128064719649,Missouri,United States,Active,38.6339407,-90.2079809
1069,Farmgate Cider,Farmgate Cider,0,,https://glintcap.org/farmgate-cider,0,0,3,0,3,2021,2023,2,https://glintcap.org/farmgate-cider,https://farmgatecider.ca/,https://www.facebook.com/FarmgateCider,https://www.instagram.com/farmgatecider/,https://maps.google.com/?cid=10219086058367781749,Ontario,Canada,Active,45.4138013,-76.2414158
1070,Godfrey Run Cider Mill,Godfreyrun Cider Mill,x,https://ciderguide.com/godfrey-run-cider-mill/,https://glintcap.org/godfreyrun-cider-mill,0,0,2,1,3,2021,2021,1,https://glintcap.org/godfreyrun-cider-mill,,https://www.facebook.com/GodfreyRunFarmMarket/,https://www.instagram.com/godfreyrunfarm/,https://maps.google.com/?cid=5888879804807392238,Pennsylvania,United States,Active,42.036151,-80.3082175
1071,Heeman's,Heeman's,0,,https://glintcap.org/heemans,1,2,8,2,13,2021,2023,3,https://glintcap.org/heemans,https://heeman.ca/,https://www.facebook.com/heemangreenhouses,https://www.instagram.com/heemans/,https://maps.google.com/?cid=6514751524906368604,Ontario,Canada,Active,43.0407802,-81.1242136
1072,Market Garden Brewery,Magis Cider Co.,x,https://ciderguide.com/market-garden-brewery/,https://glintcap.org/magis-cider,0,0,3,1,4,2021,2023,3,https://glintcap.org/magis-cider,https://www.heartcider.com/,https://www.facebook.com/profile.php?id=100091776515711,https://www.instagram.com/heartcider/,https://maps.google.com/?cid=906730698204701016,Ohio,United States,Active,41.4850769,-81.7034306
1074,Papa Moon Vineyards & Winery,Papa Moon Vineyards & Winery,0,,https://glintcap.org/papa-moon-vineyards-winery,1,2,5,7,15,2021,2023,3,https://glintcap.org/papa-moon-vineyards-winery,https://www.papamoonvineyards.com/,https://www.facebook.com/Papamoonwines,https://www.instagram.com/papamoonciders/,https://maps.google.com/?cid=16564507604611639866,Nebraska,United States,Active,41.8877158,-103.6176699
1075,Rock N Wool Winery,Rock N Wool Winery,0,,https://glintcap.org/rock-n-wool-winery,0,0,1,0,1,2021,2021,1,https://glintcap.org/rock-n-wool-winery,http://www.rocknwoolwinery.com/,https://www.facebook.com/tastewisconsin,https://www.instagram.com/rocknwoolwinery/,https://maps.google.com/?cid=4773134413393793062,Wisconsin,United States,Active,43.4264281,-89.3907181
1076,3 North Vines,3 North Vines,0,,https://glintcap.org/3-north-vines,0,0,0,3,3,2021,2021,1,https://glintcap.org/3-north-vines,https://www.3northvines.com/,https://www.facebook.com/3NorthVines,https://www.instagram.com/3northvines_wines/,https://maps.google.com/?cid=2992073829749272130,Michigan,United States,Active,43.2642732,-82.5821548
1084,19 Acres Cider Co.,19 Acres Cider Co.,0,,https://glintcap.org/19-acres-cider-co,0,0,3,2,5,2023,2023,1,https://glintcap.org/19-acres-cider-co,https://19acres.com/,https://www.facebook.com/19AcresCiderCo/,https://www.instagram.com/19acresciderco/,https://www.google.com/maps?cid=4476171369322689525,Oregon,United States,Active,45.3886798,-122.9315471
1085,Sonoma Cider,Sonoma Cider,0,,https://glintcap.org/sonoma-cider,0,0,7,10,17,2015,2017,3,https://glintcap.org/sonoma-cider,,,,,California,United States,Inactive,36.7270581,-119.7906887
1118,Sheppy's Cider,Sheppy's Cider,0,,https://glintcap.org/sheppys-cider,0,0,3,2,5,2014,2015,2,https://glintcap.org/sheppys-cider,https://www.sheppyscider.com/,https://www.facebook.com/sheppyscider/,https://www.instagram.com/sheppyscider/,https://maps.google.com/?cid=14572513592829460886,Somerset,United Kingdom,Active,50.9935861,-3.1723149
1125,Worley's Cider,Worley's Cider,0,,https://glintcap.org/worleys-cider,0,0,2,1,3,2015,2015,1,https://glintcap.org/worleys-cider,http://www.worleyscider.co.uk/,https://www.facebook.com/worleyscider,https://www.instagram.com/worleys_cider/,https://maps.google.com/?cid=7990236213325856427,Somerset,United Kingdom,Active,51.1965541,-2.4711281
1130,Oliver's Cider and Perry,Oliver's Cider and Perry,0,,https://glintcap.org/olivers-cider-perry,2,3,13,11,29,2009,2019,9,https://glintcap.org/olivers-cider-perry,https://www.oliversciderandperry.co.uk/,https://www.facebook.com/oliversciderandperry,https://www.instagram.com/olivers_cider/,https://maps.google.com/?cid=7135495925516207657,Herefordshire,United Kingdom,Active,52.118645,-2.59315
1131,Westons Cider,Westons Cider,0,,https://glintcap.org/westons-cider,0,0,2,3,5,2009,2011,2,https://glintcap.org/westons-cider,https://www.westons-cider.co.uk/,https://www.facebook.com/WestonsCiderMill,https://www.instagram.com/westonscider/,https://maps.google.com/?cid=11779156514256391794,Herefordshire,United Kingdom,Active,51.994817,-2.512396
1133,Dunkertons Cider and Perry,Dunkertons Cider and Perry,0,,https://glintcap.org/dunkertons-cider,4,0,3,5,12,2017,2021,4,https://glintcap.org/dunkertons-cider,https://www.dunkertonscider.co.uk/,https://www.facebook.com/dunkertonsorganiccider/,https://www.instagram.com/dunkertonscider/,https://maps.google.com/?cid=4719921113153419800,Herefordshire,United Kingdom,Active,51.8771374,-2.0279869
1134,Ross-on-Wye Cider and Perry,Ross-on-Wye Cider and Perry,0,,https://glintcap.org/ross-on-wye-cider-and-perry,0,0,1,2,3,2012,2012,1,https://glintcap.org/ross-on-wye-cider-and-perry,http://www.rosscider.com/,https://www.facebook.com/pages/Ross-On-Wye-Cider-Perry-Co/230745910360675,,https://maps.google.com/?cid=15438292382118860282,Herefordshire,United Kingdom,Active,51.9188938,-2.6332245
1138,Cider by Rosie,Cider by Rosie,0,,https://glintcap.org/cider-by-rosie,0,0,1,1,2,2011,2011,1,https://glintcap.org/cider-by-rosie,,https://www.facebook.com/ciderbyrosie/,,,Dorset,United Kingdom,Active,50.8386141,-2.2593542
1150,Hogan's Cider,Hogan's Cider,0,,https://glintcap.org/hogans-cider,5,4,13,7,29,2011,2019,9,https://glintcap.org/hogans-cider,http://www.hoganscider.co.uk/,https://www.facebook.com/HogansCider/,https://www.instagram.com/hoganscider/,https://maps.google.com/?cid=344551779062280462,Warwickshire,United Kingdom,Active,52.2205461,-1.8336097
1155,Thistly Cross Cider,Thistly Cross Cider,0,,https://glintcap.org/thistly-cross-cider,0,0,1,2,3,2012,2015,2,https://glintcap.org/thistly-cross-cider,http://www.thistlycrosscider.co.uk/,https://www.facebook.com/thistlycrosscider,https://www.instagram.com/thistlycrosscider/,https://maps.google.com/?cid=2739185346632911214,East Lothian,United Kingdom,Active,55.9850363,-2.5614933
1165,Sidra Menéndez,Sidra Menéndez,0,,https://glintcap.org/sidra-menendez,0,0,0,1,1,2013,2013,1,https://glintcap.org/sidra-menendez,https://www.sidramenendez.com/,https://www.facebook.com/sidramenendez/,,https://maps.google.com/?cid=17564685525851225222,Gijón,Spain,Active,43.4612103,-5.6209813
1168,Bereziartua,Bereziartua,0,,https://glintcap.org/bereziartua,0,2,4,2,8,2015,2021,5,https://glintcap.org/bereziartua,https://www.bereziartuasagardoa.com/,https://www.facebook.com/Bereziartua,https://www.instagram.com/SBereziartua/,https://www.google.com/maps?cid=4287840169739792051,Gipuzkoa,Spain,Active,43.2829301,-1.9400682
1172,Zapiain,Zapiain,0,,https://glintcap.org/zapiain,0,0,0,2,2,2014,2019,2,https://glintcap.org/zapiain,https://zapiain.eus/,https://www.facebook.com/zapiainsagardoa,https://www.instagram.com/zapiainsagardoa/,https://maps.google.com/?cid=16982677267877188990,Gipuzkoa,Spain,Active,43.2821854,-1.9422089
1175,Small Acres Cyder,Small Acres Cyder,0,,https://glintcap.org/small-acres-cyder,0,0,0,3,3,2014,2014,1,https://glintcap.org/small-acres-cyder,http://www.smallacrescyder.com.au/,,,https://maps.google.com/?cid=1497457670374953580,New South Wales,Australia,Active,-33.282202,148.992136
1178,Domaine Duclos Fougeray,Domaine Duclos Fougeray,0,,https://glintcap.org/domaine-duclos-fougeray,0,0,1,2,3,2014,2014,1,https://glintcap.org/domaine-duclos-fougeray,http://www.domaine-duclos-fougeray.com/,,,https://maps.google.com/?cid=12398185041013701779,Seine-Maritime,France,Active,49.6100938,1.664631
1179,Henney's Cider,Henney's Cider,0,,https://glintcap.org/henneys-cider,0,0,1,1,2,2009,2009,1,https://glintcap.org/henneys-cider,http://www.henneys.co.uk/,,,,Herefordshire,United Kingdom,Active,52.1324052,-2.4945371
1181,Once Upon A Tree,Once Upon A Tree,0,,https://glintcap.org/once-upon-a-tree,1,1,5,3,10,2019,2021,2,https://glintcap.org/once-upon-a-tree,http://www.onceuponatree.co.uk/,https://www.facebook.com/pages/Once-Upon-A-Tree/10150098694340377,https://www.instagram.com/onceuponatree/,https://maps.google.com/?cid=11149272018130031953,Herefordshire,United Kingdom,Active,52.039172,-2.5093398
1184,The Hills Cider Company,The Hills Cider Company,0,,https://glintcap.org/the-hills-cider-company,0,0,0,1,1,2014,2014,1,https://glintcap.org/the-hills-cider-company,http://www.thehillscidercompany.com.au/,https://www.facebook.com/thehillscidercompany,https://www.instagram.com/thehillscidercompany/,https://maps.google.com/?cid=40048064327732560,South Australia,Australia,Active,-34.9062759,138.5941616
1227,Aspall,Aspall,0,,https://glintcap.org/aspall,0,1,7,6,14,2009,2012,3,https://glintcap.org/aspall,http://www.aspall.co.uk/,https://www.facebook.com/AspallUK/,https://www.instagram.com/aspalluk/,https://maps.google.com/?cid=12281573289882642327,Suffolk,United Kingdom,Active,52.2435749,1.1787641
1266,Armagh Cider Company,Armagh Cider Company,0,,https://glintcap.org/armagh-cider-company,0,0,0,5,5,2013,2014,2,https://glintcap.org/armagh-cider-company,http://armaghcider.com/,https://www.facebook.com/Armaghcider,https://www.instagram.com/armaghcidercompany/,https://www.google.com/maps?cid=3904542225456152006,Armagh,United Kingdom,Active,54.4045861,-6.4861457
1314,Sidra El Gaitero,Sidra El Gaitero,0,,https://glintcap.org/sidra-el-gaitero,1,2,10,9,22,2018,2023,4,https://glintcap.org/sidra-el-gaitero,https://www.sidraelgaitero.com/,https://www.facebook.com/grupoelgaitero,https://www.instagram.com/grupoelgaitero/,https://maps.google.com/?cid=15753532318992345137,Gijón,Spain,Active,43.4923237,-5.4230532
1315,Longueville House,Longueville House,0,,https://glintcap.org/longueville-house,0,0,0,1,1,2015,2015,1,https://glintcap.org/longueville-house,http://www.longuevillehouse.ie/,,,https://maps.google.com/?cid=5224027865172259654,Cork,Ireland,Active,52.1385965,-8.6462977
1325,Apfelweinkontor,Apfelweinkontor,0,,https://glintcap.org/apfelweinkontor,0,0,0,1,1,2014,2014,1,https://glintcap.org/apfelweinkontor,https://www.apfelweinkontor.com/,https://www.facebook.com/Apfelweinkontor,https://www.instagram.com/apfelweinkontor/,https://maps.google.com/?cid=599143855742456461,Hesse,Germany,Active,50.0830297,8.5706785
1343,Weidmann & Groh,Weidmann & Groh,0,,https://glintcap.org/weidmann-groh,0,1,3,2,6,2013,2014,2,https://glintcap.org/weidmann-groh,https://weidmann-groh.de/,https://www.facebook.com/pages/WEIDMANN-GROH/138116339592327,,https://maps.google.com/?cid=6569120976887073603,Hesse,Germany,Active,50.3305754,8.7244989
1349,Cotswold Cider Company,Cotswold Cider Company,0,,https://glintcap.org/cotswold-cider-company,0,0,0,1,1,2017,2017,1,https://glintcap.org/cotswold-cider-company,http://www.cotswoldciderco.com/,https://www.facebook.com/thecotswoldciderco,,,Wiltshire,United Kingdom,Active,51.650203,-1.5959266
1369,Loïc Raison,Loïc Raison,0,,https://glintcap.org/louis-raison/,0,1,1,1,3,2018,2018,1,https://glintcap.org/louis-raison/,http://www.loicraison.fr/,https://www.facebook.com/CidreLoicRaison/,https://www.instagram.com/loicraison/,https://maps.google.com/?cid=15768587504697904757,Ille-et-Vilaine,France,Active,48.070267,-1.394779
1374,Thornborough Cider,Thornborough Cider,0,,https://glintcap.org/thornborough-cider,0,0,1,0,1,2017,2017,1,https://glintcap.org/thornborough-cider,http://thornboroughcider.co.uk/,https://www.facebook.com/thornboroughcider,https://www.instagram.com/thornboroughcider/,https://maps.google.com/?cid=5238332447600515576,Yorkshire,United Kingdom,Active,54.213483,-1.55187
1376,Manoir de Grandouet,Manoir de Grandouet,0,,https://glintcap.org/manoir-de-grandouet,0,0,2,1,3,2016,2019,2,https://glintcap.org/manoir-de-grandouet,http://www.manoir-de-grandouet.fr/,,,https://maps.google.com/?cid=1664850146101306839,Calvados,France,Active,49.158588,0.066211
1383,Sully's Cider,Sully's Cider House,x,https://ciderguide.com/sullys-cider/,https://glintcap.org/sullys-cider-at-the-old-cheese-factory/,0,0,0,1,1,2014,2014,1,https://glintcap.org/sullys-cider-at-the-old-cheese-factory/,https://www.braidwoodmade.com.au/,https://www.facebook.com/sullyscider,,https://www.google.com/maps?cid=15769259423179665592,New South Wales,Australia,Active,-35.5730387,149.8488755
1384,Le Père Jules,Le Père Jules,0,,https://glintcap.org/le-pere-jules,3,2,7,1,13,2014,2017,3,https://glintcap.org/le-pere-jules,http://www.calvados-leperejules.com/,https://www.facebook.com/calvadosleperejules/,,https://maps.google.com/?cid=13505988202545080748,Calvados,France,Active,49.157696,0.1960087
1403,Celtic Marches,Celtic Marches,0,,https://glintcap.org/celtic-marches,2,1,5,5,13,2018,2021,3,https://glintcap.org/celtic-marches,http://www.celticmarches.com/,https://www.facebook.com/celticmarchesbeverages/,https://www.instagram.com/celticmarches/,https://maps.google.com/?cid=14163451376835523124,Worcestershire,United Kingdom,Active,52.1392063,-2.4991058
1442,Willie Smith's,Willie Smith's,0,,https://glintcap.org/william-smith-sons,0,0,2,0,2,2018,2018,1,https://glintcap.org/william-smith-sons,https://www.williesmiths.com.au/,https://www.facebook.com/pages/Willie-Smiths-Organic-Cider/260319247336198,https://www.instagram.com/williesmithscider/,https://www.google.com/maps?cid=16057012530083496420,Tasmania,Australia,Active,-42.987793,147.085402
1459,Tempted Cider,Tempted Cider,0,,https://glintcap.org/tempted-cider-co,0,1,1,1,3,2021,2021,1,https://glintcap.org/tempted-cider-co,http://www.temptedcider.co.uk/,https://www.facebook.com/temptedcider/,https://www.instagram.com/temptedcider/,https://maps.google.com/?cid=4479314919661417093,Down,United Kingdom,Active,54.5086985,-6.1311345
1460,Craigies Cider,Craigies Cider,0,,https://glintcap.org/craigies-cider,0,0,0,1,1,2015,2015,1,https://glintcap.org/craigies-cider,https://craigiescider.ie/,https://www.facebook.com/CraigiesCider,https://www.instagram.com/craigiescider/,https://maps.google.com/?cid=15929028342107779755,Carlow,Ireland,Active,52.6971962,-6.9762235
1470,Orpens Cider,Orpens Cider,0,,https://glintcap.org/orpens-irish-cider,0,0,0,2,2,2014,2015,2,https://glintcap.org/orpens-irish-cider,,,,,Kildare,Ireland,Inactive,53.1589342,-6.9095683
1471,Llagares Valverán,Llagares Valverán,0,,https://glintcap.org/llagares-valveran,0,0,3,1,4,2013,2023,3,https://glintcap.org/llagares-valveran,http://www.llagaresvalveran.com/,https://www.facebook.com/masaveubodegas/,https://www.instagram.com/masaveubodegas/,https://maps.google.com/?cid=10125751207643631112,Asturias,Spain,Active,43.409972,-5.5604189
1472,Sidra Cortina,Sidra Cortina,0,,https://glintcap.org/sidra-cortina,0,0,1,0,1,2013,2013,1,https://glintcap.org/sidra-cortina,https://www.sidracortina.com/,https://www.facebook.com/sidracortina/,https://instagram.com/sidracortina,https://www.google.com/maps?cid=14248814769091122504,Villaviciosa,Spain,Active,43.4709695,-5.4418764
1473,Sidra Castañón,Sidra Castañón,0,,https://glintcap.org/sidra-castanon,0,0,0,1,1,2013,2013,1,https://glintcap.org/sidra-castanon,http://www.sidracastanon.com/,https://www.facebook.com/sidracastanon/,https://www.instagram.com/sidracastanon/,https://maps.google.com/?cid=3082307260151948865,Villaviciosa,Spain,Active,43.5144271,-5.5691788
1476,Sidra El Gobernador,Sidra El Gobernador,0,,https://glintcap.org/sidra-el-gobernador,0,0,2,0,2,2013,2013,1,https://glintcap.org/sidra-el-gobernador,https://martinezsopenahermanos.com/,,,https://maps.google.com/?cid=16311632506815681967,,Spain,Active,43.520499,-5.4404062
1539,Dickens Cider,Dickens Cider,0,,https://glintcap.org/dickens-tasmanian-cider/,0,0,1,0,1,2014,2014,1,https://glintcap.org/dickens-tasmanian-cider/,,,,,Tasmania,Australia,Inactive,-41.252324,146.995144
1542,Rossbach Cider,Rossbach Cider,0,,https://glintcap.org/rossbach-cider,0,0,2,2,4,2015,2021,3,https://glintcap.org/rossbach-cider,http://www.rossbach.cz/,https://www.facebook.com/rossbachcider,,https://maps.google.com/?cid=655202654651481754,Karlovy Vary,Czechia,Active,50.3053478,12.1753565
1586,Cidre Le Brun,Cidre Le Brun,0,,https://glintcap.org/cidre-le-brun,0,0,3,2,5,2016,2019,4,https://glintcap.org/cidre-le-brun,https://cidrelebrun.com/,,,https://maps.google.com/?cid=5387381455239409930,Finistère,France,Active,47.925263,-4.344798
1587,Les Vergers de Kermao,Les Vergers de Kermao,0,,https://glintcap.org/les-vergers-de-kermao,1,0,2,0,3,2017,2019,3,https://glintcap.org/les-vergers-de-kermao,https://www.cidre-bretagne.com/,,https://www.instagram.com/kermao.cidre/,https://maps.google.com/?cid=11761800243914556755,Finistère,France,Active,47.920648,-4.087596
1610,Sidra Mayador,Sidra Mayador,0,,https://glintcap.org/sidra-mayador,4,1,4,5,14,2016,2022,6,https://glintcap.org/sidra-mayador,http://www.mayador.com/,https://www.facebook.com/sidramayadorcider,https://www.instagram.com/sidramayador/,https://maps.google.com/?cid=6886369759358960464,Villaviciosa,Spain,Active,43.514985,-5.330323
1642,Adams Cider Company,Adams Cider Company,0,,https://glintcap.org/adams-cider-co,1,0,1,1,3,2014,2018,3,https://glintcap.org/adams-cider-co,http://www.devilsbit.ie/,https://www.facebook.com/devilsbitcider,,https://goo.gl/maps/VdoAPVRDYXsAWWPi7,Tipperary,Ireland,Active,52.752526,-7.957888
1649,Txopinondo,Txopinondo,0,,https://glintcap.org/txopinondo,0,0,1,1,2,2014,2016,2,https://glintcap.org/txopinondo,https://txopinondo.fr/,https://www.facebook.com/txopinondo,https://www.instagram.com/txopinondo/,https://maps.google.com/?cid=14446292626809718341,Pyrénées-Atlantiques,France,Active,43.364722,-1.6375
1661,3Cs Cider,3Cs Cider,0,,https://glintcap.org/3cs-cider,0,0,1,0,1,2014,2014,1,https://glintcap.org/3cs-cider,,,,,Northamptonshire,United Kingdom,Inactive,52.070567,-1.179328
1672,Sidra Fanjul,Sidra Fanjul,0,,https://glintcap.org/sidra-fanjul,2,0,4,1,7,2013,2019,6,https://glintcap.org/sidra-fanjul,https://www.sidrafanjul.com/,https://www.facebook.com/Sidra-Fanjul-216579291699190/,https://www.instagram.com/sidrafanjul/,https://maps.google.com/?cid=10647391104326148313,Asturias,Spain,Active,43.370866,-5.754482
1673,Sidra Riestra,Sidra Riestra,0,,https://glintcap.org/sidra-riestra,1,0,8,1,10,2013,2019,6,https://glintcap.org/sidra-riestra,http://www.sidrariestra.com/,https://www.facebook.com/SidraRiestra,https://www.instagram.com/sidrariestra/,https://maps.google.com/?cid=2253085342105400787,Asturias,Spain,Active,43.416536,-5.580949
1674,Sidra Trabanco,Sidra Trabanco,0,,https://glintcap.org/sidra-trabanco,2,2,8,8,20,2014,2019,6,https://glintcap.org/sidra-trabanco,http://www.sidratrabanco.com/,https://www.facebook.com/sidratrabanco/,https://www.instagram.com/sidratrabanco/,https://maps.google.com/?cid=8706552013547802387,Gijón,Spain,Active,43.4704387,-5.6447197
1675,Sidra Viuda de Angelón,Sidra Viuda de Angelón,0,,https://glintcap.org/sidra-viuda-de-angelon,0,2,5,3,10,2013,2017,4,https://glintcap.org/sidra-viuda-de-angelon,http://www.sidraviudaangelonpomar.es/,https://www.facebook.com/sidrapomar.viudaangelon/,https://www.instagram.com/Sidraviudaangelon/,https://maps.google.com/?cid=13173562328637195239,Asturias,Spain,Active,43.367684,-5.523426
1691,Calvados Pierre Huet,Calvados Pierre Huet,0,,https://glintcap.org/pierre-huet,0,1,0,0,1,2023,2023,1,https://glintcap.org/pierre-huet,https://www.calvados-huet.com/,https://www.facebook.com/calvadosph/,https://www.instagram.com/calvadospierrehuet/,https://maps.google.com/?cid=11210783185501022788,Calvados,France,Active,49.1476519,0.0462976
1716,Red Top Winery,Red Top Winery,0,,https://glintcap.org/red-top-winery,0,0,0,2,2,2021,2021,1,https://glintcap.org/red-top-winery,https://www.redtopwinery.com/,https://www.facebook.com/RedTopWinery,https://www.instagram.com/redtopwinery/,https://maps.google.com/?cid=15385897061106434052,Michigan,United States,Active,41.9260552,-86.4463222
1717,Presque Isle Farm Cider,Presque Isle Farm Cider,0,,https://glintcap.org/presque-isle-farm-cider,1,2,9,3,15,2021,2023,3,https://glintcap.org/presque-isle-farm-cider,http://www.presqueislefarm.com/,https://www.facebook.com/presqueislefarm,https://www.instagram.com/pifcider/,https://www.google.com/maps?cid=15894467625268036242,Michigan,United States,Active,45.25734,-83.59946
1727,Banjo Cider,Banjo Cider,0,,https://glintcap.org/banjo-cider,1,0,6,1,8,2021,2022,2,https://glintcap.org/banjo-cider,https://www.banjocider.ca/,https://www.facebook.com/banjocider/,https://www.instagram.com/banjocider/,https://maps.google.com/?cid=12258588481727977876,Ontario,Canada,Active,44.1484947,-79.1592864
1749,Michigan Wine Company,Michigan Wine Company,0,,https://glintcap.org/michigan-wine-company,1,2,7,2,12,2019,2023,4,https://glintcap.org/michigan-wine-company,https://www.michiganwineco.com/,https://www.facebook.com/michiganwinecompany,https://www.instagram.com/michiganwineco/,https://maps.google.com/?cid=8962454315572292380,Michigan,United States,Active,42.5945628,-86.2096112
1757,Odd Brothers Craft Cider,Odd Brothers Craft Cider,0,,https://glintcap.org/odd-brothers-craft-cider,0,0,2,3,5,2019,2019,1,https://glintcap.org/odd-brothers-craft-cider,https://www.oddbrotherscider.com/,https://www.facebook.com/Odd-Brothers-Craft-Cider-793647507656990/,https://www.instagram.com/oddbrotherscider/,,Michigan,United States,Active,42.1364887,-84.8664378
1771,Peat's Original Cider,Peat's Original Cider,0,,https://glintcap.org/peats-original-cider,2,2,9,6,19,2018,2023,4,https://glintcap.org/peats-original-cider,https://www.peatscider.com/,https://www.facebook.com/peatscidersocial,https://www.instagram.com/peatscidersocial/,https://maps.google.com/?cid=514098553520201660,Michigan,United States,Active,42.0052528,-86.5306091
1782,Grey & Gold Cider,Grey & Gold Cider,0,,https://glintcap.org/grey-gold-cider,2,3,6,9,20,2017,2023,5,https://glintcap.org/grey-gold-cider,https://greyandgoldcider.com/,https://www.facebook.com/greygoldcider,https://www.instagram.com/greyandgoldcider/,https://maps.google.com/?cid=15577698127219327031,Ontario,Canada,Active,44.526397,-80.4657931
1783,Heartwood Farm & Cidery,Heartwood Farm & Cidery,0,,https://glintcap.org/heartwood-farm-cidery,0,0,1,8,9,2017,2019,3,https://glintcap.org/heartwood-farm-cidery,https://heartwoodfarm.ca/,https://www.facebook.com/heartwoodcidery,https://www.instagram.com/heartwoodcidery/,https://maps.google.com/?cid=16425423652702736489,Ontario,Canada,Active,43.7010152,-80.1395598
1785,Ciderworks @ Story Tavern,Seasons Cider,x,https://ciderguide.com/ciderworks-story-tavern/,https://glintcap.org/watermans,0,0,1,3,4,2017,2022,3,https://glintcap.org/watermans,https://storytavernburbank.com/,https://www.facebook.com/StoryTavern,https://www.instagram.com/storytavern/,https://maps.google.com/?cid=14099937953647442752,California,United States,Active,34.1806729,-118.3082013
1787,The Northman Beer & Cider Garden,The Northman Beer & Cider Garden,0,,https://glintcap.org/northman-cider-co,0,0,0,2,2,2022,2022,1,https://glintcap.org/northman-cider-co,https://www.thenorthman.com/,https://www.facebook.com/TheNorthmanChicago/,https://www.instagram.com/thenorthmanchi/,https://maps.google.com/?cid=8255505004227772024,Illinois,United States,Active,41.8882465,-87.6215707
1799,Ficklewood Ciderworks,Ficklewood Ciderworks,0,,https://glintcap.org/ficklewood-ciderworks,0,1,11,6,18,2021,2022,2,https://glintcap.org/ficklewood-ciderworks,https://www.ficklewood.com/,https://www.facebook.com/ficklewoodcider/,https://www.instagram.com/ficklewoodcider/,https://maps.google.com/?cid=8938745528458908708,California,United States,Active,33.7691676,-118.1833942
1800,^5 Cider,^5 Cider,0,,https://glintcap.org/5-cider,0,0,0,2,2,2016,2016,1,https://glintcap.org/5-cider,,,,,Oregon,United States,Inactive,45.528907,-122.610394
1801,Bantam Cider,Bantam Cider,0,,https://glintcap.org/bantam-cider,0,0,1,1,2,2013,2013,1,https://glintcap.org/bantam-cider,,,,,Massachusetts,United States,Inactive,42.377773,-71.091902
1802,Ridge Cider Co.,Ridge Cider Co.,0,,https://glintcap.org/ridge-cider-co,0,0,6,6,12,2016,2019,4,https://glintcap.org/ridge-cider-co,,,,,Michigan,United States,Inactive,43.308463,-85.809504
1803,Whetstone CiderWorks,Whetstone CiderWorks,0,,https://glintcap.org/whetstone-ciderworks,0,0,4,0,4,2015,2016,2,https://glintcap.org/whetstone-ciderworks,,,,,Vermont,United States,Inactive,42.863815,-72.689529
1804,Cider House of Wisconsin,Cider House of Wisconsin,0,,https://glintcap.org/cider-house-of-wisconsin,0,0,2,4,6,2014,2019,3,https://glintcap.org/cider-house-of-wisconsin,,,,,Wisconsin,United States,Inactive,42.982849,-89.329972
1813,Clarksburg Cider,Clarksburg Cider,0,,https://glintcap.org/clarksburg-cider-co,0,0,3,0,3,2023,2023,1,https://glintcap.org/clarksburg-cider-co,https://clarksburgcider.com/,https://www.facebook.com/clarksburgcider,https://www.instagram.com/clarksburgcider/,https://maps.google.com/?cid=2480384765559100652,New York,United States,Active,42.9274192,-78.5953396
1817,Seek-No-Further Cidery,Seek-No-Further Cidery,0,,https://glintcap.org/seek-no-further-cider-co,0,1,2,0,3,2023,2023,1,https://glintcap.org/seek-no-further-cider-co,https://www.seeknofurthercider.com/,https://www.facebook.com/seeknofurthercidery,https://www.instagram.com/seeknofurthercidery/,https://maps.google.com/?cid=4713802987366690958,Ohio,United States,Active,40.0670945,-82.5194091
1822,String Theory Cider,String Theory Cider,0,,https://glintcap.org/string-theory-cider,0,0,3,4,7,2021,2023,3,https://glintcap.org/string-theory-cider,https://stringtheorycider.com/,,,,Wisconsin,United States,Active,45.5309002,-92.0212919
1823,Bayfield Winery & Blue Ox Cider,Blue Ox Cider,x,https://ciderguide.com/bayfield-winery-blue-ox-cider/,https://glintcap.org/blue-ox-cider,0,0,0,1,1,2021,2021,1,https://glintcap.org/blue-ox-cider,https://www.bayfieldwinery.com/,https://www.facebook.com/bayfieldwinery,https://www.instagram.com/bayfieldwinery/,https://maps.google.com/?cid=14105068756577217367,Wisconsin,United States,Active,46.8371393,-90.8362981
1835,Acme Cider Co.,Acme Cider Co.,0,,https://glintcap.org/acme-cider-co,0,0,1,2,3,2016,2017,2,https://glintcap.org/acme-cider-co,,,,,Michigan,United States,Inactive,43.030658,-85.492125
1836,Cellar Brewing Company,Cellar Brewing Company,0,,https://glintcap.org/cellar-brewing-company,0,0,1,0,1,2011,2011,1,https://glintcap.org/cellar-brewing-company,,,,,Michigan,United States,Inactive,43.160209,-85.697494
1837,Cellarmen's,Cellarmen's,0,,https://glintcap.org/cellarmens,0,0,3,5,8,2016,2017,2,https://glintcap.org/cellarmens,,,,,Michigan,United States,Inactive,42.47091,-83.104109
1839,Country Mill Winery,Country Mill Winery,0,,https://glintcap.org/country-mill-winery,0,0,0,3,3,2011,2011,1,https://glintcap.org/country-mill-winery,,,,,Michigan,United States,Inactive,42.635232,-84.79667
1840,Douglas Valley,Douglas Valley,0,,https://glintcap.org/douglas-valley,0,0,0,4,4,2008,2008,1,https://glintcap.org/douglas-valley,,,,,Michigan,United States,Inactive,44.322634,-86.225881
1843,J. Trees Cellars,J. Trees Cellars,0,,https://glintcap.org/j-trees-cellars,0,0,1,0,1,2011,2011,1,https://glintcap.org/j-trees-cellars,,,,,Michigan,United States,Inactive,42.004554,-83.934273
1844,Sietsema Orchards,Sietsema Orchards,0,,https://glintcap.org/sietsema-orchards,0,1,5,8,14,2013,2018,6,https://glintcap.org/sietsema-orchards,,,,,Michigan,United States,Inactive,43.000772,-85.459472
1845,Cider Riot!,Cider Riot!,0,,https://glintcap.org/cider-riot,0,0,5,9,14,2015,2019,4,https://glintcap.org/cider-riot,,,,,Oregon,United States,Inactive,45.523854,-122.657297
1846,Woodbox Cider Co.,Woodbox Cider Co.,0,,https://glintcap.org/woodbox-cider-co,0,0,1,1,2,2016,2017,2,https://glintcap.org/woodbox-cider-co,,,,,Oregon,United States,Inactive,45.546299,-122.576482
1847,Ela Cider Co.,Ela Cider Co.,0,,https://glintcap.org/ela-cider-co,0,0,3,1,4,2016,2018,3,https://glintcap.org/ela-cider-co,,,,,Wisconsin,United States,Inactive,42.744704,-88.247955
1848,Ferro Farms,Ferro Farms,0,,https://glintcap.org/ferro-farms,0,0,1,1,2,2016,2017,2,https://glintcap.org/ferro-farms,,,,,Wisconsin,United States,Inactive,42.591684,-88.43343
1849,3 Keys Brewing,3 Keys Brewing,0,,https://glintcap.org/3-keys,0,0,0,2,2,2019,2019,1,https://glintcap.org/3-keys,https://www.3keysbrewing.com/,,,https://maps.google.com/?cid=9227766610482221383,Florida,United States,Active,27.496807,-82.532577
1851,Tideview Cider,Tideview Cider,0,,https://glintcap.org/tideview-cider,1,0,7,5,13,2009,2014,4,https://glintcap.org/tideview-cider,,,,,Nova Scotia,Canada,Inactive,45.08312,-64.402318
1857,Devoto Orchards Cider,Devoto Orchards Cider,0,,https://glintcap.org/devoto-orchards-cider,0,1,3,2,6,2013,2015,3,https://glintcap.org/devoto-orchards-cider,,,,,California,United States,Inactive,38.388874,-122.865391
1861,Flatbed Cider Co.,Flatbed Cider Co.,0,,https://glintcap.org/flatbed-cider-co,0,0,1,1,2,2016,2016,1,https://glintcap.org/flatbed-cider-co,,,,,Washington,United States,Inactive,47.72945,-122.149322
1872,Foggy Ridge Cider,Foggy Ridge Cider,0,,https://glintcap.org/foggy-ridge-cider,0,0,2,0,2,2007,2007,1,https://glintcap.org/foggy-ridge-cider,,,,,Virginia,United States,Inactive,36.7672784,-80.5290282
1873,Posterity Ciderworks,Posterity Ciderworks,0,,https://glintcap.org/posterity-ciderworks,0,0,5,2,7,2021,2022,2,https://glintcap.org/posterity-ciderworks,https://posterityciderworks.com/,https://www.facebook.com/posterityciderworks,https://www.instagram.com/posterityciderworks/,https://maps.google.com/?cid=12556482300952119386,California,United States,Active,38.2969506,-120.7076974
1874,Pencil Hound Ciders,Pencil Hound Ciders,0,,https://glintcap.org/pencil-hound-ciders,0,2,7,4,13,2021,2022,2,https://glintcap.org/pencil-hound-ciders,,,,,Colorado,United States,Inactive,37.4762645,-108.4837614
1875,Teal Cider,Teal Cider,0,,https://glintcap.org/teal-cider,0,1,10,10,21,2017,2021,4,https://glintcap.org/teal-cider,,,,,Colorado,United States,Inactive,37.4715586,-108.6286897
1876,Allegheny Cellars Winery,Allegheny Cellars Winery,0,,https://glintcap.org/allegheny-cellars-winery,0,0,0,1,1,2013,2013,1,https://glintcap.org/allegheny-cellars-winery,https://alleghenycellars.com/,https://www.facebook.com/AlleghenyCellarsWinery/,,https://maps.google.com/?cid=1822976743540902702,Pennsylvania,United States,Active,40.1450666,-79.8385414
1877,Tom's Foolery Distillery,Tom's Foolery Distillery,0,,https://glintcap.org/toms-foolery-distillery,0,0,1,1,2,2011,2011,1,https://glintcap.org/toms-foolery-distillery,https://www.tomsfoolery.com/,https://www.facebook.com/tomsfooleryfarm,https://www.instagram.com/tomsfoolerydistillery/,https://maps.google.com/?cid=7365488511239337011,Ohio,United States,Active,41.3910297,-81.1757311
1878,Ten Towers Cider Co.,Ten Towers Cider Co.,0,,https://glintcap.org/ten-towers-cider-co,0,1,2,2,5,2017,2019,2,https://glintcap.org/ten-towers-cider-co,,https://www.facebook.com/tentowerscider/,https://www.instagram.com/tentowerscider/,https://maps.google.com/?cid=3422835309115536155,Oregon,United States,Active,44.9263204,-123.2291874
1879,Hard Way Cider Co.,Hard Way Cider Co.,0,,https://glintcap.org/hard-way-cider-co,0,0,0,1,1,2019,2019,1,https://glintcap.org/hard-way-cider-co,https://www.hardwaycider.com/,https://www.facebook.com/hardwaycider/,https://www.instagram.com/hardwaycider/,https://maps.google.com/?cid=5676879976146727731,Ontario,Canada,Active,44.241888,-76.5736795
1880,Little Pomona,Little Pomona,0,,https://glintcap.org/little-pomona-orchard-cidery,0,0,0,2,2,2018,2018,1,https://glintcap.org/little-pomona-orchard-cidery,https://littlepomona.com/,https://www.facebook.com/LittlePomona/,https://www.instagram.com/littlepomona/,https://maps.google.com/?cid=1246096540068808621,Herefordshire,United Kingdom,Active,52.1692482,-2.4944892
1881,Adesanya Mead & Microbrewery,Adesanya Mead & Microbrewery,0,,https://glintcap.org/adesanya-mead-microbrewery,0,0,0,1,1,2021,2021,1,https://glintcap.org/adesanya-mead-microbrewery,https://adesanyamead.com/,https://www.facebook.com/AdesanyaMead,https://www.instagram.com/adesanyamead/,https://maps.google.com/?cid=11170001888065765482,Michigan,United States,Active,42.9128227,-85.739652
1882,Newton Court Cider,Newton Court Cider,0,,https://glintcap.org/newton-court-cider,0,0,1,2,3,2016,2017,2,https://glintcap.org/newton-court-cider,https://www.newtoncourtcider.com/,https://www.facebook.com/newtonscider/,https://www.instagram.com/newtoncourtcider/,https://maps.google.com/?cid=16599711403513185285,Herefordshire,United Kingdom,Active,52.18163,-2.720183
1883,New Salem Cider,New Salem Cider,0,,https://glintcap.org/new-salem-cider,0,0,2,2,4,2021,2021,1,https://glintcap.org/new-salem-cider,https://www.newsalemcider.com/,https://www.facebook.com/newsalemcider/,https://www.instagram.com/newsalemcider/,https://maps.google.com/?cid=17255418190527756847,Massachusetts,United States,Active,42.4945866,-72.3308978
1884,Tall Ship Craft Cider / Fjordfolk Mikrobryggeri,Tall Ship Craft Cider / Fjordfolk Mikrobryggeri,0,,https://glintcap.org/tall-ship-craft-cider-fjordfolk-mikrobryggeri,0,0,2,4,6,2021,2021,1,https://glintcap.org/tall-ship-craft-cider-fjordfolk-mikrobryggeri,https://www.fjordfolkbrygg.no/,https://www.facebook.com/fjordfolkbrygg/,https://www.instagram.com/fjordfolk_mikrobryggeri/,https://maps.google.com/?cid=13187877260143472555,Vestfold og Telemark,Norway,Active,59.1213376,10.231588
1885,Alma Cider,Alma Cider,0,,https://glintcap.org/alma-cider,1,0,6,1,8,2021,2023,2,https://glintcap.org/alma-cider,https://almacider.com/,https://www.facebook.com/almaciderco/,https://www.instagram.com/almaciderco/,,Washington,United States,Active,48.416119,-122.2940351
1886,Lindner's Cider,Lindner's Cider,0,,https://glintcap.org/lindners-cider,0,0,4,3,7,2021,2021,1,https://glintcap.org/lindners-cider,https://www.lindnerscider.com/,https://www.facebook.com/lindnerscider/,https://www.instagram.com/lindnerscider/,https://maps.google.com/?cid=5790694409805640354,New York,United States,Active,42.170095,-75.018056
1887,Offset Ciderworks,Offset Ciderworks,0,,https://glintcap.org/offset-ciderworks,0,1,9,4,14,2021,2023,2,https://glintcap.org/offset-ciderworks,https://shopoffsetciderworks.com/,https://www.facebook.com/offsetciderworks/,https://www.instagram.com/offsetciderworks/,,Washington,United States,Active,47.8028091,-122.3228434
1888,Rice Lake Hard Cider,Rice Lake Hard Cider,0,,https://glintcap.org/rice-lake-hard-cider,0,0,1,1,2,2021,2021,1,https://glintcap.org/rice-lake-hard-cider,https://www.ricelakehardcider.ca/,https://www.facebook.com/ricelakebeerandcider/,https://www.instagram.com/ricelakehardcider/,https://maps.google.com/?cid=5324762577871638377,Ontario,Canada,Active,44.017223,-78.1461123
1889,Bardic Brewing & Cider,Bardic Brewing & Cider,0,,https://glintcap.org/bardic-brewing-and-cider,0,0,0,1,1,2021,2021,1,https://glintcap.org/bardic-brewing-and-cider,https://bardicbrewing.com/,https://www.facebook.com/BardicBrewing/,https://www.instagram.com/bardicbrewing/,https://maps.google.com/?cid=16287026841313638802,Washington,United States,Active,47.6558422,-117.1983661
1890,Epona,Epona,0,,https://glintcap.org/epona,0,0,1,0,1,2021,2021,1,https://glintcap.org/epona,,,,,Washington,United States,Inactive,45.9446269,-122.6949361
1891,Sunken Paddle Ciderworks,Sunken Paddle Ciderworks,0,,https://glintcap.org/sunken-paddle-ciderworks,0,0,5,0,5,2021,2023,2,https://glintcap.org/sunken-paddle-ciderworks,https://www.sunkenpaddle.com/,https://www.facebook.com/SunkenPaddle,https://www.instagram.com/SunkenPaddle/,https://www.google.com/maps?cid=16081756786038525640,Wisconsin,United States,Active,44.0015236,-88.5517169
1892,High Hope Cider,High Hope Cider,0,,https://glintcap.org/high-hope-cider,0,0,1,2,3,2021,2021,1,https://glintcap.org/high-hope-cider,,,,,Ontario,Canada,Inactive,43.6775105,-79.4207053
1893,Peninsula Cellars,Peninsula Cellars,0,,https://glintcap.org/peninsula-cellars,0,0,6,3,9,2021,2022,2,https://glintcap.org/peninsula-cellars,https://www.peninsulacellars.com/,https://www.facebook.com/PeninsulaCellars/,https://www.instagram.com/peninsulacellars/,https://maps.google.com/?cid=14729173182155147473,Michigan,United States,Active,44.854006,-85.527215
1894,Gnarly Pippin Cider House,Gnarly Pippin Cider House,0,,https://glintcap.org/gnarly-pippin-cider-house,0,2,0,1,3,2021,2021,1,https://glintcap.org/gnarly-pippin-cider-house,,,,,Ohio,United States,Inactive,41.503749,-81.5658554
1895,Broken Brix,Broken Brix,0,,https://glintcap.org/broken-brix,0,0,2,1,3,2021,2022,2,https://glintcap.org/broken-brix,http://homebrewshopltd.com/,https://www.facebook.com/homebrewshopltd,https://www.instagram.com/brokenbrix_cidery/,https://maps.google.com/?cid=11646904330402367413,Illinois,United States,Active,41.9130721,-88.3165378
1896,Journey North Cider Co.,Journey North Cider Co.,0,,https://glintcap.org/journey-north-cider-co,0,1,10,6,17,2021,2022,2,https://glintcap.org/journey-north-cider-co,https://www.journeynorth.ca/,https://www.facebook.com/JourneyNorthCider/,https://www.instagram.com/journeynorthcider/,https://maps.google.com/?cid=14080665481547499862,Alberta,Canada,Active,54.2321434,-110.8326035
1897,Valley Cider Company,Valley Cider Company,0,,https://glintcap.org/valley-cider-company,1,0,2,1,4,2021,2021,1,https://glintcap.org/valley-cider-company,https://www.valleycider.com/,https://www.facebook.com/valleyciderco,https://www.instagram.com/valleyciderco/,https://maps.google.com/?cid=9341553819326173400,British Columbia,Canada,Active,48.8370145,-123.7089745
1898,Red Island Cider,Red Island Cider,0,,https://glintcap.org/red-island-cider,1,1,2,2,6,2021,2023,2,https://glintcap.org/red-island-cider,https://redislandcider.com/,https://www.facebook.com/RedIslandCider,https://www.instagram.com/redislandcider/,https://maps.google.com/?cid=17967681326263840117,Prince Edward Island,Canada,Active,46.2453598,-63.1244046
1899,Black Bear Cider Co.,Black Bear Cider Co.,0,,https://glintcap.org/black-bear-cider-co,0,0,2,2,4,2021,2022,2,https://glintcap.org/black-bear-cider-co,https://www.blackbearciderco.com/,https://www.facebook.com/blackbearciderco/,https://www.instagram.com/blackbearciderco/,,Missouri,United States,Active,38.6491261,-90.3206381
1900,Wilding Orchards,Wilding Orchards,0,,https://glintcap.org/wilding-orchards,0,0,1,3,4,2021,2023,2,https://glintcap.org/wilding-orchards,http://www.wildingorchards.com/,https://www.facebook.com/wildingorchards/,https://www.instagram.com/wildingorchards/,https://maps.google.com/?cid=8259658855326508626,Pennsylvania,United States,In Planning,41.956338,-75.8892283
1901,Squiggly Tree Cider,Squiggly Tree Cider,0,,https://glintcap.org/squiggly-tree-cider,0,0,1,0,1,2021,2021,1,https://glintcap.org/squiggly-tree-cider,,,,,Michigan,United States,Inactive,43.0187425,-85.6003355
1902,Vin 312,Vin 312,0,,https://glintcap.org/vin-312,0,0,1,0,1,2021,2021,1,https://glintcap.org/vin-312,https://www.vin312.com/,https://www.facebook.com/vin312winery,https://www.instagram.com/vin312winery/,https://maps.google.com/?cid=17747357387511626049,Illinois,United States,Active,41.9676466,-87.6748505
1905,East End Brewing Company,East End Brewing Company,0,,https://glintcap.org/east-end-brewing-co,0,0,0,1,1,2022,2022,1,https://glintcap.org/east-end-brewing-co,https://www.eastendbrewing.com/,https://www.facebook.com/EastEndBrewing/,https://www.instagram.com/eastendbrewing/,https://maps.google.com/?cid=4597238954397141609,Pennsylvania,United States,Active,40.4592101,-79.91171
1908,Mount Diablo Cider Company,Mount Diablo Cider Company,0,,https://glintcap.org/mount-diablo-cider-company,0,0,2,0,2,2023,2023,1,https://glintcap.org/mount-diablo-cider-company,https://www.mountdiablocider.com/,https://www.facebook.com/mountdiablocider,https://www.instagram.com/mountdiablocider/,,California,United States,Active,37.9025575,-122.0944769
1910,Northwood Cider Co.,Northwood Cider Co.,0,,https://glintcap.org/northwood-cider-company,0,0,0,2,2,2023,2023,1,https://glintcap.org/northwood-cider-company,https://www.northwoodcider.com/,https://www.facebook.com/NorthwoodCiderCo/,https://www.instagram.com/northwoodciderco/,https://maps.google.com/?cid=16951636823953034934,Ohio,United States,Active,39.1584343,-84.458172
1912,Puget Sound Cider Company,Puget Sound Cider Company,0,,https://glintcap.org/puget-sound-cider-company,0,10,30,10,50,2019,2023,4,https://glintcap.org/puget-sound-cider-company,https://www.shopantiques4u.com/puget-sound-cider-co,https://www.facebook.com/PugetSoundCiderCo/,https://www.instagram.com/pugetsoundcider/,https://maps.google.com/?cid=8204287304413477076,Washington,United States,Active,47.479856,-122.204573
1913,Ferme de la Sapinière,Ferme de la Sapinière,0,,https://glintcap.org/ferme-de-la-sapiniere,0,0,5,8,13,2014,2018,5,https://glintcap.org/ferme-de-la-sapiniere,https://www.producteur-cidre.com/,,,https://maps.google.com/?cid=13033032790677741913,Calvados,France,Active,49.3561555,-0.8754963
1914,Appleholic Cider Company,Appleholic Cider Company,0,,https://glintcap.org/appleholic-cider-company,0,0,7,9,16,2018,2021,3,https://glintcap.org/appleholic-cider-company,,,,,Michigan,United States,Inactive,45.02296,-85.7602
1915,Windswept Orchard Cider,Windswept Orchard Cider,0,,https://glintcap.org/windswept-cider,1,2,7,9,19,2017,2022,4,https://glintcap.org/windswept-cider,https://windsweptcider.com/,https://www.facebook.com/windsweptcider/,https://www.instagram.com/windsweptcider/,https://maps.google.com/?cid=3358706165159189619,Ontario,Canada,Active,44.5544537,-80.5405778
1916,Sidewood Estate,Sidewood Estate,0,,https://glintcap.org/sidewood-estate,3,1,5,3,12,2018,2023,4,https://glintcap.org/sidewood-estate,https://sidewood.com.au/,https://www.facebook.com/SidewoodEstate/,https://www.instagram.com/sidewoodestate/,https://maps.google.com/?cid=16006910239256404559,South Australia,Australia,Active,-35.0207278,138.7945874
1917,Brinkhall Sparkling,Kuura Cider,x,https://ciderguide.com/brinkhall-sparkling/,https://glintcap.org/kuura-cider,0,0,0,1,1,2017,2017,1,https://glintcap.org/kuura-cider,https://bsp.fi/,https://www.facebook.com/brinkhalls,https://www.instagram.com/brinkhallsparkling/,https://www.google.com/maps?cid=10856204128601037922,Southwest Finland,Finland,Active,60.4236854,23.0462561
1921,Sidra Somarroza,Sidra Somarroza,0,,https://glintcap.org/sidra-somarroza,0,0,2,6,8,2019,2022,3,https://glintcap.org/sidra-somarroza,https://sidrasomarroza.es/,https://www.facebook.com/sidrasomarroza,https://www.instagram.com/sidrasomarroza/,https://maps.google.com/?cid=7109045394192195825,Cantabria,Spain,Active,43.3529633,-3.9604843
1922,New Leaf Cider Co.,New Leaf Cider Co.,0,,https://glintcap.org/new-leaf-cider-co,0,0,1,1,2,2018,2021,2,https://glintcap.org/new-leaf-cider-co,https://www.newleafcider.com/,https://www.facebook.com/newleafcider/,https://www.instagram.com/newleafcider/,https://www.google.com/maps?cid=18191376316753283743,New York,United States,Active,42.1497193,-75.8199007
1923,Niagara Cider Company,Niagara Cider Company,0,,https://glintcap.org/niagara-cider-company,0,1,10,2,13,2019,2022,3,https://glintcap.org/niagara-cider-company,https://niagaracidercompany.com/,https://www.facebook.com/niagaracider/,https://www.instagram.com/niagaracider/,https://maps.google.com/?cid=203880754587664730,Ontario,Canada,Active,43.0550484,-79.1308663
1924,C.E.Petch Cidery and Distillery,C.E.Petch Cidery and Distillery,0,,https://glintcap.org/c-e-petch-cidery-and-distillery,0,1,4,1,6,2019,2021,2,https://glintcap.org/c-e-petch-cidery-and-distillery,https://www.cepetch.ca/,https://www.facebook.com/vergerspetchorchards,,https://maps.google.com/?cid=4761400511268048571,Quebec,Canada,Active,45.0458072,-73.596354
1925,Kingston Creek Cider,Kingston Creek Cider,0,,https://glintcap.org/kingston-creek-cider,0,0,3,0,3,2019,2021,2,https://glintcap.org/kingston-creek-cider,https://kingstoncreekcider.ca/,https://www.facebook.com/kingstoncreekcider/,https://www.instagram.com/kingstoncreekcider/,https://goo.gl/maps/RehFeiy4yunVNf729,New Brunswick,Canada,Active,45.5322639,-65.9955129
1926,Walkerville City Cidery,Walkerville City Cidery,0,,https://glintcap.org/walkerville-city-cidery,0,0,1,3,4,2019,2023,4,https://glintcap.org/walkerville-city-cidery,https://www.walkervillebrewery.com/,https://www.facebook.com/walkervillebrewery,https://www.instagram.com/walkervillebrewery/,https://maps.google.com/?cid=7567072497501060560,Ontario,Canada,Active,42.3238128,-83.0113399
1927,Jaanihanso Cider,Jaanihanso Cider,0,,https://glintcap.org/jaanihanso-cider,2,0,3,2,7,2017,2018,2,https://glintcap.org/jaanihanso-cider,http://www.jaanihanso.ee/,https://www.facebook.com/Jaanihanso,https://www.instagram.com/jaanihanso/,https://maps.google.com/?cid=7606641832512391290,Pärnu,Estonia,Active,58.6955057,24.5206078
1928,Sourwood Cider,Sourwood Cider,0,,https://glintcap.org/sourwood-cider,0,0,2,4,6,2018,2019,2,https://glintcap.org/sourwood-cider,https://www.sourwoodcider.com/,,https://www.instagram.com/sourwoodcider/,,Nova Scotia,Canada,Active,44.6395722,-63.6644932
1929,Dan Kelly's Cider,Dan Kelly's Cider,0,,https://glintcap.org/dan-kellys-cider,0,0,0,1,1,2015,2015,1,https://glintcap.org/dan-kellys-cider,https://dankellyscider.com/,https://www.facebook.com/DanKellysCider,https://www.instagram.com/dankellyscider/,https://goo.gl/maps/ecWYQw42trgsqCa26,Louth,Ireland,Active,53.7063533,-6.3223204
1930,Bear Cider,Bear Cider,0,,https://glintcap.org/bear-cider,0,1,0,0,1,2019,2019,1,https://glintcap.org/bear-cider,http://www.bearcider.com/,https://www.facebook.com/Beercider,https://www.instagram.com/bearcider/,https://maps.google.com/?cid=2306162274342811911,North Holland,Netherlands,Active,52.2961063,5.1662739
1931,Cidrerie de Menez-Brug,Cidrerie de Menez-Brug,0,,https://glintcap.org/cidrerie-de-menez-brug,0,0,1,3,4,2016,2019,4,https://glintcap.org/cidrerie-de-menez-brug,https://www.cidrerie-de-menez-brug.com/,https://www.facebook.com/cidreriemenezbrug.fr/,,https://maps.google.com/?cid=10640223041696316686,Finistère ,France,Active,47.8654274,-3.9978625
1932,York County Cider,York County Cider,0,,https://glintcap.org/york-county-cider,0,0,1,3,4,2018,2018,1,https://glintcap.org/york-county-cider,https://www.yorkcountycider.net/,https://www.facebook.com/yorkcountycider/,https://www.instagram.com/yorkcountycider/,https://maps.google.com/?cid=8211700543485091917,New Brunswick,Canada,Active,45.9824391,-66.6627163
1933,Arktos Meadery,Arktos Meadery,0,,https://glintcap.org/arktos-meadery,0,0,0,1,1,2016,2016,1,https://glintcap.org/arktos-meadery,http://arktosmeadery.com/,https://www.facebook.com/arktosmeadery,https://www.instagram.com/arktosmeadery/,https://maps.google.com/?cid=7005936374443669774,Michigan,United States,Active,42.9705088,-85.6806922
1959,Woodlore Cider Co.,Woodlore Cider Co.,0,,https://glintcap.org/woodlore-cider,0,1,2,0,3,2023,2023,1,https://glintcap.org/woodlore-cider,https://woodlorecider.com/,https://www.facebook.com/woodlorecider,https://www.instagram.com/woodlorecider/,https://maps.google.com/?cid=1776202393703805757,Minnesota,United States,Active,46.4067999,-94.2866359
1962,Berkshire Cider Project,Berkshire Cider Project,0,,https://glintcap.org/berkshire-cider-project,0,0,2,1,3,2023,2023,1,https://glintcap.org/berkshire-cider-project,https://www.berkshire-cider.com/,https://www.facebook.com/BerkshireCiderProject/,https://www.instagram.com/berkshire_cider/,https://www.google.com/maps?cid=39143702970968971,Massachusetts,United States,Active,42.6980607,-73.1521496
1980,Shuswap Cider Co.,Shuswap Cider Co.,0,,https://glintcap.org/shuswap-cider-company,0,1,1,0,2,2023,2023,1,https://glintcap.org/shuswap-cider-company,https://shuswapcider.com/,https://www.facebook.com/shuswapcider,https://www.instagram.com/shuswapcider/,https://maps.google.com/?cid=16947341498601474713,British Columbia,Canada,Active,50.6918843,-119.3095887
1985,Copper Crow Distillery,Copper Crow Distillery,0,,https://glintcap.org/copper-crow-distillery,0,0,1,0,1,2022,2022,1,https://glintcap.org/copper-crow-distillery,https://www.coppercrowdistillery.com/,,,https://maps.google.com/?cid=9042424009847033963,Wisconsin,United States,Active,46.857048,-90.7939071
1986,Cold Hand Winery,Cold Hand Winery,0,,https://glintcap.org/cold-hand-winery,1,0,0,1,2,2018,2018,1,https://glintcap.org/cold-hand-winery,https://www.coldhandwinery.dk/,https://www.facebook.com/Cold-Hand-Winery-280396455326889/,https://www.instagram.com/cold_hand_winery/,https://maps.google.com/?cid=8847115036999398343,,Denmark,Active,56.513459,9.7900895
1988,Domaine de Kervéguen,Domaine de Kervéguen,0,,https://glintcap.org/domaine-de-kerveguen,0,1,0,1,2,2014,2016,2,https://glintcap.org/domaine-de-kerveguen,https://www.kerveguen.fr/,https://www.facebook.com/cidresdomainedekerveguen/,,https://maps.google.com/?cid=1542805240311028945,Finistère,France,Active,48.6666268,-3.6926165
1990,Dancing Cider Co.,Dancing Cider Co.,0,,https://glintcap.org/dancing-cider-company,0,1,3,4,8,2022,2022,1,https://glintcap.org/dancing-cider-company,http://www.dancingcider.com/,https://www.facebook.com/DancingCider/,https://www.instagram.com/dancingcider/,https://maps.google.com/?cid=7853675129819221848,North Chungcheong,South Korea,Active,37.0264162,127.8580113
1994,Brew Lab 101 Beer & Cider Co.,Brew Lab 101 Beer & Cider Co.,0,,https://glintcap.org/brew-lab-101-beer-cider-co,0,0,6,3,9,2022,2023,2,https://glintcap.org/brew-lab-101-beer-cider-co,https://brewlab101.com/,https://www.facebook.com/brewlab101/,https://www.instagram.com/brewlab101/,https://maps.google.com/?cid=11422620826361494418,New Mexico,United States,Active,35.2432541,-106.6693816
1997,Windfall Cider,Windfall Cider,0,,https://glintcap.org/windfall-cider,0,0,1,1,2,2019,2021,2,https://glintcap.org/windfall-cider,https://windfallcider.ca/,https://www.facebook.com/windfallcidercompany,https://www.instagram.com/windfallcider/,https://maps.google.com/?cid=11000972800697075085,British Columbia,Canada,Active,49.3093392,-123.0750308
1998,Vergers de Velours,Vergers de Velours,0,,https://glintcap.org/vergers-de-velours,1,0,1,0,2,2018,2018,1,https://glintcap.org/vergers-de-velours,https://www.vergersdevelours.com/,https://www.facebook.com/VergersdeVelours/,,https://maps.google.com/?cid=13585661217805260928,Quebec,Canada,Active,48.6614327,-71.8144297
1999,Val de Rance,Val de Rance,0,,https://glintcap.org/val-de-rance,0,1,0,0,1,2016,2016,1,https://glintcap.org/val-de-rance,https://www.valderance.com/,https://www.facebook.com/ValdeRance/,,https://maps.google.com/?cid=7883069809343472545,Côtes-d'Armor,France,Active,48.5085616,-1.9532752
2000,Unibroue,Unibroue,0,,https://glintcap.org/unibroue,0,0,0,1,1,2005,2005,1,https://glintcap.org/unibroue,,,,,Quebec,Canada,Inactive,45.4412746,-73.2614007
2001,The Cider Mill Slane,The Cider Mill Slane,0,,https://glintcap.org/the-cider-mill,0,0,0,1,1,2014,2014,1,https://glintcap.org/the-cider-mill,http://cockagee.ie/,,https://www.instagram.com/thecidermillslane/,https://maps.google.com/?cid=14640349583461390741,Meath,Ireland,Active,53.7129257,-6.6236699
2002,Tall Post Craft Cider,Tall Post Craft Cider,0,,https://glintcap.org/tall-post-craft-cider,0,0,0,3,3,2019,2019,1,https://glintcap.org/tall-post-craft-cider,,https://www.facebook.com/tallpostcc/,https://www.instagram.com/tallpostcraftcider/,https://maps.google.com/?cid=271841851586211887,Ontario,Canada,Active,43.1459211,-79.7682554
2003,Sidrería Irigoien Herrero,Sidrería Irigoien Herrero,0,,https://glintcap.org/sidras-irigoien,0,0,1,0,1,2015,2015,1,https://glintcap.org/sidras-irigoien,https://www.sidreriairigoien.com/,,,https://maps.google.com/?cid=7008206708852121852,Gipuzkoa,Spain,Active,43.2851708,-1.9329983
2004,Paynter's Cider,Paynter's Cider,0,,https://glintcap.org/paynters-cider,0,0,2,0,2,2019,2019,1,https://glintcap.org/paynters-cider,https://www.paynterscider.co.nz/,https://www.facebook.com/payntershbcider/,,https://maps.google.com/?cid=3589298634850623661,Hawke's Bay,New Zealand,Active,-39.665185,176.8531411
2005,Ferme Black Creek,Ferme Black Creek,0,,https://glintcap.org/ferme-black-creek,0,0,1,2,3,2018,2022,3,https://glintcap.org/ferme-black-creek,https://fermeblackcreek.ca/,https://www.facebook.com/fermeblackcreek,,https://maps.google.com/?cid=10329703523020426281,Quebec,Canada,Active,45.0150504,-74.0098805
2006,Big Belly Ciderworks,Big Belly Ciderworks,0,,https://glintcap.org/big-belly-ciderworks,0,0,1,3,4,2016,2018,3,https://glintcap.org/big-belly-ciderworks,,,,,Michigan,United States,Inactive,44.8072115,-85.9617851
2007,Bier Distillery,Bier Distillery,0,,https://glintcap.org/bier-distillery,0,0,0,2,2,2017,2019,2,https://glintcap.org/bier-distillery,http://bierdistillery.com/,https://www.facebook.com/BierDistillery,https://www.instagram.com/bierdistillery/,https://maps.google.com/?cid=17532214762902294812,Michigan,United States,Active,43.0593786,-85.6411356
2008,Carolina Distillery,Carolina Distillery,0,,https://glintcap.org/carolina-distillery,0,0,2,1,3,2014,2017,2,https://glintcap.org/carolina-distillery,,,,,North Carolina,United States,Inactive,35.9139684,-81.5412586
2009,Century Tree Cider Co.,Century Tree Cider Co.,0,,https://glintcap.org/century-tree-cider-co,0,0,0,3,3,2018,2018,1,https://glintcap.org/century-tree-cider-co,,,,,Tennessee,United States,Inactive,35.1402356,-90.0412219
2013,FieldBird Cider,FieldBird Cider,0,,https://glintcap.org/fieldbird-cider,0,0,1,1,2,2018,2018,1,https://glintcap.org/fieldbird-cider,https://fieldbird.ca/,https://www.facebook.com/fieldbird.cider/,https://www.instagram.com/fieldbird.cider/,https://maps.google.com/?cid=6110288111923447317,Ontario,Canada,Active,44.0069575,-77.2822809
2015,Ugly Apple,Ugly Apple,0,,https://glintcap.org/fisher-cote-farmstead,0,0,1,2,3,2017,2018,2,https://glintcap.org/fisher-cote-farmstead,https://www.uglyapple.ca/,https://www.facebook.com/uglyapplecider/,https://www.instagram.com/ugly_apple/,https://maps.google.com/?cid=16350364322268973674,Ontario,Canada,Active,45.0409655,-76.511907
2016,Kikusui Brewing Co.,Kikusui Brewing Co.,0,,https://glintcap.org/kikusui-brewing-co,0,1,0,0,1,2022,2022,1,https://glintcap.org/kikusui-brewing-co,https://kikusuisake.co.jp/,https://www.facebook.com/kikusui.nagano,,https://maps.google.com/?cid=273138642744687145,Nagano,Japan,Active,35.5132343,137.8072107
2017,Farm & Cidery Kaneshige,Farm & Cidery Kaneshige,0,,https://glintcap.org/farm-cidery-kaneshige,0,0,0,1,1,2022,2022,1,https://glintcap.org/farm-cidery-kaneshige,https://www.kaneshige.jp/,https://www.facebook.com/%E3%83%95%E3%82%A1%E3%83%BC%E3%83%A0%E3%82%B5%E3%82%A4%E3%83%80%E3%83%AA%E3%83%BC-%E3%82%AB%E3%83%8D%E3%82%B7%E3%82%B2-405442802886108/?__cft__[0]=AZUf27CW0havOAXR5fpjOVa0up5HOL8UJNu3Z4K3gnmKQTe9PYtrBzYGzvPOIuu7WAXpIDIPvU4SyEH-O-zHeGEtuc4ToNq4fvlh_wSIG-0TGXxiLvTNm0ZQEiEXvX94OBT8wEP085OcKiyFCF7BFQXx&__tn__=kC%2CP-R,https://www.instagram.com/kaneshige_farm/,https://maps.google.com/?cid=16274463510556174655,Nagano,Japan,Active,35.4001414,137.7568105
2018,Mori-yama-en,Mori-yama-en,0,,https://glintcap.org/mori-yama-en,0,0,0,1,1,2022,2022,1,https://glintcap.org/mori-yama-en,https://moriyamaen.jp/,https://www.facebook.com/moriyamaen/,https://www.instagram.com/moriyamaenjp/,https://maps.google.com/?cid=6588999777049915253,Aomori,Japan,Active,40.5869073,140.4570299
2019,Akiu Winery,Akiu Winery,0,,https://glintcap.org/akiu-winery,0,0,0,1,1,2022,2022,1,https://glintcap.org/akiu-winery,https://akiuwinery.co.jp/,https://www.facebook.com/akiuwinery.co.jp,https://www.instagram.com/akiuwinery/,https://maps.google.com/?cid=3770017906433711240,Miyagi,Japan,Active,38.2265556,140.7279175
2020,Moss Vineyards,Moss Vineyards,0,,https://glintcap.org/moss-vineyards,0,0,1,0,1,2022,2022,1,https://glintcap.org/moss-vineyards,https://www.mossvineyards.net/,https://www.facebook.com/MOSSVINEYARDS,https://www.instagram.com/mossvineyards/,https://maps.google.com/?cid=14559514205860476618,Virginia,United States,Active,38.2404817,-78.5514481
2021,Yahara Bay Distillery,Yahara Bay Distillery,0,,https://glintcap.org/yahara-bay-distillery,0,0,0,1,1,2011,2011,1,https://glintcap.org/yahara-bay-distillery,https://yaharabay.com/,https://www.facebook.com/yaharabay/,https://www.instagram.com/yaharabaydistillers/,https://maps.google.com/?cid=8701529831545914795,Wisconsin,United States,Active,43.0106427,-89.4784476
2022,XO Alambic,XO Alambic,0,,https://glintcap.org/xo-alambic,0,0,0,1,1,2019,2019,1,https://glintcap.org/xo-alambic,,,,,Washington,United States,Inactive,46.3100847,-117.9976091
2023,Talisman Farm Cidery,Talisman Farm Cidery,0,,https://glintcap.org/talisman-farm-cidery,1,0,0,0,1,2016,2016,1,https://glintcap.org/talisman-farm-cidery,,,,,Colorado,United States,Inactive,40.1893942,-105.1781092
2024,Still River Winery,Still River Winery,0,,https://glintcap.org/still-river-winery,0,0,1,0,1,2011,2011,1,https://glintcap.org/still-river-winery,,,,,Massachusetts,United States,Inactive,42.4817422,-71.583847
2025,Santa Sidra Hard Cider,Santa Sidra Hard Cider,0,,https://glintcap.org/santa-sidra-hard-cider,0,0,4,1,5,2015,2016,2,https://glintcap.org/santa-sidra-hard-cider,,,,,New Mexico,United States,Inactive,35.6608392,-105.987504
2026,Reinhart's Cider,Reinhart's Cider,0,,https://glintcap.org/reinhart-foods,0,0,1,0,1,2018,2018,1,https://glintcap.org/reinhart-foods,https://reinhartscider.ca/,,,https://maps.google.com/?cid=15478828734791514275,Ontario,Canada,Active,44.4209888,-80.0971399
2027,Napton Cidery,Napton Cidery,0,,https://glintcap.org/napton-cidery,0,0,0,3,3,2019,2019,1,https://glintcap.org/napton-cidery,https://www.naptoncidery.co.uk/,https://www.facebook.com/naptoncidery,https://www.instagram.com/naptoncidery/,https://maps.google.com/?cid=12009368832613245042,Warwickshire,United Kingdom,Active,52.2422487,-1.325063
2028,Brooker's Cider,Brooker's Cider,0,,https://glintcap.org/brookers-cider,0,0,1,3,4,2022,2023,2,https://glintcap.org/brookers-cider,https://brookerscider.ca/,https://www.facebook.com/brookerscider,https://www.instagram.com/brookerscider/,https://maps.google.com/?cid=1019530974411700693,Ontario,Canada,Active,45.4370509,-76.9616291
2029,Floribunda,Floribunda,0,,https://glintcap.org/floribunda,1,0,1,3,5,2022,2023,2,https://glintcap.org/floribunda,https://www.floribunda.it/,,https://www.instagram.com/floribundacider/,https://maps.google.com/?cid=14548393953505771229,South Tyrol,Italy,Active,46.2431813,11.2153676
2030,Idol Cider House,Idol Cider House,0,,https://glintcap.org/idol-cider-house,1,0,4,1,6,2022,2023,2,https://glintcap.org/idol-cider-house,https://idyll-acres.com/,,https://www.instagram.com/idol_cider_house/,,Oregon,United States,Active,44.7501765,-122.918168
2031,Institut Agricole Régional,Institut Agricole Régional,0,,https://glintcap.org/institut-agricole-regional,0,0,2,0,2,2022,2023,2,https://glintcap.org/institut-agricole-regional,https://www.iaraosta.it/,https://www.facebook.com/iaraosta,https://www.instagram.com/institutagricoleregional/,https://maps.google.com/?cid=4369008947984220898,Valle d'Aosta,Italy,Active,45.7369231,7.3000211
2032,Island Folk Cider House,Island Folk Cider House,0,,https://glintcap.org/island-folk-cider-house,0,0,6,1,7,2022,2023,2,https://glintcap.org/island-folk-cider-house,https://www.islandfolkcider.ca/,https://www.facebook.com/islandfolkciderhouse/,https://www.instagram.com/islandfolkcider/,https://maps.google.com/?cid=16503578670375092154,Nova Scotia,Canada,Active,46.1428047,-60.1955871
2033,Junction Orchard & Cidery,Junction Orchard & Cidery,0,,https://glintcap.org/junction-orchard-and-cidery,0,0,4,4,8,2022,2023,2,https://glintcap.org/junction-orchard-and-cidery,https://www.junctionvictoria.com/,https://www.facebook.com/junctionvictoria,https://www.instagram.com/junctionvictoria/,https://maps.google.com/?cid=1598819234316229794,British Columbia,Canada,Active,48.5234471,-123.4370793
2034,Brys Estate Ciderworks,Brys Estate Ciderworks,0,,https://glintcap.org/brys-estate-ciderworks,0,0,1,2,3,2022,2022,1,https://glintcap.org/brys-estate-ciderworks,https://www.brysestate.com/,https://www.facebook.com/brysestate,https://www.instagram.com/brysestate/,https://maps.google.com/?cid=5768840683039449877,Michigan,United States,Active,44.8866671,-85.5098039
2035,Covered Bridge Brewing,Covered Bridge Brewing,0,,https://glintcap.org/covered-bridge-brewing,0,1,1,0,2,2022,2022,1,https://glintcap.org/covered-bridge-brewing,https://www.coveredbridgebrewery.com/,https://www.facebook.com/CBBrewery,https://www.instagram.com/covered_bridge_brewing_group/,https://maps.google.com/?cid=3419507540097286965,Oregon,United States,Active,43.7975203,-123.0584655
2036,Docendo Discitur,Docendo Discitur,0,,https://glintcap.org/docendo-discitur,0,0,2,0,2,2022,2023,2,https://glintcap.org/docendo-discitur,,https://www.facebook.com/profile.php?id=100063485772808,,https://maps.google.com/?cid=5395562939899411393,Aosta Valley,Italy,Active,45.7121378,7.2154238
2037,Empyrical Orchards And Cider,Empyrical Orchards And Cider,0,,https://glintcap.org/empyrical-orchards-and-cider,4,7,15,2,28,2019,2023,4,https://glintcap.org/empyrical-orchards-and-cider,,https://www.facebook.com/profile.php?id=100068960115984,https://www.instagram.com/empyricalcider/,,Washington,United States,Active,47.9128756,-122.0981847
2039,Kristof Farms,Kristof Farms,0,,https://glintcap.org/kristof-farms,1,1,2,1,5,2022,2023,2,https://glintcap.org/kristof-farms,https://www.kristoffarms.com/,https://www.facebook.com/KristofFarms/,https://www.instagram.com/kristoffarms/,,Oregon,United States,Active,45.3833849,-123.153384
2040,Spy Cider House and Distillery,Spy Cider House and Distillery,0,,https://glintcap.org/spy-cider-house-and-distillery,0,0,1,2,3,2022,2022,1,https://glintcap.org/spy-cider-house-and-distillery,https://www.spydistillery.com/,https://www.facebook.com/SpyDistillery,https://www.instagram.com/spydistillery/,https://maps.google.com/?cid=4191362119549049381,Ontario,Canada,Active,44.5130682,-80.450338
2041,Subterranean Cider,Subterranean Cider,0,,https://glintcap.org/subterranean-cider,0,1,0,1,2,2022,2022,1,https://glintcap.org/subterranean-cider,,,,,Michigan,United States,Inactive,42.2411499,-83.6129939
2042,Sunnycider,Sunnycider,0,,https://glintcap.org/sunnycider,0,0,2,1,3,2022,2022,1,https://glintcap.org/sunnycider,https://www.sunnycider.ca/,https://www.facebook.com/sunnycider,https://www.instagram.com/sunnycider_ca/,https://maps.google.com/?cid=4272810052717117827,Alberta,Canada,Active,51.0652978,-113.9871956
2043,Tenmile Cider Co.,Tenmile Cider Co.,0,,https://glintcap.org/tenmile-cider-co,0,0,0,2,2,2022,2022,1,https://glintcap.org/tenmile-cider-co,,https://www.facebook.com/tenmileciderco/,,https://maps.google.com/?cid=3695059567295141532,Colorado,United States,Active,39.4824831,-106.0463073
2044,Williamson Mead and Brewing,Williamson Mead and Brewing,0,,https://glintcap.org/williamson-mead-and-brewing,0,1,2,3,6,2022,2023,2,https://glintcap.org/williamson-mead-and-brewing,https://williamsonbrewing.com/,https://www.facebook.com/WilliamsonBrewing/,https://www.instagram.com/williamsonmeadandbrewing/,https://www.google.com/maps?cid=9398213946413041794,North Carolina,United States,Active,36.4756637,-80.9887261
2045,Wooden Gate Cider,Wooden Gate Cider,0,,https://glintcap.org/wooden-gate-cider,1,1,7,7,16,2022,2023,2,https://glintcap.org/wooden-gate-cider,http://woodengatecider.ca/,https://www.facebook.com/woodengatecider/,https://www.instagram.com/woodengatecider/,https://maps.google.com/?cid=11406859459217810151,Manitoba,Canada,Active,49.2022693,-98.8931669
2049,Clos de la Fontaine Hugo,Clos de la Fontaine Hugo,0,,https://glintcap.org/clos-de-la-fontaine-hugo,0,0,2,0,2,2014,2016,2,https://glintcap.org/clos-de-la-fontaine-hugo,,,,https://maps.google.com/?cid=7407350639595674137,Aisne,France,Active,49.7158565,4.1436951
2050,Creekside Estate Winery,Creekside Estate Winery,0,,https://glintcap.org/creekside-estate-winery,0,0,1,0,1,2018,2018,1,https://glintcap.org/creekside-estate-winery,https://www.creeksidewine.com/,https://www.facebook.com/CreeksideWine,https://www.instagram.com/creeksidewine/,https://maps.google.com/?cid=6701885899561213756,Ontario,Canada,Active,43.1524387,-79.3331283
2051,Domaine des Côtes d'Ardoise,Domaine des Côtes d'Ardoise,0,,https://glintcap.org/domaine-des-cotes-dardoise,0,0,2,0,2,2018,2018,1,https://glintcap.org/domaine-des-cotes-dardoise,https://cotesdardoise.com/,https://www.facebook.com/cotesdardoise/,https://www.instagram.com/vignoblecotesdardoise/,https://maps.google.com/?cid=9935263475438945742,Quebec,Canada,Active,45.1139705,-72.8457278
2052,F.H. Prager,F.H. Prager,0,,https://glintcap.org/f-h-prager,0,0,0,1,1,2016,2016,1,https://glintcap.org/f-h-prager,https://fhprager.cz/,https://www.facebook.com/FHPrager,https://www.instagram.com/fhprager/,https://maps.google.com/?cid=5646652119245236581,Prague,Czechia,Active,49.9773812,14.3938187
2053,Ferme de Romilly,Ferme de Romilly,0,,https://glintcap.org/ferme-de-romilly,4,1,0,1,6,2018,2018,1,https://glintcap.org/ferme-de-romilly,https://vergersderomilly.com/,https://www.facebook.com/romillycidre/,https://www.instagram.com/romillycidre/,https://maps.google.com/?cid=6728302118795319623,Calvados,France,Active,49.3382641,-1.0293343
2054,Forbidden Cider Co.,Forbidden Cider Co.,0,,https://glintcap.org/forbidden-cider-co,0,1,2,1,4,2014,2017,2,https://glintcap.org/forbidden-cider-co,,,,,Auckland,New Zealand,Inactive,-36.3808039,174.6371632
2055,Hideout Brewing Company,Hideout Brewing Company,0,,https://glintcap.org/hideout-brewing-company,0,0,0,1,1,2009,2009,1,https://glintcap.org/hideout-brewing-company,,,,,Michigan,United States,Inactive,43.0179127,-85.6308116
2056,Koval Distillery,Koval Distillery,0,,https://glintcap.org/koval-distillery,0,0,1,0,1,2011,2011,1,https://glintcap.org/koval-distillery,https://www.koval-distillery.com/,https://www.facebook.com/kovaldistillery,https://www.instagram.com/kovaldistillery/,https://maps.google.com/?cid=9716967101922409345,Illinois,United States,Active,41.9589073,-87.6733714
2057,Leaky Barrel Cider Company,Leaky Barrel Cider Company,0,,https://glintcap.org/leaky-barrel-cider-company,0,0,0,2,2,2017,2017,1,https://glintcap.org/leaky-barrel-cider-company,,,,,California,United States,Inactive,38.5289432,-122.8030103
2058,Lekker Cider,Lekker Cider,0,,https://glintcap.org/lekker-cider,0,1,1,2,4,2019,2021,2,https://glintcap.org/lekker-cider,,,,,Alberta,Canada,Inactive,50.991601,-114.0646122
2059,Long Island Meadery,Long Island Meadery,0,,https://glintcap.org/long-island-meadery,0,1,0,1,2,2005,2006,2,https://glintcap.org/long-island-meadery,,,,,New York,United States,Inactive,40.7838542,-73.0832757
2060,Malicious Spirits,Malicious Spirits,0,,https://glintcap.org/malicious-spirits,0,0,0,1,1,2018,2018,1,https://glintcap.org/malicious-spirits,,,,,Michigan,United States,Inactive,44.2126394,-86.2616291
2061,New Holland Brewing,New Holland Brewing,0,,https://glintcap.org/new-holland-brewing,0,0,1,1,2,2007,2007,1,https://glintcap.org/new-holland-brewing,,,,https://maps.google.com/?cid=16974909858889468491,Michigan,United States,Active,42.790068,-86.1042
2076,Heartland Ciderworks,Heartland Ciderworks,0,,https://glintcap.org/heartland-ciderworks,0,0,0,1,1,2023,2023,1,https://glintcap.org/heartland-ciderworks,,https://www.facebook.com/HeartlandCiderworks,https://www.instagram.com/heartland_ciderworks/,,Oregon,United States,Active,44.9264472,-123.2292953
2077,Cidrerie Compton,Cidrerie Compton,0,,https://glintcap.org/cidrerie-compton,0,0,0,2,2,2023,2023,1,https://glintcap.org/cidrerie-compton,https://cidreriecompton.com/,https://www.facebook.com/Cidrerie.Compton/,https://www.instagram.com/cidrerie.compton/,https://maps.google.com/?cid=12110507997233958951,Quebec,Canada,Active,45.258375,-71.8262323
2078,Malner,Malner,0,,https://glintcap.org/malner,0,1,0,0,1,2023,2023,1,https://glintcap.org/malner,https://www.malnercider.com/,https://www.facebook.com/Malnercider,https://www.instagram.com/malner_cider/,https://maps.google.com/?cid=15238117087452971281,,Slovenia,Active,45.5749654,13.9366407
2079,Fort Point Beer Company,Fort Point Beer Company,0,,https://glintcap.org/fort-point-beer-company,0,0,1,1,2,2023,2023,1,https://glintcap.org/fort-point-beer-company,https://fortpointbeer.com/,https://www.facebook.com/fortpointbeer,https://www.instagram.com/fortpointbeer/,https://maps.google.com/?cid=2077516693078079630,California,United States,Active,37.7896109,-122.4648487
2080,Friendly Noise,Friendly Noise,0,,https://glintcap.org/friendly-noise,0,0,0,1,1,2023,2023,1,https://glintcap.org/friendly-noise,https://friendlynoise.com/,,https://www.instagram.com/friendlynoise/,,California,United States,Active,34.0522342,-118.2436849
2082,Farm Club,Farm Club,0,,https://glintcap.org/farm-club,0,0,0,1,1,2023,2023,1,https://glintcap.org/farm-club,https://www.farmclubtc.com/,,https://www.instagram.com/farmclubtc/,https://maps.google.com/?cid=8210990554858898190,Michigan,United States,Active,44.8331931,-85.6898661
2083,Crimson Cider Company,Crimson Cider Company,0,,https://glintcap.org/crimson-cider-company,0,0,1,1,2,2023,2023,1,https://glintcap.org/crimson-cider-company,https://www.crimsoncidercompany.com/,https://www.facebook.com/CrimsonCiderCompany/,https://www.instagram.com/crimsoncidercompany/,https://maps.google.com/?cid=3534633618958218537,Ontario,Canada,Active,43.9918792,-77.1891137
2084,Great Lakes Farms,Great Lakes Farms,0,,https://glintcap.org/great-lakes-farms,0,0,1,0,1,2023,2023,1,https://glintcap.org/great-lakes-farms,https://www.greatlakesfarms.ca/,https://www.facebook.com/greatlakesfarms,https://www.instagram.com/greatlakesfarms/,https://maps.google.com/?cid=4288748841792254287,Ontario,Canada,Active,42.6911428,-81.2335877
2085,Banditry Cider,Banditry Cider,0,,https://glintcap.org/banditry-cider,0,1,1,1,3,2023,2023,1,https://glintcap.org/banditry-cider,https://www.banditrycider.com/,,https://www.instagram.com/banditrycider/,https://maps.google.com/?cid=854343294329911332,British Columbia,Canada,Active,49.40261,-123.5296301
2086,Harpers Ferry Brewing,Harpers Ferry Brewing,0,,https://glintcap.org/harpers-ferry-brewing,0,0,2,1,3,2023,2023,1,https://glintcap.org/harpers-ferry-brewing,https://harpersferrybrewing.com/,https://www.facebook.com/HarpersFerryBrewing,https://www.instagram.com/harpersferrybrewing/,https://maps.google.com/?cid=10887615481111930562,Virginia,United States,Active,39.320459,-77.708175
2087,Long View Ciderhouse,Long View Ciderhouse,0,,https://glintcap.org/long-view-ciderhouse,0,0,0,1,1,2023,2023,1,https://glintcap.org/long-view-ciderhouse,https://www.longviewcider.com/,https://www.facebook.com/longviewcider,https://www.instagram.com/longviewciderhouse/,https://www.google.com/maps?cid=6305409962970670771,Connecticut,United States,Active,41.6365031,-72.8386701
2088,Bowen Cider House,Bowen Cider House,0,,https://glintcap.org/bowen-cider-house,0,0,1,1,2,2023,2023,1,https://glintcap.org/bowen-cider-house,https://www.bowenciderhouse.ca/,https://www.facebook.com/bowenciderhouse,https://www.instagram.com/bowenciderhouse/,https://maps.google.com/?cid=12163814483884536667,British Columbia,Canada,Active,49.3639259,-123.3817062
2089,Geo Cider,Geo Cider,0,,https://glintcap.org/geo-cider,0,0,1,0,1,2023,2023,1,https://glintcap.org/geo-cider,,https://www.facebook.com/geocider/,https://www.instagram.com/geocider/,https://maps.google.com/?cid=10270629130837708300,British Columbia,Canada,Active,49.7240532,-123.1542449
2090,Good Bones Ciderhouse,Good Bones Ciderhouse,0,,https://glintcap.org/good-bones-ciderhouse,0,0,1,0,1,2023,2023,1,https://glintcap.org/good-bones-ciderhouse,,,,,Michigan,United States,In Planning,44.6279156,-85.9957727
2091,Rebel Apple,Rebel Apple,0,,https://glintcap.org/rebel-apple,0,3,0,0,3,2023,2023,1,https://glintcap.org/rebel-apple,https://rebelapple.com/,https://www.facebook.com/rebelappleofficial/,https://www.instagram.com/rebel_apple/,https://maps.google.com/?cid=9219116533030903770,,Russia,Active,55.7692065,37.5108509
2092,Lucia Maria Melchiori,Lucia Maria Melchiori,0,,https://glintcap.org/lucia-maria-melchiori,0,0,1,1,2,2023,2023,1,https://glintcap.org/lucia-maria-melchiori,https://sidroitaliano.it/,https://www.facebook.com/LMMelchiori/,https://www.instagram.com/melchiori_parola_di_luciamaria/,https://maps.google.com/?cid=15784129180909501372,Trentino ,Italy,Active,46.3193865,11.0960328
2103,Bird Dog Cider,Bird Dog Cider,0,,https://glintcap.org/bird-dog-cider,0,0,1,1,2,2023,2023,1,https://glintcap.org/bird-dog-cider,https://birddogcider.com/,,https://www.instagram.com/birddogcider/,https://maps.google.com/?cid=14229181631948632959,New Hampshire,United States,Active,43.0437859,-70.8550379
2104,Slabtown Cider Co.,Slabtown Cider Co.,0,,https://glintcap.org/slabtown-cider-co,0,2,7,6,15,2023,2023,1,https://glintcap.org/slabtown-cider-co,https://www.slabtowncider.com/,https://www.facebook.com/slabtowncider,https://www.instagram.com/slabtowncider/,https://maps.google.com/?cid=16401648239759014466,Ontario,Canada,Active,44.0606307,-79.1247329
2105,Riley's Cidery,Riley's Cidery,0,,https://glintcap.org/rileys-cidery,0,0,1,0,1,2023,2023,1,https://glintcap.org/rileys-cidery,https://www.rileyscider.com/,https://www.facebook.com/rileyscidery/,https://www.instagram.com/rileyscidery/,https://maps.google.com/?cid=9203737158800520029,British Columbia,Canada,Active,49.3624343,-123.4012374
2106,Casa de Oro Cider,Casa de Oro Cider,0,,https://glintcap.org/casa-de-oro-cider,0,0,0,1,1,2023,2023,1,https://glintcap.org/casa-de-oro-cider,https://www.casadeorocider.com/,https://www.facebook.com/casa.de.oro.cider/,https://www.instagram.com/casa.de.oro.cider/,,California,United States,Active,34.226288,-118.4016825
2134,Victoria Cider Co.,Victoria Cider Co.,0,,https://glintcap.org/victoria-cider-co,0,0,3,1,4,2023,2023,1,https://glintcap.org/victoria-cider-co,https://www.victoriaciderco.ca/,https://www.facebook.com/victoriaciderco,https://www.instagram.com/victoriaciderco/,https://maps.google.com/?cid=4973668223480997484,British Columbia,Canada,Active,48.643741,-123.457186
2135,Ambix Spirits,Ambix Spirits,0,,https://glintcap.org/ambix-spirits,1,0,1,1,3,2023,2023,1,https://glintcap.org/ambix-spirits,,,https://www.instagram.com/ambixspirits/,,California,United States,Active,38.4250521,-122.8319794
2136,Turncoat Cidery,Turncoat Cidery,0,,https://glintcap.org/turncoat-cidery,0,0,1,1,2,2023,2023,1,https://glintcap.org/turncoat-cidery,https://www.turncoatcidery.com/,,,,Rhode Island,United States,Active,41.487469,-71.3907177
2137,King Orchards,King Orchards,0,,https://glintcap.org/king-orchards,0,1,1,1,3,2023,2023,1,https://glintcap.org/king-orchards,https://kingorchards.com/,https://www.facebook.com/KingOrchards,https://www.instagram.com/kingorchards/,https://maps.google.com/?cid=16784767382761834903,Michigan,United States,Active,45.1018844,-85.3050168
2139,Trubacheevka,Trubacheevka,0,,https://glintcap.org/trubacheevka,0,0,0,1,1,2023,2023,1,https://glintcap.org/trubacheevka,http://plbb.ru/,,https://www.instagram.com/truba_plbb/,,,Russia,Active,55.646393,37.1704977
2140,Maison Hérout,Maison Hérout,0,,https://glintcap.org/maison-herout,0,0,2,0,2,2023,2023,1,https://glintcap.org/maison-herout,https://www.maisonherout.com/,https://www.facebook.com/cidres/,https://www.instagram.com/maisonherout/,https://maps.google.com/?cid=1426598113576371976,Manche,France,Active,49.2940012,-1.303545
2178,Domaine des 5 D,#N/A,x,https://ciderguide.com/domaine-des-5-d/,https://glintcap.org/cidrerie-daufresne/,1,0,1,0,2,2016,2016,1,https://glintcap.org/cidrerie-daufresne/,http://cidreriedaufresne.com/,,,https://maps.google.com/?cid=8401719320995507859,Calvados,France,Active,49.1786404,0.2045199
2510,Maeloc,Maeloc,0,,,0,0,1,3,4,2015,2015,1,,https://maelocway.com/,https://www.facebook.com/maelocway/,https://www.instagram.com/maelocway/,https://www.google.com/maps?cid=11814015461660737074,Galicia,Spain,Active,42.5868096,-7.7764782
