Medalist,🏆 BIC,🥇 Gold,🥈 Silver,🥉 Bronze,Total,First,Last,Years,City,State_Province,Country,Status,Results,URL,Google,Latitude,Longitude
Uncle John's,19,28,91,73,211,2005,2023,17,St Johns,Michigan,United States,Active,https://ciderguide.com/uncle-johns/,https://www.ujcidermill.com/,https://maps.google.com/?cid=16260144443906622289,43.112648,-84.561921
2 Towns Ciderhouse,4,19,94,70,187,2012,2023,11,Corvallis,Oregon,United States,Active,https://ciderguide.com/2-towns-ciderhouse/,http://www.2townsciderhouse.com/,https://maps.google.com/?cid=10429935694700508047,44.563505,-123.226185
Angry Orchard,5,8,53,70,136,2013,2023,10,Walden,New York,United States,Active,https://ciderguide.com/angry-orchard/,https://www.angryorchard.com/,https://maps.google.com/?cid=17467507983407382578,41.587128,-74.221692
Seattle Cider Company,9,14,62,44,129,2015,2023,8,Seattle,Washington,United States,Active,https://ciderguide.com/seattle-cider-company/,http://www.seattlecidercompany.com/,https://maps.google.com/?cid=10339393864619567754,47.560327,-122.337605
Haykin Family Cider,9,14,64,22,109,2017,2023,6,Aurora,Colorado,United States,Active,https://ciderguide.com/haykin-family-cider/,http://www.haykinfamilycider.com/,https://maps.google.com/?cid=7119124922857734574,39.764391,-104.848127
Twin Pines Orchards & Cider House,3,12,36,43,94,2011,2023,12,Thedford,Ontario,Canada,Active,https://ciderguide.com/twin-pines-orchards-cider-house/,http://www.twinpinesorchards.com/,https://goo.gl/maps/99ZTRGi4xuC2,43.187851,-81.847485
Vander Mill,2,10,47,34,93,2008,2023,14,Grand Rapids,Michigan,United States,Active,https://ciderguide.com/vander-mill/,http://vandermill.com/,https://maps.google.com/?cid=6214407049389872858,42.971697,-85.630719
Vermont Cider Company,7,8,30,43,88,2005,2021,13,Middlebury,Vermont,United States,Active,https://ciderguide.com/vermont-cider-company/,http://www.woodchuck.com/,https://maps.google.com/?cid=9402882086420367798,44.034072,-73.172778
Bauman's Cider,10,18,45,14,87,2016,2023,7,Gervais,Oregon,United States,Active,https://ciderguide.com/baumans-cider/,https://baumanscider.com/,https://maps.google.com/?cid=10038644588886302965,45.1079661,-122.8693386
Snow Capped Cider,10,12,33,27,82,2017,2023,6,Cedaredge,Colorado,United States,Active,https://ciderguide.com/snow-capped-cider/,http://www.snowcappedcider.com/,https://maps.google.com/?cid=373602255640136887,38.898619,-107.924961
Tandem Ciders,5,8,49,19,81,2009,2023,13,Suttons Bay,Michigan,United States,Active,https://ciderguide.com/tandem-ciders/,http://www.tandemciders.com/,https://maps.google.com/?cid=17873533731324152260,45.011335,-85.659757
Gypsy Circus,1,5,35,29,70,2017,2023,4,Kingsport,Tennessee,United States,Active,https://ciderguide.com/gypsy-circus/,https://gypsycircuscider.com/,https://maps.google.com/?cid=4520512866262691085,36.520022,-82.51794
Farmhaus Cider Co.,0,8,41,21,70,2015,2023,8,Hudsonville,Michigan,United States,Active,https://ciderguide.com/farmhaus-cider-co/,http://farmhauscider.com/,https://maps.google.com/?cid=11406839464047037046,42.936623,-85.909009
1911 Established,1,5,41,22,69,2015,2023,7,Marietta,New York,United States,Active,https://ciderguide.com/1911-established/,http://1911established.com/,https://maps.google.com/?cid=13706571465768596510,42.903744,-76.22158
Virtue Cider,1,5,38,24,68,2013,2023,10,Fennville,Michigan,United States,Active,https://ciderguide.com/virtue-cider/,http://www.virtuecider.com/,https://maps.google.com/?cid=8731167836057791034,42.57688,-86.15187
Eden Ciders,10,12,30,14,66,2009,2023,13,Newport,Vermont,United States,Active,https://ciderguide.com/eden-ciders/,https://www.edenciders.com/,https://maps.google.com/?cid=1133141626652589768,44.935976,-72.209246
AeppelTreow Winery & Distillery,4,8,20,34,66,2005,2023,17,Burlington,Wisconsin,United States,Active,https://ciderguide.com/aeppeltreow-winery-distillery/,http://aeppeltreow.com/,https://maps.google.com/?cid=14330457100802755750,42.642658,-88.160186
Northville Winery and Brewing Company,4,4,28,29,65,2008,2023,14,Northville,Michigan,United States,Active,https://ciderguide.com/northville-winery-and-brewing-company/,http://www.thenorthvillewinery.com/,https://maps.google.com/?cid=1839304926738675152,42.437271,-83.475242
Blake's Hard Cider Co.,1,10,31,23,65,2014,2023,9,Armada,Michigan,United States,Active,https://ciderguide.com/blakes-hard-cider-co/,http://www.blakeshardcider.com/,https://maps.google.com/?cid=15855146673119620480,42.8503113,-82.9513855
Crispin Cider Company,2,4,23,35,64,2006,2021,9,Colfax,California,United States,Inactive,https://ciderguide.com/crispin-cider-company/,,,39.089006,-120.950642
Cidrerie Milton,9,8,25,20,62,2013,2023,10,Sainte-Cécile-de-Milton,Quebec,Canada,Active,https://ciderguide.com/cidrerie-milton/,http://cidreriemilton.com/,https://maps.google.com/?cid=9570102942420505240,45.483424,-72.759531
Stem Ciders,3,4,33,21,61,2014,2023,9,Denver,Colorado,United States,Active,https://ciderguide.com/stem-ciders/,http://stemciders.com/,https://maps.google.com/?cid=14948853403840338868,39.761635,-104.983791
Tieton Cider Works,3,2,31,25,61,2011,2022,10,Yakima,Washington,United States,Active,https://ciderguide.com/tieton-cider-works/,https://tietonciderworks.com/,https://maps.google.com/?cid=9208093896298438407,46.615859,-120.521786
Threadbare Cider,2,4,27,27,60,2018,2023,5,Pittsburgh,Pennsylvania,United States,Active,https://ciderguide.com/threadbare-cider/,https://threadbarecider.com/,https://maps.google.com/?cid=7094659481938293243,40.460471,-79.988895
Sea Cider Farm & Ciderhouse,1,8,27,22,58,2014,2023,9,Saanichton,British Columbia,Canada,Active,https://ciderguide.com/sea-cider-farm-ciderhouse/,http://seacider.ca/,https://goo.gl/maps/VQPjUX6TpCN2,48.60325,-123.397092
Starcut Ciders,4,4,22,24,54,2015,2023,8,Bellaire,Michigan,United States,Active,https://ciderguide.com/starcut-ciders/,http://starcutciders.com/,https://maps.google.com/?cid=2440791440580754774,44.976269,-85.210357
Thornbury Craft Co.,4,5,33,11,53,2013,2023,10,Thornbury,Ontario,Canada,Active,https://ciderguide.com/thornbury-craft-co/,https://thornburycraft.com/,https://www.google.com/maps?cid=17950053116977107226,44.5596898,-80.4459884
Puget Sound Cider Company,0,10,30,10,50,2019,2023,4,Renton,Washington,United States,Active,https://ciderguide.com/puget-sound-cider-company/,https://www.shopantiques4u.com/puget-sound-cider-co,https://maps.google.com/?cid=8204287304413477076,47.479856,-122.204573
Raven's Moon Craft Cider,0,1,32,16,49,2018,2023,5,Courtenay,British Columbia,Canada,Active,https://ciderguide.com/ravens-moon-craft-cider/,https://ravensmooncraftcider.ca/,https://maps.google.com/?cid=15603029176115587266,49.692391,-125.040645
Arsenal Cider House,2,6,26,13,47,2016,2022,5,Pittsburgh,Pennsylvania,United States,Active,https://ciderguide.com/arsenal-cider-house/,https://www.arsenalciderhouse.com/,https://maps.google.com/?cid=3302243150360255083,40.465108,-79.96092
St. Vrain Cidery,0,7,21,17,45,2016,2023,7,Longmont,Colorado,United States,Active,https://ciderguide.com/st-vrain-cidery/,http://www.stvraincidery.com/,https://maps.google.com/?cid=17224865106599925771,40.1651663,-105.104967
West Avenue Cider,3,6,20,15,44,2014,2023,8,Freelton,Ontario,Canada,Active,https://ciderguide.com/west-avenue-cider/,http://westavenue.ca/,https://goo.gl/maps/eNJYbqNyb362,43.370832,-79.982444
Salt Spring Wild Cider,5,4,30,4,43,2018,2023,4,Salt Spring Island,British Columbia,Canada,Active,https://ciderguide.com/salt-spring-wild-cider/,http://www.saltspringwildcider.com/,https://maps.google.com/?cid=1013951137212036854,48.862494,-123.522065
Island Orchard Cider,1,3,23,15,42,2015,2023,7,Ellison Bay,Wisconsin,United States,Active,https://ciderguide.com/island-orchard-cider/,http://islandorchardcider.com/,https://maps.google.com/?cid=8005585823394699432,45.256318,-87.071244
Swift Cider,0,5,26,11,42,2016,2023,6,Portland,Oregon,United States,Active,https://ciderguide.com/swift-cider/,http://swiftcider.com/,https://maps.google.com/?cid=1421879404707890325,45.577537,-122.651246
Winery at Black Star Farms,6,5,13,17,41,2005,2021,12,Suttons Bay,Michigan,United States,Active,https://ciderguide.com/winery-at-black-star-farms/,http://www.blackstarfarms.com/,https://maps.google.com/?cid=7449332961214465656,44.933625,-85.636114
Colorado Cider Company,4,5,18,14,41,2014,2023,9,Denver,Colorado,United States,Active,https://ciderguide.com/colorado-cider-company/,http://www.coloradocider.com/,https://maps.google.com/?cid=9606181927626096546,39.71898,-105.01961
Donovan Orchard Estate Ciders,2,0,21,18,41,2012,2023,11,Barker,New York,United States,Active,https://ciderguide.com/donovan-orchard-estate-ciders/,https://donovanorchards.com/,https://www.google.com/maps?cid=13708330907237858097,43.3638889,-78.5572222
Cider Creek Hard Cider,0,2,12,27,41,2015,2019,5,Canisteo,New York,United States,Active,https://ciderguide.com/cider-creek-hard-cider/,http://www.cidercreekhardcider.com/,https://maps.google.com/?cid=7573055340708815679,42.316655,-77.60405
Finnriver Farm and Cidery,4,5,15,16,40,2011,2023,10,Chimacum,Washington,United States,Active,https://ciderguide.com/finnriver-farm-and-cidery/,http://www.finnriver.com/,https://maps.google.com/?cid=1802892066987578987,47.976418,-122.778943
Brooklyn Cider House,4,1,18,16,39,2016,2023,7,New Paltz,New York,United States,Active,https://ciderguide.com/brooklyn-cider-house/,http://brooklynciderhouse.com/,https://maps.google.com/?cid=3244654366527486527,41.757256,-74.04958
Bold Rock Hard Cider,1,4,22,12,39,2016,2023,5,Nellysford,Virginia,United States,Active,https://ciderguide.com/bold-rock-hard-cider/,https://boldrock.com/,https://maps.google.com/?cid=5365471648317954632,37.881384,-78.904992
Kings Highway Fine Cider,0,2,19,18,39,2016,2018,3,Millerton,New York,United States,Active,https://ciderguide.com/kings-highway-fine-cider/,https://cider.nyc/,https://maps.google.com/?cid=1012291909954476569,41.8978652,-73.534851
Cidrerie du Minot,7,3,16,12,38,2016,2019,4,Hemmingford,Quebec,Canada,Active,https://ciderguide.com/cidrerie-du-minot/,http://www.duminot.com/,https://www.google.com/maps?cid=3229917684270453987,45.019621,-73.621962
Snowdrift Cider Co.,4,5,17,12,38,2009,2023,9,East Wenatchee,Washington,United States,Active,https://ciderguide.com/snowdrift-cider-co/,http://www.snowdriftcider.com/,https://maps.google.com/?cid=18339570792633761066,47.400586,-120.178628
Wandering Aengus Ciderworks,1,10,17,10,38,2006,2016,7,Salem,Oregon,United States,Inactive,https://ciderguide.com/wandering-aengus-ciderworks/,,,44.893871,-122.996201
Albemarle CiderWorks,1,9,16,12,38,2012,2023,9,North Garden,Virginia,United States,Active,https://ciderguide.com/albemarle-ciderworks/,http://www.albemarleciderworks.com/,https://maps.google.com/?cid=18144857979395006290,37.966531,-78.650136
City Orchard,1,4,24,8,37,2017,2023,6,Houston,Texas,United States,Active,https://ciderguide.com/city-orchard/,https://www.cityorchardhtx.com/,https://maps.google.com/?cid=3039682779370610905,29.7708798,-95.3868984
Robinette Cellars,0,1,13,23,37,2006,2021,13,Grand Rapids,Michigan,United States,Active,https://ciderguide.com/robinette-cellars/,https://robinettes.com/,https://maps.google.com/?cid=5234107093392955640,43.027537,-85.592264
Bee Well Mead & Cider,5,1,13,17,36,2016,2023,7,Bellaire,Michigan,United States,Active,https://ciderguide.com/bee-well-mead-cider/,http://beewellmeadery.com/,https://maps.google.com/?cid=18233410544073263210,44.9760455,-85.2098303
Thor's Hard Cider,3,5,17,11,36,2018,2023,5,Stillwater,Minnesota,United States,Active,https://ciderguide.com/thors-hard-cider/,https://www.thorshardcider.com/,https://maps.google.com/?cid=16250618587804183842,45.042138,-92.865744
Stormalong Cider,1,5,18,12,36,2015,2023,7,Sherborn,Massachusetts,United States,Active,https://ciderguide.com/stormalong-cider/,https://www.stormalong.com/,https://maps.google.com/?cid=9791117786097773397,42.231425,-71.362237
Left Foot Charley,1,3,21,11,36,2011,2023,10,Traverse City,Michigan,United States,Active,https://ciderguide.com/left-foot-charley/,http://www.leftfootcharley.com/,https://maps.google.com/?cid=16198693468177995981,44.756339,-85.645097
Ernest Cider,1,2,22,10,35,2017,2023,6,Newmarket,Ontario,Canada,Active,https://ciderguide.com/ernest-cider/,http://www.ernestcider.com/,https://maps.google.com/?cid=4441484377316760369,44.059187,-79.461256
Locust Cider,0,0,14,21,35,2016,2023,7,Woodinville,Washington,United States,Active,https://ciderguide.com/locust-cider/,http://www.locustcider.com/,https://www.google.com/maps?cid=17533531076865420551,47.766244,-122.148563
Ciderboys,1,3,13,17,34,2014,2022,7,Stevens Point,Wisconsin,United States,Active,https://ciderguide.com/ciderboys/,http://www.ciderboys.com/,https://maps.google.com/?cid=1756122992587390562,44.510454,-89.573583
Castle Hill Cider,1,0,18,15,34,2012,2023,10,Keswick,Virginia,United States,Active,https://ciderguide.com/castle-hill-cider/,http://www.castlehillcider.com/,https://maps.google.com/?cid=4112176064200176389,38.0888889,-78.2908333
McClure's Orchard & Winery,0,4,10,19,33,2011,2023,7,Peru,Indiana,United States,Active,https://ciderguide.com/mcclures-orchard-winery/,http://www.mccluresorchard.com/,https://maps.google.com/?cid=9370461394563366351,40.837576,-86.130016
Rootstock Ciderworks,2,3,19,8,32,2015,2022,7,Marion,New York,United States,Inactive,https://ciderguide.com/rootstock-ciderworks/,,,43.201215,-77.224684
Westcott Bay Cider,2,3,15,12,32,2006,2019,11,Friday Harbor,Washington,United States,Active,https://ciderguide.com/westcott-bay-cider/,http://www.westcottbaycider.com/,https://maps.google.com/?cid=4868680669516634580,48.603122,-123.162475
Eris Brewery & Cider House,1,1,18,12,32,2018,2023,5,Chicago,Illinois,United States,Active,https://ciderguide.com/eris-brewery-cider-house/,https://www.erischicago.com/,https://maps.google.com/?cid=8228819364943835803,41.953873,-87.734239
Big B's Hard Cider,0,1,15,16,32,2013,2019,7,Hotchkiss,Colorado,United States,Active,https://ciderguide.com/big-bs-hard-cider/,http://www.bigbs.com/,https://maps.google.com/?cid=78577038036310991,38.860785,-107.626061
Black Diamond Cider,5,6,14,6,31,2017,2023,6,Trumansburg,New York,United States,Active,https://ciderguide.com/black-diamond-cider/,https://blackdiamondcider.com/,https://maps.google.com/?cid=10338399888952299802,42.547829,-76.655099
Embark Craft Ciderworks,0,4,13,14,31,2015,2019,5,Williamson,New York,United States,Active,https://ciderguide.com/embark-craft-ciderworks/,https://embarkcraftciderworks.com/,https://maps.google.com/?cid=10530312377379345820,43.248684,-77.187685
Gowan's Heirloom Ciders,7,1,17,5,30,2018,2023,5,Philo,California,United States,Active,https://ciderguide.com/gowans-heirloom-ciders/,http://www.gowansheirloomcider.com/,https://www.google.com/maps?cid=14585432541984297394,39.0869042,-123.4751758
Sage Bird Ciderworks,1,4,21,4,30,2021,2023,3,Harrisonburg,Virginia,United States,Active,https://ciderguide.com/sage-bird-ciderworks/,https://www.sagebirdciderworks.com/,https://maps.google.com/?cid=6011174694440794517,38.4530173,-78.86998
Portland Cider Company,1,3,14,12,30,2013,2023,8,Clackamas,Oregon,United States,Active,https://ciderguide.com/portland-cider-company/,http://portlandcider.com/,https://maps.google.com/?cid=5897814277091816079,45.415288,-122.572714
ANXO Cider,1,1,15,13,30,2016,2022,6,Washington,District of Columbia,United States,Active,https://ciderguide.com/anxo-cider/,https://store.anxodc.com/,https://maps.google.com/?cid=10966962293642727498,38.956577,-77.022874
Hogan's Cider,5,4,13,7,29,2011,2019,9,Alcestor,Warwickshire,United Kingdom,Active,https://ciderguide.com/hogans-cider/,http://www.hoganscider.co.uk/,https://maps.google.com/?cid=344551779062280462,52.2205461,-1.8336097
Big Fish Cider Co.,4,8,13,4,29,2016,2023,7,Monterey,Virginia,United States,Active,https://ciderguide.com/big-fish-cider-co/,http://www.bigfishcider.com/,https://maps.google.com/?cid=10686446551531832863,38.412304,-79.58293
Cider Hill Cellars,3,4,16,6,29,2018,2023,5,Amesbury,Massachusetts,United States,Active,https://ciderguide.com/cider-hill-cellars/,http://www.ciderhill.com/,https://maps.google.com/?cid=1807836563570941230,42.875044,-70.926449
Oliver's Cider and Perry,2,3,13,11,29,2009,2019,9,Ocle Pychard,Herefordshire,United Kingdom,Active,https://ciderguide.com/olivers-cider-and-perry/,https://www.oliversciderandperry.co.uk/,https://maps.google.com/?cid=7135495925516207657,52.118645,-2.59315
Cidrerie Verger Bilodeau,2,2,17,8,29,2017,2023,6,Saint-Pierre,Quebec,Canada,Active,https://ciderguide.com/cidrerie-verger-bilodeau/,http://cidreriebilodeau.com/,https://maps.google.com/?cid=13614947233486647877,46.91664,-71.035444
Sapsucker Farms Yellow Belly Cidery,0,3,13,13,29,2017,2023,6,Mora,Minnesota,United States,Active,https://ciderguide.com/sapsucker-farms-yellow-belly-cidery/,https://www.sapsuckerfarms.com/,https://maps.google.com/?cid=10529182272851607589,45.8970174,-93.152247
Empyrical Orchards & Cider,4,7,15,2,28,2019,2023,4,Snohomish,Washington,United States,Active,https://ciderguide.com/empyrical-orchards-cider/,https://www.instagram.com/empyricalcider/,,47.9128756,-122.0981847
Pux Cider,1,3,13,11,28,2016,2023,7,Grand Rapids,Michigan,United States,Active,https://ciderguide.com/pux-cider/,http://puxcider.com/,https://www.google.com/maps?cid=16702208274441786920,42.9683341,-85.640274
Liberty Ciderworks,1,3,11,13,28,2013,2021,8,Spokane,Washington,United States,Active,https://ciderguide.com/liberty-ciderworks/,http://libertycider.com/,https://maps.google.com/?cid=14868081944798289423,47.655356,-117.418438
California Cider Company,0,6,10,12,28,2015,2023,7,Sebastopol,California,United States,Active,https://ciderguide.com/california-cider-company/,http://www.acecider.com/,https://maps.google.com/?cid=5452200526577360272,38.423506,-122.849754
Windy Hill Orchard & Cidery,0,1,12,15,28,2011,2019,9,York,South Carolina,United States,Active,https://ciderguide.com/windy-hill-orchard-cidery/,http://windyhillorchard.com/,https://maps.google.com/?cid=17966007782193084624,35.025033,-81.280415
Jefferson County Ciderworks,3,2,14,8,27,2017,2023,4,Fairfield,Iowa,United States,Active,https://ciderguide.com/jefferson-county-ciderworks/,https://cider.work/,https://maps.google.com/?cid=8237417276158156047,41.017198,-92.018367
KW Craft Cider,0,1,19,6,26,2015,2022,7,Waterloo,Ontario,Canada,Active,https://ciderguide.com/kw-craft-cider/,http://kwcraftcider.com/,,43.508396,-80.543731
Meriwether Cider Company,4,2,14,5,25,2018,2023,5,Garden City,Idaho,United States,Active,https://ciderguide.com/meriwether-cider-company/,http://www.meriwethercider.com/,https://maps.google.com/?cid=7830741432069672416,43.645176,-116.271227
Champlain Orchards,1,5,16,3,25,2013,2023,7,Shoreham,Vermont,United States,Active,https://ciderguide.com/champlain-orchards/,https://www.champlainorchards.com/,https://maps.google.com/?cid=12438523521595198148,43.856854,-73.353028
Urban Tree Hard Cider,2,0,13,9,24,2016,2022,6,Atlanta,Georgia,United States,Active,https://ciderguide.com/urban-tree-hard-cider/,https://urbantreecidery.com/,https://maps.google.com/?cid=8193144976879641306,33.794905,-84.414797
Slake Cider,1,5,10,8,24,2012,2018,6,McMinnville,Oregon,United States,Inactive,https://ciderguide.com/slake-cider/,,,45.215577,-123.197811
Two K Farms,1,4,11,8,24,2019,2023,4,Suttons Bay,Michigan,United States,Active,https://ciderguide.com/two-k-farms/,http://www.twokfarms.com/,https://maps.google.com/?cid=10000035318484135155,44.922709,-85.626569
Cambium Cider Co,1,2,14,7,24,2015,2023,7,Vernon,British Columbia,Canada,Active,https://ciderguide.com/cambium-cider-co/,https://www.cambiumcider.com/,https://maps.google.com/?cid=6249839959535544019,50.2798201,-119.2228203
Distillery Lane Ciderworks,0,2,7,15,24,2011,2017,7,Jefferson,Maryland,United States,Active,https://ciderguide.com/distillery-lane-ciderworks/,http://distillerylaneciderworks.com/,https://maps.google.com/?cid=12697630403393008117,39.386592,-77.620521
Bull City Ciderworks,2,3,10,8,23,2018,2022,4,Lexington,North Carolina,United States,Active,https://ciderguide.com/bull-city-ciderworks/,http://www.bullcityciderworks.com/,https://maps.google.com/?cid=12213813616311713027,35.818872,-80.255816
Citizen Cider,2,0,12,9,23,2016,2021,5,Burlington,Vermont,United States,Active,https://ciderguide.com/citizen-cider/,https://www.citizencider.com/,https://maps.google.com/?cid=705537445817027258,44.470722,-73.214282
Deep Roots Hard Cider,1,1,11,10,23,2016,2023,7,Sugar Run,Pennsylvania,United States,Active,https://ciderguide.com/deep-roots-hard-cider/,https://www.deeprootshardcider.com/,https://maps.google.com/?cid=9648569218795825836,41.606174,-76.228739
Beaver Valley Orchard & Cidery,0,2,3,18,23,2014,2021,7,Kimberley,Ontario,Canada,Inactive,https://ciderguide.com/beaver-valley-orchard-cidery/,,,44.432324,-80.522854
Lost Boy Cider,0,1,15,7,23,2021,2023,3,Alexandria,Virginia,United States,Active,https://ciderguide.com/lost-boy-cider/,https://lostboycider.com/,https://maps.google.com/?cid=2623373656020855749,38.798715,-77.06327
Hazlitt 1852 Vineyards,0,1,12,10,23,2016,2023,7,Naples,New York,United States,Active,https://ciderguide.com/hazlitt-1852-vineyards/,https://hazlitt1852.com/,https://maps.google.com/?cid=5120913070607308492,42.621963,-77.400262
Sidra El Gaitero,1,2,10,9,22,2018,2023,4,Villaviciosa,Gijón,Spain,Active,https://ciderguide.com/sidra-el-gaitero/,https://www.sidraelgaitero.com/,https://maps.google.com/?cid=15753532318992345137,43.4923237,-5.4230532
Number 12 Cider,0,3,14,5,22,2016,2023,5,Minneapolis,Minnesota,United States,Active,https://ciderguide.com/number-12-cider/,http://www.number12ciderhouse.com/,https://maps.google.com/?cid=2535435254747381286,44.9852933,-93.2796211
Townline Ciderworks,0,2,14,6,22,2017,2023,5,Williamsburg,Michigan,United States,Active,https://ciderguide.com/townline-ciderworks/,https://www.townlineciderworks.com/,https://www.google.com/maps?cid=10669443199270117297,44.863802,-85.422672
Thornapple Brewing Company,0,2,8,12,22,2017,2023,6,Grand Rapids,Michigan,United States,Active,https://ciderguide.com/thornapple-brewing-company/,http://www.thornapplebrewing.com/,https://maps.google.com/?cid=9646788014435304722,42.912347,-85.512693
Glacial Till Vineyard & Winery,0,1,14,7,22,2022,2023,2,Ashland,Nebraska,United States,Active,https://ciderguide.com/glacial-till-vineyard-winery/,http://www.glacialtillvineyard.com/,https://maps.google.com/?cid=185099829414435279,41.038896,-96.368951
Bull Run Cider,0,1,9,12,22,2013,2022,7,Forest Grove,Oregon,United States,Active,https://ciderguide.com/bull-run-cider/,http://www.bullruncider.com/,https://maps.google.com/?cid=13917891364878698013,45.523121,-123.106516
Fenceline Cider,0,1,9,12,22,2019,2023,4,Mancos,Colorado,United States,Active,https://ciderguide.com/fenceline-cider/,https://www.fenceline.co/,https://maps.google.com/?cid=10459681325423767911,37.344471,-108.28887
Suttons Bay Ciders,2,0,9,10,21,2017,2023,5,Suttons Bay,Michigan,United States,Active,https://ciderguide.com/suttons-bay-ciders/,http://suttonsbayciders.com/,https://maps.google.com/?cid=15136373870466556438,44.905766,-85.643616
Vala's Orchard Cider,1,4,7,9,21,2021,2023,3,Gretna,Nebraska,United States,Active,https://ciderguide.com/valas-orchard-cider/,https://www.valasappleorchard.com/,https://maps.google.com/?cid=15056510891597103165,41.1285802,-96.1989432
Brickworks Ciderhouse,1,3,9,8,21,2016,2022,5,Toronto,Ontario,Canada,Active,https://ciderguide.com/brickworks-ciderhouse/,http://theciderhouse.ca/,https://maps.google.com/?cid=4965054275523318727,43.718379,-79.312625
Noble Cider,1,3,9,8,21,2016,2023,6,Asheville,North Carolina,United States,Active,https://ciderguide.com/noble-cider/,http://www.noblecider.com/,https://maps.google.com/?cid=10806279487860629423,35.602136,-82.62465
Blue Toad Hard Cider,1,2,6,12,21,2017,2023,6,Rochester,New York,United States,Active,https://ciderguide.com/blue-toad-hard-cider/,http://www.bluetoadhardcider.com/,https://maps.google.com/?cid=2000687378707214384,43.091407,-77.618983
Original Sin Cider,0,4,13,4,21,2009,2023,7,New York,New York,United States,Active,https://ciderguide.com/original-sin-cider/,http://www.origsin.com/,,40.733215,-73.991496
Phillips Orchards & Cider Mill,0,1,14,6,21,2019,2023,4,St Johns,Michigan,United States,Active,https://ciderguide.com/phillips-orchards-cider-mill/,http://www.phillipsorchards.com/,https://maps.google.com/?cid=7103527741412567137,43.1177,-84.563483
Teal Cider,0,1,10,10,21,2017,2021,4,Dolores,Colorado,United States,Inactive,https://ciderguide.com/teal-cider/,,,37.4715586,-108.6286897
Grey & Gold Cider,2,3,6,9,20,2017,2023,5,Clarksburg,Ontario,Canada,Active,https://ciderguide.com/grey-gold-cider/,https://greyandgoldcider.com/,https://maps.google.com/?cid=15577698127219327031,44.526397,-80.4657931
Sidra Trabanco,2,2,8,8,20,2014,2019,6,Llavandera,Gijón,Spain,Active,https://ciderguide.com/sidra-trabanco/,http://www.sidratrabanco.com/,https://maps.google.com/?cid=8706552013547802387,43.4704387,-5.6447197
Mcintosh Cellars,1,2,7,10,20,2006,2019,9,South Haven,Michigan,United States,Inactive,https://ciderguide.com/mcintosh-cellars/,,,42.469453,-86.170857
Pommies Cider Co.,0,1,7,12,20,2013,2018,6,Caledon,Ontario,Canada,Active,https://ciderguide.com/pommies-cider-co/,http://pommies.com/,https://maps.google.com/?cid=9029954072036938258,43.863806,-79.720618
Peat's Original Cider,2,2,9,6,19,2018,2023,4,Stevensville,Michigan,United States,Active,https://ciderguide.com/peats-original-cider/,https://www.peatscider.com/,https://maps.google.com/?cid=514098553520201660,42.0052528,-86.5306091
Incline Cider Company,1,2,11,5,19,2017,2023,4,Auburn,Washington,United States,Active,https://ciderguide.com/incline-cider-company/,http://www.inclinecider.com/,https://maps.google.com/?cid=504944612388443997,47.307323,-122.228453
Windswept Orchard Cider,1,2,7,9,19,2017,2022,4,Meaford,Ontario,Canada,Active,https://ciderguide.com/windswept-orchard-cider/,https://windsweptcider.com/,https://maps.google.com/?cid=3358706165159189619,44.5544537,-80.5405778
James Creek Cider House,1,0,8,10,19,2016,2023,5,Cameron,North Carolina,United States,Active,https://ciderguide.com/james-creek-cider-house/,https://jamescreekciderhouse.com/,https://maps.google.com/?cid=8654485681895206331,35.336069,-79.245782
Blackgrass Ciderworks,0,0,7,12,19,2021,2023,3,Birmingham,Michigan,United States,Active,https://ciderguide.com/blackgrass-ciderworks/,https://www.blackgrasscider.com/,https://maps.google.com/?cid=706094858439654713,42.543611,-83.195536
Meckley's Cidery,0,0,4,15,19,2013,2016,4,Cement City,Michigan,United States,Active,https://ciderguide.com/meckleys-cidery/,http://flavorfruitfarm.com/,https://maps.google.com/?cid=3784686605669895808,42.058904,-84.405962
Twisted Hills Craft Cider,3,2,8,5,18,2016,2019,4,Cawston,British Columbia,Canada,Active,https://ciderguide.com/twisted-hills-craft-cider/,http://www.twistedhills.ca/,https://goo.gl/maps/ATyZi7rAGmF2,49.180058,-119.748837
Dragon's Head Cider,3,0,7,8,18,2017,2021,4,Vashon,Washington,United States,Active,https://ciderguide.com/dragons-head-cider/,http://www.dragonsheadcider.com/,https://maps.google.com/?cid=2526574753760904159,47.441428,-122.473876
EsoTerra Ciderworks,2,1,9,6,18,2021,2022,2,Dolores,Colorado,United States,Active,https://ciderguide.com/esoterra-ciderworks/,https://www.esoterracider.com/,https://maps.google.com/?cid=13207529786496797112,37.4761004,-108.4837559
Montana CiderWorks,1,5,7,5,18,2012,2023,8,Darby,Montana,United States,Active,https://ciderguide.com/montana-ciderworks/,http://montanacider.com/,,45.965401,-114.11709
Spirit Tree Estate Cidery,0,2,7,9,18,2011,2017,6,Caledon,Ontario,Canada,Active,https://ciderguide.com/spirit-tree-estate-cidery/,https://spirittreecider.com/,https://www.google.com/maps?cid=4800485022282341419,43.757858,-79.9424878
Green Bench Brewing Co.,0,1,12,5,18,2019,2023,4,St. Petersburg,Florida,United States,Active,https://ciderguide.com/green-bench-brewing-co/,https://www.greenbenchbrewing.com/,https://maps.google.com/?cid=4473987284585319628,27.771864,-82.650644
Ficklewood Ciderworks,0,1,11,6,18,2021,2022,2,Long Beach,California,United States,Active,https://ciderguide.com/ficklewood-ciderworks/,https://www.ficklewood.com/,https://maps.google.com/?cid=8938745528458908708,33.7691676,-118.1833942
Forgotten Ciders,0,0,7,11,18,2015,2018,4,Wheeler,Michigan,United States,Inactive,https://ciderguide.com/forgotten-ciders/,,,43.466119,-84.411417
Loch Mór Cider Co.,4,3,9,1,17,2021,2023,3,Wellington,Ontario,Canada,Active,https://ciderguide.com/loch-mor-cider-co/,https://www.lochmorcider.com/,https://maps.google.com/?cid=229164614362981916,43.9714686,-77.3895588
Yip Cider,2,1,9,5,17,2018,2023,4,Long Reach,New Brunswick,Canada,Active,https://ciderguide.com/yip-cider/,https://www.yipcider.ca/,https://maps.google.com/?cid=1920043308854719127,45.448198,-66.121387
Journey North Cider Co.,0,1,10,6,17,2021,2022,2,Bonnyville,Alberta,Canada,Active,https://ciderguide.com/journey-north-cider-co/,https://www.journeynorth.ca/,https://maps.google.com/?cid=14080665481547499862,54.2321434,-110.8326035
Hawk Knob,0,1,8,8,17,2016,2021,5,Lewisburg,West Virginia,United States,Active,https://ciderguide.com/hawk-knob/,http://www.hawkknob.com/,https://maps.google.com/?cid=14199522505934474826,37.811476,-80.50273
Spicer's Winery,0,1,5,11,17,2009,2016,7,Fenton,Michigan,United States,Active,https://ciderguide.com/spicers-winery/,http://www.spicerorchards.com/,https://maps.google.com/?cid=3119499086024195213,42.677486,-83.751844
Sonoma Cider,0,0,7,10,17,2015,2017,3,Fresno,California,United States,Inactive,https://ciderguide.com/sonoma-cider/,,,36.7270581,-119.7906887
Wooden Gate Cider,1,1,7,7,16,2022,2023,2,Pilot Mound,Manitoba,Canada,Active,https://ciderguide.com/wooden-gate-cider/,http://woodengatecider.ca/,https://maps.google.com/?cid=11406859459217810151,49.2022693,-98.8931669
Apple Valley Cider Company,1,1,4,10,16,2019,2023,4,Penrose,Colorado,United States,Active,https://ciderguide.com/apple-valley-cider-company/,http://www.applevalleycider.com/,https://maps.google.com/?cid=8798456079688966999,38.425243,-105.026257
Wyndridge Farm,0,2,10,4,16,2016,2021,4,Dallastown,Pennsylvania,United States,Active,https://ciderguide.com/wyndridge-farm/,http://wyndridge.com/,https://maps.google.com/?cid=5379105300822108832,39.884193,-76.648405
Wilson's Orchard & Farm,0,1,11,4,16,2022,2022,1,Iowa City,Iowa,United States,Active,https://ciderguide.com/wilsons-orchard-farm/,http://www.wilsonsorchard.com/,https://maps.google.com/?cid=15844830079220583855,41.72032,-91.460991
Appleholic Cider Company,0,0,7,9,16,2018,2021,3,Leland,Michigan,United States,Inactive,https://ciderguide.com/appleholic-cider-company/,,,45.02296,-85.7602
C Squared Ciders,3,1,5,6,15,2016,2019,4,Denver,Colorado,United States,Inactive,https://ciderguide.com/c-squared-ciders/,,,39.762816,-104.984037
Ragged Hill Cider,1,3,2,9,15,2018,2023,5,West Brookfield,Massachusetts,United States,Active,https://ciderguide.com/ragged-hill-cider/,https://www.raggedhillcider.com/,https://maps.google.com/?cid=12743756096350248911,42.269444,-72.168979
Presque Isle Farm Cider,1,2,9,3,15,2021,2023,3,Posen,Michigan,United States,Active,https://ciderguide.com/presque-isle-farm-cider/,http://www.presqueislefarm.com/,https://www.google.com/maps?cid=15894467625268036242,45.25734,-83.59946
Papa Moon Vineyards & Winery,1,2,5,7,15,2021,2023,3,Scottsbluff,Nebraska,United States,Active,https://ciderguide.com/papa-moon-vineyards-winery/,https://www.papamoonvineyards.com/,https://maps.google.com/?cid=16564507604611639866,41.8877158,-103.6176699
Mountain West Cider Company,1,0,8,6,15,2016,2023,3,Salt Lake City,Utah,United States,Active,https://ciderguide.com/mountain-west-cider-company/,http://mountainwestcider.com/,https://maps.google.com/?cid=16538924633378887108,40.778772,-111.903037
Slabtown Cider Co.,0,2,7,6,15,2023,2023,1,Uxbridge,Ontario,Canada,Active,https://ciderguide.com/slabtown-cider-co/,https://www.slabtowncider.com/,https://maps.google.com/?cid=16401648239759014466,44.0606307,-79.1247329
Reverend Nat's Hard Cider,0,2,5,8,15,2013,2016,4,Portland,Oregon,United States,Inactive,https://ciderguide.com/reverend-nats-hard-cider/,,,45.5050424,-122.6278162
Shiny Apple Cider,0,1,8,6,15,2016,2023,4,Niagara-on-the-Lake,Ontario,Canada,Active,https://ciderguide.com/shiny-apple-cider/,http://www.shinyapplecider.com/,https://goo.gl/maps/K6iMob5ZhvF2,43.223863,-79.171489
Bishops Orchards Winery,0,1,2,12,15,2014,2016,3,Guilford,Connecticut,United States,Active,https://ciderguide.com/bishops-orchards-winery/,http://bishopsorchards.com/,https://maps.google.com/?cid=8883870059034000823,41.289934,-72.694687
Waves Cider Co.,0,0,9,6,15,2021,2023,3,Columbia,Missouri,United States,Active,https://ciderguide.com/waves-cider-co/,https://www.wavescider.com/,https://maps.google.com/?cid=14648885420033365453,38.9655649,-92.3297892
Sidra Mayador,4,1,4,5,14,2016,2022,6,La Rasa,Villaviciosa,Spain,Active,https://ciderguide.com/sidra-mayador/,http://www.mayador.com/,https://maps.google.com/?cid=6886369759358960464,43.514985,-5.330323
Scenic Road Cider Co.,2,1,10,1,14,2017,2021,4,Kelowna,British Columbia,Canada,Active,https://ciderguide.com/scenic-road-cider-co/,https://scenicroadcider.com/,https://maps.google.com/?cid=1733637164282947547,49.931257,-119.421347
Elk Horn Brewery & Ciderhouse,2,0,3,9,14,2017,2022,3,Eugene,Oregon,United States,Active,https://ciderguide.com/elk-horn-brewery-ciderhouse/,http://www.elkhornbrewery.com/,https://maps.google.com/?cid=3806213339852533020,44.049648,-123.082413
Tulip Valley Vineyard & Orchard,1,4,5,4,14,2005,2023,10,Mt Vernon,Washington,United States,Active,https://ciderguide.com/tulip-valley-vineyard-orchard/,http://www.tulipvalley.net/,https://maps.google.com/?cid=5991272797234687283,48.443719,-122.396515
Door Peninsula Winery,1,3,5,5,14,2018,2023,4,Sturgeon Bay,Wisconsin,United States,Active,https://ciderguide.com/door-peninsula-winery/,https://www.dcwine.com/,https://maps.google.com/?cid=16489357803980221372,44.951804,-87.336352
Stoic Cider,1,2,8,3,14,2018,2023,4,Prescott,Arizona,United States,Active,https://ciderguide.com/stoic-cider/,http://stoiccider.com/,https://maps.google.com/?cid=17055851363950061801,34.748157,-112.670676
Nashi Orchards,1,2,6,5,14,2016,2022,4,Vashon,Washington,United States,Active,https://ciderguide.com/nashi-orchards/,http://www.nashiorchards.com/,https://maps.google.com/?cid=12360902013052761069,47.375697,-122.504058
The Cider Farm,1,1,8,4,14,2014,2023,3,Mineral Point,Wisconsin,United States,Active,https://ciderguide.com/the-cider-farm/,http://www.theciderfarm.com/,https://maps.google.com/?cid=4628939322097981132,42.859997,-90.179847
Chain Yard Urban Cidery,0,2,9,3,14,2019,2022,2,Halifax,Nova Scotia,Canada,Active,https://ciderguide.com/chain-yard-urban-cidery/,http://chainyardcider.com/,https://maps.google.com/?cid=4454532663694829560,44.655537,-63.593991
Offset Ciderworks,0,1,9,4,14,2021,2023,2,Seattle,Washington,United States,Active,https://ciderguide.com/offset-ciderworks/,https://shopoffsetciderworks.com/,,47.8028091,-122.3228434
Aspall,0,1,7,6,14,2009,2012,3,Debenham,Suffolk,United Kingdom,Active,https://ciderguide.com/aspall/,http://www.aspall.co.uk/,https://maps.google.com/?cid=12281573289882642327,52.2435749,1.1787641
Sietsema Orchards,0,1,5,8,14,2013,2018,6,Ada,Michigan,United States,Inactive,https://ciderguide.com/sietsema-orchards/,,,43.000772,-85.459472
45 North Vineyard & Winery,0,0,8,6,14,2016,2019,4,Lake Leelanau,Michigan,United States,Active,https://ciderguide.com/45-north-vineyard-winery/,https://fortyfivenorth.com/,https://maps.google.com/?cid=11817740184078021050,45.002103,-85.681943
Cider Riot!,0,0,5,9,14,2015,2019,4,Portland,Oregon,United States,Inactive,https://ciderguide.com/cider-riot/,,,45.523854,-122.657297
Le Père Jules,3,2,7,1,13,2014,2017,3,Saint Desir de Lisieux,Calvados,France,Active,https://ciderguide.com/le-pere-jules/,http://www.calvados-leperejules.com/,https://maps.google.com/?cid=13505988202545080748,49.157696,0.1960087
Annapolis Cider Company,2,2,6,3,13,2017,2023,2,Wolfville,Nova Scotia,Canada,Active,https://ciderguide.com/annapolis-cider-company/,http://drinkannapolis.ca/,https://maps.google.com/?cid=7381602210087700913,45.09178,-64.360279
Celtic Marches,2,1,5,5,13,2018,2021,3,Bishops Frome,Worcestershire,United Kingdom,Active,https://ciderguide.com/celtic-marches/,http://www.celticmarches.com/,https://maps.google.com/?cid=14163451376835523124,52.1392063,-2.4991058
Bulwark Cider,2,0,3,8,13,2016,2018,3,New Ross,Nova Scotia,Canada,Active,https://ciderguide.com/bulwark-cider/,https://bulwarkcider.com/,https://maps.google.com/?cid=9582388698593505547,44.822603,-64.506287
Heeman's,1,2,8,2,13,2021,2023,3,Thorndale,Ontario,Canada,Active,https://ciderguide.com/heemans/,https://heeman.ca/,https://maps.google.com/?cid=6514751524906368604,43.0407802,-81.1242136
Atlanta Hard Cider Co.,1,1,11,0,13,2019,2023,4,Atlanta,Georgia,United States,Active,https://ciderguide.com/atlanta-hard-cider-co/,https://www.atlantahardcider.com/,https://www.google.com/maps?cid=15330589380276964489,33.9507273,-84.52255
County Cider Company,1,0,8,4,13,2011,2017,4,Waupoos,Ontario,Canada,Active,https://ciderguide.com/county-cider-company/,http://www.countycider.com/,https://maps.google.com/?cid=64fedff712d6895c,44.020608,-76.962788
Tideview Cider,1,0,7,5,13,2009,2014,4,Greenwich,Nova Scotia,Canada,Inactive,https://ciderguide.com/tideview-cider/,,,45.08312,-64.402318
Pencil Hound Ciders,0,2,7,4,13,2021,2022,2,Dolores,Colorado,United States,Inactive,https://ciderguide.com/pencil-hound-ciders/,,,37.4762645,-108.4837614
Niagara Cider Company,0,1,10,2,13,2019,2022,3,Niagara Falls,Ontario,Canada,Active,https://ciderguide.com/niagara-cider-company/,https://niagaracidercompany.com/,https://maps.google.com/?cid=203880754587664730,43.0550484,-79.1308663
Wild State Cider,0,0,9,4,13,2021,2023,3,Duluth,Minnesota,United States,Active,https://ciderguide.com/wild-state-cider/,https://www.wildstatecider.com/,https://maps.google.com/?cid=9071493292280533216,46.762891,-92.130134
Big Hill Ciderworks,0,0,6,7,13,2014,2019,5,Gardners,Pennsylvania,United States,Active,https://ciderguide.com/big-hill-ciderworks/,https://www.bighillcider.com/,https://maps.google.com/?cid=11839293456795799865,40.0277976,-77.2135009
Ferme de la Sapinière,0,0,5,8,13,2014,2018,5,Saint-Laurent-sur-Mer,Calvados,France,Active,https://ciderguide.com/ferme-de-la-sapiniere/,https://www.producteur-cidre.com/,https://maps.google.com/?cid=13033032790677741913,49.3561555,-0.8754963
Treasury Cider at Fishkill Farms,0,0,4,9,13,2018,2022,4,Hopewell Junction,New York,United States,Active,https://ciderguide.com/treasury-cider-at-fishkill-farms/,http://www.treasurycider.com/,https://maps.google.com/?cid=14255088451627296241,41.517826,-73.823327
Puddicombe Estate Farm,0,0,3,10,13,2012,2019,5,Winona,Ontario,Canada,Active,https://ciderguide.com/puddicombe-estate-farm/,http://www.puddicombefarms.com/,https://maps.google.com/?cid=9812398427753964589,43.2048937,-79.6336935
Patriots' Heritage Cider,0,0,2,11,13,2017,2021,4,Schaghticoke,New York,United States,Active,https://ciderguide.com/patriots-heritage-cider/,http://www.phcider.com/,https://maps.google.com/?cid=9501972355619759078,42.8848347,-73.5781383
Dunkertons Cider and Perry,4,0,3,5,12,2017,2021,4,Cheltenham,Herefordshire,United Kingdom,Active,https://ciderguide.com/dunkertons-cider-and-perry/,https://www.dunkertonscider.co.uk/,https://maps.google.com/?cid=4719921113153419800,51.8771374,-2.0279869
Sidewood Estate,3,1,5,3,12,2018,2023,4,Hahndorf,South Australia,Australia,Active,https://ciderguide.com/sidewood-estate/,https://sidewood.com.au/,https://maps.google.com/?cid=16006910239256404559,-35.0207278,138.7945874
Maiden Rock Winery & Cidery,2,1,6,3,12,2011,2023,8,Stockholm,Wisconsin,United States,Active,https://ciderguide.com/maiden-rock-winery-cidery/,http://www.maidenrockwinerycidery.com/,https://maps.google.com/?cid=3321455700224536041,44.515238,-92.268117
Red Rover Craft Cider,2,1,1,8,12,2016,2019,4,Fredericton,New Brunswick,Canada,Active,https://ciderguide.com/red-rover-craft-cider/,http://www.redroverbrew.com/,https://maps.google.com/?cid=629976877139615301,45.961532,-66.640062
Michigan Wine Company,1,2,7,2,12,2019,2023,4,Fennville,Michigan,United States,Active,https://ciderguide.com/michigan-wine-company/,https://www.michiganwineco.com/,https://maps.google.com/?cid=8962454315572292380,42.5945628,-86.2096112
Ragged and Right Cider Project,1,1,7,3,12,2021,2022,2,Mount Vernon,Washington,United States,Active,https://ciderguide.com/ragged-and-right-cider-project/,http://www.farmstrongbrewing.com/,https://maps.google.com/?cid=9734737069805633605,48.442772,-122.342298
Square Mile Cider,1,0,5,6,12,2015,2019,5,Portland,Oregon,United States,Active,https://ciderguide.com/square-mile-cider/,https://www.squaremilecider.com/,https://maps.google.com/?cid=1334101927022279814,45.541124,-122.676595
Avid Cider,1,0,4,7,12,2014,2023,3,Bend,Oregon,United States,Active,https://ciderguide.com/avid-cider/,https://avidcider.com/,,44.0509307,-121.3144074
Collective Arts Brewing,0,1,7,4,12,2017,2021,4,Hamilton,Ontario,Canada,Active,https://ciderguide.com/collective-arts-brewing/,http://collectiveartsbrewing.com/,https://maps.google.com/?cid=9920654321167470617,43.27079,-79.852716
Ridge Cider Co.,0,0,6,6,12,2016,2019,4,Grant,Michigan,United States,Inactive,https://ciderguide.com/ridge-cider-co/,,,43.308463,-85.809504
The Great Canadian Cider Company,0,0,6,6,12,2017,2019,3,Collingwood,Ontario,Canada,Inactive,https://ciderguide.com/the-great-canadian-cider-company/,,,44.4883641,-80.1988175
Common Cider Company,0,0,5,7,12,2015,2018,3,Auburn,California,United States,Inactive,https://ciderguide.com/common-cider-company/,,,38.950812,-121.084227
Bryant's Cider,0,0,4,8,12,2019,2022,3,Roseland,Virginia,United States,Active,https://ciderguide.com/bryants-cider/,https://bryantscider.com/,https://maps.google.com/?cid=15598469607243113479,37.797413,-78.939801
Space Time Mead & Cider Works,0,0,4,8,12,2019,2023,4,Dunmore,Pennsylvania,United States,Active,https://ciderguide.com/space-time-mead-cider-works/,http://www.spacetimemeadworks.com/,https://maps.google.com/?cid=357847721777965657,41.4172242,-75.6350154
Methow Valley Ciderhouse,1,1,4,5,11,2013,2018,5,Winthrop,Washington,United States,Active,https://ciderguide.com/methow-valley-ciderhouse/,https://methowvalleyciderhousellc.com/,https://maps.google.com/?cid=17865926054259925025,48.477133,-120.186948
Toboggan Brewing Co.,1,0,7,3,11,2016,2023,3,London,Ontario,Canada,Active,https://ciderguide.com/toboggan-brewing-co/,http://www.tobogganbrewing.com/,https://goo.gl/maps/ANvqQbR6UHL2,42.989853,-81.251191
Bent Ladder,1,0,6,4,11,2019,2023,3,Doylestown,Ohio,United States,Active,https://ciderguide.com/bent-ladder/,http://bentladder.com/,https://maps.google.com/?cid=5886580381731979881,40.9646071,-81.739989
Northern Natural Cider House & Winery,0,2,3,6,11,2013,2017,5,Kaleva,Michigan,United States,Active,https://ciderguide.com/northern-natural-cider-house-winery/,http://www.northernnaturalwinery.com/,https://maps.google.com/?cid=17749341957373928380,44.3464985,-86.1020865
Descendant Cider Company,0,1,7,3,11,2015,2018,4,Maspeth,New York,United States,Inactive,https://ciderguide.com/descendant-cider-company/,,,40.714463,-73.914203
Wise Bird Cider,0,1,7,3,11,2021,2023,3,Lexington,Kentucky,United States,Active,https://ciderguide.com/wise-bird-cider/,https://www.wisebirdcider.com/,https://maps.google.com/?cid=15445502611486474709,38.055559,-84.517713
Uncommon Cider Co.,0,1,6,4,11,2017,2021,3,Calgary,Alberta,Canada,Active,https://ciderguide.com/uncommon-cider-co/,https://uncommoncider.com/,https://www.google.com/maps?cid=10085150109099679201,51.0187544,-114.0596605
Etta Place Cider,0,1,5,5,11,2021,2023,3,Torrey,Utah,United States,Active,https://ciderguide.com/etta-place-cider/,https://www.ettaplacecider.com/,https://www.google.com/maps?cid=17644395314626791133,38.299562,-111.4351606
Lassen Traditional Cider,0,1,3,7,11,2017,2023,6,Chico,California,United States,Active,https://ciderguide.com/lassen-traditional-cider/,https://www.lassencider.com/,https://maps.google.com/?cid=10315637006146688710,39.714697,-121.820272
ShipBuilders Cider,0,0,6,5,11,2015,2019,4,Halifax,Nova Scotia,Canada,Active,https://ciderguide.com/shipbuilders-cider/,http://www.shipbuilderscider.ca/,https://goo.gl/maps/jw6eGr87eeR2,44.649288,-63.574042
Runcible Cider,0,0,4,7,11,2017,2023,4,Mosier,Oregon,United States,Active,https://ciderguide.com/runcible-cider/,https://www.runciblecider.com/,https://maps.google.com/?cid=15182592417091165603,45.673003,-121.408294
Spring Hill Cider Works,0,0,4,7,11,2017,2023,6,Geneva,Ohio,United States,Active,https://ciderguide.com/spring-hill-cider-works/,http://www.thewineryatspringhill.com/,https://maps.google.com/?cid=3444189531624313783,41.781744,-80.97225
Tractor Brewing Company,0,0,4,7,11,2017,2019,3,Albuquerque,New Mexico,United States,Active,https://ciderguide.com/tractor-brewing-company/,https://getplowed.com/,https://maps.google.com/?cid=3753383082862892137,35.102281,-106.647915
Coffin Ridge Boutique Winery,2,0,7,1,10,2017,2019,2,Annan,Ontario,Canada,Active,https://ciderguide.com/coffin-ridge-boutique-winery/,https://www.coffinridge.ca/,https://maps.google.com/?cid=12219814321638852363,44.663372,-80.77569
Once Upon A Tree,1,1,5,3,10,2019,2021,2,Ledbury,Herefordshire,United Kingdom,Active,https://ciderguide.com/once-upon-a-tree/,http://www.onceuponatree.co.uk/,https://maps.google.com/?cid=11149272018130031953,52.039172,-2.5093398
Duluth Cider,1,1,3,5,10,2021,2023,3,Duluth,Minnesota,United States,Active,https://ciderguide.com/duluth-cider/,https://duluthcider.com/,https://maps.google.com/?cid=3814310496447641516,46.764947,-92.127394
Sidra Riestra,1,0,8,1,10,2013,2019,6,Sariego,Asturias,Spain,Active,https://ciderguide.com/sidra-riestra/,http://www.sidrariestra.com/,https://maps.google.com/?cid=2253085342105400787,43.416536,-5.580949
Sidra Viuda de Angelón,0,2,5,3,10,2013,2017,4,Nava,Asturias,Spain,Active,https://ciderguide.com/sidra-viuda-de-angelon/,http://www.sidraviudaangelonpomar.es/,https://maps.google.com/?cid=13173562328637195239,43.367684,-5.523426
Coteau Rougemont,0,2,4,4,10,2016,2017,2,Rougemont,Quebec,Canada,Active,https://ciderguide.com/coteau-rougemont/,https://www.coteaurougemont.ca/,https://www.google.com/maps?cid=8074777431752004247,45.4513635,-73.0422493
Rhinegeist Brewery,0,1,6,3,10,2017,2022,3,Cincinnati,Ohio,United States,Active,https://ciderguide.com/rhinegeist-brewery/,http://www.rhinegeist.com/,https://maps.google.com/?cid=4624817204033581156,39.117266,-84.520101
Ricker Hill,0,1,6,3,10,2016,2018,3,Turner,Maine,United States,Active,https://ciderguide.com/ricker-hill/,http://www.rickershardcider.com/,https://maps.google.com/?cid=18164962847201727107,44.26588,-70.280404
Cascade Winery & Sierra Rose Ciders,0,1,5,4,10,2006,2023,5,Grand Rapids,Michigan,United States,Active,https://ciderguide.com/cascade-winery-sierra-rose-ciders/,http://www.sierrarosewinery.com/,https://maps.google.com/?cid=15952962754429138350,42.878915,-85.562785
Alpenfire Cider,0,1,4,5,10,2011,2017,5,Port Townsend,Washington,United States,Active,https://ciderguide.com/alpenfire-cider/,https://www.alpenfirecider.com/,https://maps.google.com/?cid=13194604853315575065,48.082401,-122.87609
Buskey Cider,0,1,3,6,10,2017,2023,4,Richmond,Virginia,United States,Active,https://ciderguide.com/buskey-cider/,http://www.buskeycider.com/,https://maps.google.com/?cid=13409179490228723913,37.566063,-77.46914
GoodRoad Ciderworks,0,1,3,6,10,2017,2018,2,Charlotte,North Carolina,United States,Inactive,https://ciderguide.com/goodroad-ciderworks/,,,35.184917,-80.879441
Humboldt Cider Company,0,1,3,6,10,2015,2017,3,Eureka,California,United States,Active,https://ciderguide.com/humboldt-cider-company/,https://www.instagram.com/humboldtcidercompany/,https://www.google.com/maps?cid=9833726366522566502,40.7817209,-124.1298735
White Winter Winery,0,1,3,6,10,2005,2023,6,Iron River,Wisconsin,United States,Active,https://ciderguide.com/white-winter-winery/,https://whitewinter.com/,https://maps.google.com/?cid=13642608818447326025,46.565581,-91.418129
Blue Bee Cider,0,0,6,4,10,2014,2022,3,Richmond,Virginia,United States,Active,https://ciderguide.com/blue-bee-cider/,http://www.bluebeecider.com/,https://maps.google.com/?cid=17761175602688407320,37.5665383,-77.4722241
Brix Cider,0,0,6,4,10,2017,2019,3,Mount Horeb,Wisconsin,United States,Active,https://ciderguide.com/brix-cider/,https://brixcider.com/,https://maps.google.com/?cid=784869786614677207,43.007126,-89.737751
Texas Keeper Cider,0,0,5,5,10,2015,2016,2,Manchaca,Texas,United States,Active,https://ciderguide.com/texas-keeper-cider/,http://www.texaskeeper.com/,https://maps.google.com/?cid=4878585715150481608,30.125459,-97.818789
Shoal Hope Ciderworks,0,0,4,6,10,2018,2021,3,Provincetown,Massachusetts,United States,Inactive,https://ciderguide.com/shoal-hope-ciderworks/,,,42.057719,-70.188488
Flat Rock Cider Company,0,0,2,8,10,2021,2023,3,Hendersonville,North Carolina,United States,Active,https://ciderguide.com/flat-rock-cider-company/,https://www.flatrockcidercompany.com/,,35.315966,-82.460411
Cidrerie Entre Pierre & Terre,1,0,7,1,9,2013,2016,4,Hinchinbrooke,Quebec,Canada,Active,https://ciderguide.com/cidrerie-entre-pierre-terre/,http://vindefruit.ca/,https://maps.google.com/?cid=16856277496706974032,45.027494,-73.937
Potter's Craft Cider,0,2,6,1,9,2019,2021,2,Charlottesville,Virginia,United States,Active,https://ciderguide.com/potters-craft-cider/,https://potterscraftcider.com/,https://maps.google.com/?cid=5866852060832925678,37.9986534,-78.5798492
Treehorn Cider,0,2,6,1,9,2018,2019,2,Marietta,Georgia,United States,Active,https://ciderguide.com/treehorn-cider/,http://www.treehorncider.com/,https://maps.google.com/?cid=14919543020537044132,33.942771,-84.514319
Fieldstone Hard Cider Co.,0,2,5,2,9,2017,2019,3,Rochester,Michigan,United States,Inactive,https://ciderguide.com/fieldstone-hard-cider-co/,,,42.678876,-83.134079
Seminary Hill Orchard & Cidery,0,1,6,2,9,2022,2023,2,Callicoon,New York,United States,Active,https://ciderguide.com/seminary-hill-orchard-cidery/,https://www.seminaryhill.co/,https://maps.google.com/?cid=2014295545037325417,41.7743187,-75.0549915
Diskin Cider,0,1,4,4,9,2019,2021,2,Nashville,Tennessee,United States,Active,https://ciderguide.com/diskin-cider/,http://www.diskincider.com/,https://maps.google.com/?cid=5465208715637137113,36.140849,-86.769778
Le Flanc Nord Verger & Cidrerie,0,1,4,4,9,2015,2018,4,Mont-Saint-Hilaire,Quebec,Canada,Active,https://ciderguide.com/le-flanc-nord-verger-cidrerie/,http://www.vergerduflancnord.com/,https://goo.gl/maps/WA1Kjax1w7u,45.572002,-73.155988
Liquid Alchemy Beverages,0,1,4,4,9,2018,2023,3,Wilmington,Delaware,United States,Active,https://ciderguide.com/liquid-alchemy-beverages/,https://www.liquidalchemybeverages.com/,https://maps.google.com/?cid=17392171192902258223,39.729206,-75.580718
Cider Brothers,0,1,3,5,9,2015,2017,3,Walnut Creek,California,United States,Inactive,https://ciderguide.com/cider-brothers/,,,37.900624,-122.061308
Old Hill Cider,0,1,1,7,9,2014,2018,3,Timberville,Virginia,United States,Active,https://ciderguide.com/old-hill-cider/,https://www.showaltersorchard.com/,https://maps.google.com/?cid=9342034920472670388,38.667709,-78.797062
Minneapolis Cider Company,0,0,7,2,9,2016,2023,3,Minneapolis,Minnesota,United States,Active,https://ciderguide.com/minneapolis-cider-company/,https://minneapoliscider.co/,https://maps.google.com/?cid=7331255600636952675,44.977753,-93.265011
Brew Lab 101 Beer & Cider Co.,0,0,6,3,9,2022,2023,2,Rio Rancho,New Mexico,United States,Active,https://ciderguide.com/brew-lab-101-beer-cider-co/,https://brewlab101.com/,https://maps.google.com/?cid=11422620826361494418,35.2432541,-106.6693816
Peninsula Cellars,0,0,6,3,9,2021,2022,2,Traverse City,Michigan,United States,Active,https://ciderguide.com/peninsula-cellars/,https://www.peninsulacellars.com/,https://maps.google.com/?cid=14729173182155147473,44.854006,-85.527215
Boss Cider Company,0,0,5,4,9,2022,2022,1,Leslie,Michigan,United States,Active,https://ciderguide.com/boss-cider-company/,https://www.bosscider.com/,https://maps.google.com/?cid=1969051789610674635,42.450331,-84.431688
Ash & Elm Cider Company,0,0,4,5,9,2017,2019,3,Indianapolis,Indiana,United States,Active,https://ciderguide.com/ash-elm-cider-company/,http://www.ashandelmcider.com/,https://maps.google.com/?cid=9920873955827748956,39.768019,-86.125256
Kaneb Orchards,0,0,4,5,9,2015,2018,4,Massena,New York,United States,Active,https://ciderguide.com/kaneb-orchards/,http://www.kaneborchards.com/,https://maps.google.com/?cid=102588345374024107,44.945459,-74.853156
Sly Clyde Ciderworks,0,0,4,5,9,2019,2021,2,Hampton,Virginia,United States,Active,https://ciderguide.com/sly-clyde-ciderworks/,https://www.slyclyde.com,https://maps.google.com/?cid=17208921279176695082,37.01651,-76.319663
Sycamore Ranch Vineyard & Winery,0,0,3,6,9,2021,2021,1,Crestline,California,United States,Active,https://ciderguide.com/sycamore-ranch-vineyard-winery/,https://www.sycamoreranch.com/,https://maps.google.com/?cid=4629670403061835718,34.2532057,-117.2588613
Heartwood Farm & Cidery,0,0,1,8,9,2017,2019,3,Acton,Ontario,Canada,Active,https://ciderguide.com/heartwood-farm-cidery/,https://heartwoodfarm.ca/,https://maps.google.com/?cid=16425423652702736489,43.7010152,-80.1395598
Sierra Cider,3,1,2,2,8,2017,2019,3,Mariposa,California,United States,Active,https://ciderguide.com/sierra-cider/,http://sierracider.com/,https://maps.google.com/?cid=4945510400217384916,37.495517,-119.819732
Clear Fork Cider,1,1,1,5,8,2017,2021,2,Paonia,Colorado,United States,Active,https://ciderguide.com/clear-fork-cider/,https://www.clearforkcider.com/,https://maps.google.com/?cid=11939982022714952389,38.8682283,-107.5980751
Alma Cider,1,0,6,1,8,2021,2023,2,Mount Vernon,Washington,United States,Active,https://ciderguide.com/alma-cider/,https://almacider.com/,,48.416119,-122.2940351
Banjo Cider,1,0,6,1,8,2021,2022,2,Uxbridge,Ontario,Canada,Active,https://ciderguide.com/banjo-cider/,https://www.banjocider.ca/,https://maps.google.com/?cid=12258588481727977876,44.1484947,-79.1592864
Spoke + Spy Ciderworks,1,0,5,2,8,2018,2023,4,Middletown,Connecticut,United States,Active,https://ciderguide.com/spoke-spy-ciderworks/,http://spokeandspy.com/,https://maps.google.com/?cid=4011737661305086248,41.572063,-72.657709
Lost Giants Cider Company,1,0,3,4,8,2019,2021,2,Bellingham,Washington,United States,Active,https://ciderguide.com/lost-giants-cider-company/,https://lostgiantscider.com/,https://maps.google.com/?cid=3699889965366654678,48.752457,-122.459354
Bereziartua,0,2,4,2,8,2015,2021,5,Astigarraga,Gipuzkoa,Spain,Active,https://ciderguide.com/bereziartua/,https://www.bereziartuasagardoa.com/,https://www.google.com/maps?cid=4287840169739792051,43.2829301,-1.9400682
Ciders from Mars,0,1,4,3,8,2022,2023,2,Staunton,Virginia,United States,Active,https://ciderguide.com/ciders-from-mars/,http://www.cidersfrommars.com/,https://maps.google.com/?cid=15090690392104363674,38.1474916,-79.0742591
Five Maidens Cider Company,0,1,4,3,8,2023,2023,1,Bethlehem,Pennsylvania,United States,Active,https://ciderguide.com/five-maidens-cider-company/,https://5mcider.com/,https://maps.google.com/?cid=17669165397330541520,40.6109554,-75.373349
Dancing Cider Co.,0,1,3,4,8,2022,2022,1,Chungju,North Chungcheong,South Korea,Active,https://ciderguide.com/dancing-cider-co/,http://www.dancingcider.com/,https://maps.google.com/?cid=7853675129819221848,37.0264162,127.8580113
Mawby Vineyards,0,1,3,4,8,2016,2018,3,Suttons Bay,Michigan,United States,Active,https://ciderguide.com/mawby-vineyards/,https://mawby.wine/,https://maps.google.com/?cid=2471409306317185463,44.913676,-85.65229
Freewater Cider and Wine Company,0,1,2,5,8,2018,2021,3,Milton-Freewater,Oregon,United States,Active,https://ciderguide.com/freewater-cider-and-wine-company/,http://www.freewatercider.com/,https://maps.google.com/?cid=3598112635185277642,45.942433,-118.389708
Ironwood Hard Cider,0,1,2,5,8,2016,2019,4,Niagara-on-the-Lake,Ontario,Canada,Active,https://ciderguide.com/ironwood-hard-cider/,http://www.ironwoodcider.ca/,https://maps.google.com/?cid=5b211b40ee750902,43.252604,-79.120363
12 Bridge Ciderworks,0,0,6,2,8,2019,2021,2,Oregon City,Oregon,United States,Inactive,https://ciderguide.com/12-bridge-ciderworks/,,,45.326412,-122.580527
Santa Cruz Cider Co.,0,0,6,2,8,2017,2021,3,Santa Cruz,California,United States,Active,https://ciderguide.com/santa-cruz-cider-co/,http://www.santacruzciderco.com/,https://maps.google.com/?cid=16427348691643937890,36.959789,-122.048975
Kings Mill Cider,0,0,5,3,8,2018,2021,3,Stirling,Ontario,Canada,Active,https://ciderguide.com/kings-mill-cider/,https://kingsmillcider.ca/,https://maps.google.com/?cid=10493408475817410055,44.335137,-77.616518
Right Bee Cider,0,0,5,3,8,2018,2021,3,Chicago,Illinois,United States,Active,https://ciderguide.com/right-bee-cider/,http://www.rightbeecider.com/,https://maps.google.com/?cid=3785946038058251944,41.914519,-87.736933
Junction Orchard & Cidery,0,0,4,4,8,2022,2023,2,Victoria,British Columbia,Canada,Active,https://ciderguide.com/junction-orchard-cidery/,https://www.junctionvictoria.com/,https://maps.google.com/?cid=1598819234316229794,48.5234444,-123.4370793
Ploughman Cider,0,0,4,4,8,2019,2022,2,Aspers,Pennsylvania,United States,Active,https://ciderguide.com/ploughman-cider/,http://ploughmancider.com/,https://maps.google.com/?cid=2013585229631890349,39.98603,-77.297959
Botanist & Barrel,0,0,3,5,8,2019,2022,3,Cedar Grove,North Carolina,United States,Active,https://ciderguide.com/botanist-barrel/,https://www.botanistandbarrel.com/,https://maps.google.com/?cid=1902463006194094884,36.216856,-79.179325
Cellarmen's,0,0,3,5,8,2016,2017,2,Hazel Park,Michigan,United States,Inactive,https://ciderguide.com/cellarmens/,,,42.47091,-83.104109
Serpentine Cider,0,0,3,5,8,2019,2023,2,San Diego,California,United States,Active,https://ciderguide.com/serpentine-cider/,http://www.serpentinecider.com/,https://maps.google.com/?cid=296132755660138594,32.895393,-117.137246
Sidra Somarroza,0,0,2,6,8,2019,2022,3,Renedo de Piélagos,Cantabria,Spain,Active,https://ciderguide.com/sidra-somarroza/,https://sidrasomarroza.es/,https://maps.google.com/?cid=7109045394192195825,43.3529633,-3.9604843
Western Cider,0,0,2,6,8,2018,2018,1,Missoula,Montana,United States,Active,https://ciderguide.com/western-cider/,http://www.westerncider.com/,https://maps.google.com/?cid=14623261427414740204,46.876599,-114.014032
WildCraft Cider Works,0,0,2,6,8,2016,2017,2,Eugene,Oregon,United States,Active,https://ciderguide.com/wildcraft-cider-works/,https://wildcraftciderworks.com/,https://maps.google.com/?cid=15001881032430403771,44.055602,-123.097306
Wild Cider,0,0,1,7,8,2014,2018,3,Firestone,Colorado,United States,Active,https://ciderguide.com/wild-cider/,http://wildcider.com/,https://maps.google.com/?cid=17959127106154260964,40.166464,-104.905465
Renaissance Orchards,2,1,2,2,7,2016,2022,5,Ferndale,Washington,United States,Active,https://ciderguide.com/renaissance-orchards/,https://renaissanceorchards.com/,https://maps.google.com/?cid=8299199662211416163,48.834936,-122.640266
Sidra Fanjul,2,0,4,1,7,2013,2019,6,Siero,Asturias,Spain,Active,https://ciderguide.com/sidra-fanjul/,https://www.sidrafanjul.com/,https://maps.google.com/?cid=10647391104326148313,43.370866,-5.754482
Jaanihanso Cider,2,0,3,2,7,2017,2018,2,Kaelase,Pärnu,Estonia,Active,https://ciderguide.com/jaanihanso-cider/,http://www.jaanihanso.ee/,https://maps.google.com/?cid=7606641832512391290,58.6955057,24.5206078
Corey Lake Orchards,1,0,3,3,7,2017,2018,2,Three Rivers,Michigan,United States,Active,https://ciderguide.com/corey-lake-orchards/,http://www.coreylakeorchards.com/,https://maps.google.com/?cid=6754574994081328972,41.919986,-85.718213
Gary Awdey,0,2,1,4,7,2016,2021,3,Valparaiso,Indiana,United States,Inactive,https://ciderguide.com/gary-awdey/,,,41.47309,-87.06114
Critz Farms,0,1,4,2,7,2016,2019,2,Cazenovia,New York,United States,Active,https://ciderguide.com/critz-farms/,https://www.critzfarms.com/,https://maps.google.com/?cid=7831833744661110756,42.880641,-75.873523
Black Apple,0,1,3,3,7,2021,2023,2,Springdale,Arkansas,United States,Active,https://ciderguide.com/black-apple/,https://www.blackapplehardcider.com/,https://maps.google.com/?cid=5449257929643515916,36.18487,-94.127403
Headwater Cider,0,1,3,3,7,2015,2021,5,Hawley,Massachusetts,United States,Active,https://ciderguide.com/headwater-cider/,http://www.headwatercider.com/,https://maps.google.com/?cid=10677507708826586466,42.58249,-72.860053
Island Folk Cider House,0,0,6,1,7,2022,2023,2,Sydney,Nova Scotia,Canada,Active,https://ciderguide.com/island-folk-cider-house/,https://www.islandfolkcider.ca/,https://maps.google.com/?cid=16503578670375092154,46.1428047,-60.1955871
Posterity Ciderworks,0,0,5,2,7,2021,2022,2,Mokelumne Hill,California,United States,Active,https://ciderguide.com/posterity-ciderworks/,https://posterityciderworks.com/,https://maps.google.com/?cid=12556482300952119386,38.2969506,-120.7076974
B. Nektar,0,0,4,3,7,2017,2022,3,Ferndale,Michigan,United States,Active,https://ciderguide.com/b-nektar/,http://www.bnektar.com/,https://maps.google.com/?cid=8558313972907611413,42.456877,-83.113432
Cidrerie McKeown,0,0,4,3,7,2017,2022,2,Rougemont,Quebec,Canada,Active,https://ciderguide.com/cidrerie-mckeown/,https://www.cidremckeown.com/,https://maps.google.com/?cid=14828880461334289891,45.44444,-73.069221
Empire Cider Company,0,0,4,3,7,2017,2018,2,Geneva,New York,United States,Inactive,https://ciderguide.com/empire-cider-company/,,,42.872345,-77.008276
Lindner's Cider,0,0,4,3,7,2021,2021,1,Hamden,New York,United States,Active,https://ciderguide.com/lindners-cider/,https://www.lindnerscider.com/,https://maps.google.com/?cid=5790694409805640354,42.170095,-75.018056
St. Ambrose Cellars,0,0,4,3,7,2015,2016,2,Beulah,Michigan,United States,Active,https://ciderguide.com/st-ambrose-cellars/,https://www.stambrose-mead-wine.com/,https://maps.google.com/?cid=15684792512273738710,44.618196,-85.998147
String Theory Cider,0,0,3,4,7,2021,2023,3,Cumberland,Wisconsin,United States,Active,https://ciderguide.com/string-theory-cider/,https://stringtheorycider.com/,,45.5309002,-92.0212919
Apple Outlaw,0,0,2,5,7,2015,2017,2,Jacksonville,Oregon,United States,Active,https://ciderguide.com/apple-outlaw/,http://www.appleoutlaw.com/,https://maps.google.com/?cid=5850813650004409160,42.135329,-123.239648
Flint City Hard Cider Co.,0,0,2,5,7,2016,2022,5,Flint,Michigan,United States,Inactive,https://ciderguide.com/flint-city-hard-cider-co/,,,43.021453,-83.69504
Mississippi Ale House,0,0,2,5,7,2018,2023,3,Olive Branch,Mississippi,United States,Active,https://ciderguide.com/mississippi-ale-house/,https://mississippialehouse.com/,https://maps.google.com/?cid=3852212290293896708,34.9631296,-89.8268168
Red Clay Ciderworks,0,0,2,5,7,2018,2018,1,Charlotte,North Carolina,United States,Active,https://ciderguide.com/red-clay-ciderworks/,http://redclayciderworks.com/,https://maps.google.com/?cid=4377108592727573925,35.194573,-80.874782
Revel Cider Company,0,0,2,5,7,2015,2017,3,Hamilton,Ontario,Canada,Active,https://ciderguide.com/revel-cider-company/,http://revelcider.ca/,https://goo.gl/maps/PfmHnskMkPE2,43.236298,-79.741607
Swilled Dog Hard Cider,0,0,2,5,7,2017,2021,3,Franklin,West Virginia,United States,Active,https://ciderguide.com/swilled-dog-hard-cider/,http://www.swilleddog.com/,https://maps.google.com/?cid=16690532979393529763,38.7831416,-79.2850581
Frecon Farms,0,0,1,6,7,2013,2015,3,Reading,Pennsylvania,United States,Active,https://ciderguide.com/frecon-farms/,http://www.freconfarms.com/,https://maps.google.com/?cid=8468164925776922213,40.328401,-75.647477
Ferme de Romilly,4,1,0,1,6,2018,2018,1,Saint-Germain-du-Pert,Calvados,France,Active,https://ciderguide.com/ferme-de-romilly/,https://vergersderomilly.com/,https://maps.google.com/?cid=6728302118795319623,49.3382641,-1.0293343
Red Island Cider,1,1,2,2,6,2021,2023,2,Charlottetown,Prince Edward Island,Canada,Active,https://ciderguide.com/red-island-cider/,https://redislandcider.com/,https://maps.google.com/?cid=17967681326263840117,46.2453598,-63.1244046
Idol Cider House,1,0,4,1,6,2022,2023,2,Turner,Oregon,United States,Active,https://ciderguide.com/idol-cider-house/,https://idyll-acres.com/,,44.7501765,-122.918168
Warwick Valley Winery & Distillery,1,0,3,2,6,2009,2013,2,Warwick,New York,United States,Active,https://ciderguide.com/warwick-valley-winery-distillery/,http://www.wvwinery.com/,https://maps.google.com/?cid=1834058951156072833,41.29121,-74.439717
Fenn Valley Vineyards,0,2,2,2,6,2022,2023,2,Fennville,Michigan,United States,Active,https://ciderguide.com/fenn-valley-vineyards/,https://www.fennvalley.com/,https://maps.google.com/?cid=4038197022279286991,42.577827,-86.144125
C.E.Petch Cidery and Distillery,0,1,4,1,6,2019,2021,2,Hemmingford,Quebec,Canada,Active,https://ciderguide.com/c-e-petch-cidery-and-distillery/,https://www.cepetch.ca/,https://maps.google.com/?cid=4761400511268048571,45.0458072,-73.596354
Riverhead Ciderhouse,0,1,4,1,6,2018,2021,3,Riverhead,New York,United States,Active,https://ciderguide.com/riverhead-ciderhouse/,http://riverheadcider.com/,https://maps.google.com/?cid=5566760778956005917,40.958383,-72.729308
Devoto Orchards Cider,0,1,3,2,6,2013,2015,3,Sebastopol,California,United States,Inactive,https://ciderguide.com/devoto-orchards-cider/,,,38.388874,-122.865391
Little Apple Cidery,0,1,3,2,6,2021,2023,3,Hillsdale,New York,United States,Active,https://ciderguide.com/little-apple-cidery/,https://littleapplecidery.com/,https://maps.google.com/?cid=12638891274367653697,42.2158739,-73.5186273
Weidmann & Groh,0,1,3,2,6,2013,2014,2,Friedberg-Ockstadt,Hesse,Germany,Active,https://ciderguide.com/weidmann-groh/,https://weidmann-groh.de/,https://maps.google.com/?cid=6569120976887073603,50.3305754,8.7244989
Williamson Mead and Brewing,0,1,2,3,6,2022,2023,2,Glade Valley,North Carolina,United States,Active,https://ciderguide.com/williamson-mead-and-brewing/,https://williamsonbrewing.com/,https://www.google.com/maps?cid=9398213946413041794,36.4756637,-80.9887261
Green Bird Cellars,0,1,1,4,6,2012,2015,4,Northport,Michigan,United States,Active,https://ciderguide.com/green-bird-cellars/,http://www.greenbirdcellars.com/,https://maps.google.com/?cid=10177780962923415301,45.108463,-85.65037
Raging Cider & Mead,0,1,1,4,6,2018,2019,2,San Marcos,California,United States,Active,https://ciderguide.com/raging-cider-mead/,http://www.ragingcidermead.com/,https://maps.google.com/?cid=4063834740320553778,33.144079,-117.18753
Willow Oaks,0,1,1,4,6,2021,2022,2,Middletown,Maryland,United States,Active,https://ciderguide.com/willow-oaks/,http://willowoakscraftcider.com/,https://maps.google.com/?cid=6526035871523748724,39.402881,-77.576441
Bløm Meadworks,0,0,5,1,6,2021,2023,3,Ann Arbor,Michigan,United States,Active,https://ciderguide.com/blom-meadworks/,http://www.drinkblom.com/,https://maps.google.com/?cid=5653653516856181818,42.2810318,-83.747518
Falconer Vineyards,0,0,4,2,6,2017,2019,3,Red Wing,Minnesota,United States,Active,https://ciderguide.com/falconer-vineyards/,http://www.falconervineyards.com/,https://maps.google.com/?cid=8340163893550423966,44.557381,-92.59406
Urban Forage Winery & Cider House,0,0,4,2,6,2017,2022,2,Minneapolis,Minnesota,United States,Active,https://ciderguide.com/urban-forage-winery-cider-house/,http://urbanforagewinery.com/,https://maps.google.com/?cid=16453140758915321302,44.948571,-93.227734
Ambrosia Orchard,0,0,3,3,6,2019,2022,2,Hoagland,Indiana,United States,Active,https://ciderguide.com/ambrosia-orchard/,https://www.ambrosiaorchardfw.com/,https://maps.google.com/?cid=1903288370342884796,40.953615,-85.064073
Blossom Barn Cidery,0,0,3,3,6,2021,2023,3,Grants Pass,Oregon,United States,Active,https://ciderguide.com/blossom-barn-cidery/,https://www.blossombarncidery.com/,https://maps.google.com/?cid=14832421242351860515,42.3165297,-123.2308841
Liquid Art Winery,0,0,3,3,6,2019,2019,1,Manhattan,Kansas,United States,Active,https://ciderguide.com/liquid-art-winery/,https://www.liquidartwinery.com/,https://maps.google.com/?cid=9096837132350645027,39.1924003,-96.6778549
OK Cider Co,0,0,3,3,6,2022,2022,1,Oklahoma City,Oklahoma,United States,Active,https://ciderguide.com/ok-cider-co/,https://okciderco.com/,https://maps.google.com/?cid=14630301903407867537,35.4670261,-97.5247456
Redbyrd Orchard Cider,0,0,3,3,6,2013,2014,2,Trumansburg,New York,United States,Active,https://ciderguide.com/redbyrd-orchard-cider/,https://redbyrdorchardcider.com/,https://maps.google.com/?cid=10591381775381095701,42.500194,-76.639118
Stone Circle Cider,0,0,3,3,6,2018,2021,2,Estacada,Oregon,United States,Active,https://ciderguide.com/stone-circle-cider/,http://stonecirclecider.com/,https://maps.google.com/?cid=6649334225519073300,45.27771,-122.284894
Talbott's Cider Company,0,0,3,3,6,2018,2021,2,Palisade,Colorado,United States,Active,https://ciderguide.com/talbotts-cider-company/,http://talbottsciderco.com/,https://maps.google.com/?cid=11602953526890800348,39.097123,-108.349759
Cider House of Wisconsin,0,0,2,4,6,2014,2019,3,McFarland,Wisconsin,United States,Inactive,https://ciderguide.com/cider-house-of-wisconsin/,,,42.982849,-89.329972
Kekionga Craft Company,0,0,2,4,6,2018,2019,2,Fort Wayne,Indiana,United States,Active,https://ciderguide.com/kekionga-craft-company/,http://kekiongaciderco.com/,https://maps.google.com/?cid=6397238888360308523,41.098914,-85.044471
Nomad Cidery,0,0,2,4,6,2017,2018,2,Williamsburg,Michigan,United States,Inactive,https://ciderguide.com/nomad-cidery/,,,44.772385,-85.4418419
Sourwood Cider,0,0,2,4,6,2018,2019,2,Halifax,Nova Scotia,Canada,Active,https://ciderguide.com/sourwood-cider/,https://www.sourwoodcider.com/,,44.6395722,-63.6644932
St. Julian Winery,0,0,2,4,6,2015,2019,3,Paw Paw,Michigan,United States,Active,https://ciderguide.com/st-julian-winery/,http://www.stjulian.com/,https://maps.google.com/?cid=2249622530303383968,42.212252,-85.891725
Tall Ship Craft Cider / Fjordfolk Mikrobryggeri,0,0,2,4,6,2021,2021,1,Sandefjord,Vestfold og Telemark,Norway,Active,https://ciderguide.com/tall-ship-craft-cider-fjordfolk-mikrobryggeri/,https://www.fjordfolkbrygg.no/,https://maps.google.com/?cid=13187877260143472555,59.1213376,10.231588
Cherry Creek Cellars,0,0,1,5,6,2015,2018,4,Albion,Michigan,United States,Active,https://ciderguide.com/cherry-creek-cellars/,http://www.cherrycreekwine.com/,https://maps.google.com/?cid=5214593983043043226,42.0504311,-84.301136
Wild Hare Cider,0,0,1,5,6,2016,2019,3,Bluemont,Virginia,United States,Active,https://ciderguide.com/wild-hare-cider/,http://wildharecider.com/,https://maps.google.com/?cid=8734946051812732441,39.110623,-77.833609
Bridgehouse Cider,1,1,2,1,5,2021,2022,2,Long Grove,Iowa,United States,Active,https://ciderguide.com/bridgehouse-cider/,https://bridgehousefarms.com/,https://www.google.com/maps?cid=8619503909723634336,41.712213,-90.471923
Kristof Farms,1,1,2,1,5,2022,2023,2,Yamhill,Oregon,United States,Active,https://ciderguide.com/kristof-farms/,https://www.kristoffarms.com/,,45.3833849,-123.153384
Two Broads Ciderworks,1,1,2,1,5,2021,2021,1,San Luis Obispo,California,United States,Active,https://ciderguide.com/two-broads-ciderworks/,https://twobroadscider.com/,https://maps.google.com/?cid=14445203383659538831,35.259662,-120.644957
Beach Bee Meadery,1,1,1,2,5,2023,2023,1,Long Branch,New Jersey,United States,Active,https://ciderguide.com/beach-bee-meadery/,https://www.beachbeemeadery.com/,https://maps.google.com/?cid=3925888969412189535,40.3090937,-73.98298
Millionaires' Row Cider Co.,1,0,4,0,5,2022,2022,1,Summerland,British Columbia,Canada,Active,https://ciderguide.com/millionaires-row-cider-co/,https://www.millionairesrowcider.com/,https://maps.google.com/?cid=2781064722158334299,49.5904464,-119.7078094
Cornish Cider Company,1,0,2,2,5,2019,2023,3,Cornish,Maine,United States,Active,https://ciderguide.com/cornish-cider-company/,https://cornishcidercompany.com/,https://maps.google.com/?cid=14136144647123342644,43.7971541,-70.7995635
Floribunda,1,0,1,3,5,2022,2023,2,Salorno,South Tyrol,Italy,Active,https://ciderguide.com/floribunda/,https://www.floribunda.it/,https://maps.google.com/?cid=14548393953505771229,46.2431813,11.2153676
Verger Belliveau Orchard,1,0,1,3,5,2015,2021,4,Memramcook,New Brunswick,Canada,Active,https://ciderguide.com/verger-belliveau-orchard/,http://vergerbelliveauorchard.ca/,https://goo.gl/maps/BV6hRzcAe1K2,45.94982,-64.628246
2 Fools Cider,0,2,1,2,5,2019,2021,2,Naperville,Illinois,United States,Inactive,https://ciderguide.com/2-fools-cider/,,,41.775847,-88.188785
Hoity Toity Cellars,0,2,0,3,5,2012,2015,4,Mildmay,Ontario,Canada,Inactive,https://ciderguide.com/hoity-toity-cellars/,,,44.093675,-81.143186
Ardiel Cider House,0,1,2,2,5,2018,2018,1,Clarksburg,Ontario,Canada,Active,https://ciderguide.com/ardiel-cider-house/,https://www.ardielciderhouse.ca/,https://maps.google.com/?cid=14241292138099021385,44.499666,-80.426869
Coastliner Craft Cider,0,1,2,2,5,2017,2019,3,Fredericton,New Brunswick,Canada,Active,https://ciderguide.com/coastliner-craft-cider/,http://www.coastlinercider.com/,,45.9523177,-66.6149142
Diner Brew Co.,0,1,2,2,5,2019,2019,1,Mt. Vernon,New York,United States,Inactive,https://ciderguide.com/diner-brew-co/,,,40.908354,-73.849259
South City Ciderworks,0,1,2,2,5,2019,2019,1,San Bruno,California,United States,Inactive,https://ciderguide.com/south-city-ciderworks/,,,37.639936,-122.412129
Ten Towers Cider Co.,0,1,2,2,5,2017,2019,2,Rickreall,Oregon,United States,Active,https://ciderguide.com/ten-towers-cider-co/,https://www.instagram.com/tentowerscider/,https://maps.google.com/?cid=3422835309115536155,44.9263204,-123.2291874
26 Acre Craft Cider Company,0,1,1,3,5,2017,2018,2,Pelham,Ontario,Canada,Inactive,https://ciderguide.com/26-acre-craft-cider-company/,,,43.037222,-79.328764
Angeles Crest Cider,0,1,1,3,5,2018,2021,3,Canoga Park,California,United States,Inactive,https://ciderguide.com/angeles-crest-cider/,,,34.2053948,-118.5898987
Peak Light Cider,0,0,5,0,5,2022,2022,1,Sauvie Island,Oregon,United States,Active,https://ciderguide.com/peak-light-cider/,https://peaklightcider.com/,https://www.google.com/maps?cid=10958770531628316703,45.6648629,-122.844112
Sunken Paddle Ciderworks,0,0,5,0,5,2021,2023,2,Oshkosh,Wisconsin,United States,Active,https://ciderguide.com/sunken-paddle-ciderworks/,https://www.sunkenpaddle.com/,https://www.google.com/maps?cid=16081756786038525640,44.0015236,-88.5517169
Ironbark Ciderworks,0,0,4,1,5,2023,2023,1,Claremont,California,United States,Active,https://ciderguide.com/ironbark-ciderworks/,https://www.ironbarkciderworks.com/,https://maps.google.com/?cid=8906916779198297766,34.10859,-117.701704
Keuka Craft Ciders,0,0,4,1,5,2018,2019,2,Canisteo,New York,United States,Inactive,https://ciderguide.com/keuka-craft-ciders/,,,42.267302,-77.614778
Santa Sidra Hard Cider,0,0,4,1,5,2015,2016,2,Santa Fe,New Mexico,United States,Inactive,https://ciderguide.com/santa-sidra-hard-cider/,,,35.6608392,-105.987504
Texas Corners Brewing Company,0,0,4,1,5,2017,2018,2,Kalamazoo,Michigan,United States,Active,https://ciderguide.com/texas-corners-brewing-company/,http://texascornersbrewing.com/,https://maps.google.com/?cid=9884252459046416182,42.202294,-85.686559
Urban Farm Fermentory,0,0,4,1,5,2019,2021,2,Portland,Maine,United States,Active,https://ciderguide.com/urban-farm-fermentory/,https://www.fermentory.com/,https://maps.google.com/?cid=11975829594267048308,43.669113,-70.256105
Whitewood Cider Co.,0,0,4,1,5,2014,2015,2,Olympia,Washington,United States,Active,https://ciderguide.com/whitewood-cider-co/,https://www.whitewoodcider.com/,https://maps.google.com/?cid=17959127106154260964,47.0456687,-122.8933489
19 Acres Cider Co.,0,0,3,2,5,2023,2023,1,Sherwood,Oregon,United States,Active,https://ciderguide.com/19-acres-cider-co/,https://19acres.com/,https://www.google.com/maps?cid=4476171369322689525,45.3886798,-122.9315471
Cidre Le Brun,0,0,3,2,5,2016,2019,4,Plovan,Finistère,France,Active,https://ciderguide.com/cidre-le-brun/,https://cidrelebrun.com/,https://maps.google.com/?cid=5387381455239409930,47.925263,-4.344798
Left Field Cider Co.,0,0,3,2,5,2013,2016,3,Logan Lake,British Columbia,Canada,Active,https://ciderguide.com/left-field-cider-co/,http://www.leftfieldcider.com/,https://goo.gl/maps/mjdsN9RFXh12,50.361569,-120.801877
Sheppy's Cider,0,0,3,2,5,2014,2015,2,Taunton,Somerset,United Kingdom,Active,https://ciderguide.com/sheppys-cider/,https://www.sheppyscider.com/,https://maps.google.com/?cid=14572513592829460886,50.9935861,-3.1723149
Odd Brothers Craft Cider,0,0,2,3,5,2019,2019,1,Homer,Michigan,United States,Active,https://ciderguide.com/odd-brothers-craft-cider/,https://www.oddbrotherscider.com/,,42.1364887,-84.8664378
Painted Turtle Hard Cider,0,0,2,3,5,2017,2021,2,Lowell,Michigan,United States,Active,https://ciderguide.com/painted-turtle-hard-cider/,http://www.paintedturtlehardcider.com/,https://maps.google.com/?cid=2497160029912775288,43.027811,-85.371348
Westons Cider,0,0,2,3,5,2009,2011,2,Ledbury,Herefordshire,United Kingdom,Active,https://ciderguide.com/westons-cider/,https://www.westons-cider.co.uk/,https://maps.google.com/?cid=11779156514256391794,51.994817,-2.512396
Nomad Cider,0,0,1,4,5,2018,2018,1,Summerland,British Columbia,Canada,Active,https://ciderguide.com/nomad-cider/,http://www.nomadcider.ca/,https://maps.google.com/?cid=2738922948201032408,49.580647,-119.684279
Ore Creek Craft Cider,0,0,1,4,5,2022,2023,2,Pinckney,Michigan,United States,Active,https://ciderguide.com/ore-creek-craft-cider/,https://orecreekmi.com/,https://maps.google.com/?cid=9044276102436468725,42.4182281,-83.905632
Armagh Cider Company,0,0,0,5,5,2013,2014,2,Portadown,Armagh,United Kingdom,Active,https://ciderguide.com/armagh-cider-company/,http://armaghcider.com/,https://www.google.com/maps?cid=3904542225456152006,54.4045861,-6.4861457
Barrika,2,0,1,1,4,2017,2019,3,New York,New York,United States,Active,https://ciderguide.com/barrika/,https://barrikaimports.com/,,40.710409,-73.918766
Slyboro Ciderhouse,1,0,2,1,4,2008,2008,1,Granville,New York,United States,Active,https://ciderguide.com/slyboro-ciderhouse/,https://www.facebook.com/slyborociderhouse/,https://maps.google.com/?cid=15135981072993122340,43.411532,-73.330994
Valley Cider Company,1,0,2,1,4,2021,2021,1,Duncan,British Columbia,Canada,Active,https://ciderguide.com/valley-cider-company/,https://www.valleycider.com/,https://maps.google.com/?cid=9341553819326173400,48.8370145,-123.7089745
Forbidden Cider Co.,0,1,2,1,4,2014,2017,2,Warkworth,Auckland,New Zealand,Inactive,https://ciderguide.com/forbidden-cider-co/,,,-36.3808039,174.6371632
Wyder's Cider,0,1,2,1,4,2005,2007,2,Oakland,California,United States,Inactive,https://ciderguide.com/wyders-cider/,,,37.8089023,-122.2518736
Yonder Cider,0,1,2,1,4,2022,2022,1,Seattle,Washington,United States,Active,https://ciderguide.com/yonder-cider/,http://www.yondercider.com/,https://www.google.com/maps?cid=11002201593648505227,47.6646136,-122.3675796
Lekker Cider,0,1,1,2,4,2019,2021,2,Calgary,Alberta,Canada,Inactive,https://ciderguide.com/lekker-cider/,,,50.991601,-114.0646122
Rushford Meadery & Winery,0,1,1,2,4,2019,2023,2,Omro,Wisconsin,United States,Active,https://ciderguide.com/rushford-meadery-winery/,http://rushmw.com/,https://maps.google.com/?cid=17650744718098803139,44.0627484,-88.8189843
Boyden Valley Winery & Spirits,0,0,4,0,4,2014,2016,2,Cambridge,Vermont,United States,Active,https://ciderguide.com/boyden-valley-winery-spirits/,http://boydenvalley.com/,https://maps.google.com/?cid=13879612589525640629,44.647436,-72.889201
Whetstone CiderWorks,0,0,4,0,4,2015,2016,2,Marlboro,Vermont,United States,Inactive,https://ciderguide.com/whetstone-ciderworks/,,,42.863815,-72.689529
Willamette Ale & Cider House,0,0,4,0,4,2023,2023,1,West Linn,Oregon,United States,Active,https://ciderguide.com/willamette-ale-cider-house/,http://www.aleandcider.com/,https://maps.google.com/?cid=1271299947970750914,45.344129,-122.65676
Alter Ego Cider,0,0,3,1,4,2019,2019,1,Portland,Oregon,United States,Inactive,https://ciderguide.com/alter-ego-cider/,,,45.519839,-122.659396
Chateau Buffalo,0,0,3,1,4,2007,2008,2,Buffalo,New York,United States,Active,https://ciderguide.com/chateau-buffalo/,http://www.chateaubuffalo.com/,https://maps.google.com/?cid=17647646600280458159,42.872906,-78.821088
Cidrerie Verger Hemmingford,0,0,3,1,4,2015,2016,2,Hemmingford,Quebec,Canada,Active,https://ciderguide.com/cidrerie-verger-hemmingford/,https://www.vhemmingford.com/,https://www.google.com/maps?cid=12057353517641416654,45.045783,-73.5710109
Ela Cider Co.,0,0,3,1,4,2016,2018,3,Rochester,Wisconsin,United States,Inactive,https://ciderguide.com/ela-cider-co/,,,42.744704,-88.247955
Fabbioli Cellars,0,0,3,1,4,2017,2018,2,Leesburg,Virginia,United States,Active,https://ciderguide.com/fabbioli-cellars/,http://www.fabbioliwines.com/,https://maps.google.com/?cid=2655558572560145408,39.182648,-77.519279
Golden State Cider,0,0,3,1,4,2015,2021,3,Graton,California,United States,Active,https://ciderguide.com/golden-state-cider/,https://www.drinkgoldenstate.com/,https://maps.google.com/?cid=18128387073217891419,38.4041073,-122.8198562
Lehman's Orchards,0,0,3,1,4,2009,2011,2,Buchanan,Michigan,United States,Active,https://ciderguide.com/lehmans-orchards/,https://www.instagram.com/lehmansfarmhouse/,https://maps.google.com/?cid=15791562542672343306,41.8286715,-86.3576005
Llagares Valverán,0,0,3,1,4,2013,2023,3,Sariego,Asturias,Spain,Active,https://ciderguide.com/llagares-valveran/,http://www.llagaresvalveran.com/,https://maps.google.com/?cid=10125751207643631112,43.4052509,-5.526005
Market Garden Brewery,0,0,3,1,4,2021,2023,3,Cleveland,Ohio,United States,Active,https://ciderguide.com/market-garden-brewery/,https://www.heartcider.com/,https://maps.google.com/?cid=906730698204701016,41.4850769,-81.7034306
Muse Orchard,0,0,3,1,4,2021,2023,2,Edinburg,Virginia,United States,Active,https://ciderguide.com/muse-orchard/,,,38.8202977,-78.6011459
Salt Creek Cider House,0,0,3,1,4,2023,2023,1,Dallas,Oregon,United States,Active,https://ciderguide.com/salt-creek-cider-house/,https://www.saltcreekciderhouse.com/,https://maps.google.com/?cid=7937885170412036740,44.9786166,-123.3265005
Stowe Cider,0,0,3,1,4,2017,2018,2,Stowe,Vermont,United States,Active,https://ciderguide.com/stowe-cider/,http://www.stowecider.com/,https://maps.google.com/?cid=6993680314169906863,44.473504,-72.711986
Victoria Cider Co.,0,0,3,1,4,2023,2023,1,Victoria,British Columbia,Canada,Active,https://ciderguide.com/victoria-cider-co/,https://www.victoriaciderco.ca/,https://maps.google.com/?cid=4973668223480997484,48.643741,-123.457186
Wards Cider,0,0,3,1,4,2016,2018,2,Kelowna,British Columbia,Canada,Active,https://ciderguide.com/wards-cider/,http://www.wardshardcider.com/,https://goo.gl/maps/v1jp1rNE7Zt,49.845254,-119.438339
Austin Eastciders,0,0,2,2,4,2012,2021,2,Austin,Texas,United States,Active,https://ciderguide.com/austin-eastciders/,http://austineastciders.com/,https://maps.google.com/?cid=14699519440178528476,30.211595,-97.7404707
Black Bear Cider Co.,0,0,2,2,4,2021,2022,2,St. Louis,Missouri,United States,Active,https://ciderguide.com/black-bear-cider-co/,https://www.blackbearciderco.com/,,38.6491261,-90.3206381
Blackman Cider Co.,0,0,2,2,4,2019,2019,1,Lockport,New York,United States,Active,https://ciderguide.com/blackman-cider-co/,https://www.blackmancider.com/,https://maps.google.com/?cid=11398538716969457778,43.176071,-78.800052
Branch Out Cider,0,0,2,2,4,2014,2016,3,Fort Collins,Colorado,United States,Inactive,https://ciderguide.com/branch-out-cider/,,,40.589815,-105.090583
Cidrerie Le Somnambule,0,0,2,2,4,2023,2023,1,Saint-Henri,Quebec,Canada,Active,https://ciderguide.com/cidrerie-le-somnambule/,https://www.lesomnambule.com/,https://maps.google.com/?cid=4770600502618884500,46.662195,-71.07671
Hudson Valley Farmhouse Cider,0,0,2,2,4,2018,2018,1,Staatsburg,New York,United States,Active,https://ciderguide.com/hudson-valley-farmhouse-cider/,http://www.hudsonvalleyfarmhousecider.com/,https://maps.google.com/?cid=10113111148158344335,41.858265,-73.807785
McRitchie Winery & Ciderworks,0,0,2,2,4,2009,2013,3,Thurmond,North Carolina,United States,Active,https://ciderguide.com/mcritchie-winery-ciderworks/,http://www.mcritchiewine.com/,https://maps.google.com/?cid=1644535800362164704,36.367307,-80.946974
Milk & Honey Ciders,0,0,2,2,4,2016,2016,1,St. Joseph,Minnesota,United States,Active,https://ciderguide.com/milk-honey-ciders/,https://www.milkandhoneyciders.com/,https://maps.google.com/?cid=5951424554567776492,45.5603828,-94.3518905
New Salem Cider,0,0,2,2,4,2021,2021,1,New Salem,Massachusetts,United States,Active,https://ciderguide.com/new-salem-cider/,https://www.newsalemcider.com/,https://maps.google.com/?cid=17255418190527756847,42.4945866,-72.3308978
Rossbach Cider,0,0,2,2,4,2015,2021,3,Hranice,Karlovy Vary,Czechia,Active,https://ciderguide.com/rossbach-cider/,http://www.rossbach.cz/,https://maps.google.com/?cid=655202654651481754,50.3053478,12.1753565
Russell Orchards,0,0,2,2,4,2011,2011,1,Ipswich,Massachusetts,United States,Active,https://ciderguide.com/russell-orchards/,http://www.russellorchards.com/,https://maps.google.com/?cid=11665460520789308482,42.664953,-70.799866
Banter's Hard Cider,0,0,1,3,4,2017,2018,2,Stroudsburg,Pennsylvania,United States,Inactive,https://ciderguide.com/banters-hard-cider/,,,40.98616,-75.1945
Big Belly Ciderworks,0,0,1,3,4,2016,2018,3,Empire,Michigan,United States,Inactive,https://ciderguide.com/big-belly-ciderworks/,,,44.8072115,-85.9617851
Brooker's Cider,0,0,1,3,4,2022,2023,2,Scotch Bush,Ontario,Canada,Active,https://ciderguide.com/brookers-cider/,https://brookerscider.ca/,https://maps.google.com/?cid=1019530974411700693,45.4370509,-76.9616291
Cascadia Ciderworkers United,0,0,1,3,4,2013,2015,2,Portland,Oregon,United States,Inactive,https://ciderguide.com/cascadia-ciderworkers-united/,,,45.5359,-122.66373
Ciderworks @ Story Tavern,0,0,1,3,4,2017,2022,3,Burbank,California,United States,Active,https://ciderguide.com/ciderworks-story-tavern/,https://storytavernburbank.com/,https://maps.google.com/?cid=14099937953647442752,34.1806729,-118.3082013
Cidrerie de Menez-Brug,0,0,1,3,4,2016,2019,4,Fouesnant,Finistère ,France,Active,https://ciderguide.com/cidrerie-de-menez-brug/,https://www.cidrerie-de-menez-brug.com/,https://maps.google.com/?cid=10640223041696316686,47.8654274,-3.9978625
Gravity Vineyards and Winery,0,0,1,3,4,2021,2021,1,Baroda,Michigan,United States,Active,https://ciderguide.com/gravity-vineyards-and-winery/,https://gravitywine.com/,https://maps.google.com/?cid=10315252701063982709,41.933548,-86.4391475
Griffin Cider Works,0,0,1,3,4,2013,2017,2,Westlake,Ohio,United States,Inactive,https://ciderguide.com/griffin-cider-works/,,,41.470266,-81.896853
Hardscrabble Cider,0,0,1,3,4,2016,2016,1,North Salem,New York,United States,Active,https://ciderguide.com/hardscrabble-cider/,http://www.hardscrabbleciderny.com/,https://maps.google.com/?cid=14255845854245110919,41.349727,-73.635051
Maeloc,0,0,1,3,4,2015,2015,1,Lugo,Galicia,Spain,Active,https://ciderguide.com/maeloc/,https://maelocway.com/,https://www.google.com/maps?cid=11814015461660737074,42.5868096,-7.7764782
Star Cider,0,0,1,3,4,2016,2016,1,Clifton Springs,New York,United States,Active,https://ciderguide.com/star-cider/,http://www.starcidery.com/,https://maps.google.com/?cid=13417468118852329215,42.866574,-77.2504058
Walkerville City Cidery,0,0,1,3,4,2019,2023,4,Windsor,Ontario,Canada,Active,https://ciderguide.com/walkerville-city-cidery/,https://www.walkervillebrewery.com/,https://maps.google.com/?cid=7567072497501060560,42.3238128,-83.0113399
Wilding Orchards,0,0,1,3,4,2021,2023,2,Brackney,Pennsylvania,United States,In Planning,https://ciderguide.com/wilding-orchards/,http://www.wildingorchards.com/,https://maps.google.com/?cid=8259658855326508626,41.956338,-75.8892283
York County Cider,0,0,1,3,4,2018,2018,1,Fredericton,New Brunswick,Canada,Active,https://ciderguide.com/york-county-cider/,https://www.yorkcountycider.net/,https://maps.google.com/?cid=8211700543485091917,45.9824391,-66.6627163
Bishop Cider Company,0,0,0,4,4,2018,2018,1,Fort Worth,Texas,United States,Active,https://ciderguide.com/bishop-cider-company/,http://www.bishopcider.com/,,32.7433262,-97.3072551
Blueberry Hill Estates,0,0,0,4,4,2016,2018,2,Williams,Ontario,Canada,Active,https://ciderguide.com/blueberry-hill-estates/,http://blueberry-hill.ca/,https://maps.google.com/?cid=16325207034230739009,42.671668,-80.389101
Douglas Valley,0,0,0,4,4,2008,2008,1,Manistee,Michigan,United States,Inactive,https://ciderguide.com/douglas-valley/,,,44.322634,-86.225881
Foxcraft Hard Cider,0,0,0,4,4,2015,2015,1,Santa Rosa,California,United States,Inactive,https://ciderguide.com/foxcraft-hard-cider/,,,38.441272,-122.714998
Grand Illusion Hard Cider,0,0,0,4,4,2017,2019,3,Carlisle,Pennsylvania,United States,Active,https://ciderguide.com/grand-illusion-hard-cider/,https://www.grandillusioncider.com/,https://maps.google.com/?cid=4286886680889976245,40.20144,-77.190639
Meraki Cider,0,0,0,4,4,2017,2017,1,Pismo Beach,California,United States,Inactive,https://ciderguide.com/meraki-cider/,,,35.135223,-120.612188
Saro Cider,0,0,0,4,4,2019,2019,1,Lincoln,Nebraska,United States,Active,https://ciderguide.com/saro-cider/,https://sarocider.com/,https://maps.google.com/?cid=14239117714929818609,40.812684,-96.695605
Wildbranch Cider,2,0,0,1,3,2021,2023,2,Craftsbury,Vermont,United States,Active,https://ciderguide.com/wildbranch-cider/,https://wildbranchcider.com/,,44.6199347,-72.4065106
Dead Horse Cider Co.,1,1,0,1,3,2021,2021,1,Winkler,Manitoba,Canada,Active,https://ciderguide.com/dead-horse-cider-co/,https://www.deadhorsecider.com/,https://maps.google.com/?cid=8139522254711237443,49.227539,-97.9654922
AVAL Cider,1,0,2,0,3,2023,2023,1,New York,New York,United States,Active,https://ciderguide.com/aval-cider/,https://www.avalcider.com/,,40.7674663,-73.9851725
Les Vergers de Kermao,1,0,2,0,3,2017,2019,3,Gouesnac'h,Finistère,France,Active,https://ciderguide.com/les-vergers-de-kermao/,https://www.cidre-bretagne.com/,https://maps.google.com/?cid=11761800243914556755,47.920648,-4.087596
Adams Cider Company,1,0,1,1,3,2014,2018,3,Borrisoleigh,Tipperary,Ireland,Active,https://ciderguide.com/adams-cider-company/,http://www.devilsbit.ie/,https://goo.gl/maps/VdoAPVRDYXsAWWPi7,52.752526,-7.957888
Ambix Spirits,1,0,1,1,3,2023,2023,1,Sebastopol,California,United States,Active,https://ciderguide.com/ambix-spirits/,https://www.instagram.com/ambixspirits/,,38.4250521,-122.8319794
Chateau Morrisette,1,0,1,1,3,2018,2018,1,Floyd,Virginia,United States,Active,https://ciderguide.com/chateau-morrisette/,https://www.thedogs.com/,https://maps.google.com/?cid=4189670265043745900,36.793824,-80.3954679
Fraser Valley Cider Company,1,0,1,1,3,2022,2022,1,Langley Township,British Columbia,Canada,Active,https://ciderguide.com/fraser-valley-cider-company/,http://www.fraservalleycider.ca/,https://maps.google.com/?cid=1355617416961303454,49.030911,-122.610962
Rebel Apple,0,3,0,0,3,2023,2023,1,Moscow,,Russia,Active,https://ciderguide.com/rebel-apple/,https://rebelapple.com/,https://maps.google.com/?cid=9219116533030903770,55.7692065,37.5108509
Gnarly Pippin Cider House,0,2,0,1,3,2021,2021,1,Cleveland Heights,Ohio,United States,Inactive,https://ciderguide.com/gnarly-pippin-cider-house/,,,41.503749,-81.5658554
Bel Lago Winery,0,1,2,0,3,2015,2016,2,Cedar,Michigan,United States,Active,https://ciderguide.com/bel-lago-winery/,http://bellago.com/,https://maps.google.com/?cid=4644233978350648994,44.883859,-85.725118
Seek-No-Further Cidery,0,1,2,0,3,2023,2023,1,Granville,Ohio,United States,Active,https://ciderguide.com/seek-no-further-cidery/,https://www.seeknofurthercider.com/,https://maps.google.com/?cid=4713802987366690958,40.0670945,-82.5194091
Woodlore Cider Co.,0,1,2,0,3,2023,2023,1,Brainerd,Minnesota,United States,Active,https://ciderguide.com/woodlore-cider-co/,https://woodlorecider.com/,https://maps.google.com/?cid=1776202393703805757,46.4067999,-94.2866359
Banditry Cider,0,1,1,1,3,2023,2023,1,Gibsons,British Columbia,Canada,Active,https://ciderguide.com/banditry-cider/,https://www.banditrycider.com/,https://maps.google.com/?cid=854343294329911332,49.40261,-123.5296301
King Orchards,0,1,1,1,3,2023,2023,1,Central Lake,Michigan,United States,Active,https://ciderguide.com/king-orchards/,https://kingorchards.com/,https://maps.google.com/?cid=16784767382761834903,45.1018844,-85.3050168
Loïc Raison,0,1,1,1,3,2018,2018,1,Domagné,Ille-et-Vilaine,France,Active,https://ciderguide.com/loic-raison/,http://www.loicraison.fr/,https://maps.google.com/?cid=15768587504697904757,48.070267,-1.394779
Manoff Market Gardens & Cidery,0,1,1,1,3,2023,2023,1,New Hope,Pennsylvania,United States,Active,https://ciderguide.com/manoff-market-gardens-cidery/,https://www.manoffmarketgardens.com/,https://maps.google.com/?cid=17360528276654196325,40.396882,-75.0057
Stoneybrook Cider,0,1,1,1,3,2019,2022,3,South Hadley,Massachusetts,United States,Active,https://ciderguide.com/stoneybrook-cider/,http://www.stoneybrookcider.com/,,42.250687,-72.55657
Tempted Cider,0,1,1,1,3,2021,2021,1,Lisburn,Down,United Kingdom,Active,https://ciderguide.com/tempted-cider/,https://www.temptedcider.com/,https://maps.google.com/?cid=4479314919661417093,54.5086985,-6.1311345
The Infinite Monkey Theorem,0,1,0,2,3,2014,2017,3,Denver,Colorado,United States,Active,https://ciderguide.com/the-infinite-monkey-theorem/,http://www.theinfinitemonkeytheorem.com/,https://maps.google.com/?cid=15985394735088977208,39.764124,-104.977492
Windfall Orchard,0,1,0,2,3,2016,2017,2,Cornwall,Vermont,United States,Active,https://ciderguide.com/windfall-orchard/,http://windfallorchardvt.com/,https://maps.google.com/?cid=12967249394672947830,43.978128,-73.20449
12 Corners Vineyards,0,0,3,0,3,2023,2023,1,Benton Harbor,Michigan,United States,Active,https://ciderguide.com/12-corners-vineyards/,https://12corners.com/,https://maps.google.com/?cid=10832365648470516551,42.1328817,-86.3767096
Artifact Cider Project,0,0,3,0,3,2023,2023,1,Florence,Massachusetts,United States,Active,https://ciderguide.com/artifact-cider-project/,http://www.artifactcider.com/,,42.3378061,-72.6732543
Clarksburg Cider,0,0,3,0,3,2023,2023,1,Lancaster,New York,United States,Active,https://ciderguide.com/clarksburg-cider/,https://clarksburgcider.com/,https://maps.google.com/?cid=2480384765559100652,42.9274192,-78.5953396
E&J Gallo Winery,0,0,3,0,3,2008,2011,2,Modesto,California,United States,Active,https://ciderguide.com/ej-gallo-winery/,http://www.gallo.com/,https://www.google.com/maps?cid=8933442352737558338,37.6368057,-120.981631
Farmgate Cider,0,0,3,0,3,2021,2023,2,Arnprior,Ontario,Canada,Active,https://ciderguide.com/farmgate-cider/,https://farmgatecider.ca/,https://maps.google.com/?cid=10219086058367781749,45.4138013,-76.2414158
Kingston Creek Cider,0,0,3,0,3,2019,2021,2,Kingston,New Brunswick,Canada,Active,https://ciderguide.com/kingston-creek-cider/,https://kingstoncreekcider.ca/,https://goo.gl/maps/RehFeiy4yunVNf729,45.5322639,-65.9955129
Northyards Cider Co.,0,0,3,0,3,2023,2023,1,Salmon Arm,British Columbia,Canada,Active,https://ciderguide.com/northyards-cider-co/,https://northyardscider.com/,https://maps.google.com/?cid=5148305129256675182,50.7082062,-119.2489944
101 Cider House,0,0,2,1,3,2016,2018,2,Westlake Village,California,United States,Active,https://ciderguide.com/101-cider-house/,https://101cider.com/,https://maps.google.com/?cid=12420065000441525891,34.154101,-118.802575
5 Penny Hard Cider,0,0,2,1,3,2018,2019,2,Ontario,Ohio,United States,Inactive,https://ciderguide.com/5-penny-hard-cider/,,,40.76436,-82.610672
Berkshire Cider Project,0,0,2,1,3,2023,2023,1,North Adams,Massachusetts,United States,Active,https://ciderguide.com/berkshire-cider-project/,https://www.berkshire-cider.com/,https://www.google.com/maps?cid=39143702970968971,42.6980607,-73.1521496
Broken Brix,0,0,2,1,3,2021,2022,2,St. Charles,Illinois,United States,Active,https://ciderguide.com/broken-brix/,http://homebrewshopltd.com/,https://maps.google.com/?cid=11646904330402367413,41.9130721,-88.3165378
Carolina Distillery,0,0,2,1,3,2014,2017,2,Lenoir,North Carolina,United States,Inactive,https://ciderguide.com/carolina-distillery/,,,35.9139684,-81.5412586
Crossmount Cider Company,0,0,2,1,3,2022,2022,1,Crossmount,Saskatchewan,Canada,Active,https://ciderguide.com/crossmount-cider-company/,http://crossmountcidercompany.ca/,https://www.google.com/maps?cid=8011124570975392890,52.03247,-106.673155
Goat Rock Cider Company,0,0,2,1,3,2022,2022,1,Petaluma,California,United States,Active,https://ciderguide.com/goat-rock-cider-company/,https://www.goatrockcider.com/,https://maps.google.com/?cid=1379702709501392841,38.2734373,-122.6643955
Godfrey Run Cider Mill,0,0,2,1,3,2021,2021,1,Lake City,Pennsylvania,United States,Active,https://ciderguide.com/godfrey-run-cider-mill/,https://www.instagram.com/godfreyrunfarm/,https://maps.google.com/?cid=5888879804807392238,42.036151,-80.3082175
Harpers Ferry Brewing,0,0,2,1,3,2023,2023,1,Purcellville,Virginia,United States,Active,https://ciderguide.com/harpers-ferry-brewing/,https://harpersferrybrewing.com/,https://maps.google.com/?cid=10887615481111930562,39.320459,-77.708175
Manoir de Grandouet,0,0,2,1,3,2016,2019,2,Grandouet,Calvados,France,Active,https://ciderguide.com/manoir-de-grandouet/,http://www.manoir-de-grandouet.fr/,https://maps.google.com/?cid=1664850146101306839,49.158588,0.066211
North Shore Cider Company,0,0,2,1,3,2018,2019,2,Evanston,Illinois,United States,Inactive,https://ciderguide.com/north-shore-cider-company/,,,42.019682,-87.680734
Overgrown Orchard,0,0,2,1,3,2019,2019,1,Gary,Indiana,United States,Inactive,https://ciderguide.com/overgrown-orchard/,,,41.5757249,-87.2941181
Prototype Hard Cider,0,0,2,1,3,2017,2019,3,Lancaster,Pennsylvania,United States,Inactive,https://ciderguide.com/prototype-hard-cider/,,,40.0325367,-76.3299666
Restoration Cider,0,0,2,1,3,2017,2017,1,Madison,Wisconsin,United States,Active,https://ciderguide.com/restoration-cider/,http://www.restorationcider.com/,https://maps.google.com/?cid=13156191689318021594,43.051481,-89.27519
Sunnycider,0,0,2,1,3,2022,2022,1,Calgary,Alberta,Canada,Active,https://ciderguide.com/sunnycider/,https://www.sunnycider.ca/,https://maps.google.com/?cid=4272810052717117827,51.0652978,-113.9871956
Tapped Apple Cider & Winery,0,0,2,1,3,2023,2023,1,Westerly,Rhode Island,United States,Active,https://ciderguide.com/tapped-apple-cider-winery/,http://www.tappedapple.com/,https://maps.google.com/?cid=10176287117165487757,41.378713,-71.829973
Three Thinkers Cider,0,0,2,1,3,2019,2021,2,Stateline,Nevada,United States,Inactive,https://ciderguide.com/three-thinkers-cider/,,,38.9624079,-119.9399029
Wölffer Estate Vineyard,0,0,2,1,3,2022,2022,1,Sagaponack,New York,United States,Active,https://ciderguide.com/wolffer-estate-vineyard/,http://www.wolffer.com/,https://maps.google.com/?cid=10690409208604454007,40.945028,-72.27747
Worley's Cider,0,0,2,1,3,2015,2015,1,Shepton Mallet,Somerset,United Kingdom,Active,https://ciderguide.com/worleys-cider/,http://www.worleyscider.co.uk/,https://maps.google.com/?cid=7990236213325856427,51.1965541,-2.4711281
Acme Cider Co.,0,0,1,2,3,2016,2017,2,Ada,Michigan,United States,Inactive,https://ciderguide.com/acme-cider-co/,,,43.030658,-85.492125
Brys Estate Ciderworks,0,0,1,2,3,2022,2022,1,Traverse City,Michigan,United States,Active,https://ciderguide.com/brys-estate-ciderworks/,https://www.brysestate.com/,https://maps.google.com/?cid=5768840683039449877,44.8866671,-85.5098039
Bullevie Cidre,0,0,1,2,3,2018,2019,2,Fodorovskoye,Leningrad Oblast,Russia,Active,https://ciderguide.com/bullevie-cidre/,https://bullevie.ru/,https://www.google.com/maps?cid=2833863554987318602,59.654978,30.5509418
Cider Corps,0,0,1,2,3,2022,2022,1,Mesa,Arizona,United States,Active,https://ciderguide.com/cider-corps/,https://cidercorpsaz.com/,https://maps.google.com/?cid=9593182908980696987,33.4141147,-111.8364706
Cidrerie St-Nicolas,0,0,1,2,3,2013,2013,1,Saint-Nicolas,Quebec,Canada,Active,https://ciderguide.com/cidrerie-st-nicolas/,https://cidreriest-nicolas.com/,https://www.google.com/maps?cid=13236211893873843107,46.692988,-71.454642
Domaine Duclos Fougeray,0,0,1,2,3,2014,2014,1,Saint Michel d'Halescourt,Seine-Maritime,France,Active,https://ciderguide.com/domaine-duclos-fougeray/,http://www.domaine-duclos-fougeray.com/,https://maps.google.com/?cid=12398185041013701779,49.6100938,1.664631
Eaglemount Wine & Cider,0,0,1,2,3,2014,2014,1,Port Townsend,Washington,United States,Active,https://ciderguide.com/eaglemount-wine-cider/,https://eaglemountwinery.com/,https://maps.google.com/?cid=8669789097383487844,48.099159,-122.818591
Ferme Black Creek,0,0,1,2,3,2018,2022,3,Hinchinbrooke,Quebec,Canada,Active,https://ciderguide.com/ferme-black-creek/,https://fermeblackcreek.ca/,https://maps.google.com/?cid=10329703523020426281,45.0150504,-74.0098805
Forgotten Fire Winery,0,0,1,2,3,2023,2023,1,Marinette,Wisconsin,United States,Active,https://ciderguide.com/forgotten-fire-winery/,http://forgottenfirewinery.com/,https://maps.google.com/?cid=12659592682629161189,45.045825,-87.719535
Greenwood Cider Company,0,0,1,2,3,2018,2018,1,Seattle,Washington,United States,Active,https://ciderguide.com/greenwood-cider-company/,https://www.greenwoodcider.com/,https://maps.google.com/?cid=9193094358946814076,47.631204,-122.375137
High Hope Cider,0,0,1,2,3,2021,2021,1,Toronto,Ontario,Canada,Inactive,https://ciderguide.com/high-hope-cider/,,,43.6775105,-79.4207053
Holmberg Orchards & Winery,0,0,1,2,3,2007,2007,1,Gales Ferry,Connecticut,United States,Active,https://ciderguide.com/holmberg-orchards-winery/,http://www.holmbergorchards.com/,https://maps.google.com/?cid=4720941997914927332,41.468406,-72.058204
Independent Perry,0,0,1,2,3,2019,2019,1,Dryden,Washington,United States,Active,https://ciderguide.com/independent-perry/,https://www.instagram.com/independentperry/,,47.5533258,-120.5686382
JK's Farmhouse Ciders,0,0,1,2,3,2014,2018,3,Flushing,Michigan,United States,Active,https://ciderguide.com/jks-farmhouse-ciders/,http://jksfarmhouseciders.com/,https://maps.google.com/?cid=9785317642581217954,43.0274314,-83.9112091
Newton Court Cider,0,0,1,2,3,2016,2017,2,Newton,Herefordshire,United Kingdom,Active,https://ciderguide.com/newton-court-cider/,https://www.newtoncourtcider.com/,https://maps.google.com/?cid=16599711403513185285,52.18163,-2.720183
Nine Pin Cider,0,0,1,2,3,2014,2015,2,Albany,New York,United States,Active,https://ciderguide.com/nine-pin-cider/,http://www.ninepincider.com/,https://maps.google.com/?cid=2997433588563467926,42.661798,-73.744166
Owl Creek Vineyard,0,0,1,2,3,2014,2014,1,Cobden,Illinois,United States,Active,https://ciderguide.com/owl-creek-vineyard/,http://www.owlcreekvineyard.com/,https://maps.google.com/?cid=449616614392139133,37.560606,-89.190211
Ross-on-Wye Cider and Perry,0,0,1,2,3,2012,2012,1,Ross-on-Wye,Herefordshire,United Kingdom,Active,https://ciderguide.com/ross-on-wye-cider-and-perry/,http://www.rosscider.com/,https://maps.google.com/?cid=15438292382118860282,51.9188938,-2.6332245
Schilling Cider,0,0,1,2,3,2016,2016,1,Auburn,Washington,United States,Active,https://ciderguide.com/schilling-cider/,https://schillingcider.com/,https://www.google.com/maps?cid=12281308087911884522,47.347243,-122.233995
Spy Cider House and Distillery,0,0,1,2,3,2022,2022,1,Clarksburg,Ontario,Canada,Active,https://ciderguide.com/spy-cider-house-and-distillery/,https://www.spydistillery.com/,https://maps.google.com/?cid=4191362119549049381,44.5130682,-80.450338
Thistly Cross Cider,0,0,1,2,3,2012,2015,2,Dunbar,East Lothian,United Kingdom,Active,https://ciderguide.com/thistly-cross-cider/,http://www.thistlycrosscider.co.uk/,https://maps.google.com/?cid=2739185346632911214,55.9850363,-2.5614933
Top of the Rock Ciders,0,0,1,2,3,2016,2018,3,Kalamazoo,Michigan,United States,Inactive,https://ciderguide.com/top-of-the-rock-ciders/,,,42.2950935,-85.7294998
Two Blokes Cider,0,0,1,2,3,2018,2019,2,Port Perry,Ontario,Canada,Active,https://ciderguide.com/two-blokes-cider/,https://www.twoblokes.ca/,https://goo.gl/maps/h6tx7j3Rdm7urEvS6,44.1050454,-78.944148
Ugly Apple,0,0,1,2,3,2017,2018,2,Lanark,Ontario,Canada,Active,https://ciderguide.com/ugly-apple/,https://www.uglyapple.ca/,https://maps.google.com/?cid=16350364322268973674,45.0409655,-76.511907
3 North Vines,0,0,0,3,3,2021,2021,1,Croswell,Michigan,United States,Active,https://ciderguide.com/3-north-vines/,https://www.3northvines.com/,https://maps.google.com/?cid=2992073829749272130,43.2642732,-82.5821548
Century Tree Cider Co.,0,0,0,3,3,2018,2018,1,Memphis,Tennessee,United States,Inactive,https://ciderguide.com/century-tree-cider-co/,,,35.1402356,-90.0412219
Country Mill Winery,0,0,0,3,3,2011,2011,1,Charlotte,Michigan,United States,Inactive,https://ciderguide.com/country-mill-winery/,,,42.635232,-84.79667
Napton Cidery,0,0,0,3,3,2019,2019,1,Southam,Warwickshire,United Kingdom,Active,https://ciderguide.com/napton-cidery/,https://www.naptoncidery.co.uk/,https://maps.google.com/?cid=12009368832613245042,52.2422487,-1.325063
Platform Beer Company,0,0,0,3,3,2017,2021,2,Cleveland,Ohio,United States,Inactive,https://ciderguide.com/platform-beer-company/,,,41.479836,-81.713968
Prospect Ciderworks,0,0,0,3,3,2018,2018,1,Boston,Massachusetts,United States,Inactive,https://ciderguide.com/prospect-ciderworks/,,,42.542993,-71.575747
Small Acres Cyder,0,0,0,3,3,2014,2014,1,Borenore,New South Wales,Australia,Active,https://ciderguide.com/small-acres-cyder/,http://www.smallacrescyder.com.au/,https://maps.google.com/?cid=1497457670374953580,-33.282202,148.992136
Tall Post Craft Cider,0,0,0,3,3,2019,2019,1,Hannon,Ontario,Canada,Active,https://ciderguide.com/tall-post-craft-cider/,https://www.instagram.com/tallpostcraftcider/,https://maps.google.com/?cid=271841851586211887,43.1459211,-79.7682554
West End Cider House,0,0,0,3,3,2023,2023,1,Athens,Ohio,United States,Active,https://ciderguide.com/west-end-cider-house/,http://www.westendciderhouse.com/,https://maps.google.com/?cid=17093383135861039642,39.332217,-82.110287
Domaine des 5 D,1,0,1,0,2,2016,2016,1,Ouilly-le-Vicomte,Calvados,France,Active,https://ciderguide.com/domaine-des-5-d/,http://cidreriedaufresne.com/,https://maps.google.com/?cid=8401719320995507859,49.1786404,0.2045199
EdenVale Winery,1,0,1,0,2,2017,2019,2,Medford,Oregon,United States,Active,https://ciderguide.com/edenvale-winery/,http://www.edenvalewines.com/,https://maps.google.com/?cid=1337477973398359922,42.2886086,-122.8477144
Vergers de Velours,1,0,1,0,2,2018,2018,1,Saint-Henri-de-Taillon,Quebec,Canada,Active,https://ciderguide.com/vergers-de-velours/,https://www.vergersdevelours.com/,https://maps.google.com/?cid=13585661217805260928,48.6614327,-71.8144297
Cold Hand Winery,1,0,0,1,2,2018,2018,1,Randers,,Denmark,Active,https://ciderguide.com/cold-hand-winery/,https://www.coldhandwinery.dk/,https://maps.google.com/?cid=8847115036999398343,56.513459,9.7900895
Upper Left Apples,1,0,0,1,2,2019,2019,1,Everett,Washington,United States,Inactive,https://ciderguide.com/upper-left-apples/,,,47.900697,-122.205343
Val de Rance,0,2,0,0,2,2016,2016,1,Pleudihen-sur-Rance,Côtes-d'Armor,France,Active,https://ciderguide.com/val-de-rance/,https://www.valderance.com/,https://maps.google.com/?cid=7883069809343472545,48.5085616,-1.9532752
Covered Bridge Brewing,0,1,1,0,2,2022,2022,1,Cottage Grove,Oregon,United States,Active,https://ciderguide.com/covered-bridge-brewing/,https://www.coveredbridgebrewery.com/,https://maps.google.com/?cid=3419507540097286965,43.7975203,-123.0584655
LUK Cider and Spirit,0,1,1,0,2,2013,2013,1,Shefford,Quebec,Canada,Inactive,https://ciderguide.com/luk-cider-and-spirit/,,,45.309873,-72.555275
Prima Cider,0,1,1,0,2,2019,2019,1,Long Grove,Illinois,United States,Active,https://ciderguide.com/prima-cider/,http://www.primacider.com/,,42.232727,-88.015032
Shuswap Cider Co.,0,1,1,0,2,2023,2023,1,Salmon Arm,British Columbia,Canada,Active,https://ciderguide.com/shuswap-cider-co/,https://shuswapcider.com/,https://maps.google.com/?cid=16947341498601474713,50.6918843,-119.3095887
The BottleHouse Brewing Company,0,1,1,0,2,2018,2018,1,Cleveland Heights,Ohio,United States,Active,https://ciderguide.com/the-bottlehouse-brewing-company/,https://www.bottlehouse.co/,https://maps.google.com/?cid=14872373864961139551,41.503728,-81.565883
Asturvisa,0,1,0,1,2,2013,2013,1,Porceyo,Gijón,Spain,Inactive,https://ciderguide.com/asturvisa/,,,43.4875508,-5.7243544
Domaine de Kervéguen,0,1,0,1,2,2014,2016,2,Guimaëc,Finistère,France,Active,https://ciderguide.com/domaine-de-kerveguen/,https://www.kerveguen.fr/,https://maps.google.com/?cid=1542805240311028945,48.6666268,-3.6926165
Long Island Meadery,0,1,0,1,2,2005,2006,2,Holbrook,New York,United States,Inactive,https://ciderguide.com/long-island-meadery/,,,40.7838542,-73.0832757
Mershon's Artisan Cider,0,1,0,1,2,2023,2023,1,Stoughton,Wisconsin,United States,Active,https://ciderguide.com/mershons-artisan-cider/,http://www.mershonscider.com/,https://maps.google.com/?cid=14483166591297687257,42.929738,-89.213077
Old Boys’ Brewhouse,0,1,0,1,2,2011,2012,2,Spring Lake,Michigan,United States,Inactive,https://ciderguide.com/old-boys-brewhouse/,,,43.0770187,-86.2127533
Subterranean Cider,0,1,0,1,2,2022,2022,1,Ypsilanti,Michigan,United States,Inactive,https://ciderguide.com/subterranean-cider/,,,42.2411499,-83.6129939
Cidre La Chouette,0,0,2,0,2,2019,2019,1,Saint-Pair-sur-Mer,Manche,France,Active,https://ciderguide.com/cidre-la-chouette/,https://www.lachouettecider.com/,,48.8148309,-1.5703068
Clos de la Fontaine Hugo,0,0,2,0,2,2014,2016,2,Rozoy-sur-Serre,Aisne,France,Active,https://ciderguide.com/clos-de-la-fontaine-hugo/,,https://maps.google.com/?cid=7407350639595674137,49.7158565,4.1436951
Docendo Discitur,0,0,2,0,2,2022,2023,2,Villeneuve,Aosta Valley,Italy,Active,https://ciderguide.com/docendo-discitur/,https://www.facebook.com/profile.php?id=100063485772808,https://maps.google.com/?cid=5395562939899411393,45.7121378,7.2154238
Domaine des Côtes d'Ardoise,0,0,2,0,2,2018,2018,1,Dunham,Quebec,Canada,Active,https://ciderguide.com/domaine-des-cotes-dardoise/,https://cotesdardoise.com/,https://maps.google.com/?cid=9935263475438945742,45.1139705,-72.8457278
Foggy Ridge Cider,0,0,2,0,2,2007,2007,1,Dugspur,Virginia,United States,Inactive,https://ciderguide.com/foggy-ridge-cider/,,,36.7672784,-80.5290282
Institut Agricole Régional,0,0,2,0,2,2022,2023,2,Aosta,Valle d'Aosta,Italy,Active,https://ciderguide.com/institut-agricole-regional/,https://www.iaraosta.it/,https://maps.google.com/?cid=4369008947984220898,45.7369231,7.3000211
Knightberg,0,0,2,0,2,2019,2019,1,Saint Petersburg,,Russia,Active,https://ciderguide.com/knightberg/,https://www.knightberg.ru/,https://www.google.com/maps?cid=10498501320606316951,59.9562289,30.3430525
Maison Hérout,0,0,2,0,2,2023,2023,1,Auvers,Manche,France,Active,https://ciderguide.com/maison-herout/,https://www.maisonherout.com/,https://maps.google.com/?cid=1426598113576371976,49.2940012,-1.303545
Mount Diablo Cider Company,0,0,2,0,2,2023,2023,1,Lafayette,California,United States,Active,https://ciderguide.com/mount-diablo-cider-company/,https://www.mountdiablocider.com/,,37.9025575,-122.0944769
OR\WA Cider Collective,0,0,2,0,2,2018,2018,1,Milwaukie,Oregon,United States,Inactive,https://ciderguide.com/orwa-cider-collective/,,,45.440262,-122.630103
Paynter's Cider,0,0,2,0,2,2019,2019,1,Havelock North,Hawke's Bay,New Zealand,Active,https://ciderguide.com/paynters-cider/,https://www.paynterscider.co.nz/,https://maps.google.com/?cid=3589298634850623661,-39.665185,176.8531411
S. Martinelli & Co.,0,0,2,0,2,2019,2021,2,Watsonville,California,United States,Active,https://ciderguide.com/s-martinelli-co/,https://www.martinellis.com/,https://maps.google.com/?cid=8541194903885889884,36.902162,-121.7648
Sidra El Gobernador,0,0,2,0,2,2013,2013,1,Villaviciosa,,Spain,Active,https://ciderguide.com/sidra-el-gobernador/,https://martinezsopenahermanos.com/,https://maps.google.com/?cid=16311632506815681967,43.520499,-5.4404062
Willie Smith's,0,0,2,0,2,2018,2018,1,Grove,Tasmania,Australia,Active,https://ciderguide.com/willie-smiths/,https://www.williesmiths.com.au/,https://www.google.com/maps?cid=16057012530083496420,-42.987793,147.085402
Wyndfall Cyder,0,0,2,0,2,2015,2016,2,Jordan,Minnesota,United States,Inactive,https://ciderguide.com/wyndfall-cyder/,,,44.640543,-93.68819
Bantam Cider,0,0,1,1,2,2013,2013,1,Somerville,Massachusetts,United States,Inactive,https://ciderguide.com/bantam-cider/,,,42.377773,-71.091902
Bird Dog Cider,0,0,1,1,2,2023,2023,1,Greenland,New Hampshire,United States,Active,https://ciderguide.com/bird-dog-cider/,https://birddogcider.com/,https://maps.google.com/?cid=14229181631948632959,43.0437859,-70.8550379
Blacksmiths Winery,0,0,1,1,2,2012,2012,1,Casco,Maine,United States,Inactive,https://ciderguide.com/blacksmiths-winery/,,,43.914429,-70.518351
Bowen Cider House,0,0,1,1,2,2023,2023,1,Bowen Island,British Columbia,Canada,Active,https://ciderguide.com/bowen-cider-house/,https://www.bowenciderhouse.ca/,https://maps.google.com/?cid=12163814483884536667,49.3639259,-123.3817062
Brick River Cider,0,0,1,1,2,2021,2021,1,St. Louis,Missouri,United States,Active,https://ciderguide.com/brick-river-cider/,https://brickrivercider.com/,https://maps.google.com/?cid=7012396128064719649,38.6339407,-90.2079809
Cider by Rosie,0,0,1,1,2,2011,2011,1,Winterbourne Houghton,Dorset,United Kingdom,Active,https://ciderguide.com/cider-by-rosie/,https://www.facebook.com/ciderbyrosie/,,50.8386141,-2.2593542
Cidres Nicol,0,0,1,1,2,2017,2017,1,Surzur,Morbihan,France,Active,https://ciderguide.com/cidres-nicol/,https://www.cidres-nicol.bzh/,https://www.google.com/maps?cid=3722769551030161998,47.5587853,-2.6110586
Cigar City Cider & Mead,0,0,1,1,2,2016,2016,1,Tampa,Florida,United States,Active,https://ciderguide.com/cigar-city-cider-mead/,http://www.cigarcitycider.com/,https://maps.google.com/?cid=105555702494086229,27.960748,-82.443199
Cold Hollow Cider Mill,0,0,1,1,2,2016,2017,2,Waterbury Center,Vermont,United States,Active,https://ciderguide.com/cold-hollow-cider-mill/,http://www.coldhollow.com/,https://maps.google.com/?cid=15170275416244382059,44.381363,-72.719895
Courthouse Creek Cider,0,0,1,1,2,2019,2019,1,Maidens,Virginia,United States,Active,https://ciderguide.com/courthouse-creek-cider/,http://courthousecreek.com/,https://maps.google.com/?cid=14539258264651566085,37.673983,-77.877307
Crimson Cider Company,0,0,1,1,2,2023,2023,1,Picton,Ontario,Canada,Active,https://ciderguide.com/crimson-cider-company/,https://www.crimsoncidercompany.com/,https://maps.google.com/?cid=3534633618958218537,43.9918792,-77.1891137
Dominion Cider Co.,0,0,1,1,2,2019,2019,1,Summerland,British Columbia,Canada,Active,https://ciderguide.com/dominion-cider-co/,http://dominioncider.com/,https://maps.google.com/?cid=8943197363356619776,49.589829,-119.692589
Ferro Farms,0,0,1,1,2,2016,2017,2,Lake Geneva,Wisconsin,United States,Inactive,https://ciderguide.com/ferro-farms/,,,42.591684,-88.43343
FieldBird Cider,0,0,1,1,2,2018,2018,1,Bloomfield,Ontario,Canada,Active,https://ciderguide.com/fieldbird-cider/,https://fieldbird.ca/,https://maps.google.com/?cid=6110288111923447317,44.0069575,-77.2822809
Flatbed Cider Co.,0,0,1,1,2,2016,2016,1,Milton-Freewater,Oregon,United States,Inactive,https://ciderguide.com/flatbed-cider-co/,,,47.72945,-122.149322
Fort Point Beer Company,0,0,1,1,2,2023,2023,1,San Francisco,California,United States,Active,https://ciderguide.com/fort-point-beer-company/,https://fortpointbeer.com/,https://maps.google.com/?cid=2077516693078079630,37.7896109,-122.4648487
Heirloom Hill Cider Company,0,0,1,1,2,2023,2023,1,Sterling,New York,United States,In Planning,https://ciderguide.com/heirloom-hill-cider-company/,,,43.3242698,-76.7188388
Henney's Cider,0,0,1,1,2,2009,2009,1,Bishops Frome,Herefordshire,United Kingdom,Active,https://ciderguide.com/henneys-cider/,http://www.henneys.co.uk/,,52.1324052,-2.4945371
Lost Valley Cider Co.,0,0,1,1,2,2019,2019,1,Milwaukee,Wisconsin,United States,Active,https://ciderguide.com/lost-valley-cider-co/,http://www.lostvalley.com/,https://maps.google.com/?cid=16904382002455233962,43.0276082,-87.9159237
Lucia Maria Melchiori,0,0,1,1,2,2023,2023,1,Predaia,Trentino ,Italy,Active,https://ciderguide.com/lucia-maria-melchiori/,https://sidroitaliano.it/,https://maps.google.com/?cid=15784129180909501372,46.3193865,11.0960328
Metal House Cider,0,0,1,1,2,2018,2018,1,Ulster Park,New York,United States,Active,https://ciderguide.com/metal-house-cider/,http://metalhousecider.com/,,41.848908,-73.973564
Mill Bridge Winery,0,0,1,1,2,2017,2017,1,Pigeon Forge,Tennessee,United States,Active,https://ciderguide.com/mill-bridge-winery/,http://www.millbridgewinery.com/,https://maps.google.com/?cid=2315023363076254103,35.788615,-83.554632
New Holland Brewing,0,0,1,1,2,2007,2007,1,Holland,Michigan,United States,Active,https://ciderguide.com/new-holland-brewing/,https://www.newhollandbrew.com/,https://maps.google.com/?cid=16974909858889468491,42.790068,-86.1042
New Leaf Cider Co.,0,0,1,1,2,2018,2021,2,Port Crane,New York,United States,Active,https://ciderguide.com/new-leaf-cider-co/,https://www.newleafcider.com/,https://www.google.com/maps?cid=18191376316753283743,42.1497193,-75.8199007
Rice Lake Hard Cider,0,0,1,1,2,2021,2021,1,Baltimore,Ontario,Canada,Active,https://ciderguide.com/rice-lake-hard-cider/,https://www.ricelakehardcider.ca/,https://maps.google.com/?cid=5324762577871638377,44.017223,-78.1461123
Speciation Artisan Ales,0,0,1,1,2,2022,2023,2,Grand Rapids,Michigan,United States,Active,https://ciderguide.com/speciation-artisan-ales/,https://speciationartisanales.com/,https://maps.google.com/?cid=16258724761386403117,42.9552166,-85.6456408
Sutliff Cider Company,0,0,1,1,2,2022,2022,1,Lisbon,Iowa,United States,Inactive,https://ciderguide.com/sutliff-cider-company/,,,41.887218,-91.385952
Tilted Shed Ciderworks,0,0,1,1,2,2013,2013,1,Windsor,California,United States,Active,https://ciderguide.com/tilted-shed-ciderworks/,http://www.tiltedshed.com/,https://maps.google.com/?cid=15958152535454169919,38.536915,-122.805436
Tom's Foolery Distillery,0,0,1,1,2,2011,2011,1,Burton,Ohio,United States,Active,https://ciderguide.com/toms-foolery-distillery/,https://www.tomsfoolery.com/,https://maps.google.com/?cid=7365488511239337011,41.3910297,-81.1757311
Troy Cider,0,0,1,1,2,2015,2018,2,Fulton,California,United States,Inactive,https://ciderguide.com/troy-cider/,,,38.495772,-122.7667
Turncoat Cidery,0,0,1,1,2,2023,2023,1,Jamestown,Rhode Island,United States,Active,https://ciderguide.com/turncoat-cidery/,https://www.turncoatcidery.com/,,41.487469,-71.3907177
Txopinondo,0,0,1,1,2,2014,2016,2,Ascain,Pyrénées-Atlantiques,France,Active,https://ciderguide.com/txopinondo/,https://txopinondo.fr/,https://maps.google.com/?cid=14446292626809718341,43.364722,-1.6375
Westside CiderWerks,0,0,1,1,2,2016,2016,1,Grand Rapids,Michigan,United States,Inactive,https://ciderguide.com/westside-ciderwerks/,,,42.97887,-85.71474
Windfall Cider,0,0,1,1,2,2019,2021,2,Vancouver,British Columbia,Canada,Active,https://ciderguide.com/windfall-cider/,https://windfallcider.ca/,https://maps.google.com/?cid=11000972800697075085,49.3093392,-123.0750308
Woodbox Cider Co.,0,0,1,1,2,2016,2017,2,Portland,Oregon,United States,Inactive,https://ciderguide.com/woodbox-cider-co/,,,45.546299,-122.576482
^5 Cider,0,0,0,2,2,2016,2016,1,Portland,Oregon,United States,Inactive,https://ciderguide.com/5-cider/,,,45.528907,-122.610394
3 Keys Brewing,0,0,0,2,2,2019,2019,1,Bradenton,Florida,United States,Active,https://ciderguide.com/3-keys-brewing/,https://www.3keysbrewing.com/,https://maps.google.com/?cid=9227766610482221383,27.496807,-82.532577
Bier Distillery,0,0,0,2,2,2017,2019,2,Comstock Park,Michigan,United States,Active,https://ciderguide.com/bier-distillery/,http://bierdistillery.com/,https://maps.google.com/?cid=17532214762902294812,43.0593786,-85.6411356
Bonnieheath Estate Winery,0,0,0,2,2,2017,2017,1,Waterford,Ontario,Canada,Active,https://ciderguide.com/bonnieheath-estate-winery/,http://bonnieheathestate.ca/,https://maps.google.com/?cid=10037639566151793222,42.890266,-80.261896
Cidrerie Compton,0,0,0,2,2,2023,2023,1,Compton,Quebec,Canada,Active,https://ciderguide.com/cidrerie-compton/,https://cidreriecompton.com/,https://maps.google.com/?cid=12110507997233958951,45.258375,-71.8262323
Ethic Ciders,0,0,0,2,2,2019,2019,1,Petaluma,California,United States,Active,https://ciderguide.com/ethic-ciders/,https://ethicciders.com/,https://maps.google.com/?cid=8690271967777704135,38.4257764,-122.8569459
Farmstead Cider,0,0,0,2,2,2021,2021,1,Jackson,Wyoming,United States,Active,https://ciderguide.com/farmstead-cider/,https://farmsteadwyo.com/,https://maps.google.com/?cid=17159845861173496600,43.4201872,-110.7769249
Forward Ferments,0,0,0,2,2,2019,2019,1,Myra,Wisconsin,United States,Inactive,https://ciderguide.com/forward-ferments/,,,43.417508,-88.092845
Gnarly Grove Hard Cider,0,0,0,2,2,2016,2016,1,Columbus,Indiana,United States,Inactive,https://ciderguide.com/gnarly-grove-hard-cider/,,,39.267861,-85.832134
Himachal,0,0,0,2,2,2016,2017,2,Burnley,Lancashire,United Kingdom,Inactive,https://ciderguide.com/himachal/,,,53.80675,-2.21805
Leaky Barrel Cider Company,0,0,0,2,2,2017,2017,1,Windsor,California,United States,Inactive,https://ciderguide.com/leaky-barrel-cider-company/,,,38.5289432,-122.8030103
Little Pomona,0,0,0,2,2,2018,2018,1,Bromyard,Herefordshire,United Kingdom,Active,https://ciderguide.com/little-pomona/,https://littlepomona.com/,https://maps.google.com/?cid=1246096540068808621,52.1692482,-2.4944892
Northwood Cider Co.,0,0,0,2,2,2023,2023,1,Norwood,Ohio,United States,Active,https://ciderguide.com/northwood-cider-co/,https://www.northwoodcider.com/,https://maps.google.com/?cid=16951636823953034934,39.1584343,-84.458172
Orpens Cider,0,0,0,2,2,2014,2015,2,Kildare,Kildare,Ireland,Inactive,https://ciderguide.com/orpens-cider/,,,53.1589342,-6.9095683
Red Top Winery,0,0,0,2,2,2021,2021,1,Baroda,Michigan,United States,Active,https://ciderguide.com/red-top-winery/,https://www.redtopwinery.com/,https://maps.google.com/?cid=15385897061106434052,41.9260552,-86.4463222
Sunrise Orchards,0,0,0,2,2,2013,2013,1,Cornwall,Vermont,United States,Inactive,https://ciderguide.com/sunrise-orchards/,,,43.9619117,-73.2398856
Tenmile Cider Co.,0,0,0,2,2,2022,2022,1,Breckenridge,Colorado,United States,Active,https://ciderguide.com/tenmile-cider-co/,https://www.facebook.com/tenmileciderco/,https://maps.google.com/?cid=3695059567295141532,39.4824831,-106.0463073
The Northman Beer & Cider Garden,0,0,0,2,2,2022,2022,1,Chicago,Illinois,United States,Active,https://ciderguide.com/the-northman-beer-cider-garden/,https://www.thenorthman.com/,https://maps.google.com/?cid=8255505004227772024,41.8882465,-87.6215707
The Old Mine Cider Company,0,0,0,2,2,2018,2018,1,Erie,Colorado,United States,Active,https://ciderguide.com/the-old-mine-cider-company/,http://theoldmine.com/,https://maps.google.com/?cid=10595580658092782014,40.049115,-105.047549
Tumalo Cider,0,0,0,2,2,2021,2021,1,Bend,Oregon,United States,Active,https://ciderguide.com/tumalo-cider/,http://www.tumalocider.com/,https://maps.google.com/?cid=522863006020173702,44.1473701,-121.3304068
Zapiain,0,0,0,2,2,2014,2019,2,Astigarraga,Gipuzkoa,Spain,Active,https://ciderguide.com/zapiain/,https://zapiain.eus/,https://maps.google.com/?cid=16982677267877188990,43.2821854,-1.9422089
Talisman Farm Cidery,1,0,0,0,1,2016,2016,1,Hygiene,Colorado,United States,Inactive,https://ciderguide.com/talisman-farm-cidery/,,,40.1893942,-105.1781092
Bear Cider,0,1,0,0,1,2019,2019,1,Naarden,North Holland,Netherlands,Active,https://ciderguide.com/bear-cider/,http://www.bearcider.com/,https://maps.google.com/?cid=2306162274342811911,52.2961063,5.1662739
Calvados Pierre Huet,0,1,0,0,1,2023,2023,1,Cambremer,Calvados,France,Active,https://ciderguide.com/calvados-pierre-huet/,https://www.calvados-huet.com/,https://maps.google.com/?cid=11210783185501022788,49.1476519,0.0462976
Kikusui Brewing Co.,0,1,0,0,1,2022,2022,1,Iida,Nagano,Japan,Active,https://ciderguide.com/kikusui-brewing-co/,https://kikusuisake.co.jp/,https://maps.google.com/?cid=273138642744687145,35.5132343,137.8072107
Kuhnhenn Brewing Co.,0,1,0,0,1,2023,2023,1,Warren,Michigan,United States,Active,https://ciderguide.com/kuhnhenn-brewing-co/,http://www.kbrewery.com/,https://maps.google.com/?cid=15962690616595599148,42.527768,-83.046765
Malner,0,1,0,0,1,2023,2023,1,Kozina,,Slovenia,Active,https://ciderguide.com/malner/,https://www.malnercider.com/,https://maps.google.com/?cid=15238117087452971281,45.5749654,13.9366407
3Cs Cider,0,0,1,0,1,2014,2014,1,Brackley,Northamptonshire,United Kingdom,Inactive,https://ciderguide.com/3cs-cider/,,,52.070567,-1.179328
Apple Hill Cidery,0,0,1,0,1,2016,2016,1,Lexington,Kentucky,United States,Inactive,https://ciderguide.com/apple-hill-cidery/,,,38.14,-84.47
bigLITTLE Wines,0,0,1,0,1,2016,2016,1,Suttons Bay,Michigan,United States,Inactive,https://ciderguide.com/biglittle-wines/,,,44.915844,-85.654114
Black Devil Cider,0,0,1,0,1,2018,2018,1,Cambridge,Tasmania,Australia,Inactive,https://ciderguide.com/black-devil-cider/,,,-42.8310446,147.463841
Cellar Brewing Company,0,0,1,0,1,2011,2011,1,Sparta,Michigan,United States,Inactive,https://ciderguide.com/cellar-brewing-company/,,,43.160209,-85.697494
Chase Hill Cider,0,0,1,0,1,2022,2022,1,Albany,New Hampshire,United States,Active,https://ciderguide.com/chase-hill-cider/,https://www.chasehillcider.com/,,43.980732,-71.152804
Copper Crow Distillery,0,0,1,0,1,2022,2022,1,Bayfield,Wisconsin,United States,Active,https://ciderguide.com/copper-crow-distillery/,https://www.coppercrowdistillery.com/,https://maps.google.com/?cid=9042424009847033963,46.857048,-90.7939071
Creekside Estate Winery,0,0,1,0,1,2018,2018,1,Jordan,Ontario,Canada,Active,https://ciderguide.com/creekside-estate-winery/,https://www.creeksidewine.com/,https://maps.google.com/?cid=6701885899561213756,43.1524387,-79.3331283
Dickens Cider,0,0,1,0,1,2014,2014,1,Hillwood,Tasmania,Australia,Inactive,https://ciderguide.com/dickens-cider/,,,-41.252324,146.995144
Domaine de Normandie,0,0,1,0,1,2016,2016,1,Caderousse,Vaucluse,France,Inactive,https://ciderguide.com/domaine-de-normandie/,,,44.102636,4.7591221
Domaine Pinnacle,0,0,1,0,1,2013,2013,1,Frelighsburg,Quebec,Canada,Active,https://ciderguide.com/domaine-pinnacle/,https://domainepinnacle.ca/,,45.027528,-72.784982
Epona,0,0,1,0,1,2021,2021,1,Woodland,Washington,United States,Inactive,https://ciderguide.com/epona/,,,45.9446269,-122.6949361
Fourth Coast Ciderworks,0,0,1,0,1,2019,2019,1,Lake Orion,Michigan,United States,Active,https://ciderguide.com/fourth-coast-ciderworks/,https://fourthcoastciderworks.com/,https://maps.google.com/?cid=16743566446213207343,42.7457157,-83.2832693
Garage D'or Ciders,0,0,1,0,1,2017,2017,1,Pelham,Ontario,Canada,Active,https://ciderguide.com/garage-dor-ciders/,https://www.facebook.com/garagedorciders/,https://maps.google.com/?ftid=0x89d3495b85ab330f:0xa66b7f6644047a01,43.045335,-79.285449
Geo Cider,0,0,1,0,1,2023,2023,1,Squamish,British Columbia,Canada,Active,https://ciderguide.com/geo-cider/,https://www.instagram.com/geocider/,https://maps.google.com/?cid=10270629130837708300,49.7240532,-123.1542449
Good Bones Ciderhouse,0,0,1,0,1,2023,2023,1,Beulah,Michigan,United States,In Planning,https://ciderguide.com/good-bones-ciderhouse/,,,44.6279156,-85.9957727
Great Lakes Farms,0,0,1,0,1,2023,2023,1,Port Stanley,Ontario,Canada,Active,https://ciderguide.com/great-lakes-farms/,https://www.greatlakesfarms.ca/,https://maps.google.com/?cid=4288748841792254287,42.6911428,-81.2335877
J. Trees Cellars,0,0,1,0,1,2011,2011,1,Tecumseh,Michigan,United States,Inactive,https://ciderguide.com/j-trees-cellars/,,,42.004554,-83.934273
Kennebec Cider Company,0,0,1,0,1,2011,2011,1,Winthrop,Maine,United States,Inactive,https://ciderguide.com/kennebec-cider-company/,,,44.3251,-69.898994
Koval Distillery,0,0,1,0,1,2011,2011,1,Chicago,Illinois,United States,Active,https://ciderguide.com/koval-distillery/,https://www.koval-distillery.com/,https://maps.google.com/?cid=9716967101922409345,41.9589073,-87.6733714
Melo Moon Cider,0,0,1,0,1,2022,2022,1,Greenwich,New York,United States,Active,https://ciderguide.com/melo-moon-cider/,https://www.melomooncider.com/,,43.0172595,-73.5126149
Moss Vineyards,0,0,1,0,1,2022,2022,1,Dyke,Virginia,United States,Active,https://ciderguide.com/moss-vineyards/,https://www.mossvineyards.net/,https://maps.google.com/?cid=14559514205860476618,38.2404817,-78.5514481
Reinhart's Cider,0,0,1,0,1,2018,2018,1,Stayner,Ontario,Canada,Active,https://ciderguide.com/reinharts-cider/,https://reinhartscider.ca/,https://maps.google.com/?cid=15478828734791514275,44.4209888,-80.0971399
Rider Ranch,0,0,1,0,1,2018,2018,1,Los Gatos,California,United States,Inactive,https://ciderguide.com/rider-ranch/,,,37.122006,-121.977594
Riley's Cidery,0,0,1,0,1,2023,2023,1,Bowen Island,British Columbia,Canada,Active,https://ciderguide.com/rileys-cidery/,https://www.rileyscider.com/,https://maps.google.com/?cid=9203737158800520029,49.3624343,-123.4012374
Rock N Wool Winery,0,0,1,0,1,2021,2021,1,Poynette,Wisconsin,United States,Active,https://ciderguide.com/rock-n-wool-winery/,http://www.rocknwoolwinery.com/,https://maps.google.com/?cid=4773134413393793062,43.4264281,-89.3907181
Rogue Ales & Spirits,0,0,1,0,1,2016,2016,1,Newport,Oregon,United States,Active,https://ciderguide.com/rogue-ales-spirits/,http://www.rogue.com/,https://maps.google.com/?cid=15972873389957435766,44.620258,-124.052403
Seven Seeds Seidr,0,0,1,0,1,2019,2019,1,Forest Grove,Oregon,United States,Active,https://ciderguide.com/seven-seeds-seidr/,https://7seidr.com/,https://www.google.com/maps?cid=13790673373096625716,45.5230163,-123.1063599
Shield Cider,0,0,1,0,1,2018,2018,1,Houston,Texas,United States,Inactive,https://ciderguide.com/shield-cider/,,,29.7811534,-95.626656
Sidra Cortina,0,0,1,0,1,2013,2013,1,Amandi,Villaviciosa,Spain,Active,https://ciderguide.com/sidra-cortina/,https://www.sidracortina.com/,https://www.google.com/maps?cid=14248814769091122504,43.4709695,-5.4418764
Sidrería Irigoien Herrero,0,0,1,0,1,2015,2015,1,Astigarraga,Gipuzkoa,Spain,Active,https://ciderguide.com/sidreria-irigoien-herrero/,https://www.sidreriairigoien.com/,https://maps.google.com/?cid=7008206708852121852,43.2851708,-1.9329983
Silo Distillery,0,0,1,0,1,2019,2019,1,Windsor,Vermont,United States,Inactive,https://ciderguide.com/silo-distillery/,,,43.5143504,-72.402142
SoCal CiderWorks,0,0,1,0,1,2017,2017,1,Los Angeles,California,United States,Inactive,https://ciderguide.com/socal-ciderworks/,,,34.1385139,-118.2103626
Squiggly Tree Cider,0,0,1,0,1,2021,2021,1,Grand Rapids,Michigan,United States,Inactive,https://ciderguide.com/squiggly-tree-cider/,,,43.0187425,-85.6003355
Still River Winery,0,0,1,0,1,2011,2011,1,Harvard,Massachusetts,United States,Inactive,https://ciderguide.com/still-river-winery/,,,42.4817422,-71.583847
Stoked Cider,0,0,1,0,1,2018,2018,1,Westlake Village,California,United States,Inactive,https://ciderguide.com/stoked-cider/,,,34.1557416,-118.8083848
Stoney Ridge Winery,0,0,1,0,1,2018,2018,1,Bryan,Ohio,United States,Active,https://ciderguide.com/stoney-ridge-winery/,http://www.stoneyridgewinery.com/,https://maps.google.com/?cid=11251317941626772107,41.516257,-84.516839
Thornborough Cider,0,0,1,0,1,2017,2017,1,Thornborough,Yorkshire,United Kingdom,Active,https://ciderguide.com/thornborough-cider/,http://thornboroughcider.co.uk/,https://maps.google.com/?cid=5238332447600515576,54.213483,-1.55187
Tin Hat Cider,0,0,1,0,1,2018,2018,1,Warren,Vermont,United States,Active,https://ciderguide.com/tin-hat-cider/,http://www.tinhatcider.com/,,44.087237,-72.715339
Upstream Cider,0,0,1,0,1,2019,2019,1,Stevens Point,Wisconsin,United States,Inactive,https://ciderguide.com/upstream-cider/,,,44.4976,-89.5595
Vin 312,0,0,1,0,1,2021,2021,1,Chicago,Illinois,United States,Active,https://ciderguide.com/vin-312/,https://www.vin312.com/,https://maps.google.com/?cid=17747357387511626049,41.9676466,-87.6748505
Vins Arista,0,0,1,0,1,2023,2023,1,Rougemont,Quebec,Canada,Active,https://ciderguide.com/vins-arista/,http://www.vinsarista.com/,https://maps.google.com/?cid=6192246319146313918,45.43974,-73.057558
Winterset Cidery,0,0,1,0,1,2023,2023,1,Winterset,Iowa,United States,Active,https://ciderguide.com/winterset-cidery/,http://www.wintersetcidery.com/,https://maps.google.com/?cid=869133598205810635,41.411913,-94.012008
Adesanya Mead & Microbrewery,0,0,0,1,1,2021,2021,1,Grandville,Michigan,United States,Active,https://ciderguide.com/adesanya-mead-microbrewery/,https://adesanyamead.com/,https://maps.google.com/?cid=11170001888065765482,42.9128227,-85.739652
Akiu Winery,0,0,0,1,1,2022,2022,1,Sendai,Miyagi,Japan,Active,https://ciderguide.com/akiu-winery/,https://akiuwinery.co.jp/,https://maps.google.com/?cid=3770017906433711240,38.2265556,140.7279175
Allegheny Cellars Winery,0,0,0,1,1,2013,2013,1,Sheffield,Pennsylvania,United States,Active,https://ciderguide.com/allegheny-cellars-winery/,https://alleghenycellars.com/,https://maps.google.com/?cid=1822976743540902702,40.1450666,-79.8385414
Apfelweinkontor,0,0,0,1,1,2014,2014,1,Frankfurt,Hesse,Germany,Active,https://ciderguide.com/apfelweinkontor/,https://www.apfelweinkontor.com/,https://maps.google.com/?cid=599143855742456461,50.0830297,8.5706785
Arktos Meadery,0,0,0,1,1,2016,2016,1,Grand Rapids,Michigan,United States,Active,https://ciderguide.com/arktos-meadery/,http://arktosmeadery.com/,https://maps.google.com/?cid=7005936374443669774,42.9705088,-85.6806922
Bardic Brewing & Cider,0,0,0,1,1,2021,2021,1,Spokane Valley,Washington,United States,Active,https://ciderguide.com/bardic-brewing-cider/,https://bardicbrewing.com/,https://maps.google.com/?cid=16287026841313638802,47.6558422,-117.1983661
Bayfield Winery & Blue Ox Cider,0,0,0,1,1,2021,2021,1,Bayfield,Wisconsin,United States,Active,https://ciderguide.com/bayfield-winery-blue-ox-cider/,https://www.bayfieldwinery.com/,https://maps.google.com/?cid=14105068756577217367,46.8371393,-90.8362981
Blindwood Cider,0,0,0,1,1,2019,2019,1,Berkeley,California,United States,Active,https://ciderguide.com/blindwood-cider/,https://www.blindwood.com/,https://maps.google.com/?cid=13001034442133728858,37.7058267,-122.188838
Boston Beer Company,0,0,0,1,1,2007,2007,1,Boston,Massachusetts,United States,Active,https://ciderguide.com/boston-beer-company/,https://www.bostonbeer.com/,https://www.google.com/maps?cid=6956690930973160310,42.3146507,-71.1032193
Brinkhall Sparkling,0,0,0,1,1,2017,2017,1,Halikko,Southwest Finland,Finland,Active,https://ciderguide.com/brinkhall-sparkling/,https://bsp.fi/,https://www.google.com/maps?cid=10856204128601037922,60.4236854,23.0462561
Casa de Oro Cider,0,0,0,1,1,2023,2023,1,Sun Valley,California,United States,Active,https://ciderguide.com/casa-de-oro-cider/,https://www.casadeorocider.com/,,34.226288,-118.4016825
Cotswold Cider Company,0,0,0,1,1,2017,2017,1,Swindon,Wiltshire,United Kingdom,Active,https://ciderguide.com/cotswold-cider-company/,http://www.cotswoldciderco.com/,,51.650203,-1.5959266
Craigies Cider,0,0,0,1,1,2015,2015,1,Bagenalstown,Carlow,Ireland,Active,https://ciderguide.com/craigies-cider/,https://craigiescider.ie/,https://maps.google.com/?cid=15929028342107779755,52.6971962,-6.9762235
Dan Kelly's Cider,0,0,0,1,1,2015,2015,1,Drogheda,Louth,Ireland,Active,https://ciderguide.com/dan-kellys-cider/,https://dankellyscider.com/,https://goo.gl/maps/ecWYQw42trgsqCa26,53.7063533,-6.3223204
Downeast Cider House,0,0,0,1,1,2012,2012,1,Charlestown,Massachusetts,United States,Active,https://ciderguide.com/downeast-cider-house/,http://downeastcider.com/,https://maps.google.com/?cid=7019685646770059533,42.382701,-71.050492
Duntroon Cyder House,0,0,0,1,1,2015,2015,1,Duntroon,Ontario,Canada,Active,https://ciderguide.com/duntroon-cyder-house/,http://duntrooncyderhouse.com/,https://maps.google.com/?cid=64bcac1176cdd7a9,44.410816,-80.196816
East End Brewing Company,0,0,0,1,1,2022,2022,1,Pittsburgh,Pennsylvania,United States,Active,https://ciderguide.com/east-end-brewing-company/,https://www.eastendbrewing.com/,https://maps.google.com/?cid=4597238954397141609,40.4592101,-79.91171
Eva Group,0,0,0,1,1,2016,2016,1,Lekunberri,Navarre,Spain,Active,https://ciderguide.com/eva-group/,https://www.evasa.com/,https://www.google.com/maps?cid=546948451257487120,43.0042839,-1.91068
F.H. Prager,0,0,0,1,1,2016,2016,1,Zbraslav,Prague,Czechia,Active,https://ciderguide.com/f-h-prager/,https://fhprager.cz/,https://maps.google.com/?cid=5646652119245236581,49.9773812,14.3938187
Farm & Cidery Kaneshige,0,0,0,1,1,2022,2022,1,Shimojō,Nagano,Japan,Active,https://ciderguide.com/farm-cidery-kaneshige/,https://www.kaneshige.jp/,https://maps.google.com/?cid=16274463510556174655,35.4001414,137.7568105
Farm Club,0,0,0,1,1,2023,2023,1,Traverse City,Michigan,United States,Active,https://ciderguide.com/farm-club/,https://www.farmclubtc.com/,https://maps.google.com/?cid=8210990554858898190,44.8331931,-85.6898661
French Road Cellars,0,0,0,1,1,2011,2011,1,Lake Leelenau,Michigan,United States,Active,https://ciderguide.com/french-road-cellars/,https://www.facebook.com/people/French-Road-Cellars/100000891320821,https://maps.google.com/?cid=8940085964303700205,44.9473982,-85.7551357
Friendly Noise,0,0,0,1,1,2023,2023,1,Los Angeles,California,United States,Active,https://ciderguide.com/friendly-noise/,https://friendlynoise.com/,,34.0522342,-118.2436849
Hard Way Cider Co.,0,0,0,1,1,2019,2019,1,Kingston,Ontario,Canada,Active,https://ciderguide.com/hard-way-cider-co/,https://www.hardwaycider.com/,https://maps.google.com/?cid=5676879976146727731,44.241888,-76.5736795
Heartland Ciderworks,0,0,0,1,1,2023,2023,1,Rickreall,Oregon,United States,Active,https://ciderguide.com/heartland-ciderworks/,https://www.instagram.com/heartland_ciderworks/,,44.9264472,-123.2292953
Hideout Brewing Company,0,0,0,1,1,2009,2009,1,Grand Rapids,Michigan,United States,Inactive,https://ciderguide.com/hideout-brewing-company/,,,43.0179127,-85.6308116
Long View Ciderhouse,0,0,0,1,1,2023,2023,1,Southington,Connecticut,United States,Active,https://ciderguide.com/long-view-ciderhouse/,https://www.longviewcider.com/,https://www.google.com/maps?cid=6305409962970670771,41.6365031,-72.8386701
Longueville House,0,0,0,1,1,2015,2015,1,Mallow,Cork,Ireland,Active,https://ciderguide.com/longueville-house/,http://www.longuevillehouse.ie/,https://maps.google.com/?cid=5224027865172259654,52.1385965,-8.6462977
Malicious Spirits,0,0,0,1,1,2018,2018,1,Manistee,Michigan,United States,Inactive,https://ciderguide.com/malicious-spirits/,,,44.2126394,-86.2616291
Mori-yama-en,0,0,0,1,1,2022,2022,1,Hirosaki,Aomori,Japan,Active,https://ciderguide.com/mori-yama-en/,https://moriyamaen.jp/,https://maps.google.com/?cid=6588999777049915253,40.5869073,140.4570299
No Boats On Sunday,0,0,0,1,1,2017,2017,1,Truro,Nova Scotia,Canada,Active,https://ciderguide.com/no-boats-on-sunday/,http://www.noboatscider.com/,https://maps.google.com/?ftid=0x4b594fcf093b81a7:0x3896ccf871a7b76e,45.365773,-63.286941
Rebel Seed Cidery,0,0,0,1,1,2016,2016,1,Marydel,Delaware,United States,Active,https://ciderguide.com/rebel-seed-cidery/,https://www.facebook.com/RebelSeedCider/,https://maps.google.com/?cid=7067059753674240387,39.083683,-75.742472
Red Door Brewing Company,0,0,0,1,1,2019,2019,1,Albuquerque,New Mexico,United States,Active,https://ciderguide.com/red-door-brewing-company/,http://reddoorbrewing.com/,https://maps.google.com/?cid=1847811764548702029,35.0848892,-106.6532389
Sanctuary Spirits,0,0,0,1,1,2014,2014,1,Grand Ledge,Michigan,United States,Active,https://ciderguide.com/sanctuary-spirits/,https://www.sanctuaryspirits.com/,https://maps.google.com/?cid=16808971529887652729,42.7404054,-84.7354777
Santa Fe Cider Works,0,0,0,1,1,2015,2015,1,Santa Fe,New Mexico,United States,Inactive,https://ciderguide.com/santa-fe-cider-works/,,,35.637686,-106.025024
Sidra Castañón,0,0,0,1,1,2013,2013,1,Quintueles,Villaviciosa,Spain,Active,https://ciderguide.com/sidra-castanon/,http://www.sidracastanon.com/,https://maps.google.com/?cid=3082307260151948865,43.5144271,-5.5691788
Sidra Menéndez,0,0,0,1,1,2013,2013,1,Fano,Gijón,Spain,Active,https://ciderguide.com/sidra-menendez/,https://www.sidramenendez.com/,https://maps.google.com/?cid=17564685525851225222,43.4612103,-5.6209813
Sulker's Cider,0,0,0,1,1,2017,2017,1,Newmarket,Ontario,Canada,Inactive,https://ciderguide.com/sulkers-cider/,,,44.055902,-79.3909169
Sully's Cider,0,0,0,1,1,2014,2014,1,Reidsdale,New South Wales,Australia,Active,https://ciderguide.com/sullys-cider/,https://www.braidwoodmade.com.au/,https://www.google.com/maps?cid=15769259423179665592,-35.5730387,149.8488755
Summerland Heritage Cider Company,0,0,0,1,1,2013,2013,1,Summerland,British Columbia,Canada,Active,https://ciderguide.com/summerland-heritage-cider-company/,http://www.summerlandcider.com/,https://goo.gl/maps/1mXsBm9g5Mm,49.571672,-119.636982
The Cider Mill Slane,0,0,0,1,1,2014,2014,1,Slane,Meath,Ireland,Active,https://ciderguide.com/the-cider-mill-slane/,http://cockagee.ie/,https://maps.google.com/?cid=14640349583461390741,53.7129257,-6.6236699
The Hills Cider Company,0,0,0,1,1,2014,2014,1,North Adelaide,South Australia,Australia,Active,https://ciderguide.com/the-hills-cider-company/,http://www.thehillscidercompany.com.au/,https://maps.google.com/?cid=40048064327732560,-34.9062759,138.5941616
The New Frontier Cider Company,0,0,0,1,1,2019,2019,1,Seville,Ohio,United States,Inactive,https://ciderguide.com/the-new-frontier-cider-company/,,,41.04744,-81.850545
Three Brothers Wineries & Estates,0,0,0,1,1,2015,2015,1,Geneva,New York,United States,Active,https://ciderguide.com/three-brothers-wineries-estates/,http://www.3brotherswinery.com/,https://maps.google.com/?cid=14242304132257134000,42.820685,-76.926299
Trubacheevka,0,0,0,1,1,2023,2023,1,Trubacheyevka,,Russia,Active,https://ciderguide.com/trubacheevka/,http://plbb.ru/,,55.646393,37.1704977
Unibroue,0,0,0,1,1,2005,2005,1,Chambly,Quebec,Canada,Inactive,https://ciderguide.com/unibroue/,,,45.4412746,-73.2614007
Vines & Rushes Winery,0,0,0,1,1,2014,2014,1,Ripon,Wisconsin,United States,Active,https://ciderguide.com/vines-rushes-winery/,http://vinesandrushes.com/,https://maps.google.com/?cid=12762340411071091355,43.906003,-88.839949
Westview Orchards & Winery,0,0,0,1,1,2019,2019,1,Washington,Michigan,United States,Active,https://ciderguide.com/westview-orchards-winery/,https://www.westviewproduce.com/,https://maps.google.com/?cid=15618716970399132431,42.772653,-83.018539
Working Hands Fermentation,0,0,0,1,1,2017,2017,1,Hood River,Oregon,United States,Active,https://ciderguide.com/working-hands-fermentation/,https://www.workinghandsfermentation.com/,https://www.google.com/maps?cid=5832524138589986526,45.7024656,-121.5233966
XO Alambic,0,0,0,1,1,2019,2019,1,Dayton,Washington,United States,Inactive,https://ciderguide.com/xo-alambic/,,,46.3100847,-117.9976091
Yahara Bay Distillery,0,0,0,1,1,2011,2011,1,Madison,Wisconsin,United States,Active,https://ciderguide.com/yahara-bay-distillery/,https://yaharabay.com/,https://maps.google.com/?cid=8701529831545914795,43.0106427,-89.4784476
