Year,Class,Medalist,Product,Award,Score,Status,Region,Country,Website,Facebook,Instagram,Google,Yelp,TripAdvisor,Untappd
2011,Dry Cider,Henney's Cider,Henney's Dry Cider,🥇 Gold,,Active,Herefordshire,England,"<a href=""http://www.henneys.co.uk/"">Website</a>","<a href=""https://www.facebook.com/HenneysCider"">Facebook</a>",,,,,"<a href=""https://untappd.com/brewery/10577"">Untappd</a>"
2011,Dry Cider,Henney's Cider,Henney's Vintage Cider,🥈 Silver,,Active,Herefordshire,England,"<a href=""http://www.henneys.co.uk/"">Website</a>","<a href=""https://www.facebook.com/HenneysCider"">Facebook</a>",,,,,"<a href=""https://untappd.com/brewery/10577"">Untappd</a>"
2011,Dry Cider,Small Acres Cyder,Somerset Still 2010,🥉 Bronze,,Active,New South Wales,Australia,"<a href=""https://www.smallacrescyder.com.au/"">Website</a>","<a href=""https://www.facebook.com/SmallAcresCyder"">Facebook</a>","<a href=""https://www.instagram.com/smallacrescyder"">Instagram</a>","<a href=""https://maps.google.com/?cid=1497457670374953580"">Google</a>",,"<a href=""https://www.tripadvisor.com/Attraction_Review-g2642455-d5991203"">TripAdvisor</a>","<a href=""https://untappd.com/brewery/14584"">Untappd</a>"
2011,Medium Cider,Gwynt y Ddraig Cider,Farmhouse Cloudy Scrumpy,🥉 Bronze,,Active,Rhondda Cynon Taf,Wales,"<a href=""https://gwyntcidershop.com/"">Website</a>","<a href=""https://www.facebook.com/gwyntcider/"">Facebook</a>","<a href=""https://www.instagram.com/gwyntyddraigcider/"">Instagram</a>","<a href=""https://maps.google.com/?cid=194836955180238214"">Google</a>",,,"<a href=""https://untappd.com/brewery/6770"">Untappd</a>"
2011,Medium Cider,Small Acres Cyder,Norfolk Still 2010,🥉 Bronze,,Active,New South Wales,Australia,"<a href=""https://www.smallacrescyder.com.au/"">Website</a>","<a href=""https://www.facebook.com/SmallAcresCyder"">Facebook</a>","<a href=""https://www.instagram.com/smallacrescyder"">Instagram</a>","<a href=""https://maps.google.com/?cid=1497457670374953580"">Google</a>",,"<a href=""https://www.tripadvisor.com/Attraction_Review-g2642455-d5991203"">TripAdvisor</a>","<a href=""https://untappd.com/brewery/14584"">Untappd</a>"
2011,Sweet Cider,Henney's Cider,Henney’s Sweet Cider,🥈 Silver,,Active,Herefordshire,England,"<a href=""http://www.henneys.co.uk/"">Website</a>","<a href=""https://www.facebook.com/HenneysCider"">Facebook</a>",,,,,"<a href=""https://untappd.com/brewery/10577"">Untappd</a>"
2011,Sweet Cider,Magners,Magners Original Irish Cider,🥉 Bronze,,Active,Tipperary,Ireland,"<a href=""https://magners.co.uk/"">Website</a>","<a href=""https://www.facebook.com/magnerscider"">Facebook</a>","<a href=""https://www.instagram.com/magnersuk"">Instagram</a>","<a href=""https://maps.google.com/?cid=13030775149028298606"">Google</a>",,,"<a href=""https://untappd.com/MagnersCider"">Untappd</a>"
2011,Sweet Cider,Small Acres Cyder,Appscato 2010,🥉 Bronze,,Active,New South Wales,Australia,"<a href=""https://www.smallacrescyder.com.au/"">Website</a>","<a href=""https://www.facebook.com/SmallAcresCyder"">Facebook</a>","<a href=""https://www.instagram.com/smallacrescyder"">Instagram</a>","<a href=""https://maps.google.com/?cid=1497457670374953580"">Google</a>",,"<a href=""https://www.tripadvisor.com/Attraction_Review-g2642455-d5991203"">TripAdvisor</a>","<a href=""https://untappd.com/brewery/14584"">Untappd</a>"
2011,Sweet Cider,Gwynt y Ddraig Cider,Orchard Gold,🥉 Bronze,,Active,Rhondda Cynon Taf,Wales,"<a href=""https://gwyntcidershop.com/"">Website</a>","<a href=""https://www.facebook.com/gwyntcider/"">Facebook</a>","<a href=""https://www.instagram.com/gwyntyddraigcider/"">Instagram</a>","<a href=""https://maps.google.com/?cid=194836955180238214"">Google</a>",,,"<a href=""https://untappd.com/brewery/6770"">Untappd</a>"
2011,Bottle Conditioned / Methode Champenoise Cider,Domaine Dupont,Famille E Dupont Bouche Fermier,🥈 Silver,,Active,Normandy,France,"<a href=""https://www.calvados-dupont.com/"">Website</a>","<a href=""https://www.facebook.com/calvados.dupont/"">Facebook</a>","<a href=""https://www.instagram.com/domaine_dupont/"">Instagram</a>","<a href=""https://maps.google.com/?cid=4283975466429458280"">Google</a>","<a href=""https://www.yelp.com/biz/domaine-familial-louis-dupont-victot-pontfol"">Yelp</a>","<a href=""https://www.tripadvisor.com/Attraction_Review-g3419860-d2344452"">TripAdvisor</a>","<a href=""https://untappd.com/brewery/4744"">Untappd</a>"
2011,Bottle Conditioned / Methode Champenoise Cider,Domaine Dupont,Domaine Dupont Reserve,🥈 Silver,,Active,Normandy,France,"<a href=""https://www.calvados-dupont.com/"">Website</a>","<a href=""https://www.facebook.com/calvados.dupont/"">Facebook</a>","<a href=""https://www.instagram.com/domaine_dupont/"">Instagram</a>","<a href=""https://maps.google.com/?cid=4283975466429458280"">Google</a>","<a href=""https://www.yelp.com/biz/domaine-familial-louis-dupont-victot-pontfol"">Yelp</a>","<a href=""https://www.tripadvisor.com/Attraction_Review-g3419860-d2344452"">TripAdvisor</a>","<a href=""https://untappd.com/brewery/4744"">Untappd</a>"
2011,Dry Perry,Elephants Rock Cider Company,Oaked Pear Cider,🥉 Bronze,,Active,Western Australia,Australia,"<a href=""https://www.denmarkgoodfoodfactory.com.au/"">Website</a>","<a href=""https://www.facebook.com/denmarkgoodfoodfactory"">Facebook</a>","<a href=""https://www.instagram.com/denmarkgoodfoodfactory"">Instagram</a>","<a href=""https://maps.google.com/?cid=151466976562038455"">Google</a>","<a href=""https://www.yelp.com/biz/elephant-rock-cider-william-bay"">Yelp</a>","<a href=""https://www.tripadvisor.com/Restaurant_Review-g488338-d2629193"">TripAdvisor</a>","<a href=""https://untappd.com/w/elephants-rock-cider-company/55250"">Untappd</a>"
2011,Medium Perry,The Hills Cider Company,Pear / Perry,🥈 Silver,,Active,South Australia,Australia,,"<a href=""https://www.facebook.com/thehillscidercompany"">Facebook</a>","<a href=""https://www.instagram.com/thehillscidercompany/"">Instagram</a>","<a href=""https://maps.google.com/?cid=40048064327732560"">Google</a>",,,"<a href=""https://untappd.com/thehillscidercompany"">Untappd</a>"
2011,Medium Perry,Core Cider,Core Traditional Pear,🥉 Bronze,,Active,Western Australia,Australia,"<a href=""https://corecider.com.au/"">Website</a>","<a href=""https://www.facebook.com/pages/The-CORE-Cider-House/193269374050973"">Facebook</a>","<a href=""https://www.instagram.com/coreciderhouse/"">Instagram</a>","<a href=""https://maps.google.com/?cid=9482101079872958147"">Google</a>","<a href=""https://www.yelp.com/biz/core-cider-pickering-brook-3"">Yelp</a>","<a href=""https://www.tripadvisor.com/Restaurant_Review-g804216-d3191966"">TripAdvisor</a>","<a href=""https://untappd.com/w/core-cider-house/90179"">Untappd</a>"
2011,Bottle Conditioned / Methode Champenoise Perry,Napoleone Cider,Pear Cider Traditionelle,🥈 Silver,,Active,Victoria,Australia,"<a href=""https://napoleone.com.au/"">Website</a>","<a href=""https://www.facebook.com/napoleoneorchardbar"">Facebook</a>","<a href=""https://www.instagram.com/napoleonecider"">Instagram</a>","<a href=""https://maps.google.com/?cid=3472985488113617215"">Google</a>","<a href=""https://www.yelp.com/biz/napoleone-brewery-and-ciderhouse-coldstream"">Yelp</a>","<a href=""https://www.tripadvisor.com/Attraction_Review-g1205102-d7980976"">TripAdvisor</a>","<a href=""https://untappd.com/brewery/3800"">Untappd</a>"
2011,Bottle Conditioned / Methode Champenoise Perry,Borrodell Vineyard,Borrodell Perry,🥉 Bronze,,Active,New South Wales,Australia,"<a href=""https://www.borrodell.com.au/"">Website</a>","<a href=""https://www.facebook.com/BorrodellVineyard/"">Facebook</a>","<a href=""https://www.instagram.com/borrodell_vineyard/"">Instagram</a>","<a href=""https://maps.google.com/?cid=9113164481963775697"">Google</a>",,"<a href=""https://www.tripadvisor.com/Attraction_Review-g255326-d4469466"">TripAdvisor</a>","<a href=""https://untappd.com/w/borrodell-vineyard/42488"">Untappd</a>"
2011,Medium Cider made using water and/or sugar in production,Matilda Bay Brewing Company,Dirty Granny,🥈 Silver,,Inactive,Victoria,Australia,,,,,,,
2011,Medium Cider made using water and/or sugar in production,Redwood Cider Co.,Scrumpy,🥉 Bronze,,Active,Tasman,New Zealand,"<a href=""https://www.db.co.nz/"">Website</a>",,,"<a href=""https://maps.google.com/?cid=6996062561310556831"">Google</a>",,,"<a href=""https://untappd.com/w/redwood-cider-co/184117"">Untappd</a>"
2012,Dry Cider,Weidmann & Groh,Weidmann and Groh – Bohnapfel Halb-Trocken 2010,🥇 Gold,,Active,Hesse,Germany,"<a href=""https://weidmann-groh.de/"">Website</a>","<a href=""https://www.facebook.com/pages/WEIDMANN-GROH/138116339592327"">Facebook</a>","<a href=""https://www.instagram.com/weidmann.und.groh/"">Instagram</a>","<a href=""https://maps.google.com/?cid=6569120976887073603"">Google</a>",,,"<a href=""https://untappd.com/w/weidmann-groh/73065"">Untappd</a>"
2012,Dry Cider,Apfelweinkontor,Apfelwein Kontor ‘Wein aus Apfeln” 2010,🥈 Silver,,Active,Hesse,Germany,"<a href=""https://www.apfelweinkontor.com/"">Website</a>","<a href=""https://www.facebook.com/Apfelweinkontor"">Facebook</a>","<a href=""https://www.instagram.com/apfelweinkontor/"">Instagram</a>","<a href=""https://maps.google.com/?cid=599143855742456461"">Google</a>",,"<a href=""https://www.tripadvisor.com/Attraction_Review-g187337-d6922559"">TripAdvisor</a>","<a href=""https://untappd.com/w/apfelweinkontor-frankfurt/468433"">Untappd</a>"
2012,Dry Cider,Cider Garden,Cider Garden Dry Cider,🥈 Silver,,Inactive,---,Australia,,,,,,,
2012,Dry Cider,Tilse's Apple Truck Cider,Tilse’s Apple Wine,🥉 Bronze,,Active,New South Wales,Australia,"<a href=""https://www.theorchardlodge.com.au/"">Website</a>","<a href=""https://www.facebook.com/theorchardlodgensw/"">Facebook</a>","<a href=""https://www.instagram.com/appletruckcider/"">Instagram</a>","<a href=""https://maps.google.com/?cid=18205993928648034259"">Google</a>",,"<a href=""https://www.tripadvisor.com/Hotel_Review-g5788651-d23405360"">TripAdvisor</a>","<a href=""https://untappd.com/brewery/30402"">Untappd</a>"
2012,Dry Cider,Kelterei Stier,Hessen – A La Carte Schoppen,🥉 Bronze,,Active,Hesse,Germany,"<a href=""https://www.kelterei-stier.de/"">Website</a>","<a href=""https://www.facebook.com/KeltereiStierBischofsheim/"">Facebook</a>","<a href=""https://www.instagram.com/keltereistier/"">Instagram</a>","<a href=""https://maps.google.com/?cid=7976250328587904866"">Google</a>",,,"<a href=""https://untappd.com/w/kelterei-stier/56262"">Untappd</a>"
2012,Medium Cider,Little Creatures,Pipsqueak Best Cider,🥈 Silver,,Active,Western Australia,Australia,"<a href=""https://littlecreatures.com.au/"">Website</a>","<a href=""https://www.facebook.com/littlecreaturesbrewing"">Facebook</a>","<a href=""https://www.instagram.com/littlecreaturesbrewing/"">Instagram</a>","<a href=""https://maps.google.com/?cid=1864054459948406266"">Google</a>","<a href=""https://www.yelp.com/biz/little-creatures-brewery-fremantle"">Yelp</a>","<a href=""https://www.tripadvisor.com/Restaurant_Review-g285726-d778314"">TripAdvisor</a>","<a href=""https://untappd.com/LittleCreaturesBrewing"">Untappd</a>"
2012,Medium Cider,Red Sails Ciders,Red Sails Cider Gold,🥈 Silver,,Inactive,Tasmania,Australia,,,,,,,
2012,Medium Cider,Henney's Cider,Henney’s Dry Cider,🥉 Bronze,,Active,Herefordshire,England,"<a href=""http://www.henneys.co.uk/"">Website</a>","<a href=""https://www.facebook.com/HenneysCider"">Facebook</a>",,,,,"<a href=""https://untappd.com/brewery/10577"">Untappd</a>"
2012,Medium Cider,Tilse's Apple Truck Cider,Hunter River Cider,🥉 Bronze,,Active,New South Wales,Australia,"<a href=""https://www.theorchardlodge.com.au/"">Website</a>","<a href=""https://www.facebook.com/theorchardlodgensw/"">Facebook</a>","<a href=""https://www.instagram.com/appletruckcider/"">Instagram</a>","<a href=""https://maps.google.com/?cid=18205993928648034259"">Google</a>",,"<a href=""https://www.tripadvisor.com/Hotel_Review-g5788651-d23405360"">TripAdvisor</a>","<a href=""https://untappd.com/brewery/30402"">Untappd</a>"
2012,Medium Cider,The Australian Brewery,AB Fresh Press Cider,🥉 Bronze,,Active,New South Wales,Australia,"<a href=""https://www.australianhotelbrewery.com.au/"">Website</a>","<a href=""https://www.facebook.com/australianhotelbrewery"">Facebook</a>","<a href=""https://www.instagram.com/australianhotelbrewery"">Instagram</a>","<a href=""https://maps.google.com/?cid=11658747106516787081"">Google</a>","<a href=""https://www.yelp.com/biz/the-australian-brewery-rouse-hill"">Yelp</a>","<a href=""https://www.tripadvisor.com/Attraction_Review-g1548245-d10063887"">TripAdvisor</a>","<a href=""https://untappd.com/TheAustralianBrewery"">Untappd</a>"
2012,Medium Cider,King Valley Cider Co.,King Valley Cider Company – Traditionally Tart,🥉 Bronze,,Inactive,Victoria,Australia,,,,,,,
2012,Medium Cider,Hillbilly Cider,Hillbilly Apple Cider,🥉 Bronze,,Active,New South Wales,Australia,"<a href=""https://hillbillycider.com.au/"">Website</a>","<a href=""https://www.facebook.com/HillbillyCider/"">Facebook</a>","<a href=""https://www.instagram.com/hillbillycider/"">Instagram</a>","<a href=""https://maps.google.com/?cid=904695025997043027"">Google</a>",,"<a href=""https://www.tripadvisor.com/Attraction_Review-g1093762-d12290596"">TripAdvisor</a>","<a href=""https://untappd.com/w/hillbilly-harvest-co/44163"">Untappd</a>"
2012,Medium Cider,Oakvale Wines,Oakvale Apple Cider,🥉 Bronze,,Active,New South Wales,Australia,"<a href=""https://www.oakvalewines.com.au/"">Website</a>","<a href=""https://www.facebook.com/oakvalewinery"">Facebook</a>","<a href=""https://www.instagram.com/oakvalewines/"">Instagram</a>","<a href=""https://maps.google.com/?cid=5190501698518241314"">Google</a>","<a href=""https://www.yelp.com/biz/oakvale-wines-pokolbin"">Yelp</a>","<a href=""https://www.tripadvisor.com/Attraction_Review-g255328-d2536109"">TripAdvisor</a>","<a href=""https://untappd.com/w/oakvale/157694"">Untappd</a>"
2012,Medium Cider,Kangaroo Island Ciders,Kangaroo Island Cider- Colony Cove,🥉 Bronze,,Active,South Australia,Australia,"<a href=""https://www.kangarooislandciders.com.au/"">Website</a>",,,"<a href=""https://maps.google.com/?cid=7120331639179318476"">Google</a>",,,"<a href=""https://untappd.com/w/kangaroo-island-ciders/62318"">Untappd</a>"
2012,Sweet Cider,Henney's Cider,Henney’s Apple – Sweet Cider,🥇 Gold,,Active,Herefordshire,England,"<a href=""http://www.henneys.co.uk/"">Website</a>","<a href=""https://www.facebook.com/HenneysCider"">Facebook</a>",,,,,"<a href=""https://untappd.com/brewery/10577"">Untappd</a>"
2012,Sweet Cider,Frank's Cider,Frank’s Summer Apple Cider,🥉 Bronze,,Active,Tasmania,Australia,"<a href=""https://www.frankscider.com.au/"">Website</a>","<a href=""https://www.facebook.com/FranksCider"">Facebook</a>","<a href=""https://www.instagram.com/frankscider/"">Instagram</a>","<a href=""https://maps.google.com/?cid=12281895632138757991"">Google</a>","<a href=""https://www.yelp.com/biz/franks-cider-bar-and-cafe-franklin"">Yelp</a>","<a href=""https://www.tripadvisor.com/Restaurant_Review-g504298-d7270183"">TripAdvisor</a>","<a href=""https://untappd.com/brewery/66943"">Untappd</a>"
2012,Bottle Conditioned / Methode Champenoise Cider,Cidres la Pommeraie,Cidre Brut Artisanal de Normandie La Pommeraie,🥈 Silver,,Inactive,Normandy,France,,,,,,,
2012,Bottle Conditioned / Methode Champenoise Cider,Hazeldean Forest Farm,Baw Baw Sparkling Cider,🥈 Silver,,Inactive,Victoria,Australia,,,,,,,
2012,Bottle Conditioned / Methode Champenoise Cider,Cidres la Pommeraie,Cidre Doux Artisanal de Normandie La Pommeraie,🥉 Bronze,,Inactive,Normandy,France,,,,,,,
2012,Bottle Conditioned / Methode Champenoise Cider,Henry of Harcourt,Black Fox Cider,🥉 Bronze,,Active,Victoria,Australia,"<a href=""https://henrycider.com/"">Website</a>","<a href=""https://www.facebook.com/henrycider/"">Facebook</a>","<a href=""https://www.instagram.com/henrycider/"">Instagram</a>","<a href=""https://maps.google.com/?cid=8940355932051611367"">Google</a>",,"<a href=""https://www.tripadvisor.com/Attraction_Review-g552178-d8783234"">TripAdvisor</a>","<a href=""https://untappd.com/w/henry-of-harcourt/5374"">Untappd</a>"
2012,Bottle Conditioned / Methode Champenoise Cider,St Ronan's Cider,Methode Traditionelle Apple Cider,🥉 Bronze,,Active,Victoria,Australia,"<a href=""https://stronanscider.com.au/"">Website</a>","<a href=""https://www.facebook.com/StRonansCider"">Facebook</a>","<a href=""https://www.instagram.com/st_ronans_cider/"">Instagram</a>","<a href=""https://maps.google.com/?cid=1347860416011573691"">Google</a>",,,"<a href=""https://untappd.com/StRonansCider"">Untappd</a>"
2012,Bottle Conditioned / Methode Champenoise Cider,Kellybrook Winery,Kellys Jazz Methode,🥉 Bronze,,Active,Victoria,Australia,"<a href=""https://www.kellybrookwinery.com.au/"">Website</a>","<a href=""https://www.facebook.com/kellybrookwinery"">Facebook</a>","<a href=""https://www.instagram.com/kellybrookwinery"">Instagram</a>","<a href=""https://maps.google.com/?cid=11638840488142948775"">Google</a>","<a href=""https://www.yelp.com/biz/kellybrook-winery-wonga-park-3"">Yelp</a>","<a href=""https://www.tripadvisor.com/Attraction_Review-g1982951-d21063415"">TripAdvisor</a>","<a href=""https://untappd.com/w/kellybrook-winery/306274"">Untappd</a>"
2012,Bottle Conditioned / Methode Champenoise Cider,Small Acres Cyder,Small Acres Sparkling 2010,🥉 Bronze,,Active,New South Wales,Australia,"<a href=""https://www.smallacrescyder.com.au/"">Website</a>","<a href=""https://www.facebook.com/SmallAcresCyder"">Facebook</a>","<a href=""https://www.instagram.com/smallacrescyder"">Instagram</a>","<a href=""https://maps.google.com/?cid=1497457670374953580"">Google</a>",,"<a href=""https://www.tripadvisor.com/Attraction_Review-g2642455-d5991203"">TripAdvisor</a>","<a href=""https://untappd.com/brewery/14584"">Untappd</a>"
2012,Bottle Conditioned / Methode Champenoise Cider,Napoleone Cider,Methode Traditionnelle Apple Cider,🥉 Bronze,,Active,Victoria,Australia,"<a href=""https://napoleone.com.au/"">Website</a>","<a href=""https://www.facebook.com/napoleoneorchardbar"">Facebook</a>","<a href=""https://www.instagram.com/napoleonecider"">Instagram</a>","<a href=""https://maps.google.com/?cid=3472985488113617215"">Google</a>","<a href=""https://www.yelp.com/biz/napoleone-brewery-and-ciderhouse-coldstream"">Yelp</a>","<a href=""https://www.tripadvisor.com/Attraction_Review-g1205102-d7980976"">TripAdvisor</a>","<a href=""https://untappd.com/brewery/3800"">Untappd</a>"
2012,Bottle Conditioned / Methode Champenoise Cider,Napoleone Cider,Methode Traditionnelle Early Disgorged Dry Apple Cider,🥉 Bronze,,Active,Victoria,Australia,"<a href=""https://napoleone.com.au/"">Website</a>","<a href=""https://www.facebook.com/napoleoneorchardbar"">Facebook</a>","<a href=""https://www.instagram.com/napoleonecider"">Instagram</a>","<a href=""https://maps.google.com/?cid=3472985488113617215"">Google</a>","<a href=""https://www.yelp.com/biz/napoleone-brewery-and-ciderhouse-coldstream"">Yelp</a>","<a href=""https://www.tripadvisor.com/Attraction_Review-g1205102-d7980976"">TripAdvisor</a>","<a href=""https://untappd.com/brewery/3800"">Untappd</a>"
2012,Dry Perry,Lobo Cider,Lobo Dry Perry,🥉 Bronze,,Active,South Australia,Australia,"<a href=""https://www.lobocider.com.au/"">Website</a>","<a href=""https://www.facebook.com/LOBOcider/"">Facebook</a>","<a href=""https://www.instagram.com/lobocider"">Instagram</a>",,,,"<a href=""https://untappd.com/brewery/8446"">Untappd</a>"
2012,Medium Perry,The Hills Cider Company,Hills Cider – Pear Traditional,🥈 Silver,,Active,South Australia,Australia,,"<a href=""https://www.facebook.com/thehillscidercompany"">Facebook</a>","<a href=""https://www.instagram.com/thehillscidercompany/"">Instagram</a>","<a href=""https://maps.google.com/?cid=40048064327732560"">Google</a>",,,"<a href=""https://untappd.com/thehillscidercompany"">Untappd</a>"
2012,Medium Perry,Little Creatures,Pipsqueak Pear Cider,🥉 Bronze,,Active,Western Australia,Australia,"<a href=""https://littlecreatures.com.au/"">Website</a>","<a href=""https://www.facebook.com/littlecreaturesbrewing"">Facebook</a>","<a href=""https://www.instagram.com/littlecreaturesbrewing/"">Instagram</a>","<a href=""https://maps.google.com/?cid=1864054459948406266"">Google</a>","<a href=""https://www.yelp.com/biz/little-creatures-brewery-fremantle"">Yelp</a>","<a href=""https://www.tripadvisor.com/Restaurant_Review-g285726-d778314"">TripAdvisor</a>","<a href=""https://untappd.com/LittleCreaturesBrewing"">Untappd</a>"
2012,Medium Perry,Small Acres Cyder,Small Acres Poire,🥉 Bronze,,Active,New South Wales,Australia,"<a href=""https://www.smallacrescyder.com.au/"">Website</a>","<a href=""https://www.facebook.com/SmallAcresCyder"">Facebook</a>","<a href=""https://www.instagram.com/smallacrescyder"">Instagram</a>","<a href=""https://maps.google.com/?cid=1497457670374953580"">Google</a>",,"<a href=""https://www.tripadvisor.com/Attraction_Review-g2642455-d5991203"">TripAdvisor</a>","<a href=""https://untappd.com/brewery/14584"">Untappd</a>"
2012,Sweet Perry,Frank's Cider,Franks’ Summer Pear Cider,🥉 Bronze,,Active,Tasmania,Australia,"<a href=""https://www.frankscider.com.au/"">Website</a>","<a href=""https://www.facebook.com/FranksCider"">Facebook</a>","<a href=""https://www.instagram.com/frankscider/"">Instagram</a>","<a href=""https://maps.google.com/?cid=12281895632138757991"">Google</a>","<a href=""https://www.yelp.com/biz/franks-cider-bar-and-cafe-franklin"">Yelp</a>","<a href=""https://www.tripadvisor.com/Restaurant_Review-g504298-d7270183"">TripAdvisor</a>","<a href=""https://untappd.com/brewery/66943"">Untappd</a>"
2012,Bottle Conditioned / Methode Champenoise Perry,St Ronan's Cider,Methode Traditionelle Pear Cider,🥇 Gold,,Active,Victoria,Australia,"<a href=""https://stronanscider.com.au/"">Website</a>","<a href=""https://www.facebook.com/StRonansCider"">Facebook</a>","<a href=""https://www.instagram.com/st_ronans_cider/"">Instagram</a>","<a href=""https://maps.google.com/?cid=1347860416011573691"">Google</a>",,,"<a href=""https://untappd.com/StRonansCider"">Untappd</a>"
2012,Bottle Conditioned / Methode Champenoise Perry,Napoleone Cider,Methode Traditionnelle Pear Cider,🥈 Silver,,Active,Victoria,Australia,"<a href=""https://napoleone.com.au/"">Website</a>","<a href=""https://www.facebook.com/napoleoneorchardbar"">Facebook</a>","<a href=""https://www.instagram.com/napoleonecider"">Instagram</a>","<a href=""https://maps.google.com/?cid=3472985488113617215"">Google</a>","<a href=""https://www.yelp.com/biz/napoleone-brewery-and-ciderhouse-coldstream"">Yelp</a>","<a href=""https://www.tripadvisor.com/Attraction_Review-g1205102-d7980976"">TripAdvisor</a>","<a href=""https://untappd.com/brewery/3800"">Untappd</a>"
2012,Dry Cider made using water and/or sugar in production,Westons Cider,Old Rosie Scrumpy (carbonated),🥉 Bronze,,Active,Herefordshire,England,"<a href=""https://www.westons-cider.co.uk/"">Website</a>","<a href=""https://www.facebook.com/WestonsCiderMill"">Facebook</a>","<a href=""https://www.instagram.com/westonscider/"">Instagram</a>","<a href=""https://maps.google.com/?cid=11779156514256391794"">Google</a>",,"<a href=""https://www.tripadvisor.com/Attraction_Review-g186303-d218508"">TripAdvisor</a>","<a href=""https://untappd.com/brewery/6135"">Untappd</a>"
2012,Medium Cider made using water and/or sugar in production,Westons Cider,Old Rosie Scrumpy (still),🥉 Bronze,,Active,Herefordshire,England,"<a href=""https://www.westons-cider.co.uk/"">Website</a>","<a href=""https://www.facebook.com/WestonsCiderMill"">Facebook</a>","<a href=""https://www.instagram.com/westonscider/"">Instagram</a>","<a href=""https://maps.google.com/?cid=11779156514256391794"">Google</a>",,"<a href=""https://www.tripadvisor.com/Attraction_Review-g186303-d218508"">TripAdvisor</a>","<a href=""https://untappd.com/brewery/6135"">Untappd</a>"
2012,Medium Cider made using water and/or sugar in production,Redwood Cider Co.,Old Mout Cider – Scrumpy,🥉 Bronze,,Active,Tasman,New Zealand,"<a href=""https://www.db.co.nz/"">Website</a>",,,"<a href=""https://maps.google.com/?cid=6996062561310556831"">Google</a>",,,"<a href=""https://untappd.com/w/redwood-cider-co/184117"">Untappd</a>"
2012,Medium Cider made using water and/or sugar in production,Westons Cider,Wyld Wood Apple – Organic,🥉 Bronze,,Active,Herefordshire,England,"<a href=""https://www.westons-cider.co.uk/"">Website</a>","<a href=""https://www.facebook.com/WestonsCiderMill"">Facebook</a>","<a href=""https://www.instagram.com/westonscider/"">Instagram</a>","<a href=""https://maps.google.com/?cid=11779156514256391794"">Google</a>",,"<a href=""https://www.tripadvisor.com/Attraction_Review-g186303-d218508"">TripAdvisor</a>","<a href=""https://untappd.com/brewery/6135"">Untappd</a>"
2012,Sweet Perry made using water and/or sugar in production,Core Cider,Core Sparkling Pear,🥉 Bronze,,Active,Western Australia,Australia,"<a href=""https://corecider.com.au/"">Website</a>","<a href=""https://www.facebook.com/pages/The-CORE-Cider-House/193269374050973"">Facebook</a>","<a href=""https://www.instagram.com/coreciderhouse/"">Instagram</a>","<a href=""https://maps.google.com/?cid=9482101079872958147"">Google</a>","<a href=""https://www.yelp.com/biz/core-cider-pickering-brook-3"">Yelp</a>","<a href=""https://www.tripadvisor.com/Restaurant_Review-g804216-d3191966"">TripAdvisor</a>","<a href=""https://untappd.com/w/core-cider-house/90179"">Untappd</a>"
2013,Dry Cider,Weidmann & Groh,Champagnerennette 2011,🥇 Gold,,Active,Hesse,Germany,"<a href=""https://weidmann-groh.de/"">Website</a>","<a href=""https://www.facebook.com/pages/WEIDMANN-GROH/138116339592327"">Facebook</a>","<a href=""https://www.instagram.com/weidmann.und.groh/"">Instagram</a>","<a href=""https://maps.google.com/?cid=6569120976887073603"">Google</a>",,,"<a href=""https://untappd.com/w/weidmann-groh/73065"">Untappd</a>"
2013,Dry Cider,Red Sails Ciders,Dry Cider,🥈 Silver,,Inactive,Tasmania,Australia,,,,,,,
2013,Dry Cider,Borrodell Vineyard,Heritage Cider,🥈 Silver,,Active,New South Wales,Australia,"<a href=""https://www.borrodell.com.au/"">Website</a>","<a href=""https://www.facebook.com/BorrodellVineyard/"">Facebook</a>","<a href=""https://www.instagram.com/borrodell_vineyard/"">Instagram</a>","<a href=""https://maps.google.com/?cid=9113164481963775697"">Google</a>",,"<a href=""https://www.tripadvisor.com/Attraction_Review-g255326-d4469466"">TripAdvisor</a>","<a href=""https://untappd.com/w/borrodell-vineyard/42488"">Untappd</a>"
2013,Dry Cider,Small Acres Cyder,Somerset Still 2013,🥈 Silver,,Active,New South Wales,Australia,"<a href=""https://www.smallacrescyder.com.au/"">Website</a>","<a href=""https://www.facebook.com/SmallAcresCyder"">Facebook</a>","<a href=""https://www.instagram.com/smallacrescyder"">Instagram</a>","<a href=""https://maps.google.com/?cid=1497457670374953580"">Google</a>",,"<a href=""https://www.tripadvisor.com/Attraction_Review-g2642455-d5991203"">TripAdvisor</a>","<a href=""https://untappd.com/brewery/14584"">Untappd</a>"
2013,Dry Cider,Learmonth Cider,Learmonth Traditional Still Cider,🥉 Bronze,,Active,Victoria,Australia,"<a href=""https://learmonthcider.com.au/"">Website</a>","<a href=""https://www.facebook.com/profile.php?id=100069530773568"">Facebook</a>",,,,,"<a href=""https://untappd.com/w/321-learmonth/90115"">Untappd</a>"
2013,Dry Cider,King Valley Cider Co.,Traditionally Tart Dry Cider,🥉 Bronze,,Inactive,Victoria,Australia,,,,,,,
2013,Dry Cider,Core Cider,Hardcore Traditional Cider,🥉 Bronze,,Active,Western Australia,Australia,"<a href=""https://corecider.com.au/"">Website</a>","<a href=""https://www.facebook.com/pages/The-CORE-Cider-House/193269374050973"">Facebook</a>","<a href=""https://www.instagram.com/coreciderhouse/"">Instagram</a>","<a href=""https://maps.google.com/?cid=9482101079872958147"">Google</a>","<a href=""https://www.yelp.com/biz/core-cider-pickering-brook-3"">Yelp</a>","<a href=""https://www.tripadvisor.com/Restaurant_Review-g804216-d3191966"">TripAdvisor</a>","<a href=""https://untappd.com/w/core-cider-house/90179"">Untappd</a>"
2013,Medium Cider,Weidmann & Groh,Trierer Weinapfel 2011,🥇 Gold,,Active,Hesse,Germany,"<a href=""https://weidmann-groh.de/"">Website</a>","<a href=""https://www.facebook.com/pages/WEIDMANN-GROH/138116339592327"">Facebook</a>","<a href=""https://www.instagram.com/weidmann.und.groh/"">Instagram</a>","<a href=""https://maps.google.com/?cid=6569120976887073603"">Google</a>",,,"<a href=""https://untappd.com/w/weidmann-groh/73065"">Untappd</a>"
2013,Medium Cider,Aspall,Aspall Draught Cyder,🥈 Silver,,Active,Suffolk,England,"<a href=""https://www.aspall.co.uk/"">Website</a>","<a href=""https://www.facebook.com/AspallUK/"">Facebook</a>","<a href=""https://www.instagram.com/aspalluk/"">Instagram</a>","<a href=""https://maps.google.com/?cid=12281573289882642327"">Google</a>",,,"<a href=""https://untappd.com/brewery/3468"">Untappd</a>"
2013,Medium Cider,Napoleone Cider,Napoleone Apple Cider,🥈 Silver,,Active,Victoria,Australia,"<a href=""https://napoleone.com.au/"">Website</a>","<a href=""https://www.facebook.com/napoleoneorchardbar"">Facebook</a>","<a href=""https://www.instagram.com/napoleonecider"">Instagram</a>","<a href=""https://maps.google.com/?cid=3472985488113617215"">Google</a>","<a href=""https://www.yelp.com/biz/napoleone-brewery-and-ciderhouse-coldstream"">Yelp</a>","<a href=""https://www.tripadvisor.com/Attraction_Review-g1205102-d7980976"">TripAdvisor</a>","<a href=""https://untappd.com/brewery/3800"">Untappd</a>"
2013,Medium Cider,Cidres la Pommeraie,Cidre Brut Artisanal de Normandie la Pommeraie,🥈 Silver,,Inactive,Normandy,France,,,,,,,
2013,Medium Cider,Lobo Cider,LOBO Apple Cider,🥉 Bronze,,Active,South Australia,Australia,"<a href=""https://www.lobocider.com.au/"">Website</a>","<a href=""https://www.facebook.com/LOBOcider/"">Facebook</a>","<a href=""https://www.instagram.com/lobocider"">Instagram</a>",,,,"<a href=""https://untappd.com/brewery/8446"">Untappd</a>"
2013,Medium Cider,Oakvale Wines,Oakvale Apple Cider 2013,🥉 Bronze,,Active,New South Wales,Australia,"<a href=""https://www.oakvalewines.com.au/"">Website</a>","<a href=""https://www.facebook.com/oakvalewinery"">Facebook</a>","<a href=""https://www.instagram.com/oakvalewines/"">Instagram</a>","<a href=""https://maps.google.com/?cid=5190501698518241314"">Google</a>","<a href=""https://www.yelp.com/biz/oakvale-wines-pokolbin"">Yelp</a>","<a href=""https://www.tripadvisor.com/Attraction_Review-g255328-d2536109"">TripAdvisor</a>","<a href=""https://untappd.com/w/oakvale/157694"">Untappd</a>"
2013,Medium Cider,Cidre Écusson,Duche de Longueville – Gros oeillet,🥉 Bronze,,Active,Normandy,France,"<a href=""https://www.cidre-ecusson.com/"">Website</a>","<a href=""https://www.facebook.com/CidreEcusson/"">Facebook</a>","<a href=""https://www.instagram.com/cidreecusson/"">Instagram</a>","<a href=""https://maps.google.com/?cid=16717845515481593007"">Google</a>",,,"<a href=""https://untappd.com/w/cidres-ecusson/15641"">Untappd</a>"
2013,Medium Cider,Cidrerie Manoir du Kinkiz,Cidre Fouesnant Manoir Kinkiz,🥉 Bronze,,Active,Brittany,France,"<a href=""https://www.kinkiz-terroir.bzh/"">Website</a>","<a href=""https://www.facebook.com/DomaineDuKinkiz/"">Facebook</a>",,"<a href=""https://maps.google.com/?cid=1999207604560008916"">Google</a>","<a href=""https://www.yelp.com/biz/manoir-du-kinkiz-quimper"">Yelp</a>","<a href=""https://www.tripadvisor.com/Attraction_Review-g187100-d7745799"">TripAdvisor</a>","<a href=""https://untappd.com/brewery/19870"">Untappd</a>"
2013,Medium Cider,Bilpin Cider,Blpin Original Cider,🥉 Bronze,,Active,New South Wales,Australia,"<a href=""https://bilpincider.com/"">Website</a>","<a href=""https://www.facebook.com/bilpincider"">Facebook</a>","<a href=""https://www.instagram.com/bilpincider/"">Instagram</a>","<a href=""https://maps.google.com/?cid=1982319036704250930"">Google</a>",,"<a href=""https://www.tripadvisor.com/Attraction_Review-g1093762-d10065632"">TripAdvisor</a>","<a href=""https://untappd.com/brewery/18734"">Untappd</a>"
2013,Medium Cider,Le Père Jules,Cidre Brut Bouche – Le Pere Jules – Pays d’Auge,🥉 Bronze,,Active,Normandy,France,"<a href=""http://www.calvados-leperejules.com/"">Website</a>","<a href=""https://www.facebook.com/calvadosleperejules/"">Facebook</a>","<a href=""https://www.instagram.com/calvadosleperejules"">Instagram</a>","<a href=""https://maps.google.com/?cid=13505988202545080748"">Google</a>",,,"<a href=""https://untappd.com/brewery/6106"">Untappd</a>"
2013,Medium Cider,Willie Smith's,Willie Smiths Organic Apple Cider,🥉 Bronze,,Active,Tasmania,Australia,"<a href=""https://www.williesmiths.com.au/"">Website</a>","<a href=""https://www.facebook.com/pages/Willie-Smiths-Organic-Cider/260319247336198"">Facebook</a>","<a href=""https://www.instagram.com/williesmithscider/"">Instagram</a>","<a href=""https://maps.google.com/?cid=16057012530083496420"">Google</a>","<a href=""https://www.yelp.com/biz/willie-smith-s-apple-shed-grove"">Yelp</a>","<a href=""https://www.tripadvisor.com/Restaurant_Review-g1175547-d7911074"">TripAdvisor</a>","<a href=""https://untappd.com/WilliamSmithandSons"">Untappd</a>"
2013,Medium Cider,The Australian Brewery,AB Fresh Press Cider,🥉 Bronze,,Active,New South Wales,Australia,"<a href=""https://www.australianhotelbrewery.com.au/"">Website</a>","<a href=""https://www.facebook.com/australianhotelbrewery"">Facebook</a>","<a href=""https://www.instagram.com/australianhotelbrewery"">Instagram</a>","<a href=""https://maps.google.com/?cid=11658747106516787081"">Google</a>","<a href=""https://www.yelp.com/biz/the-australian-brewery-rouse-hill"">Yelp</a>","<a href=""https://www.tripadvisor.com/Attraction_Review-g1548245-d10063887"">TripAdvisor</a>","<a href=""https://untappd.com/TheAustralianBrewery"">Untappd</a>"
2013,Medium Cider,The Hills Cider Company,The Hills Cider Company – Apple,🥉 Bronze,,Active,South Australia,Australia,,"<a href=""https://www.facebook.com/thehillscidercompany"">Facebook</a>","<a href=""https://www.instagram.com/thehillscidercompany/"">Instagram</a>","<a href=""https://maps.google.com/?cid=40048064327732560"">Google</a>",,,"<a href=""https://untappd.com/thehillscidercompany"">Untappd</a>"
2013,Medium Cider,Matilda Bay Brewing Company,Dirty Granny Matured Apple Cider,🥉 Bronze,,Inactive,Victoria,Australia,,,,,,,
2013,Medium Cider,Padthaway Estate,Spikie Norman,🥉 Bronze,,Inactive,South Australia,Australia,,,,,,,
2013,Medium Cider,Sitting Ducks Cider,Sitting Ducks Adelaide Hills Apple Cider,🥉 Bronze,,Inactive,South Australia,Australia,,,,,,,
2013,Sweet Cider,Cidres la Pommeraie,Cidre Doux Artisanal de Normandie la Pommeraie,🥇 Gold,,Inactive,Normandy,France,,,,,,,
2013,Sweet Cider,Cidre Écusson,Ecusson Cidre Doux,🥈 Silver,,Active,Normandy,France,"<a href=""https://www.cidre-ecusson.com/"">Website</a>","<a href=""https://www.facebook.com/CidreEcusson/"">Facebook</a>","<a href=""https://www.instagram.com/cidreecusson/"">Instagram</a>","<a href=""https://maps.google.com/?cid=16717845515481593007"">Google</a>",,,"<a href=""https://untappd.com/w/cidres-ecusson/15641"">Untappd</a>"
2013,Sweet Cider,The Apple Thief,Apple Thief Granny Smith Cider,🥉 Bronze,,Active,New South Wales,Australia,"<a href=""https://theapplethief.com.au/"">Website</a>","<a href=""https://www.facebook.com/TheAppleThiefCiders/"">Facebook</a>","<a href=""https://www.instagram.com/theapplethiefciders/"">Instagram</a>","<a href=""https://maps.google.com/?cid=4762631239680624675"">Google</a>",,,"<a href=""https://untappd.com/brewery/21796"">Untappd</a>"
2013,Sweet Cider,Harvey River Estate,Graci Premium Cider Apple,🥉 Bronze,,Inactive,Western Australia,Australia,,,,,,,
2013,Sweet Cider,Tilse's Apple Truck Cider,Tilse’s Apple Truck Cider,🥉 Bronze,,Active,New South Wales,Australia,"<a href=""https://www.theorchardlodge.com.au/"">Website</a>","<a href=""https://www.facebook.com/theorchardlodgensw/"">Facebook</a>","<a href=""https://www.instagram.com/appletruckcider/"">Instagram</a>","<a href=""https://maps.google.com/?cid=18205993928648034259"">Google</a>",,"<a href=""https://www.tripadvisor.com/Hotel_Review-g5788651-d23405360"">TripAdvisor</a>","<a href=""https://untappd.com/brewery/30402"">Untappd</a>"
2013,Sweet Cider,Frank's Cider,Frank’s Summer Apple Cider,🥉 Bronze,,Active,Tasmania,Australia,"<a href=""https://www.frankscider.com.au/"">Website</a>","<a href=""https://www.facebook.com/FranksCider"">Facebook</a>","<a href=""https://www.instagram.com/frankscider/"">Instagram</a>","<a href=""https://maps.google.com/?cid=12281895632138757991"">Google</a>","<a href=""https://www.yelp.com/biz/franks-cider-bar-and-cafe-franklin"">Yelp</a>","<a href=""https://www.tripadvisor.com/Restaurant_Review-g504298-d7270183"">TripAdvisor</a>","<a href=""https://untappd.com/brewery/66943"">Untappd</a>"
2013,Sweet Cider,Barossa Cider Co.,Barossa Cider Co Squashed Apple,🥉 Bronze,,Active,South Australia,Australia,"<a href=""https://barossavalleyciderco.com/"">Website</a>","<a href=""https://www.facebook.com/barossacider/"">Facebook</a>","<a href=""https://www.instagram.com/barossacider.co/"">Instagram</a>",,,,"<a href=""https://untappd.com/TheBarossaValleyCiderCo"">Untappd</a>"
2013,Sweet Cider,Cidrerie Stassen,Stassen “Over Ice” Apple Cider,🥉 Bronze,,Active,"Liège ",Belgium,"<a href=""https://www.cidreriestassen.com/"">Website</a>",,,"<a href=""https://maps.google.com/?cid=3414465612960585932"">Google</a>",,,"<a href=""https://untappd.com/w/stassen-vin-cie/12274"">Untappd</a>"
2013,Bottle Conditioned / Methode Champenoise Cider,Cidrerie Manoir du Kinkiz,Cidre Cornouaille Manoir Kinkiz,🥇 Gold,,Active,Brittany,France,"<a href=""https://www.kinkiz-terroir.bzh/"">Website</a>","<a href=""https://www.facebook.com/DomaineDuKinkiz/"">Facebook</a>",,"<a href=""https://maps.google.com/?cid=1999207604560008916"">Google</a>","<a href=""https://www.yelp.com/biz/manoir-du-kinkiz-quimper"">Yelp</a>","<a href=""https://www.tripadvisor.com/Attraction_Review-g187100-d7745799"">TripAdvisor</a>","<a href=""https://untappd.com/brewery/19870"">Untappd</a>"
2013,Bottle Conditioned / Methode Champenoise Cider,Small Acres Cyder,The Cat’s Pyjamas,🥇 Gold,,Active,New South Wales,Australia,"<a href=""https://www.smallacrescyder.com.au/"">Website</a>","<a href=""https://www.facebook.com/SmallAcresCyder"">Facebook</a>","<a href=""https://www.instagram.com/smallacrescyder"">Instagram</a>","<a href=""https://maps.google.com/?cid=1497457670374953580"">Google</a>",,"<a href=""https://www.tripadvisor.com/Attraction_Review-g2642455-d5991203"">TripAdvisor</a>","<a href=""https://untappd.com/brewery/14584"">Untappd</a>"
2013,Bottle Conditioned / Methode Champenoise Cider,Small Acres Cyder,Small Acres Cyder 2011 Sparkling,🥈 Silver,,Active,New South Wales,Australia,"<a href=""https://www.smallacrescyder.com.au/"">Website</a>","<a href=""https://www.facebook.com/SmallAcresCyder"">Facebook</a>","<a href=""https://www.instagram.com/smallacrescyder"">Instagram</a>","<a href=""https://maps.google.com/?cid=1497457670374953580"">Google</a>",,"<a href=""https://www.tripadvisor.com/Attraction_Review-g2642455-d5991203"">TripAdvisor</a>","<a href=""https://untappd.com/brewery/14584"">Untappd</a>"
2013,Bottle Conditioned / Methode Champenoise Cider,Core Cider,Core-rupted Traditional Apple,🥈 Silver,,Active,Western Australia,Australia,"<a href=""https://corecider.com.au/"">Website</a>","<a href=""https://www.facebook.com/pages/The-CORE-Cider-House/193269374050973"">Facebook</a>","<a href=""https://www.instagram.com/coreciderhouse/"">Instagram</a>","<a href=""https://maps.google.com/?cid=9482101079872958147"">Google</a>","<a href=""https://www.yelp.com/biz/core-cider-pickering-brook-3"">Yelp</a>","<a href=""https://www.tripadvisor.com/Restaurant_Review-g804216-d3191966"">TripAdvisor</a>","<a href=""https://untappd.com/w/core-cider-house/90179"">Untappd</a>"
2013,Bottle Conditioned / Methode Champenoise Cider,Spreyton Cider Co.,Spreyton Cider Co Vintage 2013,🥉 Bronze,,Active,Tasmania,Australia,"<a href=""https://www.spreytonciderco.com.au/"">Website</a>","<a href=""https://www.facebook.com/SpreytonCiderCo"">Facebook</a>","<a href=""https://www.instagram.com/spreytonciderco/"">Instagram</a>","<a href=""https://maps.google.com/?cid=4719454766033276507"">Google</a>","<a href=""https://www.yelp.com/biz/spreyton-cider-co-spreyton-2"">Yelp</a>","<a href=""https://www.tripadvisor.com/Attraction_Review-g504292-d3738226"">TripAdvisor</a>","<a href=""https://untappd.com/SpreytonCiderCo"">Untappd</a>"
2013,Bottle Conditioned / Methode Champenoise Cider,St Ronan's Cider,St Ronan’s Cider Apple,🥉 Bronze,,Active,Victoria,Australia,"<a href=""https://stronanscider.com.au/"">Website</a>","<a href=""https://www.facebook.com/StRonansCider"">Facebook</a>","<a href=""https://www.instagram.com/st_ronans_cider/"">Instagram</a>","<a href=""https://maps.google.com/?cid=1347860416011573691"">Google</a>",,,"<a href=""https://untappd.com/StRonansCider"">Untappd</a>"
2013,Bottle Conditioned / Methode Champenoise Cider,Kellybrook Winery,Kellybrook Winery Jazz Methode,🥉 Bronze,,Active,Victoria,Australia,"<a href=""https://www.kellybrookwinery.com.au/"">Website</a>","<a href=""https://www.facebook.com/kellybrookwinery"">Facebook</a>","<a href=""https://www.instagram.com/kellybrookwinery"">Instagram</a>","<a href=""https://maps.google.com/?cid=11638840488142948775"">Google</a>","<a href=""https://www.yelp.com/biz/kellybrook-winery-wonga-park-3"">Yelp</a>","<a href=""https://www.tripadvisor.com/Attraction_Review-g1982951-d21063415"">TripAdvisor</a>","<a href=""https://untappd.com/w/kellybrook-winery/306274"">Untappd</a>"
2013,Bottle Conditioned / Methode Champenoise Cider,Napoleone Cider,Napoleone Methode Traditionelle Apple Cider,🥉 Bronze,,Active,Victoria,Australia,"<a href=""https://napoleone.com.au/"">Website</a>","<a href=""https://www.facebook.com/napoleoneorchardbar"">Facebook</a>","<a href=""https://www.instagram.com/napoleonecider"">Instagram</a>","<a href=""https://maps.google.com/?cid=3472985488113617215"">Google</a>","<a href=""https://www.yelp.com/biz/napoleone-brewery-and-ciderhouse-coldstream"">Yelp</a>","<a href=""https://www.tripadvisor.com/Attraction_Review-g1205102-d7980976"">TripAdvisor</a>","<a href=""https://untappd.com/brewery/3800"">Untappd</a>"
2013,Dry Perry,Lobo Cider,Dry Pear,🥉 Bronze,,Active,South Australia,Australia,"<a href=""https://www.lobocider.com.au/"">Website</a>","<a href=""https://www.facebook.com/LOBOcider/"">Facebook</a>","<a href=""https://www.instagram.com/lobocider"">Instagram</a>",,,,"<a href=""https://untappd.com/brewery/8446"">Untappd</a>"
2013,Medium Perry,The Hills Cider Company,The Hills Cider Company – Pear,🥇 Gold,,Active,South Australia,Australia,,"<a href=""https://www.facebook.com/thehillscidercompany"">Facebook</a>","<a href=""https://www.instagram.com/thehillscidercompany/"">Instagram</a>","<a href=""https://maps.google.com/?cid=40048064327732560"">Google</a>",,,"<a href=""https://untappd.com/thehillscidercompany"">Untappd</a>"
2013,Medium Perry,Bilpin Cider,Bilpin Pear Cider,🥈 Silver,,Active,New South Wales,Australia,"<a href=""https://bilpincider.com/"">Website</a>","<a href=""https://www.facebook.com/bilpincider"">Facebook</a>","<a href=""https://www.instagram.com/bilpincider/"">Instagram</a>","<a href=""https://maps.google.com/?cid=1982319036704250930"">Google</a>",,"<a href=""https://www.tripadvisor.com/Attraction_Review-g1093762-d10065632"">TripAdvisor</a>","<a href=""https://untappd.com/brewery/18734"">Untappd</a>"
2013,Medium Perry,Hillbilly Cider,Hillbilly Pear Cider,🥈 Silver,,Active,New South Wales,Australia,"<a href=""https://hillbillycider.com.au/"">Website</a>","<a href=""https://www.facebook.com/HillbillyCider/"">Facebook</a>","<a href=""https://www.instagram.com/hillbillycider/"">Instagram</a>","<a href=""https://maps.google.com/?cid=904695025997043027"">Google</a>",,"<a href=""https://www.tripadvisor.com/Attraction_Review-g1093762-d12290596"">TripAdvisor</a>","<a href=""https://untappd.com/w/hillbilly-harvest-co/44163"">Untappd</a>"
2013,Medium Perry,Napoleone Cider,Napoleone Pear Cider,🥈 Silver,,Active,Victoria,Australia,"<a href=""https://napoleone.com.au/"">Website</a>","<a href=""https://www.facebook.com/napoleoneorchardbar"">Facebook</a>","<a href=""https://www.instagram.com/napoleonecider"">Instagram</a>","<a href=""https://maps.google.com/?cid=3472985488113617215"">Google</a>","<a href=""https://www.yelp.com/biz/napoleone-brewery-and-ciderhouse-coldstream"">Yelp</a>","<a href=""https://www.tripadvisor.com/Attraction_Review-g1205102-d7980976"">TripAdvisor</a>","<a href=""https://untappd.com/brewery/3800"">Untappd</a>"
2013,Medium Perry,Flying Brick Cider,Flying Brick PearCider,🥉 Bronze,,Active,Victoria,Australia,"<a href=""https://flyingbrickciderco.com.au/"">Website</a>","<a href=""https://www.facebook.com/flyingbrickciderco"">Facebook</a>","<a href=""https://www.instagram.com/flyingbrickciderco/"">Instagram</a>","<a href=""https://maps.google.com/?cid=413601929230884265"">Google</a>","<a href=""https://www.yelp.com/biz/flying-brick-cider-co-wallington-2"">Yelp</a>","<a href=""https://www.tripadvisor.com/Restaurant_Review-g1937720-d7332877"">TripAdvisor</a>","<a href=""https://untappd.com/brewery/33883"">Untappd</a>"
2013,Medium Perry,Yarra Valley Cider,Yarra Valley Cider – Pure Pear,🥉 Bronze,,Active,Victoria,Australia,"<a href=""http://www.yarravalleycider.com.au/"">Website</a>","<a href=""https://www.facebook.com/YarraValleyCider/"">Facebook</a>","<a href=""https://www.instagram.com/yarravalleycider/"">Instagram</a>",,,,"<a href=""https://untappd.com/w/yarra-valley-cider/57524"">Untappd</a>"
2013,Medium Perry,Little Creatures,Pipsqueak Pear Cider,🥉 Bronze,,Active,Western Australia,Australia,"<a href=""https://littlecreatures.com.au/"">Website</a>","<a href=""https://www.facebook.com/littlecreaturesbrewing"">Facebook</a>","<a href=""https://www.instagram.com/littlecreaturesbrewing/"">Instagram</a>","<a href=""https://maps.google.com/?cid=1864054459948406266"">Google</a>","<a href=""https://www.yelp.com/biz/little-creatures-brewery-fremantle"">Yelp</a>","<a href=""https://www.tripadvisor.com/Restaurant_Review-g285726-d778314"">TripAdvisor</a>","<a href=""https://untappd.com/LittleCreaturesBrewing"">Untappd</a>"
2013,Sweet Perry,Cidres la Pommeraie,Poire “Fournier-Freres” la Pommeraie,🥈 Silver,,Inactive,Normandy,France,,,,,,,
2013,Sweet Perry,Le Père Jules,Le Pere Jules Poire – Pays d’Auge,🥈 Silver,,Active,Normandy,France,"<a href=""http://www.calvados-leperejules.com/"">Website</a>","<a href=""https://www.facebook.com/calvadosleperejules/"">Facebook</a>","<a href=""https://www.instagram.com/calvadosleperejules"">Instagram</a>","<a href=""https://maps.google.com/?cid=13505988202545080748"">Google</a>",,,"<a href=""https://untappd.com/brewery/6106"">Untappd</a>"
2013,Sweet Perry,Sitting Ducks Cider,Sitting Ducks Adelaide Hills Peary Cider,🥉 Bronze,,Inactive,South Australia,Australia,,,,,,,
2013,Sweet Perry,Frank's Cider,Frank’s Summer Pear Cider,🥉 Bronze,,Active,Tasmania,Australia,"<a href=""https://www.frankscider.com.au/"">Website</a>","<a href=""https://www.facebook.com/FranksCider"">Facebook</a>","<a href=""https://www.instagram.com/frankscider/"">Instagram</a>","<a href=""https://maps.google.com/?cid=12281895632138757991"">Google</a>","<a href=""https://www.yelp.com/biz/franks-cider-bar-and-cafe-franklin"">Yelp</a>","<a href=""https://www.tripadvisor.com/Restaurant_Review-g504298-d7270183"">TripAdvisor</a>","<a href=""https://untappd.com/brewery/66943"">Untappd</a>"
2013,Sweet Perry,The Apple Thief,Apple Thief Pear William Cider,🥉 Bronze,,Active,New South Wales,Australia,"<a href=""https://theapplethief.com.au/"">Website</a>","<a href=""https://www.facebook.com/TheAppleThiefCiders/"">Facebook</a>","<a href=""https://www.instagram.com/theapplethiefciders/"">Instagram</a>","<a href=""https://maps.google.com/?cid=4762631239680624675"">Google</a>",,,"<a href=""https://untappd.com/brewery/21796"">Untappd</a>"
2013,Sweet Perry,Harvey River Estate,Graci Premium Cider Pear,🥉 Bronze,,Inactive,Western Australia,Australia,,,,,,,
2013,Bottle Conditioned / Methode Champenoise Perry,St Ronan's Cider,St Ronan’s Cider Pear,🥇 Gold,,Active,Victoria,Australia,"<a href=""https://stronanscider.com.au/"">Website</a>","<a href=""https://www.facebook.com/StRonansCider"">Facebook</a>","<a href=""https://www.instagram.com/st_ronans_cider/"">Instagram</a>","<a href=""https://maps.google.com/?cid=1347860416011573691"">Google</a>",,,"<a href=""https://untappd.com/StRonansCider"">Untappd</a>"
2013,Bottle Conditioned / Methode Champenoise Perry,Small Acres Cyder,Small Acres Cyder 2012 Sparkling Perry,🥈 Silver,,Active,New South Wales,Australia,"<a href=""https://www.smallacrescyder.com.au/"">Website</a>","<a href=""https://www.facebook.com/SmallAcresCyder"">Facebook</a>","<a href=""https://www.instagram.com/smallacrescyder"">Instagram</a>","<a href=""https://maps.google.com/?cid=1497457670374953580"">Google</a>",,"<a href=""https://www.tripadvisor.com/Attraction_Review-g2642455-d5991203"">TripAdvisor</a>","<a href=""https://untappd.com/brewery/14584"">Untappd</a>"
2013,Bottle Conditioned / Methode Champenoise Perry,The Hills Cider Company,The Hills Cider Company – Traditional Perry,🥉 Bronze,,Active,South Australia,Australia,,"<a href=""https://www.facebook.com/thehillscidercompany"">Facebook</a>","<a href=""https://www.instagram.com/thehillscidercompany/"">Instagram</a>","<a href=""https://maps.google.com/?cid=40048064327732560"">Google</a>",,,"<a href=""https://untappd.com/thehillscidercompany"">Untappd</a>"
2013,Dry Cider made using water and/or sugar in production,Zeffer,Zeffer Dry Apple,🥉 Bronze,,Active,Hawke's Bay,New Zealand,"<a href=""https://zeffer.co.nz/"">Website</a>","<a href=""https://www.facebook.com/zefferdrinks/"">Facebook</a>","<a href=""https://www.instagram.com/zefferdrinks/"">Instagram</a>","<a href=""https://maps.google.com/?cid=13931145990495161499"">Google</a>",,"<a href=""https://www.tripadvisor.com/Attraction_Review-g255680-d15328989"">TripAdvisor</a>","<a href=""https://untappd.com/Zeffer"">Untappd</a>"
2013,Dry Cider made using water and/or sugar in production,Westons Cider,Old Rosie,🥉 Bronze,,Active,Herefordshire,England,"<a href=""https://www.westons-cider.co.uk/"">Website</a>","<a href=""https://www.facebook.com/WestonsCiderMill"">Facebook</a>","<a href=""https://www.instagram.com/westonscider/"">Instagram</a>","<a href=""https://maps.google.com/?cid=11779156514256391794"">Google</a>",,"<a href=""https://www.tripadvisor.com/Attraction_Review-g186303-d218508"">TripAdvisor</a>","<a href=""https://untappd.com/brewery/6135"">Untappd</a>"
2013,Medium Cider made using water and/or sugar in production,Henney's Cider,Henneys Dry Cider,🥈 Silver,,Active,Herefordshire,England,"<a href=""http://www.henneys.co.uk/"">Website</a>","<a href=""https://www.facebook.com/HenneysCider"">Facebook</a>",,,,,"<a href=""https://untappd.com/brewery/10577"">Untappd</a>"
2013,Medium Cider made using water and/or sugar in production,Redwood Cider Co.,Old Mout Cider – Scrumpy,🥈 Silver,,Active,Tasman,New Zealand,"<a href=""https://www.db.co.nz/"">Website</a>",,,"<a href=""https://maps.google.com/?cid=6996062561310556831"">Google</a>",,,"<a href=""https://untappd.com/w/redwood-cider-co/184117"">Untappd</a>"
2013,Medium Cider made using water and/or sugar in production,Henney's Cider,Henneys Vintage Cider,🥉 Bronze,,Active,Herefordshire,England,"<a href=""http://www.henneys.co.uk/"">Website</a>","<a href=""https://www.facebook.com/HenneysCider"">Facebook</a>",,,,,"<a href=""https://untappd.com/brewery/10577"">Untappd</a>"
2013,Medium Cider made using water and/or sugar in production,Westons Cider,Henry Westons Vintage,🥉 Bronze,,Active,Herefordshire,England,"<a href=""https://www.westons-cider.co.uk/"">Website</a>","<a href=""https://www.facebook.com/WestonsCiderMill"">Facebook</a>","<a href=""https://www.instagram.com/westonscider/"">Instagram</a>","<a href=""https://maps.google.com/?cid=11779156514256391794"">Google</a>",,"<a href=""https://www.tripadvisor.com/Attraction_Review-g186303-d218508"">TripAdvisor</a>","<a href=""https://untappd.com/brewery/6135"">Untappd</a>"
2013,Medium Cider made using water and/or sugar in production,Monteith's Brewing Co.,Monteith’s Heritage Style Cider,🥉 Bronze,,Active,West Coast,New Zealand,"<a href=""https://www.thebrewery.co.nz/"">Website</a>","<a href=""https://www.facebook.com/monteithsbrewery"">Facebook</a>","<a href=""https://www.instagram.com/monteithsbrewery1868"">Instagram</a>","<a href=""https://maps.google.com/?cid=13339274588774573493"">Google</a>","<a href=""https://www.yelp.com/biz/monteiths-brewing-co-greymouth"">Yelp</a>","<a href=""https://www.tripadvisor.com/Attraction_Review-g255372-d1007467"">TripAdvisor</a>","<a href=""https://untappd.com/MonteithsBrewingCo"">Untappd</a>"
2013,Medium Cider made using water and/or sugar in production,Monteith's Brewing Co.,Monteith’s Apple & Pear Cider,🥉 Bronze,,Active,West Coast,New Zealand,"<a href=""https://www.thebrewery.co.nz/"">Website</a>","<a href=""https://www.facebook.com/monteithsbrewery"">Facebook</a>","<a href=""https://www.instagram.com/monteithsbrewery1868"">Instagram</a>","<a href=""https://maps.google.com/?cid=13339274588774573493"">Google</a>","<a href=""https://www.yelp.com/biz/monteiths-brewing-co-greymouth"">Yelp</a>","<a href=""https://www.tripadvisor.com/Attraction_Review-g255372-d1007467"">TripAdvisor</a>","<a href=""https://untappd.com/MonteithsBrewingCo"">Untappd</a>"
2013,Sweet Cider made using water and/or sugar in production,Henney's Cider,Henneys Sweet Cider,🥈 Silver,,Active,Herefordshire,England,"<a href=""http://www.henneys.co.uk/"">Website</a>","<a href=""https://www.facebook.com/HenneysCider"">Facebook</a>",,,,,"<a href=""https://untappd.com/brewery/10577"">Untappd</a>"
2013,Sweet Cider made using water and/or sugar in production,Westons Cider,Wyld Wood Apple,🥉 Bronze,,Active,Herefordshire,England,"<a href=""https://www.westons-cider.co.uk/"">Website</a>","<a href=""https://www.facebook.com/WestonsCiderMill"">Facebook</a>","<a href=""https://www.instagram.com/westonscider/"">Instagram</a>","<a href=""https://maps.google.com/?cid=11779156514256391794"">Google</a>",,"<a href=""https://www.tripadvisor.com/Attraction_Review-g186303-d218508"">TripAdvisor</a>","<a href=""https://untappd.com/brewery/6135"">Untappd</a>"
2013,Sweet Cider made using water and/or sugar in production,Cascade Brewing Co.,Mercury Sweet,🥉 Bronze,,Active,Tasmania,Australia,"<a href=""https://cascadebrewerybar.com.au/"">Website</a>","<a href=""https://www.facebook.com/cascadebrewerybar"">Facebook</a>","<a href=""https://www.instagram.com/cascadebrewerybar"">Instagram</a>","<a href=""https://maps.google.com/?cid=12138549215731406353"">Google</a>","<a href=""https://www.yelp.com/biz/cascade-brewery-south-hobart-2"">Yelp</a>","<a href=""https://www.tripadvisor.com/Attraction_Review-g255097-d256543"">TripAdvisor</a>","<a href=""https://untappd.com/w/mercury-cider-company/20381"">Untappd</a>"
2013,Sweet Perry made using water and/or sugar in production,James Squire,James Squire Perry,🥉 Bronze,,Active,New South Wales,Australia,"<a href=""https://www.jamessquire.com.au/"">Website</a>","<a href=""https://www.facebook.com/jamessquire"">Facebook</a>","<a href=""https://www.instagram.com/jamessquire_au/"">Instagram</a>",,,,"<a href=""https://untappd.com/JamesSquireMaltShovelBrewery"">Untappd</a>"
2013,Sweet Perry made using water and/or sugar in production,Cascade Brewing Co.,Bulmers Pear Cider,🥉 Bronze,,Active,Tasmania,Australia,"<a href=""https://cascadebrewerybar.com.au/"">Website</a>","<a href=""https://www.facebook.com/cascadebrewerybar"">Facebook</a>","<a href=""https://www.instagram.com/cascadebrewerybar"">Instagram</a>","<a href=""https://maps.google.com/?cid=12138549215731406353"">Google</a>","<a href=""https://www.yelp.com/biz/cascade-brewery-south-hobart-2"">Yelp</a>","<a href=""https://www.tripadvisor.com/Attraction_Review-g255097-d256543"">TripAdvisor</a>","<a href=""https://untappd.com/w/mercury-cider-company/20381"">Untappd</a>"
2013,Sweet Perry made using water and/or sugar in production,Magners,Magners Pear Irish Cider,🥉 Bronze,,Active,Tipperary,Ireland,"<a href=""https://magners.co.uk/"">Website</a>","<a href=""https://www.facebook.com/magnerscider"">Facebook</a>","<a href=""https://www.instagram.com/magnersuk"">Instagram</a>","<a href=""https://maps.google.com/?cid=13030775149028298606"">Google</a>",,,"<a href=""https://untappd.com/MagnersCider"">Untappd</a>"
2013,Sweet Perry made using water and/or sugar in production,Cascade Brewing Co.,Strongbow Pear Cider,🥉 Bronze,,Active,Tasmania,Australia,"<a href=""https://cascadebrewerybar.com.au/"">Website</a>","<a href=""https://www.facebook.com/cascadebrewerybar"">Facebook</a>","<a href=""https://www.instagram.com/cascadebrewerybar"">Instagram</a>","<a href=""https://maps.google.com/?cid=12138549215731406353"">Google</a>","<a href=""https://www.yelp.com/biz/cascade-brewery-south-hobart-2"">Yelp</a>","<a href=""https://www.tripadvisor.com/Attraction_Review-g255097-d256543"">TripAdvisor</a>","<a href=""https://untappd.com/w/mercury-cider-company/20381"">Untappd</a>"
2013,Sweet Perry made using water and/or sugar in production,Paracombe Premium Perry,The Berg,🥉 Bronze,,Active,South Australia,Australia,"<a href=""https://paracombepremiumperry.com.au/"">Website</a>","<a href=""https://www.facebook.com/ParacombePremiumPerry"">Facebook</a>","<a href=""https://www.instagram.com/paracombe_premium_perry/"">Instagram</a>","<a href=""https://maps.google.com/?cid=8848424261688723969"">Google</a>",,"<a href=""https://www.tripadvisor.com/Attraction_Review-g255093-d11707679"">TripAdvisor</a>","<a href=""https://untappd.com/ParacombePremiumPerry"">Untappd</a>"
2013,Sweet Perry made using water and/or sugar in production,Tilse's Apple Truck Cider,Tilses’s Pear Cider,🥉 Bronze,,Active,New South Wales,Australia,"<a href=""https://www.theorchardlodge.com.au/"">Website</a>","<a href=""https://www.facebook.com/theorchardlodgensw/"">Facebook</a>","<a href=""https://www.instagram.com/appletruckcider/"">Instagram</a>","<a href=""https://maps.google.com/?cid=18205993928648034259"">Google</a>",,"<a href=""https://www.tripadvisor.com/Hotel_Review-g5788651-d23405360"">TripAdvisor</a>","<a href=""https://untappd.com/brewery/30402"">Untappd</a>"
2014,New World Dry Cider,Zeffer,Crisp Apple Cider,🥈 Silver,54,Active,Hawke's Bay,New Zealand,"<a href=""https://zeffer.co.nz/"">Website</a>","<a href=""https://www.facebook.com/zefferdrinks/"">Facebook</a>","<a href=""https://www.instagram.com/zefferdrinks/"">Instagram</a>","<a href=""https://maps.google.com/?cid=13931145990495161499"">Google</a>",,"<a href=""https://www.tripadvisor.com/Attraction_Review-g255680-d15328989"">TripAdvisor</a>","<a href=""https://untappd.com/Zeffer"">Untappd</a>"
2014,New World Dry Cider,Learmonth Cider,321 Learmonth Traditional Still Cider,🥈 Silver,51,Active,Victoria,Australia,"<a href=""https://learmonthcider.com.au/"">Website</a>","<a href=""https://www.facebook.com/profile.php?id=100069530773568"">Facebook</a>",,,,,"<a href=""https://untappd.com/w/321-learmonth/90115"">Untappd</a>"
2014,New World Dry Cider,Napoleone Cider,Napoleone Cloudy Apple,🥉 Bronze,49.5,Active,Victoria,Australia,"<a href=""https://napoleone.com.au/"">Website</a>","<a href=""https://www.facebook.com/napoleoneorchardbar"">Facebook</a>","<a href=""https://www.instagram.com/napoleonecider"">Instagram</a>","<a href=""https://maps.google.com/?cid=3472985488113617215"">Google</a>","<a href=""https://www.yelp.com/biz/napoleone-brewery-and-ciderhouse-coldstream"">Yelp</a>","<a href=""https://www.tripadvisor.com/Attraction_Review-g1205102-d7980976"">TripAdvisor</a>","<a href=""https://untappd.com/brewery/3800"">Untappd</a>"
2014,New World Dry Cider,Small Acres Cyder,Small Acres Cyder Somerset Still 2013,🥉 Bronze,49.5,Active,New South Wales,Australia,"<a href=""https://www.smallacrescyder.com.au/"">Website</a>","<a href=""https://www.facebook.com/SmallAcresCyder"">Facebook</a>","<a href=""https://www.instagram.com/smallacrescyder"">Instagram</a>","<a href=""https://maps.google.com/?cid=1497457670374953580"">Google</a>",,"<a href=""https://www.tripadvisor.com/Attraction_Review-g2642455-d5991203"">TripAdvisor</a>","<a href=""https://untappd.com/brewery/14584"">Untappd</a>"
2014,Traditional Dry Cider,Zeffer,Zeffer Slack Ma Girdle Cider,🥇 Gold,55.5,Active,Hawke's Bay,New Zealand,"<a href=""https://zeffer.co.nz/"">Website</a>","<a href=""https://www.facebook.com/zefferdrinks/"">Facebook</a>","<a href=""https://www.instagram.com/zefferdrinks/"">Instagram</a>","<a href=""https://maps.google.com/?cid=13931145990495161499"">Google</a>",,"<a href=""https://www.tripadvisor.com/Attraction_Review-g255680-d15328989"">TripAdvisor</a>","<a href=""https://untappd.com/Zeffer"">Untappd</a>"
2014,Traditional Dry Cider,Henry of Harcourt,Kingston Black 13,🥈 Silver,52.5,Active,Victoria,Australia,"<a href=""https://henrycider.com/"">Website</a>","<a href=""https://www.facebook.com/henrycider/"">Facebook</a>","<a href=""https://www.instagram.com/henrycider/"">Instagram</a>","<a href=""https://maps.google.com/?cid=8940355932051611367"">Google</a>",,"<a href=""https://www.tripadvisor.com/Attraction_Review-g552178-d8783234"">TripAdvisor</a>","<a href=""https://untappd.com/w/henry-of-harcourt/5374"">Untappd</a>"
2014,Traditional Dry Cider,Henney's Cider,Henneys Dry Cider,🥈 Silver,52.5,Active,Herefordshire,England,"<a href=""http://www.henneys.co.uk/"">Website</a>","<a href=""https://www.facebook.com/HenneysCider"">Facebook</a>",,,,,"<a href=""https://untappd.com/brewery/10577"">Untappd</a>"
2014,Traditional Dry Cider,Henney's Cider,Henneys Vintage Cider,🥈 Silver,51,Active,Herefordshire,England,"<a href=""http://www.henneys.co.uk/"">Website</a>","<a href=""https://www.facebook.com/HenneysCider"">Facebook</a>",,,,,"<a href=""https://untappd.com/brewery/10577"">Untappd</a>"
2014,Traditional Dry Cider,Windermere Cider,Windermere Classic Cider,🥈 Silver,51,Inactive,Western Cape,South Africa,,,,,,,
2014,Traditional Dry Cider,Borrodell Vineyard,Borrodell Vineyard Traditional Heritage Apple Cider,🥉 Bronze,48,Active,New South Wales,Australia,"<a href=""https://www.borrodell.com.au/"">Website</a>","<a href=""https://www.facebook.com/BorrodellVineyard/"">Facebook</a>","<a href=""https://www.instagram.com/borrodell_vineyard/"">Instagram</a>","<a href=""https://maps.google.com/?cid=9113164481963775697"">Google</a>",,"<a href=""https://www.tripadvisor.com/Attraction_Review-g255326-d4469466"">TripAdvisor</a>","<a href=""https://untappd.com/w/borrodell-vineyard/42488"">Untappd</a>"
2014,Traditional Dry Cider,Adams Orchard Cider,Adams Orchard Dry Apple Cider,🥉 Bronze,46.5,Inactive,South Australia,Australia,,,,,,,
2014,New World Medium Cider,Kangaroo Island Ciders,Colony Cove Draught Cider,🥈 Silver,54,Active,South Australia,Australia,"<a href=""https://www.kangarooislandciders.com.au/"">Website</a>",,,"<a href=""https://maps.google.com/?cid=7120331639179318476"">Google</a>",,,"<a href=""https://untappd.com/w/kangaroo-island-ciders/62318"">Untappd</a>"
2014,New World Medium Cider,Jachmann Cider,Jachmann Pink Lady Apple Cider,🥈 Silver,52.5,Active,South Australia,Australia,"<a href=""https://jachmann.com.au/"">Website</a>","<a href=""https://www.facebook.com/JachmannAppleCider"">Facebook</a>",,,,,"<a href=""https://untappd.com/w/jachmann-apple-co/201681"">Untappd</a>"
2014,New World Medium Cider,Hillbilly Cider,Hillbilly Apple Cider,🥈 Silver,51,Active,New South Wales,Australia,"<a href=""https://hillbillycider.com.au/"">Website</a>","<a href=""https://www.facebook.com/HillbillyCider/"">Facebook</a>","<a href=""https://www.instagram.com/hillbillycider/"">Instagram</a>","<a href=""https://maps.google.com/?cid=904695025997043027"">Google</a>",,"<a href=""https://www.tripadvisor.com/Attraction_Review-g1093762-d12290596"">TripAdvisor</a>","<a href=""https://untappd.com/w/hillbilly-harvest-co/44163"">Untappd</a>"
2014,New World Medium Cider,Jachmann Cider,Jachmann Royal Gala Apple Cider,🥈 Silver,51,Active,South Australia,Australia,"<a href=""https://jachmann.com.au/"">Website</a>","<a href=""https://www.facebook.com/JachmannAppleCider"">Facebook</a>",,,,,"<a href=""https://untappd.com/w/jachmann-apple-co/201681"">Untappd</a>"
2014,New World Medium Cider,Flying Brick Cider,Flying Brick Cider Draught Cider,🥉 Bronze,49.5,Active,Victoria,Australia,"<a href=""https://flyingbrickciderco.com.au/"">Website</a>","<a href=""https://www.facebook.com/flyingbrickciderco"">Facebook</a>","<a href=""https://www.instagram.com/flyingbrickciderco/"">Instagram</a>","<a href=""https://maps.google.com/?cid=413601929230884265"">Google</a>","<a href=""https://www.yelp.com/biz/flying-brick-cider-co-wallington-2"">Yelp</a>","<a href=""https://www.tripadvisor.com/Restaurant_Review-g1937720-d7332877"">TripAdvisor</a>","<a href=""https://untappd.com/brewery/33883"">Untappd</a>"
2014,New World Medium Cider,Little Creatures,Pipsqueak Apple Cider,🥉 Bronze,49.5,Active,Western Australia,Australia,"<a href=""https://littlecreatures.com.au/"">Website</a>","<a href=""https://www.facebook.com/littlecreaturesbrewing"">Facebook</a>","<a href=""https://www.instagram.com/littlecreaturesbrewing/"">Instagram</a>","<a href=""https://maps.google.com/?cid=1864054459948406266"">Google</a>","<a href=""https://www.yelp.com/biz/little-creatures-brewery-fremantle"">Yelp</a>","<a href=""https://www.tripadvisor.com/Restaurant_Review-g285726-d778314"">TripAdvisor</a>","<a href=""https://untappd.com/LittleCreaturesBrewing"">Untappd</a>"
2014,New World Medium Cider,Mr Little Cider,Mr Little Genuine Cider,🥉 Bronze,49.5,Active,Victoria,Australia,"<a href=""https://mrlittlecider.com.au/"">Website</a>","<a href=""https://www.facebook.com/mrlittlecider/"">Facebook</a>","<a href=""https://www.instagram.com/mrlittlecider/"">Instagram</a>","<a href=""https://maps.google.com/?cid=2019669846727246935"">Google</a>",,"<a href=""https://www.tripadvisor.com/Attraction_Review-g552161-d15190619"">TripAdvisor</a>","<a href=""https://untappd.com/w/mr-little-cider/236921"">Untappd</a>"
2014,New World Medium Cider,Cascade Brewing Co.,Mercury Dry Cider,🥉 Bronze,48,Active,Tasmania,Australia,"<a href=""https://cascadebrewerybar.com.au/"">Website</a>","<a href=""https://www.facebook.com/cascadebrewerybar"">Facebook</a>","<a href=""https://www.instagram.com/cascadebrewerybar"">Instagram</a>","<a href=""https://maps.google.com/?cid=12138549215731406353"">Google</a>","<a href=""https://www.yelp.com/biz/cascade-brewery-south-hobart-2"">Yelp</a>","<a href=""https://www.tripadvisor.com/Attraction_Review-g255097-d256543"">TripAdvisor</a>","<a href=""https://untappd.com/w/mercury-cider-company/20381"">Untappd</a>"
2014,New World Medium Cider,Kangaroo Island Ciders,Colony Cove Cider,🥉 Bronze,48,Active,South Australia,Australia,"<a href=""https://www.kangarooislandciders.com.au/"">Website</a>",,,"<a href=""https://maps.google.com/?cid=7120331639179318476"">Google</a>",,,"<a href=""https://untappd.com/w/kangaroo-island-ciders/62318"">Untappd</a>"
2014,New World Medium Cider,Napoleone Cider,Napoleone Apple Cider,🥉 Bronze,48,Active,Victoria,Australia,"<a href=""https://napoleone.com.au/"">Website</a>","<a href=""https://www.facebook.com/napoleoneorchardbar"">Facebook</a>","<a href=""https://www.instagram.com/napoleonecider"">Instagram</a>","<a href=""https://maps.google.com/?cid=3472985488113617215"">Google</a>","<a href=""https://www.yelp.com/biz/napoleone-brewery-and-ciderhouse-coldstream"">Yelp</a>","<a href=""https://www.tripadvisor.com/Attraction_Review-g1205102-d7980976"">TripAdvisor</a>","<a href=""https://untappd.com/brewery/3800"">Untappd</a>"
2014,Traditional Medium Cider,Thatchers Cider,Thatchers Gold,🥇 Gold,55.5,Active,Somerset,England,"<a href=""https://www.thatcherscider.co.uk/"">Website</a>","<a href=""https://www.facebook.com/ThatchersCiderCompany"">Facebook</a>","<a href=""https://www.instagram.com/thatcherscider/"">Instagram</a>","<a href=""https://maps.google.com/?cid=15191093037076298219"">Google</a>",,"<a href=""https://www.tripadvisor.com/Attraction_Review-g4412909-d11019728"">TripAdvisor</a>","<a href=""https://untappd.com/brewery/3063"">Untappd</a>"
2014,New World Sweet Cider,The Apple Thief,The Apple Thief Pink Lady Cider,🥈 Silver,54,Active,New South Wales,Australia,"<a href=""https://theapplethief.com.au/"">Website</a>","<a href=""https://www.facebook.com/TheAppleThiefCiders/"">Facebook</a>","<a href=""https://www.instagram.com/theapplethiefciders/"">Instagram</a>","<a href=""https://maps.google.com/?cid=4762631239680624675"">Google</a>",,,"<a href=""https://untappd.com/brewery/21796"">Untappd</a>"
2014,New World Sweet Cider,Mock Red Hill,Mock Red Hill Sweet Cider,🥈 Silver,51,Active,Victoria,Australia,"<a href=""https://www.mockredhill.com.au/"">Website</a>","<a href=""https://www.facebook.com/pages/Mock-Red-Hill/181240308586996"">Facebook</a>","<a href=""https://www.instagram.com/mockredhill/"">Instagram</a>","<a href=""https://maps.google.com/?cid=10552205982251777171"">Google</a>","<a href=""https://www.yelp.com/biz/mock-orchards-red-hill"">Yelp</a>","<a href=""https://www.tripadvisor.com/Restaurant_Review-g552249-d9793363"">TripAdvisor</a>","<a href=""https://untappd.com/brewery/28770"">Untappd</a>"
2014,New World Sweet Cider,Seven Oaks Farmhouse Cider,Pink Lady,🥈 Silver,51,Active,Victoria,Australia,"<a href=""https://www.sevenoakscider.com.au/"">Website</a>","<a href=""https://www.facebook.com/sevenoakscider/"">Facebook</a>","<a href=""https://www.instagram.com/sevenoaksfarmhouse"">Instagram</a>","<a href=""https://maps.google.com/?cid=8084176422687381883"">Google</a>",,,"<a href=""https://untappd.com/w/seven-oaks-farmhouse-cider/17183"">Untappd</a>"
2014,New World Sweet Cider,Seven Oaks Farmhouse Cider,Yarlington Mill,🥈 Silver,51,Active,Victoria,Australia,"<a href=""https://www.sevenoakscider.com.au/"">Website</a>","<a href=""https://www.facebook.com/sevenoakscider/"">Facebook</a>","<a href=""https://www.instagram.com/sevenoaksfarmhouse"">Instagram</a>","<a href=""https://maps.google.com/?cid=8084176422687381883"">Google</a>",,,"<a href=""https://untappd.com/w/seven-oaks-farmhouse-cider/17183"">Untappd</a>"
2014,New World Sweet Cider,Cascade Brewing Co.,Mercury Draught Cider,🥉 Bronze,48,Active,Tasmania,Australia,"<a href=""https://cascadebrewerybar.com.au/"">Website</a>","<a href=""https://www.facebook.com/cascadebrewerybar"">Facebook</a>","<a href=""https://www.instagram.com/cascadebrewerybar"">Instagram</a>","<a href=""https://maps.google.com/?cid=12138549215731406353"">Google</a>","<a href=""https://www.yelp.com/biz/cascade-brewery-south-hobart-2"">Yelp</a>","<a href=""https://www.tripadvisor.com/Attraction_Review-g255097-d256543"">TripAdvisor</a>","<a href=""https://untappd.com/w/mercury-cider-company/20381"">Untappd</a>"
2014,New World Sweet Cider,Lion,Kirin Fuji Apple Cider,🥉 Bronze,48,Active,New South Wales,Australia,"<a href=""https://www.lionco.com/"">Website</a>",,,,,,
2014,New World Sweet Cider,Sacred Valley Beverages,Sacred Valley Apple Cider,🥉 Bronze,48,Active,New South Wales,Australia,"<a href=""https://www.sacredvalley.com.au/"">Website</a>","<a href=""https://www.facebook.com/sacredvalleybrewingco"">Facebook</a>","<a href=""https://www.instagram.com/sacredvalleybrewingco/"">Instagram</a>",,,,"<a href=""https://untappd.com/w/sacred-valley-cider/193970"">Untappd</a>"
2014,New World Sweet Cider,Spreyton Cider Co.,Bright 2014,🥉 Bronze,48,Active,Tasmania,Australia,"<a href=""https://www.spreytonciderco.com.au/"">Website</a>","<a href=""https://www.facebook.com/SpreytonCiderCo"">Facebook</a>","<a href=""https://www.instagram.com/spreytonciderco/"">Instagram</a>","<a href=""https://maps.google.com/?cid=4719454766033276507"">Google</a>","<a href=""https://www.yelp.com/biz/spreyton-cider-co-spreyton-2"">Yelp</a>","<a href=""https://www.tripadvisor.com/Attraction_Review-g504292-d3738226"">TripAdvisor</a>","<a href=""https://untappd.com/SpreytonCiderCo"">Untappd</a>"
2014,New World Sweet Cider,Blue Elephant Beverage Co.,Blue Elephant Cider No.2,🥉 Bronze,46.5,Inactive,Victoria,Australia,,,,,,,
2014,New World Sweet Cider,Frank's Cider,Franks Summer Apple Cider,🥉 Bronze,46.5,Active,Tasmania,Australia,"<a href=""https://www.frankscider.com.au/"">Website</a>","<a href=""https://www.facebook.com/FranksCider"">Facebook</a>","<a href=""https://www.instagram.com/frankscider/"">Instagram</a>","<a href=""https://maps.google.com/?cid=12281895632138757991"">Google</a>","<a href=""https://www.yelp.com/biz/franks-cider-bar-and-cafe-franklin"">Yelp</a>","<a href=""https://www.tripadvisor.com/Restaurant_Review-g504298-d7270183"">TripAdvisor</a>","<a href=""https://untappd.com/brewery/66943"">Untappd</a>"
2014,New World Sweet Cider,Barossa Cider Co.,Squashed Apple Cider,🥉 Bronze,46.5,Active,South Australia,Australia,"<a href=""https://barossavalleyciderco.com/"">Website</a>","<a href=""https://www.facebook.com/barossacider/"">Facebook</a>","<a href=""https://www.instagram.com/barossacider.co/"">Instagram</a>",,,,"<a href=""https://untappd.com/TheBarossaValleyCiderCo"">Untappd</a>"
2014,New World Sweet Cider,Mures Tasmania,Dock Cider,🥉 Bronze,46.5,Active,Tasmania,Australia,"<a href=""https://www.mures.com.au/"">Website</a>","<a href=""https://www.facebook.com/MuresTasmania"">Facebook</a>","<a href=""https://www.instagram.com/murestasmania"">Instagram</a>","<a href=""https://maps.google.com/?cid=40642501716472917"">Google</a>","<a href=""https://www.yelp.com/biz/mures-upper-deck-hobart-4"">Yelp</a>","<a href=""https://www.tripadvisor.com/Restaurant_Review-g255097-d727306"">TripAdvisor</a>","<a href=""https://untappd.com/w/mures-tasmania/123384"">Untappd</a>"
2014,Traditional Sweet Cider,Seven Oaks Farmhouse Cider,Bramley Seedling,🥉 Bronze,49.5,Active,Victoria,Australia,"<a href=""https://www.sevenoakscider.com.au/"">Website</a>","<a href=""https://www.facebook.com/sevenoakscider/"">Facebook</a>","<a href=""https://www.instagram.com/sevenoaksfarmhouse"">Instagram</a>","<a href=""https://maps.google.com/?cid=8084176422687381883"">Google</a>",,,"<a href=""https://untappd.com/w/seven-oaks-farmhouse-cider/17183"">Untappd</a>"
2014,Traditional Sweet Cider,Seven Oaks Farmhouse Cider,Sweet Coppin,🥉 Bronze,49.5,Active,Victoria,Australia,"<a href=""https://www.sevenoakscider.com.au/"">Website</a>","<a href=""https://www.facebook.com/sevenoakscider/"">Facebook</a>","<a href=""https://www.instagram.com/sevenoaksfarmhouse"">Instagram</a>","<a href=""https://maps.google.com/?cid=8084176422687381883"">Google</a>",,,"<a href=""https://untappd.com/w/seven-oaks-farmhouse-cider/17183"">Untappd</a>"
2014,Traditional Sweet Cider,Seven Oaks Farmhouse Cider,Rous Latour,🥉 Bronze,48,Active,Victoria,Australia,"<a href=""https://www.sevenoakscider.com.au/"">Website</a>","<a href=""https://www.facebook.com/sevenoakscider/"">Facebook</a>","<a href=""https://www.instagram.com/sevenoaksfarmhouse"">Instagram</a>","<a href=""https://maps.google.com/?cid=8084176422687381883"">Google</a>",,,"<a href=""https://untappd.com/w/seven-oaks-farmhouse-cider/17183"">Untappd</a>"
2014,Bottle Conditioned / Methode Champenoise Cider,Core Cider,CORERUPTED Methode Champenoise Cider,🥈 Silver,52.5,Active,Western Australia,Australia,"<a href=""https://corecider.com.au/"">Website</a>","<a href=""https://www.facebook.com/pages/The-CORE-Cider-House/193269374050973"">Facebook</a>","<a href=""https://www.instagram.com/coreciderhouse/"">Instagram</a>","<a href=""https://maps.google.com/?cid=9482101079872958147"">Google</a>","<a href=""https://www.yelp.com/biz/core-cider-pickering-brook-3"">Yelp</a>","<a href=""https://www.tripadvisor.com/Restaurant_Review-g804216-d3191966"">TripAdvisor</a>","<a href=""https://untappd.com/w/core-cider-house/90179"">Untappd</a>"
2014,Bottle Conditioned / Methode Champenoise Cider,Small Acres Cyder,Small Acres Cyder Sparkling 2012,🥈 Silver,51,Active,New South Wales,Australia,"<a href=""https://www.smallacrescyder.com.au/"">Website</a>","<a href=""https://www.facebook.com/SmallAcresCyder"">Facebook</a>","<a href=""https://www.instagram.com/smallacrescyder"">Instagram</a>","<a href=""https://maps.google.com/?cid=1497457670374953580"">Google</a>",,"<a href=""https://www.tripadvisor.com/Attraction_Review-g2642455-d5991203"">TripAdvisor</a>","<a href=""https://untappd.com/brewery/14584"">Untappd</a>"
2014,Bottle Conditioned / Methode Champenoise Cider,Crucible Cider,Crucible,🥉 Bronze,48,Active,Victoria,Australia,,"<a href=""https://www.facebook.com/profile.php?id=100072057556611"">Facebook</a>","<a href=""https://www.instagram.com/crucible_cider/?img_index=1"">Instagram</a>",,,,
2014,Bottle Conditioned / Methode Champenoise Cider,Napoleone Cider,Napoleone Methode Traditionelle Apple Cider,🥉 Bronze,46.5,Active,Victoria,Australia,"<a href=""https://napoleone.com.au/"">Website</a>","<a href=""https://www.facebook.com/napoleoneorchardbar"">Facebook</a>","<a href=""https://www.instagram.com/napoleonecider"">Instagram</a>","<a href=""https://maps.google.com/?cid=3472985488113617215"">Google</a>","<a href=""https://www.yelp.com/biz/napoleone-brewery-and-ciderhouse-coldstream"">Yelp</a>","<a href=""https://www.tripadvisor.com/Attraction_Review-g1205102-d7980976"">TripAdvisor</a>","<a href=""https://untappd.com/brewery/3800"">Untappd</a>"
2014,Bottle Conditioned / Methode Champenoise Cider,Spreyton Cider Co.,Classic,🥉 Bronze,46.5,Active,Tasmania,Australia,"<a href=""https://www.spreytonciderco.com.au/"">Website</a>","<a href=""https://www.facebook.com/SpreytonCiderCo"">Facebook</a>","<a href=""https://www.instagram.com/spreytonciderco/"">Instagram</a>","<a href=""https://maps.google.com/?cid=4719454766033276507"">Google</a>","<a href=""https://www.yelp.com/biz/spreyton-cider-co-spreyton-2"">Yelp</a>","<a href=""https://www.tripadvisor.com/Attraction_Review-g504292-d3738226"">TripAdvisor</a>","<a href=""https://untappd.com/SpreytonCiderCo"">Untappd</a>"
2014,Bottle Conditioned / Methode Champenoise Cider,Spreyton Cider Co.,Vintage 2014,🥉 Bronze,46.5,Active,Tasmania,Australia,"<a href=""https://www.spreytonciderco.com.au/"">Website</a>","<a href=""https://www.facebook.com/SpreytonCiderCo"">Facebook</a>","<a href=""https://www.instagram.com/spreytonciderco/"">Instagram</a>","<a href=""https://maps.google.com/?cid=4719454766033276507"">Google</a>","<a href=""https://www.yelp.com/biz/spreyton-cider-co-spreyton-2"">Yelp</a>","<a href=""https://www.tripadvisor.com/Attraction_Review-g504292-d3738226"">TripAdvisor</a>","<a href=""https://untappd.com/SpreytonCiderCo"">Untappd</a>"
2014,New World Dry Perry,Zeffer,Zeffer Juicy Pear,🥈 Silver,51,Active,Hawke's Bay,New Zealand,"<a href=""https://zeffer.co.nz/"">Website</a>","<a href=""https://www.facebook.com/zefferdrinks/"">Facebook</a>","<a href=""https://www.instagram.com/zefferdrinks/"">Instagram</a>","<a href=""https://maps.google.com/?cid=13931145990495161499"">Google</a>",,"<a href=""https://www.tripadvisor.com/Attraction_Review-g255680-d15328989"">TripAdvisor</a>","<a href=""https://untappd.com/Zeffer"">Untappd</a>"
2014,New World Dry Perry,Flying Brick Cider,Flying Brick Cider Pear Cider,🥉 Bronze,49.5,Active,Victoria,Australia,"<a href=""https://flyingbrickciderco.com.au/"">Website</a>","<a href=""https://www.facebook.com/flyingbrickciderco"">Facebook</a>","<a href=""https://www.instagram.com/flyingbrickciderco/"">Instagram</a>","<a href=""https://maps.google.com/?cid=413601929230884265"">Google</a>","<a href=""https://www.yelp.com/biz/flying-brick-cider-co-wallington-2"">Yelp</a>","<a href=""https://www.tripadvisor.com/Restaurant_Review-g1937720-d7332877"">TripAdvisor</a>","<a href=""https://untappd.com/brewery/33883"">Untappd</a>"
2014,New World Dry Perry,Oakvale Wines,Oakvale 2014 Pear Cider,🥉 Bronze,46.5,Active,New South Wales,Australia,"<a href=""https://www.oakvalewines.com.au/"">Website</a>","<a href=""https://www.facebook.com/oakvalewinery"">Facebook</a>","<a href=""https://www.instagram.com/oakvalewines/"">Instagram</a>","<a href=""https://maps.google.com/?cid=5190501698518241314"">Google</a>","<a href=""https://www.yelp.com/biz/oakvale-wines-pokolbin"">Yelp</a>","<a href=""https://www.tripadvisor.com/Attraction_Review-g255328-d2536109"">TripAdvisor</a>","<a href=""https://untappd.com/w/oakvale/157694"">Untappd</a>"
2014,New World Medium Perry,Paracombe Premium Perry,The Triumph,🥉 Bronze,46.5,Active,South Australia,Australia,"<a href=""https://paracombepremiumperry.com.au/"">Website</a>","<a href=""https://www.facebook.com/ParacombePremiumPerry"">Facebook</a>","<a href=""https://www.instagram.com/paracombe_premium_perry/"">Instagram</a>","<a href=""https://maps.google.com/?cid=8848424261688723969"">Google</a>",,"<a href=""https://www.tripadvisor.com/Attraction_Review-g255093-d11707679"">TripAdvisor</a>","<a href=""https://untappd.com/ParacombePremiumPerry"">Untappd</a>"
2014,New World Medium Perry,Paracombe Premium Perry,Perfect 5,🥉 Bronze,46.5,Active,South Australia,Australia,"<a href=""https://paracombepremiumperry.com.au/"">Website</a>","<a href=""https://www.facebook.com/ParacombePremiumPerry"">Facebook</a>","<a href=""https://www.instagram.com/paracombe_premium_perry/"">Instagram</a>","<a href=""https://maps.google.com/?cid=8848424261688723969"">Google</a>",,"<a href=""https://www.tripadvisor.com/Attraction_Review-g255093-d11707679"">TripAdvisor</a>","<a href=""https://untappd.com/ParacombePremiumPerry"">Untappd</a>"
2014,New World Medium Perry,Small Acres Cyder,Small Acres Poire,🥉 Bronze,46.5,Active,New South Wales,Australia,"<a href=""https://www.smallacrescyder.com.au/"">Website</a>","<a href=""https://www.facebook.com/SmallAcresCyder"">Facebook</a>","<a href=""https://www.instagram.com/smallacrescyder"">Instagram</a>","<a href=""https://maps.google.com/?cid=1497457670374953580"">Google</a>",,"<a href=""https://www.tripadvisor.com/Attraction_Review-g2642455-d5991203"">TripAdvisor</a>","<a href=""https://untappd.com/brewery/14584"">Untappd</a>"
2014,New World Medium Perry,The Hills Cider Company,Hills Cider Pear,🥉 Bronze,46.5,Active,South Australia,Australia,,"<a href=""https://www.facebook.com/thehillscidercompany"">Facebook</a>","<a href=""https://www.instagram.com/thehillscidercompany/"">Instagram</a>","<a href=""https://maps.google.com/?cid=40048064327732560"">Google</a>",,,"<a href=""https://untappd.com/thehillscidercompany"">Untappd</a>"
2014,Traditional Medium Perry,Hillbilly Cider,Hillbilly Pear Cider,🥈 Silver,52.5,Active,New South Wales,Australia,"<a href=""https://hillbillycider.com.au/"">Website</a>","<a href=""https://www.facebook.com/HillbillyCider/"">Facebook</a>","<a href=""https://www.instagram.com/hillbillycider/"">Instagram</a>","<a href=""https://maps.google.com/?cid=904695025997043027"">Google</a>",,"<a href=""https://www.tripadvisor.com/Attraction_Review-g1093762-d12290596"">TripAdvisor</a>","<a href=""https://untappd.com/w/hillbilly-harvest-co/44163"">Untappd</a>"
2014,Traditional Medium Perry,Lobo Cider,LOBO Perry,🥉 Bronze,49.5,Active,South Australia,Australia,"<a href=""https://www.lobocider.com.au/"">Website</a>","<a href=""https://www.facebook.com/LOBOcider/"">Facebook</a>","<a href=""https://www.instagram.com/lobocider"">Instagram</a>",,,,"<a href=""https://untappd.com/brewery/8446"">Untappd</a>"
2014,Bottle Conditioned / Methode Champenoise Perry,Napoleone Cider,Napoleone Methode Traditionelle Pear Cider,🥇 Gold,55.5,Active,Victoria,Australia,"<a href=""https://napoleone.com.au/"">Website</a>","<a href=""https://www.facebook.com/napoleoneorchardbar"">Facebook</a>","<a href=""https://www.instagram.com/napoleonecider"">Instagram</a>","<a href=""https://maps.google.com/?cid=3472985488113617215"">Google</a>","<a href=""https://www.yelp.com/biz/napoleone-brewery-and-ciderhouse-coldstream"">Yelp</a>","<a href=""https://www.tripadvisor.com/Attraction_Review-g1205102-d7980976"">TripAdvisor</a>","<a href=""https://untappd.com/brewery/3800"">Untappd</a>"
2014,Bottle Conditioned / Methode Champenoise Perry,St Ronan's Cider,St Ronan’s Methode Traditional Pear Cider,🥈 Silver,51,Active,Victoria,Australia,"<a href=""https://stronanscider.com.au/"">Website</a>","<a href=""https://www.facebook.com/StRonansCider"">Facebook</a>","<a href=""https://www.instagram.com/st_ronans_cider/"">Instagram</a>","<a href=""https://maps.google.com/?cid=1347860416011573691"">Google</a>",,,"<a href=""https://untappd.com/StRonansCider"">Untappd</a>"
2014,Bottle Conditioned / Methode Champenoise Perry,Small Acres Cyder,Small Acres Cyder Sparkling Perry 2013,🥉 Bronze,49.5,Active,New South Wales,Australia,"<a href=""https://www.smallacrescyder.com.au/"">Website</a>","<a href=""https://www.facebook.com/SmallAcresCyder"">Facebook</a>","<a href=""https://www.instagram.com/smallacrescyder"">Instagram</a>","<a href=""https://maps.google.com/?cid=1497457670374953580"">Google</a>",,"<a href=""https://www.tripadvisor.com/Attraction_Review-g2642455-d5991203"">TripAdvisor</a>","<a href=""https://untappd.com/brewery/14584"">Untappd</a>"
2014,Ice Cider or Perry,Small Acres Cyder,Small Acres Cyder Pomona Ice 2012,🥈 Silver,51,Active,New South Wales,Australia,"<a href=""https://www.smallacrescyder.com.au/"">Website</a>","<a href=""https://www.facebook.com/SmallAcresCyder"">Facebook</a>","<a href=""https://www.instagram.com/smallacrescyder"">Instagram</a>","<a href=""https://maps.google.com/?cid=1497457670374953580"">Google</a>",,"<a href=""https://www.tripadvisor.com/Attraction_Review-g2642455-d5991203"">TripAdvisor</a>","<a href=""https://untappd.com/brewery/14584"">Untappd</a>"
2014,Fortified Cider or Perry,Small Acres Cyder,Small Acres Cyder Pommeau 2009,🥈 Silver,51,Active,New South Wales,Australia,"<a href=""https://www.smallacrescyder.com.au/"">Website</a>","<a href=""https://www.facebook.com/SmallAcresCyder"">Facebook</a>","<a href=""https://www.instagram.com/smallacrescyder"">Instagram</a>","<a href=""https://maps.google.com/?cid=1497457670374953580"">Google</a>",,"<a href=""https://www.tripadvisor.com/Attraction_Review-g2642455-d5991203"">TripAdvisor</a>","<a href=""https://untappd.com/brewery/14584"">Untappd</a>"
2014,Experimental Cider or Perry,Pressman's Cider,Pressman’s Mid,🥉 Bronze,48,Active,New South Wales,Australia,,"<a href=""https://www.facebook.com/pressmans"">Facebook</a>","<a href=""https://www.instagram.com/pressmans_cider/"">Instagram</a>",,,,"<a href=""https://untappd.com/b/australian-beer-co-pressman-s-cider/544529"">Untappd</a>"
2015,New World Dry Cider,Jachmann Cider,Jachmann Lady William Apple Cider 500 Ml,🥉 Bronze,83,Active,South Australia,Australia,"<a href=""https://jachmann.com.au/"">Website</a>","<a href=""https://www.facebook.com/JachmannAppleCider"">Facebook</a>",,,,,"<a href=""https://untappd.com/w/jachmann-apple-co/201681"">Untappd</a>"
2015,New World Dry Cider,Jachmann Cider,Jachmann Lady William Apple Cider 750 Ml,🥉 Bronze,82,Active,South Australia,Australia,"<a href=""https://jachmann.com.au/"">Website</a>","<a href=""https://www.facebook.com/JachmannAppleCider"">Facebook</a>",,,,,"<a href=""https://untappd.com/w/jachmann-apple-co/201681"">Untappd</a>"
2015,New World Dry Cider,Sutton's Juice Factory,Suttons Cider,🥉 Bronze,80,Active,Queensland,Australia,"<a href=""https://suttonsfarm.com.au/"">Website</a>","<a href=""https://www.facebook.com/suttonsjuiceandcider/"">Facebook</a>","<a href=""https://www.instagram.com/suttonsfarm/"">Instagram</a>","<a href=""https://maps.google.com/?cid=17202902084953727843"">Google</a>",,"<a href=""https://www.tripadvisor.com/Attraction_Review-g3666083-d1743635"">TripAdvisor</a>","<a href=""https://untappd.com/w/suttons-farm/169154"">Untappd</a>"
2015,New World Dry Cider,Henry of Harcourt,Original Cider,🥉 Bronze,79,Active,Victoria,Australia,"<a href=""https://henrycider.com/"">Website</a>","<a href=""https://www.facebook.com/henrycider/"">Facebook</a>","<a href=""https://www.instagram.com/henrycider/"">Instagram</a>","<a href=""https://maps.google.com/?cid=8940355932051611367"">Google</a>",,"<a href=""https://www.tripadvisor.com/Attraction_Review-g552178-d8783234"">TripAdvisor</a>","<a href=""https://untappd.com/w/henry-of-harcourt/5374"">Untappd</a>"
2015,New World Dry Cider,Learmonth Cider,321 Learmonth Traditional Still Cider,🥉 Bronze,78,Active,Victoria,Australia,"<a href=""https://learmonthcider.com.au/"">Website</a>","<a href=""https://www.facebook.com/profile.php?id=100069530773568"">Facebook</a>",,,,,"<a href=""https://untappd.com/w/321-learmonth/90115"">Untappd</a>"
2015,New World Dry Cider,Red Brick Road Ciderhouse & Bar,Cox's Orange Pippin Cider,🥉 Bronze,78,Inactive,Tasmania,Australia,,,,,,,
2015,Traditional Dry Cider,Borrodell Vineyard,Borrodell Vineyard's Heritage Apple Cider,🥇 Gold,93,Active,New South Wales,Australia,"<a href=""https://www.borrodell.com.au/"">Website</a>","<a href=""https://www.facebook.com/BorrodellVineyard/"">Facebook</a>","<a href=""https://www.instagram.com/borrodell_vineyard/"">Instagram</a>","<a href=""https://maps.google.com/?cid=9113164481963775697"">Google</a>",,"<a href=""https://www.tripadvisor.com/Attraction_Review-g255326-d4469466"">TripAdvisor</a>","<a href=""https://untappd.com/w/borrodell-vineyard/42488"">Untappd</a>"
2015,Traditional Dry Cider,Crucible Cider,Crucible Cider,🥈 Silver,85,Active,Victoria,Australia,,"<a href=""https://www.facebook.com/profile.php?id=100072057556611"">Facebook</a>","<a href=""https://www.instagram.com/crucible_cider/?img_index=1"">Instagram</a>",,,,
2015,Traditional Dry Cider,Small Acres Cyder,Small Acres Cyder Somerset Still 2014,🥈 Silver,85,Active,New South Wales,Australia,"<a href=""https://www.smallacrescyder.com.au/"">Website</a>","<a href=""https://www.facebook.com/SmallAcresCyder"">Facebook</a>","<a href=""https://www.instagram.com/smallacrescyder"">Instagram</a>","<a href=""https://maps.google.com/?cid=1497457670374953580"">Google</a>",,"<a href=""https://www.tripadvisor.com/Attraction_Review-g2642455-d5991203"">TripAdvisor</a>","<a href=""https://untappd.com/brewery/14584"">Untappd</a>"
2015,Traditional Dry Cider,Lost Pippin,Lost Pippin Vintage 2014,🥉 Bronze,81,Active,Tasmania,Australia,"<a href=""https://lostpippin.com.au/"">Website</a>","<a href=""https://www.facebook.com/LostPippin/"">Facebook</a>","<a href=""https://www.instagram.com/lostpippin/"">Instagram</a>",,,,"<a href=""https://untappd.com/brewery/42379"">Untappd</a>"
2015,Traditional Dry Cider,Adams Orchard Cider,Adams Orchard Dry Apple Cider,🥉 Bronze,79,Inactive,South Australia,Australia,,,,,,,
2015,Traditional Dry Cider,Core Cider,HARDCORE,🥉 Bronze,78,Active,Western Australia,Australia,"<a href=""https://corecider.com.au/"">Website</a>","<a href=""https://www.facebook.com/pages/The-CORE-Cider-House/193269374050973"">Facebook</a>","<a href=""https://www.instagram.com/coreciderhouse/"">Instagram</a>","<a href=""https://maps.google.com/?cid=9482101079872958147"">Google</a>","<a href=""https://www.yelp.com/biz/core-cider-pickering-brook-3"">Yelp</a>","<a href=""https://www.tripadvisor.com/Restaurant_Review-g804216-d3191966"">TripAdvisor</a>","<a href=""https://untappd.com/w/core-cider-house/90179"">Untappd</a>"
2015,Traditional Dry Cider,Kangaroo Island Ciders,Colony Cove Vintage Cider,🥉 Bronze,77.5,Active,South Australia,Australia,"<a href=""https://www.kangarooislandciders.com.au/"">Website</a>",,,"<a href=""https://maps.google.com/?cid=7120331639179318476"">Google</a>",,,"<a href=""https://untappd.com/w/kangaroo-island-ciders/62318"">Untappd</a>"
2015,Traditional Dry Cider,Spreyton Cider Co.,Vintage 2015,🥉 Bronze,77.5,Active,Tasmania,Australia,"<a href=""https://www.spreytonciderco.com.au/"">Website</a>","<a href=""https://www.facebook.com/SpreytonCiderCo"">Facebook</a>","<a href=""https://www.instagram.com/spreytonciderco/"">Instagram</a>","<a href=""https://maps.google.com/?cid=4719454766033276507"">Google</a>","<a href=""https://www.yelp.com/biz/spreyton-cider-co-spreyton-2"">Yelp</a>","<a href=""https://www.tripadvisor.com/Attraction_Review-g504292-d3738226"">TripAdvisor</a>","<a href=""https://untappd.com/SpreytonCiderCo"">Untappd</a>"
2015,New World Medium Cider,The Hills Cider Company,Apple Cider,🥈 Silver,85,Active,South Australia,Australia,,"<a href=""https://www.facebook.com/thehillscidercompany"">Facebook</a>","<a href=""https://www.instagram.com/thehillscidercompany/"">Instagram</a>","<a href=""https://maps.google.com/?cid=40048064327732560"">Google</a>",,,"<a href=""https://untappd.com/thehillscidercompany"">Untappd</a>"
2015,New World Medium Cider,Patrick of Coonawarra,Applelation Apple Cider,🥉 Bronze,84,Inactive,South Australia,Australia,,,,,,,
2015,New World Medium Cider,Napoleone Cider,Napoleone Apple Cider,🥉 Bronze,82,Active,Victoria,Australia,"<a href=""https://napoleone.com.au/"">Website</a>","<a href=""https://www.facebook.com/napoleoneorchardbar"">Facebook</a>","<a href=""https://www.instagram.com/napoleonecider"">Instagram</a>","<a href=""https://maps.google.com/?cid=3472985488113617215"">Google</a>","<a href=""https://www.yelp.com/biz/napoleone-brewery-and-ciderhouse-coldstream"">Yelp</a>","<a href=""https://www.tripadvisor.com/Attraction_Review-g1205102-d7980976"">TripAdvisor</a>","<a href=""https://untappd.com/brewery/3800"">Untappd</a>"
2015,New World Medium Cider,Small Acres Cyder,Small Acres Cyder Norfolk Still 2014,🥉 Bronze,82,Active,New South Wales,Australia,"<a href=""https://www.smallacrescyder.com.au/"">Website</a>","<a href=""https://www.facebook.com/SmallAcresCyder"">Facebook</a>","<a href=""https://www.instagram.com/smallacrescyder"">Instagram</a>","<a href=""https://maps.google.com/?cid=1497457670374953580"">Google</a>",,"<a href=""https://www.tripadvisor.com/Attraction_Review-g2642455-d5991203"">TripAdvisor</a>","<a href=""https://untappd.com/brewery/14584"">Untappd</a>"
2015,New World Medium Cider,Hillbilly Cider,Hillbilly Apple Cider,🥉 Bronze,81,Active,New South Wales,Australia,"<a href=""https://hillbillycider.com.au/"">Website</a>","<a href=""https://www.facebook.com/HillbillyCider/"">Facebook</a>","<a href=""https://www.instagram.com/hillbillycider/"">Instagram</a>","<a href=""https://maps.google.com/?cid=904695025997043027"">Google</a>",,"<a href=""https://www.tripadvisor.com/Attraction_Review-g1093762-d12290596"">TripAdvisor</a>","<a href=""https://untappd.com/w/hillbilly-harvest-co/44163"">Untappd</a>"
2015,New World Medium Cider,Kangaroo Island Ciders,Colony Cove Cider,🥉 Bronze,81,Active,South Australia,Australia,"<a href=""https://www.kangarooislandciders.com.au/"">Website</a>",,,"<a href=""https://maps.google.com/?cid=7120331639179318476"">Google</a>",,,"<a href=""https://untappd.com/w/kangaroo-island-ciders/62318"">Untappd</a>"
2015,New World Medium Cider,Main Ridge Cider,Main Ridge Cider,🥉 Bronze,81,Inactive,Victoria,Australia,,,,,,,
2015,New World Medium Cider,The Hills Cider Company,Cloudy Apple Cider,🥉 Bronze,81,Active,South Australia,Australia,,"<a href=""https://www.facebook.com/thehillscidercompany"">Facebook</a>","<a href=""https://www.instagram.com/thehillscidercompany/"">Instagram</a>","<a href=""https://maps.google.com/?cid=40048064327732560"">Google</a>",,,"<a href=""https://untappd.com/thehillscidercompany"">Untappd</a>"
2015,New World Medium Cider,Flying Brick Cider,Flying Brick Draught Cider,🥉 Bronze,80,Active,Victoria,Australia,"<a href=""https://flyingbrickciderco.com.au/"">Website</a>","<a href=""https://www.facebook.com/flyingbrickciderco"">Facebook</a>","<a href=""https://www.instagram.com/flyingbrickciderco/"">Instagram</a>","<a href=""https://maps.google.com/?cid=413601929230884265"">Google</a>","<a href=""https://www.yelp.com/biz/flying-brick-cider-co-wallington-2"">Yelp</a>","<a href=""https://www.tripadvisor.com/Restaurant_Review-g1937720-d7332877"">TripAdvisor</a>","<a href=""https://untappd.com/brewery/33883"">Untappd</a>"
2015,New World Medium Cider,Harcourt Perry & Cider Makers,Harcourt Apple Cider,🥉 Bronze,80,Active,Victoria,Australia,"<a href=""https://harcourtcider.com.au/"">Website</a>","<a href=""https://www.facebook.com/HarcourtCider/"">Facebook</a>","<a href=""https://www.instagram.com/harcourtcider/"">Instagram</a>","<a href=""https://maps.google.com/?cid=8775592475109844928"">Google</a>",,,"<a href=""https://untappd.com/w/harcourt-perry-cider-makers/429734"">Untappd</a>"
2015,New World Medium Cider,Mock Red Hill,Mock Red Hill Classic Cider,🥉 Bronze,80,Active,Victoria,Australia,"<a href=""https://www.mockredhill.com.au/"">Website</a>","<a href=""https://www.facebook.com/pages/Mock-Red-Hill/181240308586996"">Facebook</a>","<a href=""https://www.instagram.com/mockredhill/"">Instagram</a>","<a href=""https://maps.google.com/?cid=10552205982251777171"">Google</a>","<a href=""https://www.yelp.com/biz/mock-orchards-red-hill"">Yelp</a>","<a href=""https://www.tripadvisor.com/Restaurant_Review-g552249-d9793363"">TripAdvisor</a>","<a href=""https://untappd.com/brewery/28770"">Untappd</a>"
2015,New World Medium Cider,Jachmann Cider,Jachmann Royal Gala Apple Cider,🥉 Bronze,79,Active,South Australia,Australia,"<a href=""https://jachmann.com.au/"">Website</a>","<a href=""https://www.facebook.com/JachmannAppleCider"">Facebook</a>",,,,,"<a href=""https://untappd.com/w/jachmann-apple-co/201681"">Untappd</a>"
2015,New World Medium Cider,Jachmann Cider,Jachmann Pink Lady Apple Cider,🥉 Bronze,79,Active,South Australia,Australia,"<a href=""https://jachmann.com.au/"">Website</a>","<a href=""https://www.facebook.com/JachmannAppleCider"">Facebook</a>",,,,,"<a href=""https://untappd.com/w/jachmann-apple-co/201681"">Untappd</a>"
2015,New World Medium Cider,Cheeky Grog Co,Flip Cider,🥉 Bronze,78,Active,Victoria,Australia,"<a href=""https://cheekygrogco.com/"">Website</a>","<a href=""https://www.facebook.com/cheekygrogco"">Facebook</a>","<a href=""https://www.instagram.com/cheekygrogco/"">Instagram</a>","<a href=""https://maps.google.com/?cid=18312852297094426661"">Google</a>","<a href=""https://www.yelp.com/biz/cheeky-grog-co-bunbartha"">Yelp</a>","<a href=""https://www.tripadvisor.com/Attraction_Review-g12263922-d10807488"">TripAdvisor</a>","<a href=""https://untappd.com/w/cheeky-grog-co/247399"">Untappd</a>"
2015,New World Medium Cider,Faire Ferments,Co-Op Apple Cider,🥉 Bronze,78,Inactive,Victoria,Australia,,,,,,,
2015,New World Medium Cider,Faire Ferments,Co-Op Cider Orchard Blend,🥉 Bronze,78,Inactive,Victoria,Australia,,,,,,,
2015,New World Medium Cider,Grand Ridge Brewery,TWISTED SISTER APPLE CIDER,🥉 Bronze,78,Active,Victoria,Australia,,"<a href=""https://www.facebook.com/grandridgebrewery"">Facebook</a>","<a href=""https://www.instagram.com/grandridgebeer/"">Instagram</a>","<a href=""https://maps.google.com/?cid=8403918293255045179"">Google</a>","<a href=""https://www.yelp.com/biz/grand-ridge-brewery-mirboo-north-2"">Yelp</a>","<a href=""https://www.tripadvisor.com/Restaurant_Review-g552213-d4791367"">TripAdvisor</a>","<a href=""https://untappd.com/GrandRidgeBrewery"">Untappd</a>"
2015,New World Medium Cider,Kangaroo Island Ciders,Colony Cove Draught Cider,🥉 Bronze,78,Active,South Australia,Australia,"<a href=""https://www.kangarooislandciders.com.au/"">Website</a>",,,"<a href=""https://maps.google.com/?cid=7120331639179318476"">Google</a>",,,"<a href=""https://untappd.com/w/kangaroo-island-ciders/62318"">Untappd</a>"
2015,New World Medium Cider,Small Acres Cyder,Small Acres Pomme,🥉 Bronze,78,Active,New South Wales,Australia,"<a href=""https://www.smallacrescyder.com.au/"">Website</a>","<a href=""https://www.facebook.com/SmallAcresCyder"">Facebook</a>","<a href=""https://www.instagram.com/smallacrescyder"">Instagram</a>","<a href=""https://maps.google.com/?cid=1497457670374953580"">Google</a>",,"<a href=""https://www.tripadvisor.com/Attraction_Review-g2642455-d5991203"">TripAdvisor</a>","<a href=""https://untappd.com/brewery/14584"">Untappd</a>"
2015,New World Medium Cider,Young Henrys,Cloudy Cider,🥉 Bronze,78,Active,New South Wales,Australia,"<a href=""https://younghenrys.com/"">Website</a>","<a href=""https://www.facebook.com/younghenrysbrewing/"">Facebook</a>","<a href=""https://www.instagram.com/younghenrys/"">Instagram</a>","<a href=""https://maps.google.com/?cid=16775494455914270554"">Google</a>","<a href=""https://www.yelp.com/biz/young-henrys-newtown"">Yelp</a>","<a href=""https://www.tripadvisor.com/Attraction_Review-g8572746-d7396384"">TripAdvisor</a>","<a href=""https://untappd.com/YoungHenrys"">Untappd</a>"
2015,New World Medium Cider,Zeffer,Crisp Apple Cider,🥉 Bronze,78,Active,Hawke's Bay,New Zealand,"<a href=""https://zeffer.co.nz/"">Website</a>","<a href=""https://www.facebook.com/zefferdrinks/"">Facebook</a>","<a href=""https://www.instagram.com/zefferdrinks/"">Instagram</a>","<a href=""https://maps.google.com/?cid=13931145990495161499"">Google</a>",,"<a href=""https://www.tripadvisor.com/Attraction_Review-g255680-d15328989"">TripAdvisor</a>","<a href=""https://untappd.com/Zeffer"">Untappd</a>"
2015,New World Medium Cider,Bilpin Cider,Bilpin Original Cider,🥉 Bronze,77.5,Active,New South Wales,Australia,"<a href=""https://bilpincider.com/"">Website</a>","<a href=""https://www.facebook.com/bilpincider"">Facebook</a>","<a href=""https://www.instagram.com/bilpincider/"">Instagram</a>","<a href=""https://maps.google.com/?cid=1982319036704250930"">Google</a>",,"<a href=""https://www.tripadvisor.com/Attraction_Review-g1093762-d10065632"">TripAdvisor</a>","<a href=""https://untappd.com/brewery/18734"">Untappd</a>"
2015,New World Medium Cider,Cascade Brewing Co.,Bulmers Original,🥉 Bronze,77.5,Active,Tasmania,Australia,"<a href=""https://cascadebrewerybar.com.au/"">Website</a>","<a href=""https://www.facebook.com/cascadebrewerybar"">Facebook</a>","<a href=""https://www.instagram.com/cascadebrewerybar"">Instagram</a>","<a href=""https://maps.google.com/?cid=12138549215731406353"">Google</a>","<a href=""https://www.yelp.com/biz/cascade-brewery-south-hobart-2"">Yelp</a>","<a href=""https://www.tripadvisor.com/Attraction_Review-g255097-d256543"">TripAdvisor</a>","<a href=""https://untappd.com/w/mercury-cider-company/20381"">Untappd</a>"
2015,New World Medium Cider,Core Cider,MELTDOWN,🥉 Bronze,77.5,Active,Western Australia,Australia,"<a href=""https://corecider.com.au/"">Website</a>","<a href=""https://www.facebook.com/pages/The-CORE-Cider-House/193269374050973"">Facebook</a>","<a href=""https://www.instagram.com/coreciderhouse/"">Instagram</a>","<a href=""https://maps.google.com/?cid=9482101079872958147"">Google</a>","<a href=""https://www.yelp.com/biz/core-cider-pickering-brook-3"">Yelp</a>","<a href=""https://www.tripadvisor.com/Restaurant_Review-g804216-d3191966"">TripAdvisor</a>","<a href=""https://untappd.com/w/core-cider-house/90179"">Untappd</a>"
2015,New World Medium Cider,Kaiju! Beer,Golden Axe Apple Cider,🥉 Bronze,77.5,Active,Victoria,Australia,"<a href=""https://kaijubeer.com.au/"">Website</a>","<a href=""https://www.facebook.com/KaijuBeer.au"">Facebook</a>","<a href=""https://www.instagram.com/kaijubeer"">Instagram</a>","<a href=""https://maps.google.com/?cid=487547657947015054"">Google</a>",,"<a href=""https://www.tripadvisor.com/Restaurant_Review-g4379937-d26699553"">TripAdvisor</a>","<a href=""https://untappd.com/SouthEastBrewingCompanyPtyLtd"">Untappd</a>"
2015,New World Medium Cider,Sidewood Estate,Sidewood Basket Pressed Apple Cider,🥉 Bronze,77.5,Active,South Australia,Australia,"<a href=""https://sidewood.com.au/"">Website</a>","<a href=""https://www.facebook.com/SidewoodEstate/"">Facebook</a>","<a href=""https://www.instagram.com/sidewoodestate/"">Instagram</a>","<a href=""https://maps.google.com/?cid=16006910239256404559"">Google</a>",,"<a href=""https://www.tripadvisor.com.au/Attraction_Review-g499710-d19238424"">TripAdvisor</a>","<a href=""https://untappd.com/w/sidewood-estate/118552"">Untappd</a>"
2015,Traditional Medium Cider,Willie Smith's,Willie Smith's - 18 Varieties,🥇 Gold,92.5,Active,Tasmania,Australia,"<a href=""https://www.williesmiths.com.au/"">Website</a>","<a href=""https://www.facebook.com/pages/Willie-Smiths-Organic-Cider/260319247336198"">Facebook</a>","<a href=""https://www.instagram.com/williesmithscider/"">Instagram</a>","<a href=""https://maps.google.com/?cid=16057012530083496420"">Google</a>","<a href=""https://www.yelp.com/biz/willie-smith-s-apple-shed-grove"">Yelp</a>","<a href=""https://www.tripadvisor.com/Restaurant_Review-g1175547-d7911074"">TripAdvisor</a>","<a href=""https://untappd.com/WilliamSmithandSons"">Untappd</a>"
2015,Traditional Medium Cider,Thatchers Cider,Thatchers Gold Cider,🥈 Silver,87,Active,Somerset,England,"<a href=""https://www.thatcherscider.co.uk/"">Website</a>","<a href=""https://www.facebook.com/ThatchersCiderCompany"">Facebook</a>","<a href=""https://www.instagram.com/thatcherscider/"">Instagram</a>","<a href=""https://maps.google.com/?cid=15191093037076298219"">Google</a>",,"<a href=""https://www.tripadvisor.com/Attraction_Review-g4412909-d11019728"">TripAdvisor</a>","<a href=""https://untappd.com/brewery/3063"">Untappd</a>"
2015,Traditional Medium Cider,Lobo Cider,LOBO Trad,🥈 Silver,85,Active,South Australia,Australia,"<a href=""https://www.lobocider.com.au/"">Website</a>","<a href=""https://www.facebook.com/LOBOcider/"">Facebook</a>","<a href=""https://www.instagram.com/lobocider"">Instagram</a>",,,,"<a href=""https://untappd.com/brewery/8446"">Untappd</a>"
2015,Traditional Medium Cider,Zeffer,Slack Ma Girdle,🥉 Bronze,82,Active,Hawke's Bay,New Zealand,"<a href=""https://zeffer.co.nz/"">Website</a>","<a href=""https://www.facebook.com/zefferdrinks/"">Facebook</a>","<a href=""https://www.instagram.com/zefferdrinks/"">Instagram</a>","<a href=""https://maps.google.com/?cid=13931145990495161499"">Google</a>",,"<a href=""https://www.tripadvisor.com/Attraction_Review-g255680-d15328989"">TripAdvisor</a>","<a href=""https://untappd.com/Zeffer"">Untappd</a>"
2015,Traditional Medium Cider,Red Sails Ciders,Red Sails Cider Gold,🥉 Bronze,81,Inactive,Tasmania,Australia,,,,,,,
2015,New World Sweet Cider,Pressman's Cider,Pressman's Apple Cider,🥈 Silver,85,Active,New South Wales,Australia,,"<a href=""https://www.facebook.com/pressmans"">Facebook</a>","<a href=""https://www.instagram.com/pressmans_cider/"">Instagram</a>",,,,"<a href=""https://untappd.com/b/australian-beer-co-pressman-s-cider/544529"">Untappd</a>"
2015,New World Sweet Cider,Flying Brick Cider,Flying Brick Original Cider,🥈 Silver,85,Active,Victoria,Australia,"<a href=""https://flyingbrickciderco.com.au/"">Website</a>","<a href=""https://www.facebook.com/flyingbrickciderco"">Facebook</a>","<a href=""https://www.instagram.com/flyingbrickciderco/"">Instagram</a>","<a href=""https://maps.google.com/?cid=413601929230884265"">Google</a>","<a href=""https://www.yelp.com/biz/flying-brick-cider-co-wallington-2"">Yelp</a>","<a href=""https://www.tripadvisor.com/Restaurant_Review-g1937720-d7332877"">TripAdvisor</a>","<a href=""https://untappd.com/brewery/33883"">Untappd</a>"
2015,New World Sweet Cider,Barossa Cider Co.,Squashed Apple Cider,🥈 Silver,85,Active,South Australia,Australia,"<a href=""https://barossavalleyciderco.com/"">Website</a>","<a href=""https://www.facebook.com/barossacider/"">Facebook</a>","<a href=""https://www.instagram.com/barossacider.co/"">Instagram</a>",,,,"<a href=""https://untappd.com/TheBarossaValleyCiderCo"">Untappd</a>"
2015,New World Sweet Cider,Pressman's Cider,Pressman's Apple Cider Draught,🥉 Bronze,82,Active,New South Wales,Australia,,"<a href=""https://www.facebook.com/pressmans"">Facebook</a>","<a href=""https://www.instagram.com/pressmans_cider/"">Instagram</a>",,,,"<a href=""https://untappd.com/b/australian-beer-co-pressman-s-cider/544529"">Untappd</a>"
2015,New World Sweet Cider,Sydney Brewery,Sydney Cider,🥉 Bronze,82,Active,New South Wales,Australia,"<a href=""https://sydneybrewery.com/"">Website</a>","<a href=""https://www.facebook.com/SydneyBrewery/"">Facebook</a>","<a href=""https://www.instagram.com/sydneybrewery/"">Instagram</a>","<a href=""https://maps.google.com/?cid=6674617705014025022"">Google</a>",,"<a href=""https://www.tripadvisor.com/Restaurant_Review-g23197656-d15602287"">TripAdvisor</a>","<a href=""https://untappd.com/SydneyBrewhouse"">Untappd</a>"
2015,New World Sweet Cider,Bilpin Cider,Bilpin Blush Cider,🥉 Bronze,81,Active,New South Wales,Australia,"<a href=""https://bilpincider.com/"">Website</a>","<a href=""https://www.facebook.com/bilpincider"">Facebook</a>","<a href=""https://www.instagram.com/bilpincider/"">Instagram</a>","<a href=""https://maps.google.com/?cid=1982319036704250930"">Google</a>",,"<a href=""https://www.tripadvisor.com/Attraction_Review-g1093762-d10065632"">TripAdvisor</a>","<a href=""https://untappd.com/brewery/18734"">Untappd</a>"
2015,New World Sweet Cider,Mock Red Hill,Mock Red Hill Sweet Cider,🥉 Bronze,81,Active,Victoria,Australia,"<a href=""https://www.mockredhill.com.au/"">Website</a>","<a href=""https://www.facebook.com/pages/Mock-Red-Hill/181240308586996"">Facebook</a>","<a href=""https://www.instagram.com/mockredhill/"">Instagram</a>","<a href=""https://maps.google.com/?cid=10552205982251777171"">Google</a>","<a href=""https://www.yelp.com/biz/mock-orchards-red-hill"">Yelp</a>","<a href=""https://www.tripadvisor.com/Restaurant_Review-g552249-d9793363"">TripAdvisor</a>","<a href=""https://untappd.com/brewery/28770"">Untappd</a>"
2015,New World Sweet Cider,Frank's Cider,Frank's Summer Apple Cider,🥉 Bronze,80,Active,Tasmania,Australia,"<a href=""https://www.frankscider.com.au/"">Website</a>","<a href=""https://www.facebook.com/FranksCider"">Facebook</a>","<a href=""https://www.instagram.com/frankscider/"">Instagram</a>","<a href=""https://maps.google.com/?cid=12281895632138757991"">Google</a>","<a href=""https://www.yelp.com/biz/franks-cider-bar-and-cafe-franklin"">Yelp</a>","<a href=""https://www.tripadvisor.com/Restaurant_Review-g504298-d7270183"">TripAdvisor</a>","<a href=""https://untappd.com/brewery/66943"">Untappd</a>"
2015,New World Sweet Cider,Pressman's Cider,Pressman's Mid,🥉 Bronze,79,Active,New South Wales,Australia,,"<a href=""https://www.facebook.com/pressmans"">Facebook</a>","<a href=""https://www.instagram.com/pressmans_cider/"">Instagram</a>",,,,"<a href=""https://untappd.com/b/australian-beer-co-pressman-s-cider/544529"">Untappd</a>"
2015,New World Sweet Cider,Vivid Cider,ViV!D Apple Cider,🥉 Bronze,79,Inactive,New South Wales,Australia,,,,,,,
2015,New World Sweet Cider,Sacred Valley Beverages,Sacred Valley Cider,🥉 Bronze,78,Active,New South Wales,Australia,"<a href=""https://www.sacredvalley.com.au/"">Website</a>","<a href=""https://www.facebook.com/sacredvalleybrewingco"">Facebook</a>","<a href=""https://www.instagram.com/sacredvalleybrewingco/"">Instagram</a>",,,,"<a href=""https://untappd.com/w/sacred-valley-cider/193970"">Untappd</a>"
2015,New World Sweet Cider,The Apple Thief,The Apple Thief Granny Smith Cider,🥉 Bronze,77.5,Active,New South Wales,Australia,"<a href=""https://theapplethief.com.au/"">Website</a>","<a href=""https://www.facebook.com/TheAppleThiefCiders/"">Facebook</a>","<a href=""https://www.instagram.com/theapplethiefciders/"">Instagram</a>","<a href=""https://maps.google.com/?cid=4762631239680624675"">Google</a>",,,"<a href=""https://untappd.com/brewery/21796"">Untappd</a>"
2015,Traditional Sweet Cider,Seven Oaks Farmhouse Cider,Kingston Black,🥉 Bronze,83,Active,Victoria,Australia,"<a href=""https://www.sevenoakscider.com.au/"">Website</a>","<a href=""https://www.facebook.com/sevenoakscider/"">Facebook</a>","<a href=""https://www.instagram.com/sevenoaksfarmhouse"">Instagram</a>","<a href=""https://maps.google.com/?cid=8084176422687381883"">Google</a>",,,"<a href=""https://untappd.com/w/seven-oaks-farmhouse-cider/17183"">Untappd</a>"
2015,Traditional Sweet Cider,Blue Elephant Beverage Co.,Cider No.2,🥉 Bronze,81,Inactive,Victoria,Australia,,,,,,,
2015,Traditional Sweet Cider,Lobo Cider,LOBO Royale,🥉 Bronze,81,Active,South Australia,Australia,"<a href=""https://www.lobocider.com.au/"">Website</a>","<a href=""https://www.facebook.com/LOBOcider/"">Facebook</a>","<a href=""https://www.instagram.com/lobocider"">Instagram</a>",,,,"<a href=""https://untappd.com/brewery/8446"">Untappd</a>"
2015,Traditional Sweet Cider,Seven Oaks Farmhouse Cider,Lady Cox,🥉 Bronze,80,Active,Victoria,Australia,"<a href=""https://www.sevenoakscider.com.au/"">Website</a>","<a href=""https://www.facebook.com/sevenoakscider/"">Facebook</a>","<a href=""https://www.instagram.com/sevenoaksfarmhouse"">Instagram</a>","<a href=""https://maps.google.com/?cid=8084176422687381883"">Google</a>",,,"<a href=""https://untappd.com/w/seven-oaks-farmhouse-cider/17183"">Untappd</a>"
2015,Traditional Sweet Cider,Seven Oaks Farmhouse Cider,Lady Yarlington,🥉 Bronze,79,Active,Victoria,Australia,"<a href=""https://www.sevenoakscider.com.au/"">Website</a>","<a href=""https://www.facebook.com/sevenoakscider/"">Facebook</a>","<a href=""https://www.instagram.com/sevenoaksfarmhouse"">Instagram</a>","<a href=""https://maps.google.com/?cid=8084176422687381883"">Google</a>",,,"<a href=""https://untappd.com/w/seven-oaks-farmhouse-cider/17183"">Untappd</a>"
2015,Traditional Sweet Cider,Seven Oaks Farmhouse Cider,Pink Lady,🥉 Bronze,79,Active,Victoria,Australia,"<a href=""https://www.sevenoakscider.com.au/"">Website</a>","<a href=""https://www.facebook.com/sevenoakscider/"">Facebook</a>","<a href=""https://www.instagram.com/sevenoaksfarmhouse"">Instagram</a>","<a href=""https://maps.google.com/?cid=8084176422687381883"">Google</a>",,,"<a href=""https://untappd.com/w/seven-oaks-farmhouse-cider/17183"">Untappd</a>"
2015,Traditional Sweet Cider,Seven Oaks Farmhouse Cider,Lady William,🥉 Bronze,78,Active,Victoria,Australia,"<a href=""https://www.sevenoakscider.com.au/"">Website</a>","<a href=""https://www.facebook.com/sevenoakscider/"">Facebook</a>","<a href=""https://www.instagram.com/sevenoaksfarmhouse"">Instagram</a>","<a href=""https://maps.google.com/?cid=8084176422687381883"">Google</a>",,,"<a href=""https://untappd.com/w/seven-oaks-farmhouse-cider/17183"">Untappd</a>"
2015,New World Method Traditional Cider,Learmonth Cider,321 Cider Methode Traditionelle Cuvee,🥈 Silver,88,Active,Victoria,Australia,"<a href=""https://learmonthcider.com.au/"">Website</a>","<a href=""https://www.facebook.com/profile.php?id=100069530773568"">Facebook</a>",,,,,"<a href=""https://untappd.com/w/321-learmonth/90115"">Untappd</a>"
2015,New World Method Traditional Cider,Core Cider,CORE-rupt-ed,🥈 Silver,88,Active,Western Australia,Australia,"<a href=""https://corecider.com.au/"">Website</a>","<a href=""https://www.facebook.com/pages/The-CORE-Cider-House/193269374050973"">Facebook</a>","<a href=""https://www.instagram.com/coreciderhouse/"">Instagram</a>","<a href=""https://maps.google.com/?cid=9482101079872958147"">Google</a>","<a href=""https://www.yelp.com/biz/core-cider-pickering-brook-3"">Yelp</a>","<a href=""https://www.tripadvisor.com/Restaurant_Review-g804216-d3191966"">TripAdvisor</a>","<a href=""https://untappd.com/w/core-cider-house/90179"">Untappd</a>"
2015,New World Method Traditional Cider,Small Acres Cyder,Small Acres Cyder Sparkling 2013,🥉 Bronze,81,Active,New South Wales,Australia,"<a href=""https://www.smallacrescyder.com.au/"">Website</a>","<a href=""https://www.facebook.com/SmallAcresCyder"">Facebook</a>","<a href=""https://www.instagram.com/smallacrescyder"">Instagram</a>","<a href=""https://maps.google.com/?cid=1497457670374953580"">Google</a>",,"<a href=""https://www.tripadvisor.com/Attraction_Review-g2642455-d5991203"">TripAdvisor</a>","<a href=""https://untappd.com/brewery/14584"">Untappd</a>"
2015,New World Method Traditional Cider,St Ronan's Cider,St Ronan's Methode Traditionelle Apple Cider,🥉 Bronze,78,Active,Victoria,Australia,"<a href=""https://stronanscider.com.au/"">Website</a>","<a href=""https://www.facebook.com/StRonansCider"">Facebook</a>","<a href=""https://www.instagram.com/st_ronans_cider/"">Instagram</a>","<a href=""https://maps.google.com/?cid=1347860416011573691"">Google</a>",,,"<a href=""https://untappd.com/StRonansCider"">Untappd</a>"
2015,Traditional Method Traditional Cider,Small Acres Cyder,Small Acres Cyder The Cat's Pyjamas 2013,🥈 Silver,85,Active,New South Wales,Australia,"<a href=""https://www.smallacrescyder.com.au/"">Website</a>","<a href=""https://www.facebook.com/SmallAcresCyder"">Facebook</a>","<a href=""https://www.instagram.com/smallacrescyder"">Instagram</a>","<a href=""https://maps.google.com/?cid=1497457670374953580"">Google</a>",,"<a href=""https://www.tripadvisor.com/Attraction_Review-g2642455-d5991203"">TripAdvisor</a>","<a href=""https://untappd.com/brewery/14584"">Untappd</a>"
2015,New World Dry Perry,Core Cider,Perry,🥈 Silver,86,Active,Western Australia,Australia,"<a href=""https://corecider.com.au/"">Website</a>","<a href=""https://www.facebook.com/pages/The-CORE-Cider-House/193269374050973"">Facebook</a>","<a href=""https://www.instagram.com/coreciderhouse/"">Instagram</a>","<a href=""https://maps.google.com/?cid=9482101079872958147"">Google</a>","<a href=""https://www.yelp.com/biz/core-cider-pickering-brook-3"">Yelp</a>","<a href=""https://www.tripadvisor.com/Restaurant_Review-g804216-d3191966"">TripAdvisor</a>","<a href=""https://untappd.com/w/core-cider-house/90179"">Untappd</a>"
2015,New World Dry Perry,Lobo Cider,LOBO Dry Pear,🥈 Silver,85,Active,South Australia,Australia,"<a href=""https://www.lobocider.com.au/"">Website</a>","<a href=""https://www.facebook.com/LOBOcider/"">Facebook</a>","<a href=""https://www.instagram.com/lobocider"">Instagram</a>",,,,"<a href=""https://untappd.com/brewery/8446"">Untappd</a>"
2015,New World Dry Perry,Spreyton Cider Co.,Spreyton Perry,🥉 Bronze,83,Active,Tasmania,Australia,"<a href=""https://www.spreytonciderco.com.au/"">Website</a>","<a href=""https://www.facebook.com/SpreytonCiderCo"">Facebook</a>","<a href=""https://www.instagram.com/spreytonciderco/"">Instagram</a>","<a href=""https://maps.google.com/?cid=4719454766033276507"">Google</a>","<a href=""https://www.yelp.com/biz/spreyton-cider-co-spreyton-2"">Yelp</a>","<a href=""https://www.tripadvisor.com/Attraction_Review-g504292-d3738226"">TripAdvisor</a>","<a href=""https://untappd.com/SpreytonCiderCo"">Untappd</a>"
2015,New World Medium Perry,The Hills Cider Company,Pear Cider,🥈 Silver,91,Active,South Australia,Australia,,"<a href=""https://www.facebook.com/thehillscidercompany"">Facebook</a>","<a href=""https://www.instagram.com/thehillscidercompany/"">Instagram</a>","<a href=""https://maps.google.com/?cid=40048064327732560"">Google</a>",,,"<a href=""https://untappd.com/thehillscidercompany"">Untappd</a>"
2015,New World Medium Perry,Three Oaks Cider,Three Oaks Cider 'Crisp Pear',🥉 Bronze,82,Active,South Australia,Australia,"<a href=""https://www.threeoakscider.com/"">Website</a>","<a href=""https://www.facebook.com/Threeoakscider"">Facebook</a>","<a href=""https://www.instagram.com/threeoakscider/"">Instagram</a>",,,,"<a href=""https://untappd.com/brewery/16538"">Untappd</a>"
2015,New World Medium Perry,Red Brick Road Ciderhouse & Bar,Medium Sweet Perry,🥉 Bronze,81,Inactive,Tasmania,Australia,,,,,,,
2015,New World Medium Perry,Harcourt Perry & Cider Makers,Harcourt Pear Cider,🥉 Bronze,80,Active,Victoria,Australia,"<a href=""https://harcourtcider.com.au/"">Website</a>","<a href=""https://www.facebook.com/HarcourtCider/"">Facebook</a>","<a href=""https://www.instagram.com/harcourtcider/"">Instagram</a>","<a href=""https://maps.google.com/?cid=8775592475109844928"">Google</a>",,,"<a href=""https://untappd.com/w/harcourt-perry-cider-makers/429734"">Untappd</a>"
2015,New World Medium Perry,Sidewood Estate,Sidewood Basket Pressed Pear Cider,🥉 Bronze,80,Active,South Australia,Australia,"<a href=""https://sidewood.com.au/"">Website</a>","<a href=""https://www.facebook.com/SidewoodEstate/"">Facebook</a>","<a href=""https://www.instagram.com/sidewoodestate/"">Instagram</a>","<a href=""https://maps.google.com/?cid=16006910239256404559"">Google</a>",,"<a href=""https://www.tripadvisor.com.au/Attraction_Review-g499710-d19238424"">TripAdvisor</a>","<a href=""https://untappd.com/w/sidewood-estate/118552"">Untappd</a>"
2015,New World Medium Perry,Faire Ferments,Co-Op Pear Cider,🥉 Bronze,79,Inactive,Victoria,Australia,,,,,,,
2015,New World Medium Perry,Lobo Cider,LOBO Perry,🥉 Bronze,79,Active,South Australia,Australia,"<a href=""https://www.lobocider.com.au/"">Website</a>","<a href=""https://www.facebook.com/LOBOcider/"">Facebook</a>","<a href=""https://www.instagram.com/lobocider"">Instagram</a>",,,,"<a href=""https://untappd.com/brewery/8446"">Untappd</a>"
2015,New World Medium Perry,Mr Little Cider,Mr Little Pear Cider,🥉 Bronze,79,Active,Victoria,Australia,"<a href=""https://mrlittlecider.com.au/"">Website</a>","<a href=""https://www.facebook.com/mrlittlecider/"">Facebook</a>","<a href=""https://www.instagram.com/mrlittlecider/"">Instagram</a>","<a href=""https://maps.google.com/?cid=2019669846727246935"">Google</a>",,"<a href=""https://www.tripadvisor.com/Attraction_Review-g552161-d15190619"">TripAdvisor</a>","<a href=""https://untappd.com/w/mr-little-cider/236921"">Untappd</a>"
2015,New World Medium Perry,Small Acres Cyder,Small Acres Poire,🥉 Bronze,79,Active,New South Wales,Australia,"<a href=""https://www.smallacrescyder.com.au/"">Website</a>","<a href=""https://www.facebook.com/SmallAcresCyder"">Facebook</a>","<a href=""https://www.instagram.com/smallacrescyder"">Instagram</a>","<a href=""https://maps.google.com/?cid=1497457670374953580"">Google</a>",,"<a href=""https://www.tripadvisor.com/Attraction_Review-g2642455-d5991203"">TripAdvisor</a>","<a href=""https://untappd.com/brewery/14584"">Untappd</a>"
2015,New World Sweet Perry,Barossa Cider Co.,Squashed Pear Cider,🥈 Silver,87,Active,South Australia,Australia,"<a href=""https://barossavalleyciderco.com/"">Website</a>","<a href=""https://www.facebook.com/barossacider/"">Facebook</a>","<a href=""https://www.instagram.com/barossacider.co/"">Instagram</a>",,,,"<a href=""https://untappd.com/TheBarossaValleyCiderCo"">Untappd</a>"
2015,New World Sweet Perry,Napoleone Cider,Napoleone Pear Cider 330ml,🥈 Silver,86,Active,Victoria,Australia,"<a href=""https://napoleone.com.au/"">Website</a>","<a href=""https://www.facebook.com/napoleoneorchardbar"">Facebook</a>","<a href=""https://www.instagram.com/napoleonecider"">Instagram</a>","<a href=""https://maps.google.com/?cid=3472985488113617215"">Google</a>","<a href=""https://www.yelp.com/biz/napoleone-brewery-and-ciderhouse-coldstream"">Yelp</a>","<a href=""https://www.tripadvisor.com/Attraction_Review-g1205102-d7980976"">TripAdvisor</a>","<a href=""https://untappd.com/brewery/3800"">Untappd</a>"
2015,New World Sweet Perry,Frank's Cider,Frank's Summer Pear Cider,🥈 Silver,85,Active,Tasmania,Australia,"<a href=""https://www.frankscider.com.au/"">Website</a>","<a href=""https://www.facebook.com/FranksCider"">Facebook</a>","<a href=""https://www.instagram.com/frankscider/"">Instagram</a>","<a href=""https://maps.google.com/?cid=12281895632138757991"">Google</a>","<a href=""https://www.yelp.com/biz/franks-cider-bar-and-cafe-franklin"">Yelp</a>","<a href=""https://www.tripadvisor.com/Restaurant_Review-g504298-d7270183"">TripAdvisor</a>","<a href=""https://untappd.com/brewery/66943"">Untappd</a>"
2015,New World Sweet Perry,Grand Ridge Brewery,TWISTED SISTER PEAR CIDER,🥉 Bronze,81,Active,Victoria,Australia,,"<a href=""https://www.facebook.com/grandridgebrewery"">Facebook</a>","<a href=""https://www.instagram.com/grandridgebeer/"">Instagram</a>","<a href=""https://maps.google.com/?cid=8403918293255045179"">Google</a>","<a href=""https://www.yelp.com/biz/grand-ridge-brewery-mirboo-north-2"">Yelp</a>","<a href=""https://www.tripadvisor.com/Restaurant_Review-g552213-d4791367"">TripAdvisor</a>","<a href=""https://untappd.com/GrandRidgeBrewery"">Untappd</a>"
2015,New World Sweet Perry,Spreyton Cider Co.,Spreyton Pear Cider,🥉 Bronze,80,Active,Tasmania,Australia,"<a href=""https://www.spreytonciderco.com.au/"">Website</a>","<a href=""https://www.facebook.com/SpreytonCiderCo"">Facebook</a>","<a href=""https://www.instagram.com/spreytonciderco/"">Instagram</a>","<a href=""https://maps.google.com/?cid=4719454766033276507"">Google</a>","<a href=""https://www.yelp.com/biz/spreyton-cider-co-spreyton-2"">Yelp</a>","<a href=""https://www.tripadvisor.com/Attraction_Review-g504292-d3738226"">TripAdvisor</a>","<a href=""https://untappd.com/SpreytonCiderCo"">Untappd</a>"
2015,New World Sweet Perry,The Apple Thief,The Apple Thief William Pear Cider,🥉 Bronze,80,Active,New South Wales,Australia,"<a href=""https://theapplethief.com.au/"">Website</a>","<a href=""https://www.facebook.com/TheAppleThiefCiders/"">Facebook</a>","<a href=""https://www.instagram.com/theapplethiefciders/"">Instagram</a>","<a href=""https://maps.google.com/?cid=4762631239680624675"">Google</a>",,,"<a href=""https://untappd.com/brewery/21796"">Untappd</a>"
2015,New World Method Traditional Perry,Frank's Cider,Frank's Perry (Methode Champenoise),🥈 Silver,87.5,Active,Tasmania,Australia,"<a href=""https://www.frankscider.com.au/"">Website</a>","<a href=""https://www.facebook.com/FranksCider"">Facebook</a>","<a href=""https://www.instagram.com/frankscider/"">Instagram</a>","<a href=""https://maps.google.com/?cid=12281895632138757991"">Google</a>","<a href=""https://www.yelp.com/biz/franks-cider-bar-and-cafe-franklin"">Yelp</a>","<a href=""https://www.tripadvisor.com/Restaurant_Review-g504298-d7270183"">TripAdvisor</a>","<a href=""https://untappd.com/brewery/66943"">Untappd</a>"
2015,New World Method Traditional Perry,St Ronan's Cider,St Ronan's Methode Traditionelle Pear Cider,🥈 Silver,86,Active,Victoria,Australia,"<a href=""https://stronanscider.com.au/"">Website</a>","<a href=""https://www.facebook.com/StRonansCider"">Facebook</a>","<a href=""https://www.instagram.com/st_ronans_cider/"">Instagram</a>","<a href=""https://maps.google.com/?cid=1347860416011573691"">Google</a>",,,"<a href=""https://untappd.com/StRonansCider"">Untappd</a>"
2015,New World Method Traditional Perry,Napoleone Cider,"Napoleone Methode Traditionnelle Pear 500ml  ",🥉 Bronze,81,Active,Victoria,Australia,"<a href=""https://napoleone.com.au/"">Website</a>","<a href=""https://www.facebook.com/napoleoneorchardbar"">Facebook</a>","<a href=""https://www.instagram.com/napoleonecider"">Instagram</a>","<a href=""https://maps.google.com/?cid=3472985488113617215"">Google</a>","<a href=""https://www.yelp.com/biz/napoleone-brewery-and-ciderhouse-coldstream"">Yelp</a>","<a href=""https://www.tripadvisor.com/Attraction_Review-g1205102-d7980976"">TripAdvisor</a>","<a href=""https://untappd.com/brewery/3800"">Untappd</a>"
2015,Traditional Method Traditional Perry,Small Acres Cyder,Small Acres Cyder Sparkling Perry 2013,🥉 Bronze,80,Active,New South Wales,Australia,"<a href=""https://www.smallacrescyder.com.au/"">Website</a>","<a href=""https://www.facebook.com/SmallAcresCyder"">Facebook</a>","<a href=""https://www.instagram.com/smallacrescyder"">Instagram</a>","<a href=""https://maps.google.com/?cid=1497457670374953580"">Google</a>",,"<a href=""https://www.tripadvisor.com/Attraction_Review-g2642455-d5991203"">TripAdvisor</a>","<a href=""https://untappd.com/brewery/14584"">Untappd</a>"
2015,Cider or Perry with Fruit,Cheeky Rascal Cider,Passion Fruit Pink Lady,🥉 Bronze,82,Active,Victoria,Australia,"<a href=""https://cheekyrascal.com.au/"">Website</a>","<a href=""https://www.facebook.com/CheekyRascalCider"">Facebook</a>","<a href=""https://www.instagram.com/cheekyrascalcider/"">Instagram</a>","<a href=""https://maps.google.com/?cid=17305349640147101403"">Google</a>",,,"<a href=""https://untappd.com/RebelloWines"">Untappd</a>"
2015,Cider or Perry with Fruit,Cheeky Rascal Cider,Blood Orange Lemoncello Pear,🥉 Bronze,82,Active,Victoria,Australia,"<a href=""https://cheekyrascal.com.au/"">Website</a>","<a href=""https://www.facebook.com/CheekyRascalCider"">Facebook</a>","<a href=""https://www.instagram.com/cheekyrascalcider/"">Instagram</a>","<a href=""https://maps.google.com/?cid=17305349640147101403"">Google</a>",,,"<a href=""https://untappd.com/RebelloWines"">Untappd</a>"
2015,Cider or Perry with Fruit,The Hills Cider Company,Apple And Pomegranate,🥉 Bronze,79,Active,South Australia,Australia,,"<a href=""https://www.facebook.com/thehillscidercompany"">Facebook</a>","<a href=""https://www.instagram.com/thehillscidercompany/"">Instagram</a>","<a href=""https://maps.google.com/?cid=40048064327732560"">Google</a>",,,"<a href=""https://untappd.com/thehillscidercompany"">Untappd</a>"
2015,Specialty/Experimental Cider or Perry,Batlow Cider Co.,Batlow OPA Cider,🥈 Silver,85,Active,New South Wales,Australia,"<a href=""https://www.batlowcider.com.au/"">Website</a>","<a href=""https://www.facebook.com/batlowcider"">Facebook</a>","<a href=""https://www.instagram.com/batlowcider/"">Instagram</a>",,,,"<a href=""https://untappd.com/brewery/16618"">Untappd</a>"
2015,Specialty/Experimental Cider or Perry,Hillbilly Cider,Hillbilly Vintage Apple Cider,🥈 Silver,85,Active,New South Wales,Australia,"<a href=""https://hillbillycider.com.au/"">Website</a>","<a href=""https://www.facebook.com/HillbillyCider/"">Facebook</a>","<a href=""https://www.instagram.com/hillbillycider/"">Instagram</a>","<a href=""https://maps.google.com/?cid=904695025997043027"">Google</a>",,"<a href=""https://www.tripadvisor.com/Attraction_Review-g1093762-d12290596"">TripAdvisor</a>","<a href=""https://untappd.com/w/hillbilly-harvest-co/44163"">Untappd</a>"
2015,Specialty/Experimental Cider or Perry,The Hills Cider Company,Hop Edition,🥈 Silver,85,Active,South Australia,Australia,,"<a href=""https://www.facebook.com/thehillscidercompany"">Facebook</a>","<a href=""https://www.instagram.com/thehillscidercompany/"">Instagram</a>","<a href=""https://maps.google.com/?cid=40048064327732560"">Google</a>",,,"<a href=""https://untappd.com/thehillscidercompany"">Untappd</a>"
2015,Specialty/Experimental Cider or Perry,Sydney Brewery,Agave Ginger Cider,🥉 Bronze,80,Active,New South Wales,Australia,"<a href=""https://sydneybrewery.com/"">Website</a>","<a href=""https://www.facebook.com/SydneyBrewery/"">Facebook</a>","<a href=""https://www.instagram.com/sydneybrewery/"">Instagram</a>","<a href=""https://maps.google.com/?cid=6674617705014025022"">Google</a>",,"<a href=""https://www.tripadvisor.com/Restaurant_Review-g23197656-d15602287"">TripAdvisor</a>","<a href=""https://untappd.com/SydneyBrewhouse"">Untappd</a>"
2015,Specialty/Experimental Cider or Perry,Willie Smith's,Willie Smith's Lark Whisky Barrel Aged Cider,🥉 Bronze,80,Active,Tasmania,Australia,"<a href=""https://www.williesmiths.com.au/"">Website</a>","<a href=""https://www.facebook.com/pages/Willie-Smiths-Organic-Cider/260319247336198"">Facebook</a>","<a href=""https://www.instagram.com/williesmithscider/"">Instagram</a>","<a href=""https://maps.google.com/?cid=16057012530083496420"">Google</a>","<a href=""https://www.yelp.com/biz/willie-smith-s-apple-shed-grove"">Yelp</a>","<a href=""https://www.tripadvisor.com/Restaurant_Review-g1175547-d7911074"">TripAdvisor</a>","<a href=""https://untappd.com/WilliamSmithandSons"">Untappd</a>"
2015,Specialty/Experimental Cider or Perry,The Hills Cider Company,Apple Ginger Hybrid,🥉 Bronze,77.5,Active,South Australia,Australia,,"<a href=""https://www.facebook.com/thehillscidercompany"">Facebook</a>","<a href=""https://www.instagram.com/thehillscidercompany/"">Instagram</a>","<a href=""https://maps.google.com/?cid=40048064327732560"">Google</a>",,,"<a href=""https://untappd.com/thehillscidercompany"">Untappd</a>"
2015,Ice Cider or Perry,Small Acres Cyder,Small Acres Cyder Pomona Ice 2015,🥈 Silver,89,Active,New South Wales,Australia,"<a href=""https://www.smallacrescyder.com.au/"">Website</a>","<a href=""https://www.facebook.com/SmallAcresCyder"">Facebook</a>","<a href=""https://www.instagram.com/smallacrescyder"">Instagram</a>","<a href=""https://maps.google.com/?cid=1497457670374953580"">Google</a>",,"<a href=""https://www.tripadvisor.com/Attraction_Review-g2642455-d5991203"">TripAdvisor</a>","<a href=""https://untappd.com/brewery/14584"">Untappd</a>"
2015,Pommeau,Henry of Harcourt,G Del,🥈 Silver,91,Active,Victoria,Australia,"<a href=""https://henrycider.com/"">Website</a>","<a href=""https://www.facebook.com/henrycider/"">Facebook</a>","<a href=""https://www.instagram.com/henrycider/"">Instagram</a>","<a href=""https://maps.google.com/?cid=8940355932051611367"">Google</a>",,"<a href=""https://www.tripadvisor.com/Attraction_Review-g552178-d8783234"">TripAdvisor</a>","<a href=""https://untappd.com/w/henry-of-harcourt/5374"">Untappd</a>"
2015,Pommeau,Small Acres Cyder,Small Acres Cyder Pommeau 2010,🥈 Silver,90,Active,New South Wales,Australia,"<a href=""https://www.smallacrescyder.com.au/"">Website</a>","<a href=""https://www.facebook.com/SmallAcresCyder"">Facebook</a>","<a href=""https://www.instagram.com/smallacrescyder"">Instagram</a>","<a href=""https://maps.google.com/?cid=1497457670374953580"">Google</a>",,"<a href=""https://www.tripadvisor.com/Attraction_Review-g2642455-d5991203"">TripAdvisor</a>","<a href=""https://untappd.com/brewery/14584"">Untappd</a>"
2015,Pommeau,Lost Pippin,Lost Pippin Pommeau,🥉 Bronze,83,Active,Tasmania,Australia,"<a href=""https://lostpippin.com.au/"">Website</a>","<a href=""https://www.facebook.com/LostPippin/"">Facebook</a>","<a href=""https://www.instagram.com/lostpippin/"">Instagram</a>",,,,"<a href=""https://untappd.com/brewery/42379"">Untappd</a>"
2015,Pommeau,Napoleone Cider,Napoleone Veil Aged Cider 375ml,🥉 Bronze,78,Active,Victoria,Australia,"<a href=""https://napoleone.com.au/"">Website</a>","<a href=""https://www.facebook.com/napoleoneorchardbar"">Facebook</a>","<a href=""https://www.instagram.com/napoleonecider"">Instagram</a>","<a href=""https://maps.google.com/?cid=3472985488113617215"">Google</a>","<a href=""https://www.yelp.com/biz/napoleone-brewery-and-ciderhouse-coldstream"">Yelp</a>","<a href=""https://www.tripadvisor.com/Attraction_Review-g1205102-d7980976"">TripAdvisor</a>","<a href=""https://untappd.com/brewery/3800"">Untappd</a>"
2016,New World Dry Cider,Pagan Cider,Wood-Aged Apple,🥈 Silver,88,Active,Tasmania,Australia,"<a href=""https://www.pagancider.com.au/"">Website</a>","<a href=""https://www.facebook.com/pages/Pagan-Cider/304091666387269"">Facebook</a>","<a href=""https://www.instagram.com/pagancider/"">Instagram</a>","<a href=""https://maps.google.com/?cid=1300362860253149854"">Google</a>","<a href=""https://www.yelp.com/biz/pagan-cider-cradoc"">Yelp</a>","<a href=""https://www.tripadvisor.com/Attraction_Review-g504289-d10383732"">TripAdvisor</a>","<a href=""https://untappd.com/brewery/46303"">Untappd</a>"
2016,New World Dry Cider,Learmonth Cider,321 Traditional Still Cider,🥈 Silver,85,Active,Victoria,Australia,"<a href=""https://learmonthcider.com.au/"">Website</a>","<a href=""https://www.facebook.com/profile.php?id=100069530773568"">Facebook</a>",,,,,"<a href=""https://untappd.com/w/321-learmonth/90115"">Untappd</a>"
2016,New World Dry Cider,Rusty Bike Wines & Ciders,The Apple Cart,🥉 Bronze,82,Active,South Australia,Australia,"<a href=""https://rustybike.com.au/"">Website</a>","<a href=""https://www.facebook.com/rustybike.com.au/"">Facebook</a>","<a href=""https://www.instagram.com/rustybikewines/"">Instagram</a>","<a href=""https://maps.google.com/?cid=2086180301930276726"">Google</a>",,,"<a href=""https://untappd.com/w/rusty-bike-wines-ciders/424227"">Untappd</a>"
2016,New World Dry Cider,Harcourt Perry & Cider Makers,Harcourt Dry Cider,🥉 Bronze,80,Active,Victoria,Australia,"<a href=""https://harcourtcider.com.au/"">Website</a>","<a href=""https://www.facebook.com/HarcourtCider/"">Facebook</a>","<a href=""https://www.instagram.com/harcourtcider/"">Instagram</a>","<a href=""https://maps.google.com/?cid=8775592475109844928"">Google</a>",,,"<a href=""https://untappd.com/w/harcourt-perry-cider-makers/429734"">Untappd</a>"
2016,New World Dry Cider,Willie Smith's,Willie Smiths Bone Dry Cider,🥉 Bronze,78,Active,Tasmania,Australia,"<a href=""https://www.williesmiths.com.au/"">Website</a>","<a href=""https://www.facebook.com/pages/Willie-Smiths-Organic-Cider/260319247336198"">Facebook</a>","<a href=""https://www.instagram.com/williesmithscider/"">Instagram</a>","<a href=""https://maps.google.com/?cid=16057012530083496420"">Google</a>","<a href=""https://www.yelp.com/biz/willie-smith-s-apple-shed-grove"">Yelp</a>","<a href=""https://www.tripadvisor.com/Restaurant_Review-g1175547-d7911074"">TripAdvisor</a>","<a href=""https://untappd.com/WilliamSmithandSons"">Untappd</a>"
2016,Traditional Dry Cider,Lobo Cider,LOBO Norman,🥇 Gold,93,Active,South Australia,Australia,"<a href=""https://www.lobocider.com.au/"">Website</a>","<a href=""https://www.facebook.com/LOBOcider/"">Facebook</a>","<a href=""https://www.instagram.com/lobocider"">Instagram</a>",,,,"<a href=""https://untappd.com/brewery/8446"">Untappd</a>"
2016,Traditional Dry Cider,Pomologist Cider,2014 Sparkling Dry Cider,🥈 Silver,91,Active,New South Wales,Australia,"<a href=""https://pomologistcider.com.au/"">Website</a>","<a href=""https://www.facebook.com/pomologistcider/"">Facebook</a>","<a href=""https://www.instagram.com/pomologistcider/"">Instagram</a>",,,,"<a href=""https://untappd.com/w/pomologist-cider/398580"">Untappd</a>"
2016,Traditional Dry Cider,Cheeky Grog Co,SECRET SEVEN,🥈 Silver,90,Active,Victoria,Australia,"<a href=""https://cheekygrogco.com/"">Website</a>","<a href=""https://www.facebook.com/cheekygrogco"">Facebook</a>","<a href=""https://www.instagram.com/cheekygrogco/"">Instagram</a>","<a href=""https://maps.google.com/?cid=18312852297094426661"">Google</a>","<a href=""https://www.yelp.com/biz/cheeky-grog-co-bunbartha"">Yelp</a>","<a href=""https://www.tripadvisor.com/Attraction_Review-g12263922-d10807488"">TripAdvisor</a>","<a href=""https://untappd.com/w/cheeky-grog-co/247399"">Untappd</a>"
2016,Traditional Dry Cider,Lost Pippin,Lost Pippin Vintage 2014,🥈 Silver,89,Active,Tasmania,Australia,"<a href=""https://lostpippin.com.au/"">Website</a>","<a href=""https://www.facebook.com/LostPippin/"">Facebook</a>","<a href=""https://www.instagram.com/lostpippin/"">Instagram</a>",,,,"<a href=""https://untappd.com/brewery/42379"">Untappd</a>"
2016,Traditional Dry Cider,Crucible Cider,Crucible Cider,🥈 Silver,86,Active,Victoria,Australia,,"<a href=""https://www.facebook.com/profile.php?id=100072057556611"">Facebook</a>","<a href=""https://www.instagram.com/crucible_cider/?img_index=1"">Instagram</a>",,,,
2016,Traditional Dry Cider,Small Acres Cyder,Small Acres Cyder 2014 Somerset Still,🥉 Bronze,84,Active,New South Wales,Australia,"<a href=""https://www.smallacrescyder.com.au/"">Website</a>","<a href=""https://www.facebook.com/SmallAcresCyder"">Facebook</a>","<a href=""https://www.instagram.com/smallacrescyder"">Instagram</a>","<a href=""https://maps.google.com/?cid=1497457670374953580"">Google</a>",,"<a href=""https://www.tripadvisor.com/Attraction_Review-g2642455-d5991203"">TripAdvisor</a>","<a href=""https://untappd.com/brewery/14584"">Untappd</a>"
2016,Traditional Dry Cider,Daylesford Cider Company,Farmhouse Dry 2015,🥉 Bronze,80,Active,Victoria,Australia,"<a href=""https://daylesfordcider.com.au/"">Website</a>","<a href=""https://www.facebook.com/DaylesfordCider"">Facebook</a>","<a href=""https://www.instagram.com/daylesfordcider/"">Instagram</a>","<a href=""https://maps.google.com/?cid=3704200538482217988"">Google</a>",,"<a href=""https://www.tripadvisor.com/Attraction_Review-g2533620-d4506486"">TripAdvisor</a>","<a href=""https://untappd.com/w/daylesford-cider-company/15899"">Untappd</a>"
2016,Traditional Dry Cider,Spreyton Cider Co.,Spreyton Vintage 2016,🥉 Bronze,80,Active,Tasmania,Australia,"<a href=""https://www.spreytonciderco.com.au/"">Website</a>","<a href=""https://www.facebook.com/SpreytonCiderCo"">Facebook</a>","<a href=""https://www.instagram.com/spreytonciderco/"">Instagram</a>","<a href=""https://maps.google.com/?cid=4719454766033276507"">Google</a>","<a href=""https://www.yelp.com/biz/spreyton-cider-co-spreyton-2"">Yelp</a>","<a href=""https://www.tripadvisor.com/Attraction_Review-g504292-d3738226"">TripAdvisor</a>","<a href=""https://untappd.com/SpreytonCiderCo"">Untappd</a>"
2016,Traditional Dry Cider,Spreyton Cider Co.,Spreyton Vintage 2015,🥉 Bronze,80,Active,Tasmania,Australia,"<a href=""https://www.spreytonciderco.com.au/"">Website</a>","<a href=""https://www.facebook.com/SpreytonCiderCo"">Facebook</a>","<a href=""https://www.instagram.com/spreytonciderco/"">Instagram</a>","<a href=""https://maps.google.com/?cid=4719454766033276507"">Google</a>","<a href=""https://www.yelp.com/biz/spreyton-cider-co-spreyton-2"">Yelp</a>","<a href=""https://www.tripadvisor.com/Attraction_Review-g504292-d3738226"">TripAdvisor</a>","<a href=""https://untappd.com/SpreytonCiderCo"">Untappd</a>"
2016,Traditional Dry Cider,Cheeky Grog Co,CRABBY JOHNNY CIDER,🥉 Bronze,79,Active,Victoria,Australia,"<a href=""https://cheekygrogco.com/"">Website</a>","<a href=""https://www.facebook.com/cheekygrogco"">Facebook</a>","<a href=""https://www.instagram.com/cheekygrogco/"">Instagram</a>","<a href=""https://maps.google.com/?cid=18312852297094426661"">Google</a>","<a href=""https://www.yelp.com/biz/cheeky-grog-co-bunbartha"">Yelp</a>","<a href=""https://www.tripadvisor.com/Attraction_Review-g12263922-d10807488"">TripAdvisor</a>","<a href=""https://untappd.com/w/cheeky-grog-co/247399"">Untappd</a>"
2016,Traditional Dry Cider,Core Cider,Hard CORE,🥉 Bronze,79,Active,Western Australia,Australia,"<a href=""https://corecider.com.au/"">Website</a>","<a href=""https://www.facebook.com/pages/The-CORE-Cider-House/193269374050973"">Facebook</a>","<a href=""https://www.instagram.com/coreciderhouse/"">Instagram</a>","<a href=""https://maps.google.com/?cid=9482101079872958147"">Google</a>","<a href=""https://www.yelp.com/biz/core-cider-pickering-brook-3"">Yelp</a>","<a href=""https://www.tripadvisor.com/Restaurant_Review-g804216-d3191966"">TripAdvisor</a>","<a href=""https://untappd.com/w/core-cider-house/90179"">Untappd</a>"
2016,Traditional Dry Cider,Bilpin Cider,Bilpin Archibald Extra Brut,🥉 Bronze,78,Active,New South Wales,Australia,"<a href=""https://bilpincider.com/"">Website</a>","<a href=""https://www.facebook.com/bilpincider"">Facebook</a>","<a href=""https://www.instagram.com/bilpincider/"">Instagram</a>","<a href=""https://maps.google.com/?cid=1982319036704250930"">Google</a>",,"<a href=""https://www.tripadvisor.com/Attraction_Review-g1093762-d10065632"">TripAdvisor</a>","<a href=""https://untappd.com/brewery/18734"">Untappd</a>"
2016,Traditional Dry Cider,Daylesford Cider Company,Farmhouse Dry 2016,🥉 Bronze,78,Active,Victoria,Australia,"<a href=""https://daylesfordcider.com.au/"">Website</a>","<a href=""https://www.facebook.com/DaylesfordCider"">Facebook</a>","<a href=""https://www.instagram.com/daylesfordcider/"">Instagram</a>","<a href=""https://maps.google.com/?cid=3704200538482217988"">Google</a>",,"<a href=""https://www.tripadvisor.com/Attraction_Review-g2533620-d4506486"">TripAdvisor</a>","<a href=""https://untappd.com/w/daylesford-cider-company/15899"">Untappd</a>"
2016,New World Medium Cider,Jachmann Cider,Jachmann Pink Lady Apple Cider 330 Ml,🥇 Gold,93,Active,South Australia,Australia,"<a href=""https://jachmann.com.au/"">Website</a>","<a href=""https://www.facebook.com/JachmannAppleCider"">Facebook</a>",,,,,"<a href=""https://untappd.com/w/jachmann-apple-co/201681"">Untappd</a>"
2016,New World Medium Cider,Aspall,Aspall Draught,🥈 Silver,87,Active,Suffolk,England,"<a href=""https://www.aspall.co.uk/"">Website</a>","<a href=""https://www.facebook.com/AspallUK/"">Facebook</a>","<a href=""https://www.instagram.com/aspalluk/"">Instagram</a>","<a href=""https://maps.google.com/?cid=12281573289882642327"">Google</a>",,,"<a href=""https://untappd.com/brewery/3468"">Untappd</a>"
2016,New World Medium Cider,Alpine Cider,Alpine Cider Pink Lady Dry,🥈 Silver,86,Active,Victoria,Australia,"<a href=""https://alpinecider.com.au/"">Website</a>","<a href=""https://www.facebook.com/Nightingalebrosalpinecider/"">Facebook</a>","<a href=""https://www.instagram.com/alpinecider/"">Instagram</a>","<a href=""https://maps.google.com/?cid=8047391799601806918"">Google</a>",,,"<a href=""https://untappd.com/w/nightingale-bros/421899"">Untappd</a>"
2016,New World Medium Cider,Kangaroo Island Ciders,Colony Cove Draught Cider,🥈 Silver,86,Active,South Australia,Australia,"<a href=""https://www.kangarooislandciders.com.au/"">Website</a>",,,"<a href=""https://maps.google.com/?cid=7120331639179318476"">Google</a>",,,"<a href=""https://untappd.com/w/kangaroo-island-ciders/62318"">Untappd</a>"
2016,New World Medium Cider,Westons Cider,Stowford Press Medium Sweet Cider,🥈 Silver,86,Active,Herefordshire,England,"<a href=""https://www.westons-cider.co.uk/"">Website</a>","<a href=""https://www.facebook.com/WestonsCiderMill"">Facebook</a>","<a href=""https://www.instagram.com/westonscider/"">Instagram</a>","<a href=""https://maps.google.com/?cid=11779156514256391794"">Google</a>",,"<a href=""https://www.tripadvisor.com/Attraction_Review-g186303-d218508"">TripAdvisor</a>","<a href=""https://untappd.com/brewery/6135"">Untappd</a>"
2016,New World Medium Cider,Kangaroo Island Ciders,Colony Cove Original Cider,🥈 Silver,85,Active,South Australia,Australia,"<a href=""https://www.kangarooislandciders.com.au/"">Website</a>",,,"<a href=""https://maps.google.com/?cid=7120331639179318476"">Google</a>",,,"<a href=""https://untappd.com/w/kangaroo-island-ciders/62318"">Untappd</a>"
2016,New World Medium Cider,Barossa Cider Co.,Squashed Apple Cider,🥈 Silver,85,Active,South Australia,Australia,"<a href=""https://barossavalleyciderco.com/"">Website</a>","<a href=""https://www.facebook.com/barossacider/"">Facebook</a>","<a href=""https://www.instagram.com/barossacider.co/"">Instagram</a>",,,,"<a href=""https://untappd.com/TheBarossaValleyCiderCo"">Untappd</a>"
2016,New World Medium Cider,Bilpin Cider,Bilpin Original Cider,🥉 Bronze,84,Active,New South Wales,Australia,"<a href=""https://bilpincider.com/"">Website</a>","<a href=""https://www.facebook.com/bilpincider"">Facebook</a>","<a href=""https://www.instagram.com/bilpincider/"">Instagram</a>","<a href=""https://maps.google.com/?cid=1982319036704250930"">Google</a>",,"<a href=""https://www.tripadvisor.com/Attraction_Review-g1093762-d10065632"">TripAdvisor</a>","<a href=""https://untappd.com/brewery/18734"">Untappd</a>"
2016,New World Medium Cider,Blue Elephant Beverage Co.,Cider No.1,🥉 Bronze,84,Inactive,Victoria,Australia,,,,,,,
2016,New World Medium Cider,Flying Brick Cider,Flying Brick Sunny Boy,🥉 Bronze,84,Active,Victoria,Australia,"<a href=""https://flyingbrickciderco.com.au/"">Website</a>","<a href=""https://www.facebook.com/flyingbrickciderco"">Facebook</a>","<a href=""https://www.instagram.com/flyingbrickciderco/"">Instagram</a>","<a href=""https://maps.google.com/?cid=413601929230884265"">Google</a>","<a href=""https://www.yelp.com/biz/flying-brick-cider-co-wallington-2"">Yelp</a>","<a href=""https://www.tripadvisor.com/Restaurant_Review-g1937720-d7332877"">TripAdvisor</a>","<a href=""https://untappd.com/brewery/33883"">Untappd</a>"
2016,New World Medium Cider,Mr Little Cider,Mr Little Genuine Apple Cider,🥉 Bronze,84,Active,Victoria,Australia,"<a href=""https://mrlittlecider.com.au/"">Website</a>","<a href=""https://www.facebook.com/mrlittlecider/"">Facebook</a>","<a href=""https://www.instagram.com/mrlittlecider/"">Instagram</a>","<a href=""https://maps.google.com/?cid=2019669846727246935"">Google</a>",,"<a href=""https://www.tripadvisor.com/Attraction_Review-g552161-d15190619"">TripAdvisor</a>","<a href=""https://untappd.com/w/mr-little-cider/236921"">Untappd</a>"
2016,New World Medium Cider,Napoleone Cider,Napoleone Apple Cider NV,🥉 Bronze,84,Active,Victoria,Australia,"<a href=""https://napoleone.com.au/"">Website</a>","<a href=""https://www.facebook.com/napoleoneorchardbar"">Facebook</a>","<a href=""https://www.instagram.com/napoleonecider"">Instagram</a>","<a href=""https://maps.google.com/?cid=3472985488113617215"">Google</a>","<a href=""https://www.yelp.com/biz/napoleone-brewery-and-ciderhouse-coldstream"">Yelp</a>","<a href=""https://www.tripadvisor.com/Attraction_Review-g1205102-d7980976"">TripAdvisor</a>","<a href=""https://untappd.com/brewery/3800"">Untappd</a>"
2016,New World Medium Cider,Bilpin Cider,Bilpin Archibald Cloudy Cider,🥉 Bronze,82,Active,New South Wales,Australia,"<a href=""https://bilpincider.com/"">Website</a>","<a href=""https://www.facebook.com/bilpincider"">Facebook</a>","<a href=""https://www.instagram.com/bilpincider/"">Instagram</a>","<a href=""https://maps.google.com/?cid=1982319036704250930"">Google</a>",,"<a href=""https://www.tripadvisor.com/Attraction_Review-g1093762-d10065632"">TripAdvisor</a>","<a href=""https://untappd.com/brewery/18734"">Untappd</a>"
2016,New World Medium Cider,Granite Belt Cider Company,Treehouse Cider,🥉 Bronze,82,Inactive,Queensland,Australia,,,,,,,
2016,New World Medium Cider,St Ronan's Cider,St Ronans Apple Cider,🥉 Bronze,82,Active,Victoria,Australia,"<a href=""https://stronanscider.com.au/"">Website</a>","<a href=""https://www.facebook.com/StRonansCider"">Facebook</a>","<a href=""https://www.instagram.com/st_ronans_cider/"">Instagram</a>","<a href=""https://maps.google.com/?cid=1347860416011573691"">Google</a>",,,"<a href=""https://untappd.com/StRonansCider"">Untappd</a>"
2016,New World Medium Cider,Jachmann Cider,"Jachmann Royal Gala Apple Cider 330 Ml ",🥉 Bronze,81,Active,South Australia,Australia,"<a href=""https://jachmann.com.au/"">Website</a>","<a href=""https://www.facebook.com/JachmannAppleCider"">Facebook</a>",,,,,"<a href=""https://untappd.com/w/jachmann-apple-co/201681"">Untappd</a>"
2016,New World Medium Cider,Napoleone Cider,Napoleone Cloudy Apple Cider,🥉 Bronze,81,Active,Victoria,Australia,"<a href=""https://napoleone.com.au/"">Website</a>","<a href=""https://www.facebook.com/napoleoneorchardbar"">Facebook</a>","<a href=""https://www.instagram.com/napoleonecider"">Instagram</a>","<a href=""https://maps.google.com/?cid=3472985488113617215"">Google</a>","<a href=""https://www.yelp.com/biz/napoleone-brewery-and-ciderhouse-coldstream"">Yelp</a>","<a href=""https://www.tripadvisor.com/Attraction_Review-g1205102-d7980976"">TripAdvisor</a>","<a href=""https://untappd.com/brewery/3800"">Untappd</a>"
2016,New World Medium Cider,Mt Duneed Estate,Pettavel Road Apple Cider,🥉 Bronze,81,Active,Victoria,Australia,"<a href=""https://www.mtduneedestate.com.au/"">Website</a>","<a href=""https://www.facebook.com/mtduneedestatewinery"">Facebook</a>","<a href=""https://www.instagram.com/mtduneedestate"">Instagram</a>","<a href=""https://maps.google.com/?cid=3985539971527914017"">Google</a>",,"<a href=""https://www.tripadvisor.com/Attraction_Review-g2671384-d7208953"">TripAdvisor</a>","<a href=""https://untappd.com/w/mt-duneed-brewing-co/332364"">Untappd</a>"
2016,New World Medium Cider,Cascade Brewing Co.,Bonamys Apple Cider,🥉 Bronze,80,Active,Tasmania,Australia,"<a href=""https://cascadebrewerybar.com.au/"">Website</a>","<a href=""https://www.facebook.com/cascadebrewerybar"">Facebook</a>","<a href=""https://www.instagram.com/cascadebrewerybar"">Instagram</a>","<a href=""https://maps.google.com/?cid=12138549215731406353"">Google</a>","<a href=""https://www.yelp.com/biz/cascade-brewery-south-hobart-2"">Yelp</a>","<a href=""https://www.tripadvisor.com/Attraction_Review-g255097-d256543"">TripAdvisor</a>","<a href=""https://untappd.com/w/mercury-cider-company/20381"">Untappd</a>"
2016,New World Medium Cider,Core Cider,CORE Meltdown,🥉 Bronze,80,Active,Western Australia,Australia,"<a href=""https://corecider.com.au/"">Website</a>","<a href=""https://www.facebook.com/pages/The-CORE-Cider-House/193269374050973"">Facebook</a>","<a href=""https://www.instagram.com/coreciderhouse/"">Instagram</a>","<a href=""https://maps.google.com/?cid=9482101079872958147"">Google</a>","<a href=""https://www.yelp.com/biz/core-cider-pickering-brook-3"">Yelp</a>","<a href=""https://www.tripadvisor.com/Restaurant_Review-g804216-d3191966"">TripAdvisor</a>","<a href=""https://untappd.com/w/core-cider-house/90179"">Untappd</a>"
2016,New World Medium Cider,Darkes Cider,Darkes Cider Howler,🥉 Bronze,80,Active,New South Wales,Australia,"<a href=""https://www.darkes.com.au/"">Website</a>","<a href=""https://www.facebook.com/DarkesCider"">Facebook</a>","<a href=""https://www.instagram.com/darkescider/"">Instagram</a>","<a href=""https://maps.google.com/?cid=9016868264603406991"">Google</a>",,"<a href=""https://www.tripadvisor.com/Attraction_Review-g7786462-d7786279"">TripAdvisor</a>","<a href=""https://untappd.com/w/darkes-cider/93421"">Untappd</a>"
2016,New World Medium Cider,Flying Brick Cider,Flying Brick Draught Cider,🥉 Bronze,80,Active,Victoria,Australia,"<a href=""https://flyingbrickciderco.com.au/"">Website</a>","<a href=""https://www.facebook.com/flyingbrickciderco"">Facebook</a>","<a href=""https://www.instagram.com/flyingbrickciderco/"">Instagram</a>","<a href=""https://maps.google.com/?cid=413601929230884265"">Google</a>","<a href=""https://www.yelp.com/biz/flying-brick-cider-co-wallington-2"">Yelp</a>","<a href=""https://www.tripadvisor.com/Restaurant_Review-g1937720-d7332877"">TripAdvisor</a>","<a href=""https://untappd.com/brewery/33883"">Untappd</a>"
2016,New World Medium Cider,Sidewood Estate,Sidewood Basket Pressed Apple Cider,🥉 Bronze,80,Active,South Australia,Australia,"<a href=""https://sidewood.com.au/"">Website</a>","<a href=""https://www.facebook.com/SidewoodEstate/"">Facebook</a>","<a href=""https://www.instagram.com/sidewoodestate/"">Instagram</a>","<a href=""https://maps.google.com/?cid=16006910239256404559"">Google</a>",,"<a href=""https://www.tripadvisor.com.au/Attraction_Review-g499710-d19238424"">TripAdvisor</a>","<a href=""https://untappd.com/w/sidewood-estate/118552"">Untappd</a>"
2016,New World Medium Cider,Kaiju! Beer,Golden Axe Apple Cider,🥉 Bronze,80,Active,Victoria,Australia,"<a href=""https://kaijubeer.com.au/"">Website</a>","<a href=""https://www.facebook.com/KaijuBeer.au"">Facebook</a>","<a href=""https://www.instagram.com/kaijubeer"">Instagram</a>","<a href=""https://maps.google.com/?cid=487547657947015054"">Google</a>",,"<a href=""https://www.tripadvisor.com/Restaurant_Review-g4379937-d26699553"">TripAdvisor</a>","<a href=""https://untappd.com/SouthEastBrewingCompanyPtyLtd"">Untappd</a>"
2016,New World Medium Cider,Eva Group,Green Apple,🥉 Bronze,80,Active,Navarre,Spain,"<a href=""https://www.evasa.com/"">Website</a>",,,"<a href=""https://maps.google.com/?cid=546948451257487120"">Google</a>",,,"<a href=""https://untappd.com/EvaGroup"">Untappd</a>"
2016,New World Medium Cider,Batlow Cider Co.,Batlow Premium Cider,🥉 Bronze,79,Active,New South Wales,Australia,"<a href=""https://www.batlowcider.com.au/"">Website</a>","<a href=""https://www.facebook.com/batlowcider"">Facebook</a>","<a href=""https://www.instagram.com/batlowcider/"">Instagram</a>",,,,"<a href=""https://untappd.com/brewery/16618"">Untappd</a>"
2016,New World Medium Cider,Woolshed Brewery,Utopia Apple And Pear Cider,🥉 Bronze,79,Inactive,South Australia,Australia,,,,,,,
2016,New World Medium Cider,Yarra Valley Cider,Pure Apple,🥉 Bronze,79,Active,Victoria,Australia,"<a href=""http://www.yarravalleycider.com.au/"">Website</a>","<a href=""https://www.facebook.com/YarraValleyCider/"">Facebook</a>","<a href=""https://www.instagram.com/yarravalleycider/"">Instagram</a>",,,,"<a href=""https://untappd.com/w/yarra-valley-cider/57524"">Untappd</a>"
2016,New World Medium Cider,Patrick of Coonawarra,Applelation Apple Cider,🥉 Bronze,78,Inactive,South Australia,Australia,,,,,,,
2016,New World Medium Cider,Batlow Cider Co.,Batlow Cloudy Cider (Can),🥉 Bronze,78,Active,New South Wales,Australia,"<a href=""https://www.batlowcider.com.au/"">Website</a>","<a href=""https://www.facebook.com/batlowcider"">Facebook</a>","<a href=""https://www.instagram.com/batlowcider/"">Instagram</a>",,,,"<a href=""https://untappd.com/brewery/16618"">Untappd</a>"
2016,New World Medium Cider,Core Cider,CORE Cloudy,🥉 Bronze,78,Active,Western Australia,Australia,"<a href=""https://corecider.com.au/"">Website</a>","<a href=""https://www.facebook.com/pages/The-CORE-Cider-House/193269374050973"">Facebook</a>","<a href=""https://www.instagram.com/coreciderhouse/"">Instagram</a>","<a href=""https://maps.google.com/?cid=9482101079872958147"">Google</a>","<a href=""https://www.yelp.com/biz/core-cider-pickering-brook-3"">Yelp</a>","<a href=""https://www.tripadvisor.com/Restaurant_Review-g804216-d3191966"">TripAdvisor</a>","<a href=""https://untappd.com/w/core-cider-house/90179"">Untappd</a>"
2016,New World Medium Cider,Harcourt Perry & Cider Makers,Harcourt Apple Cider,🥉 Bronze,78,Active,Victoria,Australia,"<a href=""https://harcourtcider.com.au/"">Website</a>","<a href=""https://www.facebook.com/HarcourtCider/"">Facebook</a>","<a href=""https://www.instagram.com/harcourtcider/"">Instagram</a>","<a href=""https://maps.google.com/?cid=8775592475109844928"">Google</a>",,,"<a href=""https://untappd.com/w/harcourt-perry-cider-makers/429734"">Untappd</a>"
2016,New World Medium Cider,Lion,Kirin Fuji Apple Cider,🥉 Bronze,78,Active,New South Wales,Australia,"<a href=""https://www.lionco.com/"">Website</a>",,,,,,
2016,New World Medium Cider,Lion,5 Seeds Cloudy Apple Cider,🥉 Bronze,78,Active,New South Wales,Australia,"<a href=""https://www.lionco.com/"">Website</a>",,,,,,
2016,New World Medium Cider,Lost Pippin,Lost Pippin Wild,🥉 Bronze,78,Active,Tasmania,Australia,"<a href=""https://lostpippin.com.au/"">Website</a>","<a href=""https://www.facebook.com/LostPippin/"">Facebook</a>","<a href=""https://www.instagram.com/lostpippin/"">Instagram</a>",,,,"<a href=""https://untappd.com/brewery/42379"">Untappd</a>"
2016,New World Medium Cider,Small Acres Cyder,Small Acres Cyder 2014 Norfolk Still,🥉 Bronze,78,Active,New South Wales,Australia,"<a href=""https://www.smallacrescyder.com.au/"">Website</a>","<a href=""https://www.facebook.com/SmallAcresCyder"">Facebook</a>","<a href=""https://www.instagram.com/smallacrescyder"">Instagram</a>","<a href=""https://maps.google.com/?cid=1497457670374953580"">Google</a>",,"<a href=""https://www.tripadvisor.com/Attraction_Review-g2642455-d5991203"">TripAdvisor</a>","<a href=""https://untappd.com/brewery/14584"">Untappd</a>"
2016,New World Medium Cider,The Hills Cider Company,The Hills Cider Company Apple,🥉 Bronze,78,Active,South Australia,Australia,,"<a href=""https://www.facebook.com/thehillscidercompany"">Facebook</a>","<a href=""https://www.instagram.com/thehillscidercompany/"">Instagram</a>","<a href=""https://maps.google.com/?cid=40048064327732560"">Google</a>",,,"<a href=""https://untappd.com/thehillscidercompany"">Untappd</a>"
2016,New World Medium Cider,Westons Cider,Caple Road No 3 Cider,🥉 Bronze,78,Active,Herefordshire,England,"<a href=""https://www.westons-cider.co.uk/"">Website</a>","<a href=""https://www.facebook.com/WestonsCiderMill"">Facebook</a>","<a href=""https://www.instagram.com/westonscider/"">Instagram</a>","<a href=""https://maps.google.com/?cid=11779156514256391794"">Google</a>",,"<a href=""https://www.tripadvisor.com/Attraction_Review-g186303-d218508"">TripAdvisor</a>","<a href=""https://untappd.com/brewery/6135"">Untappd</a>"
2016,Traditional Medium Cider,Willie Smith's,Willie Smiths French Blend Limited Release Cider,🥇 Gold,93,Active,Tasmania,Australia,"<a href=""https://www.williesmiths.com.au/"">Website</a>","<a href=""https://www.facebook.com/pages/Willie-Smiths-Organic-Cider/260319247336198"">Facebook</a>","<a href=""https://www.instagram.com/williesmithscider/"">Instagram</a>","<a href=""https://maps.google.com/?cid=16057012530083496420"">Google</a>","<a href=""https://www.yelp.com/biz/willie-smith-s-apple-shed-grove"">Yelp</a>","<a href=""https://www.tripadvisor.com/Restaurant_Review-g1175547-d7911074"">TripAdvisor</a>","<a href=""https://untappd.com/WilliamSmithandSons"">Untappd</a>"
2016,Traditional Medium Cider,Bress Wines,2015 Bress Harcourt Valley Cider,🥈 Silver,88,Inactive,Victoria,Australia,,,,,,,
2016,Traditional Medium Cider,Spreyton Cider Co.,Spreyton Cidermakers Select - Vintage Select  - 16,🥈 Silver,87,Active,Tasmania,Australia,"<a href=""https://www.spreytonciderco.com.au/"">Website</a>","<a href=""https://www.facebook.com/SpreytonCiderCo"">Facebook</a>","<a href=""https://www.instagram.com/spreytonciderco/"">Instagram</a>","<a href=""https://maps.google.com/?cid=4719454766033276507"">Google</a>","<a href=""https://www.yelp.com/biz/spreyton-cider-co-spreyton-2"">Yelp</a>","<a href=""https://www.tripadvisor.com/Attraction_Review-g504292-d3738226"">TripAdvisor</a>","<a href=""https://untappd.com/SpreytonCiderCo"">Untappd</a>"
2016,Traditional Medium Cider,Daylesford Cider Company,"Alf N Alf ",🥈 Silver,85,Active,Victoria,Australia,"<a href=""https://daylesfordcider.com.au/"">Website</a>","<a href=""https://www.facebook.com/DaylesfordCider"">Facebook</a>","<a href=""https://www.instagram.com/daylesfordcider/"">Instagram</a>","<a href=""https://maps.google.com/?cid=3704200538482217988"">Google</a>",,"<a href=""https://www.tripadvisor.com/Attraction_Review-g2533620-d4506486"">TripAdvisor</a>","<a href=""https://untappd.com/w/daylesford-cider-company/15899"">Untappd</a>"
2016,Traditional Medium Cider,Sidra El Gaitero,EL GAITERO SPANISH CIDER,🥉 Bronze,82,Active,Asturias,Spain,"<a href=""https://www.sidraelgaitero.com/"">Website</a>","<a href=""https://www.facebook.com/grupoelgaitero"">Facebook</a>","<a href=""https://www.instagram.com/grupoelgaitero/"">Instagram</a>","<a href=""https://maps.google.com/?cid=15753532318992345137"">Google</a>",,"<a href=""https://www.tripadvisor.com/Attraction_Review-g608997-d3239389"">TripAdvisor</a>","<a href=""https://untappd.com/brewery/4266"">Untappd</a>"
2016,Traditional Medium Cider,Westons Cider,Henry Westons Vintage Reserve Cider,🥉 Bronze,82,Active,Herefordshire,England,"<a href=""https://www.westons-cider.co.uk/"">Website</a>","<a href=""https://www.facebook.com/WestonsCiderMill"">Facebook</a>","<a href=""https://www.instagram.com/westonscider/"">Instagram</a>","<a href=""https://maps.google.com/?cid=11779156514256391794"">Google</a>",,"<a href=""https://www.tripadvisor.com/Attraction_Review-g186303-d218508"">TripAdvisor</a>","<a href=""https://untappd.com/brewery/6135"">Untappd</a>"
2016,Traditional Medium Cider,Willie Smith's,Willie Smiths Kingston Black Limited Release Cider,🥉 Bronze,82,Active,Tasmania,Australia,"<a href=""https://www.williesmiths.com.au/"">Website</a>","<a href=""https://www.facebook.com/pages/Willie-Smiths-Organic-Cider/260319247336198"">Facebook</a>","<a href=""https://www.instagram.com/williesmithscider/"">Instagram</a>","<a href=""https://maps.google.com/?cid=16057012530083496420"">Google</a>","<a href=""https://www.yelp.com/biz/willie-smith-s-apple-shed-grove"">Yelp</a>","<a href=""https://www.tripadvisor.com/Restaurant_Review-g1175547-d7911074"">TripAdvisor</a>","<a href=""https://untappd.com/WilliamSmithandSons"">Untappd</a>"
2016,Traditional Medium Cider,Rochdale Cider,Rochdale Classic Apple,🥉 Bronze,81,Active,Nelson,New Zealand,"<a href=""http://rochdalecider.co.nz/"">Website</a>","<a href=""https://www.facebook.com/RochdaleCider"">Facebook</a>","<a href=""https://www.instagram.com/rochdalecider"">Instagram</a>",,,,"<a href=""https://untappd.com/brewery/16162"">Untappd</a>"
2016,Traditional Medium Cider,Hillbilly Cider,Hillbilly Vintage,🥉 Bronze,80,Active,New South Wales,Australia,"<a href=""https://hillbillycider.com.au/"">Website</a>","<a href=""https://www.facebook.com/HillbillyCider/"">Facebook</a>","<a href=""https://www.instagram.com/hillbillycider/"">Instagram</a>","<a href=""https://maps.google.com/?cid=904695025997043027"">Google</a>",,"<a href=""https://www.tripadvisor.com/Attraction_Review-g1093762-d12290596"">TripAdvisor</a>","<a href=""https://untappd.com/w/hillbilly-harvest-co/44163"">Untappd</a>"
2016,Traditional Medium Cider,Borrodell Vineyard,The Comrade,🥉 Bronze,78,Active,New South Wales,Australia,"<a href=""https://www.borrodell.com.au/"">Website</a>","<a href=""https://www.facebook.com/BorrodellVineyard/"">Facebook</a>","<a href=""https://www.instagram.com/borrodell_vineyard/"">Instagram</a>","<a href=""https://maps.google.com/?cid=9113164481963775697"">Google</a>",,"<a href=""https://www.tripadvisor.com/Attraction_Review-g255326-d4469466"">TripAdvisor</a>","<a href=""https://untappd.com/w/borrodell-vineyard/42488"">Untappd</a>"
2016,Traditional Medium Cider,Hillbilly Cider,Hillbilly Scrumpy,🥉 Bronze,78,Active,New South Wales,Australia,"<a href=""https://hillbillycider.com.au/"">Website</a>","<a href=""https://www.facebook.com/HillbillyCider/"">Facebook</a>","<a href=""https://www.instagram.com/hillbillycider/"">Instagram</a>","<a href=""https://maps.google.com/?cid=904695025997043027"">Google</a>",,"<a href=""https://www.tripadvisor.com/Attraction_Review-g1093762-d12290596"">TripAdvisor</a>","<a href=""https://untappd.com/w/hillbilly-harvest-co/44163"">Untappd</a>"
2016,Traditional Medium Cider,The Hills Cider Company,The Hills Cider Company Scrumpy,🥉 Bronze,78,Active,South Australia,Australia,,"<a href=""https://www.facebook.com/thehillscidercompany"">Facebook</a>","<a href=""https://www.instagram.com/thehillscidercompany/"">Instagram</a>","<a href=""https://maps.google.com/?cid=40048064327732560"">Google</a>",,,"<a href=""https://untappd.com/thehillscidercompany"">Untappd</a>"
2016,New World Sweet Cider,Hillbilly Cider,Hillbilly Sweet Julie,🥉 Bronze,80,Active,New South Wales,Australia,"<a href=""https://hillbillycider.com.au/"">Website</a>","<a href=""https://www.facebook.com/HillbillyCider/"">Facebook</a>","<a href=""https://www.instagram.com/hillbillycider/"">Instagram</a>","<a href=""https://maps.google.com/?cid=904695025997043027"">Google</a>",,"<a href=""https://www.tripadvisor.com/Attraction_Review-g1093762-d12290596"">TripAdvisor</a>","<a href=""https://untappd.com/w/hillbilly-harvest-co/44163"">Untappd</a>"
2016,New World Sweet Cider,Mock Red Hill,Mock Red Hill Sweet Cider,🥉 Bronze,80,Active,Victoria,Australia,"<a href=""https://www.mockredhill.com.au/"">Website</a>","<a href=""https://www.facebook.com/pages/Mock-Red-Hill/181240308586996"">Facebook</a>","<a href=""https://www.instagram.com/mockredhill/"">Instagram</a>","<a href=""https://maps.google.com/?cid=10552205982251777171"">Google</a>","<a href=""https://www.yelp.com/biz/mock-orchards-red-hill"">Yelp</a>","<a href=""https://www.tripadvisor.com/Restaurant_Review-g552249-d9793363"">TripAdvisor</a>","<a href=""https://untappd.com/brewery/28770"">Untappd</a>"
2016,New World Sweet Cider,Sydney Brewery,Sydney Cider,🥉 Bronze,80,Active,New South Wales,Australia,"<a href=""https://sydneybrewery.com/"">Website</a>","<a href=""https://www.facebook.com/SydneyBrewery/"">Facebook</a>","<a href=""https://www.instagram.com/sydneybrewery/"">Instagram</a>","<a href=""https://maps.google.com/?cid=6674617705014025022"">Google</a>",,"<a href=""https://www.tripadvisor.com/Restaurant_Review-g23197656-d15602287"">TripAdvisor</a>","<a href=""https://untappd.com/SydneyBrewhouse"">Untappd</a>"
2016,New World Sweet Cider,Spreyton Cider Co.,Spreyton Apple Cider,🥉 Bronze,79,Active,Tasmania,Australia,"<a href=""https://www.spreytonciderco.com.au/"">Website</a>","<a href=""https://www.facebook.com/SpreytonCiderCo"">Facebook</a>","<a href=""https://www.instagram.com/spreytonciderco/"">Instagram</a>","<a href=""https://maps.google.com/?cid=4719454766033276507"">Google</a>","<a href=""https://www.yelp.com/biz/spreyton-cider-co-spreyton-2"">Yelp</a>","<a href=""https://www.tripadvisor.com/Attraction_Review-g504292-d3738226"">TripAdvisor</a>","<a href=""https://untappd.com/SpreytonCiderCo"">Untappd</a>"
2016,New World Sweet Cider,Pressman's Cider,Pressmans Oaked Cider,🥉 Bronze,78,Active,New South Wales,Australia,,"<a href=""https://www.facebook.com/pressmans"">Facebook</a>","<a href=""https://www.instagram.com/pressmans_cider/"">Instagram</a>",,,,"<a href=""https://untappd.com/b/australian-beer-co-pressman-s-cider/544529"">Untappd</a>"
2016,New World Sweet Cider,Suspicious Squirrel,Suspicious Squirrel,🥉 Bronze,78,Inactive,New South Wales,Australia,,,,,,,
2016,New World Sweet Cider,Eva Group,Spanish Apple,🥉 Bronze,78,Active,Navarre,Spain,"<a href=""https://www.evasa.com/"">Website</a>",,,"<a href=""https://maps.google.com/?cid=546948451257487120"">Google</a>",,,"<a href=""https://untappd.com/EvaGroup"">Untappd</a>"
2016,Traditional Sweet Cider,Daylesford Cider Company,Sweet Coppin 2016,🥇 Gold,93,Active,Victoria,Australia,"<a href=""https://daylesfordcider.com.au/"">Website</a>","<a href=""https://www.facebook.com/DaylesfordCider"">Facebook</a>","<a href=""https://www.instagram.com/daylesfordcider/"">Instagram</a>","<a href=""https://maps.google.com/?cid=3704200538482217988"">Google</a>",,"<a href=""https://www.tripadvisor.com/Attraction_Review-g2533620-d4506486"">TripAdvisor</a>","<a href=""https://untappd.com/w/daylesford-cider-company/15899"">Untappd</a>"
2016,Traditional Sweet Cider,Daylesford Cider Company,Sweet Coppin 2015,🥉 Bronze,82,Active,Victoria,Australia,"<a href=""https://daylesfordcider.com.au/"">Website</a>","<a href=""https://www.facebook.com/DaylesfordCider"">Facebook</a>","<a href=""https://www.instagram.com/daylesfordcider/"">Instagram</a>","<a href=""https://maps.google.com/?cid=3704200538482217988"">Google</a>",,"<a href=""https://www.tripadvisor.com/Attraction_Review-g2533620-d4506486"">TripAdvisor</a>","<a href=""https://untappd.com/w/daylesford-cider-company/15899"">Untappd</a>"
2016,New World Method Traditional Cider,Brady's Lookout Cider,Bradys Lookout Cider Premium Cuvee,🥈 Silver,86,Active,Tasmania,Australia,"<a href=""https://www.bradyslookoutcider.com.au/"">Website</a>","<a href=""https://www.facebook.com/bradyslookoutcider"">Facebook</a>","<a href=""https://www.instagram.com/bradys_lookout_cider/"">Instagram</a>","<a href=""https://maps.google.com/?cid=17861747211596541785"">Google</a>",,,"<a href=""https://untappd.com/w/brady-s-lookout/225207"">Untappd</a>"
2016,New World Method Traditional Cider,Small Acres Cyder,Small Acres Cyder 2015 Sparkling,🥈 Silver,86,Active,New South Wales,Australia,"<a href=""https://www.smallacrescyder.com.au/"">Website</a>","<a href=""https://www.facebook.com/SmallAcresCyder"">Facebook</a>","<a href=""https://www.instagram.com/smallacrescyder"">Instagram</a>","<a href=""https://maps.google.com/?cid=1497457670374953580"">Google</a>",,"<a href=""https://www.tripadvisor.com/Attraction_Review-g2642455-d5991203"">TripAdvisor</a>","<a href=""https://untappd.com/brewery/14584"">Untappd</a>"
2016,New World Method Traditional Cider,Brady's Lookout Cider,Bradys Lookout Cider Wild Cuvee,🥈 Silver,85,Active,Tasmania,Australia,"<a href=""https://www.bradyslookoutcider.com.au/"">Website</a>","<a href=""https://www.facebook.com/bradyslookoutcider"">Facebook</a>","<a href=""https://www.instagram.com/bradys_lookout_cider/"">Instagram</a>","<a href=""https://maps.google.com/?cid=17861747211596541785"">Google</a>",,,"<a href=""https://untappd.com/w/brady-s-lookout/225207"">Untappd</a>"
2016,New World Method Traditional Cider,Learmonth Cider,321 Methode Champenoise Cuvee Cider,🥉 Bronze,79,Active,Victoria,Australia,"<a href=""https://learmonthcider.com.au/"">Website</a>","<a href=""https://www.facebook.com/profile.php?id=100069530773568"">Facebook</a>",,,,,"<a href=""https://untappd.com/w/321-learmonth/90115"">Untappd</a>"
2016,New World Method Traditional Cider,Cheeky Grog Co,GRANNIES THAT POP,🥉 Bronze,78,Active,Victoria,Australia,"<a href=""https://cheekygrogco.com/"">Website</a>","<a href=""https://www.facebook.com/cheekygrogco"">Facebook</a>","<a href=""https://www.instagram.com/cheekygrogco/"">Instagram</a>","<a href=""https://maps.google.com/?cid=18312852297094426661"">Google</a>","<a href=""https://www.yelp.com/biz/cheeky-grog-co-bunbartha"">Yelp</a>","<a href=""https://www.tripadvisor.com/Attraction_Review-g12263922-d10807488"">TripAdvisor</a>","<a href=""https://untappd.com/w/cheeky-grog-co/247399"">Untappd</a>"
2016,Traditional Method Traditional Cider,Flying Brick Cider,Flying Brick MC Cider,🥈 Silver,86,Active,Victoria,Australia,"<a href=""https://flyingbrickciderco.com.au/"">Website</a>","<a href=""https://www.facebook.com/flyingbrickciderco"">Facebook</a>","<a href=""https://www.instagram.com/flyingbrickciderco/"">Instagram</a>","<a href=""https://maps.google.com/?cid=413601929230884265"">Google</a>","<a href=""https://www.yelp.com/biz/flying-brick-cider-co-wallington-2"">Yelp</a>","<a href=""https://www.tripadvisor.com/Restaurant_Review-g1937720-d7332877"">TripAdvisor</a>","<a href=""https://untappd.com/brewery/33883"">Untappd</a>"
2016,Traditional Method Traditional Cider,Small Acres Cyder,Small Acres Cyder 2013 Sparkling,🥉 Bronze,84,Active,New South Wales,Australia,"<a href=""https://www.smallacrescyder.com.au/"">Website</a>","<a href=""https://www.facebook.com/SmallAcresCyder"">Facebook</a>","<a href=""https://www.instagram.com/smallacrescyder"">Instagram</a>","<a href=""https://maps.google.com/?cid=1497457670374953580"">Google</a>",,"<a href=""https://www.tripadvisor.com/Attraction_Review-g2642455-d5991203"">TripAdvisor</a>","<a href=""https://untappd.com/brewery/14584"">Untappd</a>"
2016,New World Dry Perry,Flying Brick Cider,Flying Brick Pear Cider,🥉 Bronze,80,Active,Victoria,Australia,"<a href=""https://flyingbrickciderco.com.au/"">Website</a>","<a href=""https://www.facebook.com/flyingbrickciderco"">Facebook</a>","<a href=""https://www.instagram.com/flyingbrickciderco/"">Instagram</a>","<a href=""https://maps.google.com/?cid=413601929230884265"">Google</a>","<a href=""https://www.yelp.com/biz/flying-brick-cider-co-wallington-2"">Yelp</a>","<a href=""https://www.tripadvisor.com/Restaurant_Review-g1937720-d7332877"">TripAdvisor</a>","<a href=""https://untappd.com/brewery/33883"">Untappd</a>"
2016,New World Dry Perry,Lobo Cider,LOBO Dry Pear,🥉 Bronze,80,Active,South Australia,Australia,"<a href=""https://www.lobocider.com.au/"">Website</a>","<a href=""https://www.facebook.com/LOBOcider/"">Facebook</a>","<a href=""https://www.instagram.com/lobocider"">Instagram</a>",,,,"<a href=""https://untappd.com/brewery/8446"">Untappd</a>"
2016,New World Dry Perry,Napoleone Cider,Napoleone Method Traditionelle Pear Cider,🥉 Bronze,78,Active,Victoria,Australia,"<a href=""https://napoleone.com.au/"">Website</a>","<a href=""https://www.facebook.com/napoleoneorchardbar"">Facebook</a>","<a href=""https://www.instagram.com/napoleonecider"">Instagram</a>","<a href=""https://maps.google.com/?cid=3472985488113617215"">Google</a>","<a href=""https://www.yelp.com/biz/napoleone-brewery-and-ciderhouse-coldstream"">Yelp</a>","<a href=""https://www.tripadvisor.com/Attraction_Review-g1205102-d7980976"">TripAdvisor</a>","<a href=""https://untappd.com/brewery/3800"">Untappd</a>"
2016,New World Medium Perry,Hillbilly Cider,Hillbilly Pear Cider,🥈 Silver,85,Active,New South Wales,Australia,"<a href=""https://hillbillycider.com.au/"">Website</a>","<a href=""https://www.facebook.com/HillbillyCider/"">Facebook</a>","<a href=""https://www.instagram.com/hillbillycider/"">Instagram</a>","<a href=""https://maps.google.com/?cid=904695025997043027"">Google</a>",,"<a href=""https://www.tripadvisor.com/Attraction_Review-g1093762-d12290596"">TripAdvisor</a>","<a href=""https://untappd.com/w/hillbilly-harvest-co/44163"">Untappd</a>"
2016,New World Medium Perry,The Hills Cider Company,The Hills Cider Company Pear,🥈 Silver,85,Active,South Australia,Australia,,"<a href=""https://www.facebook.com/thehillscidercompany"">Facebook</a>","<a href=""https://www.instagram.com/thehillscidercompany/"">Instagram</a>","<a href=""https://maps.google.com/?cid=40048064327732560"">Google</a>",,,"<a href=""https://untappd.com/thehillscidercompany"">Untappd</a>"
2016,New World Medium Perry,2 Brothers Brewery,Gypsy,🥉 Bronze,80,Active,Victoria,Australia,"<a href=""https://www.2brothers.com.au/"">Website</a>","<a href=""https://www.facebook.com/2brothersbrewery/"">Facebook</a>","<a href=""https://www.instagram.com/2brothersbrewery"">Instagram</a>","<a href=""https://maps.google.com/?cid=7491025659517231760"">Google</a>","<a href=""https://www.yelp.com/biz/2-brothers-brewery-moorabbin"">Yelp</a>","<a href=""https://www.tripadvisor.com/Attraction_Review-g2020520-d5990751"">TripAdvisor</a>","<a href=""https://untappd.com/2BrothersBrewery"">Untappd</a>"
2016,New World Medium Perry,Harcourt Perry & Cider Makers,Harcourt Pear Cider,🥉 Bronze,80,Active,Victoria,Australia,"<a href=""https://harcourtcider.com.au/"">Website</a>","<a href=""https://www.facebook.com/HarcourtCider/"">Facebook</a>","<a href=""https://www.instagram.com/harcourtcider/"">Instagram</a>","<a href=""https://maps.google.com/?cid=8775592475109844928"">Google</a>",,,"<a href=""https://untappd.com/w/harcourt-perry-cider-makers/429734"">Untappd</a>"
2016,New World Medium Perry,Napoleone Cider,Napoleone Pear Cider,🥉 Bronze,78,Active,Victoria,Australia,"<a href=""https://napoleone.com.au/"">Website</a>","<a href=""https://www.facebook.com/napoleoneorchardbar"">Facebook</a>","<a href=""https://www.instagram.com/napoleonecider"">Instagram</a>","<a href=""https://maps.google.com/?cid=3472985488113617215"">Google</a>","<a href=""https://www.yelp.com/biz/napoleone-brewery-and-ciderhouse-coldstream"">Yelp</a>","<a href=""https://www.tripadvisor.com/Attraction_Review-g1205102-d7980976"">TripAdvisor</a>","<a href=""https://untappd.com/brewery/3800"">Untappd</a>"
2016,New World Medium Perry,Sidewood Estate,Sidewood Basket Pressed Pear Cider,🥉 Bronze,78,Active,South Australia,Australia,"<a href=""https://sidewood.com.au/"">Website</a>","<a href=""https://www.facebook.com/SidewoodEstate/"">Facebook</a>","<a href=""https://www.instagram.com/sidewoodestate/"">Instagram</a>","<a href=""https://maps.google.com/?cid=16006910239256404559"">Google</a>",,"<a href=""https://www.tripadvisor.com.au/Attraction_Review-g499710-d19238424"">TripAdvisor</a>","<a href=""https://untappd.com/w/sidewood-estate/118552"">Untappd</a>"
2016,New World Medium Perry,The Apple Thief,William Pear,🥉 Bronze,78,Active,New South Wales,Australia,"<a href=""https://theapplethief.com.au/"">Website</a>","<a href=""https://www.facebook.com/TheAppleThiefCiders/"">Facebook</a>","<a href=""https://www.instagram.com/theapplethiefciders/"">Instagram</a>","<a href=""https://maps.google.com/?cid=4762631239680624675"">Google</a>",,,"<a href=""https://untappd.com/brewery/21796"">Untappd</a>"
2016,New World Medium Perry,Barossa Cider Co.,Squashed Pear Cider,🥉 Bronze,78,Active,South Australia,Australia,"<a href=""https://barossavalleyciderco.com/"">Website</a>","<a href=""https://www.facebook.com/barossacider/"">Facebook</a>","<a href=""https://www.instagram.com/barossacider.co/"">Instagram</a>",,,,"<a href=""https://untappd.com/TheBarossaValleyCiderCo"">Untappd</a>"
2016,Traditional Medium Perry,Rochdale Cider,Saxton Pear Cider,🥈 Silver,85,Active,Nelson,New Zealand,"<a href=""http://rochdalecider.co.nz/"">Website</a>","<a href=""https://www.facebook.com/RochdaleCider"">Facebook</a>","<a href=""https://www.instagram.com/rochdalecider"">Instagram</a>",,,,"<a href=""https://untappd.com/brewery/16162"">Untappd</a>"
2016,Traditional Medium Perry,Rochdale Cider,Rochdale Classic Pear,🥉 Bronze,82,Active,Nelson,New Zealand,"<a href=""http://rochdalecider.co.nz/"">Website</a>","<a href=""https://www.facebook.com/RochdaleCider"">Facebook</a>","<a href=""https://www.instagram.com/rochdalecider"">Instagram</a>",,,,"<a href=""https://untappd.com/brewery/16162"">Untappd</a>"
2016,New World Sweet Perry,Spreyton Cider Co.,Spreyton Pear Cider,🥉 Bronze,81,Active,Tasmania,Australia,"<a href=""https://www.spreytonciderco.com.au/"">Website</a>","<a href=""https://www.facebook.com/SpreytonCiderCo"">Facebook</a>","<a href=""https://www.instagram.com/spreytonciderco/"">Instagram</a>","<a href=""https://maps.google.com/?cid=4719454766033276507"">Google</a>","<a href=""https://www.yelp.com/biz/spreyton-cider-co-spreyton-2"">Yelp</a>","<a href=""https://www.tripadvisor.com/Attraction_Review-g504292-d3738226"">TripAdvisor</a>","<a href=""https://untappd.com/SpreytonCiderCo"">Untappd</a>"
2016,New World Sweet Perry,Cheeky Grog Co,FLIP PEAR CIDER,🥉 Bronze,80,Active,Victoria,Australia,"<a href=""https://cheekygrogco.com/"">Website</a>","<a href=""https://www.facebook.com/cheekygrogco"">Facebook</a>","<a href=""https://www.instagram.com/cheekygrogco/"">Instagram</a>","<a href=""https://maps.google.com/?cid=18312852297094426661"">Google</a>","<a href=""https://www.yelp.com/biz/cheeky-grog-co-bunbartha"">Yelp</a>","<a href=""https://www.tripadvisor.com/Attraction_Review-g12263922-d10807488"">TripAdvisor</a>","<a href=""https://untappd.com/w/cheeky-grog-co/247399"">Untappd</a>"
2016,New World Sweet Perry,Frank's Cider,Franks Summer Pear Cider,🥉 Bronze,80,Active,Tasmania,Australia,"<a href=""https://www.frankscider.com.au/"">Website</a>","<a href=""https://www.facebook.com/FranksCider"">Facebook</a>","<a href=""https://www.instagram.com/frankscider/"">Instagram</a>","<a href=""https://maps.google.com/?cid=12281895632138757991"">Google</a>","<a href=""https://www.yelp.com/biz/franks-cider-bar-and-cafe-franklin"">Yelp</a>","<a href=""https://www.tripadvisor.com/Restaurant_Review-g504298-d7270183"">TripAdvisor</a>","<a href=""https://untappd.com/brewery/66943"">Untappd</a>"
2016,New World Sweet Perry,Grand Ridge Brewery,TWISTED SISTER PEAR CIDER,🥉 Bronze,78,Active,Victoria,Australia,,"<a href=""https://www.facebook.com/grandridgebrewery"">Facebook</a>","<a href=""https://www.instagram.com/grandridgebeer/"">Instagram</a>","<a href=""https://maps.google.com/?cid=8403918293255045179"">Google</a>","<a href=""https://www.yelp.com/biz/grand-ridge-brewery-mirboo-north-2"">Yelp</a>","<a href=""https://www.tripadvisor.com/Restaurant_Review-g552213-d4791367"">TripAdvisor</a>","<a href=""https://untappd.com/GrandRidgeBrewery"">Untappd</a>"
2016,New World Method Traditional Perry,St Ronan's Cider,St Ronans Pear Methode Traditionelle,🥈 Silver,85,Active,Victoria,Australia,"<a href=""https://stronanscider.com.au/"">Website</a>","<a href=""https://www.facebook.com/StRonansCider"">Facebook</a>","<a href=""https://www.instagram.com/st_ronans_cider/"">Instagram</a>","<a href=""https://maps.google.com/?cid=1347860416011573691"">Google</a>",,,"<a href=""https://untappd.com/StRonansCider"">Untappd</a>"
2016,New World Method Traditional Perry,Frank's Cider,Franks Methode Traditionelle,🥉 Bronze,80,Active,Tasmania,Australia,"<a href=""https://www.frankscider.com.au/"">Website</a>","<a href=""https://www.facebook.com/FranksCider"">Facebook</a>","<a href=""https://www.instagram.com/frankscider/"">Instagram</a>","<a href=""https://maps.google.com/?cid=12281895632138757991"">Google</a>","<a href=""https://www.yelp.com/biz/franks-cider-bar-and-cafe-franklin"">Yelp</a>","<a href=""https://www.tripadvisor.com/Restaurant_Review-g504298-d7270183"">TripAdvisor</a>","<a href=""https://untappd.com/brewery/66943"">Untappd</a>"
2016,Traditional Method Traditional Perry,Small Acres Cyder,Small Acres Cyder 2013 Sparkling Perry,🥇 Gold,93,Active,New South Wales,Australia,"<a href=""https://www.smallacrescyder.com.au/"">Website</a>","<a href=""https://www.facebook.com/SmallAcresCyder"">Facebook</a>","<a href=""https://www.instagram.com/smallacrescyder"">Instagram</a>","<a href=""https://maps.google.com/?cid=1497457670374953580"">Google</a>",,"<a href=""https://www.tripadvisor.com/Attraction_Review-g2642455-d5991203"">TripAdvisor</a>","<a href=""https://untappd.com/brewery/14584"">Untappd</a>"
2016,Traditional Method Traditional Perry,Core Cider,2015 Core-Pear-Al,🥉 Bronze,82,Active,Western Australia,Australia,"<a href=""https://corecider.com.au/"">Website</a>","<a href=""https://www.facebook.com/pages/The-CORE-Cider-House/193269374050973"">Facebook</a>","<a href=""https://www.instagram.com/coreciderhouse/"">Instagram</a>","<a href=""https://maps.google.com/?cid=9482101079872958147"">Google</a>","<a href=""https://www.yelp.com/biz/core-cider-pickering-brook-3"">Yelp</a>","<a href=""https://www.tripadvisor.com/Restaurant_Review-g804216-d3191966"">TripAdvisor</a>","<a href=""https://untappd.com/w/core-cider-house/90179"">Untappd</a>"
2016,"Specialty/Experimental Cider or Perry ",The Hills Cider Company,The Hills Cider Company Hop Edition,🥉 Bronze,83,Active,South Australia,Australia,,"<a href=""https://www.facebook.com/thehillscidercompany"">Facebook</a>","<a href=""https://www.instagram.com/thehillscidercompany/"">Instagram</a>","<a href=""https://maps.google.com/?cid=40048064327732560"">Google</a>",,,"<a href=""https://untappd.com/thehillscidercompany"">Untappd</a>"
2016,"Specialty/Experimental Cider or Perry ",Mr Little Cider,Mr Little  - Little Woody -  Oak Aged Apple Cider,🥉 Bronze,77.5,Active,Victoria,Australia,"<a href=""https://mrlittlecider.com.au/"">Website</a>","<a href=""https://www.facebook.com/mrlittlecider/"">Facebook</a>","<a href=""https://www.instagram.com/mrlittlecider/"">Instagram</a>","<a href=""https://maps.google.com/?cid=2019669846727246935"">Google</a>",,"<a href=""https://www.tripadvisor.com/Attraction_Review-g552161-d15190619"">TripAdvisor</a>","<a href=""https://untappd.com/w/mr-little-cider/236921"">Untappd</a>"
2016,"Specialty/Experimental Cider or Perry ",Sydney Brewery,Agave Ginger Cider,🥉 Bronze,77.5,Active,New South Wales,Australia,"<a href=""https://sydneybrewery.com/"">Website</a>","<a href=""https://www.facebook.com/SydneyBrewery/"">Facebook</a>","<a href=""https://www.instagram.com/sydneybrewery/"">Instagram</a>","<a href=""https://maps.google.com/?cid=6674617705014025022"">Google</a>",,"<a href=""https://www.tripadvisor.com/Restaurant_Review-g23197656-d15602287"">TripAdvisor</a>","<a href=""https://untappd.com/SydneyBrewhouse"">Untappd</a>"
2016,Apple and Pear Blends,The Hills Cider Company,The Hills Cider Company Pear Apple Blend,🥉 Bronze,83,Active,South Australia,Australia,,"<a href=""https://www.facebook.com/thehillscidercompany"">Facebook</a>","<a href=""https://www.instagram.com/thehillscidercompany/"">Instagram</a>","<a href=""https://maps.google.com/?cid=40048064327732560"">Google</a>",,,"<a href=""https://untappd.com/thehillscidercompany"">Untappd</a>"
2016,Apple and Pear Blends,Lobo Cider,LOBO Apple And Pear 330mL,🥉 Bronze,82,Active,South Australia,Australia,"<a href=""https://www.lobocider.com.au/"">Website</a>","<a href=""https://www.facebook.com/LOBOcider/"">Facebook</a>","<a href=""https://www.instagram.com/lobocider"">Instagram</a>",,,,"<a href=""https://untappd.com/brewery/8446"">Untappd</a>"
2016,Apple and Pear Blends,Mock Red Hill,Mock Red Hill Pear Cider,🥉 Bronze,82,Active,Victoria,Australia,"<a href=""https://www.mockredhill.com.au/"">Website</a>","<a href=""https://www.facebook.com/pages/Mock-Red-Hill/181240308586996"">Facebook</a>","<a href=""https://www.instagram.com/mockredhill/"">Instagram</a>","<a href=""https://maps.google.com/?cid=10552205982251777171"">Google</a>","<a href=""https://www.yelp.com/biz/mock-orchards-red-hill"">Yelp</a>","<a href=""https://www.tripadvisor.com/Restaurant_Review-g552249-d9793363"">TripAdvisor</a>","<a href=""https://untappd.com/brewery/28770"">Untappd</a>"
2016,Apple and Pear Blends,Batlow Cider Co.,Batlow OPA (Oaked Pear And Apple) Cider,🥉 Bronze,78,Active,New South Wales,Australia,"<a href=""https://www.batlowcider.com.au/"">Website</a>","<a href=""https://www.facebook.com/batlowcider"">Facebook</a>","<a href=""https://www.instagram.com/batlowcider/"">Instagram</a>",,,,"<a href=""https://untappd.com/brewery/16618"">Untappd</a>"
2016,Apple and Pear Blends,Napoleone Cider,Napoleone Cider Apple With Pear,🥉 Bronze,78,Active,Victoria,Australia,"<a href=""https://napoleone.com.au/"">Website</a>","<a href=""https://www.facebook.com/napoleoneorchardbar"">Facebook</a>","<a href=""https://www.instagram.com/napoleonecider"">Instagram</a>","<a href=""https://maps.google.com/?cid=3472985488113617215"">Google</a>","<a href=""https://www.yelp.com/biz/napoleone-brewery-and-ciderhouse-coldstream"">Yelp</a>","<a href=""https://www.tripadvisor.com/Attraction_Review-g1205102-d7980976"">TripAdvisor</a>","<a href=""https://untappd.com/brewery/3800"">Untappd</a>"
2016,Cider or Perry with Fruit,The Hills Cider Company,The Hills Cider Company Apple Ginger  Hybrid Series,🥉 Bronze,80,Active,South Australia,Australia,,"<a href=""https://www.facebook.com/thehillscidercompany"">Facebook</a>","<a href=""https://www.instagram.com/thehillscidercompany/"">Instagram</a>","<a href=""https://maps.google.com/?cid=40048064327732560"">Google</a>",,,"<a href=""https://untappd.com/thehillscidercompany"">Untappd</a>"
2016,Cider or Perry with Fruit,Big Shed Brewing,"Cherry Popper ",🥉 Bronze,78,Active,South Australia,Australia,"<a href=""https://bigshed.beer/"">Website</a>","<a href=""https://www.facebook.com/BigShedBrewing/"">Facebook</a>","<a href=""https://www.instagram.com/bigshedbeer/"">Instagram</a>","<a href=""https://maps.google.com/?cid=13408097918532710257"">Google</a>","<a href=""https://www.yelp.com/biz/big-shed-brewing-co-royal-park"">Yelp</a>","<a href=""https://www.tripadvisor.com/Restaurant_Review-g9862373-d12533906"">TripAdvisor</a>","<a href=""https://untappd.com/BigShedBrewing"">Untappd</a>"
2016,Ice Cider or Perry,Small Acres Cyder,Small Acres Cyder 2015 Pomona Ice,🥈 Silver,85,Active,New South Wales,Australia,"<a href=""https://www.smallacrescyder.com.au/"">Website</a>","<a href=""https://www.facebook.com/SmallAcresCyder"">Facebook</a>","<a href=""https://www.instagram.com/smallacrescyder"">Instagram</a>","<a href=""https://maps.google.com/?cid=1497457670374953580"">Google</a>",,"<a href=""https://www.tripadvisor.com/Attraction_Review-g2642455-d5991203"">TripAdvisor</a>","<a href=""https://untappd.com/brewery/14584"">Untappd</a>"
2016,Pommeau,Small Acres Cyder,Small Acres Cyder 2015 Pommeau,🥈 Silver,90,Active,New South Wales,Australia,"<a href=""https://www.smallacrescyder.com.au/"">Website</a>","<a href=""https://www.facebook.com/SmallAcresCyder"">Facebook</a>","<a href=""https://www.instagram.com/smallacrescyder"">Instagram</a>","<a href=""https://maps.google.com/?cid=1497457670374953580"">Google</a>",,"<a href=""https://www.tripadvisor.com/Attraction_Review-g2642455-d5991203"">TripAdvisor</a>","<a href=""https://untappd.com/brewery/14584"">Untappd</a>"
2016,Apple or Pear Spirit,Lobo Cider,LOBO Apfel,🥉 Bronze,81,Active,South Australia,Australia,"<a href=""https://www.lobocider.com.au/"">Website</a>","<a href=""https://www.facebook.com/LOBOcider/"">Facebook</a>","<a href=""https://www.instagram.com/lobocider"">Instagram</a>",,,,"<a href=""https://untappd.com/brewery/8446"">Untappd</a>"
2017,New World Dry Cider,Winter Brook Vineyard,Winter Brook Vintage Cider 2016,🥈 Silver,89,Inactive,Tasmania,Australia,,,,,,,
2017,New World Dry Cider,Spreyton Cider Co.,Classic Cider,🥉 Bronze,84,Active,Tasmania,Australia,"<a href=""https://www.spreytonciderco.com.au/"">Website</a>","<a href=""https://www.facebook.com/SpreytonCiderCo"">Facebook</a>","<a href=""https://www.instagram.com/spreytonciderco/"">Instagram</a>","<a href=""https://maps.google.com/?cid=4719454766033276507"">Google</a>","<a href=""https://www.yelp.com/biz/spreyton-cider-co-spreyton-2"">Yelp</a>","<a href=""https://www.tripadvisor.com/Attraction_Review-g504292-d3738226"">TripAdvisor</a>","<a href=""https://untappd.com/SpreytonCiderCo"">Untappd</a>"
2017,New World Dry Cider,King Valley Cider Co.,Traditionally Tart,🥉 Bronze,80,Inactive,Victoria,Australia,,,,,,,
2017,New World Dry Cider,Rusty Bike Wines & Ciders,The Apple Cart,🥉 Bronze,80,Active,South Australia,Australia,"<a href=""https://rustybike.com.au/"">Website</a>","<a href=""https://www.facebook.com/rustybike.com.au/"">Facebook</a>","<a href=""https://www.instagram.com/rustybikewines/"">Instagram</a>","<a href=""https://maps.google.com/?cid=2086180301930276726"">Google</a>",,,"<a href=""https://untappd.com/w/rusty-bike-wines-ciders/424227"">Untappd</a>"
2017,New World Dry Cider,Willie Smith's,Willie Smith's Bone Dry Apple Cider,🥉 Bronze,80,Active,Tasmania,Australia,"<a href=""https://www.williesmiths.com.au/"">Website</a>","<a href=""https://www.facebook.com/pages/Willie-Smiths-Organic-Cider/260319247336198"">Facebook</a>","<a href=""https://www.instagram.com/williesmithscider/"">Instagram</a>","<a href=""https://maps.google.com/?cid=16057012530083496420"">Google</a>","<a href=""https://www.yelp.com/biz/willie-smith-s-apple-shed-grove"">Yelp</a>","<a href=""https://www.tripadvisor.com/Restaurant_Review-g1175547-d7911074"">TripAdvisor</a>","<a href=""https://untappd.com/WilliamSmithandSons"">Untappd</a>"
2017,New World Dry Cider,The Hills Cider Company,The Hills Cider Company Organic Dry Apple,🥉 Bronze,79,Active,South Australia,Australia,,"<a href=""https://www.facebook.com/thehillscidercompany"">Facebook</a>","<a href=""https://www.instagram.com/thehillscidercompany/"">Instagram</a>","<a href=""https://maps.google.com/?cid=40048064327732560"">Google</a>",,,"<a href=""https://untappd.com/thehillscidercompany"">Untappd</a>"
2017,New World Dry Cider,Henry of Harcourt,Duck & Bull,🥉 Bronze,77.5,Active,Victoria,Australia,"<a href=""https://henrycider.com/"">Website</a>","<a href=""https://www.facebook.com/henrycider/"">Facebook</a>","<a href=""https://www.instagram.com/henrycider/"">Instagram</a>","<a href=""https://maps.google.com/?cid=8940355932051611367"">Google</a>",,"<a href=""https://www.tripadvisor.com/Attraction_Review-g552178-d8783234"">TripAdvisor</a>","<a href=""https://untappd.com/w/henry-of-harcourt/5374"">Untappd</a>"
2017,Traditional Dry Cider,Willie Smith's,Willie Smith's Somerset Red Streak Dry Cider,🥈 Silver,91,Active,Tasmania,Australia,"<a href=""https://www.williesmiths.com.au/"">Website</a>","<a href=""https://www.facebook.com/pages/Willie-Smiths-Organic-Cider/260319247336198"">Facebook</a>","<a href=""https://www.instagram.com/williesmithscider/"">Instagram</a>","<a href=""https://maps.google.com/?cid=16057012530083496420"">Google</a>","<a href=""https://www.yelp.com/biz/willie-smith-s-apple-shed-grove"">Yelp</a>","<a href=""https://www.tripadvisor.com/Restaurant_Review-g1175547-d7911074"">TripAdvisor</a>","<a href=""https://untappd.com/WilliamSmithandSons"">Untappd</a>"
2017,Traditional Dry Cider,Daylesford Cider Company,French Oak,🥈 Silver,86,Active,Victoria,Australia,"<a href=""https://daylesfordcider.com.au/"">Website</a>","<a href=""https://www.facebook.com/DaylesfordCider"">Facebook</a>","<a href=""https://www.instagram.com/daylesfordcider/"">Instagram</a>","<a href=""https://maps.google.com/?cid=3704200538482217988"">Google</a>",,"<a href=""https://www.tripadvisor.com/Attraction_Review-g2533620-d4506486"">TripAdvisor</a>","<a href=""https://untappd.com/w/daylesford-cider-company/15899"">Untappd</a>"
2017,Traditional Dry Cider,Funk Cider,Organic Scrumpy,🥈 Silver,86,Active,Western Australia,Australia,"<a href=""https://funkdrinks.co/"">Website</a>","<a href=""https://www.facebook.com/funkdrinksco"">Facebook</a>","<a href=""https://www.instagram.com/funkdrinksco/"">Instagram</a>","<a href=""https://maps.google.com/?cid=12976653066917509642"">Google</a>",,,"<a href=""https://untappd.com/FunkCider"">Untappd</a>"
2017,Traditional Dry Cider,3 Sons Cider,Somerset,🥈 Silver,85,Active,Australian Capital Territory,Australia,"<a href=""http://www.3sonscider.com.au/"">Website</a>","<a href=""https://www.facebook.com/3SonsCider/"">Facebook</a>","<a href=""https://www.instagram.com/3sonscider/"">Instagram</a>","<a href=""https://maps.google.com/?cid=16285596579467432961"">Google</a>",,,"<a href=""https://untappd.com/3sonscider"">Untappd</a>"
2017,Traditional Dry Cider,Cheeky Grog Co,KINGSTON HERITAGE,🥈 Silver,85,Active,Victoria,Australia,"<a href=""https://cheekygrogco.com/"">Website</a>","<a href=""https://www.facebook.com/cheekygrogco"">Facebook</a>","<a href=""https://www.instagram.com/cheekygrogco/"">Instagram</a>","<a href=""https://maps.google.com/?cid=18312852297094426661"">Google</a>","<a href=""https://www.yelp.com/biz/cheeky-grog-co-bunbartha"">Yelp</a>","<a href=""https://www.tripadvisor.com/Attraction_Review-g12263922-d10807488"">TripAdvisor</a>","<a href=""https://untappd.com/w/cheeky-grog-co/247399"">Untappd</a>"
2017,Traditional Dry Cider,Hart's Farm,Dry Cider 2017,🥈 Silver,85,Active,Victoria,Australia,"<a href=""https://www.hartsfarm.com.au/"">Website</a>","<a href=""https://www.facebook.com/Hartsfarm.morningtonpeninsula"">Facebook</a>","<a href=""https://www.instagram.com/hartsfarm"">Instagram</a>","<a href=""https://maps.google.com/?cid=10474103931088012940"">Google</a>",,"<a href=""https://www.tripadvisor.com/Attraction_Review-g552256-d2477464"">TripAdvisor</a>","<a href=""https://untappd.com/w/hart-s-farm/278622"">Untappd</a>"
2017,Traditional Dry Cider,Seven Oaks Farmhouse Cider,Kingston Black,🥈 Silver,85,Active,Victoria,Australia,"<a href=""https://www.sevenoakscider.com.au/"">Website</a>","<a href=""https://www.facebook.com/sevenoakscider/"">Facebook</a>","<a href=""https://www.instagram.com/sevenoaksfarmhouse"">Instagram</a>","<a href=""https://maps.google.com/?cid=8084176422687381883"">Google</a>",,,"<a href=""https://untappd.com/w/seven-oaks-farmhouse-cider/17183"">Untappd</a>"
2017,Traditional Dry Cider,Spreyton Cider Co.,Vintage 2017,🥈 Silver,85,Active,Tasmania,Australia,"<a href=""https://www.spreytonciderco.com.au/"">Website</a>","<a href=""https://www.facebook.com/SpreytonCiderCo"">Facebook</a>","<a href=""https://www.instagram.com/spreytonciderco/"">Instagram</a>","<a href=""https://maps.google.com/?cid=4719454766033276507"">Google</a>","<a href=""https://www.yelp.com/biz/spreyton-cider-co-spreyton-2"">Yelp</a>","<a href=""https://www.tripadvisor.com/Attraction_Review-g504292-d3738226"">TripAdvisor</a>","<a href=""https://untappd.com/SpreytonCiderCo"">Untappd</a>"
2017,Traditional Dry Cider,Cheeky Grog Co,SECRET SEVEN,🥉 Bronze,84,Active,Victoria,Australia,"<a href=""https://cheekygrogco.com/"">Website</a>","<a href=""https://www.facebook.com/cheekygrogco"">Facebook</a>","<a href=""https://www.instagram.com/cheekygrogco/"">Instagram</a>","<a href=""https://maps.google.com/?cid=18312852297094426661"">Google</a>","<a href=""https://www.yelp.com/biz/cheeky-grog-co-bunbartha"">Yelp</a>","<a href=""https://www.tripadvisor.com/Attraction_Review-g12263922-d10807488"">TripAdvisor</a>","<a href=""https://untappd.com/w/cheeky-grog-co/247399"">Untappd</a>"
2017,Traditional Dry Cider,Hart's Farm,Dry,🥉 Bronze,84,Active,Victoria,Australia,"<a href=""https://www.hartsfarm.com.au/"">Website</a>","<a href=""https://www.facebook.com/Hartsfarm.morningtonpeninsula"">Facebook</a>","<a href=""https://www.instagram.com/hartsfarm"">Instagram</a>","<a href=""https://maps.google.com/?cid=10474103931088012940"">Google</a>",,"<a href=""https://www.tripadvisor.com/Attraction_Review-g552256-d2477464"">TripAdvisor</a>","<a href=""https://untappd.com/w/hart-s-farm/278622"">Untappd</a>"
2017,Traditional Dry Cider,Lobo Cider,LOBO Norman,🥉 Bronze,84,Active,South Australia,Australia,"<a href=""https://www.lobocider.com.au/"">Website</a>","<a href=""https://www.facebook.com/LOBOcider/"">Facebook</a>","<a href=""https://www.instagram.com/lobocider"">Instagram</a>",,,,"<a href=""https://untappd.com/brewery/8446"">Untappd</a>"
2017,Traditional Dry Cider,Daylesford Cider Company,Farmhouse Dry,🥉 Bronze,83,Active,Victoria,Australia,"<a href=""https://daylesfordcider.com.au/"">Website</a>","<a href=""https://www.facebook.com/DaylesfordCider"">Facebook</a>","<a href=""https://www.instagram.com/daylesfordcider/"">Instagram</a>","<a href=""https://maps.google.com/?cid=3704200538482217988"">Google</a>",,"<a href=""https://www.tripadvisor.com/Attraction_Review-g2533620-d4506486"">TripAdvisor</a>","<a href=""https://untappd.com/w/daylesford-cider-company/15899"">Untappd</a>"
2017,Traditional Dry Cider,Mock Red Hill,Traditional Dry Cider,🥉 Bronze,83,Active,Victoria,Australia,"<a href=""https://www.mockredhill.com.au/"">Website</a>","<a href=""https://www.facebook.com/pages/Mock-Red-Hill/181240308586996"">Facebook</a>","<a href=""https://www.instagram.com/mockredhill/"">Instagram</a>","<a href=""https://maps.google.com/?cid=10552205982251777171"">Google</a>","<a href=""https://www.yelp.com/biz/mock-orchards-red-hill"">Yelp</a>","<a href=""https://www.tripadvisor.com/Restaurant_Review-g552249-d9793363"">TripAdvisor</a>","<a href=""https://untappd.com/brewery/28770"">Untappd</a>"
2017,Traditional Dry Cider,Daylesford Cider Company,Organic Apple Cider,🥉 Bronze,81,Active,Victoria,Australia,"<a href=""https://daylesfordcider.com.au/"">Website</a>","<a href=""https://www.facebook.com/DaylesfordCider"">Facebook</a>","<a href=""https://www.instagram.com/daylesfordcider/"">Instagram</a>","<a href=""https://maps.google.com/?cid=3704200538482217988"">Google</a>",,"<a href=""https://www.tripadvisor.com/Attraction_Review-g2533620-d4506486"">TripAdvisor</a>","<a href=""https://untappd.com/w/daylesford-cider-company/15899"">Untappd</a>"
2017,Traditional Dry Cider,King Valley Cider Co.,Robusta,🥉 Bronze,81,Inactive,Victoria,Australia,,,,,,,
2017,Traditional Dry Cider,Bilpin Cider,Bilpin Archibald Extra Brut,🥉 Bronze,80,Active,New South Wales,Australia,"<a href=""https://bilpincider.com/"">Website</a>","<a href=""https://www.facebook.com/bilpincider"">Facebook</a>","<a href=""https://www.instagram.com/bilpincider/"">Instagram</a>","<a href=""https://maps.google.com/?cid=1982319036704250930"">Google</a>",,"<a href=""https://www.tripadvisor.com/Attraction_Review-g1093762-d10065632"">TripAdvisor</a>","<a href=""https://untappd.com/brewery/18734"">Untappd</a>"
2017,Traditional Dry Cider,Pomologist Cider,Dry Sparkling Cider 2014 Batch 2,🥉 Bronze,80,Active,New South Wales,Australia,"<a href=""https://pomologistcider.com.au/"">Website</a>","<a href=""https://www.facebook.com/pomologistcider/"">Facebook</a>","<a href=""https://www.instagram.com/pomologistcider/"">Instagram</a>",,,,"<a href=""https://untappd.com/w/pomologist-cider/398580"">Untappd</a>"
2017,Traditional Dry Cider,Henry of Harcourt,Kingston Black 15,🥉 Bronze,79,Active,Victoria,Australia,"<a href=""https://henrycider.com/"">Website</a>","<a href=""https://www.facebook.com/henrycider/"">Facebook</a>","<a href=""https://www.instagram.com/henrycider/"">Instagram</a>","<a href=""https://maps.google.com/?cid=8940355932051611367"">Google</a>",,"<a href=""https://www.tripadvisor.com/Attraction_Review-g552178-d8783234"">TripAdvisor</a>","<a href=""https://untappd.com/w/henry-of-harcourt/5374"">Untappd</a>"
2017,Traditional Dry Cider,Denmark Heritage Cider Company,Blend 16 Scrumpy,🥉 Bronze,79,Active,Western Australia,Australia,"<a href=""https://www.dhcco.com.au/"">Website</a>","<a href=""https://www.facebook.com/WArealcider"">Facebook</a>","<a href=""https://www.instagram.com/warealcider"">Instagram</a>","<a href=""https://maps.google.com/?cid=2839589146160465137"">Google</a>",,"<a href=""https://www.tripadvisor.com/Attraction_Review-g6000774-d12559098"">TripAdvisor</a>","<a href=""https://untappd.com/w/the-denmark-heritage-cider-company/359689"">Untappd</a>"
2017,Traditional Dry Cider,Crucible Cider,"2016 Crucible Cider ",🥉 Bronze,78,Active,Victoria,Australia,,"<a href=""https://www.facebook.com/profile.php?id=100072057556611"">Facebook</a>","<a href=""https://www.instagram.com/crucible_cider/?img_index=1"">Instagram</a>",,,,
2017,Traditional Dry Cider,Pomologist Cider,"Dry Sparkling Cider 2016 ",🥉 Bronze,78,Active,New South Wales,Australia,"<a href=""https://pomologistcider.com.au/"">Website</a>","<a href=""https://www.facebook.com/pomologistcider/"">Facebook</a>","<a href=""https://www.instagram.com/pomologistcider/"">Instagram</a>",,,,"<a href=""https://untappd.com/w/pomologist-cider/398580"">Untappd</a>"
2017,Traditional Dry Cider,Sutton's Juice Factory,Suttons Draught Cider,🥉 Bronze,78,Active,Queensland,Australia,"<a href=""https://suttonsfarm.com.au/"">Website</a>","<a href=""https://www.facebook.com/suttonsjuiceandcider/"">Facebook</a>","<a href=""https://www.instagram.com/suttonsfarm/"">Instagram</a>","<a href=""https://maps.google.com/?cid=17202902084953727843"">Google</a>",,"<a href=""https://www.tripadvisor.com/Attraction_Review-g3666083-d1743635"">TripAdvisor</a>","<a href=""https://untappd.com/w/suttons-farm/169154"">Untappd</a>"
2017,New World Medium Cider,Magners,Original Apple,🥇 Gold,94,Active,Tipperary,Ireland,"<a href=""https://magners.co.uk/"">Website</a>","<a href=""https://www.facebook.com/magnerscider"">Facebook</a>","<a href=""https://www.instagram.com/magnersuk"">Instagram</a>","<a href=""https://maps.google.com/?cid=13030775149028298606"">Google</a>",,,"<a href=""https://untappd.com/MagnersCider"">Untappd</a>"
2017,New World Medium Cider,The Sparkke Change Beverage Company,Apple Cider,🥇 Gold,93,Inactive,South Australia,Australia,,,,,,,
2017,New World Medium Cider,Daylesford Cider Company,Summer Petillant,🥈 Silver,89,Active,Victoria,Australia,"<a href=""https://daylesfordcider.com.au/"">Website</a>","<a href=""https://www.facebook.com/DaylesfordCider"">Facebook</a>","<a href=""https://www.instagram.com/daylesfordcider/"">Instagram</a>","<a href=""https://maps.google.com/?cid=3704200538482217988"">Google</a>",,"<a href=""https://www.tripadvisor.com/Attraction_Review-g2533620-d4506486"">TripAdvisor</a>","<a href=""https://untappd.com/w/daylesford-cider-company/15899"">Untappd</a>"
2017,New World Medium Cider,Core Cider,CORE Meltdown,🥈 Silver,88,Active,Western Australia,Australia,"<a href=""https://corecider.com.au/"">Website</a>","<a href=""https://www.facebook.com/pages/The-CORE-Cider-House/193269374050973"">Facebook</a>","<a href=""https://www.instagram.com/coreciderhouse/"">Instagram</a>","<a href=""https://maps.google.com/?cid=9482101079872958147"">Google</a>","<a href=""https://www.yelp.com/biz/core-cider-pickering-brook-3"">Yelp</a>","<a href=""https://www.tripadvisor.com/Restaurant_Review-g804216-d3191966"">TripAdvisor</a>","<a href=""https://untappd.com/w/core-cider-house/90179"">Untappd</a>"
2017,New World Medium Cider,Cester Camillo,Sidro Del Bosco,🥈 Silver,88,Active,Veneto,Italy,"<a href=""https://cestercamillo.it/"">Website</a>","<a href=""https://www.facebook.com/cestercamillo/"">Facebook</a>","<a href=""https://www.instagram.com/cestercamillo"">Instagram</a>","<a href=""https://maps.google.com/?cid=8941056702037722200"">Google</a>",,,"<a href=""https://untappd.com/w/cester-camillo/311065"">Untappd</a>"
2017,New World Medium Cider,St Ronan's Cider,Apple Cider,🥈 Silver,88,Active,Victoria,Australia,"<a href=""https://stronanscider.com.au/"">Website</a>","<a href=""https://www.facebook.com/StRonansCider"">Facebook</a>","<a href=""https://www.instagram.com/st_ronans_cider/"">Instagram</a>","<a href=""https://maps.google.com/?cid=1347860416011573691"">Google</a>",,,"<a href=""https://untappd.com/StRonansCider"">Untappd</a>"
2017,New World Medium Cider,Lion,Kirin Fuji Apple Cider,🥈 Silver,87,Active,New South Wales,Australia,"<a href=""https://www.lionco.com/"">Website</a>",,,,,,
2017,New World Medium Cider,Swell Brewing Co.,Cloudy Apple Cider,🥈 Silver,87,Active,South Australia,Australia,"<a href=""https://swellbeer.com.au/"">Website</a>",,"<a href=""https://www.instagram.com/swellbeer/"">Instagram</a>","<a href=""https://maps.google.com/?cid=5921662718639681355"">Google</a>",,"<a href=""https://www.tripadvisor.com/Restaurant_Review-g499714-d17621288"">TripAdvisor</a>","<a href=""https://untappd.com/Swell_Brewing_Co"">Untappd</a>"
2017,New World Medium Cider,Patrick of Coonawarra,Applelation Cider,🥈 Silver,85,Inactive,South Australia,Australia,,,,,,,
2017,New World Medium Cider,Rochdale Cider,Classic Apple Cider,🥈 Silver,85,Active,Nelson,New Zealand,"<a href=""http://rochdalecider.co.nz/"">Website</a>","<a href=""https://www.facebook.com/RochdaleCider"">Facebook</a>","<a href=""https://www.instagram.com/rochdalecider"">Instagram</a>",,,,"<a href=""https://untappd.com/brewery/16162"">Untappd</a>"
2017,New World Medium Cider,The Hills Cider Company,The Hills Cider Company Apple Cider,🥈 Silver,85,Active,South Australia,Australia,,"<a href=""https://www.facebook.com/thehillscidercompany"">Facebook</a>","<a href=""https://www.instagram.com/thehillscidercompany/"">Instagram</a>","<a href=""https://maps.google.com/?cid=40048064327732560"">Google</a>",,,"<a href=""https://untappd.com/thehillscidercompany"">Untappd</a>"
2017,New World Medium Cider,Batlow Cider Co.,Batlow Cloudy Cider,🥉 Bronze,84,Active,New South Wales,Australia,"<a href=""https://www.batlowcider.com.au/"">Website</a>","<a href=""https://www.facebook.com/batlowcider"">Facebook</a>","<a href=""https://www.instagram.com/batlowcider/"">Instagram</a>",,,,"<a href=""https://untappd.com/brewery/16618"">Untappd</a>"
2017,New World Medium Cider,Funk Cider,All Star,🥉 Bronze,84,Active,Western Australia,Australia,"<a href=""https://funkdrinks.co/"">Website</a>","<a href=""https://www.facebook.com/funkdrinksco"">Facebook</a>","<a href=""https://www.instagram.com/funkdrinksco/"">Instagram</a>","<a href=""https://maps.google.com/?cid=12976653066917509642"">Google</a>",,,"<a href=""https://untappd.com/FunkCider"">Untappd</a>"
2017,New World Medium Cider,Lobo Cider,LOBO Cloudy Apple,🥉 Bronze,84,Active,South Australia,Australia,"<a href=""https://www.lobocider.com.au/"">Website</a>","<a href=""https://www.facebook.com/LOBOcider/"">Facebook</a>","<a href=""https://www.instagram.com/lobocider"">Instagram</a>",,,,"<a href=""https://untappd.com/brewery/8446"">Untappd</a>"
2017,New World Medium Cider,Seedy Cider,Seedy Cider Sweet Poser,🥉 Bronze,84,Inactive,Victoria,Australia,,,,,,,
2017,New World Medium Cider,Batlow Cider Co.,Batlow Premium Cider,🥉 Bronze,83,Active,New South Wales,Australia,"<a href=""https://www.batlowcider.com.au/"">Website</a>","<a href=""https://www.facebook.com/batlowcider"">Facebook</a>","<a href=""https://www.instagram.com/batlowcider/"">Instagram</a>",,,,"<a href=""https://untappd.com/brewery/16618"">Untappd</a>"
2017,New World Medium Cider,Hillbilly Cider,Apple Cider,🥉 Bronze,83,Active,New South Wales,Australia,"<a href=""https://hillbillycider.com.au/"">Website</a>","<a href=""https://www.facebook.com/HillbillyCider/"">Facebook</a>","<a href=""https://www.instagram.com/hillbillycider/"">Instagram</a>","<a href=""https://maps.google.com/?cid=904695025997043027"">Google</a>",,"<a href=""https://www.tripadvisor.com/Attraction_Review-g1093762-d12290596"">TripAdvisor</a>","<a href=""https://untappd.com/w/hillbilly-harvest-co/44163"">Untappd</a>"
2017,New World Medium Cider,Alpine Cider,Alpine Cider Pink Lady Dry,🥉 Bronze,83,Active,Victoria,Australia,"<a href=""https://alpinecider.com.au/"">Website</a>","<a href=""https://www.facebook.com/Nightingalebrosalpinecider/"">Facebook</a>","<a href=""https://www.instagram.com/alpinecider/"">Instagram</a>","<a href=""https://maps.google.com/?cid=8047391799601806918"">Google</a>",,,"<a href=""https://untappd.com/w/nightingale-bros/421899"">Untappd</a>"
2017,New World Medium Cider,The Cider Lab,Royal Gala Apple,🥉 Bronze,83,Inactive,Victoria,Australia,,,,,,,
2017,New World Medium Cider,Bilpin Cider,Bilpin Archibald Cloudy Cider,🥉 Bronze,82,Active,New South Wales,Australia,"<a href=""https://bilpincider.com/"">Website</a>","<a href=""https://www.facebook.com/bilpincider"">Facebook</a>","<a href=""https://www.instagram.com/bilpincider/"">Instagram</a>","<a href=""https://maps.google.com/?cid=1982319036704250930"">Google</a>",,"<a href=""https://www.tripadvisor.com/Attraction_Review-g1093762-d10065632"">TripAdvisor</a>","<a href=""https://untappd.com/brewery/18734"">Untappd</a>"
2017,New World Medium Cider,Cascade Brewing Co.,Bonamys Apple Cider,🥉 Bronze,82,Active,Tasmania,Australia,"<a href=""https://cascadebrewerybar.com.au/"">Website</a>","<a href=""https://www.facebook.com/cascadebrewerybar"">Facebook</a>","<a href=""https://www.instagram.com/cascadebrewerybar"">Instagram</a>","<a href=""https://maps.google.com/?cid=12138549215731406353"">Google</a>","<a href=""https://www.yelp.com/biz/cascade-brewery-south-hobart-2"">Yelp</a>","<a href=""https://www.tripadvisor.com/Attraction_Review-g255097-d256543"">TripAdvisor</a>","<a href=""https://untappd.com/w/mercury-cider-company/20381"">Untappd</a>"
2017,New World Medium Cider,Pinnacle Drinks,Castaway Original Cider 5.0%; 330mL,🥉 Bronze,82,Active,New South Wales,Australia,"<a href=""https://pinnacledrinks.com.au/"">Website</a>",,,"<a href=""https://maps.google.com/?cid=18382720107027294885"">Google</a>",,,"<a href=""https://untappd.com/PinnacleDrinksQS"">Untappd</a>"
2017,New World Medium Cider,Pinnacle Drinks,Castaway Low Carb Cider 5.0%; 330mL,🥉 Bronze,81,Active,New South Wales,Australia,"<a href=""https://pinnacledrinks.com.au/"">Website</a>",,,"<a href=""https://maps.google.com/?cid=18382720107027294885"">Google</a>",,,"<a href=""https://untappd.com/PinnacleDrinksQS"">Untappd</a>"
2017,New World Medium Cider,Sidewood Estate,Apple Cider,🥉 Bronze,81,Active,South Australia,Australia,"<a href=""https://sidewood.com.au/"">Website</a>","<a href=""https://www.facebook.com/SidewoodEstate/"">Facebook</a>","<a href=""https://www.instagram.com/sidewoodestate/"">Instagram</a>","<a href=""https://maps.google.com/?cid=16006910239256404559"">Google</a>",,"<a href=""https://www.tripadvisor.com.au/Attraction_Review-g499710-d19238424"">TripAdvisor</a>","<a href=""https://untappd.com/w/sidewood-estate/118552"">Untappd</a>"
2017,New World Medium Cider,Small Acres Cyder,Small Acres Cyder 2016 Norfolk Still,🥉 Bronze,81,Active,New South Wales,Australia,"<a href=""https://www.smallacrescyder.com.au/"">Website</a>","<a href=""https://www.facebook.com/SmallAcresCyder"">Facebook</a>","<a href=""https://www.instagram.com/smallacrescyder"">Instagram</a>","<a href=""https://maps.google.com/?cid=1497457670374953580"">Google</a>",,"<a href=""https://www.tripadvisor.com/Attraction_Review-g2642455-d5991203"">TripAdvisor</a>","<a href=""https://untappd.com/brewery/14584"">Untappd</a>"
2017,New World Medium Cider,Spreyton Cider Co.,Apple Cider,🥉 Bronze,81,Active,Tasmania,Australia,"<a href=""https://www.spreytonciderco.com.au/"">Website</a>","<a href=""https://www.facebook.com/SpreytonCiderCo"">Facebook</a>","<a href=""https://www.instagram.com/spreytonciderco/"">Instagram</a>","<a href=""https://maps.google.com/?cid=4719454766033276507"">Google</a>","<a href=""https://www.yelp.com/biz/spreyton-cider-co-spreyton-2"">Yelp</a>","<a href=""https://www.tripadvisor.com/Attraction_Review-g504292-d3738226"">TripAdvisor</a>","<a href=""https://untappd.com/SpreytonCiderCo"">Untappd</a>"
2017,New World Medium Cider,Aspall,Suffolk Draught,🥉 Bronze,80,Active,Suffolk,England,"<a href=""https://www.aspall.co.uk/"">Website</a>","<a href=""https://www.facebook.com/AspallUK/"">Facebook</a>","<a href=""https://www.instagram.com/aspalluk/"">Instagram</a>","<a href=""https://maps.google.com/?cid=12281573289882642327"">Google</a>",,,"<a href=""https://untappd.com/brewery/3468"">Untappd</a>"
2017,New World Medium Cider,Bilpin Cider,Bilpin Original,🥉 Bronze,80,Active,New South Wales,Australia,"<a href=""https://bilpincider.com/"">Website</a>","<a href=""https://www.facebook.com/bilpincider"">Facebook</a>","<a href=""https://www.instagram.com/bilpincider/"">Instagram</a>","<a href=""https://maps.google.com/?cid=1982319036704250930"">Google</a>",,"<a href=""https://www.tripadvisor.com/Attraction_Review-g1093762-d10065632"">TripAdvisor</a>","<a href=""https://untappd.com/brewery/18734"">Untappd</a>"
2017,New World Medium Cider,Cheeky Tiki Cider,Cheeky Tiki -  Sweet Apple Cider,🥉 Bronze,80,Active,Queensland,Australia,"<a href=""https://www.ohanawinery.com.au/"">Website</a>","<a href=""https://www.facebook.com/OhanaWinery"">Facebook</a>","<a href=""https://www.instagram.com/cheekytikicider/"">Instagram</a>",,,"<a href=""https://www.tripadvisor.com/Attraction_Review-g255334-d15052083"">TripAdvisor</a>","<a href=""https://untappd.com/CheekyTiki"">Untappd</a>"
2017,New World Medium Cider,Frank's Cider,Franks Autumn Reserve Apple Cider,🥉 Bronze,80,Active,Tasmania,Australia,"<a href=""https://www.frankscider.com.au/"">Website</a>","<a href=""https://www.facebook.com/FranksCider"">Facebook</a>","<a href=""https://www.instagram.com/frankscider/"">Instagram</a>","<a href=""https://maps.google.com/?cid=12281895632138757991"">Google</a>","<a href=""https://www.yelp.com/biz/franks-cider-bar-and-cafe-franklin"">Yelp</a>","<a href=""https://www.tripadvisor.com/Restaurant_Review-g504298-d7270183"">TripAdvisor</a>","<a href=""https://untappd.com/brewery/66943"">Untappd</a>"
2017,New World Medium Cider,Hillbilly Cider,Scrumpy,🥉 Bronze,80,Active,New South Wales,Australia,"<a href=""https://hillbillycider.com.au/"">Website</a>","<a href=""https://www.facebook.com/HillbillyCider/"">Facebook</a>","<a href=""https://www.instagram.com/hillbillycider/"">Instagram</a>","<a href=""https://maps.google.com/?cid=904695025997043027"">Google</a>",,"<a href=""https://www.tripadvisor.com/Attraction_Review-g1093762-d12290596"">TripAdvisor</a>","<a href=""https://untappd.com/w/hillbilly-harvest-co/44163"">Untappd</a>"
2017,New World Medium Cider,Jachmann Cider,Jachmann Royal Gala Apple Cider,🥉 Bronze,80,Active,South Australia,Australia,"<a href=""https://jachmann.com.au/"">Website</a>","<a href=""https://www.facebook.com/JachmannAppleCider"">Facebook</a>",,,,,"<a href=""https://untappd.com/w/jachmann-apple-co/201681"">Untappd</a>"
2017,New World Medium Cider,Mock Red Hill,Classic Cider,🥉 Bronze,80,Active,Victoria,Australia,"<a href=""https://www.mockredhill.com.au/"">Website</a>","<a href=""https://www.facebook.com/pages/Mock-Red-Hill/181240308586996"">Facebook</a>","<a href=""https://www.instagram.com/mockredhill/"">Instagram</a>","<a href=""https://maps.google.com/?cid=10552205982251777171"">Google</a>","<a href=""https://www.yelp.com/biz/mock-orchards-red-hill"">Yelp</a>","<a href=""https://www.tripadvisor.com/Restaurant_Review-g552249-d9793363"">TripAdvisor</a>","<a href=""https://untappd.com/brewery/28770"">Untappd</a>"
2017,New World Medium Cider,Napoleone Cider,Apple Cider,🥉 Bronze,80,Active,Victoria,Australia,"<a href=""https://napoleone.com.au/"">Website</a>","<a href=""https://www.facebook.com/napoleoneorchardbar"">Facebook</a>","<a href=""https://www.instagram.com/napoleonecider"">Instagram</a>","<a href=""https://maps.google.com/?cid=3472985488113617215"">Google</a>","<a href=""https://www.yelp.com/biz/napoleone-brewery-and-ciderhouse-coldstream"">Yelp</a>","<a href=""https://www.tripadvisor.com/Attraction_Review-g1205102-d7980976"">TripAdvisor</a>","<a href=""https://untappd.com/brewery/3800"">Untappd</a>"
2017,New World Medium Cider,Coles Liquor Group,Steamrail Apple Cider (Bottle),🥉 Bronze,80,Inactive,Victoria,Australia,,,,,,,
2017,New World Medium Cider,The Hills Cider Company,The Hills Cider Company Cloudy Apple,🥉 Bronze,80,Active,South Australia,Australia,,"<a href=""https://www.facebook.com/thehillscidercompany"">Facebook</a>","<a href=""https://www.instagram.com/thehillscidercompany/"">Instagram</a>","<a href=""https://maps.google.com/?cid=40048064327732560"">Google</a>",,,"<a href=""https://untappd.com/thehillscidercompany"">Untappd</a>"
2017,New World Medium Cider,Grand Ridge Brewery,Apple Cider,🥉 Bronze,80,Active,Victoria,Australia,,"<a href=""https://www.facebook.com/grandridgebrewery"">Facebook</a>","<a href=""https://www.instagram.com/grandridgebeer/"">Instagram</a>","<a href=""https://maps.google.com/?cid=8403918293255045179"">Google</a>","<a href=""https://www.yelp.com/biz/grand-ridge-brewery-mirboo-north-2"">Yelp</a>","<a href=""https://www.tripadvisor.com/Restaurant_Review-g552213-d4791367"">TripAdvisor</a>","<a href=""https://untappd.com/GrandRidgeBrewery"">Untappd</a>"
2017,New World Medium Cider,Darkes Cider,Darkes Cider - Howler,🥉 Bronze,79,Active,New South Wales,Australia,"<a href=""https://www.darkes.com.au/"">Website</a>","<a href=""https://www.facebook.com/DarkesCider"">Facebook</a>","<a href=""https://www.instagram.com/darkescider/"">Instagram</a>","<a href=""https://maps.google.com/?cid=9016868264603406991"">Google</a>",,"<a href=""https://www.tripadvisor.com/Attraction_Review-g7786462-d7786279"">TripAdvisor</a>","<a href=""https://untappd.com/w/darkes-cider/93421"">Untappd</a>"
2017,New World Medium Cider,Granite Belt Cider Company,Treehouse Cider,🥉 Bronze,79,Inactive,Queensland,Australia,,,,,,,
2017,New World Medium Cider,Hansen Tasmania,Hansen Tasmania Apple Cider 330ml,🥉 Bronze,79,Inactive,Tasmania,Australia,,,,,,,
2017,New World Medium Cider,Harcourt Perry & Cider Makers,Harcourt Dry Cider,🥉 Bronze,79,Active,Victoria,Australia,"<a href=""https://harcourtcider.com.au/"">Website</a>","<a href=""https://www.facebook.com/HarcourtCider/"">Facebook</a>","<a href=""https://www.instagram.com/harcourtcider/"">Instagram</a>","<a href=""https://maps.google.com/?cid=8775592475109844928"">Google</a>",,,"<a href=""https://untappd.com/w/harcourt-perry-cider-makers/429734"">Untappd</a>"
2017,New World Medium Cider,Monteith's Brewing Co.,Sparkling Cider Brut Cuvee,🥉 Bronze,79,Active,West Coast,New Zealand,"<a href=""https://www.thebrewery.co.nz/"">Website</a>","<a href=""https://www.facebook.com/monteithsbrewery"">Facebook</a>","<a href=""https://www.instagram.com/monteithsbrewery1868"">Instagram</a>","<a href=""https://maps.google.com/?cid=13339274588774573493"">Google</a>","<a href=""https://www.yelp.com/biz/monteiths-brewing-co-greymouth"">Yelp</a>","<a href=""https://www.tripadvisor.com/Attraction_Review-g255372-d1007467"">TripAdvisor</a>","<a href=""https://untappd.com/MonteithsBrewingCo"">Untappd</a>"
2017,New World Medium Cider,ALDI Stores Australia,Dry Apple Cider,🥉 Bronze,79,Active,New South Wales,Australia,"<a href=""https://www.aldi.com.au/"">Website</a>",,,,,,"<a href=""https://untappd.com/w/aldi-stores-australia/92570"">Untappd</a>"
2017,New World Medium Cider,The Craft & Co,"Apple Cider ",🥉 Bronze,79,Inactive,Victoria,Australia,,,,,,,
2017,New World Medium Cider,Kaiju! Beer,Golden Axe,🥉 Bronze,78,Active,Victoria,Australia,"<a href=""https://kaijubeer.com.au/"">Website</a>","<a href=""https://www.facebook.com/KaijuBeer.au"">Facebook</a>","<a href=""https://www.instagram.com/kaijubeer"">Instagram</a>","<a href=""https://maps.google.com/?cid=487547657947015054"">Google</a>",,"<a href=""https://www.tripadvisor.com/Restaurant_Review-g4379937-d26699553"">TripAdvisor</a>","<a href=""https://untappd.com/SouthEastBrewingCompanyPtyLtd"">Untappd</a>"
2017,New World Medium Cider,Jachmann Cider,Jachmann Pink Lady Apple Cider,🥉 Bronze,78,Active,South Australia,Australia,"<a href=""https://jachmann.com.au/"">Website</a>","<a href=""https://www.facebook.com/JachmannAppleCider"">Facebook</a>",,,,,"<a href=""https://untappd.com/w/jachmann-apple-co/201681"">Untappd</a>"
2017,New World Medium Cider,Monteith's Brewing Co.,Goldsmith Apple Cider,🥉 Bronze,78,Active,West Coast,New Zealand,"<a href=""https://www.thebrewery.co.nz/"">Website</a>","<a href=""https://www.facebook.com/monteithsbrewery"">Facebook</a>","<a href=""https://www.instagram.com/monteithsbrewery1868"">Instagram</a>","<a href=""https://maps.google.com/?cid=13339274588774573493"">Google</a>","<a href=""https://www.yelp.com/biz/monteiths-brewing-co-greymouth"">Yelp</a>","<a href=""https://www.tripadvisor.com/Attraction_Review-g255372-d1007467"">TripAdvisor</a>","<a href=""https://untappd.com/MonteithsBrewingCo"">Untappd</a>"
2017,New World Medium Cider,Rochdale Cider,Saxton Apple Cider 5.0%; 330mL,🥉 Bronze,78,Active,Nelson,New Zealand,"<a href=""http://rochdalecider.co.nz/"">Website</a>","<a href=""https://www.facebook.com/RochdaleCider"">Facebook</a>","<a href=""https://www.instagram.com/rochdalecider"">Instagram</a>",,,,"<a href=""https://untappd.com/brewery/16162"">Untappd</a>"
2017,New World Medium Cider,Small Acres Cyder,Small Acres Pomme,🥉 Bronze,78,Active,New South Wales,Australia,"<a href=""https://www.smallacrescyder.com.au/"">Website</a>","<a href=""https://www.facebook.com/SmallAcresCyder"">Facebook</a>","<a href=""https://www.instagram.com/smallacrescyder"">Instagram</a>","<a href=""https://maps.google.com/?cid=1497457670374953580"">Google</a>",,"<a href=""https://www.tripadvisor.com/Attraction_Review-g2642455-d5991203"">TripAdvisor</a>","<a href=""https://untappd.com/brewery/14584"">Untappd</a>"
2017,New World Medium Cider,The Apple Thief,Granny Smith 2013,🥉 Bronze,78,Active,New South Wales,Australia,"<a href=""https://theapplethief.com.au/"">Website</a>","<a href=""https://www.facebook.com/TheAppleThiefCiders/"">Facebook</a>","<a href=""https://www.instagram.com/theapplethiefciders/"">Instagram</a>","<a href=""https://maps.google.com/?cid=4762631239680624675"">Google</a>",,,"<a href=""https://untappd.com/brewery/21796"">Untappd</a>"
2017,New World Medium Cider,Willie Smith's,Willie Smith's Organic Apple Cider,🥉 Bronze,78,Active,Tasmania,Australia,"<a href=""https://www.williesmiths.com.au/"">Website</a>","<a href=""https://www.facebook.com/pages/Willie-Smiths-Organic-Cider/260319247336198"">Facebook</a>","<a href=""https://www.instagram.com/williesmithscider/"">Instagram</a>","<a href=""https://maps.google.com/?cid=16057012530083496420"">Google</a>","<a href=""https://www.yelp.com/biz/willie-smith-s-apple-shed-grove"">Yelp</a>","<a href=""https://www.tripadvisor.com/Restaurant_Review-g1175547-d7911074"">TripAdvisor</a>","<a href=""https://untappd.com/WilliamSmithandSons"">Untappd</a>"
2017,New World Medium Cider,Lion,5 Seeds Cloudy Apple Cider,🥉 Bronze,77.5,Active,New South Wales,Australia,"<a href=""https://www.lionco.com/"">Website</a>",,,,,,
2017,New World Medium Cider,Kaiju! Beer,Golden Axe (Keg),🥉 Bronze,77.5,Active,Victoria,Australia,"<a href=""https://kaijubeer.com.au/"">Website</a>","<a href=""https://www.facebook.com/KaijuBeer.au"">Facebook</a>","<a href=""https://www.instagram.com/kaijubeer"">Instagram</a>","<a href=""https://maps.google.com/?cid=487547657947015054"">Google</a>",,"<a href=""https://www.tripadvisor.com/Restaurant_Review-g4379937-d26699553"">TripAdvisor</a>","<a href=""https://untappd.com/SouthEastBrewingCompanyPtyLtd"">Untappd</a>"
2017,New World Medium Cider,Kellybrook Winery,Kelly Brothers Sparkling Apple,🥉 Bronze,77.5,Active,Victoria,Australia,"<a href=""https://www.kellybrookwinery.com.au/"">Website</a>","<a href=""https://www.facebook.com/kellybrookwinery"">Facebook</a>","<a href=""https://www.instagram.com/kellybrookwinery"">Instagram</a>","<a href=""https://maps.google.com/?cid=11638840488142948775"">Google</a>","<a href=""https://www.yelp.com/biz/kellybrook-winery-wonga-park-3"">Yelp</a>","<a href=""https://www.tripadvisor.com/Attraction_Review-g1982951-d21063415"">TripAdvisor</a>","<a href=""https://untappd.com/w/kellybrook-winery/306274"">Untappd</a>"
2017,Traditional Medium Cider,Westons Cider,Wyld Wood Organic Apple,🥇 Gold,93,Active,Herefordshire,England,"<a href=""https://www.westons-cider.co.uk/"">Website</a>","<a href=""https://www.facebook.com/WestonsCiderMill"">Facebook</a>","<a href=""https://www.instagram.com/westonscider/"">Instagram</a>","<a href=""https://maps.google.com/?cid=11779156514256391794"">Google</a>",,"<a href=""https://www.tripadvisor.com/Attraction_Review-g186303-d218508"">TripAdvisor</a>","<a href=""https://untappd.com/brewery/6135"">Untappd</a>"
2017,Traditional Medium Cider,Aston Manor Cider,Friels First Press Vintage Cider,🥈 Silver,87,Active,West Midlands,England,"<a href=""https://www.astonmanor.co.uk/"">Website</a>",,,"<a href=""https://maps.google.com/?cid=8328306569280299730"">Google</a>",,,"<a href=""https://untappd.com/AstonManorBreweryCo"">Untappd</a>"
2017,Traditional Medium Cider,Kangaroo Island Ciders,Colony Cove Draught Cider,🥈 Silver,85,Active,South Australia,Australia,"<a href=""https://www.kangarooislandciders.com.au/"">Website</a>",,,"<a href=""https://maps.google.com/?cid=7120331639179318476"">Google</a>",,,"<a href=""https://untappd.com/w/kangaroo-island-ciders/62318"">Untappd</a>"
2017,Traditional Medium Cider,Kangaroo Island Ciders,Colony Cove Original Cider,🥈 Silver,85,Active,South Australia,Australia,"<a href=""https://www.kangarooislandciders.com.au/"">Website</a>",,,"<a href=""https://maps.google.com/?cid=7120331639179318476"">Google</a>",,,"<a href=""https://untappd.com/w/kangaroo-island-ciders/62318"">Untappd</a>"
2017,Traditional Medium Cider,Willie Smith's,Willie Smiths Traditional Apple Cider,🥈 Silver,85,Active,Tasmania,Australia,"<a href=""https://www.williesmiths.com.au/"">Website</a>","<a href=""https://www.facebook.com/pages/Willie-Smiths-Organic-Cider/260319247336198"">Facebook</a>","<a href=""https://www.instagram.com/williesmithscider/"">Instagram</a>","<a href=""https://maps.google.com/?cid=16057012530083496420"">Google</a>","<a href=""https://www.yelp.com/biz/willie-smith-s-apple-shed-grove"">Yelp</a>","<a href=""https://www.tripadvisor.com/Restaurant_Review-g1175547-d7911074"">TripAdvisor</a>","<a href=""https://untappd.com/WilliamSmithandSons"">Untappd</a>"
2017,Traditional Medium Cider,Willie Smith's,Willie Smiths 23 Varieties,🥈 Silver,85,Active,Tasmania,Australia,"<a href=""https://www.williesmiths.com.au/"">Website</a>","<a href=""https://www.facebook.com/pages/Willie-Smiths-Organic-Cider/260319247336198"">Facebook</a>","<a href=""https://www.instagram.com/williesmithscider/"">Instagram</a>","<a href=""https://maps.google.com/?cid=16057012530083496420"">Google</a>","<a href=""https://www.yelp.com/biz/willie-smith-s-apple-shed-grove"">Yelp</a>","<a href=""https://www.tripadvisor.com/Restaurant_Review-g1175547-d7911074"">TripAdvisor</a>","<a href=""https://untappd.com/WilliamSmithandSons"">Untappd</a>"
2017,Traditional Medium Cider,Lobo Cider,LOBO Trad,🥉 Bronze,84,Active,South Australia,Australia,"<a href=""https://www.lobocider.com.au/"">Website</a>","<a href=""https://www.facebook.com/LOBOcider/"">Facebook</a>","<a href=""https://www.instagram.com/lobocider"">Instagram</a>",,,,"<a href=""https://untappd.com/brewery/8446"">Untappd</a>"
2017,Traditional Medium Cider,Seven Oaks Farmhouse Cider,De Bouteville Dry,🥉 Bronze,84,Active,Victoria,Australia,"<a href=""https://www.sevenoakscider.com.au/"">Website</a>","<a href=""https://www.facebook.com/sevenoakscider/"">Facebook</a>","<a href=""https://www.instagram.com/sevenoaksfarmhouse"">Instagram</a>","<a href=""https://maps.google.com/?cid=8084176422687381883"">Google</a>",,,"<a href=""https://untappd.com/w/seven-oaks-farmhouse-cider/17183"">Untappd</a>"
2017,Traditional Medium Cider,Spreyton Cider Co.,Cidermakers Select 2017 - The Big Q,🥉 Bronze,84,Active,Tasmania,Australia,"<a href=""https://www.spreytonciderco.com.au/"">Website</a>","<a href=""https://www.facebook.com/SpreytonCiderCo"">Facebook</a>","<a href=""https://www.instagram.com/spreytonciderco/"">Instagram</a>","<a href=""https://maps.google.com/?cid=4719454766033276507"">Google</a>","<a href=""https://www.yelp.com/biz/spreyton-cider-co-spreyton-2"">Yelp</a>","<a href=""https://www.tripadvisor.com/Attraction_Review-g504292-d3738226"">TripAdvisor</a>","<a href=""https://untappd.com/SpreytonCiderCo"">Untappd</a>"
2017,Traditional Medium Cider,Westons Cider,Stowford Press Medium Dry 500ml,🥉 Bronze,84,Active,Herefordshire,England,"<a href=""https://www.westons-cider.co.uk/"">Website</a>","<a href=""https://www.facebook.com/WestonsCiderMill"">Facebook</a>","<a href=""https://www.instagram.com/westonscider/"">Instagram</a>","<a href=""https://maps.google.com/?cid=11779156514256391794"">Google</a>",,"<a href=""https://www.tripadvisor.com/Attraction_Review-g186303-d218508"">TripAdvisor</a>","<a href=""https://untappd.com/brewery/6135"">Untappd</a>"
2017,Traditional Medium Cider,Daylesford Cider Company,Wild,🥉 Bronze,82,Active,Victoria,Australia,"<a href=""https://daylesfordcider.com.au/"">Website</a>","<a href=""https://www.facebook.com/DaylesfordCider"">Facebook</a>","<a href=""https://www.instagram.com/daylesfordcider/"">Instagram</a>","<a href=""https://maps.google.com/?cid=3704200538482217988"">Google</a>",,"<a href=""https://www.tripadvisor.com/Attraction_Review-g2533620-d4506486"">TripAdvisor</a>","<a href=""https://untappd.com/w/daylesford-cider-company/15899"">Untappd</a>"
2017,Traditional Medium Cider,Sidra El Gaitero,El Gaitero,🥉 Bronze,82,Active,Asturias,Spain,"<a href=""https://www.sidraelgaitero.com/"">Website</a>","<a href=""https://www.facebook.com/grupoelgaitero"">Facebook</a>","<a href=""https://www.instagram.com/grupoelgaitero/"">Instagram</a>","<a href=""https://maps.google.com/?cid=15753532318992345137"">Google</a>",,"<a href=""https://www.tripadvisor.com/Attraction_Review-g608997-d3239389"">TripAdvisor</a>","<a href=""https://untappd.com/brewery/4266"">Untappd</a>"
2017,Traditional Medium Cider,Funk Cider,James Brown,🥉 Bronze,81,Active,Western Australia,Australia,"<a href=""https://funkdrinks.co/"">Website</a>","<a href=""https://www.facebook.com/funkdrinksco"">Facebook</a>","<a href=""https://www.instagram.com/funkdrinksco/"">Instagram</a>","<a href=""https://maps.google.com/?cid=12976653066917509642"">Google</a>",,,"<a href=""https://untappd.com/FunkCider"">Untappd</a>"
2017,Traditional Medium Cider,Westons Cider,Old Rosie 500ml,🥉 Bronze,81,Active,Herefordshire,England,"<a href=""https://www.westons-cider.co.uk/"">Website</a>","<a href=""https://www.facebook.com/WestonsCiderMill"">Facebook</a>","<a href=""https://www.instagram.com/westonscider/"">Instagram</a>","<a href=""https://maps.google.com/?cid=11779156514256391794"">Google</a>",,"<a href=""https://www.tripadvisor.com/Attraction_Review-g186303-d218508"">TripAdvisor</a>","<a href=""https://untappd.com/brewery/6135"">Untappd</a>"
2017,Traditional Medium Cider,Adams Cider Company,Devils Bit Mountain Cider,🥉 Bronze,80,Active,Tipperary,Ireland,,"<a href=""https://www.facebook.com/devilsbitcider"">Facebook</a>","<a href=""https://www.instagram.com/devilsbitcider/"">Instagram</a>",,,,"<a href=""https://untappd.com/AdamsCiderCompany"">Untappd</a>"
2017,Traditional Medium Cider,Westons Cider,"Caple Road No3 ",🥉 Bronze,80,Active,Herefordshire,England,"<a href=""https://www.westons-cider.co.uk/"">Website</a>","<a href=""https://www.facebook.com/WestonsCiderMill"">Facebook</a>","<a href=""https://www.instagram.com/westonscider/"">Instagram</a>","<a href=""https://maps.google.com/?cid=11779156514256391794"">Google</a>",,"<a href=""https://www.tripadvisor.com/Attraction_Review-g186303-d218508"">TripAdvisor</a>","<a href=""https://untappd.com/brewery/6135"">Untappd</a>"
2017,Traditional Medium Cider,Westons Cider,Henry Westons Vintage Reserve,🥉 Bronze,80,Active,Herefordshire,England,"<a href=""https://www.westons-cider.co.uk/"">Website</a>","<a href=""https://www.facebook.com/WestonsCiderMill"">Facebook</a>","<a href=""https://www.instagram.com/westonscider/"">Instagram</a>","<a href=""https://maps.google.com/?cid=11779156514256391794"">Google</a>",,"<a href=""https://www.tripadvisor.com/Attraction_Review-g186303-d218508"">TripAdvisor</a>","<a href=""https://untappd.com/brewery/6135"">Untappd</a>"
2017,Traditional Medium Cider,Daylesford Cider Company,Arf N Arf,🥉 Bronze,79,Active,Victoria,Australia,"<a href=""https://daylesfordcider.com.au/"">Website</a>","<a href=""https://www.facebook.com/DaylesfordCider"">Facebook</a>","<a href=""https://www.instagram.com/daylesfordcider/"">Instagram</a>","<a href=""https://maps.google.com/?cid=3704200538482217988"">Google</a>",,"<a href=""https://www.tripadvisor.com/Attraction_Review-g2533620-d4506486"">TripAdvisor</a>","<a href=""https://untappd.com/w/daylesford-cider-company/15899"">Untappd</a>"
2017,Traditional Medium Cider,Aston Manor Cider,Kingstone Press,🥉 Bronze,79,Active,West Midlands,England,"<a href=""https://www.astonmanor.co.uk/"">Website</a>",,,"<a href=""https://maps.google.com/?cid=8328306569280299730"">Google</a>",,,"<a href=""https://untappd.com/AstonManorBreweryCo"">Untappd</a>"
2017,Traditional Medium Cider,Lobo Cider,LOBO Bodicea,🥉 Bronze,79,Active,South Australia,Australia,"<a href=""https://www.lobocider.com.au/"">Website</a>","<a href=""https://www.facebook.com/LOBOcider/"">Facebook</a>","<a href=""https://www.instagram.com/lobocider"">Instagram</a>",,,,"<a href=""https://untappd.com/brewery/8446"">Untappd</a>"
2017,Traditional Medium Cider,Seven Oaks Farmhouse Cider,Sour Lady William,🥉 Bronze,78,Active,Victoria,Australia,"<a href=""https://www.sevenoakscider.com.au/"">Website</a>","<a href=""https://www.facebook.com/sevenoakscider/"">Facebook</a>","<a href=""https://www.instagram.com/sevenoaksfarmhouse"">Instagram</a>","<a href=""https://maps.google.com/?cid=8084176422687381883"">Google</a>",,,"<a href=""https://untappd.com/w/seven-oaks-farmhouse-cider/17183"">Untappd</a>"
2017,New World Sweet Cider,Barossa Cider Co.,Squashed Apple Cider,🥇 Gold,93,Active,South Australia,Australia,"<a href=""https://barossavalleyciderco.com/"">Website</a>","<a href=""https://www.facebook.com/barossacider/"">Facebook</a>","<a href=""https://www.instagram.com/barossacider.co/"">Instagram</a>",,,,"<a href=""https://untappd.com/TheBarossaValleyCiderCo"">Untappd</a>"
2017,New World Sweet Cider,Westons Cider,"Stowford Press Medium Sweet ",🥈 Silver,90,Active,Herefordshire,England,"<a href=""https://www.westons-cider.co.uk/"">Website</a>","<a href=""https://www.facebook.com/WestonsCiderMill"">Facebook</a>","<a href=""https://www.instagram.com/westonscider/"">Instagram</a>","<a href=""https://maps.google.com/?cid=11779156514256391794"">Google</a>",,"<a href=""https://www.tripadvisor.com/Attraction_Review-g186303-d218508"">TripAdvisor</a>","<a href=""https://untappd.com/brewery/6135"">Untappd</a>"
2017,New World Sweet Cider,The Apple Thief,Pink Lady B,🥉 Bronze,84,Active,New South Wales,Australia,"<a href=""https://theapplethief.com.au/"">Website</a>","<a href=""https://www.facebook.com/TheAppleThiefCiders/"">Facebook</a>","<a href=""https://www.instagram.com/theapplethiefciders/"">Instagram</a>","<a href=""https://maps.google.com/?cid=4762631239680624675"">Google</a>",,,"<a href=""https://untappd.com/brewery/21796"">Untappd</a>"
2017,New World Sweet Cider,Frank's Cider,Franks Summer Apple Cider,🥉 Bronze,83,Active,Tasmania,Australia,"<a href=""https://www.frankscider.com.au/"">Website</a>","<a href=""https://www.facebook.com/FranksCider"">Facebook</a>","<a href=""https://www.instagram.com/frankscider/"">Instagram</a>","<a href=""https://maps.google.com/?cid=12281895632138757991"">Google</a>","<a href=""https://www.yelp.com/biz/franks-cider-bar-and-cafe-franklin"">Yelp</a>","<a href=""https://www.tripadvisor.com/Restaurant_Review-g504298-d7270183"">TripAdvisor</a>","<a href=""https://untappd.com/brewery/66943"">Untappd</a>"
2017,New World Sweet Cider,Sydney Brewery,Sydney Cider,🥉 Bronze,83,Active,New South Wales,Australia,"<a href=""https://sydneybrewery.com/"">Website</a>","<a href=""https://www.facebook.com/SydneyBrewery/"">Facebook</a>","<a href=""https://www.instagram.com/sydneybrewery/"">Instagram</a>","<a href=""https://maps.google.com/?cid=6674617705014025022"">Google</a>",,"<a href=""https://www.tripadvisor.com/Restaurant_Review-g23197656-d15602287"">TripAdvisor</a>","<a href=""https://untappd.com/SydneyBrewhouse"">Untappd</a>"
2017,New World Sweet Cider,Angry Orchard,Angry Orchard Crisp Apple,🥉 Bronze,82,Active,New York,United States,"<a href=""https://www.angryorchard.com/"">Website</a>","<a href=""https://www.facebook.com/AngryOrchard/"">Facebook</a>","<a href=""https://www.instagram.com/angryorchard/"">Instagram</a>","<a href=""https://maps.google.com/?cid=17467507983407382578"">Google</a>","<a href=""https://www.yelp.com/biz/angry-orchard-walden-2"">Yelp</a>","<a href=""https://www.tripadvisor.com/Attraction_Review-g48788-d10266026"">TripAdvisor</a>","<a href=""https://untappd.com/w/angry-orchard-cider-company/16455"">Untappd</a>"
2017,New World Sweet Cider,Flying Brick Cider,Original Cider,🥉 Bronze,82,Active,Victoria,Australia,"<a href=""https://flyingbrickciderco.com.au/"">Website</a>","<a href=""https://www.facebook.com/flyingbrickciderco"">Facebook</a>","<a href=""https://www.instagram.com/flyingbrickciderco/"">Instagram</a>","<a href=""https://maps.google.com/?cid=413601929230884265"">Google</a>","<a href=""https://www.yelp.com/biz/flying-brick-cider-co-wallington-2"">Yelp</a>","<a href=""https://www.tripadvisor.com/Restaurant_Review-g1937720-d7332877"">TripAdvisor</a>","<a href=""https://untappd.com/brewery/33883"">Untappd</a>"
2017,New World Sweet Cider,Harcourt Perry & Cider Makers,Harcourt Apple Cider,🥉 Bronze,82,Active,Victoria,Australia,"<a href=""https://harcourtcider.com.au/"">Website</a>","<a href=""https://www.facebook.com/HarcourtCider/"">Facebook</a>","<a href=""https://www.instagram.com/harcourtcider/"">Instagram</a>","<a href=""https://maps.google.com/?cid=8775592475109844928"">Google</a>",,,"<a href=""https://untappd.com/w/harcourt-perry-cider-makers/429734"">Untappd</a>"
2017,New World Sweet Cider,Suspicious Squirrel,Suspicious Squirrel Apple Cider,🥉 Bronze,82,Inactive,New South Wales,Australia,,,,,,,
2017,New World Sweet Cider,Hillbilly Cider,Sweet Julie,🥉 Bronze,81,Active,New South Wales,Australia,"<a href=""https://hillbillycider.com.au/"">Website</a>","<a href=""https://www.facebook.com/HillbillyCider/"">Facebook</a>","<a href=""https://www.instagram.com/hillbillycider/"">Instagram</a>","<a href=""https://maps.google.com/?cid=904695025997043027"">Google</a>",,"<a href=""https://www.tripadvisor.com/Attraction_Review-g1093762-d12290596"">TripAdvisor</a>","<a href=""https://untappd.com/w/hillbilly-harvest-co/44163"">Untappd</a>"
2017,New World Sweet Cider,Alpine Cider,Alpine Cider Pink Lady Sweet,🥉 Bronze,81,Active,Victoria,Australia,"<a href=""https://alpinecider.com.au/"">Website</a>","<a href=""https://www.facebook.com/Nightingalebrosalpinecider/"">Facebook</a>","<a href=""https://www.instagram.com/alpinecider/"">Instagram</a>","<a href=""https://maps.google.com/?cid=8047391799601806918"">Google</a>",,,"<a href=""https://untappd.com/w/nightingale-bros/421899"">Untappd</a>"
2017,New World Sweet Cider,Redwood Cider Co.,Crisp Apple Cider,🥉 Bronze,81,Active,Tasman,New Zealand,"<a href=""https://www.db.co.nz/"">Website</a>",,,"<a href=""https://maps.google.com/?cid=6996062561310556831"">Google</a>",,,"<a href=""https://untappd.com/w/redwood-cider-co/184117"">Untappd</a>"
2017,New World Sweet Cider,Batlow Cider Co.,Batlow Saison Cider,🥉 Bronze,80,Active,New South Wales,Australia,"<a href=""https://www.batlowcider.com.au/"">Website</a>","<a href=""https://www.facebook.com/batlowcider"">Facebook</a>","<a href=""https://www.instagram.com/batlowcider/"">Instagram</a>",,,,"<a href=""https://untappd.com/brewery/16618"">Untappd</a>"
2017,New World Sweet Cider,Coles Liquor Group,Mr Finch Apple Cider (Bottle),🥉 Bronze,80,Inactive,Victoria,Australia,,,,,,,
2017,New World Sweet Cider,Small Acres Cyder,Small Acres Cyder 2016 Appscato,🥉 Bronze,80,Active,New South Wales,Australia,"<a href=""https://www.smallacrescyder.com.au/"">Website</a>","<a href=""https://www.facebook.com/SmallAcresCyder"">Facebook</a>","<a href=""https://www.instagram.com/smallacrescyder"">Instagram</a>","<a href=""https://maps.google.com/?cid=1497457670374953580"">Google</a>",,"<a href=""https://www.tripadvisor.com/Attraction_Review-g2642455-d5991203"">TripAdvisor</a>","<a href=""https://untappd.com/brewery/14584"">Untappd</a>"
2017,New World Sweet Cider,Three Oaks Cider,Crushed Apple 5%,🥉 Bronze,80,Active,South Australia,Australia,"<a href=""https://www.threeoakscider.com/"">Website</a>","<a href=""https://www.facebook.com/Threeoakscider"">Facebook</a>","<a href=""https://www.instagram.com/threeoakscider/"">Instagram</a>",,,,"<a href=""https://untappd.com/brewery/16538"">Untappd</a>"
2017,New World Sweet Cider,Coles Liquor Group,Mr Finch Apple Cider (Cans),🥉 Bronze,78,Inactive,Victoria,Australia,,,,,,,
2017,New World Sweet Cider,Pressman's Cider,Pressmans Apple Cider,🥉 Bronze,78,Active,New South Wales,Australia,,"<a href=""https://www.facebook.com/pressmans"">Facebook</a>","<a href=""https://www.instagram.com/pressmans_cider/"">Instagram</a>",,,,"<a href=""https://untappd.com/b/australian-beer-co-pressman-s-cider/544529"">Untappd</a>"
2017,New World Sweet Cider,Pressman's Cider,Pressmans Apple Cider Draught,🥉 Bronze,78,Active,New South Wales,Australia,,"<a href=""https://www.facebook.com/pressmans"">Facebook</a>","<a href=""https://www.instagram.com/pressmans_cider/"">Instagram</a>",,,,"<a href=""https://untappd.com/b/australian-beer-co-pressman-s-cider/544529"">Untappd</a>"
2017,Traditional Sweet Cider,Lobo Cider,LOBO Royale,🥈 Silver,88,Active,South Australia,Australia,"<a href=""https://www.lobocider.com.au/"">Website</a>","<a href=""https://www.facebook.com/LOBOcider/"">Facebook</a>","<a href=""https://www.instagram.com/lobocider"">Instagram</a>",,,,"<a href=""https://untappd.com/brewery/8446"">Untappd</a>"
2017,Traditional Sweet Cider,Seven Oaks Farmhouse Cider,Bramleyseedling,🥈 Silver,86,Active,Victoria,Australia,"<a href=""https://www.sevenoakscider.com.au/"">Website</a>","<a href=""https://www.facebook.com/sevenoakscider/"">Facebook</a>","<a href=""https://www.instagram.com/sevenoaksfarmhouse"">Instagram</a>","<a href=""https://maps.google.com/?cid=8084176422687381883"">Google</a>",,,"<a href=""https://untappd.com/w/seven-oaks-farmhouse-cider/17183"">Untappd</a>"
2017,Traditional Sweet Cider,Cheeky Grog Co,Sweet Marenny,🥉 Bronze,82,Active,Victoria,Australia,"<a href=""https://cheekygrogco.com/"">Website</a>","<a href=""https://www.facebook.com/cheekygrogco"">Facebook</a>","<a href=""https://www.instagram.com/cheekygrogco/"">Instagram</a>","<a href=""https://maps.google.com/?cid=18312852297094426661"">Google</a>","<a href=""https://www.yelp.com/biz/cheeky-grog-co-bunbartha"">Yelp</a>","<a href=""https://www.tripadvisor.com/Attraction_Review-g12263922-d10807488"">TripAdvisor</a>","<a href=""https://untappd.com/w/cheeky-grog-co/247399"">Untappd</a>"
2017,New World Method Traditional Cider,White Rabbit,White Rabbit Le Popoleno Blanc,🥈 Silver,89,Inactive,Victoria,Australia,,,,,,,
2017,New World Method Traditional Cider,Small Acres Cyder,Small Acres Cyder 2015 Sparkling,🥈 Silver,88,Active,New South Wales,Australia,"<a href=""https://www.smallacrescyder.com.au/"">Website</a>","<a href=""https://www.facebook.com/SmallAcresCyder"">Facebook</a>","<a href=""https://www.instagram.com/smallacrescyder"">Instagram</a>","<a href=""https://maps.google.com/?cid=1497457670374953580"">Google</a>",,"<a href=""https://www.tripadvisor.com/Attraction_Review-g2642455-d5991203"">TripAdvisor</a>","<a href=""https://untappd.com/brewery/14584"">Untappd</a>"
2017,New World Method Traditional Cider,Brady's Lookout Cider,Wild 2016,🥈 Silver,86,Active,Tasmania,Australia,"<a href=""https://www.bradyslookoutcider.com.au/"">Website</a>","<a href=""https://www.facebook.com/bradyslookoutcider"">Facebook</a>","<a href=""https://www.instagram.com/bradys_lookout_cider/"">Instagram</a>","<a href=""https://maps.google.com/?cid=17861747211596541785"">Google</a>",,,"<a href=""https://untappd.com/w/brady-s-lookout/225207"">Untappd</a>"
2017,New World Method Traditional Cider,Brady's Lookout Cider,Premium 2016,🥉 Bronze,84,Active,Tasmania,Australia,"<a href=""https://www.bradyslookoutcider.com.au/"">Website</a>","<a href=""https://www.facebook.com/bradyslookoutcider"">Facebook</a>","<a href=""https://www.instagram.com/bradys_lookout_cider/"">Instagram</a>","<a href=""https://maps.google.com/?cid=17861747211596541785"">Google</a>",,,"<a href=""https://untappd.com/w/brady-s-lookout/225207"">Untappd</a>"
2017,New World Method Traditional Cider,Carmel Cider Co.,Apple,🥉 Bronze,84,Active,Western Australia,Australia,"<a href=""https://carmelcider.com.au/"">Website</a>",,"<a href=""https://www.instagram.com/carmel_cider"">Instagram</a>","<a href=""https://maps.google.com/?cid=9888810503901269588"">Google</a>",,,"<a href=""https://untappd.com/CarmelCiderCompany"">Untappd</a>"
2017,New World Method Traditional Cider,Fishbone,Fishbone Dry Cider,🥉 Bronze,84,Inactive,---,Australia,,,,,,,
2017,New World Method Traditional Cider,Carmel Cider Co.,Oaked Apple,🥉 Bronze,82,Active,Western Australia,Australia,"<a href=""https://carmelcider.com.au/"">Website</a>",,"<a href=""https://www.instagram.com/carmel_cider"">Instagram</a>","<a href=""https://maps.google.com/?cid=9888810503901269588"">Google</a>",,,"<a href=""https://untappd.com/CarmelCiderCompany"">Untappd</a>"
2017,Tradtional Method Traditional Cider,St Ronan's Cider,Methode Traditionelle Heritage,🥇 Gold,93,Active,Victoria,Australia,"<a href=""https://stronanscider.com.au/"">Website</a>","<a href=""https://www.facebook.com/StRonansCider"">Facebook</a>","<a href=""https://www.instagram.com/st_ronans_cider/"">Instagram</a>","<a href=""https://maps.google.com/?cid=1347860416011573691"">Google</a>",,,"<a href=""https://untappd.com/StRonansCider"">Untappd</a>"
2017,Tradtional Method Traditional Cider,Flying Brick Cider,2016 MC Cider,🥈 Silver,90,Active,Victoria,Australia,"<a href=""https://flyingbrickciderco.com.au/"">Website</a>","<a href=""https://www.facebook.com/flyingbrickciderco"">Facebook</a>","<a href=""https://www.instagram.com/flyingbrickciderco/"">Instagram</a>","<a href=""https://maps.google.com/?cid=413601929230884265"">Google</a>","<a href=""https://www.yelp.com/biz/flying-brick-cider-co-wallington-2"">Yelp</a>","<a href=""https://www.tripadvisor.com/Restaurant_Review-g1937720-d7332877"">TripAdvisor</a>","<a href=""https://untappd.com/brewery/33883"">Untappd</a>"
2017,Tradtional Method Traditional Cider,Small Acres Cyder,Small Acres Cyder 2015 The Cat's Pyjamas,🥈 Silver,86,Active,New South Wales,Australia,"<a href=""https://www.smallacrescyder.com.au/"">Website</a>","<a href=""https://www.facebook.com/SmallAcresCyder"">Facebook</a>","<a href=""https://www.instagram.com/smallacrescyder"">Instagram</a>","<a href=""https://maps.google.com/?cid=1497457670374953580"">Google</a>",,"<a href=""https://www.tripadvisor.com/Attraction_Review-g2642455-d5991203"">TripAdvisor</a>","<a href=""https://untappd.com/brewery/14584"">Untappd</a>"
2017,Tradtional Method Traditional Cider,Denmark Heritage Cider Company,Blend 14,🥈 Silver,86,Active,Western Australia,Australia,"<a href=""https://www.dhcco.com.au/"">Website</a>","<a href=""https://www.facebook.com/WArealcider"">Facebook</a>","<a href=""https://www.instagram.com/warealcider"">Instagram</a>","<a href=""https://maps.google.com/?cid=2839589146160465137"">Google</a>",,"<a href=""https://www.tripadvisor.com/Attraction_Review-g6000774-d12559098"">TripAdvisor</a>","<a href=""https://untappd.com/w/the-denmark-heritage-cider-company/359689"">Untappd</a>"
2017,Tradtional Method Traditional Cider,Core Cider,CORE-Rupt-Ed,🥉 Bronze,84,Active,Western Australia,Australia,"<a href=""https://corecider.com.au/"">Website</a>","<a href=""https://www.facebook.com/pages/The-CORE-Cider-House/193269374050973"">Facebook</a>","<a href=""https://www.instagram.com/coreciderhouse/"">Instagram</a>","<a href=""https://maps.google.com/?cid=9482101079872958147"">Google</a>","<a href=""https://www.yelp.com/biz/core-cider-pickering-brook-3"">Yelp</a>","<a href=""https://www.tripadvisor.com/Restaurant_Review-g804216-d3191966"">TripAdvisor</a>","<a href=""https://untappd.com/w/core-cider-house/90179"">Untappd</a>"
2017,Tradtional Method Traditional Cider,Kellybrook Winery,Kellybrook Sparkling Method,🥉 Bronze,82,Active,Victoria,Australia,"<a href=""https://www.kellybrookwinery.com.au/"">Website</a>","<a href=""https://www.facebook.com/kellybrookwinery"">Facebook</a>","<a href=""https://www.instagram.com/kellybrookwinery"">Instagram</a>","<a href=""https://maps.google.com/?cid=11638840488142948775"">Google</a>","<a href=""https://www.yelp.com/biz/kellybrook-winery-wonga-park-3"">Yelp</a>","<a href=""https://www.tripadvisor.com/Attraction_Review-g1982951-d21063415"">TripAdvisor</a>","<a href=""https://untappd.com/w/kellybrook-winery/306274"">Untappd</a>"
2017,New World Dry Perry,Spreyton Cider Co.,Pear Perry,🥈 Silver,85,Active,Tasmania,Australia,"<a href=""https://www.spreytonciderco.com.au/"">Website</a>","<a href=""https://www.facebook.com/SpreytonCiderCo"">Facebook</a>","<a href=""https://www.instagram.com/spreytonciderco/"">Instagram</a>","<a href=""https://maps.google.com/?cid=4719454766033276507"">Google</a>","<a href=""https://www.yelp.com/biz/spreyton-cider-co-spreyton-2"">Yelp</a>","<a href=""https://www.tripadvisor.com/Attraction_Review-g504292-d3738226"">TripAdvisor</a>","<a href=""https://untappd.com/SpreytonCiderCo"">Untappd</a>"
2017,New World Dry Perry,"Sinclair Orchards ","St Clair Cider ""Perry""",🥉 Bronze,84,Inactive,Victoria,Australia,,,,,,,
2017,New World Dry Perry,Lobo Cider,LOBO Dry Pear,🥉 Bronze,82,Active,South Australia,Australia,"<a href=""https://www.lobocider.com.au/"">Website</a>","<a href=""https://www.facebook.com/LOBOcider/"">Facebook</a>","<a href=""https://www.instagram.com/lobocider"">Instagram</a>",,,,"<a href=""https://untappd.com/brewery/8446"">Untappd</a>"
2017,New World Dry Perry,The Apple Thief,William Pear,🥉 Bronze,80,Active,New South Wales,Australia,"<a href=""https://theapplethief.com.au/"">Website</a>","<a href=""https://www.facebook.com/TheAppleThiefCiders/"">Facebook</a>","<a href=""https://www.instagram.com/theapplethiefciders/"">Instagram</a>","<a href=""https://maps.google.com/?cid=4762631239680624675"">Google</a>",,,"<a href=""https://untappd.com/brewery/21796"">Untappd</a>"
2017,New World Medium Perry,The Cider Lab,Packham Pear,🥈 Silver,85,Inactive,Victoria,Australia,,,,,,,
2017,New World Medium Perry,Harcourt Perry & Cider Makers,Harcourt Pear Cider,🥉 Bronze,84,Active,Victoria,Australia,"<a href=""https://harcourtcider.com.au/"">Website</a>","<a href=""https://www.facebook.com/HarcourtCider/"">Facebook</a>","<a href=""https://www.instagram.com/harcourtcider/"">Instagram</a>","<a href=""https://maps.google.com/?cid=8775592475109844928"">Google</a>",,,"<a href=""https://untappd.com/w/harcourt-perry-cider-makers/429734"">Untappd</a>"
2017,New World Medium Perry,Napoleone Cider,Pear Cider,🥉 Bronze,83,Active,Victoria,Australia,"<a href=""https://napoleone.com.au/"">Website</a>","<a href=""https://www.facebook.com/napoleoneorchardbar"">Facebook</a>","<a href=""https://www.instagram.com/napoleonecider"">Instagram</a>","<a href=""https://maps.google.com/?cid=3472985488113617215"">Google</a>","<a href=""https://www.yelp.com/biz/napoleone-brewery-and-ciderhouse-coldstream"">Yelp</a>","<a href=""https://www.tripadvisor.com/Attraction_Review-g1205102-d7980976"">TripAdvisor</a>","<a href=""https://untappd.com/brewery/3800"">Untappd</a>"
2017,New World Medium Perry,Small Acres Cyder,Small Acres Poire,🥉 Bronze,83,Active,New South Wales,Australia,"<a href=""https://www.smallacrescyder.com.au/"">Website</a>","<a href=""https://www.facebook.com/SmallAcresCyder"">Facebook</a>","<a href=""https://www.instagram.com/smallacrescyder"">Instagram</a>","<a href=""https://maps.google.com/?cid=1497457670374953580"">Google</a>",,"<a href=""https://www.tripadvisor.com/Attraction_Review-g2642455-d5991203"">TripAdvisor</a>","<a href=""https://untappd.com/brewery/14584"">Untappd</a>"
2017,New World Medium Perry,Hillbilly Cider,Pear Cider,🥉 Bronze,81,Active,New South Wales,Australia,"<a href=""https://hillbillycider.com.au/"">Website</a>","<a href=""https://www.facebook.com/HillbillyCider/"">Facebook</a>","<a href=""https://www.instagram.com/hillbillycider/"">Instagram</a>","<a href=""https://maps.google.com/?cid=904695025997043027"">Google</a>",,"<a href=""https://www.tripadvisor.com/Attraction_Review-g1093762-d12290596"">TripAdvisor</a>","<a href=""https://untappd.com/w/hillbilly-harvest-co/44163"">Untappd</a>"
2017,New World Medium Perry,Magners,Pear,🥉 Bronze,81,Active,Tipperary,Ireland,"<a href=""https://magners.co.uk/"">Website</a>","<a href=""https://www.facebook.com/magnerscider"">Facebook</a>","<a href=""https://www.instagram.com/magnersuk"">Instagram</a>","<a href=""https://maps.google.com/?cid=13030775149028298606"">Google</a>",,,"<a href=""https://untappd.com/MagnersCider"">Untappd</a>"
2017,New World Medium Perry,Yarra Valley Cider,Pure Pear,🥉 Bronze,80,Active,Victoria,Australia,"<a href=""http://www.yarravalleycider.com.au/"">Website</a>","<a href=""https://www.facebook.com/YarraValleyCider/"">Facebook</a>","<a href=""https://www.instagram.com/yarravalleycider/"">Instagram</a>",,,,"<a href=""https://untappd.com/w/yarra-valley-cider/57524"">Untappd</a>"
2017,New World Medium Perry,Kellybrook Winery,Pear Cider,🥉 Bronze,79,Active,Victoria,Australia,"<a href=""https://www.kellybrookwinery.com.au/"">Website</a>","<a href=""https://www.facebook.com/kellybrookwinery"">Facebook</a>","<a href=""https://www.instagram.com/kellybrookwinery"">Instagram</a>","<a href=""https://maps.google.com/?cid=11638840488142948775"">Google</a>","<a href=""https://www.yelp.com/biz/kellybrook-winery-wonga-park-3"">Yelp</a>","<a href=""https://www.tripadvisor.com/Attraction_Review-g1982951-d21063415"">TripAdvisor</a>","<a href=""https://untappd.com/w/kellybrook-winery/306274"">Untappd</a>"
2017,New World Medium Perry,Core Cider,PeaceCORE,🥉 Bronze,78,Active,Western Australia,Australia,"<a href=""https://corecider.com.au/"">Website</a>","<a href=""https://www.facebook.com/pages/The-CORE-Cider-House/193269374050973"">Facebook</a>","<a href=""https://www.instagram.com/coreciderhouse/"">Instagram</a>","<a href=""https://maps.google.com/?cid=9482101079872958147"">Google</a>","<a href=""https://www.yelp.com/biz/core-cider-pickering-brook-3"">Yelp</a>","<a href=""https://www.tripadvisor.com/Restaurant_Review-g804216-d3191966"">TripAdvisor</a>","<a href=""https://untappd.com/w/core-cider-house/90179"">Untappd</a>"
2017,New World Medium Perry,Rochdale Cider,Classic Pear,🥉 Bronze,78,Active,Nelson,New Zealand,"<a href=""http://rochdalecider.co.nz/"">Website</a>","<a href=""https://www.facebook.com/RochdaleCider"">Facebook</a>","<a href=""https://www.instagram.com/rochdalecider"">Instagram</a>",,,,"<a href=""https://untappd.com/brewery/16162"">Untappd</a>"
2017,New World Medium Perry,Sidewood Estate,Pear Cider,🥉 Bronze,78,Active,South Australia,Australia,"<a href=""https://sidewood.com.au/"">Website</a>","<a href=""https://www.facebook.com/SidewoodEstate/"">Facebook</a>","<a href=""https://www.instagram.com/sidewoodestate/"">Instagram</a>","<a href=""https://maps.google.com/?cid=16006910239256404559"">Google</a>",,"<a href=""https://www.tripadvisor.com.au/Attraction_Review-g499710-d19238424"">TripAdvisor</a>","<a href=""https://untappd.com/w/sidewood-estate/118552"">Untappd</a>"
2017,Traditional Medium Perry,Grand Ridge Brewery,Pear Cider,🥈 Silver,85,Active,Victoria,Australia,,"<a href=""https://www.facebook.com/grandridgebrewery"">Facebook</a>","<a href=""https://www.instagram.com/grandridgebeer/"">Instagram</a>","<a href=""https://maps.google.com/?cid=8403918293255045179"">Google</a>","<a href=""https://www.yelp.com/biz/grand-ridge-brewery-mirboo-north-2"">Yelp</a>","<a href=""https://www.tripadvisor.com/Restaurant_Review-g552213-d4791367"">TripAdvisor</a>","<a href=""https://untappd.com/GrandRidgeBrewery"">Untappd</a>"
2017,Traditional Medium Perry,Westons Cider,Henry Westons Perry,🥉 Bronze,84.5,Active,Herefordshire,England,"<a href=""https://www.westons-cider.co.uk/"">Website</a>","<a href=""https://www.facebook.com/WestonsCiderMill"">Facebook</a>","<a href=""https://www.instagram.com/westonscider/"">Instagram</a>","<a href=""https://maps.google.com/?cid=11779156514256391794"">Google</a>",,"<a href=""https://www.tripadvisor.com/Attraction_Review-g186303-d218508"">TripAdvisor</a>","<a href=""https://untappd.com/brewery/6135"">Untappd</a>"
2017,New World Sweet Perry,Coles Liquor Group,Mr Finch Pear Perry (Bottle),🥈 Silver,85,Inactive,Victoria,Australia,,,,,,,
2017,New World Sweet Perry,Rochdale Cider,Saxton Pear Cider 5.0%; 330mL,🥉 Bronze,81,Active,Nelson,New Zealand,"<a href=""http://rochdalecider.co.nz/"">Website</a>","<a href=""https://www.facebook.com/RochdaleCider"">Facebook</a>","<a href=""https://www.instagram.com/rochdalecider"">Instagram</a>",,,,"<a href=""https://untappd.com/brewery/16162"">Untappd</a>"
2017,New World Sweet Perry,Pinnacle Drinks,Castaway Classic Pear Cider 5.0% 330mL,🥉 Bronze,80,Active,New South Wales,Australia,"<a href=""https://pinnacledrinks.com.au/"">Website</a>",,,"<a href=""https://maps.google.com/?cid=18382720107027294885"">Google</a>",,,"<a href=""https://untappd.com/PinnacleDrinksQS"">Untappd</a>"
2017,New World Sweet Perry,The Apple Thief,William Pear,🥉 Bronze,80,Active,New South Wales,Australia,"<a href=""https://theapplethief.com.au/"">Website</a>","<a href=""https://www.facebook.com/TheAppleThiefCiders/"">Facebook</a>","<a href=""https://www.instagram.com/theapplethiefciders/"">Instagram</a>","<a href=""https://maps.google.com/?cid=4762631239680624675"">Google</a>",,,"<a href=""https://untappd.com/brewery/21796"">Untappd</a>"
2017,New World Sweet Perry,Coles Liquor Group,Mr Finch Pear Perry (Cans),🥉 Bronze,79,Inactive,Victoria,Australia,,,,,,,
2017,New World Sweet Perry,Barossa Cider Co.,Squashed Pear Cider,🥉 Bronze,79,Active,South Australia,Australia,"<a href=""https://barossavalleyciderco.com/"">Website</a>","<a href=""https://www.facebook.com/barossacider/"">Facebook</a>","<a href=""https://www.instagram.com/barossacider.co/"">Instagram</a>",,,,"<a href=""https://untappd.com/TheBarossaValleyCiderCo"">Untappd</a>"
2017,New World Sweet Perry,The Hills Cider Company,The Hills Cider Company Pear,🥉 Bronze,78,Active,South Australia,Australia,,"<a href=""https://www.facebook.com/thehillscidercompany"">Facebook</a>","<a href=""https://www.instagram.com/thehillscidercompany/"">Instagram</a>","<a href=""https://maps.google.com/?cid=40048064327732560"">Google</a>",,,"<a href=""https://untappd.com/thehillscidercompany"">Untappd</a>"
2017,New World Method Traditional Perry,Carmel Cider Co.,Pear,🥈 Silver,87,Active,Western Australia,Australia,"<a href=""https://carmelcider.com.au/"">Website</a>",,"<a href=""https://www.instagram.com/carmel_cider"">Instagram</a>","<a href=""https://maps.google.com/?cid=9888810503901269588"">Google</a>",,,"<a href=""https://untappd.com/CarmelCiderCompany"">Untappd</a>"
2017,New World Method Traditional Perry,Frank's Cider,Method Traditionelle Perry,🥈 Silver,86,Active,Tasmania,Australia,"<a href=""https://www.frankscider.com.au/"">Website</a>","<a href=""https://www.facebook.com/FranksCider"">Facebook</a>","<a href=""https://www.instagram.com/frankscider/"">Instagram</a>","<a href=""https://maps.google.com/?cid=12281895632138757991"">Google</a>","<a href=""https://www.yelp.com/biz/franks-cider-bar-and-cafe-franklin"">Yelp</a>","<a href=""https://www.tripadvisor.com/Restaurant_Review-g504298-d7270183"">TripAdvisor</a>","<a href=""https://untappd.com/brewery/66943"">Untappd</a>"
2017,New World Method Traditional Perry,Small Acres Cyder,Small Acres Cyder 2015 Sparkling Perry,🥈 Silver,85,Active,New South Wales,Australia,"<a href=""https://www.smallacrescyder.com.au/"">Website</a>","<a href=""https://www.facebook.com/SmallAcresCyder"">Facebook</a>","<a href=""https://www.instagram.com/smallacrescyder"">Instagram</a>","<a href=""https://maps.google.com/?cid=1497457670374953580"">Google</a>",,"<a href=""https://www.tripadvisor.com/Attraction_Review-g2642455-d5991203"">TripAdvisor</a>","<a href=""https://untappd.com/brewery/14584"">Untappd</a>"
2017,New World Method Traditional Perry,Napoleone Cider,Methode Traditionelle Pear Cider,🥉 Bronze,81,Active,Victoria,Australia,"<a href=""https://napoleone.com.au/"">Website</a>","<a href=""https://www.facebook.com/napoleoneorchardbar"">Facebook</a>","<a href=""https://www.instagram.com/napoleonecider"">Instagram</a>","<a href=""https://maps.google.com/?cid=3472985488113617215"">Google</a>","<a href=""https://www.yelp.com/biz/napoleone-brewery-and-ciderhouse-coldstream"">Yelp</a>","<a href=""https://www.tripadvisor.com/Attraction_Review-g1205102-d7980976"">TripAdvisor</a>","<a href=""https://untappd.com/brewery/3800"">Untappd</a>"
2017,New World Method Traditional Perry,St Ronan's Cider,Methode Traditionelle Pear,🥉 Bronze,81,Active,Victoria,Australia,"<a href=""https://stronanscider.com.au/"">Website</a>","<a href=""https://www.facebook.com/StRonansCider"">Facebook</a>","<a href=""https://www.instagram.com/st_ronans_cider/"">Instagram</a>","<a href=""https://maps.google.com/?cid=1347860416011573691"">Google</a>",,,"<a href=""https://untappd.com/StRonansCider"">Untappd</a>"
2017,Traditional Method Traditional Perry,Core Cider,CORE-Pear-Al,🥉 Bronze,80,Active,Western Australia,Australia,"<a href=""https://corecider.com.au/"">Website</a>","<a href=""https://www.facebook.com/pages/The-CORE-Cider-House/193269374050973"">Facebook</a>","<a href=""https://www.instagram.com/coreciderhouse/"">Instagram</a>","<a href=""https://maps.google.com/?cid=9482101079872958147"">Google</a>","<a href=""https://www.yelp.com/biz/core-cider-pickering-brook-3"">Yelp</a>","<a href=""https://www.tripadvisor.com/Restaurant_Review-g804216-d3191966"">TripAdvisor</a>","<a href=""https://untappd.com/w/core-cider-house/90179"">Untappd</a>"
2017,Specialty/Experimental Cider or Perry,Napoleone Cider,La Sidra,🥈 Silver,85,Active,Victoria,Australia,"<a href=""https://napoleone.com.au/"">Website</a>","<a href=""https://www.facebook.com/napoleoneorchardbar"">Facebook</a>","<a href=""https://www.instagram.com/napoleonecider"">Instagram</a>","<a href=""https://maps.google.com/?cid=3472985488113617215"">Google</a>","<a href=""https://www.yelp.com/biz/napoleone-brewery-and-ciderhouse-coldstream"">Yelp</a>","<a href=""https://www.tripadvisor.com/Attraction_Review-g1205102-d7980976"">TripAdvisor</a>","<a href=""https://untappd.com/brewery/3800"">Untappd</a>"
2017,Specialty/Experimental Cider or Perry,The Hills Cider Company,The Hills Cider Company Hop Edition,🥈 Silver,85,Active,South Australia,Australia,,"<a href=""https://www.facebook.com/thehillscidercompany"">Facebook</a>","<a href=""https://www.instagram.com/thehillscidercompany/"">Instagram</a>","<a href=""https://maps.google.com/?cid=40048064327732560"">Google</a>",,,"<a href=""https://untappd.com/thehillscidercompany"">Untappd</a>"
2017,Specialty/Experimental Cider or Perry,Pure Peninsula Honey,Manuka Honey Cider,🥉 Bronze,82,Active,Victoria,Australia,"<a href=""https://purepeninsulahoney.com.au/"">Website</a>","<a href=""https://www.facebook.com/purepeninsulahoney"">Facebook</a>","<a href=""https://www.instagram.com/purepeninsulahoney/"">Instagram</a>","<a href=""https://maps.google.com/?cid=2932326746558972212"">Google</a>",,"<a href=""https://www.tripadvisor.com/Attraction_Review-g1773630-d8382184"">TripAdvisor</a>","<a href=""https://untappd.com/w/pure-peninsula-honey/171274"">Untappd</a>"
2017,Specialty/Experimental Cider or Perry,Sydney Brewery,Agave Ginger Cider,🥉 Bronze,82,Active,New South Wales,Australia,"<a href=""https://sydneybrewery.com/"">Website</a>","<a href=""https://www.facebook.com/SydneyBrewery/"">Facebook</a>","<a href=""https://www.instagram.com/sydneybrewery/"">Instagram</a>","<a href=""https://maps.google.com/?cid=6674617705014025022"">Google</a>",,"<a href=""https://www.tripadvisor.com/Restaurant_Review-g23197656-d15602287"">TripAdvisor</a>","<a href=""https://untappd.com/SydneyBrewhouse"">Untappd</a>"
2017,Specialty/Experimental Cider or Perry,Pure Peninsula Honey,Sparkling Honeymoon,🥉 Bronze,80,Active,Victoria,Australia,"<a href=""https://purepeninsulahoney.com.au/"">Website</a>","<a href=""https://www.facebook.com/purepeninsulahoney"">Facebook</a>","<a href=""https://www.instagram.com/purepeninsulahoney/"">Instagram</a>","<a href=""https://maps.google.com/?cid=2932326746558972212"">Google</a>",,"<a href=""https://www.tripadvisor.com/Attraction_Review-g1773630-d8382184"">TripAdvisor</a>","<a href=""https://untappd.com/w/pure-peninsula-honey/171274"">Untappd</a>"
2017,Specialty/Experimental Cider or Perry,Core Cider,CORE Fusion,🥉 Bronze,79,Active,Western Australia,Australia,"<a href=""https://corecider.com.au/"">Website</a>","<a href=""https://www.facebook.com/pages/The-CORE-Cider-House/193269374050973"">Facebook</a>","<a href=""https://www.instagram.com/coreciderhouse/"">Instagram</a>","<a href=""https://maps.google.com/?cid=9482101079872958147"">Google</a>","<a href=""https://www.yelp.com/biz/core-cider-pickering-brook-3"">Yelp</a>","<a href=""https://www.tripadvisor.com/Restaurant_Review-g804216-d3191966"">TripAdvisor</a>","<a href=""https://untappd.com/w/core-cider-house/90179"">Untappd</a>"
2017,Specialty/Experimental Cider or Perry,Funk Cider,Sex Machine,🥉 Bronze,78,Active,Western Australia,Australia,"<a href=""https://funkdrinks.co/"">Website</a>","<a href=""https://www.facebook.com/funkdrinksco"">Facebook</a>","<a href=""https://www.instagram.com/funkdrinksco/"">Instagram</a>","<a href=""https://maps.google.com/?cid=12976653066917509642"">Google</a>",,,"<a href=""https://untappd.com/FunkCider"">Untappd</a>"
2017,Apple and Pear Blends,Lobo Cider,LOBO Apple & Pear,🥈 Silver,86,Active,South Australia,Australia,"<a href=""https://www.lobocider.com.au/"">Website</a>","<a href=""https://www.facebook.com/LOBOcider/"">Facebook</a>","<a href=""https://www.instagram.com/lobocider"">Instagram</a>",,,,"<a href=""https://untappd.com/brewery/8446"">Untappd</a>"
2017,Apple and Pear Blends,Barossa Cider Co.,Cloudy Cider,🥈 Silver,85,Active,South Australia,Australia,"<a href=""https://barossavalleyciderco.com/"">Website</a>","<a href=""https://www.facebook.com/barossacider/"">Facebook</a>","<a href=""https://www.instagram.com/barossacider.co/"">Instagram</a>",,,,"<a href=""https://untappd.com/TheBarossaValleyCiderCo"">Untappd</a>"
2017,Apple and Pear Blends,Napoleone Cider,Apple W Pear Cider,🥉 Bronze,83,Active,Victoria,Australia,"<a href=""https://napoleone.com.au/"">Website</a>","<a href=""https://www.facebook.com/napoleoneorchardbar"">Facebook</a>","<a href=""https://www.instagram.com/napoleonecider"">Instagram</a>","<a href=""https://maps.google.com/?cid=3472985488113617215"">Google</a>","<a href=""https://www.yelp.com/biz/napoleone-brewery-and-ciderhouse-coldstream"">Yelp</a>","<a href=""https://www.tripadvisor.com/Attraction_Review-g1205102-d7980976"">TripAdvisor</a>","<a href=""https://untappd.com/brewery/3800"">Untappd</a>"
2017,Apple and Pear Blends,Batlow Cider Co.,Batlow OPA Cider,🥉 Bronze,82,Active,New South Wales,Australia,"<a href=""https://www.batlowcider.com.au/"">Website</a>","<a href=""https://www.facebook.com/batlowcider"">Facebook</a>","<a href=""https://www.instagram.com/batlowcider/"">Instagram</a>",,,,"<a href=""https://untappd.com/brewery/16618"">Untappd</a>"
2017,Cider or Perry with Fruit,The Hills Cider Company,The Hills Cider Company Apple Ginger,🥈 Silver,85,Active,South Australia,Australia,,"<a href=""https://www.facebook.com/thehillscidercompany"">Facebook</a>","<a href=""https://www.instagram.com/thehillscidercompany/"">Instagram</a>","<a href=""https://maps.google.com/?cid=40048064327732560"">Google</a>",,,"<a href=""https://untappd.com/thehillscidercompany"">Untappd</a>"
2017,Cider or Perry with Fruit,The Hills Cider Company,The Hills Cider Company Apple Pomegranate,🥉 Bronze,84,Active,South Australia,Australia,,"<a href=""https://www.facebook.com/thehillscidercompany"">Facebook</a>","<a href=""https://www.instagram.com/thehillscidercompany/"">Instagram</a>","<a href=""https://maps.google.com/?cid=40048064327732560"">Google</a>",,,"<a href=""https://untappd.com/thehillscidercompany"">Untappd</a>"
2017,Cider or Perry with Fruit,Frank's Cider,Frank's Raspberry Pear Cider,🥉 Bronze,80,Active,Tasmania,Australia,"<a href=""https://www.frankscider.com.au/"">Website</a>","<a href=""https://www.facebook.com/FranksCider"">Facebook</a>","<a href=""https://www.instagram.com/frankscider/"">Instagram</a>","<a href=""https://maps.google.com/?cid=12281895632138757991"">Google</a>","<a href=""https://www.yelp.com/biz/franks-cider-bar-and-cafe-franklin"">Yelp</a>","<a href=""https://www.tripadvisor.com/Restaurant_Review-g504298-d7270183"">TripAdvisor</a>","<a href=""https://untappd.com/brewery/66943"">Untappd</a>"
2017,Ice Cider or Perry,Small Acres Cyder,Small Acres Cyder 2015 Pomona Ice,🥈 Silver,86,Active,New South Wales,Australia,"<a href=""https://www.smallacrescyder.com.au/"">Website</a>","<a href=""https://www.facebook.com/SmallAcresCyder"">Facebook</a>","<a href=""https://www.instagram.com/smallacrescyder"">Instagram</a>","<a href=""https://maps.google.com/?cid=1497457670374953580"">Google</a>",,"<a href=""https://www.tripadvisor.com/Attraction_Review-g2642455-d5991203"">TripAdvisor</a>","<a href=""https://untappd.com/brewery/14584"">Untappd</a>"
2017,Pommeau,Small Acres Cyder,Small Acres Cyder 2010 Pommeau,🥈 Silver,85,Active,New South Wales,Australia,"<a href=""https://www.smallacrescyder.com.au/"">Website</a>","<a href=""https://www.facebook.com/SmallAcresCyder"">Facebook</a>","<a href=""https://www.instagram.com/smallacrescyder"">Instagram</a>","<a href=""https://maps.google.com/?cid=1497457670374953580"">Google</a>",,"<a href=""https://www.tripadvisor.com/Attraction_Review-g2642455-d5991203"">TripAdvisor</a>","<a href=""https://untappd.com/brewery/14584"">Untappd</a>"
2017,Pommeau,Henry of Harcourt,GDel,🥉 Bronze,81,Active,Victoria,Australia,"<a href=""https://henrycider.com/"">Website</a>","<a href=""https://www.facebook.com/henrycider/"">Facebook</a>","<a href=""https://www.instagram.com/henrycider/"">Instagram</a>","<a href=""https://maps.google.com/?cid=8940355932051611367"">Google</a>",,"<a href=""https://www.tripadvisor.com/Attraction_Review-g552178-d8783234"">TripAdvisor</a>","<a href=""https://untappd.com/w/henry-of-harcourt/5374"">Untappd</a>"
2017,Apple or Pear Spirit,The Hills Cider Company,Adelaide Hills Distillery Virgin Apple Spirit,🥈 Silver,86,Active,South Australia,Australia,,"<a href=""https://www.facebook.com/thehillscidercompany"">Facebook</a>","<a href=""https://www.instagram.com/thehillscidercompany/"">Instagram</a>","<a href=""https://maps.google.com/?cid=40048064327732560"">Google</a>",,,"<a href=""https://untappd.com/thehillscidercompany"">Untappd</a>"
2017,Apple or Pear Spirit,Kellybrook Winery,Apple Brandy,🥈 Silver,85,Active,Victoria,Australia,"<a href=""https://www.kellybrookwinery.com.au/"">Website</a>","<a href=""https://www.facebook.com/kellybrookwinery"">Facebook</a>","<a href=""https://www.instagram.com/kellybrookwinery"">Instagram</a>","<a href=""https://maps.google.com/?cid=11638840488142948775"">Google</a>","<a href=""https://www.yelp.com/biz/kellybrook-winery-wonga-park-3"">Yelp</a>","<a href=""https://www.tripadvisor.com/Attraction_Review-g1982951-d21063415"">TripAdvisor</a>","<a href=""https://untappd.com/w/kellybrook-winery/306274"">Untappd</a>"
2017,Apple or Pear Spirit,Captain Bligh's,"Rumple ",🥉 Bronze,84,Inactive,Tasmania,Australia,,,,,,,
2017,Apple or Pear Spirit,Willie Smith's,Charles Oates Apple Blanco,🥉 Bronze,84,Active,Tasmania,Australia,"<a href=""https://www.williesmiths.com.au/"">Website</a>","<a href=""https://www.facebook.com/pages/Willie-Smiths-Organic-Cider/260319247336198"">Facebook</a>","<a href=""https://www.instagram.com/williesmithscider/"">Instagram</a>","<a href=""https://maps.google.com/?cid=16057012530083496420"">Google</a>","<a href=""https://www.yelp.com/biz/willie-smith-s-apple-shed-grove"">Yelp</a>","<a href=""https://www.tripadvisor.com/Restaurant_Review-g1175547-d7911074"">TripAdvisor</a>","<a href=""https://untappd.com/WilliamSmithandSons"">Untappd</a>"
2017,Apple or Pear Spirit,Willie Smith's,Fine Apple Brandy,🥉 Bronze,84,Active,Tasmania,Australia,"<a href=""https://www.williesmiths.com.au/"">Website</a>","<a href=""https://www.facebook.com/pages/Willie-Smiths-Organic-Cider/260319247336198"">Facebook</a>","<a href=""https://www.instagram.com/williesmithscider/"">Instagram</a>","<a href=""https://maps.google.com/?cid=16057012530083496420"">Google</a>","<a href=""https://www.yelp.com/biz/willie-smith-s-apple-shed-grove"">Yelp</a>","<a href=""https://www.tripadvisor.com/Restaurant_Review-g1175547-d7911074"">TripAdvisor</a>","<a href=""https://untappd.com/WilliamSmithandSons"">Untappd</a>"
2017,Apple or Pear Spirit,Lobo Cider,LOBO Apfel,🥉 Bronze,84,Active,South Australia,Australia,"<a href=""https://www.lobocider.com.au/"">Website</a>","<a href=""https://www.facebook.com/LOBOcider/"">Facebook</a>","<a href=""https://www.instagram.com/lobocider"">Instagram</a>",,,,"<a href=""https://untappd.com/brewery/8446"">Untappd</a>"
2017,Apple or Pear Spirit,Lobo Cider,LOBO Lobodos,🥉 Bronze,80,Active,South Australia,Australia,"<a href=""https://www.lobocider.com.au/"">Website</a>","<a href=""https://www.facebook.com/LOBOcider/"">Facebook</a>","<a href=""https://www.instagram.com/lobocider"">Instagram</a>",,,,"<a href=""https://untappd.com/brewery/8446"">Untappd</a>"
2017,Apple or Pear Spirit,Spreyton Cider Co.,Apple Schnapps,🥉 Bronze,80,Active,Tasmania,Australia,"<a href=""https://www.spreytonciderco.com.au/"">Website</a>","<a href=""https://www.facebook.com/SpreytonCiderCo"">Facebook</a>","<a href=""https://www.instagram.com/spreytonciderco/"">Instagram</a>","<a href=""https://maps.google.com/?cid=4719454766033276507"">Google</a>","<a href=""https://www.yelp.com/biz/spreyton-cider-co-spreyton-2"">Yelp</a>","<a href=""https://www.tripadvisor.com/Attraction_Review-g504292-d3738226"">TripAdvisor</a>","<a href=""https://untappd.com/SpreytonCiderCo"">Untappd</a>"
2018,New World Dry Cider,3 Sons Cider,Pink Lady,🥈 Silver,90,Active,Australian Capital Territory,Australia,"<a href=""http://www.3sonscider.com.au/"">Website</a>","<a href=""https://www.facebook.com/3SonsCider/"">Facebook</a>","<a href=""https://www.instagram.com/3sonscider/"">Instagram</a>","<a href=""https://maps.google.com/?cid=16285596579467432961"">Google</a>",,,"<a href=""https://untappd.com/3sonscider"">Untappd</a>"
2018,New World Dry Cider,Runamuk Cider Co,The Scoundrel,🥈 Silver,88,Active,Western Australia,Australia,"<a href=""https://runamukciderco.com.au/"">Website</a>","<a href=""https://www.facebook.com/RunamukCiderCo/"">Facebook</a>","<a href=""https://www.instagram.com/runamukciderco/"">Instagram</a>",,,,"<a href=""https://untappd.com/w/runamuk-cider-co/430598"">Untappd</a>"
2018,New World Dry Cider,Incy Wincy Cyder,X3 - 2016,🥈 Silver,86,Active,New South Wales,Australia,"<a href=""https://www.incywincycyder.com/"">Website</a>","<a href=""https://www.facebook.com/incywincycyder/"">Facebook</a>","<a href=""https://www.instagram.com/incywincycyder_orange"">Instagram</a>",,,,"<a href=""https://untappd.com/w/incy-wincy-cyder/413318"">Untappd</a>"
2018,New World Dry Cider,Sutton's Juice Factory,Draught Cider,🥉 Bronze,84,Active,Queensland,Australia,"<a href=""https://suttonsfarm.com.au/"">Website</a>","<a href=""https://www.facebook.com/suttonsjuiceandcider/"">Facebook</a>","<a href=""https://www.instagram.com/suttonsfarm/"">Instagram</a>","<a href=""https://maps.google.com/?cid=17202902084953727843"">Google</a>",,"<a href=""https://www.tripadvisor.com/Attraction_Review-g3666083-d1743635"">TripAdvisor</a>","<a href=""https://untappd.com/w/suttons-farm/169154"">Untappd</a>"
2018,New World Dry Cider,Incy Wincy Cyder,Vat Of 9 Tails (VNT) 2017,🥉 Bronze,83,Active,New South Wales,Australia,"<a href=""https://www.incywincycyder.com/"">Website</a>","<a href=""https://www.facebook.com/incywincycyder/"">Facebook</a>","<a href=""https://www.instagram.com/incywincycyder_orange"">Instagram</a>",,,,"<a href=""https://untappd.com/w/incy-wincy-cyder/413318"">Untappd</a>"
2018,New World Dry Cider,Granite Belt Cider Company,"Twisted Branch ",🥉 Bronze,82,Inactive,Queensland,Australia,,,,,,,
2018,New World Dry Cider,Bilpin Cider,Bilpin Archibald Extra Brut,🥉 Bronze,80,Active,New South Wales,Australia,"<a href=""https://bilpincider.com/"">Website</a>","<a href=""https://www.facebook.com/bilpincider"">Facebook</a>","<a href=""https://www.instagram.com/bilpincider/"">Instagram</a>","<a href=""https://maps.google.com/?cid=1982319036704250930"">Google</a>",,"<a href=""https://www.tripadvisor.com/Attraction_Review-g1093762-d10065632"">TripAdvisor</a>","<a href=""https://untappd.com/brewery/18734"">Untappd</a>"
2018,New World Dry Cider,Incy Wincy Cyder,Wild 2017,🥉 Bronze,80,Active,New South Wales,Australia,"<a href=""https://www.incywincycyder.com/"">Website</a>","<a href=""https://www.facebook.com/incywincycyder/"">Facebook</a>","<a href=""https://www.instagram.com/incywincycyder_orange"">Instagram</a>",,,,"<a href=""https://untappd.com/w/incy-wincy-cyder/413318"">Untappd</a>"
2018,New World Dry Cider,Willie Smith's,Willie Smith's Bone Dry Cider,🥉 Bronze,80,Active,Tasmania,Australia,"<a href=""https://www.williesmiths.com.au/"">Website</a>","<a href=""https://www.facebook.com/pages/Willie-Smiths-Organic-Cider/260319247336198"">Facebook</a>","<a href=""https://www.instagram.com/williesmithscider/"">Instagram</a>","<a href=""https://maps.google.com/?cid=16057012530083496420"">Google</a>","<a href=""https://www.yelp.com/biz/willie-smith-s-apple-shed-grove"">Yelp</a>","<a href=""https://www.tripadvisor.com/Restaurant_Review-g1175547-d7911074"">TripAdvisor</a>","<a href=""https://untappd.com/WilliamSmithandSons"">Untappd</a>"
2018,New World Dry Cider,Sunshine Coast Cider,Bottle Fermented,🥉 Bronze,79,Active,Queensland,Australia,"<a href=""https://www.sunshinecoastcider.com.au/"">Website</a>","<a href=""https://www.facebook.com/sunshinecoastcider/"">Facebook</a>","<a href=""https://www.instagram.com/sunshinecoastcider/"">Instagram</a>","<a href=""https://maps.google.com/?cid=10163774916123498605"">Google</a>",,"<a href=""https://www.tripadvisor.com/Attraction_Review-g7815622-d21508891"">TripAdvisor</a>","<a href=""https://untappd.com/SunshineCoastCider"">Untappd</a>"
2018,New World Dry Cider,Incy Wincy Cyder,The Hunstman - 2017,🥉 Bronze,78,Active,New South Wales,Australia,"<a href=""https://www.incywincycyder.com/"">Website</a>","<a href=""https://www.facebook.com/incywincycyder/"">Facebook</a>","<a href=""https://www.instagram.com/incywincycyder_orange"">Instagram</a>",,,,"<a href=""https://untappd.com/w/incy-wincy-cyder/413318"">Untappd</a>"
2018,New World Dry Cider,Surges Bay Orchard,Sturmer Pippin,🥉 Bronze,78,Inactive,Tasmania,Australia,,,,,,,
2018,New World Medium Cider,Westons Cider,Caple Road,🥇 Gold,94,Active,Herefordshire,England,"<a href=""https://www.westons-cider.co.uk/"">Website</a>","<a href=""https://www.facebook.com/WestonsCiderMill"">Facebook</a>","<a href=""https://www.instagram.com/westonscider/"">Instagram</a>","<a href=""https://maps.google.com/?cid=11779156514256391794"">Google</a>",,"<a href=""https://www.tripadvisor.com/Attraction_Review-g186303-d218508"">TripAdvisor</a>","<a href=""https://untappd.com/brewery/6135"">Untappd</a>"
2018,New World Medium Cider,Westons Cider,Old Rosie,🥇 Gold,92.5,Active,Herefordshire,England,"<a href=""https://www.westons-cider.co.uk/"">Website</a>","<a href=""https://www.facebook.com/WestonsCiderMill"">Facebook</a>","<a href=""https://www.instagram.com/westonscider/"">Instagram</a>","<a href=""https://maps.google.com/?cid=11779156514256391794"">Google</a>",,"<a href=""https://www.tripadvisor.com/Attraction_Review-g186303-d218508"">TripAdvisor</a>","<a href=""https://untappd.com/brewery/6135"">Untappd</a>"
2018,New World Medium Cider,Willie Smith's,Willie Smith's Organic Cider,🥇 Gold,92.5,Active,Tasmania,Australia,"<a href=""https://www.williesmiths.com.au/"">Website</a>","<a href=""https://www.facebook.com/pages/Willie-Smiths-Organic-Cider/260319247336198"">Facebook</a>","<a href=""https://www.instagram.com/williesmithscider/"">Instagram</a>","<a href=""https://maps.google.com/?cid=16057012530083496420"">Google</a>","<a href=""https://www.yelp.com/biz/willie-smith-s-apple-shed-grove"">Yelp</a>","<a href=""https://www.tripadvisor.com/Restaurant_Review-g1175547-d7911074"">TripAdvisor</a>","<a href=""https://untappd.com/WilliamSmithandSons"">Untappd</a>"
2018,New World Medium Cider,Flying Brick Cider,Draught Cider,🥈 Silver,90,Active,Victoria,Australia,"<a href=""https://flyingbrickciderco.com.au/"">Website</a>","<a href=""https://www.facebook.com/flyingbrickciderco"">Facebook</a>","<a href=""https://www.instagram.com/flyingbrickciderco/"">Instagram</a>","<a href=""https://maps.google.com/?cid=413601929230884265"">Google</a>","<a href=""https://www.yelp.com/biz/flying-brick-cider-co-wallington-2"">Yelp</a>","<a href=""https://www.tripadvisor.com/Restaurant_Review-g1937720-d7332877"">TripAdvisor</a>","<a href=""https://untappd.com/brewery/33883"">Untappd</a>"
2018,New World Medium Cider,Granite Belt Cider Company,Treehouse Cider,🥈 Silver,90,Inactive,Queensland,Australia,,,,,,,
2018,New World Medium Cider,Small Acres Cyder,Small Acres Pomme,🥈 Silver,90,Active,New South Wales,Australia,"<a href=""https://www.smallacrescyder.com.au/"">Website</a>","<a href=""https://www.facebook.com/SmallAcresCyder"">Facebook</a>","<a href=""https://www.instagram.com/smallacrescyder"">Instagram</a>","<a href=""https://maps.google.com/?cid=1497457670374953580"">Google</a>",,"<a href=""https://www.tripadvisor.com/Attraction_Review-g2642455-d5991203"">TripAdvisor</a>","<a href=""https://untappd.com/brewery/14584"">Untappd</a>"
2018,New World Medium Cider,Borrodell Vineyard,Comrade 2017,🥈 Silver,88,Active,New South Wales,Australia,"<a href=""https://www.borrodell.com.au/"">Website</a>","<a href=""https://www.facebook.com/BorrodellVineyard/"">Facebook</a>","<a href=""https://www.instagram.com/borrodell_vineyard/"">Instagram</a>","<a href=""https://maps.google.com/?cid=9113164481963775697"">Google</a>",,"<a href=""https://www.tripadvisor.com/Attraction_Review-g255326-d4469466"">TripAdvisor</a>","<a href=""https://untappd.com/w/borrodell-vineyard/42488"">Untappd</a>"
2018,New World Medium Cider,Sunshine Coast Cider,Sunshine Cider,🥈 Silver,88,Active,Queensland,Australia,"<a href=""https://www.sunshinecoastcider.com.au/"">Website</a>","<a href=""https://www.facebook.com/sunshinecoastcider/"">Facebook</a>","<a href=""https://www.instagram.com/sunshinecoastcider/"">Instagram</a>","<a href=""https://maps.google.com/?cid=10163774916123498605"">Google</a>",,"<a href=""https://www.tripadvisor.com/Attraction_Review-g7815622-d21508891"">TripAdvisor</a>","<a href=""https://untappd.com/SunshineCoastCider"">Untappd</a>"
2018,New World Medium Cider,Magners,Magners Original,🥈 Silver,86,Active,Tipperary,Ireland,"<a href=""https://magners.co.uk/"">Website</a>","<a href=""https://www.facebook.com/magnerscider"">Facebook</a>","<a href=""https://www.instagram.com/magnersuk"">Instagram</a>","<a href=""https://maps.google.com/?cid=13030775149028298606"">Google</a>",,,"<a href=""https://untappd.com/MagnersCider"">Untappd</a>"
2018,New World Medium Cider,Cheeky Tiki Cider,Cheeky Tiki -  Dry Apple Cider,🥈 Silver,85,Active,Queensland,Australia,"<a href=""https://www.ohanawinery.com.au/"">Website</a>","<a href=""https://www.facebook.com/OhanaWinery"">Facebook</a>","<a href=""https://www.instagram.com/cheekytikicider/"">Instagram</a>",,,"<a href=""https://www.tripadvisor.com/Attraction_Review-g255334-d15052083"">TripAdvisor</a>","<a href=""https://untappd.com/CheekyTiki"">Untappd</a>"
2018,New World Medium Cider,Harcourt Perry & Cider Makers,Harcourt Dry Cider,🥈 Silver,85,Active,Victoria,Australia,"<a href=""https://harcourtcider.com.au/"">Website</a>","<a href=""https://www.facebook.com/HarcourtCider/"">Facebook</a>","<a href=""https://www.instagram.com/harcourtcider/"">Instagram</a>","<a href=""https://maps.google.com/?cid=8775592475109844928"">Google</a>",,,"<a href=""https://untappd.com/w/harcourt-perry-cider-makers/429734"">Untappd</a>"
2018,New World Medium Cider,The Apple Thief,Limited Release Cider (Keg Only),🥈 Silver,84.5,Active,New South Wales,Australia,"<a href=""https://theapplethief.com.au/"">Website</a>","<a href=""https://www.facebook.com/TheAppleThiefCiders/"">Facebook</a>","<a href=""https://www.instagram.com/theapplethiefciders/"">Instagram</a>","<a href=""https://maps.google.com/?cid=4762631239680624675"">Google</a>",,,"<a href=""https://untappd.com/brewery/21796"">Untappd</a>"
2018,New World Medium Cider,Westons Cider,Old Rosie Flagon,🥉 Bronze,83,Active,Herefordshire,England,"<a href=""https://www.westons-cider.co.uk/"">Website</a>","<a href=""https://www.facebook.com/WestonsCiderMill"">Facebook</a>","<a href=""https://www.instagram.com/westonscider/"">Instagram</a>","<a href=""https://maps.google.com/?cid=11779156514256391794"">Google</a>",,"<a href=""https://www.tripadvisor.com/Attraction_Review-g186303-d218508"">TripAdvisor</a>","<a href=""https://untappd.com/brewery/6135"">Untappd</a>"
2018,New World Medium Cider,Hillbilly Cider,Scrumpy,🥉 Bronze,81,Active,New South Wales,Australia,"<a href=""https://hillbillycider.com.au/"">Website</a>","<a href=""https://www.facebook.com/HillbillyCider/"">Facebook</a>","<a href=""https://www.instagram.com/hillbillycider/"">Instagram</a>","<a href=""https://maps.google.com/?cid=904695025997043027"">Google</a>",,"<a href=""https://www.tripadvisor.com/Attraction_Review-g1093762-d12290596"">TripAdvisor</a>","<a href=""https://untappd.com/w/hillbilly-harvest-co/44163"">Untappd</a>"
2018,New World Medium Cider,Batlow Cider Co.,Batlow Premium Cider,🥉 Bronze,80,Active,New South Wales,Australia,"<a href=""https://www.batlowcider.com.au/"">Website</a>","<a href=""https://www.facebook.com/batlowcider"">Facebook</a>","<a href=""https://www.instagram.com/batlowcider/"">Instagram</a>",,,,"<a href=""https://untappd.com/brewery/16618"">Untappd</a>"
2018,New World Medium Cider,Bilpin Cider,Bilpin Archibald Cloudy Cider,🥉 Bronze,80,Active,New South Wales,Australia,"<a href=""https://bilpincider.com/"">Website</a>","<a href=""https://www.facebook.com/bilpincider"">Facebook</a>","<a href=""https://www.instagram.com/bilpincider/"">Instagram</a>","<a href=""https://maps.google.com/?cid=1982319036704250930"">Google</a>",,"<a href=""https://www.tripadvisor.com/Attraction_Review-g1093762-d10065632"">TripAdvisor</a>","<a href=""https://untappd.com/brewery/18734"">Untappd</a>"
2018,New World Medium Cider,Monteith's Brewing Co.,Goldsmiths Cider,🥉 Bronze,79,Active,West Coast,New Zealand,"<a href=""https://www.thebrewery.co.nz/"">Website</a>","<a href=""https://www.facebook.com/monteithsbrewery"">Facebook</a>","<a href=""https://www.instagram.com/monteithsbrewery1868"">Instagram</a>","<a href=""https://maps.google.com/?cid=13339274588774573493"">Google</a>","<a href=""https://www.yelp.com/biz/monteiths-brewing-co-greymouth"">Yelp</a>","<a href=""https://www.tripadvisor.com/Attraction_Review-g255372-d1007467"">TripAdvisor</a>","<a href=""https://untappd.com/MonteithsBrewingCo"">Untappd</a>"
2018,New World Medium Cider,Faire Ferments,Co-Op Orchard Blend,🥉 Bronze,78,Inactive,Victoria,Australia,,,,,,,
2018,New World Medium Cider,Fils de Pomme,Le Sauvage,🥉 Bronze,78,Active,Île-de-France,France,"<a href=""https://fils-de-pomme.com/"">Website</a>","<a href=""https://www.facebook.com/filsdepomme"">Facebook</a>","<a href=""https://www.instagram.com/filsdepomme/"">Instagram</a>","<a href=""https://maps.google.com/?cid=8093403779791398976"">Google</a>",,,"<a href=""https://untappd.com/w/fils-de-pa-mme/335627"">Untappd</a>"
2018,New World Medium Cider,Hansen Tasmania,Hansen Tasmania Apple Cider 330ml,🥉 Bronze,78,Inactive,Tasmania,Australia,,,,,,,
2018,New World Medium Cider,Runamuk Cider Co,"The Grifter ",🥉 Bronze,78,Active,Western Australia,Australia,"<a href=""https://runamukciderco.com.au/"">Website</a>","<a href=""https://www.facebook.com/RunamukCiderCo/"">Facebook</a>","<a href=""https://www.instagram.com/runamukciderco/"">Instagram</a>",,,,"<a href=""https://untappd.com/w/runamuk-cider-co/430598"">Untappd</a>"
2018,New World Medium Cider,Sidewood Estate,Sidewood Apple Cider,🥉 Bronze,78,Active,South Australia,Australia,"<a href=""https://sidewood.com.au/"">Website</a>","<a href=""https://www.facebook.com/SidewoodEstate/"">Facebook</a>","<a href=""https://www.instagram.com/sidewoodestate/"">Instagram</a>","<a href=""https://maps.google.com/?cid=16006910239256404559"">Google</a>",,"<a href=""https://www.tripadvisor.com.au/Attraction_Review-g499710-d19238424"">TripAdvisor</a>","<a href=""https://untappd.com/w/sidewood-estate/118552"">Untappd</a>"
2018,New World Medium Cider,Lobo Cider,LOBO Cloudy Apple,🥉 Bronze,77.5,Active,South Australia,Australia,"<a href=""https://www.lobocider.com.au/"">Website</a>","<a href=""https://www.facebook.com/LOBOcider/"">Facebook</a>","<a href=""https://www.instagram.com/lobocider"">Instagram</a>",,,,"<a href=""https://untappd.com/brewery/8446"">Untappd</a>"
2018,New World Medium Cider,Grand Ridge Brewery,Twisted Sister Apple Cider,🥉 Bronze,77.5,Active,Victoria,Australia,,"<a href=""https://www.facebook.com/grandridgebrewery"">Facebook</a>","<a href=""https://www.instagram.com/grandridgebeer/"">Instagram</a>","<a href=""https://maps.google.com/?cid=8403918293255045179"">Google</a>","<a href=""https://www.yelp.com/biz/grand-ridge-brewery-mirboo-north-2"">Yelp</a>","<a href=""https://www.tripadvisor.com/Restaurant_Review-g552213-d4791367"">TripAdvisor</a>","<a href=""https://untappd.com/GrandRidgeBrewery"">Untappd</a>"
2018,New World Medium Sweet Cider,Napoleone Cider,Apple Cider,🥈 Silver,92,Active,Victoria,Australia,"<a href=""https://napoleone.com.au/"">Website</a>","<a href=""https://www.facebook.com/napoleoneorchardbar"">Facebook</a>","<a href=""https://www.instagram.com/napoleonecider"">Instagram</a>","<a href=""https://maps.google.com/?cid=3472985488113617215"">Google</a>","<a href=""https://www.yelp.com/biz/napoleone-brewery-and-ciderhouse-coldstream"">Yelp</a>","<a href=""https://www.tripadvisor.com/Attraction_Review-g1205102-d7980976"">TripAdvisor</a>","<a href=""https://untappd.com/brewery/3800"">Untappd</a>"
2018,New World Medium Sweet Cider,Barossa Cider Co.,Squashed Apple Cider,🥈 Silver,91,Active,South Australia,Australia,"<a href=""https://barossavalleyciderco.com/"">Website</a>","<a href=""https://www.facebook.com/barossacider/"">Facebook</a>","<a href=""https://www.instagram.com/barossacider.co/"">Instagram</a>",,,,"<a href=""https://untappd.com/TheBarossaValleyCiderCo"">Untappd</a>"
2018,New World Medium Sweet Cider,Pressman's Cider,Pressman's Australian Apple Cider,🥈 Silver,87,Active,New South Wales,Australia,,"<a href=""https://www.facebook.com/pressmans"">Facebook</a>","<a href=""https://www.instagram.com/pressmans_cider/"">Instagram</a>",,,,"<a href=""https://untappd.com/b/australian-beer-co-pressman-s-cider/544529"">Untappd</a>"
2018,New World Medium Sweet Cider,Sydney Brewery,Sydney Cider,🥈 Silver,86,Active,New South Wales,Australia,"<a href=""https://sydneybrewery.com/"">Website</a>","<a href=""https://www.facebook.com/SydneyBrewery/"">Facebook</a>","<a href=""https://www.instagram.com/sydneybrewery/"">Instagram</a>","<a href=""https://maps.google.com/?cid=6674617705014025022"">Google</a>",,"<a href=""https://www.tripadvisor.com/Restaurant_Review-g23197656-d15602287"">TripAdvisor</a>","<a href=""https://untappd.com/SydneyBrewhouse"">Untappd</a>"
2018,New World Medium Sweet Cider,Core Cider,Melt Down,🥈 Silver,85,Active,Western Australia,Australia,"<a href=""https://corecider.com.au/"">Website</a>","<a href=""https://www.facebook.com/pages/The-CORE-Cider-House/193269374050973"">Facebook</a>","<a href=""https://www.instagram.com/coreciderhouse/"">Instagram</a>","<a href=""https://maps.google.com/?cid=9482101079872958147"">Google</a>","<a href=""https://www.yelp.com/biz/core-cider-pickering-brook-3"">Yelp</a>","<a href=""https://www.tripadvisor.com/Restaurant_Review-g804216-d3191966"">TripAdvisor</a>","<a href=""https://untappd.com/w/core-cider-house/90179"">Untappd</a>"
2018,New World Medium Sweet Cider,Spreyton Cider Co.,Apple Cider,🥈 Silver,85,Active,Tasmania,Australia,"<a href=""https://www.spreytonciderco.com.au/"">Website</a>","<a href=""https://www.facebook.com/SpreytonCiderCo"">Facebook</a>","<a href=""https://www.instagram.com/spreytonciderco/"">Instagram</a>","<a href=""https://maps.google.com/?cid=4719454766033276507"">Google</a>","<a href=""https://www.yelp.com/biz/spreyton-cider-co-spreyton-2"">Yelp</a>","<a href=""https://www.tripadvisor.com/Attraction_Review-g504292-d3738226"">TripAdvisor</a>","<a href=""https://untappd.com/SpreytonCiderCo"">Untappd</a>"
2018,New World Medium Sweet Cider,The Apple Thief,"Pink Lady Cider ",🥉 Bronze,84,Active,New South Wales,Australia,"<a href=""https://theapplethief.com.au/"">Website</a>","<a href=""https://www.facebook.com/TheAppleThiefCiders/"">Facebook</a>","<a href=""https://www.instagram.com/theapplethiefciders/"">Instagram</a>","<a href=""https://maps.google.com/?cid=4762631239680624675"">Google</a>",,,"<a href=""https://untappd.com/brewery/21796"">Untappd</a>"
2018,New World Medium Sweet Cider,Westons Cider,Mortimers Orchard English Apple,🥉 Bronze,84,Active,Herefordshire,England,"<a href=""https://www.westons-cider.co.uk/"">Website</a>","<a href=""https://www.facebook.com/WestonsCiderMill"">Facebook</a>","<a href=""https://www.instagram.com/westonscider/"">Instagram</a>","<a href=""https://maps.google.com/?cid=11779156514256391794"">Google</a>",,"<a href=""https://www.tripadvisor.com/Attraction_Review-g186303-d218508"">TripAdvisor</a>","<a href=""https://untappd.com/brewery/6135"">Untappd</a>"
2018,New World Medium Sweet Cider,Patrick of Coonawarra,Applelation Cider,🥉 Bronze,83,Inactive,South Australia,Australia,,,,,,,
2018,New World Medium Sweet Cider,Kaiju! Beer,Golden Axe Cider 375mL,🥉 Bronze,83,Active,Victoria,Australia,"<a href=""https://kaijubeer.com.au/"">Website</a>","<a href=""https://www.facebook.com/KaijuBeer.au"">Facebook</a>","<a href=""https://www.instagram.com/kaijubeer"">Instagram</a>","<a href=""https://maps.google.com/?cid=487547657947015054"">Google</a>",,"<a href=""https://www.tripadvisor.com/Restaurant_Review-g4379937-d26699553"">TripAdvisor</a>","<a href=""https://untappd.com/SouthEastBrewingCompanyPtyLtd"">Untappd</a>"
2018,New World Medium Sweet Cider,Jachmann Cider,Jachmann Pink Lady Apple Cider,🥉 Bronze,83,Active,South Australia,Australia,"<a href=""https://jachmann.com.au/"">Website</a>","<a href=""https://www.facebook.com/JachmannAppleCider"">Facebook</a>",,,,,"<a href=""https://untappd.com/w/jachmann-apple-co/201681"">Untappd</a>"
2018,New World Medium Sweet Cider,Mock Red Hill,Golden Cider,🥉 Bronze,83,Active,Victoria,Australia,"<a href=""https://www.mockredhill.com.au/"">Website</a>","<a href=""https://www.facebook.com/pages/Mock-Red-Hill/181240308586996"">Facebook</a>","<a href=""https://www.instagram.com/mockredhill/"">Instagram</a>","<a href=""https://maps.google.com/?cid=10552205982251777171"">Google</a>","<a href=""https://www.yelp.com/biz/mock-orchards-red-hill"">Yelp</a>","<a href=""https://www.tripadvisor.com/Restaurant_Review-g552249-d9793363"">TripAdvisor</a>","<a href=""https://untappd.com/brewery/28770"">Untappd</a>"
2018,New World Medium Sweet Cider,Pressman's Cider,Pressman's Australian Apple Cider Draught,🥉 Bronze,83,Active,New South Wales,Australia,,"<a href=""https://www.facebook.com/pressmans"">Facebook</a>","<a href=""https://www.instagram.com/pressmans_cider/"">Instagram</a>",,,,"<a href=""https://untappd.com/b/australian-beer-co-pressman-s-cider/544529"">Untappd</a>"
2018,New World Medium Sweet Cider,Small Acres Cyder,Small Acres Cyder 2016 Norfolk Still,🥉 Bronze,83,Active,New South Wales,Australia,"<a href=""https://www.smallacrescyder.com.au/"">Website</a>","<a href=""https://www.facebook.com/SmallAcresCyder"">Facebook</a>","<a href=""https://www.instagram.com/smallacrescyder"">Instagram</a>","<a href=""https://maps.google.com/?cid=1497457670374953580"">Google</a>",,"<a href=""https://www.tripadvisor.com/Attraction_Review-g2642455-d5991203"">TripAdvisor</a>","<a href=""https://untappd.com/brewery/14584"">Untappd</a>"
2018,New World Medium Sweet Cider,The Hills Cider Company,Cloudy Apple Cider,🥉 Bronze,83,Active,South Australia,Australia,,"<a href=""https://www.facebook.com/thehillscidercompany"">Facebook</a>","<a href=""https://www.instagram.com/thehillscidercompany/"">Instagram</a>","<a href=""https://maps.google.com/?cid=40048064327732560"">Google</a>",,,"<a href=""https://untappd.com/thehillscidercompany"">Untappd</a>"
2018,New World Medium Sweet Cider,Core Cider,Cloudy,🥉 Bronze,82,Active,Western Australia,Australia,"<a href=""https://corecider.com.au/"">Website</a>","<a href=""https://www.facebook.com/pages/The-CORE-Cider-House/193269374050973"">Facebook</a>","<a href=""https://www.instagram.com/coreciderhouse/"">Instagram</a>","<a href=""https://maps.google.com/?cid=9482101079872958147"">Google</a>","<a href=""https://www.yelp.com/biz/core-cider-pickering-brook-3"">Yelp</a>","<a href=""https://www.tripadvisor.com/Restaurant_Review-g804216-d3191966"">TripAdvisor</a>","<a href=""https://untappd.com/w/core-cider-house/90179"">Untappd</a>"
2018,New World Medium Sweet Cider,James Squire,James Squire Orchard Crush Apple Cider,🥉 Bronze,82,Active,New South Wales,Australia,"<a href=""https://www.jamessquire.com.au/"">Website</a>","<a href=""https://www.facebook.com/jamessquire"">Facebook</a>","<a href=""https://www.instagram.com/jamessquire_au/"">Instagram</a>",,,,"<a href=""https://untappd.com/JamesSquireMaltShovelBrewery"">Untappd</a>"
2018,New World Medium Sweet Cider,St Ronan's Cider,St Ronan's Apple Cider,🥉 Bronze,82,Active,Victoria,Australia,"<a href=""https://stronanscider.com.au/"">Website</a>","<a href=""https://www.facebook.com/StRonansCider"">Facebook</a>","<a href=""https://www.instagram.com/st_ronans_cider/"">Instagram</a>","<a href=""https://maps.google.com/?cid=1347860416011573691"">Google</a>",,,"<a href=""https://untappd.com/StRonansCider"">Untappd</a>"
2018,New World Medium Sweet Cider,The Apple Thief,Granny Smith Cider,🥉 Bronze,82,Active,New South Wales,Australia,"<a href=""https://theapplethief.com.au/"">Website</a>","<a href=""https://www.facebook.com/TheAppleThiefCiders/"">Facebook</a>","<a href=""https://www.instagram.com/theapplethiefciders/"">Instagram</a>","<a href=""https://maps.google.com/?cid=4762631239680624675"">Google</a>",,,"<a href=""https://untappd.com/brewery/21796"">Untappd</a>"
2018,New World Medium Sweet Cider,Frank's Cider,Summer Apple Cider,🥉 Bronze,80,Active,Tasmania,Australia,"<a href=""https://www.frankscider.com.au/"">Website</a>","<a href=""https://www.facebook.com/FranksCider"">Facebook</a>","<a href=""https://www.instagram.com/frankscider/"">Instagram</a>","<a href=""https://maps.google.com/?cid=12281895632138757991"">Google</a>","<a href=""https://www.yelp.com/biz/franks-cider-bar-and-cafe-franklin"">Yelp</a>","<a href=""https://www.tripadvisor.com/Restaurant_Review-g504298-d7270183"">TripAdvisor</a>","<a href=""https://untappd.com/brewery/66943"">Untappd</a>"
2018,New World Medium Sweet Cider,Montalto Winery,Montalto Apple Cider,🥉 Bronze,80,Inactive,Victoria,Australia,,,,,,,
2018,New World Medium Sweet Cider,Ten Sixty One,Tso Original Batch 3,🥉 Bronze,80,Active,Victoria,Australia,"<a href=""https://www.tensixtyone.com.au/"">Website</a>","<a href=""https://www.facebook.com/tensixtyonebyatlanta"">Facebook</a>","<a href=""https://www.instagram.com/tensixtyone"">Instagram</a>","<a href=""https://maps.google.com/?cid=11303100687113031618"">Google</a>",,,"<a href=""https://untappd.com/w/atlanta-orchards/304062"">Untappd</a>"
2018,New World Medium Sweet Cider,Ten Sixty One,Tso Original Batch 4 Cans Only,🥉 Bronze,80,Active,Victoria,Australia,"<a href=""https://www.tensixtyone.com.au/"">Website</a>","<a href=""https://www.facebook.com/tensixtyonebyatlanta"">Facebook</a>","<a href=""https://www.instagram.com/tensixtyone"">Instagram</a>","<a href=""https://maps.google.com/?cid=11303100687113031618"">Google</a>",,,"<a href=""https://untappd.com/w/atlanta-orchards/304062"">Untappd</a>"
2018,New World Medium Sweet Cider,Westons Cider,Stowford Press Medium Dry,🥉 Bronze,80,Active,Herefordshire,England,"<a href=""https://www.westons-cider.co.uk/"">Website</a>","<a href=""https://www.facebook.com/WestonsCiderMill"">Facebook</a>","<a href=""https://www.instagram.com/westonscider/"">Instagram</a>","<a href=""https://maps.google.com/?cid=11779156514256391794"">Google</a>",,"<a href=""https://www.tripadvisor.com/Attraction_Review-g186303-d218508"">TripAdvisor</a>","<a href=""https://untappd.com/brewery/6135"">Untappd</a>"
2018,New World Medium Sweet Cider,Batlow Cider Co.,Batlow Cloudy Cider,🥉 Bronze,78,Active,New South Wales,Australia,"<a href=""https://www.batlowcider.com.au/"">Website</a>","<a href=""https://www.facebook.com/batlowcider"">Facebook</a>","<a href=""https://www.instagram.com/batlowcider/"">Instagram</a>",,,,"<a href=""https://untappd.com/brewery/16618"">Untappd</a>"
2018,New World Medium Sweet Cider,Batlow Cider Co.,Batlow Funk & Fresh Cider,🥉 Bronze,78,Active,New South Wales,Australia,"<a href=""https://www.batlowcider.com.au/"">Website</a>","<a href=""https://www.facebook.com/batlowcider"">Facebook</a>","<a href=""https://www.instagram.com/batlowcider/"">Instagram</a>",,,,"<a href=""https://untappd.com/brewery/16618"">Untappd</a>"
2018,New World Medium Sweet Cider,Darkes Cider,Howler,🥉 Bronze,78,Active,New South Wales,Australia,"<a href=""https://www.darkes.com.au/"">Website</a>","<a href=""https://www.facebook.com/DarkesCider"">Facebook</a>","<a href=""https://www.instagram.com/darkescider/"">Instagram</a>","<a href=""https://maps.google.com/?cid=9016868264603406991"">Google</a>",,"<a href=""https://www.tripadvisor.com/Attraction_Review-g7786462-d7786279"">TripAdvisor</a>","<a href=""https://untappd.com/w/darkes-cider/93421"">Untappd</a>"
2018,New World Medium Sweet Cider,Funk Cider,Perth Cider,🥉 Bronze,78,Active,Western Australia,Australia,"<a href=""https://funkdrinks.co/"">Website</a>","<a href=""https://www.facebook.com/funkdrinksco"">Facebook</a>","<a href=""https://www.instagram.com/funkdrinksco/"">Instagram</a>","<a href=""https://maps.google.com/?cid=12976653066917509642"">Google</a>",,,"<a href=""https://untappd.com/FunkCider"">Untappd</a>"
2018,New World Medium Sweet Cider,Funk Cider,Session Cider,🥉 Bronze,78,Active,Western Australia,Australia,"<a href=""https://funkdrinks.co/"">Website</a>","<a href=""https://www.facebook.com/funkdrinksco"">Facebook</a>","<a href=""https://www.instagram.com/funkdrinksco/"">Instagram</a>","<a href=""https://maps.google.com/?cid=12976653066917509642"">Google</a>",,,"<a href=""https://untappd.com/FunkCider"">Untappd</a>"
2018,New World Medium Sweet Cider,Hillbilly Cider,Apple Cider,🥉 Bronze,78,Active,New South Wales,Australia,"<a href=""https://hillbillycider.com.au/"">Website</a>","<a href=""https://www.facebook.com/HillbillyCider/"">Facebook</a>","<a href=""https://www.instagram.com/hillbillycider/"">Instagram</a>","<a href=""https://maps.google.com/?cid=904695025997043027"">Google</a>",,"<a href=""https://www.tripadvisor.com/Attraction_Review-g1093762-d12290596"">TripAdvisor</a>","<a href=""https://untappd.com/w/hillbilly-harvest-co/44163"">Untappd</a>"
2018,New World Medium Sweet Cider,The Side Project Cider & Beerworks,Mr Bright Cide,🥉 Bronze,78,Inactive,South Australia,Australia,,,,,,,
2018,New World Sweet Cider,The Sparkke Change Beverage Company,SPARKKE Apple Cider,🥈 Silver,87,Inactive,South Australia,Australia,,,,,,,
2018,New World Sweet Cider,Batlow Cider Co.,Batlow Saison Cider,🥈 Silver,87,Active,New South Wales,Australia,"<a href=""https://www.batlowcider.com.au/"">Website</a>","<a href=""https://www.facebook.com/batlowcider"">Facebook</a>","<a href=""https://www.instagram.com/batlowcider/"">Instagram</a>",,,,"<a href=""https://untappd.com/brewery/16618"">Untappd</a>"
2018,New World Sweet Cider,Runamuk Cider Co,The Pedler Apple Cider,🥈 Silver,85,Active,Western Australia,Australia,"<a href=""https://runamukciderco.com.au/"">Website</a>","<a href=""https://www.facebook.com/RunamukCiderCo/"">Facebook</a>","<a href=""https://www.instagram.com/runamukciderco/"">Instagram</a>",,,,"<a href=""https://untappd.com/w/runamuk-cider-co/430598"">Untappd</a>"
2018,New World Sweet Cider,Three Oaks Cider,Three Oaks Crushed Apple Cider 8,🥈 Silver,85,Active,South Australia,Australia,"<a href=""https://www.threeoakscider.com/"">Website</a>","<a href=""https://www.facebook.com/Threeoakscider"">Facebook</a>","<a href=""https://www.instagram.com/threeoakscider/"">Instagram</a>",,,,"<a href=""https://untappd.com/brewery/16538"">Untappd</a>"
2018,New World Sweet Cider,Flying Brick Cider,Original Cider,🥉 Bronze,83,Active,Victoria,Australia,"<a href=""https://flyingbrickciderco.com.au/"">Website</a>","<a href=""https://www.facebook.com/flyingbrickciderco"">Facebook</a>","<a href=""https://www.instagram.com/flyingbrickciderco/"">Instagram</a>","<a href=""https://maps.google.com/?cid=413601929230884265"">Google</a>","<a href=""https://www.yelp.com/biz/flying-brick-cider-co-wallington-2"">Yelp</a>","<a href=""https://www.tripadvisor.com/Restaurant_Review-g1937720-d7332877"">TripAdvisor</a>","<a href=""https://untappd.com/brewery/33883"">Untappd</a>"
2018,New World Sweet Cider,Harcourt Perry & Cider Makers,Harcourt Apple Cider,🥉 Bronze,83,Active,Victoria,Australia,"<a href=""https://harcourtcider.com.au/"">Website</a>","<a href=""https://www.facebook.com/HarcourtCider/"">Facebook</a>","<a href=""https://www.instagram.com/harcourtcider/"">Instagram</a>","<a href=""https://maps.google.com/?cid=8775592475109844928"">Google</a>",,,"<a href=""https://untappd.com/w/harcourt-perry-cider-makers/429734"">Untappd</a>"
2018,New World Sweet Cider,Small Acres Cyder,Small Acres Cyder 2016 Appscato,🥉 Bronze,83,Active,New South Wales,Australia,"<a href=""https://www.smallacrescyder.com.au/"">Website</a>","<a href=""https://www.facebook.com/SmallAcresCyder"">Facebook</a>","<a href=""https://www.instagram.com/smallacrescyder"">Instagram</a>","<a href=""https://maps.google.com/?cid=1497457670374953580"">Google</a>",,"<a href=""https://www.tripadvisor.com/Attraction_Review-g2642455-d5991203"">TripAdvisor</a>","<a href=""https://untappd.com/brewery/14584"">Untappd</a>"
2018,New World Sweet Cider,Bilpin Cider,Bilpin Blush Pink Lady Cider,🥉 Bronze,79,Active,New South Wales,Australia,"<a href=""https://bilpincider.com/"">Website</a>","<a href=""https://www.facebook.com/bilpincider"">Facebook</a>","<a href=""https://www.instagram.com/bilpincider/"">Instagram</a>","<a href=""https://maps.google.com/?cid=1982319036704250930"">Google</a>",,"<a href=""https://www.tripadvisor.com/Attraction_Review-g1093762-d10065632"">TripAdvisor</a>","<a href=""https://untappd.com/brewery/18734"">Untappd</a>"
2018,New World Sweet Cider,Dr. Pilkington's,Dr Pilkington Miracle Cider,🥉 Bronze,78,Inactive,South Australia,Australia,,,,,,,
2018,New World Sweet Cider,Redwood Cider Co.,Crisp Apple Cider,🥉 Bronze,78,Active,Tasman,New Zealand,"<a href=""https://www.db.co.nz/"">Website</a>",,,"<a href=""https://maps.google.com/?cid=6996062561310556831"">Google</a>",,,"<a href=""https://untappd.com/w/redwood-cider-co/184117"">Untappd</a>"
2018,New World Sweet Cider,Cheeky Tiki Cider,Cheeky Tiki -  Sweet Apple Cider,🥉 Bronze,77.5,Active,Queensland,Australia,"<a href=""https://www.ohanawinery.com.au/"">Website</a>","<a href=""https://www.facebook.com/OhanaWinery"">Facebook</a>","<a href=""https://www.instagram.com/cheekytikicider/"">Instagram</a>",,,"<a href=""https://www.tripadvisor.com/Attraction_Review-g255334-d15052083"">TripAdvisor</a>","<a href=""https://untappd.com/CheekyTiki"">Untappd</a>"
2018,New World Sweet Cider,Lion,Kirin Fuji Apple Cider,🥉 Bronze,77.5,Active,New South Wales,Australia,"<a href=""https://www.lionco.com/"">Website</a>",,,,,,
2018,New World Sweet Cider,Coles Liquor Group,Mr Finch Apple Cider (Cans),🥉 Bronze,77.5,Inactive,Victoria,Australia,,,,,,,
2018,New World Sweet Cider,Coles Liquor Group,Steamrail Apple Cider (Bottle),🥉 Bronze,77.5,Inactive,Victoria,Australia,,,,,,,
2018,New World Sweet Cider,Three Oaks Cider,Three Oaks Crushed Apple Cider 5,🥉 Bronze,77.5,Active,South Australia,Australia,"<a href=""https://www.threeoakscider.com/"">Website</a>","<a href=""https://www.facebook.com/Threeoakscider"">Facebook</a>","<a href=""https://www.instagram.com/threeoakscider/"">Instagram</a>",,,,"<a href=""https://untappd.com/brewery/16538"">Untappd</a>"
2018,New World Method Traditional Cider,Core Cider,2015 Corerupted,🥈 Silver,91,Active,Western Australia,Australia,"<a href=""https://corecider.com.au/"">Website</a>","<a href=""https://www.facebook.com/pages/The-CORE-Cider-House/193269374050973"">Facebook</a>","<a href=""https://www.instagram.com/coreciderhouse/"">Instagram</a>","<a href=""https://maps.google.com/?cid=9482101079872958147"">Google</a>","<a href=""https://www.yelp.com/biz/core-cider-pickering-brook-3"">Yelp</a>","<a href=""https://www.tripadvisor.com/Restaurant_Review-g804216-d3191966"">TripAdvisor</a>","<a href=""https://untappd.com/w/core-cider-house/90179"">Untappd</a>"
2018,New World Method Traditional Cider,Brady's Lookout Cider,2016 Wild Cuvee,🥈 Silver,89,Active,Tasmania,Australia,"<a href=""https://www.bradyslookoutcider.com.au/"">Website</a>","<a href=""https://www.facebook.com/bradyslookoutcider"">Facebook</a>","<a href=""https://www.instagram.com/bradys_lookout_cider/"">Instagram</a>","<a href=""https://maps.google.com/?cid=17861747211596541785"">Google</a>",,,"<a href=""https://untappd.com/w/brady-s-lookout/225207"">Untappd</a>"
2018,New World Method Traditional Cider,Carmel Cider Co.,Tree Ripened Apple,🥉 Bronze,83,Active,Western Australia,Australia,"<a href=""https://carmelcider.com.au/"">Website</a>",,"<a href=""https://www.instagram.com/carmel_cider"">Instagram</a>","<a href=""https://maps.google.com/?cid=9888810503901269588"">Google</a>",,,"<a href=""https://untappd.com/CarmelCiderCompany"">Untappd</a>"
2018,New World Method Traditional Cider,Carmel Cider Co.,Apple,🥉 Bronze,80,Active,Western Australia,Australia,"<a href=""https://carmelcider.com.au/"">Website</a>",,"<a href=""https://www.instagram.com/carmel_cider"">Instagram</a>","<a href=""https://maps.google.com/?cid=9888810503901269588"">Google</a>",,,"<a href=""https://untappd.com/CarmelCiderCompany"">Untappd</a>"
2018,New World Method Traditional Cider,Small Acres Cyder,Small Acres Cyder 2015 Sparkling,🥉 Bronze,80,Active,New South Wales,Australia,"<a href=""https://www.smallacrescyder.com.au/"">Website</a>","<a href=""https://www.facebook.com/SmallAcresCyder"">Facebook</a>","<a href=""https://www.instagram.com/smallacrescyder"">Instagram</a>","<a href=""https://maps.google.com/?cid=1497457670374953580"">Google</a>",,"<a href=""https://www.tripadvisor.com/Attraction_Review-g2642455-d5991203"">TripAdvisor</a>","<a href=""https://untappd.com/brewery/14584"">Untappd</a>"
2018,New World Method Traditional Cider,Brady's Lookout Cider,2016 Premium Cuvee Cider,🥉 Bronze,78,Active,Tasmania,Australia,"<a href=""https://www.bradyslookoutcider.com.au/"">Website</a>","<a href=""https://www.facebook.com/bradyslookoutcider"">Facebook</a>","<a href=""https://www.instagram.com/bradys_lookout_cider/"">Instagram</a>","<a href=""https://maps.google.com/?cid=17861747211596541785"">Google</a>",,,"<a href=""https://untappd.com/w/brady-s-lookout/225207"">Untappd</a>"
2018,New World Method Traditional Cider,Sunshine Coast Cider,Brut+ Cider,🥉 Bronze,78,Active,Queensland,Australia,"<a href=""https://www.sunshinecoastcider.com.au/"">Website</a>","<a href=""https://www.facebook.com/sunshinecoastcider/"">Facebook</a>","<a href=""https://www.instagram.com/sunshinecoastcider/"">Instagram</a>","<a href=""https://maps.google.com/?cid=10163774916123498605"">Google</a>",,"<a href=""https://www.tripadvisor.com/Attraction_Review-g7815622-d21508891"">TripAdvisor</a>","<a href=""https://untappd.com/SunshineCoastCider"">Untappd</a>"
2018,Traditional Dry Cider,3 Sons Cider,The Cranky Pom,🥇 Gold,94,Active,Australian Capital Territory,Australia,"<a href=""http://www.3sonscider.com.au/"">Website</a>","<a href=""https://www.facebook.com/3SonsCider/"">Facebook</a>","<a href=""https://www.instagram.com/3sonscider/"">Instagram</a>","<a href=""https://maps.google.com/?cid=16285596579467432961"">Google</a>",,,"<a href=""https://untappd.com/3sonscider"">Untappd</a>"
2018,Traditional Dry Cider,Spreyton Cider Co.,Vintage 2017,🥇 Gold,94,Active,Tasmania,Australia,"<a href=""https://www.spreytonciderco.com.au/"">Website</a>","<a href=""https://www.facebook.com/SpreytonCiderCo"">Facebook</a>","<a href=""https://www.instagram.com/spreytonciderco/"">Instagram</a>","<a href=""https://maps.google.com/?cid=4719454766033276507"">Google</a>","<a href=""https://www.yelp.com/biz/spreyton-cider-co-spreyton-2"">Yelp</a>","<a href=""https://www.tripadvisor.com/Attraction_Review-g504292-d3738226"">TripAdvisor</a>","<a href=""https://untappd.com/SpreytonCiderCo"">Untappd</a>"
2018,Traditional Dry Cider,Daylesford Cider Company,Vintage Dry,🥇 Gold,93,Active,Victoria,Australia,"<a href=""https://daylesfordcider.com.au/"">Website</a>","<a href=""https://www.facebook.com/DaylesfordCider"">Facebook</a>","<a href=""https://www.instagram.com/daylesfordcider/"">Instagram</a>","<a href=""https://maps.google.com/?cid=3704200538482217988"">Google</a>",,"<a href=""https://www.tripadvisor.com/Attraction_Review-g2533620-d4506486"">TripAdvisor</a>","<a href=""https://untappd.com/w/daylesford-cider-company/15899"">Untappd</a>"
2018,Traditional Dry Cider,Crucible Cider,Crucible Dry Cider,🥈 Silver,90,Active,Victoria,Australia,,"<a href=""https://www.facebook.com/profile.php?id=100072057556611"">Facebook</a>","<a href=""https://www.instagram.com/crucible_cider/?img_index=1"">Instagram</a>",,,,
2018,Traditional Dry Cider,Hart's Farm,Dry Cider,🥈 Silver,88,Active,Victoria,Australia,"<a href=""https://www.hartsfarm.com.au/"">Website</a>","<a href=""https://www.facebook.com/Hartsfarm.morningtonpeninsula"">Facebook</a>","<a href=""https://www.instagram.com/hartsfarm"">Instagram</a>","<a href=""https://maps.google.com/?cid=10474103931088012940"">Google</a>",,"<a href=""https://www.tripadvisor.com/Attraction_Review-g552256-d2477464"">TripAdvisor</a>","<a href=""https://untappd.com/w/hart-s-farm/278622"">Untappd</a>"
2018,Traditional Dry Cider,Surges Bay Orchard,Traditional,🥈 Silver,88,Inactive,Tasmania,Australia,,,,,,,
2018,Traditional Dry Cider,The Side Project Cider & Beerworks,"2017 Dry Vintage ",🥈 Silver,85,Inactive,South Australia,Australia,,,,,,,
2018,Traditional Dry Cider,Learmonth Cider,321 Learmonth Traditional Still,🥉 Bronze,80,Active,Victoria,Australia,"<a href=""https://learmonthcider.com.au/"">Website</a>","<a href=""https://www.facebook.com/profile.php?id=100069530773568"">Facebook</a>",,,,,"<a href=""https://untappd.com/w/321-learmonth/90115"">Untappd</a>"
2018,Traditional Dry Cider,Cheeky Grog Co,Secret Seven,🥉 Bronze,80,Active,Victoria,Australia,"<a href=""https://cheekygrogco.com/"">Website</a>","<a href=""https://www.facebook.com/cheekygrogco"">Facebook</a>","<a href=""https://www.instagram.com/cheekygrogco/"">Instagram</a>","<a href=""https://maps.google.com/?cid=18312852297094426661"">Google</a>","<a href=""https://www.yelp.com/biz/cheeky-grog-co-bunbartha"">Yelp</a>","<a href=""https://www.tripadvisor.com/Attraction_Review-g12263922-d10807488"">TripAdvisor</a>","<a href=""https://untappd.com/w/cheeky-grog-co/247399"">Untappd</a>"
2018,Traditional Dry Cider,Sidra El Gaitero,El Gaitero Natural,🥉 Bronze,80,Active,Asturias,Spain,"<a href=""https://www.sidraelgaitero.com/"">Website</a>","<a href=""https://www.facebook.com/grupoelgaitero"">Facebook</a>","<a href=""https://www.instagram.com/grupoelgaitero/"">Instagram</a>","<a href=""https://maps.google.com/?cid=15753532318992345137"">Google</a>",,"<a href=""https://www.tripadvisor.com/Attraction_Review-g608997-d3239389"">TripAdvisor</a>","<a href=""https://untappd.com/brewery/4266"">Untappd</a>"
2018,Traditional Dry Cider,Lobo Cider,LOBO Norman,🥉 Bronze,80,Active,South Australia,Australia,"<a href=""https://www.lobocider.com.au/"">Website</a>","<a href=""https://www.facebook.com/LOBOcider/"">Facebook</a>","<a href=""https://www.instagram.com/lobocider"">Instagram</a>",,,,"<a href=""https://untappd.com/brewery/8446"">Untappd</a>"
2018,Traditional Dry Cider,Mountford Wines,Sparkling Cider,🥉 Bronze,77.5,Active,Western Australia,Australia,"<a href=""https://www.mountfordwines.com.au/"">Website</a>","<a href=""https://www.facebook.com/mountfordwines/"">Facebook</a>","<a href=""https://www.instagram.com/mountfordwines/"">Instagram</a>","<a href=""https://maps.google.com/?cid=5375517846867915536"">Google</a>","<a href=""https://www.yelp.com/biz/mountford-wines-and-tangletoe-cidery-pemberton"">Yelp</a>","<a href=""https://www.tripadvisor.com/Attraction_Review-g261676-d3806187"">TripAdvisor</a>","<a href=""https://untappd.com/w/mountford-wines/77205"">Untappd</a>"
2018,Traditional Medium Cider,Kangaroo Island Ciders,Colony Cove Vintage Cider,🥇 Gold,93,Active,South Australia,Australia,"<a href=""https://www.kangarooislandciders.com.au/"">Website</a>",,,"<a href=""https://maps.google.com/?cid=7120331639179318476"">Google</a>",,,"<a href=""https://untappd.com/w/kangaroo-island-ciders/62318"">Untappd</a>"
2018,Traditional Medium Cider,Spreyton Cider Co.,Cidermakers Select 2017 - The Big Q,🥈 Silver,90,Active,Tasmania,Australia,"<a href=""https://www.spreytonciderco.com.au/"">Website</a>","<a href=""https://www.facebook.com/SpreytonCiderCo"">Facebook</a>","<a href=""https://www.instagram.com/spreytonciderco/"">Instagram</a>","<a href=""https://maps.google.com/?cid=4719454766033276507"">Google</a>","<a href=""https://www.yelp.com/biz/spreyton-cider-co-spreyton-2"">Yelp</a>","<a href=""https://www.tripadvisor.com/Attraction_Review-g504292-d3738226"">TripAdvisor</a>","<a href=""https://untappd.com/SpreytonCiderCo"">Untappd</a>"
2018,Traditional Medium Cider,Adams Cider Company,Devils Bit Mountain,🥈 Silver,88,Active,Tipperary,Ireland,,"<a href=""https://www.facebook.com/devilsbitcider"">Facebook</a>","<a href=""https://www.instagram.com/devilsbitcider/"">Instagram</a>",,,,"<a href=""https://untappd.com/AdamsCiderCompany"">Untappd</a>"
2018,Traditional Medium Cider,Daylesford Cider Company,Arf N Arf,🥈 Silver,85,Active,Victoria,Australia,"<a href=""https://daylesfordcider.com.au/"">Website</a>","<a href=""https://www.facebook.com/DaylesfordCider"">Facebook</a>","<a href=""https://www.instagram.com/daylesfordcider/"">Instagram</a>","<a href=""https://maps.google.com/?cid=3704200538482217988"">Google</a>",,"<a href=""https://www.tripadvisor.com/Attraction_Review-g2533620-d4506486"">TripAdvisor</a>","<a href=""https://untappd.com/w/daylesford-cider-company/15899"">Untappd</a>"
2018,Traditional Medium Cider,Willie Smith's,Willie Smith's Yarlington Mill Cider,🥉 Bronze,83,Active,Tasmania,Australia,"<a href=""https://www.williesmiths.com.au/"">Website</a>","<a href=""https://www.facebook.com/pages/Willie-Smiths-Organic-Cider/260319247336198"">Facebook</a>","<a href=""https://www.instagram.com/williesmithscider/"">Instagram</a>","<a href=""https://maps.google.com/?cid=16057012530083496420"">Google</a>","<a href=""https://www.yelp.com/biz/willie-smith-s-apple-shed-grove"">Yelp</a>","<a href=""https://www.tripadvisor.com/Restaurant_Review-g1175547-d7911074"">TripAdvisor</a>","<a href=""https://untappd.com/WilliamSmithandSons"">Untappd</a>"
2018,Traditional Medium Cider,Daylesford Cider Company,Kingston Black,🥉 Bronze,82,Active,Victoria,Australia,"<a href=""https://daylesfordcider.com.au/"">Website</a>","<a href=""https://www.facebook.com/DaylesfordCider"">Facebook</a>","<a href=""https://www.instagram.com/daylesfordcider/"">Instagram</a>","<a href=""https://maps.google.com/?cid=3704200538482217988"">Google</a>",,"<a href=""https://www.tripadvisor.com/Attraction_Review-g2533620-d4506486"">TripAdvisor</a>","<a href=""https://untappd.com/w/daylesford-cider-company/15899"">Untappd</a>"
2018,Traditional Medium Cider,Lobo Cider,LOBO Bodicea,🥉 Bronze,82,Active,South Australia,Australia,"<a href=""https://www.lobocider.com.au/"">Website</a>","<a href=""https://www.facebook.com/LOBOcider/"">Facebook</a>","<a href=""https://www.instagram.com/lobocider"">Instagram</a>",,,,"<a href=""https://untappd.com/brewery/8446"">Untappd</a>"
2018,Traditional Medium Cider,Lobo Cider,LOBO Trad,🥉 Bronze,82,Active,South Australia,Australia,"<a href=""https://www.lobocider.com.au/"">Website</a>","<a href=""https://www.facebook.com/LOBOcider/"">Facebook</a>","<a href=""https://www.instagram.com/lobocider"">Instagram</a>",,,,"<a href=""https://untappd.com/brewery/8446"">Untappd</a>"
2018,Traditional Medium Cider,Cheeky Grog Co,Foxy Dabinett,🥉 Bronze,79,Active,Victoria,Australia,"<a href=""https://cheekygrogco.com/"">Website</a>","<a href=""https://www.facebook.com/cheekygrogco"">Facebook</a>","<a href=""https://www.instagram.com/cheekygrogco/"">Instagram</a>","<a href=""https://maps.google.com/?cid=18312852297094426661"">Google</a>","<a href=""https://www.yelp.com/biz/cheeky-grog-co-bunbartha"">Yelp</a>","<a href=""https://www.tripadvisor.com/Attraction_Review-g12263922-d10807488"">TripAdvisor</a>","<a href=""https://untappd.com/w/cheeky-grog-co/247399"">Untappd</a>"
2018,Traditional Medium Cider,Kangaroo Island Ciders,Colony Cove Original Cider,🥉 Bronze,79,Active,South Australia,Australia,"<a href=""https://www.kangarooislandciders.com.au/"">Website</a>",,,"<a href=""https://maps.google.com/?cid=7120331639179318476"">Google</a>",,,"<a href=""https://untappd.com/w/kangaroo-island-ciders/62318"">Untappd</a>"
2018,Traditional Medium Cider,Flying Brick Cider,MC Cider 2016,🥉 Bronze,78,Active,Victoria,Australia,"<a href=""https://flyingbrickciderco.com.au/"">Website</a>","<a href=""https://www.facebook.com/flyingbrickciderco"">Facebook</a>","<a href=""https://www.instagram.com/flyingbrickciderco/"">Instagram</a>","<a href=""https://maps.google.com/?cid=413601929230884265"">Google</a>","<a href=""https://www.yelp.com/biz/flying-brick-cider-co-wallington-2"">Yelp</a>","<a href=""https://www.tripadvisor.com/Restaurant_Review-g1937720-d7332877"">TripAdvisor</a>","<a href=""https://untappd.com/brewery/33883"">Untappd</a>"
2018,Traditional Medium Sweet Cider,Willie Smith's,Willie Smith's Kingston Black Cider,🥇 Gold,93,Active,Tasmania,Australia,"<a href=""https://www.williesmiths.com.au/"">Website</a>","<a href=""https://www.facebook.com/pages/Willie-Smiths-Organic-Cider/260319247336198"">Facebook</a>","<a href=""https://www.instagram.com/williesmithscider/"">Instagram</a>","<a href=""https://maps.google.com/?cid=16057012530083496420"">Google</a>","<a href=""https://www.yelp.com/biz/willie-smith-s-apple-shed-grove"">Yelp</a>","<a href=""https://www.tripadvisor.com/Restaurant_Review-g1175547-d7911074"">TripAdvisor</a>","<a href=""https://untappd.com/WilliamSmithandSons"">Untappd</a>"
2018,Traditional Medium Sweet Cider,Daylesford Cider Company,Yarlington Mill,🥇 Gold,92.5,Active,Victoria,Australia,"<a href=""https://daylesfordcider.com.au/"">Website</a>","<a href=""https://www.facebook.com/DaylesfordCider"">Facebook</a>","<a href=""https://www.instagram.com/daylesfordcider/"">Instagram</a>","<a href=""https://maps.google.com/?cid=3704200538482217988"">Google</a>",,"<a href=""https://www.tripadvisor.com/Attraction_Review-g2533620-d4506486"">TripAdvisor</a>","<a href=""https://untappd.com/w/daylesford-cider-company/15899"">Untappd</a>"
2018,Traditional Medium Sweet Cider,Zeffer,Demi-Sec,🥇 Gold,92.5,Active,Hawke's Bay,New Zealand,"<a href=""https://zeffer.co.nz/"">Website</a>","<a href=""https://www.facebook.com/zefferdrinks/"">Facebook</a>","<a href=""https://www.instagram.com/zefferdrinks/"">Instagram</a>","<a href=""https://maps.google.com/?cid=13931145990495161499"">Google</a>",,"<a href=""https://www.tripadvisor.com/Attraction_Review-g255680-d15328989"">TripAdvisor</a>","<a href=""https://untappd.com/Zeffer"">Untappd</a>"
2018,Traditional Medium Sweet Cider,Willie Smith's,Willie Smith's French Blend Cider,🥈 Silver,88,Active,Tasmania,Australia,"<a href=""https://www.williesmiths.com.au/"">Website</a>","<a href=""https://www.facebook.com/pages/Willie-Smiths-Organic-Cider/260319247336198"">Facebook</a>","<a href=""https://www.instagram.com/williesmithscider/"">Instagram</a>","<a href=""https://maps.google.com/?cid=16057012530083496420"">Google</a>","<a href=""https://www.yelp.com/biz/willie-smith-s-apple-shed-grove"">Yelp</a>","<a href=""https://www.tripadvisor.com/Restaurant_Review-g1175547-d7911074"">TripAdvisor</a>","<a href=""https://untappd.com/WilliamSmithandSons"">Untappd</a>"
2018,Traditional Medium Sweet Cider,Westons Cider,Wyld Wood Organic,🥈 Silver,86,Active,Herefordshire,England,"<a href=""https://www.westons-cider.co.uk/"">Website</a>","<a href=""https://www.facebook.com/WestonsCiderMill"">Facebook</a>","<a href=""https://www.instagram.com/westonscider/"">Instagram</a>","<a href=""https://maps.google.com/?cid=11779156514256391794"">Google</a>",,"<a href=""https://www.tripadvisor.com/Attraction_Review-g186303-d218508"">TripAdvisor</a>","<a href=""https://untappd.com/brewery/6135"">Untappd</a>"
2018,Traditional Medium Sweet Cider,Spreyton Cider Co.,Cidermakers Select 2018 - V Squared,🥉 Bronze,83,Active,Tasmania,Australia,"<a href=""https://www.spreytonciderco.com.au/"">Website</a>","<a href=""https://www.facebook.com/SpreytonCiderCo"">Facebook</a>","<a href=""https://www.instagram.com/spreytonciderco/"">Instagram</a>","<a href=""https://maps.google.com/?cid=4719454766033276507"">Google</a>","<a href=""https://www.yelp.com/biz/spreyton-cider-co-spreyton-2"">Yelp</a>","<a href=""https://www.tripadvisor.com/Attraction_Review-g504292-d3738226"">TripAdvisor</a>","<a href=""https://untappd.com/SpreytonCiderCo"">Untappd</a>"
2018,Traditional Medium Sweet Cider,Willie Smith's,Willie Smith's Traditional Cider,🥉 Bronze,83,Active,Tasmania,Australia,"<a href=""https://www.williesmiths.com.au/"">Website</a>","<a href=""https://www.facebook.com/pages/Willie-Smiths-Organic-Cider/260319247336198"">Facebook</a>","<a href=""https://www.instagram.com/williesmithscider/"">Instagram</a>","<a href=""https://maps.google.com/?cid=16057012530083496420"">Google</a>","<a href=""https://www.yelp.com/biz/willie-smith-s-apple-shed-grove"">Yelp</a>","<a href=""https://www.tripadvisor.com/Restaurant_Review-g1175547-d7911074"">TripAdvisor</a>","<a href=""https://untappd.com/WilliamSmithandSons"">Untappd</a>"
2018,Traditional Medium Sweet Cider,Kangaroo Island Ciders,Colony Cove Draught Cider,🥉 Bronze,82.5,Active,South Australia,Australia,"<a href=""https://www.kangarooislandciders.com.au/"">Website</a>",,,"<a href=""https://maps.google.com/?cid=7120331639179318476"">Google</a>",,,"<a href=""https://untappd.com/w/kangaroo-island-ciders/62318"">Untappd</a>"
2018,Traditional Medium Sweet Cider,Cheeky Grog Co,Sweet Marenny,🥉 Bronze,78,Active,Victoria,Australia,"<a href=""https://cheekygrogco.com/"">Website</a>","<a href=""https://www.facebook.com/cheekygrogco"">Facebook</a>","<a href=""https://www.instagram.com/cheekygrogco/"">Instagram</a>","<a href=""https://maps.google.com/?cid=18312852297094426661"">Google</a>","<a href=""https://www.yelp.com/biz/cheeky-grog-co-bunbartha"">Yelp</a>","<a href=""https://www.tripadvisor.com/Attraction_Review-g12263922-d10807488"">TripAdvisor</a>","<a href=""https://untappd.com/w/cheeky-grog-co/247399"">Untappd</a>"
2018,Traditional Sweet Cider,Lobo Cider,LOBO Royale,🥈 Silver,87,Active,South Australia,Australia,"<a href=""https://www.lobocider.com.au/"">Website</a>","<a href=""https://www.facebook.com/LOBOcider/"">Facebook</a>","<a href=""https://www.instagram.com/lobocider"">Instagram</a>",,,,"<a href=""https://untappd.com/brewery/8446"">Untappd</a>"
2018,Traditional Method Traditional Cider,Small Acres Cyder,Small Acres Cyder 2015 The Cat's Pyjamas,🥇 Gold,93,Active,New South Wales,Australia,"<a href=""https://www.smallacrescyder.com.au/"">Website</a>","<a href=""https://www.facebook.com/SmallAcresCyder"">Facebook</a>","<a href=""https://www.instagram.com/smallacrescyder"">Instagram</a>","<a href=""https://maps.google.com/?cid=1497457670374953580"">Google</a>",,"<a href=""https://www.tripadvisor.com/Attraction_Review-g2642455-d5991203"">TripAdvisor</a>","<a href=""https://untappd.com/brewery/14584"">Untappd</a>"
2018,Traditional Method Traditional Cider,White Rabbit,White Rabbit Pierre Le Popielino Blanc 2015,🥈 Silver,85,Inactive,Victoria,Australia,,,,,,,
2018,Traditional Method Traditional Cider,Core Cider,2017 Coreupted,🥈 Silver,84.5,Active,Western Australia,Australia,"<a href=""https://corecider.com.au/"">Website</a>","<a href=""https://www.facebook.com/pages/The-CORE-Cider-House/193269374050973"">Facebook</a>","<a href=""https://www.instagram.com/coreciderhouse/"">Instagram</a>","<a href=""https://maps.google.com/?cid=9482101079872958147"">Google</a>","<a href=""https://www.yelp.com/biz/core-cider-pickering-brook-3"">Yelp</a>","<a href=""https://www.tripadvisor.com/Restaurant_Review-g804216-d3191966"">TripAdvisor</a>","<a href=""https://untappd.com/w/core-cider-house/90179"">Untappd</a>"
2018,Traditional Method Traditional Cider,St Ronan's Cider,Methode Traditionelle Apple Cider,🥈 Silver,84.5,Active,Victoria,Australia,"<a href=""https://stronanscider.com.au/"">Website</a>","<a href=""https://www.facebook.com/StRonansCider"">Facebook</a>","<a href=""https://www.instagram.com/st_ronans_cider/"">Instagram</a>","<a href=""https://maps.google.com/?cid=1347860416011573691"">Google</a>",,,"<a href=""https://untappd.com/StRonansCider"">Untappd</a>"
2018,New World Dry Perry,Lobo Cider,LOBO Dry Pear,🥈 Silver,85,Active,South Australia,Australia,"<a href=""https://www.lobocider.com.au/"">Website</a>","<a href=""https://www.facebook.com/LOBOcider/"">Facebook</a>","<a href=""https://www.instagram.com/lobocider"">Instagram</a>",,,,"<a href=""https://untappd.com/brewery/8446"">Untappd</a>"
2018,New World Dry Perry,Spreyton Cider Co.,Pear Perry,🥉 Bronze,80,Active,Tasmania,Australia,"<a href=""https://www.spreytonciderco.com.au/"">Website</a>","<a href=""https://www.facebook.com/SpreytonCiderCo"">Facebook</a>","<a href=""https://www.instagram.com/spreytonciderco/"">Instagram</a>","<a href=""https://maps.google.com/?cid=4719454766033276507"">Google</a>","<a href=""https://www.yelp.com/biz/spreyton-cider-co-spreyton-2"">Yelp</a>","<a href=""https://www.tripadvisor.com/Attraction_Review-g504292-d3738226"">TripAdvisor</a>","<a href=""https://untappd.com/SpreytonCiderCo"">Untappd</a>"
2018,New World Medium Perry,Fils de Pomme,L’Épatant,🥇 Gold,93,Active,Île-de-France,France,"<a href=""https://fils-de-pomme.com/"">Website</a>","<a href=""https://www.facebook.com/filsdepomme"">Facebook</a>","<a href=""https://www.instagram.com/filsdepomme/"">Instagram</a>","<a href=""https://maps.google.com/?cid=8093403779791398976"">Google</a>",,,"<a href=""https://untappd.com/w/fils-de-pa-mme/335627"">Untappd</a>"
2018,New World Medium Perry,Napoleone Cider,Pear Cider,🥈 Silver,91,Active,Victoria,Australia,"<a href=""https://napoleone.com.au/"">Website</a>","<a href=""https://www.facebook.com/napoleoneorchardbar"">Facebook</a>","<a href=""https://www.instagram.com/napoleonecider"">Instagram</a>","<a href=""https://maps.google.com/?cid=3472985488113617215"">Google</a>","<a href=""https://www.yelp.com/biz/napoleone-brewery-and-ciderhouse-coldstream"">Yelp</a>","<a href=""https://www.tripadvisor.com/Attraction_Review-g1205102-d7980976"">TripAdvisor</a>","<a href=""https://untappd.com/brewery/3800"">Untappd</a>"
2018,New World Medium Perry,Small Acres Cyder,Small Acres Poire,🥉 Bronze,84,Active,New South Wales,Australia,"<a href=""https://www.smallacrescyder.com.au/"">Website</a>","<a href=""https://www.facebook.com/SmallAcresCyder"">Facebook</a>","<a href=""https://www.instagram.com/smallacrescyder"">Instagram</a>","<a href=""https://maps.google.com/?cid=1497457670374953580"">Google</a>",,"<a href=""https://www.tripadvisor.com/Attraction_Review-g2642455-d5991203"">TripAdvisor</a>","<a href=""https://untappd.com/brewery/14584"">Untappd</a>"
2018,New World Medium Perry,Flying Brick Cider,Pear Cider,🥉 Bronze,78,Active,Victoria,Australia,"<a href=""https://flyingbrickciderco.com.au/"">Website</a>","<a href=""https://www.facebook.com/flyingbrickciderco"">Facebook</a>","<a href=""https://www.instagram.com/flyingbrickciderco/"">Instagram</a>","<a href=""https://maps.google.com/?cid=413601929230884265"">Google</a>","<a href=""https://www.yelp.com/biz/flying-brick-cider-co-wallington-2"">Yelp</a>","<a href=""https://www.tripadvisor.com/Restaurant_Review-g1937720-d7332877"">TripAdvisor</a>","<a href=""https://untappd.com/brewery/33883"">Untappd</a>"
2018,New World Medium Perry,The Apple Thief,"William Pear Cider ",🥉 Bronze,78,Active,New South Wales,Australia,"<a href=""https://theapplethief.com.au/"">Website</a>","<a href=""https://www.facebook.com/TheAppleThiefCiders/"">Facebook</a>","<a href=""https://www.instagram.com/theapplethiefciders/"">Instagram</a>","<a href=""https://maps.google.com/?cid=4762631239680624675"">Google</a>",,,"<a href=""https://untappd.com/brewery/21796"">Untappd</a>"
2018,New World Medium Perry,Grand Ridge Brewery,Twisted Sister Pear Cider,🥉 Bronze,78,Active,Victoria,Australia,,"<a href=""https://www.facebook.com/grandridgebrewery"">Facebook</a>","<a href=""https://www.instagram.com/grandridgebeer/"">Instagram</a>","<a href=""https://maps.google.com/?cid=8403918293255045179"">Google</a>","<a href=""https://www.yelp.com/biz/grand-ridge-brewery-mirboo-north-2"">Yelp</a>","<a href=""https://www.tripadvisor.com/Restaurant_Review-g552213-d4791367"">TripAdvisor</a>","<a href=""https://untappd.com/GrandRidgeBrewery"">Untappd</a>"
2018,New World Medium Perry,Bilpin Cider,Bilpin Pear Cider,🥉 Bronze,77.5,Active,New South Wales,Australia,"<a href=""https://bilpincider.com/"">Website</a>","<a href=""https://www.facebook.com/bilpincider"">Facebook</a>","<a href=""https://www.instagram.com/bilpincider/"">Instagram</a>","<a href=""https://maps.google.com/?cid=1982319036704250930"">Google</a>",,"<a href=""https://www.tripadvisor.com/Attraction_Review-g1093762-d10065632"">TripAdvisor</a>","<a href=""https://untappd.com/brewery/18734"">Untappd</a>"
2018,New World Medium Sweet Perry,Barossa Cider Co.,Squashed Pear Cider,🥈 Silver,91,Active,South Australia,Australia,"<a href=""https://barossavalleyciderco.com/"">Website</a>","<a href=""https://www.facebook.com/barossacider/"">Facebook</a>","<a href=""https://www.instagram.com/barossacider.co/"">Instagram</a>",,,,"<a href=""https://untappd.com/TheBarossaValleyCiderCo"">Untappd</a>"
2018,New World Medium Sweet Perry,Willie Smith's,Willie Smith's Farmhouse Perry,🥈 Silver,86,Active,Tasmania,Australia,"<a href=""https://www.williesmiths.com.au/"">Website</a>","<a href=""https://www.facebook.com/pages/Willie-Smiths-Organic-Cider/260319247336198"">Facebook</a>","<a href=""https://www.instagram.com/williesmithscider/"">Instagram</a>","<a href=""https://maps.google.com/?cid=16057012530083496420"">Google</a>","<a href=""https://www.yelp.com/biz/willie-smith-s-apple-shed-grove"">Yelp</a>","<a href=""https://www.tripadvisor.com/Restaurant_Review-g1175547-d7911074"">TripAdvisor</a>","<a href=""https://untappd.com/WilliamSmithandSons"">Untappd</a>"
2018,New World Medium Sweet Perry,Hillbilly Cider,Pear Cider,🥈 Silver,85,Active,New South Wales,Australia,"<a href=""https://hillbillycider.com.au/"">Website</a>","<a href=""https://www.facebook.com/HillbillyCider/"">Facebook</a>","<a href=""https://www.instagram.com/hillbillycider/"">Instagram</a>","<a href=""https://maps.google.com/?cid=904695025997043027"">Google</a>",,"<a href=""https://www.tripadvisor.com/Attraction_Review-g1093762-d12290596"">TripAdvisor</a>","<a href=""https://untappd.com/w/hillbilly-harvest-co/44163"">Untappd</a>"
2018,New World Medium Sweet Perry,Harcourt Perry & Cider Makers,Harcourt Pear Cider,🥉 Bronze,81,Active,Victoria,Australia,"<a href=""https://harcourtcider.com.au/"">Website</a>","<a href=""https://www.facebook.com/HarcourtCider/"">Facebook</a>","<a href=""https://www.instagram.com/harcourtcider/"">Instagram</a>","<a href=""https://maps.google.com/?cid=8775592475109844928"">Google</a>",,,"<a href=""https://untappd.com/w/harcourt-perry-cider-makers/429734"">Untappd</a>"
2018,New World Medium Sweet Perry,The Hills Cider Company,Pear Cider,🥉 Bronze,80,Active,South Australia,Australia,,"<a href=""https://www.facebook.com/thehillscidercompany"">Facebook</a>","<a href=""https://www.instagram.com/thehillscidercompany/"">Instagram</a>","<a href=""https://maps.google.com/?cid=40048064327732560"">Google</a>",,,"<a href=""https://untappd.com/thehillscidercompany"">Untappd</a>"
2018,New World Medium Sweet Perry,Sydney Brewery,Manly Perry,🥉 Bronze,78,Active,New South Wales,Australia,"<a href=""https://sydneybrewery.com/"">Website</a>","<a href=""https://www.facebook.com/SydneyBrewery/"">Facebook</a>","<a href=""https://www.instagram.com/sydneybrewery/"">Instagram</a>","<a href=""https://maps.google.com/?cid=6674617705014025022"">Google</a>",,"<a href=""https://www.tripadvisor.com/Restaurant_Review-g23197656-d15602287"">TripAdvisor</a>","<a href=""https://untappd.com/SydneyBrewhouse"">Untappd</a>"
2018,New World Sweet Perry,Frank's Cider,Summer Pear Cider,🥉 Bronze,82,Active,Tasmania,Australia,"<a href=""https://www.frankscider.com.au/"">Website</a>","<a href=""https://www.facebook.com/FranksCider"">Facebook</a>","<a href=""https://www.instagram.com/frankscider/"">Instagram</a>","<a href=""https://maps.google.com/?cid=12281895632138757991"">Google</a>","<a href=""https://www.yelp.com/biz/franks-cider-bar-and-cafe-franklin"">Yelp</a>","<a href=""https://www.tripadvisor.com/Restaurant_Review-g504298-d7270183"">TripAdvisor</a>","<a href=""https://untappd.com/brewery/66943"">Untappd</a>"
2018,New World Sweet Perry,Coles Liquor Group,Mr Finch Pear Perry (Cans),🥉 Bronze,80,Inactive,Victoria,Australia,,,,,,,
2018,New World Sweet Perry,Coles Liquor Group,Newtons Pear Perry (Bottle),🥉 Bronze,79,Inactive,Victoria,Australia,,,,,,,
2018,New World Sweet Perry,Coles Liquor Group,Mr Finch Pear Perry (Bottle),🥉 Bronze,78,Inactive,Victoria,Australia,,,,,,,
2018,New World Method Traditional Perry,Carmel Cider Co.,Pear 14,🥈 Silver,90,Active,Western Australia,Australia,"<a href=""https://carmelcider.com.au/"">Website</a>",,"<a href=""https://www.instagram.com/carmel_cider"">Instagram</a>","<a href=""https://maps.google.com/?cid=9888810503901269588"">Google</a>",,,"<a href=""https://untappd.com/CarmelCiderCompany"">Untappd</a>"
2018,New World Method Traditional Perry,Core Cider,CorePearal,🥈 Silver,88,Active,Western Australia,Australia,"<a href=""https://corecider.com.au/"">Website</a>","<a href=""https://www.facebook.com/pages/The-CORE-Cider-House/193269374050973"">Facebook</a>","<a href=""https://www.instagram.com/coreciderhouse/"">Instagram</a>","<a href=""https://maps.google.com/?cid=9482101079872958147"">Google</a>","<a href=""https://www.yelp.com/biz/core-cider-pickering-brook-3"">Yelp</a>","<a href=""https://www.tripadvisor.com/Restaurant_Review-g804216-d3191966"">TripAdvisor</a>","<a href=""https://untappd.com/w/core-cider-house/90179"">Untappd</a>"
2018,New World Method Traditional Perry,Small Acres Cyder,Small Acres Cyder 2016 Sparkling Perry,🥈 Silver,86,Active,New South Wales,Australia,"<a href=""https://www.smallacrescyder.com.au/"">Website</a>","<a href=""https://www.facebook.com/SmallAcresCyder"">Facebook</a>","<a href=""https://www.instagram.com/smallacrescyder"">Instagram</a>","<a href=""https://maps.google.com/?cid=1497457670374953580"">Google</a>",,"<a href=""https://www.tripadvisor.com/Attraction_Review-g2642455-d5991203"">TripAdvisor</a>","<a href=""https://untappd.com/brewery/14584"">Untappd</a>"
2018,New World Method Traditional Perry,Small Acres Cyder,Small Acres Cyder 2016 Sparkling Perry (ZD),🥉 Bronze,83,Active,New South Wales,Australia,"<a href=""https://www.smallacrescyder.com.au/"">Website</a>","<a href=""https://www.facebook.com/SmallAcresCyder"">Facebook</a>","<a href=""https://www.instagram.com/smallacrescyder"">Instagram</a>","<a href=""https://maps.google.com/?cid=1497457670374953580"">Google</a>",,"<a href=""https://www.tripadvisor.com/Attraction_Review-g2642455-d5991203"">TripAdvisor</a>","<a href=""https://untappd.com/brewery/14584"">Untappd</a>"
2018,New World Method Traditional Perry,Napoleone Cider,Methode Traditionelle Pear Cider,🥉 Bronze,79,Active,Victoria,Australia,"<a href=""https://napoleone.com.au/"">Website</a>","<a href=""https://www.facebook.com/napoleoneorchardbar"">Facebook</a>","<a href=""https://www.instagram.com/napoleonecider"">Instagram</a>","<a href=""https://maps.google.com/?cid=3472985488113617215"">Google</a>","<a href=""https://www.yelp.com/biz/napoleone-brewery-and-ciderhouse-coldstream"">Yelp</a>","<a href=""https://www.tripadvisor.com/Attraction_Review-g1205102-d7980976"">TripAdvisor</a>","<a href=""https://untappd.com/brewery/3800"">Untappd</a>"
2018,New World Method Traditional Perry,Carmel Cider Co.,Pear 18,🥉 Bronze,78.5,Active,Western Australia,Australia,"<a href=""https://carmelcider.com.au/"">Website</a>",,"<a href=""https://www.instagram.com/carmel_cider"">Instagram</a>","<a href=""https://maps.google.com/?cid=9888810503901269588"">Google</a>",,,"<a href=""https://untappd.com/CarmelCiderCompany"">Untappd</a>"
2018,New World Method Traditional Perry,Frank's Cider,Methode Traditionelle,🥉 Bronze,78,Active,Tasmania,Australia,"<a href=""https://www.frankscider.com.au/"">Website</a>","<a href=""https://www.facebook.com/FranksCider"">Facebook</a>","<a href=""https://www.instagram.com/frankscider/"">Instagram</a>","<a href=""https://maps.google.com/?cid=12281895632138757991"">Google</a>","<a href=""https://www.yelp.com/biz/franks-cider-bar-and-cafe-franklin"">Yelp</a>","<a href=""https://www.tripadvisor.com/Restaurant_Review-g504298-d7270183"">TripAdvisor</a>","<a href=""https://untappd.com/brewery/66943"">Untappd</a>"
2018,Traditional Medium Perry,Cheeky Grog Co,Perry Pear,🥈 Silver,86,Active,Victoria,Australia,"<a href=""https://cheekygrogco.com/"">Website</a>","<a href=""https://www.facebook.com/cheekygrogco"">Facebook</a>","<a href=""https://www.instagram.com/cheekygrogco/"">Instagram</a>","<a href=""https://maps.google.com/?cid=18312852297094426661"">Google</a>","<a href=""https://www.yelp.com/biz/cheeky-grog-co-bunbartha"">Yelp</a>","<a href=""https://www.tripadvisor.com/Attraction_Review-g12263922-d10807488"">TripAdvisor</a>","<a href=""https://untappd.com/w/cheeky-grog-co/247399"">Untappd</a>"
2018,Traditional Medium Sweet Perry,Westons Cider,Henry Westons Perry,🥉 Bronze,80,Active,Herefordshire,England,"<a href=""https://www.westons-cider.co.uk/"">Website</a>","<a href=""https://www.facebook.com/WestonsCiderMill"">Facebook</a>","<a href=""https://www.instagram.com/westonscider/"">Instagram</a>","<a href=""https://maps.google.com/?cid=11779156514256391794"">Google</a>",,"<a href=""https://www.tripadvisor.com/Attraction_Review-g186303-d218508"">TripAdvisor</a>","<a href=""https://untappd.com/brewery/6135"">Untappd</a>"
2018,Experimental Cider or Perry,Funk Cider,American Hustle,🥈 Silver,85,Active,Western Australia,Australia,"<a href=""https://funkdrinks.co/"">Website</a>","<a href=""https://www.facebook.com/funkdrinksco"">Facebook</a>","<a href=""https://www.instagram.com/funkdrinksco/"">Instagram</a>","<a href=""https://maps.google.com/?cid=12976653066917509642"">Google</a>",,,"<a href=""https://untappd.com/FunkCider"">Untappd</a>"
2018,Experimental Cider or Perry,Sydney Brewery,Agave And Ginger,🥉 Bronze,84,Active,New South Wales,Australia,"<a href=""https://sydneybrewery.com/"">Website</a>","<a href=""https://www.facebook.com/SydneyBrewery/"">Facebook</a>","<a href=""https://www.instagram.com/sydneybrewery/"">Instagram</a>","<a href=""https://maps.google.com/?cid=6674617705014025022"">Google</a>",,"<a href=""https://www.tripadvisor.com/Restaurant_Review-g23197656-d15602287"">TripAdvisor</a>","<a href=""https://untappd.com/SydneyBrewhouse"">Untappd</a>"
2018,Experimental Cider or Perry,The Hills Cider Company,Hop Edition,🥉 Bronze,84,Active,South Australia,Australia,,"<a href=""https://www.facebook.com/thehillscidercompany"">Facebook</a>","<a href=""https://www.instagram.com/thehillscidercompany/"">Instagram</a>","<a href=""https://maps.google.com/?cid=40048064327732560"">Google</a>",,,"<a href=""https://untappd.com/thehillscidercompany"">Untappd</a>"
2018,Experimental Cider or Perry,Zeffer,Apple Crumble Cider,🥉 Bronze,82,Active,Hawke's Bay,New Zealand,"<a href=""https://zeffer.co.nz/"">Website</a>","<a href=""https://www.facebook.com/zefferdrinks/"">Facebook</a>","<a href=""https://www.instagram.com/zefferdrinks/"">Instagram</a>","<a href=""https://maps.google.com/?cid=13931145990495161499"">Google</a>",,"<a href=""https://www.tripadvisor.com/Attraction_Review-g255680-d15328989"">TripAdvisor</a>","<a href=""https://untappd.com/Zeffer"">Untappd</a>"
2018,Experimental Cider or Perry,Funk Cider,Ginger Cider,🥉 Bronze,80,Active,Western Australia,Australia,"<a href=""https://funkdrinks.co/"">Website</a>","<a href=""https://www.facebook.com/funkdrinksco"">Facebook</a>","<a href=""https://www.instagram.com/funkdrinksco/"">Instagram</a>","<a href=""https://maps.google.com/?cid=12976653066917509642"">Google</a>",,,"<a href=""https://untappd.com/FunkCider"">Untappd</a>"
2018,Experimental Cider or Perry,Simple Cider,Granny Smith And Ginger,🥉 Bronze,80,Active,Tasmania,Australia,"<a href=""https://simplecider.com.au/"">Website</a>","<a href=""https://www.facebook.com/simplecider"">Facebook</a>","<a href=""https://www.instagram.com/simple.cider/"">Instagram</a>","<a href=""https://maps.google.com/?cid=16786558994979050480"">Google</a>",,,"<a href=""https://untappd.com/w/simple-cider/259809"">Untappd</a>"
2018,Experimental Cider or Perry,Sydney Brewery,Oaked Organic Cider,🥉 Bronze,80,Active,New South Wales,Australia,"<a href=""https://sydneybrewery.com/"">Website</a>","<a href=""https://www.facebook.com/SydneyBrewery/"">Facebook</a>","<a href=""https://www.instagram.com/sydneybrewery/"">Instagram</a>","<a href=""https://maps.google.com/?cid=6674617705014025022"">Google</a>",,"<a href=""https://www.tripadvisor.com/Restaurant_Review-g23197656-d15602287"">TripAdvisor</a>","<a href=""https://untappd.com/SydneyBrewhouse"">Untappd</a>"
2018,Experimental Cider or Perry,The Hills Cider Company,Apple And Ginger,🥉 Bronze,79,Active,South Australia,Australia,,"<a href=""https://www.facebook.com/thehillscidercompany"">Facebook</a>","<a href=""https://www.instagram.com/thehillscidercompany/"">Instagram</a>","<a href=""https://maps.google.com/?cid=40048064327732560"">Google</a>",,,"<a href=""https://untappd.com/thehillscidercompany"">Untappd</a>"
2018,Experimental Cider or Perry,Willie Smith's,Willie Smith's Whisky Aged Cider,🥉 Bronze,78,Active,Tasmania,Australia,"<a href=""https://www.williesmiths.com.au/"">Website</a>","<a href=""https://www.facebook.com/pages/Willie-Smiths-Organic-Cider/260319247336198"">Facebook</a>","<a href=""https://www.instagram.com/williesmithscider/"">Instagram</a>","<a href=""https://maps.google.com/?cid=16057012530083496420"">Google</a>","<a href=""https://www.yelp.com/biz/willie-smith-s-apple-shed-grove"">Yelp</a>","<a href=""https://www.tripadvisor.com/Restaurant_Review-g1175547-d7911074"">TripAdvisor</a>","<a href=""https://untappd.com/WilliamSmithandSons"">Untappd</a>"
2018,Apple and Pear Blends,Barossa Cider Co.,Squashed Cloudy Cider,🥈 Silver,88,Active,South Australia,Australia,"<a href=""https://barossavalleyciderco.com/"">Website</a>","<a href=""https://www.facebook.com/barossacider/"">Facebook</a>","<a href=""https://www.instagram.com/barossacider.co/"">Instagram</a>",,,,"<a href=""https://untappd.com/TheBarossaValleyCiderCo"">Untappd</a>"
2018,Apple and Pear Blends,Mock Red Hill,Apple And Pear Blend,🥈 Silver,85,Active,Victoria,Australia,"<a href=""https://www.mockredhill.com.au/"">Website</a>","<a href=""https://www.facebook.com/pages/Mock-Red-Hill/181240308586996"">Facebook</a>","<a href=""https://www.instagram.com/mockredhill/"">Instagram</a>","<a href=""https://maps.google.com/?cid=10552205982251777171"">Google</a>","<a href=""https://www.yelp.com/biz/mock-orchards-red-hill"">Yelp</a>","<a href=""https://www.tripadvisor.com/Restaurant_Review-g552249-d9793363"">TripAdvisor</a>","<a href=""https://untappd.com/brewery/28770"">Untappd</a>"
2018,Apple and Pear Blends,Carmel Cider Co.,Apple And Pear,🥉 Bronze,78,Active,Western Australia,Australia,"<a href=""https://carmelcider.com.au/"">Website</a>",,"<a href=""https://www.instagram.com/carmel_cider"">Instagram</a>","<a href=""https://maps.google.com/?cid=9888810503901269588"">Google</a>",,,"<a href=""https://untappd.com/CarmelCiderCompany"">Untappd</a>"
2018,Apple and Pear Blends,Lobo Cider,Lobo Apple And Pear,🥉 Bronze,78,Active,South Australia,Australia,"<a href=""https://www.lobocider.com.au/"">Website</a>","<a href=""https://www.facebook.com/LOBOcider/"">Facebook</a>","<a href=""https://www.instagram.com/lobocider"">Instagram</a>",,,,"<a href=""https://untappd.com/brewery/8446"">Untappd</a>"
2018,Apple and Pear Blends,Core Cider,Reactor,🥉 Bronze,77.5,Active,Western Australia,Australia,"<a href=""https://corecider.com.au/"">Website</a>","<a href=""https://www.facebook.com/pages/The-CORE-Cider-House/193269374050973"">Facebook</a>","<a href=""https://www.instagram.com/coreciderhouse/"">Instagram</a>","<a href=""https://maps.google.com/?cid=9482101079872958147"">Google</a>","<a href=""https://www.yelp.com/biz/core-cider-pickering-brook-3"">Yelp</a>","<a href=""https://www.tripadvisor.com/Restaurant_Review-g804216-d3191966"">TripAdvisor</a>","<a href=""https://untappd.com/w/core-cider-house/90179"">Untappd</a>"
2018,Cider or Perry with Fruit,Funk Cider,Feijoa Cider,🥈 Silver,89,Active,Western Australia,Australia,"<a href=""https://funkdrinks.co/"">Website</a>","<a href=""https://www.facebook.com/funkdrinksco"">Facebook</a>","<a href=""https://www.instagram.com/funkdrinksco/"">Instagram</a>","<a href=""https://maps.google.com/?cid=12976653066917509642"">Google</a>",,,"<a href=""https://untappd.com/FunkCider"">Untappd</a>"
2018,Cider or Perry with Fruit,Zeffer,Cherry Cider,🥈 Silver,87,Active,Hawke's Bay,New Zealand,"<a href=""https://zeffer.co.nz/"">Website</a>","<a href=""https://www.facebook.com/zefferdrinks/"">Facebook</a>","<a href=""https://www.instagram.com/zefferdrinks/"">Instagram</a>","<a href=""https://maps.google.com/?cid=13931145990495161499"">Google</a>",,"<a href=""https://www.tripadvisor.com/Attraction_Review-g255680-d15328989"">TripAdvisor</a>","<a href=""https://untappd.com/Zeffer"">Untappd</a>"
2018,Cider or Perry with Fruit,Frank's Cider,Cherry Pear Cider,🥈 Silver,85,Active,Tasmania,Australia,"<a href=""https://www.frankscider.com.au/"">Website</a>","<a href=""https://www.facebook.com/FranksCider"">Facebook</a>","<a href=""https://www.instagram.com/frankscider/"">Instagram</a>","<a href=""https://maps.google.com/?cid=12281895632138757991"">Google</a>","<a href=""https://www.yelp.com/biz/franks-cider-bar-and-cafe-franklin"">Yelp</a>","<a href=""https://www.tripadvisor.com/Restaurant_Review-g504298-d7270183"">TripAdvisor</a>","<a href=""https://untappd.com/brewery/66943"">Untappd</a>"
2018,Cider or Perry with Fruit,Cherry Bird Orchards,Apple And Cherry Cider,🥉 Bronze,82,Inactive,New South Wales,Australia,,,,,,,
2018,Cider or Perry with Fruit,Westons Cider,Mortimers Orchard English Berry,🥉 Bronze,82,Active,Herefordshire,England,"<a href=""https://www.westons-cider.co.uk/"">Website</a>","<a href=""https://www.facebook.com/WestonsCiderMill"">Facebook</a>","<a href=""https://www.instagram.com/westonscider/"">Instagram</a>","<a href=""https://maps.google.com/?cid=11779156514256391794"">Google</a>",,"<a href=""https://www.tripadvisor.com/Attraction_Review-g186303-d218508"">TripAdvisor</a>","<a href=""https://untappd.com/brewery/6135"">Untappd</a>"
2018,Cider or Perry with Fruit,Funk Cider,Lemon Cider,🥉 Bronze,81,Active,Western Australia,Australia,"<a href=""https://funkdrinks.co/"">Website</a>","<a href=""https://www.facebook.com/funkdrinksco"">Facebook</a>","<a href=""https://www.instagram.com/funkdrinksco/"">Instagram</a>","<a href=""https://maps.google.com/?cid=12976653066917509642"">Google</a>",,,"<a href=""https://untappd.com/FunkCider"">Untappd</a>"
2018,Cider or Perry with Fruit,Funk Cider,Pomegranate Cider,🥉 Bronze,81,Active,Western Australia,Australia,"<a href=""https://funkdrinks.co/"">Website</a>","<a href=""https://www.facebook.com/funkdrinksco"">Facebook</a>","<a href=""https://www.instagram.com/funkdrinksco/"">Instagram</a>","<a href=""https://maps.google.com/?cid=12976653066917509642"">Google</a>",,,"<a href=""https://untappd.com/FunkCider"">Untappd</a>"
2018,Cider or Perry with Fruit,Frank's Cider,Raspberry Pear Cider,🥉 Bronze,80,Active,Tasmania,Australia,"<a href=""https://www.frankscider.com.au/"">Website</a>","<a href=""https://www.facebook.com/FranksCider"">Facebook</a>","<a href=""https://www.instagram.com/frankscider/"">Instagram</a>","<a href=""https://maps.google.com/?cid=12281895632138757991"">Google</a>","<a href=""https://www.yelp.com/biz/franks-cider-bar-and-cafe-franklin"">Yelp</a>","<a href=""https://www.tripadvisor.com/Restaurant_Review-g504298-d7270183"">TripAdvisor</a>","<a href=""https://untappd.com/brewery/66943"">Untappd</a>"
2018,Cider or Perry with Fruit,Funk Cider,Pineapple Cider,🥉 Bronze,78,Active,Western Australia,Australia,"<a href=""https://funkdrinks.co/"">Website</a>","<a href=""https://www.facebook.com/funkdrinksco"">Facebook</a>","<a href=""https://www.instagram.com/funkdrinksco/"">Instagram</a>","<a href=""https://maps.google.com/?cid=12976653066917509642"">Google</a>",,,"<a href=""https://untappd.com/FunkCider"">Untappd</a>"
2018,Lighter Strength Cider or Perry,Hillbilly Cider,Sweet Julie,🥉 Bronze,78,Active,New South Wales,Australia,"<a href=""https://hillbillycider.com.au/"">Website</a>","<a href=""https://www.facebook.com/HillbillyCider/"">Facebook</a>","<a href=""https://www.instagram.com/hillbillycider/"">Instagram</a>","<a href=""https://maps.google.com/?cid=904695025997043027"">Google</a>",,"<a href=""https://www.tripadvisor.com/Attraction_Review-g1093762-d12290596"">TripAdvisor</a>","<a href=""https://untappd.com/w/hillbilly-harvest-co/44163"">Untappd</a>"
2018,Lighter Strength Cider or Perry,Core Cider,PeaceCore,🥉 Bronze,77.5,Active,Western Australia,Australia,"<a href=""https://corecider.com.au/"">Website</a>","<a href=""https://www.facebook.com/pages/The-CORE-Cider-House/193269374050973"">Facebook</a>","<a href=""https://www.instagram.com/coreciderhouse/"">Instagram</a>","<a href=""https://maps.google.com/?cid=9482101079872958147"">Google</a>","<a href=""https://www.yelp.com/biz/core-cider-pickering-brook-3"">Yelp</a>","<a href=""https://www.tripadvisor.com/Restaurant_Review-g804216-d3191966"">TripAdvisor</a>","<a href=""https://untappd.com/w/core-cider-house/90179"">Untappd</a>"
2018,Pommeau,Small Acres Cyder,Small Acres Cyder 2010 Pommeau,🥇 Gold,92.5,Active,New South Wales,Australia,"<a href=""https://www.smallacrescyder.com.au/"">Website</a>","<a href=""https://www.facebook.com/SmallAcresCyder"">Facebook</a>","<a href=""https://www.instagram.com/smallacrescyder"">Instagram</a>","<a href=""https://maps.google.com/?cid=1497457670374953580"">Google</a>",,"<a href=""https://www.tripadvisor.com/Attraction_Review-g2642455-d5991203"">TripAdvisor</a>","<a href=""https://untappd.com/brewery/14584"">Untappd</a>"
2018,Apple or Pear Spirits - Eau de Vie,Core Cider,Tractor Juice,🥉 Bronze,82.9,Active,Western Australia,Australia,"<a href=""https://corecider.com.au/"">Website</a>","<a href=""https://www.facebook.com/pages/The-CORE-Cider-House/193269374050973"">Facebook</a>","<a href=""https://www.instagram.com/coreciderhouse/"">Instagram</a>","<a href=""https://maps.google.com/?cid=9482101079872958147"">Google</a>","<a href=""https://www.yelp.com/biz/core-cider-pickering-brook-3"">Yelp</a>","<a href=""https://www.tripadvisor.com/Restaurant_Review-g804216-d3191966"">TripAdvisor</a>","<a href=""https://untappd.com/w/core-cider-house/90179"">Untappd</a>"
2018,Apple or Pear Spirits - Eau de Vie,Lobo Cider,LOBO Apfel - Traditional Schnapps,🥉 Bronze,80.2,Active,South Australia,Australia,"<a href=""https://www.lobocider.com.au/"">Website</a>","<a href=""https://www.facebook.com/LOBOcider/"">Facebook</a>","<a href=""https://www.instagram.com/lobocider"">Instagram</a>",,,,"<a href=""https://untappd.com/brewery/8446"">Untappd</a>"
2018,Apple or Pear Spirits - Eau de Vie,Willie Smith's,Charles Oates Apple Blanco,🥉 Bronze,79.4,Active,Tasmania,Australia,"<a href=""https://www.williesmiths.com.au/"">Website</a>","<a href=""https://www.facebook.com/pages/Willie-Smiths-Organic-Cider/260319247336198"">Facebook</a>","<a href=""https://www.instagram.com/williesmithscider/"">Instagram</a>","<a href=""https://maps.google.com/?cid=16057012530083496420"">Google</a>","<a href=""https://www.yelp.com/biz/willie-smith-s-apple-shed-grove"">Yelp</a>","<a href=""https://www.tripadvisor.com/Restaurant_Review-g1175547-d7911074"">TripAdvisor</a>","<a href=""https://untappd.com/WilliamSmithandSons"">Untappd</a>"
2018,Apple or Pear Spirits - Eau de Vie,Spreyton Cider Co.,Spreyton Cider,🥉 Bronze,78.8,Active,Tasmania,Australia,"<a href=""https://www.spreytonciderco.com.au/"">Website</a>","<a href=""https://www.facebook.com/SpreytonCiderCo"">Facebook</a>","<a href=""https://www.instagram.com/spreytonciderco/"">Instagram</a>","<a href=""https://maps.google.com/?cid=4719454766033276507"">Google</a>","<a href=""https://www.yelp.com/biz/spreyton-cider-co-spreyton-2"">Yelp</a>","<a href=""https://www.tripadvisor.com/Attraction_Review-g504292-d3738226"">TripAdvisor</a>","<a href=""https://untappd.com/SpreytonCiderCo"">Untappd</a>"
2018,Apple or Pear Spirits - Aged Spirit,Willie Smith's,Charles Oates Fine Apple Brandy Tokay Barrel,🥈 Silver,87.1,Active,Tasmania,Australia,"<a href=""https://www.williesmiths.com.au/"">Website</a>","<a href=""https://www.facebook.com/pages/Willie-Smiths-Organic-Cider/260319247336198"">Facebook</a>","<a href=""https://www.instagram.com/williesmithscider/"">Instagram</a>","<a href=""https://maps.google.com/?cid=16057012530083496420"">Google</a>","<a href=""https://www.yelp.com/biz/willie-smith-s-apple-shed-grove"">Yelp</a>","<a href=""https://www.tripadvisor.com/Restaurant_Review-g1175547-d7911074"">TripAdvisor</a>","<a href=""https://untappd.com/WilliamSmithandSons"">Untappd</a>"
2018,Apple or Pear Spirits - Aged Spirit,Lobo Cider,LOBODOS Apple Brandy,🥉 Bronze,82.7,Active,South Australia,Australia,"<a href=""https://www.lobocider.com.au/"">Website</a>","<a href=""https://www.facebook.com/LOBOcider/"">Facebook</a>","<a href=""https://www.instagram.com/lobocider"">Instagram</a>",,,,"<a href=""https://untappd.com/brewery/8446"">Untappd</a>"
2018,Apple or Pear Spirits - Aged Spirit,Willie Smith's,Charles Oates Fine Apple Brandy Muscat Barrel,🥉 Bronze,81.7,Active,Tasmania,Australia,"<a href=""https://www.williesmiths.com.au/"">Website</a>","<a href=""https://www.facebook.com/pages/Willie-Smiths-Organic-Cider/260319247336198"">Facebook</a>","<a href=""https://www.instagram.com/williesmithscider/"">Instagram</a>","<a href=""https://maps.google.com/?cid=16057012530083496420"">Google</a>","<a href=""https://www.yelp.com/biz/willie-smith-s-apple-shed-grove"">Yelp</a>","<a href=""https://www.tripadvisor.com/Restaurant_Review-g1175547-d7911074"">TripAdvisor</a>","<a href=""https://untappd.com/WilliamSmithandSons"">Untappd</a>"
2019,New World Dry Cider,Adam's Evening Cider,Adam’s Evening HiFi,🥇 Gold,97.0,Inactive,Victoria,Australia,,,,,,,
2019,New World Dry Cider,Sydney Brewery,Sydney Brewery Oaked Organic Cider,🥇 Gold,95.0,Active,New South Wales,Australia,"<a href=""https://sydneybrewery.com/"">Website</a>","<a href=""https://www.facebook.com/SydneyBrewery/"">Facebook</a>","<a href=""https://www.instagram.com/sydneybrewery/"">Instagram</a>","<a href=""https://maps.google.com/?cid=6674617705014025022"">Google</a>",,"<a href=""https://www.tripadvisor.com/Restaurant_Review-g23197656-d15602287"">TripAdvisor</a>","<a href=""https://untappd.com/SydneyBrewhouse"">Untappd</a>"
2019,New World Dry Cider,Ninch Cider,Ninch Cider Harps' Harvest,🥈 Silver,90.0,Active,Tasmania,Australia,,,"<a href=""https://www.instagram.com/ninchcider/"">Instagram</a>","<a href=""https://maps.google.com/?cid=10134826457369794124"">Google</a>",,,
2019,New World Dry Cider,Fernbank Creek Cidery,Fernbank Creek Cidery - Original Dry Cider,🥈 Silver,87.0,Inactive,New South Wales,Australia,,,,,,,
2019,New World Dry Cider,Incy Wincy Cyder,X3 - 2016,🥈 Silver,86.0,Active,New South Wales,Australia,"<a href=""https://www.incywincycyder.com/"">Website</a>","<a href=""https://www.facebook.com/incywincycyder/"">Facebook</a>","<a href=""https://www.instagram.com/incywincycyder_orange"">Instagram</a>",,,,"<a href=""https://untappd.com/w/incy-wincy-cyder/413318"">Untappd</a>"
2019,New World Dry Cider,Bilpin Cider,"Bilpin Archibald High 'n' Dry, Can",🥉 Bronze,83.0,Active,New South Wales,Australia,"<a href=""https://bilpincider.com/"">Website</a>","<a href=""https://www.facebook.com/bilpincider"">Facebook</a>","<a href=""https://www.instagram.com/bilpincider/"">Instagram</a>","<a href=""https://maps.google.com/?cid=1982319036704250930"">Google</a>",,"<a href=""https://www.tripadvisor.com/Attraction_Review-g1093762-d10065632"">TripAdvisor</a>","<a href=""https://untappd.com/brewery/18734"">Untappd</a>"
2019,New World Dry Cider,Adam's Evening Cider,Adam’s Evening 2018 Dry,🥉 Bronze,82.3,Inactive,Victoria,Australia,,,,,,,
2019,New World Dry Cider,Sutton's Juice Factory,Sutton's Pink Lady Apple Cider,🥉 Bronze,81.0,Active,Queensland,Australia,"<a href=""https://suttonsfarm.com.au/"">Website</a>","<a href=""https://www.facebook.com/suttonsjuiceandcider/"">Facebook</a>","<a href=""https://www.instagram.com/suttonsfarm/"">Instagram</a>","<a href=""https://maps.google.com/?cid=17202902084953727843"">Google</a>",,"<a href=""https://www.tripadvisor.com/Attraction_Review-g3666083-d1743635"">TripAdvisor</a>","<a href=""https://untappd.com/w/suttons-farm/169154"">Untappd</a>"
2019,New World Dry Cider,3 Sons Cider,3 Sons Cider - Pomme,🥉 Bronze,80.7,Active,Australian Capital Territory,Australia,"<a href=""http://www.3sonscider.com.au/"">Website</a>","<a href=""https://www.facebook.com/3SonsCider/"">Facebook</a>","<a href=""https://www.instagram.com/3sonscider/"">Instagram</a>","<a href=""https://maps.google.com/?cid=16285596579467432961"">Google</a>",,,"<a href=""https://untappd.com/3sonscider"">Untappd</a>"
2019,New World Dry Cider,Small Acres Cyder,Small Acres Cyder 2016 Somerset Still,🥉 Bronze,80.7,Active,New South Wales,Australia,"<a href=""https://www.smallacrescyder.com.au/"">Website</a>","<a href=""https://www.facebook.com/SmallAcresCyder"">Facebook</a>","<a href=""https://www.instagram.com/smallacrescyder"">Instagram</a>","<a href=""https://maps.google.com/?cid=1497457670374953580"">Google</a>",,"<a href=""https://www.tripadvisor.com/Attraction_Review-g2642455-d5991203"">TripAdvisor</a>","<a href=""https://untappd.com/brewery/14584"">Untappd</a>"
2019,New World Dry Cider,Incy Wincy Cyder,Incy Wincy Cyder Wild 2017,🥉 Bronze,80.0,Active,New South Wales,Australia,"<a href=""https://www.incywincycyder.com/"">Website</a>","<a href=""https://www.facebook.com/incywincycyder/"">Facebook</a>","<a href=""https://www.instagram.com/incywincycyder_orange"">Instagram</a>",,,,"<a href=""https://untappd.com/w/incy-wincy-cyder/413318"">Untappd</a>"
2019,New World Dry Cider,Incy Wincy Cyder,Huntsman 2018,🥉 Bronze,79.0,Active,New South Wales,Australia,"<a href=""https://www.incywincycyder.com/"">Website</a>","<a href=""https://www.facebook.com/incywincycyder/"">Facebook</a>","<a href=""https://www.instagram.com/incywincycyder_orange"">Instagram</a>",,,,"<a href=""https://untappd.com/w/incy-wincy-cyder/413318"">Untappd</a>"
2019,New World Dry Cider,Willie Smith's,Willie Smith's Bone Dry,🥉 Bronze,79.0,Active,Tasmania,Australia,"<a href=""https://www.williesmiths.com.au/"">Website</a>","<a href=""https://www.facebook.com/pages/Willie-Smiths-Organic-Cider/260319247336198"">Facebook</a>","<a href=""https://www.instagram.com/williesmithscider/"">Instagram</a>","<a href=""https://maps.google.com/?cid=16057012530083496420"">Google</a>","<a href=""https://www.yelp.com/biz/willie-smith-s-apple-shed-grove"">Yelp</a>","<a href=""https://www.tripadvisor.com/Restaurant_Review-g1175547-d7911074"">TripAdvisor</a>","<a href=""https://untappd.com/WilliamSmithandSons"">Untappd</a>"
2019,New World Dry Cider,Incy Wincy Cyder,Huntsman 2017,🥉 Bronze,78.7,Active,New South Wales,Australia,"<a href=""https://www.incywincycyder.com/"">Website</a>","<a href=""https://www.facebook.com/incywincycyder/"">Facebook</a>","<a href=""https://www.instagram.com/incywincycyder_orange"">Instagram</a>",,,,"<a href=""https://untappd.com/w/incy-wincy-cyder/413318"">Untappd</a>"
2019,New World Dry Cider,Pinnacle Drinks,Castaway Low Carb Apple Cider,🥉 Bronze,78.7,Active,New South Wales,Australia,"<a href=""https://pinnacledrinks.com.au/"">Website</a>",,,"<a href=""https://maps.google.com/?cid=18382720107027294885"">Google</a>",,,"<a href=""https://untappd.com/PinnacleDrinksQS"">Untappd</a>"
2019,New World Dry Cider,Bilpin Cider,Bilpin Archibald High 'n' Dry,🥉 Bronze,78.5,Active,New South Wales,Australia,"<a href=""https://bilpincider.com/"">Website</a>","<a href=""https://www.facebook.com/bilpincider"">Facebook</a>","<a href=""https://www.instagram.com/bilpincider/"">Instagram</a>","<a href=""https://maps.google.com/?cid=1982319036704250930"">Google</a>",,"<a href=""https://www.tripadvisor.com/Attraction_Review-g1093762-d10065632"">TripAdvisor</a>","<a href=""https://untappd.com/brewery/18734"">Untappd</a>"
2019,New World Dry Cider,Roleystone Brewing Company,Roleystone Brewing Co - Original,🥉 Bronze,78.5,Active,Western Australia,Australia,"<a href=""https://www.roleystonebrewingco.com/"">Website</a>","<a href=""https://www.facebook.com/RoleystoneBrewingCo/"">Facebook</a>","<a href=""https://www.instagram.com/roleystonebrewingco/"">Instagram</a>","<a href=""https://maps.google.com/?cid=8363645666309319654"">Google</a>",,,"<a href=""https://untappd.com/RoleystoneBrewingCo"">Untappd</a>"
2019,New World Dry Cider,Surges Bay Orchard,SBO Australian,🥉 Bronze,78.3,Inactive,Tasmania,Australia,,,,,,,
2019,New World Dry Cider,Runamuk Cider Co,"Runamuk ""Scoundrel"" Dry Cider",🥉 Bronze,78.2,Active,Western Australia,Australia,"<a href=""https://runamukciderco.com.au/"">Website</a>","<a href=""https://www.facebook.com/RunamukCiderCo/"">Facebook</a>","<a href=""https://www.instagram.com/runamukciderco/"">Instagram</a>",,,,"<a href=""https://untappd.com/w/runamuk-cider-co/430598"">Untappd</a>"
2019,New World Dry Cider,Surges Bay Orchard,SBO Wild Ferment,🥉 Bronze,78.0,Inactive,Tasmania,Australia,,,,,,,
2019,New World Medium Cider,Cester Camillo,Sidro Del Bosco,🥇 Gold,94.0,Active,Veneto,Italy,"<a href=""https://cestercamillo.it/"">Website</a>","<a href=""https://www.facebook.com/cestercamillo/"">Facebook</a>","<a href=""https://www.instagram.com/cestercamillo"">Instagram</a>","<a href=""https://maps.google.com/?cid=8941056702037722200"">Google</a>",,,"<a href=""https://untappd.com/w/cester-camillo/311065"">Untappd</a>"
2019,New World Medium Cider,Yarra Valley Cider,Yarra Valley Cider,🥈 Silver,87.0,Active,Victoria,Australia,"<a href=""http://www.yarravalleycider.com.au/"">Website</a>","<a href=""https://www.facebook.com/YarraValleyCider/"">Facebook</a>","<a href=""https://www.instagram.com/yarravalleycider/"">Instagram</a>",,,,"<a href=""https://untappd.com/w/yarra-valley-cider/57524"">Untappd</a>"
2019,New World Medium Cider,Willie Smith's,Willie Smith's Organic Apple Cider,🥈 Silver,86.0,Active,Tasmania,Australia,"<a href=""https://www.williesmiths.com.au/"">Website</a>","<a href=""https://www.facebook.com/pages/Willie-Smiths-Organic-Cider/260319247336198"">Facebook</a>","<a href=""https://www.instagram.com/williesmithscider/"">Instagram</a>","<a href=""https://maps.google.com/?cid=16057012530083496420"">Google</a>","<a href=""https://www.yelp.com/biz/willie-smith-s-apple-shed-grove"">Yelp</a>","<a href=""https://www.tripadvisor.com/Restaurant_Review-g1175547-d7911074"">TripAdvisor</a>","<a href=""https://untappd.com/WilliamSmithandSons"">Untappd</a>"
2019,New World Medium Cider,Hillbilly Cider,Hillbilly Cider Vintage,🥉 Bronze,84.0,Active,New South Wales,Australia,"<a href=""https://hillbillycider.com.au/"">Website</a>","<a href=""https://www.facebook.com/HillbillyCider/"">Facebook</a>","<a href=""https://www.instagram.com/hillbillycider/"">Instagram</a>","<a href=""https://maps.google.com/?cid=904695025997043027"">Google</a>",,"<a href=""https://www.tripadvisor.com/Attraction_Review-g1093762-d12290596"">TripAdvisor</a>","<a href=""https://untappd.com/w/hillbilly-harvest-co/44163"">Untappd</a>"
2019,New World Medium Cider,Mock Red Hill,Mock Red Hill Classic Cider,🥉 Bronze,82.3,Active,Victoria,Australia,"<a href=""https://www.mockredhill.com.au/"">Website</a>","<a href=""https://www.facebook.com/pages/Mock-Red-Hill/181240308586996"">Facebook</a>","<a href=""https://www.instagram.com/mockredhill/"">Instagram</a>","<a href=""https://maps.google.com/?cid=10552205982251777171"">Google</a>","<a href=""https://www.yelp.com/biz/mock-orchards-red-hill"">Yelp</a>","<a href=""https://www.tripadvisor.com/Restaurant_Review-g552249-d9793363"">TripAdvisor</a>","<a href=""https://untappd.com/brewery/28770"">Untappd</a>"
2019,New World Medium Cider,Flying Brick Cider,Flying Brick Cider Co Draught Cider,🥉 Bronze,82.0,Active,Victoria,Australia,"<a href=""https://flyingbrickciderco.com.au/"">Website</a>","<a href=""https://www.facebook.com/flyingbrickciderco"">Facebook</a>","<a href=""https://www.instagram.com/flyingbrickciderco/"">Instagram</a>","<a href=""https://maps.google.com/?cid=413601929230884265"">Google</a>","<a href=""https://www.yelp.com/biz/flying-brick-cider-co-wallington-2"">Yelp</a>","<a href=""https://www.tripadvisor.com/Restaurant_Review-g1937720-d7332877"">TripAdvisor</a>","<a href=""https://untappd.com/brewery/33883"">Untappd</a>"
2019,New World Medium Cider,Lobo Cider,LOBO Cloudy Cider,🥉 Bronze,81.3,Active,South Australia,Australia,"<a href=""https://www.lobocider.com.au/"">Website</a>","<a href=""https://www.facebook.com/LOBOcider/"">Facebook</a>","<a href=""https://www.instagram.com/lobocider"">Instagram</a>",,,,"<a href=""https://untappd.com/brewery/8446"">Untappd</a>"
2019,New World Medium Cider,Harcourt Perry & Cider Makers,Harcourt Dry Cider,🥉 Bronze,79.7,Active,Victoria,Australia,"<a href=""https://harcourtcider.com.au/"">Website</a>","<a href=""https://www.facebook.com/HarcourtCider/"">Facebook</a>","<a href=""https://www.instagram.com/harcourtcider/"">Instagram</a>","<a href=""https://maps.google.com/?cid=8775592475109844928"">Google</a>",,,"<a href=""https://untappd.com/w/harcourt-perry-cider-makers/429734"">Untappd</a>"
2019,New World Medium Cider,Darkes Cider,Darkes Dry Cider,🥉 Bronze,79.3,Active,New South Wales,Australia,"<a href=""https://www.darkes.com.au/"">Website</a>","<a href=""https://www.facebook.com/DarkesCider"">Facebook</a>","<a href=""https://www.instagram.com/darkescider/"">Instagram</a>","<a href=""https://maps.google.com/?cid=9016868264603406991"">Google</a>",,"<a href=""https://www.tripadvisor.com/Attraction_Review-g7786462-d7786279"">TripAdvisor</a>","<a href=""https://untappd.com/w/darkes-cider/93421"">Untappd</a>"
2019,New World Medium Cider,Hillbilly Cider,Hillbilly Cider Scrumpy,🥉 Bronze,79.0,Active,New South Wales,Australia,"<a href=""https://hillbillycider.com.au/"">Website</a>","<a href=""https://www.facebook.com/HillbillyCider/"">Facebook</a>","<a href=""https://www.instagram.com/hillbillycider/"">Instagram</a>","<a href=""https://maps.google.com/?cid=904695025997043027"">Google</a>",,"<a href=""https://www.tripadvisor.com/Attraction_Review-g1093762-d12290596"">TripAdvisor</a>","<a href=""https://untappd.com/w/hillbilly-harvest-co/44163"">Untappd</a>"
2019,New World Medium Cider,Bilpin Cider,Bilpin Archibald Cloudy Apple Cider,🥉 Bronze,78.8,Active,New South Wales,Australia,"<a href=""https://bilpincider.com/"">Website</a>","<a href=""https://www.facebook.com/bilpincider"">Facebook</a>","<a href=""https://www.instagram.com/bilpincider/"">Instagram</a>","<a href=""https://maps.google.com/?cid=1982319036704250930"">Google</a>",,"<a href=""https://www.tripadvisor.com/Attraction_Review-g1093762-d10065632"">TripAdvisor</a>","<a href=""https://untappd.com/brewery/18734"">Untappd</a>"
2019,New World Medium Cider,Carmel Cider Co.,Carmel Cider,🥉 Bronze,78.7,Active,Western Australia,Australia,"<a href=""https://carmelcider.com.au/"">Website</a>",,"<a href=""https://www.instagram.com/carmel_cider"">Instagram</a>","<a href=""https://maps.google.com/?cid=9888810503901269588"">Google</a>",,,"<a href=""https://untappd.com/CarmelCiderCompany"">Untappd</a>"
2019,New World Medium Cider,Fils de Pomme,Fils de Pomme - La Sauvage,🥉 Bronze,78.7,Active,Île-de-France,France,"<a href=""https://fils-de-pomme.com/"">Website</a>","<a href=""https://www.facebook.com/filsdepomme"">Facebook</a>","<a href=""https://www.instagram.com/filsdepomme/"">Instagram</a>","<a href=""https://maps.google.com/?cid=8093403779791398976"">Google</a>",,,"<a href=""https://untappd.com/w/fils-de-pa-mme/335627"">Untappd</a>"
2019,New World Medium Cider,Two Birds Brewing,Two Birds Brewing Apple Cider,🥉 Bronze,78.0,Inactive,Victoria,Australia,,,,,,,
2019,New World Medium Cider,Hansen Tasmania,Hansen Tasmania Apple Cider 330ML,🥉 Bronze,77.5,Inactive,Tasmania,Australia,,,,,,,
2019,New World Medium Cider,Pinnacle Drinks,Castaway Original Apple Cider,🥉 Bronze,77.5,Active,New South Wales,Australia,"<a href=""https://pinnacledrinks.com.au/"">Website</a>",,,"<a href=""https://maps.google.com/?cid=18382720107027294885"">Google</a>",,,"<a href=""https://untappd.com/PinnacleDrinksQS"">Untappd</a>"
2019,New World Medium Cider,Runamuk Cider Co,"Runamuk ""Grifter"" Medium Dry Cider",🥉 Bronze,77.5,Active,Western Australia,Australia,"<a href=""https://runamukciderco.com.au/"">Website</a>","<a href=""https://www.facebook.com/RunamukCiderCo/"">Facebook</a>","<a href=""https://www.instagram.com/runamukciderco/"">Instagram</a>",,,,"<a href=""https://untappd.com/w/runamuk-cider-co/430598"">Untappd</a>"
2019,New World Medium Cider,Sidewood Estate,Sidewood Apple Cider,🥉 Bronze,77.5,Active,South Australia,Australia,"<a href=""https://sidewood.com.au/"">Website</a>","<a href=""https://www.facebook.com/SidewoodEstate/"">Facebook</a>","<a href=""https://www.instagram.com/sidewoodestate/"">Instagram</a>","<a href=""https://maps.google.com/?cid=16006910239256404559"">Google</a>",,"<a href=""https://www.tripadvisor.com.au/Attraction_Review-g499710-d19238424"">TripAdvisor</a>","<a href=""https://untappd.com/w/sidewood-estate/118552"">Untappd</a>"
2019,New World Medium Cider,The Side Project Cider & Beerworks,The Side Project: Mr Bright Cide,🥉 Bronze,77.5,Inactive,South Australia,Australia,,,,,,,
2019,New World Medium Sweet Cider,Barossa Cider Co.,The Barossa Cider Co - Squashed Apple Cider,🥇 Gold,97.0,Active,South Australia,Australia,"<a href=""https://barossavalleyciderco.com/"">Website</a>","<a href=""https://www.facebook.com/barossacider/"">Facebook</a>","<a href=""https://www.instagram.com/barossacider.co/"">Instagram</a>",,,,"<a href=""https://untappd.com/TheBarossaValleyCiderCo"">Untappd</a>"
2019,New World Medium Sweet Cider,Small Acres Cyder,Small Acres Pomme,🥈 Silver,89.0,Active,New South Wales,Australia,"<a href=""https://www.smallacrescyder.com.au/"">Website</a>","<a href=""https://www.facebook.com/SmallAcresCyder"">Facebook</a>","<a href=""https://www.instagram.com/smallacrescyder"">Instagram</a>","<a href=""https://maps.google.com/?cid=1497457670374953580"">Google</a>",,"<a href=""https://www.tripadvisor.com/Attraction_Review-g2642455-d5991203"">TripAdvisor</a>","<a href=""https://untappd.com/brewery/14584"">Untappd</a>"
2019,New World Medium Sweet Cider,The Hills Cider Company,"The Hills Cider Company, Apple",🥈 Silver,86.0,Active,South Australia,Australia,,"<a href=""https://www.facebook.com/thehillscidercompany"">Facebook</a>","<a href=""https://www.instagram.com/thehillscidercompany/"">Instagram</a>","<a href=""https://maps.google.com/?cid=40048064327732560"">Google</a>",,,"<a href=""https://untappd.com/thehillscidercompany"">Untappd</a>"
2019,New World Medium Sweet Cider,Sydney Brewery,Sydney Brewery Sydney Cider,🥈 Silver,85.0,Active,New South Wales,Australia,"<a href=""https://sydneybrewery.com/"">Website</a>","<a href=""https://www.facebook.com/SydneyBrewery/"">Facebook</a>","<a href=""https://www.instagram.com/sydneybrewery/"">Instagram</a>","<a href=""https://maps.google.com/?cid=6674617705014025022"">Google</a>",,"<a href=""https://www.tripadvisor.com/Restaurant_Review-g23197656-d15602287"">TripAdvisor</a>","<a href=""https://untappd.com/SydneyBrewhouse"">Untappd</a>"
2019,New World Medium Sweet Cider,Hillbilly Cider,Hillbilly Cider Crushed Apple,🥉 Bronze,83.7,Active,New South Wales,Australia,"<a href=""https://hillbillycider.com.au/"">Website</a>","<a href=""https://www.facebook.com/HillbillyCider/"">Facebook</a>","<a href=""https://www.instagram.com/hillbillycider/"">Instagram</a>","<a href=""https://maps.google.com/?cid=904695025997043027"">Google</a>",,"<a href=""https://www.tripadvisor.com/Attraction_Review-g1093762-d12290596"">TripAdvisor</a>","<a href=""https://untappd.com/w/hillbilly-harvest-co/44163"">Untappd</a>"
2019,New World Medium Sweet Cider,Eddies Cider,Eddies Cider,🥉 Bronze,83.0,Active,Victoria,Australia,"<a href=""https://www.eddiescider.com.au/"">Website</a>","<a href=""https://www.facebook.com/EddiesCider/"">Facebook</a>","<a href=""https://www.instagram.com/eddies_organic_cider/"">Instagram</a>",,,,"<a href=""https://untappd.com/w/eddies-cider/424405"">Untappd</a>"
2019,New World Medium Sweet Cider,Runamuk Cider Co,"Runamuk ""Pedlar"" Medium Sweet Cider",🥉 Bronze,82.0,Active,Western Australia,Australia,"<a href=""https://runamukciderco.com.au/"">Website</a>","<a href=""https://www.facebook.com/RunamukCiderCo/"">Facebook</a>","<a href=""https://www.instagram.com/runamukciderco/"">Instagram</a>",,,,"<a href=""https://untappd.com/w/runamuk-cider-co/430598"">Untappd</a>"
2019,New World Medium Sweet Cider,Daylesford Cider Company,Daylesford Cider - Heritage Light,🥉 Bronze,81.0,Active,Victoria,Australia,"<a href=""https://daylesfordcider.com.au/"">Website</a>","<a href=""https://www.facebook.com/DaylesfordCider"">Facebook</a>","<a href=""https://www.instagram.com/daylesfordcider/"">Instagram</a>","<a href=""https://maps.google.com/?cid=3704200538482217988"">Google</a>",,"<a href=""https://www.tripadvisor.com/Attraction_Review-g2533620-d4506486"">TripAdvisor</a>","<a href=""https://untappd.com/w/daylesford-cider-company/15899"">Untappd</a>"
2019,New World Medium Sweet Cider,Frank's Cider,Frank's Summer Apple Cider,🥉 Bronze,79.8,Active,Tasmania,Australia,"<a href=""https://www.frankscider.com.au/"">Website</a>","<a href=""https://www.facebook.com/FranksCider"">Facebook</a>","<a href=""https://www.instagram.com/frankscider/"">Instagram</a>","<a href=""https://maps.google.com/?cid=12281895632138757991"">Google</a>","<a href=""https://www.yelp.com/biz/franks-cider-bar-and-cafe-franklin"">Yelp</a>","<a href=""https://www.tripadvisor.com/Restaurant_Review-g504298-d7270183"">TripAdvisor</a>","<a href=""https://untappd.com/brewery/66943"">Untappd</a>"
2019,New World Medium Sweet Cider,Napoleone Cider,Napoleone Apple Cider,🥉 Bronze,79.8,Active,Victoria,Australia,"<a href=""https://napoleone.com.au/"">Website</a>","<a href=""https://www.facebook.com/napoleoneorchardbar"">Facebook</a>","<a href=""https://www.instagram.com/napoleonecider"">Instagram</a>","<a href=""https://maps.google.com/?cid=3472985488113617215"">Google</a>","<a href=""https://www.yelp.com/biz/napoleone-brewery-and-ciderhouse-coldstream"">Yelp</a>","<a href=""https://www.tripadvisor.com/Attraction_Review-g1205102-d7980976"">TripAdvisor</a>","<a href=""https://untappd.com/brewery/3800"">Untappd</a>"
2019,New World Medium Sweet Cider,The Apple Thief,Granny Smith Can,🥉 Bronze,78.0,Active,New South Wales,Australia,"<a href=""https://theapplethief.com.au/"">Website</a>","<a href=""https://www.facebook.com/TheAppleThiefCiders/"">Facebook</a>","<a href=""https://www.instagram.com/theapplethiefciders/"">Instagram</a>","<a href=""https://maps.google.com/?cid=4762631239680624675"">Google</a>",,,"<a href=""https://untappd.com/brewery/21796"">Untappd</a>"
2019,New World Medium Sweet Cider,Daylesford Cider Company,Daylesford Cider - Session,🥉 Bronze,78.0,Active,Victoria,Australia,"<a href=""https://daylesfordcider.com.au/"">Website</a>","<a href=""https://www.facebook.com/DaylesfordCider"">Facebook</a>","<a href=""https://www.instagram.com/daylesfordcider/"">Instagram</a>","<a href=""https://maps.google.com/?cid=3704200538482217988"">Google</a>",,"<a href=""https://www.tripadvisor.com/Attraction_Review-g2533620-d4506486"">TripAdvisor</a>","<a href=""https://untappd.com/w/daylesford-cider-company/15899"">Untappd</a>"
2019,New World Sweet Cider,Small Acres Cyder,Small Acres Cyder 2016 Appscato,🥇 Gold,93.0,Active,New South Wales,Australia,"<a href=""https://www.smallacrescyder.com.au/"">Website</a>","<a href=""https://www.facebook.com/SmallAcresCyder"">Facebook</a>","<a href=""https://www.instagram.com/smallacrescyder"">Instagram</a>","<a href=""https://maps.google.com/?cid=1497457670374953580"">Google</a>",,"<a href=""https://www.tripadvisor.com/Attraction_Review-g2642455-d5991203"">TripAdvisor</a>","<a href=""https://untappd.com/brewery/14584"">Untappd</a>"
2019,New World Sweet Cider,ALDI Stores Australia,Storm European Apple Cider,🥈 Silver,90.0,Active,New South Wales,Australia,"<a href=""https://www.aldi.com.au/"">Website</a>",,,,,,"<a href=""https://untappd.com/w/aldi-stores-australia/92570"">Untappd</a>"
2019,New World Sweet Cider,The Sparkke Change Beverage Company,SPARKKE Apple Cider,🥉 Bronze,82.0,Inactive,South Australia,Australia,,,,,,,
2019,New World Sweet Cider,Mock Red Hill,Mock Red Hill Sweet Cider,🥉 Bronze,81.0,Active,Victoria,Australia,"<a href=""https://www.mockredhill.com.au/"">Website</a>","<a href=""https://www.facebook.com/pages/Mock-Red-Hill/181240308586996"">Facebook</a>","<a href=""https://www.instagram.com/mockredhill/"">Instagram</a>","<a href=""https://maps.google.com/?cid=10552205982251777171"">Google</a>","<a href=""https://www.yelp.com/biz/mock-orchards-red-hill"">Yelp</a>","<a href=""https://www.tripadvisor.com/Restaurant_Review-g552249-d9793363"">TripAdvisor</a>","<a href=""https://untappd.com/brewery/28770"">Untappd</a>"
2019,New World Sweet Cider,Bilpin Cider,Bilpin Blush Pink Lady Cider,🥉 Bronze,79.3,Active,New South Wales,Australia,"<a href=""https://bilpincider.com/"">Website</a>","<a href=""https://www.facebook.com/bilpincider"">Facebook</a>","<a href=""https://www.instagram.com/bilpincider/"">Instagram</a>","<a href=""https://maps.google.com/?cid=1982319036704250930"">Google</a>",,"<a href=""https://www.tripadvisor.com/Attraction_Review-g1093762-d10065632"">TripAdvisor</a>","<a href=""https://untappd.com/brewery/18734"">Untappd</a>"
2019,New World Sweet Cider,Trattore Cider,Trattore - New World Cider,🥉 Bronze,78.5,Active,Victoria,Australia,"<a href=""https://trattore.com.au/"">Website</a>",,"<a href=""https://www.instagram.com/trattorecider/"">Instagram</a>","<a href=""https://maps.google.com/?cid=144355748988170218"">Google</a>",,"<a href=""https://www.tripadvisor.com/Attraction_Review-g6888459-d23858854"">TripAdvisor</a>","<a href=""https://untappd.com/w/trattore/470815"">Untappd</a>"
2019,New World Sweet Cider,Harcourt Perry & Cider Makers,Harcourt Apple Cider,🥉 Bronze,78.0,Active,Victoria,Australia,"<a href=""https://harcourtcider.com.au/"">Website</a>","<a href=""https://www.facebook.com/HarcourtCider/"">Facebook</a>","<a href=""https://www.instagram.com/harcourtcider/"">Instagram</a>","<a href=""https://maps.google.com/?cid=8775592475109844928"">Google</a>",,,"<a href=""https://untappd.com/w/harcourt-perry-cider-makers/429734"">Untappd</a>"
2019,New World Sweet Cider,Main Ridge Cider,Main Ridge Cider (Vic) Pty Ltd,🥉 Bronze,77.7,Inactive,Victoria,Australia,,,,,,,
2019,New World ‘Method Traditional’ Cider (disgorged),Core Cider,Core Cider 2017 CORE-upted,🥇 Gold,94.0,Active,Western Australia,Australia,"<a href=""https://corecider.com.au/"">Website</a>","<a href=""https://www.facebook.com/pages/The-CORE-Cider-House/193269374050973"">Facebook</a>","<a href=""https://www.instagram.com/coreciderhouse/"">Instagram</a>","<a href=""https://maps.google.com/?cid=9482101079872958147"">Google</a>","<a href=""https://www.yelp.com/biz/core-cider-pickering-brook-3"">Yelp</a>","<a href=""https://www.tripadvisor.com/Restaurant_Review-g804216-d3191966"">TripAdvisor</a>","<a href=""https://untappd.com/w/core-cider-house/90179"">Untappd</a>"
2019,New World ‘Method Traditional’ Cider (disgorged),Core Cider,Core Cider 2015 CORE-upted,🥇 Gold,92.5,Active,Western Australia,Australia,"<a href=""https://corecider.com.au/"">Website</a>","<a href=""https://www.facebook.com/pages/The-CORE-Cider-House/193269374050973"">Facebook</a>","<a href=""https://www.instagram.com/coreciderhouse/"">Instagram</a>","<a href=""https://maps.google.com/?cid=9482101079872958147"">Google</a>","<a href=""https://www.yelp.com/biz/core-cider-pickering-brook-3"">Yelp</a>","<a href=""https://www.tripadvisor.com/Restaurant_Review-g804216-d3191966"">TripAdvisor</a>","<a href=""https://untappd.com/w/core-cider-house/90179"">Untappd</a>"
2019,New World ‘Method Traditional’ Cider (disgorged),Small Acres Cyder,Small Acres Cyder 2016 Sparkling,🥈 Silver,89.0,Active,New South Wales,Australia,"<a href=""https://www.smallacrescyder.com.au/"">Website</a>","<a href=""https://www.facebook.com/SmallAcresCyder"">Facebook</a>","<a href=""https://www.instagram.com/smallacrescyder"">Instagram</a>","<a href=""https://maps.google.com/?cid=1497457670374953580"">Google</a>",,"<a href=""https://www.tripadvisor.com/Attraction_Review-g2642455-d5991203"">TripAdvisor</a>","<a href=""https://untappd.com/brewery/14584"">Untappd</a>"
2019,New World ‘Method Traditional’ Cider (disgorged),Carmel Cider Co.,Apple 15,🥈 Silver,86.0,Active,Western Australia,Australia,"<a href=""https://carmelcider.com.au/"">Website</a>",,"<a href=""https://www.instagram.com/carmel_cider"">Instagram</a>","<a href=""https://maps.google.com/?cid=9888810503901269588"">Google</a>",,,"<a href=""https://untappd.com/CarmelCiderCompany"">Untappd</a>"
2019,New World ‘Method Traditional’ Cider (disgorged),Core Cider,Core Cider 2018 CORE-upted,🥉 Bronze,80.0,Active,Western Australia,Australia,"<a href=""https://corecider.com.au/"">Website</a>","<a href=""https://www.facebook.com/pages/The-CORE-Cider-House/193269374050973"">Facebook</a>","<a href=""https://www.instagram.com/coreciderhouse/"">Instagram</a>","<a href=""https://maps.google.com/?cid=9482101079872958147"">Google</a>","<a href=""https://www.yelp.com/biz/core-cider-pickering-brook-3"">Yelp</a>","<a href=""https://www.tripadvisor.com/Restaurant_Review-g804216-d3191966"">TripAdvisor</a>","<a href=""https://untappd.com/w/core-cider-house/90179"">Untappd</a>"
2019,New World ‘Method Traditional’ Cider (disgorged),Carmel Cider Co.,Tree Ripened Apple,🥉 Bronze,78.3,Active,Western Australia,Australia,"<a href=""https://carmelcider.com.au/"">Website</a>",,"<a href=""https://www.instagram.com/carmel_cider"">Instagram</a>","<a href=""https://maps.google.com/?cid=9888810503901269588"">Google</a>",,,"<a href=""https://untappd.com/CarmelCiderCompany"">Untappd</a>"
2019,Traditional Dry Cider,Hart's Farm,Hart's Farm Dry Cider,🥇 Gold,92.5,Active,Victoria,Australia,"<a href=""https://www.hartsfarm.com.au/"">Website</a>","<a href=""https://www.facebook.com/Hartsfarm.morningtonpeninsula"">Facebook</a>","<a href=""https://www.instagram.com/hartsfarm"">Instagram</a>","<a href=""https://maps.google.com/?cid=10474103931088012940"">Google</a>",,"<a href=""https://www.tripadvisor.com/Attraction_Review-g552256-d2477464"">TripAdvisor</a>","<a href=""https://untappd.com/w/hart-s-farm/278622"">Untappd</a>"
2019,Traditional Dry Cider,Learmonth Cider,321 Traditional Still 2016,🥈 Silver,92,Active,Victoria,Australia,"<a href=""https://learmonthcider.com.au/"">Website</a>","<a href=""https://www.facebook.com/profile.php?id=100069530773568"">Facebook</a>",,,,,"<a href=""https://untappd.com/w/321-learmonth/90115"">Untappd</a>"
2019,Traditional Dry Cider,King Valley Cider Co.,Malus Cider 'Robusta',🥈 Silver,90.0,Inactive,Victoria,Australia,,,,,,,
2019,Traditional Dry Cider,3 Sons Cider,3 Sons Cider - Kingston Black,🥈 Silver,88.0,Active,Australian Capital Territory,Australia,"<a href=""http://www.3sonscider.com.au/"">Website</a>","<a href=""https://www.facebook.com/3SonsCider/"">Facebook</a>","<a href=""https://www.instagram.com/3sonscider/"">Instagram</a>","<a href=""https://maps.google.com/?cid=16285596579467432961"">Google</a>",,,"<a href=""https://untappd.com/3sonscider"">Untappd</a>"
2019,Traditional Dry Cider,Cheeky Grog Co,Secret Seven,🥉 Bronze,80.0,Active,Victoria,Australia,"<a href=""https://cheekygrogco.com/"">Website</a>","<a href=""https://www.facebook.com/cheekygrogco"">Facebook</a>","<a href=""https://www.instagram.com/cheekygrogco/"">Instagram</a>","<a href=""https://maps.google.com/?cid=18312852297094426661"">Google</a>","<a href=""https://www.yelp.com/biz/cheeky-grog-co-bunbartha"">Yelp</a>","<a href=""https://www.tripadvisor.com/Attraction_Review-g12263922-d10807488"">TripAdvisor</a>","<a href=""https://untappd.com/w/cheeky-grog-co/247399"">Untappd</a>"
2019,Traditional Dry Cider,Denmark Heritage Cider Company,Percy Chicken's Authentic Draught Scrumpy,🥉 Bronze,79.3,Active,Western Australia,Australia,"<a href=""https://www.dhcco.com.au/"">Website</a>","<a href=""https://www.facebook.com/WArealcider"">Facebook</a>","<a href=""https://www.instagram.com/warealcider"">Instagram</a>","<a href=""https://maps.google.com/?cid=2839589146160465137"">Google</a>",,"<a href=""https://www.tripadvisor.com/Attraction_Review-g6000774-d12559098"">TripAdvisor</a>","<a href=""https://untappd.com/w/the-denmark-heritage-cider-company/359689"">Untappd</a>"
2019,Traditional Dry Cider,Lobo Cider,LOBO Norman,🥉 Bronze,78.7,Active,South Australia,Australia,"<a href=""https://www.lobocider.com.au/"">Website</a>","<a href=""https://www.facebook.com/LOBOcider/"">Facebook</a>","<a href=""https://www.instagram.com/lobocider"">Instagram</a>",,,,"<a href=""https://untappd.com/brewery/8446"">Untappd</a>"
2019,Traditional Dry Cider,Cheeky Grog Co,Marenny Vale 2004 Vintage,🥉 Bronze,77.5,Active,Victoria,Australia,"<a href=""https://cheekygrogco.com/"">Website</a>","<a href=""https://www.facebook.com/cheekygrogco"">Facebook</a>","<a href=""https://www.instagram.com/cheekygrogco/"">Instagram</a>","<a href=""https://maps.google.com/?cid=18312852297094426661"">Google</a>","<a href=""https://www.yelp.com/biz/cheeky-grog-co-bunbartha"">Yelp</a>","<a href=""https://www.tripadvisor.com/Attraction_Review-g12263922-d10807488"">TripAdvisor</a>","<a href=""https://untappd.com/w/cheeky-grog-co/247399"">Untappd</a>"
2019,Traditional Dry Cider,Surges Bay Orchard,SBO Sturmer Pippin,🥉 Bronze,77.5,Inactive,Tasmania,Australia,,,,,,,
2019,Traditional Medium Cider,Willie Smith's,Willie Smith's French Blend,🥇 Gold,93.0,Active,Tasmania,Australia,"<a href=""https://www.williesmiths.com.au/"">Website</a>","<a href=""https://www.facebook.com/pages/Willie-Smiths-Organic-Cider/260319247336198"">Facebook</a>","<a href=""https://www.instagram.com/williesmithscider/"">Instagram</a>","<a href=""https://maps.google.com/?cid=16057012530083496420"">Google</a>","<a href=""https://www.yelp.com/biz/willie-smith-s-apple-shed-grove"">Yelp</a>","<a href=""https://www.tripadvisor.com/Restaurant_Review-g1175547-d7911074"">TripAdvisor</a>","<a href=""https://untappd.com/WilliamSmithandSons"">Untappd</a>"
2019,Traditional Medium Cider,Willie Smith's,Willie Smith's Traditional,🥈 Silver,85.7,Active,Tasmania,Australia,"<a href=""https://www.williesmiths.com.au/"">Website</a>","<a href=""https://www.facebook.com/pages/Willie-Smiths-Organic-Cider/260319247336198"">Facebook</a>","<a href=""https://www.instagram.com/williesmithscider/"">Instagram</a>","<a href=""https://maps.google.com/?cid=16057012530083496420"">Google</a>","<a href=""https://www.yelp.com/biz/willie-smith-s-apple-shed-grove"">Yelp</a>","<a href=""https://www.tripadvisor.com/Restaurant_Review-g1175547-d7911074"">TripAdvisor</a>","<a href=""https://untappd.com/WilliamSmithandSons"">Untappd</a>"
2019,Traditional Medium Cider,Daylesford Cider Company,Daylesford Cider - Wild,🥈 Silver,85.2,Active,Victoria,Australia,"<a href=""https://daylesfordcider.com.au/"">Website</a>","<a href=""https://www.facebook.com/DaylesfordCider"">Facebook</a>","<a href=""https://www.instagram.com/daylesfordcider/"">Instagram</a>","<a href=""https://maps.google.com/?cid=3704200538482217988"">Google</a>",,"<a href=""https://www.tripadvisor.com/Attraction_Review-g2533620-d4506486"">TripAdvisor</a>","<a href=""https://untappd.com/w/daylesford-cider-company/15899"">Untappd</a>"
2019,Traditional Medium Cider,Daylesford Cider Company,Daylesford Cider - Arf n Arf,🥈 Silver,85.0,Active,Victoria,Australia,"<a href=""https://daylesfordcider.com.au/"">Website</a>","<a href=""https://www.facebook.com/DaylesfordCider"">Facebook</a>","<a href=""https://www.instagram.com/daylesfordcider/"">Instagram</a>","<a href=""https://maps.google.com/?cid=3704200538482217988"">Google</a>",,"<a href=""https://www.tripadvisor.com/Attraction_Review-g2533620-d4506486"">TripAdvisor</a>","<a href=""https://untappd.com/w/daylesford-cider-company/15899"">Untappd</a>"
2019,Traditional Medium Cider,Adams Cider Company,Devils Bit Mountain Cider,🥈 Silver,85.0,Active,Tipperary,Ireland,,"<a href=""https://www.facebook.com/devilsbitcider"">Facebook</a>","<a href=""https://www.instagram.com/devilsbitcider/"">Instagram</a>",,,,"<a href=""https://untappd.com/AdamsCiderCompany"">Untappd</a>"
2019,Traditional Medium Cider,Willie Smith's,Willie Smith's Kingston Black,🥈 Silver,85.0,Active,Tasmania,Australia,"<a href=""https://www.williesmiths.com.au/"">Website</a>","<a href=""https://www.facebook.com/pages/Willie-Smiths-Organic-Cider/260319247336198"">Facebook</a>","<a href=""https://www.instagram.com/williesmithscider/"">Instagram</a>","<a href=""https://maps.google.com/?cid=16057012530083496420"">Google</a>","<a href=""https://www.yelp.com/biz/willie-smith-s-apple-shed-grove"">Yelp</a>","<a href=""https://www.tripadvisor.com/Restaurant_Review-g1175547-d7911074"">TripAdvisor</a>","<a href=""https://untappd.com/WilliamSmithandSons"">Untappd</a>"
2019,Traditional Medium Cider,Spreyton Cider Co.,Spreyton Cider Co - Kingston Black 2019,🥉 Bronze,83.5,Active,Tasmania,Australia,"<a href=""https://www.spreytonciderco.com.au/"">Website</a>","<a href=""https://www.facebook.com/SpreytonCiderCo"">Facebook</a>","<a href=""https://www.instagram.com/spreytonciderco/"">Instagram</a>","<a href=""https://maps.google.com/?cid=4719454766033276507"">Google</a>","<a href=""https://www.yelp.com/biz/spreyton-cider-co-spreyton-2"">Yelp</a>","<a href=""https://www.tripadvisor.com/Attraction_Review-g504292-d3738226"">TripAdvisor</a>","<a href=""https://untappd.com/SpreytonCiderCo"">Untappd</a>"
2019,Traditional Medium Cider,Kangaroo Island Ciders,Colony Cove 2019 Original Cider,🥉 Bronze,82.1,Active,South Australia,Australia,"<a href=""https://www.kangarooislandciders.com.au/"">Website</a>",,,"<a href=""https://maps.google.com/?cid=7120331639179318476"">Google</a>",,,"<a href=""https://untappd.com/w/kangaroo-island-ciders/62318"">Untappd</a>"
2019,Traditional Medium Cider,3 Sons Cider,3 Sons Cider - Naughty Nanna,🥉 Bronze,82.0,Active,Australian Capital Territory,Australia,"<a href=""http://www.3sonscider.com.au/"">Website</a>","<a href=""https://www.facebook.com/3SonsCider/"">Facebook</a>","<a href=""https://www.instagram.com/3sonscider/"">Instagram</a>","<a href=""https://maps.google.com/?cid=16285596579467432961"">Google</a>",,,"<a href=""https://untappd.com/3sonscider"">Untappd</a>"
2019,Traditional Medium Cider,Daylesford Cider Company,Daylesford Cider - Bulmers Norman Cider,🥉 Bronze,82.0,Active,Victoria,Australia,"<a href=""https://daylesfordcider.com.au/"">Website</a>","<a href=""https://www.facebook.com/DaylesfordCider"">Facebook</a>","<a href=""https://www.instagram.com/daylesfordcider/"">Instagram</a>","<a href=""https://maps.google.com/?cid=3704200538482217988"">Google</a>",,"<a href=""https://www.tripadvisor.com/Attraction_Review-g2533620-d4506486"">TripAdvisor</a>","<a href=""https://untappd.com/w/daylesford-cider-company/15899"">Untappd</a>"
2019,Traditional Medium Cider,Lobo Cider,LOBO Trad,🥉 Bronze,82.0,Active,South Australia,Australia,"<a href=""https://www.lobocider.com.au/"">Website</a>","<a href=""https://www.facebook.com/LOBOcider/"">Facebook</a>","<a href=""https://www.instagram.com/lobocider"">Instagram</a>",,,,"<a href=""https://untappd.com/brewery/8446"">Untappd</a>"
2019,Traditional Medium Cider,Spreyton Cider Co.,Spreyton Cider Co - Cidermakers Select 2017 - The Big Q,🥉 Bronze,79.3,Active,Tasmania,Australia,"<a href=""https://www.spreytonciderco.com.au/"">Website</a>","<a href=""https://www.facebook.com/SpreytonCiderCo"">Facebook</a>","<a href=""https://www.instagram.com/spreytonciderco/"">Instagram</a>","<a href=""https://maps.google.com/?cid=4719454766033276507"">Google</a>","<a href=""https://www.yelp.com/biz/spreyton-cider-co-spreyton-2"">Yelp</a>","<a href=""https://www.tripadvisor.com/Attraction_Review-g504292-d3738226"">TripAdvisor</a>","<a href=""https://untappd.com/SpreytonCiderCo"">Untappd</a>"
2019,Traditional Medium Cider,Learmonth Cider,321 Heritage,🥉 Bronze,79.0,Active,Victoria,Australia,"<a href=""https://learmonthcider.com.au/"">Website</a>","<a href=""https://www.facebook.com/profile.php?id=100069530773568"">Facebook</a>",,,,,"<a href=""https://untappd.com/w/321-learmonth/90115"">Untappd</a>"
2019,Traditional Medium Sweet Cider,Kangaroo Island Ciders,Colony Cove 2018 Draught Cider,🥇 Gold,97.0,Active,South Australia,Australia,"<a href=""https://www.kangarooislandciders.com.au/"">Website</a>",,,"<a href=""https://maps.google.com/?cid=7120331639179318476"">Google</a>",,,"<a href=""https://untappd.com/w/kangaroo-island-ciders/62318"">Untappd</a>"
2019,Traditional Medium Sweet Cider,Zeffer,Zeffer Cidre Demi-Sec,🥇 Gold,92.5,Active,Hawke's Bay,New Zealand,"<a href=""https://zeffer.co.nz/"">Website</a>","<a href=""https://www.facebook.com/zefferdrinks/"">Facebook</a>","<a href=""https://www.instagram.com/zefferdrinks/"">Instagram</a>","<a href=""https://maps.google.com/?cid=13931145990495161499"">Google</a>",,"<a href=""https://www.tripadvisor.com/Attraction_Review-g255680-d15328989"">TripAdvisor</a>","<a href=""https://untappd.com/Zeffer"">Untappd</a>"
2019,Traditional Medium Sweet Cider,Kangaroo Island Ciders,Colony Cove 2019 Draught Cider,🥈 Silver,87.0,Active,South Australia,Australia,"<a href=""https://www.kangarooislandciders.com.au/"">Website</a>",,,"<a href=""https://maps.google.com/?cid=7120331639179318476"">Google</a>",,,"<a href=""https://untappd.com/w/kangaroo-island-ciders/62318"">Untappd</a>"
2019,Traditional Medium Sweet Cider,Seven Oaks Farmhouse Cider,Seven Oaks Farmhouse Cider,🥉 Bronze,79.7,Active,Victoria,Australia,"<a href=""https://www.sevenoakscider.com.au/"">Website</a>","<a href=""https://www.facebook.com/sevenoakscider/"">Facebook</a>","<a href=""https://www.instagram.com/sevenoaksfarmhouse"">Instagram</a>","<a href=""https://maps.google.com/?cid=8084176422687381883"">Google</a>",,,"<a href=""https://untappd.com/w/seven-oaks-farmhouse-cider/17183"">Untappd</a>"
2019,Traditional Sweet Cider,Lobo Cider,LOBO Royale,🥈 Silver,89.0,Active,South Australia,Australia,"<a href=""https://www.lobocider.com.au/"">Website</a>","<a href=""https://www.facebook.com/LOBOcider/"">Facebook</a>","<a href=""https://www.instagram.com/lobocider"">Instagram</a>",,,,"<a href=""https://untappd.com/brewery/8446"">Untappd</a>"
2019,Traditional Sweet Cider,Daylesford Cider Company,Daylesford Cider - Sweet Coppin,🥉 Bronze,79.0,Active,Victoria,Australia,"<a href=""https://daylesfordcider.com.au/"">Website</a>","<a href=""https://www.facebook.com/DaylesfordCider"">Facebook</a>","<a href=""https://www.instagram.com/daylesfordcider/"">Instagram</a>","<a href=""https://maps.google.com/?cid=3704200538482217988"">Google</a>",,"<a href=""https://www.tripadvisor.com/Attraction_Review-g2533620-d4506486"">TripAdvisor</a>","<a href=""https://untappd.com/w/daylesford-cider-company/15899"">Untappd</a>"
2019,Traditional ‘Method Traditional’ Cider (disgorged),Flying Brick Cider,Flying Brick Cider Co MC Cider,🥇 Gold,97.0,Active,Victoria,Australia,"<a href=""https://flyingbrickciderco.com.au/"">Website</a>","<a href=""https://www.facebook.com/flyingbrickciderco"">Facebook</a>","<a href=""https://www.instagram.com/flyingbrickciderco/"">Instagram</a>","<a href=""https://maps.google.com/?cid=413601929230884265"">Google</a>","<a href=""https://www.yelp.com/biz/flying-brick-cider-co-wallington-2"">Yelp</a>","<a href=""https://www.tripadvisor.com/Restaurant_Review-g1937720-d7332877"">TripAdvisor</a>","<a href=""https://untappd.com/brewery/33883"">Untappd</a>"
2019,Traditional ‘Method Traditional’ Cider (disgorged),St Ronan's Cider,St Ronan's Method Traditional Apple Cider,🥇 Gold,95.0,Active,Victoria,Australia,"<a href=""https://stronanscider.com.au/"">Website</a>","<a href=""https://www.facebook.com/StRonansCider"">Facebook</a>","<a href=""https://www.instagram.com/st_ronans_cider/"">Instagram</a>","<a href=""https://maps.google.com/?cid=1347860416011573691"">Google</a>",,,"<a href=""https://untappd.com/StRonansCider"">Untappd</a>"
2019,Traditional ‘Method Traditional’ Cider (disgorged),Denmark Heritage Cider Company,Denmark Heritage Cider Company Blend 16 Natural,🥇 Gold,93.0,Active,Western Australia,Australia,"<a href=""https://www.dhcco.com.au/"">Website</a>","<a href=""https://www.facebook.com/WArealcider"">Facebook</a>","<a href=""https://www.instagram.com/warealcider"">Instagram</a>","<a href=""https://maps.google.com/?cid=2839589146160465137"">Google</a>",,"<a href=""https://www.tripadvisor.com/Attraction_Review-g6000774-d12559098"">TripAdvisor</a>","<a href=""https://untappd.com/w/the-denmark-heritage-cider-company/359689"">Untappd</a>"
2019,Traditional ‘Method Traditional’ Cider (disgorged),Small Acres Cyder,Small Acres Cyder 2015 Cat's Pyjamas,🥈 Silver,85.3,Active,New South Wales,Australia,"<a href=""https://www.smallacrescyder.com.au/"">Website</a>","<a href=""https://www.facebook.com/SmallAcresCyder"">Facebook</a>","<a href=""https://www.instagram.com/smallacrescyder"">Instagram</a>","<a href=""https://maps.google.com/?cid=1497457670374953580"">Google</a>",,"<a href=""https://www.tripadvisor.com/Attraction_Review-g2642455-d5991203"">TripAdvisor</a>","<a href=""https://untappd.com/brewery/14584"">Untappd</a>"
2019,Traditional ‘Method Traditional’ Cider (disgorged),3 Sons Cider,3 Sons Cider - Methode Traditonal,🥉 Bronze,84.1,Active,Australian Capital Territory,Australia,"<a href=""http://www.3sonscider.com.au/"">Website</a>","<a href=""https://www.facebook.com/3SonsCider/"">Facebook</a>","<a href=""https://www.instagram.com/3sonscider/"">Instagram</a>","<a href=""https://maps.google.com/?cid=16285596579467432961"">Google</a>",,,"<a href=""https://untappd.com/3sonscider"">Untappd</a>"
2019,Traditional ‘Method Traditional’ Cider (disgorged),Denmark Heritage Cider Company,Denmark Heritage Cider Co. Blend 2017 Medium Dry,🥉 Bronze,83.7,Active,Western Australia,Australia,"<a href=""https://www.dhcco.com.au/"">Website</a>","<a href=""https://www.facebook.com/WArealcider"">Facebook</a>","<a href=""https://www.instagram.com/warealcider"">Instagram</a>","<a href=""https://maps.google.com/?cid=2839589146160465137"">Google</a>",,"<a href=""https://www.tripadvisor.com/Attraction_Review-g6000774-d12559098"">TripAdvisor</a>","<a href=""https://untappd.com/w/the-denmark-heritage-cider-company/359689"">Untappd</a>"
2019,Traditional ‘Method Traditional’ Cider (disgorged),Denmark Heritage Cider Company,Denmark Heritage Cider Company Blend 16 Medium,🥉 Bronze,83.0,Active,Western Australia,Australia,"<a href=""https://www.dhcco.com.au/"">Website</a>","<a href=""https://www.facebook.com/WArealcider"">Facebook</a>","<a href=""https://www.instagram.com/warealcider"">Instagram</a>","<a href=""https://maps.google.com/?cid=2839589146160465137"">Google</a>",,"<a href=""https://www.tripadvisor.com/Attraction_Review-g6000774-d12559098"">TripAdvisor</a>","<a href=""https://untappd.com/w/the-denmark-heritage-cider-company/359689"">Untappd</a>"
2019,Traditional ‘Method Traditional’ Cider (disgorged),Denmark Heritage Cider Company,Denmark Heritage Cider Company Blend 15 Medium Dry,🥉 Bronze,80.2,Active,Western Australia,Australia,"<a href=""https://www.dhcco.com.au/"">Website</a>","<a href=""https://www.facebook.com/WArealcider"">Facebook</a>","<a href=""https://www.instagram.com/warealcider"">Instagram</a>","<a href=""https://maps.google.com/?cid=2839589146160465137"">Google</a>",,"<a href=""https://www.tripadvisor.com/Attraction_Review-g6000774-d12559098"">TripAdvisor</a>","<a href=""https://untappd.com/w/the-denmark-heritage-cider-company/359689"">Untappd</a>"
2019,Traditional ‘Method Traditional’ Cider (disgorged),Willie Smith's,Willie Smith's Methode Traditionelle,🥉 Bronze,80.0,Active,Tasmania,Australia,"<a href=""https://www.williesmiths.com.au/"">Website</a>","<a href=""https://www.facebook.com/pages/Willie-Smiths-Organic-Cider/260319247336198"">Facebook</a>","<a href=""https://www.instagram.com/williesmithscider/"">Instagram</a>","<a href=""https://maps.google.com/?cid=16057012530083496420"">Google</a>","<a href=""https://www.yelp.com/biz/willie-smith-s-apple-shed-grove"">Yelp</a>","<a href=""https://www.tripadvisor.com/Restaurant_Review-g1175547-d7911074"">TripAdvisor</a>","<a href=""https://untappd.com/WilliamSmithandSons"">Untappd</a>"
2019,Traditional ‘Method Traditional’ Cider (disgorged),Adam's Evening Cider,Adam’s Evening Extra Special Night Tonic,🥉 Bronze,79.7,Inactive,Victoria,Australia,,,,,,,
2019,Traditional ‘Method Traditional’ Cider (disgorged),Denmark Heritage Cider Company,Denmark Heritage Cider Co. Blend 2017 Natural Dry,🥉 Bronze,79.6,Active,Western Australia,Australia,"<a href=""https://www.dhcco.com.au/"">Website</a>","<a href=""https://www.facebook.com/WArealcider"">Facebook</a>","<a href=""https://www.instagram.com/warealcider"">Instagram</a>","<a href=""https://maps.google.com/?cid=2839589146160465137"">Google</a>",,"<a href=""https://www.tripadvisor.com/Attraction_Review-g6000774-d12559098"">TripAdvisor</a>","<a href=""https://untappd.com/w/the-denmark-heritage-cider-company/359689"">Untappd</a>"
2019,Traditional ‘Method Traditional’ Cider (disgorged),Denmark Heritage Cider Company,Denmark Heritage Cider Co. Blend 2017. Rich.,🥉 Bronze,78.3,Active,Western Australia,Australia,"<a href=""https://www.dhcco.com.au/"">Website</a>","<a href=""https://www.facebook.com/WArealcider"">Facebook</a>","<a href=""https://www.instagram.com/warealcider"">Instagram</a>","<a href=""https://maps.google.com/?cid=2839589146160465137"">Google</a>",,"<a href=""https://www.tripadvisor.com/Attraction_Review-g6000774-d12559098"">TripAdvisor</a>","<a href=""https://untappd.com/w/the-denmark-heritage-cider-company/359689"">Untappd</a>"
2019,New World Dry Perry,Ninch Cider,Ninch Cider Parsons Bay Perry,🥉 Bronze,80.8,Active,Tasmania,Australia,,,"<a href=""https://www.instagram.com/ninchcider/"">Instagram</a>","<a href=""https://maps.google.com/?cid=10134826457369794124"">Google</a>",,,
2019,New World Dry Perry,ALDI Stores Australia,Devil's Orchard Pear Cider,🥉 Bronze,79.5,Active,New South Wales,Australia,"<a href=""https://www.aldi.com.au/"">Website</a>",,,,,,"<a href=""https://untappd.com/w/aldi-stores-australia/92570"">Untappd</a>"
2019,New World Medium Perry,Yarra Valley Cider,Yarra Valley Cider Pure Pear,🥈 Silver,87.0,Active,Victoria,Australia,"<a href=""http://www.yarravalleycider.com.au/"">Website</a>","<a href=""https://www.facebook.com/YarraValleyCider/"">Facebook</a>","<a href=""https://www.instagram.com/yarravalleycider/"">Instagram</a>",,,,"<a href=""https://untappd.com/w/yarra-valley-cider/57524"">Untappd</a>"
2019,New World Medium Perry,Napoleone Cider,Napoleone Pear Cider,🥉 Bronze,79.5,Active,Victoria,Australia,"<a href=""https://napoleone.com.au/"">Website</a>","<a href=""https://www.facebook.com/napoleoneorchardbar"">Facebook</a>","<a href=""https://www.instagram.com/napoleonecider"">Instagram</a>","<a href=""https://maps.google.com/?cid=3472985488113617215"">Google</a>","<a href=""https://www.yelp.com/biz/napoleone-brewery-and-ciderhouse-coldstream"">Yelp</a>","<a href=""https://www.tripadvisor.com/Attraction_Review-g1205102-d7980976"">TripAdvisor</a>","<a href=""https://untappd.com/brewery/3800"">Untappd</a>"
2019,New World Medium Perry,Sydney Brewery,Sydney Brewery Manly Perry,🥉 Bronze,78.7,Active,New South Wales,Australia,"<a href=""https://sydneybrewery.com/"">Website</a>","<a href=""https://www.facebook.com/SydneyBrewery/"">Facebook</a>","<a href=""https://www.instagram.com/sydneybrewery/"">Instagram</a>","<a href=""https://maps.google.com/?cid=6674617705014025022"">Google</a>",,"<a href=""https://www.tripadvisor.com/Restaurant_Review-g23197656-d15602287"">TripAdvisor</a>","<a href=""https://untappd.com/SydneyBrewhouse"">Untappd</a>"
2019,New World Medium Perry,Flying Brick Cider,Flying Brick Cider Co Pear Cider,🥉 Bronze,77.7,Active,Victoria,Australia,"<a href=""https://flyingbrickciderco.com.au/"">Website</a>","<a href=""https://www.facebook.com/flyingbrickciderco"">Facebook</a>","<a href=""https://www.instagram.com/flyingbrickciderco/"">Instagram</a>","<a href=""https://maps.google.com/?cid=413601929230884265"">Google</a>","<a href=""https://www.yelp.com/biz/flying-brick-cider-co-wallington-2"">Yelp</a>","<a href=""https://www.tripadvisor.com/Restaurant_Review-g1937720-d7332877"">TripAdvisor</a>","<a href=""https://untappd.com/brewery/33883"">Untappd</a>"
2019,New World Medium Sweet Perry,The Hills Cider Company,"The Hills Cider Company, Pear",🥈 Silver,87.0,Active,South Australia,Australia,,"<a href=""https://www.facebook.com/thehillscidercompany"">Facebook</a>","<a href=""https://www.instagram.com/thehillscidercompany/"">Instagram</a>","<a href=""https://maps.google.com/?cid=40048064327732560"">Google</a>",,,"<a href=""https://untappd.com/thehillscidercompany"">Untappd</a>"
2019,New World Medium Sweet Perry,Fils de Pomme,Fils de Pomme - L'Epatant,🥈 Silver,85.0,Active,Île-de-France,France,"<a href=""https://fils-de-pomme.com/"">Website</a>","<a href=""https://www.facebook.com/filsdepomme"">Facebook</a>","<a href=""https://www.instagram.com/filsdepomme/"">Instagram</a>","<a href=""https://maps.google.com/?cid=8093403779791398976"">Google</a>",,,"<a href=""https://untappd.com/w/fils-de-pa-mme/335627"">Untappd</a>"
2019,New World Medium Sweet Perry,Barossa Cider Co.,The Barossa Cider Co - Squashed Pear Cider,🥈 Silver,85.0,Active,South Australia,Australia,"<a href=""https://barossavalleyciderco.com/"">Website</a>","<a href=""https://www.facebook.com/barossacider/"">Facebook</a>","<a href=""https://www.instagram.com/barossacider.co/"">Instagram</a>",,,,"<a href=""https://untappd.com/TheBarossaValleyCiderCo"">Untappd</a>"
2019,New World Medium Sweet Perry,Frank's Cider,Frank's Summer Pear Cider,🥉 Bronze,81.5,Active,Tasmania,Australia,"<a href=""https://www.frankscider.com.au/"">Website</a>","<a href=""https://www.facebook.com/FranksCider"">Facebook</a>","<a href=""https://www.instagram.com/frankscider/"">Instagram</a>","<a href=""https://maps.google.com/?cid=12281895632138757991"">Google</a>","<a href=""https://www.yelp.com/biz/franks-cider-bar-and-cafe-franklin"">Yelp</a>","<a href=""https://www.tripadvisor.com/Restaurant_Review-g504298-d7270183"">TripAdvisor</a>","<a href=""https://untappd.com/brewery/66943"">Untappd</a>"
2019,New World Medium Sweet Perry,Harcourt Perry & Cider Makers,Harcourt Pear Cider,🥉 Bronze,79.0,Active,Victoria,Australia,"<a href=""https://harcourtcider.com.au/"">Website</a>","<a href=""https://www.facebook.com/HarcourtCider/"">Facebook</a>","<a href=""https://www.instagram.com/harcourtcider/"">Instagram</a>","<a href=""https://maps.google.com/?cid=8775592475109844928"">Google</a>",,,"<a href=""https://untappd.com/w/harcourt-perry-cider-makers/429734"">Untappd</a>"
2019,New World Sweet Perry,Coles Liquor Group,Mr Finch Pear,🥉 Bronze,80.8,Inactive,Victoria,Australia,,,,,,,
2019,New World ‘Method Traditional’ Perry (disgorged),Small Acres Cyder,Small Acres Cyder 2017 Sparkling Perry,🥇 Gold,92.5,Active,New South Wales,Australia,"<a href=""https://www.smallacrescyder.com.au/"">Website</a>","<a href=""https://www.facebook.com/SmallAcresCyder"">Facebook</a>","<a href=""https://www.instagram.com/smallacrescyder"">Instagram</a>","<a href=""https://maps.google.com/?cid=1497457670374953580"">Google</a>",,"<a href=""https://www.tripadvisor.com/Attraction_Review-g2642455-d5991203"">TripAdvisor</a>","<a href=""https://untappd.com/brewery/14584"">Untappd</a>"
2019,New World ‘Method Traditional’ Perry (disgorged),Carmel Cider Co.,Pear,🥈 Silver,86.0,Active,Western Australia,Australia,"<a href=""https://carmelcider.com.au/"">Website</a>",,"<a href=""https://www.instagram.com/carmel_cider"">Instagram</a>","<a href=""https://maps.google.com/?cid=9888810503901269588"">Google</a>",,,"<a href=""https://untappd.com/CarmelCiderCompany"">Untappd</a>"
2019,New World ‘Method Traditional’ Perry (disgorged),St Ronan's Cider,St Ronan's Method Traditional Pear Cider,🥉 Bronze,79.0,Active,Victoria,Australia,"<a href=""https://stronanscider.com.au/"">Website</a>","<a href=""https://www.facebook.com/StRonansCider"">Facebook</a>","<a href=""https://www.instagram.com/st_ronans_cider/"">Instagram</a>","<a href=""https://maps.google.com/?cid=1347860416011573691"">Google</a>",,,"<a href=""https://untappd.com/StRonansCider"">Untappd</a>"
2019,New World ‘Method Traditional’ Perry (disgorged),Napoleone Cider,Napoleone Pear Method Traditional,🥉 Bronze,78.0,Active,Victoria,Australia,"<a href=""https://napoleone.com.au/"">Website</a>","<a href=""https://www.facebook.com/napoleoneorchardbar"">Facebook</a>","<a href=""https://www.instagram.com/napoleonecider"">Instagram</a>","<a href=""https://maps.google.com/?cid=3472985488113617215"">Google</a>","<a href=""https://www.yelp.com/biz/napoleone-brewery-and-ciderhouse-coldstream"">Yelp</a>","<a href=""https://www.tripadvisor.com/Attraction_Review-g1205102-d7980976"">TripAdvisor</a>","<a href=""https://untappd.com/brewery/3800"">Untappd</a>"
2019,Traditional Dry Perry,Lobo Cider,LOBO Dry Pear,🥈 Silver,86.0,Active,South Australia,Australia,"<a href=""https://www.lobocider.com.au/"">Website</a>","<a href=""https://www.facebook.com/LOBOcider/"">Facebook</a>","<a href=""https://www.instagram.com/lobocider"">Instagram</a>",,,,"<a href=""https://untappd.com/brewery/8446"">Untappd</a>"
2019,Traditional ‘Method Traditional’ Perry (disgorged),Frank's Cider,Frank's Methode Traditionelle,🥉 Bronze,83.0,Active,Tasmania,Australia,"<a href=""https://www.frankscider.com.au/"">Website</a>","<a href=""https://www.facebook.com/FranksCider"">Facebook</a>","<a href=""https://www.instagram.com/frankscider/"">Instagram</a>","<a href=""https://maps.google.com/?cid=12281895632138757991"">Google</a>","<a href=""https://www.yelp.com/biz/franks-cider-bar-and-cafe-franklin"">Yelp</a>","<a href=""https://www.tripadvisor.com/Restaurant_Review-g504298-d7270183"">TripAdvisor</a>","<a href=""https://untappd.com/brewery/66943"">Untappd</a>"
2019,Experimental Cider or Perry,Sydney Brewery,Sydney Brewery Agave Ginger Cider,🥈 Silver,85.0,Active,New South Wales,Australia,"<a href=""https://sydneybrewery.com/"">Website</a>","<a href=""https://www.facebook.com/SydneyBrewery/"">Facebook</a>","<a href=""https://www.instagram.com/sydneybrewery/"">Instagram</a>","<a href=""https://maps.google.com/?cid=6674617705014025022"">Google</a>",,"<a href=""https://www.tripadvisor.com/Restaurant_Review-g23197656-d15602287"">TripAdvisor</a>","<a href=""https://untappd.com/SydneyBrewhouse"">Untappd</a>"
2019,Experimental Cider or Perry,Runamuk Cider Co,"Runamuk ""Trickster""",🥉 Bronze,82.3,Active,Western Australia,Australia,"<a href=""https://runamukciderco.com.au/"">Website</a>","<a href=""https://www.facebook.com/RunamukCiderCo/"">Facebook</a>","<a href=""https://www.instagram.com/runamukciderco/"">Instagram</a>",,,,"<a href=""https://untappd.com/w/runamuk-cider-co/430598"">Untappd</a>"
2019,Experimental Cider or Perry,Pure Peninsula Honey,Pure Peninsula Honey Manuka Honey Cider,🥉 Bronze,81.3,Active,Victoria,Australia,"<a href=""https://purepeninsulahoney.com.au/"">Website</a>","<a href=""https://www.facebook.com/purepeninsulahoney"">Facebook</a>","<a href=""https://www.instagram.com/purepeninsulahoney/"">Instagram</a>","<a href=""https://maps.google.com/?cid=2932326746558972212"">Google</a>",,"<a href=""https://www.tripadvisor.com/Attraction_Review-g1773630-d8382184"">TripAdvisor</a>","<a href=""https://untappd.com/w/pure-peninsula-honey/171274"">Untappd</a>"
2019,Experimental Cider or Perry,Cascade Brewing Co.,Mercury Hard Cider Crushed Raspberry,🥉 Bronze,80.3,Active,Tasmania,Australia,"<a href=""https://cascadebrewerybar.com.au/"">Website</a>","<a href=""https://www.facebook.com/cascadebrewerybar"">Facebook</a>","<a href=""https://www.instagram.com/cascadebrewerybar"">Instagram</a>","<a href=""https://maps.google.com/?cid=12138549215731406353"">Google</a>","<a href=""https://www.yelp.com/biz/cascade-brewery-south-hobart-2"">Yelp</a>","<a href=""https://www.tripadvisor.com/Attraction_Review-g255097-d256543"">TripAdvisor</a>","<a href=""https://untappd.com/w/mercury-cider-company/20381"">Untappd</a>"
2019,Experimental Cider or Perry,Spreyton Cider Co.,Spreyton Cider Co - Bitter Cider,🥉 Bronze,80.3,Active,Tasmania,Australia,"<a href=""https://www.spreytonciderco.com.au/"">Website</a>","<a href=""https://www.facebook.com/SpreytonCiderCo"">Facebook</a>","<a href=""https://www.instagram.com/spreytonciderco/"">Instagram</a>","<a href=""https://maps.google.com/?cid=4719454766033276507"">Google</a>","<a href=""https://www.yelp.com/biz/spreyton-cider-co-spreyton-2"">Yelp</a>","<a href=""https://www.tripadvisor.com/Attraction_Review-g504292-d3738226"">TripAdvisor</a>","<a href=""https://untappd.com/SpreytonCiderCo"">Untappd</a>"
2019,Experimental Cider or Perry,Funk Cider,Funk Cider - Sex Machine,🥉 Bronze,80.2,Active,Western Australia,Australia,"<a href=""https://funkdrinks.co/"">Website</a>","<a href=""https://www.facebook.com/funkdrinksco"">Facebook</a>","<a href=""https://www.instagram.com/funkdrinksco/"">Instagram</a>","<a href=""https://maps.google.com/?cid=12976653066917509642"">Google</a>",,,"<a href=""https://untappd.com/FunkCider"">Untappd</a>"
2019,Experimental Cider or Perry,DV Cider House,Darraweit Valley Cider - Oaked Apple Cider,🥉 Bronze,80.1,Active,Victoria,Australia,"<a href=""https://dvcider.com.au/"">Website</a>","<a href=""https://www.facebook.com/darraweitvalleycider/"">Facebook</a>","<a href=""https://www.instagram.com/dvcider/"">Instagram</a>","<a href=""https://maps.google.com/?cid=9100243841087380471"">Google</a>",,"<a href=""https://www.tripadvisor.com/Attraction_Review-g27087874-d21406538"">TripAdvisor</a>","<a href=""https://untappd.com/DarraweitValleyCider"">Untappd</a>"
2019,Apple and Pear Blends,Lobo Cider,LOBO Apple and Pear Cider,🥈 Silver,86.0,Active,South Australia,Australia,"<a href=""https://www.lobocider.com.au/"">Website</a>","<a href=""https://www.facebook.com/LOBOcider/"">Facebook</a>","<a href=""https://www.instagram.com/lobocider"">Instagram</a>",,,,"<a href=""https://untappd.com/brewery/8446"">Untappd</a>"
2019,Apple and Pear Blends,Mock Red Hill,Mock Red Hill Apple & Pear Cider,🥈 Silver,85.0,Active,Victoria,Australia,"<a href=""https://www.mockredhill.com.au/"">Website</a>","<a href=""https://www.facebook.com/pages/Mock-Red-Hill/181240308586996"">Facebook</a>","<a href=""https://www.instagram.com/mockredhill/"">Instagram</a>","<a href=""https://maps.google.com/?cid=10552205982251777171"">Google</a>","<a href=""https://www.yelp.com/biz/mock-orchards-red-hill"">Yelp</a>","<a href=""https://www.tripadvisor.com/Restaurant_Review-g552249-d9793363"">TripAdvisor</a>","<a href=""https://untappd.com/brewery/28770"">Untappd</a>"
2019,Apple and Pear Blends,Barossa Cider Co.,The Barossa Cider Co - Cloudy Cider,🥉 Bronze,82.0,Active,South Australia,Australia,"<a href=""https://barossavalleyciderco.com/"">Website</a>","<a href=""https://www.facebook.com/barossacider/"">Facebook</a>","<a href=""https://www.instagram.com/barossacider.co/"">Instagram</a>",,,,"<a href=""https://untappd.com/TheBarossaValleyCiderCo"">Untappd</a>"
2019,Apple and Pear Blends,DV Cider House,Darraweit Valley Cider - Apple &Pear Cider,🥉 Bronze,79.3,Active,Victoria,Australia,"<a href=""https://dvcider.com.au/"">Website</a>","<a href=""https://www.facebook.com/darraweitvalleycider/"">Facebook</a>","<a href=""https://www.instagram.com/dvcider/"">Instagram</a>","<a href=""https://maps.google.com/?cid=9100243841087380471"">Google</a>",,"<a href=""https://www.tripadvisor.com/Attraction_Review-g27087874-d21406538"">TripAdvisor</a>","<a href=""https://untappd.com/DarraweitValleyCider"">Untappd</a>"
2019,Apple and Pear Blends,Carmel Cider Co.,Apple and Pear,🥉 Bronze,77.5,Active,Western Australia,Australia,"<a href=""https://carmelcider.com.au/"">Website</a>",,"<a href=""https://www.instagram.com/carmel_cider"">Instagram</a>","<a href=""https://maps.google.com/?cid=9888810503901269588"">Google</a>",,,"<a href=""https://untappd.com/CarmelCiderCompany"">Untappd</a>"
2019,Cider or Perry with Fruit,Rusty Bike Wines & Ciders,Easy Rider Blood Orange Cider,🥈 Silver,89.0,Active,South Australia,Australia,"<a href=""https://rustybike.com.au/"">Website</a>","<a href=""https://www.facebook.com/rustybike.com.au/"">Facebook</a>","<a href=""https://www.instagram.com/rustybikewines/"">Instagram</a>","<a href=""https://maps.google.com/?cid=2086180301930276726"">Google</a>",,,"<a href=""https://untappd.com/w/rusty-bike-wines-ciders/424227"">Untappd</a>"
2019,Cider or Perry with Fruit,Hart's Farm,"Hart's Farm Quince, Pear & Apple Cider",🥉 Bronze,83.0,Active,Victoria,Australia,"<a href=""https://www.hartsfarm.com.au/"">Website</a>","<a href=""https://www.facebook.com/Hartsfarm.morningtonpeninsula"">Facebook</a>","<a href=""https://www.instagram.com/hartsfarm"">Instagram</a>","<a href=""https://maps.google.com/?cid=10474103931088012940"">Google</a>",,"<a href=""https://www.tripadvisor.com/Attraction_Review-g552256-d2477464"">TripAdvisor</a>","<a href=""https://untappd.com/w/hart-s-farm/278622"">Untappd</a>"
2019,Cider or Perry with Fruit,Cheeky Tiki Cider,Cheeky Tiki - Orange and Ginger Cider,🥉 Bronze,82.0,Active,Queensland,Australia,"<a href=""https://www.ohanawinery.com.au/"">Website</a>","<a href=""https://www.facebook.com/OhanaWinery"">Facebook</a>","<a href=""https://www.instagram.com/cheekytikicider/"">Instagram</a>",,,"<a href=""https://www.tripadvisor.com/Attraction_Review-g255334-d15052083"">TripAdvisor</a>","<a href=""https://untappd.com/CheekyTiki"">Untappd</a>"
2019,Cider or Perry with Fruit,Cheeky Grog Co,Cheeky Cactus,🥉 Bronze,80.0,Active,Victoria,Australia,"<a href=""https://cheekygrogco.com/"">Website</a>","<a href=""https://www.facebook.com/cheekygrogco"">Facebook</a>","<a href=""https://www.instagram.com/cheekygrogco/"">Instagram</a>","<a href=""https://maps.google.com/?cid=18312852297094426661"">Google</a>","<a href=""https://www.yelp.com/biz/cheeky-grog-co-bunbartha"">Yelp</a>","<a href=""https://www.tripadvisor.com/Attraction_Review-g12263922-d10807488"">TripAdvisor</a>","<a href=""https://untappd.com/w/cheeky-grog-co/247399"">Untappd</a>"
2019,Cider or Perry with Fruit,Zeffer,Zeffer Cider Co. Apple and Passionfruit Cider,🥉 Bronze,79.7,Active,Hawke's Bay,New Zealand,"<a href=""https://zeffer.co.nz/"">Website</a>","<a href=""https://www.facebook.com/zefferdrinks/"">Facebook</a>","<a href=""https://www.instagram.com/zefferdrinks/"">Instagram</a>","<a href=""https://maps.google.com/?cid=13931145990495161499"">Google</a>",,"<a href=""https://www.tripadvisor.com/Attraction_Review-g255680-d15328989"">TripAdvisor</a>","<a href=""https://untappd.com/Zeffer"">Untappd</a>"
2019,Cider or Perry with Fruit,Fils de Pomme,Fils de Pomme - La Coquette,🥉 Bronze,78.0,Active,Île-de-France,France,"<a href=""https://fils-de-pomme.com/"">Website</a>","<a href=""https://www.facebook.com/filsdepomme"">Facebook</a>","<a href=""https://www.instagram.com/filsdepomme/"">Instagram</a>","<a href=""https://maps.google.com/?cid=8093403779791398976"">Google</a>",,,"<a href=""https://untappd.com/w/fils-de-pa-mme/335627"">Untappd</a>"
2019,Cider or Perry with Fruit,Funk Cider,Funk Cider - Pineapple Cider,🥉 Bronze,78.0,Active,Western Australia,Australia,"<a href=""https://funkdrinks.co/"">Website</a>","<a href=""https://www.facebook.com/funkdrinksco"">Facebook</a>","<a href=""https://www.instagram.com/funkdrinksco/"">Instagram</a>","<a href=""https://maps.google.com/?cid=12976653066917509642"">Google</a>",,,"<a href=""https://untappd.com/FunkCider"">Untappd</a>"
2019,Cider or Perry with Fruit,Cheeky Tiki Cider,Cheeky Tiki - Passionfruit Cider,🥉 Bronze,78.0,Active,Queensland,Australia,"<a href=""https://www.ohanawinery.com.au/"">Website</a>","<a href=""https://www.facebook.com/OhanaWinery"">Facebook</a>","<a href=""https://www.instagram.com/cheekytikicider/"">Instagram</a>",,,"<a href=""https://www.tripadvisor.com/Attraction_Review-g255334-d15052083"">TripAdvisor</a>","<a href=""https://untappd.com/CheekyTiki"">Untappd</a>"
2019,Cider or Perry with Fruit,Hope Estate,FKA Passionfruit Cider,🥉 Bronze,78.0,Active,New South Wales,Australia,"<a href=""https://www.hopeestate.com.au/"">Website</a>","<a href=""https://www.facebook.com/hopeestate"">Facebook</a>","<a href=""https://www.instagram.com/hopeestate"">Instagram</a>","<a href=""https://maps.google.com/?cid=2618263440002047371"">Google</a>","<a href=""https://www.yelp.com/biz/hope-estate-pokolbin"">Yelp</a>","<a href=""https://www.tripadvisor.com/Attraction_Review-g255328-d2459878"">TripAdvisor</a>","<a href=""https://untappd.com/HopeEstate"">Untappd</a>"
2019,Cider or Perry with Fruit,Byron Bay Wild Cider,Byron Bay Wild Cider,🥉 Bronze,77.7,Inactive,Queensland,Australia,,,,,,,
2019,Cider or Perry with Fruit,Spreyton Cider Co.,Spreyton Cider Co - Apple and Raspberry Cider,🥉 Bronze,77.5,Active,Tasmania,Australia,"<a href=""https://www.spreytonciderco.com.au/"">Website</a>","<a href=""https://www.facebook.com/SpreytonCiderCo"">Facebook</a>","<a href=""https://www.instagram.com/spreytonciderco/"">Instagram</a>","<a href=""https://maps.google.com/?cid=4719454766033276507"">Google</a>","<a href=""https://www.yelp.com/biz/spreyton-cider-co-spreyton-2"">Yelp</a>","<a href=""https://www.tripadvisor.com/Attraction_Review-g504292-d3738226"">TripAdvisor</a>","<a href=""https://untappd.com/SpreytonCiderCo"">Untappd</a>"
2019,Lighter Strength Cider or Perry,Daylesford Cider Company,Daylesford Cider - Heritage Light,🥉 Bronze,81.0,Active,Victoria,Australia,"<a href=""https://daylesfordcider.com.au/"">Website</a>","<a href=""https://www.facebook.com/DaylesfordCider"">Facebook</a>","<a href=""https://www.instagram.com/daylesfordcider/"">Instagram</a>","<a href=""https://maps.google.com/?cid=3704200538482217988"">Google</a>",,"<a href=""https://www.tripadvisor.com/Attraction_Review-g2533620-d4506486"">TripAdvisor</a>","<a href=""https://untappd.com/w/daylesford-cider-company/15899"">Untappd</a>"
2019,Pommeau,Willie Smith's,Charles Oates Distilling Pommeau,🥈 Silver,87.0,Active,Tasmania,Australia,"<a href=""https://www.williesmiths.com.au/"">Website</a>","<a href=""https://www.facebook.com/pages/Willie-Smiths-Organic-Cider/260319247336198"">Facebook</a>","<a href=""https://www.instagram.com/williesmithscider/"">Instagram</a>","<a href=""https://maps.google.com/?cid=16057012530083496420"">Google</a>","<a href=""https://www.yelp.com/biz/willie-smith-s-apple-shed-grove"">Yelp</a>","<a href=""https://www.tripadvisor.com/Restaurant_Review-g1175547-d7911074"">TripAdvisor</a>","<a href=""https://untappd.com/WilliamSmithandSons"">Untappd</a>"
2019,Pommeau,Small Acres Cyder,Small Acres Cyder 2011 Pommeau,🥉 Bronze,79.0,Active,New South Wales,Australia,"<a href=""https://www.smallacrescyder.com.au/"">Website</a>","<a href=""https://www.facebook.com/SmallAcresCyder"">Facebook</a>","<a href=""https://www.instagram.com/smallacrescyder"">Instagram</a>","<a href=""https://maps.google.com/?cid=1497457670374953580"">Google</a>",,"<a href=""https://www.tripadvisor.com/Attraction_Review-g2642455-d5991203"">TripAdvisor</a>","<a href=""https://untappd.com/brewery/14584"">Untappd</a>"
2019,Apple or Pear Spirits - Eau de Vie,Willie Smith's,Charles Oates Distilling Apple Blanco,🥇 Gold,92.5,Active,Tasmania,Australia,"<a href=""https://www.williesmiths.com.au/"">Website</a>","<a href=""https://www.facebook.com/pages/Willie-Smiths-Organic-Cider/260319247336198"">Facebook</a>","<a href=""https://www.instagram.com/williesmithscider/"">Instagram</a>","<a href=""https://maps.google.com/?cid=16057012530083496420"">Google</a>","<a href=""https://www.yelp.com/biz/willie-smith-s-apple-shed-grove"">Yelp</a>","<a href=""https://www.tripadvisor.com/Restaurant_Review-g1175547-d7911074"">TripAdvisor</a>","<a href=""https://untappd.com/WilliamSmithandSons"">Untappd</a>"
2019,Apple or Pear Spirits - Eau de Vie,Core Cider,Core Cider Tractor Juice,🥈 Silver,85.0,Active,Western Australia,Australia,"<a href=""https://corecider.com.au/"">Website</a>","<a href=""https://www.facebook.com/pages/The-CORE-Cider-House/193269374050973"">Facebook</a>","<a href=""https://www.instagram.com/coreciderhouse/"">Instagram</a>","<a href=""https://maps.google.com/?cid=9482101079872958147"">Google</a>","<a href=""https://www.yelp.com/biz/core-cider-pickering-brook-3"">Yelp</a>","<a href=""https://www.tripadvisor.com/Restaurant_Review-g804216-d3191966"">TripAdvisor</a>","<a href=""https://untappd.com/w/core-cider-house/90179"">Untappd</a>"
2019,Apple or Pear Spirits - Eau de Vie,Manjimup Cider Co.,On the Shoulders of Giants Genuine Apple Spirit,🥈 Silver,85.0,Active,Western Australia,Australia,,"<a href=""https://www.facebook.com/giantscider/"">Facebook</a>",,,,,"<a href=""https://untappd.com/w/manjimup-cider-co/422781"">Untappd</a>"
2019,Apple or Pear Spirits - Eau de Vie,Carmel Cider Co.,Eau De Vie,🥉 Bronze,78.0,Active,Western Australia,Australia,"<a href=""https://carmelcider.com.au/"">Website</a>",,"<a href=""https://www.instagram.com/carmel_cider"">Instagram</a>","<a href=""https://maps.google.com/?cid=9888810503901269588"">Google</a>",,,"<a href=""https://untappd.com/CarmelCiderCompany"">Untappd</a>"
2019,Apple or Pear Spirits - Aged Spirit,Willie Smith's,Charles Oates Distilling Fine Apple Brandy Muscat Barrel,🥈 Silver,88.0,Active,Tasmania,Australia,"<a href=""https://www.williesmiths.com.au/"">Website</a>","<a href=""https://www.facebook.com/pages/Willie-Smiths-Organic-Cider/260319247336198"">Facebook</a>","<a href=""https://www.instagram.com/williesmithscider/"">Instagram</a>","<a href=""https://maps.google.com/?cid=16057012530083496420"">Google</a>","<a href=""https://www.yelp.com/biz/willie-smith-s-apple-shed-grove"">Yelp</a>","<a href=""https://www.tripadvisor.com/Restaurant_Review-g1175547-d7911074"">TripAdvisor</a>","<a href=""https://untappd.com/WilliamSmithandSons"">Untappd</a>"
2019,Apple or Pear Spirits - Aged Spirit,Willie Smith's,Charles Oates Distilling Fine Apple Brandy Tokay Barrel,🥈 Silver,85.0,Active,Tasmania,Australia,"<a href=""https://www.williesmiths.com.au/"">Website</a>","<a href=""https://www.facebook.com/pages/Willie-Smiths-Organic-Cider/260319247336198"">Facebook</a>","<a href=""https://www.instagram.com/williesmithscider/"">Instagram</a>","<a href=""https://maps.google.com/?cid=16057012530083496420"">Google</a>","<a href=""https://www.yelp.com/biz/willie-smith-s-apple-shed-grove"">Yelp</a>","<a href=""https://www.tripadvisor.com/Restaurant_Review-g1175547-d7911074"">TripAdvisor</a>","<a href=""https://untappd.com/WilliamSmithandSons"">Untappd</a>"
2019,Apple or Pear Spirits - Aged Spirit,Lobo Cider,LOBO Apple Brandy - Lobodos,🥉 Bronze,79.0,Active,South Australia,Australia,"<a href=""https://www.lobocider.com.au/"">Website</a>","<a href=""https://www.facebook.com/LOBOcider/"">Facebook</a>","<a href=""https://www.instagram.com/lobocider"">Instagram</a>",,,,"<a href=""https://untappd.com/brewery/8446"">Untappd</a>"
2021,New World Cider - Dry,Incy Wincy Cyder,Huntsman 2020,🥇 Gold,93,Active,New South Wales,Australia,"<a href=""https://www.incywincycyder.com/"">Website</a>","<a href=""https://www.facebook.com/incywincycyder/"">Facebook</a>","<a href=""https://www.instagram.com/incywincycyder_orange"">Instagram</a>",,,,"<a href=""https://untappd.com/w/incy-wincy-cyder/413318"">Untappd</a>"
2021,New World Cider - Dry,Ninch Cider,Ninch Cider Wild Sturmer,🥈 Silver,90,Active,Tasmania,Australia,,,"<a href=""https://www.instagram.com/ninchcider/"">Instagram</a>","<a href=""https://maps.google.com/?cid=10134826457369794124"">Google</a>",,,
2021,New World Cider - Dry,Incy Wincy Cyder,Huntsman 2018,🥉 Bronze,82,Active,New South Wales,Australia,"<a href=""https://www.incywincycyder.com/"">Website</a>","<a href=""https://www.facebook.com/incywincycyder/"">Facebook</a>","<a href=""https://www.instagram.com/incywincycyder_orange"">Instagram</a>",,,,"<a href=""https://untappd.com/w/incy-wincy-cyder/413318"">Untappd</a>"
2021,New World Cider - Dry,Sydney Brewery,Sydney Brewery Organic Oaked Cider,🥉 Bronze,82,Active,New South Wales,Australia,"<a href=""https://sydneybrewery.com/"">Website</a>","<a href=""https://www.facebook.com/SydneyBrewery/"">Facebook</a>","<a href=""https://www.instagram.com/sydneybrewery/"">Instagram</a>","<a href=""https://maps.google.com/?cid=6674617705014025022"">Google</a>",,"<a href=""https://www.tripadvisor.com/Restaurant_Review-g23197656-d15602287"">TripAdvisor</a>","<a href=""https://untappd.com/SydneyBrewhouse"">Untappd</a>"
2021,New World Cider - Dry,Darkes Cider,Darkes Dry,🥉 Bronze,80,Active,New South Wales,Australia,"<a href=""https://www.darkes.com.au/"">Website</a>","<a href=""https://www.facebook.com/DarkesCider"">Facebook</a>","<a href=""https://www.instagram.com/darkescider/"">Instagram</a>","<a href=""https://maps.google.com/?cid=9016868264603406991"">Google</a>",,"<a href=""https://www.tripadvisor.com/Attraction_Review-g7786462-d7786279"">TripAdvisor</a>","<a href=""https://untappd.com/w/darkes-cider/93421"">Untappd</a>"
2021,New World Cider - Dry,Willie Smith's,"Willie Smith's Bone Dry, Can",🥉 Bronze,80,Active,Tasmania,Australia,"<a href=""https://www.williesmiths.com.au/"">Website</a>","<a href=""https://www.facebook.com/pages/Willie-Smiths-Organic-Cider/260319247336198"">Facebook</a>","<a href=""https://www.instagram.com/williesmithscider/"">Instagram</a>","<a href=""https://maps.google.com/?cid=16057012530083496420"">Google</a>","<a href=""https://www.yelp.com/biz/willie-smith-s-apple-shed-grove"">Yelp</a>","<a href=""https://www.tripadvisor.com/Restaurant_Review-g1175547-d7911074"">TripAdvisor</a>","<a href=""https://untappd.com/WilliamSmithandSons"">Untappd</a>"
2021,New World Cider - Medium,Cester Camillo,Sidro Del Bosco,🥇 Gold,94,Active,Veneto,Italy,"<a href=""https://cestercamillo.it/"">Website</a>","<a href=""https://www.facebook.com/cestercamillo/"">Facebook</a>","<a href=""https://www.instagram.com/cestercamillo"">Instagram</a>","<a href=""https://maps.google.com/?cid=8941056702037722200"">Google</a>",,,"<a href=""https://untappd.com/w/cester-camillo/311065"">Untappd</a>"
2021,New World Cider - Medium,Sidewood Estate,Sidewood Apple Cider,🥇 Gold,93,Active,South Australia,Australia,"<a href=""https://sidewood.com.au/"">Website</a>","<a href=""https://www.facebook.com/SidewoodEstate/"">Facebook</a>","<a href=""https://www.instagram.com/sidewoodestate/"">Instagram</a>","<a href=""https://maps.google.com/?cid=16006910239256404559"">Google</a>",,"<a href=""https://www.tripadvisor.com.au/Attraction_Review-g499710-d19238424"">TripAdvisor</a>","<a href=""https://untappd.com/w/sidewood-estate/118552"">Untappd</a>"
2021,New World Cider - Medium,Rusty Bike Wines & Ciders,Rusty Bike Lemon Apple Sherbet,🥈 Silver,90,Active,South Australia,Australia,"<a href=""https://rustybike.com.au/"">Website</a>","<a href=""https://www.facebook.com/rustybike.com.au/"">Facebook</a>","<a href=""https://www.instagram.com/rustybikewines/"">Instagram</a>","<a href=""https://maps.google.com/?cid=2086180301930276726"">Google</a>",,,"<a href=""https://untappd.com/w/rusty-bike-wines-ciders/424227"">Untappd</a>"
2021,New World Cider - Medium,The Hills Cider Company,Hills Cider Apple,🥈 Silver,90,Active,South Australia,Australia,,"<a href=""https://www.facebook.com/thehillscidercompany"">Facebook</a>","<a href=""https://www.instagram.com/thehillscidercompany/"">Instagram</a>","<a href=""https://maps.google.com/?cid=40048064327732560"">Google</a>",,,"<a href=""https://untappd.com/thehillscidercompany"">Untappd</a>"
2021,New World Cider - Medium,Flying Brick Cider,Draught Cider,🥈 Silver,87,Active,Victoria,Australia,"<a href=""https://flyingbrickciderco.com.au/"">Website</a>","<a href=""https://www.facebook.com/flyingbrickciderco"">Facebook</a>","<a href=""https://www.instagram.com/flyingbrickciderco/"">Instagram</a>","<a href=""https://maps.google.com/?cid=413601929230884265"">Google</a>","<a href=""https://www.yelp.com/biz/flying-brick-cider-co-wallington-2"">Yelp</a>","<a href=""https://www.tripadvisor.com/Restaurant_Review-g1937720-d7332877"">TripAdvisor</a>","<a href=""https://untappd.com/brewery/33883"">Untappd</a>"
2021,New World Cider - Medium,Napoleone Cider,Louis Cider,🥈 Silver,87,Active,Victoria,Australia,"<a href=""https://napoleone.com.au/"">Website</a>","<a href=""https://www.facebook.com/napoleoneorchardbar"">Facebook</a>","<a href=""https://www.instagram.com/napoleonecider"">Instagram</a>","<a href=""https://maps.google.com/?cid=3472985488113617215"">Google</a>","<a href=""https://www.yelp.com/biz/napoleone-brewery-and-ciderhouse-coldstream"">Yelp</a>","<a href=""https://www.tripadvisor.com/Attraction_Review-g1205102-d7980976"">TripAdvisor</a>","<a href=""https://untappd.com/brewery/3800"">Untappd</a>"
2021,New World Cider - Medium,Hillbilly Cider,Hillbilly Vintage Apple,🥈 Silver,85,Active,New South Wales,Australia,"<a href=""https://hillbillycider.com.au/"">Website</a>","<a href=""https://www.facebook.com/HillbillyCider/"">Facebook</a>","<a href=""https://www.instagram.com/hillbillycider/"">Instagram</a>","<a href=""https://maps.google.com/?cid=904695025997043027"">Google</a>",,"<a href=""https://www.tripadvisor.com/Attraction_Review-g1093762-d12290596"">TripAdvisor</a>","<a href=""https://untappd.com/w/hillbilly-harvest-co/44163"">Untappd</a>"
2021,New World Cider - Medium,DV Cider House,Fully St'oaked B#006,🥉 Bronze,84,Active,Victoria,Australia,"<a href=""https://dvcider.com.au/"">Website</a>","<a href=""https://www.facebook.com/darraweitvalleycider/"">Facebook</a>","<a href=""https://www.instagram.com/dvcider/"">Instagram</a>","<a href=""https://maps.google.com/?cid=9100243841087380471"">Google</a>",,"<a href=""https://www.tripadvisor.com/Attraction_Review-g27087874-d21406538"">TripAdvisor</a>","<a href=""https://untappd.com/DarraweitValleyCider"">Untappd</a>"
2021,New World Cider - Medium,The Hills Cider Company,Hills Cider Cloudy Apple,🥉 Bronze,83,Active,South Australia,Australia,,"<a href=""https://www.facebook.com/thehillscidercompany"">Facebook</a>","<a href=""https://www.instagram.com/thehillscidercompany/"">Instagram</a>","<a href=""https://maps.google.com/?cid=40048064327732560"">Google</a>",,,"<a href=""https://untappd.com/thehillscidercompany"">Untappd</a>"
2021,New World Cider - Medium,Willie Smith's,Willie Smith's Organic Cider,🥉 Bronze,83,Active,Tasmania,Australia,"<a href=""https://www.williesmiths.com.au/"">Website</a>","<a href=""https://www.facebook.com/pages/Willie-Smiths-Organic-Cider/260319247336198"">Facebook</a>","<a href=""https://www.instagram.com/williesmithscider/"">Instagram</a>","<a href=""https://maps.google.com/?cid=16057012530083496420"">Google</a>","<a href=""https://www.yelp.com/biz/willie-smith-s-apple-shed-grove"">Yelp</a>","<a href=""https://www.tripadvisor.com/Restaurant_Review-g1175547-d7911074"">TripAdvisor</a>","<a href=""https://untappd.com/WilliamSmithandSons"">Untappd</a>"
2021,New World Cider - Medium,The Cidery,Spider Cider,🥉 Bronze,81,Active,Western Australia,Australia,"<a href=""https://www.thecidery.com.au/"">Website</a>","<a href=""https://www.facebook.com/TheCideryBridgetown"">Facebook</a>","<a href=""https://www.instagram.com/thecidery_/"">Instagram</a>","<a href=""https://maps.google.com/?cid=5365209465918520059"">Google</a>","<a href=""https://www.yelp.com/biz/the-cidery-bridgetown"">Yelp</a>","<a href=""https://www.tripadvisor.com/Restaurant_Review-g488330-d3385747"">TripAdvisor</a>","<a href=""https://untappd.com/BlackwoodValleyBrewingCompany"">Untappd</a>"
2021,New World Cider - Medium,Lobo Cider,LOBO Cloudy Apple Cider,🥉 Bronze,80,Active,South Australia,Australia,"<a href=""https://www.lobocider.com.au/"">Website</a>","<a href=""https://www.facebook.com/LOBOcider/"">Facebook</a>","<a href=""https://www.instagram.com/lobocider"">Instagram</a>",,,,"<a href=""https://untappd.com/brewery/8446"">Untappd</a>"
2021,New World Cider - Medium,Nutrition Farms,Love Cloud Apple Cider - Semi Dry,🥉 Bronze,80,Active,Queensland,Australia,"<a href=""https://nutritionfarms.com/"">Website</a>","<a href=""https://www.facebook.com/NutritionFarmsNTS"">Facebook</a>","<a href=""https://www.instagram.com/nutritionfarms_/"">Instagram</a>",,,,
2021,New World Cider - Medium,Funk Cider,Saison Cider,🥉 Bronze,78,Active,Western Australia,Australia,"<a href=""https://funkdrinks.co/"">Website</a>","<a href=""https://www.facebook.com/funkdrinksco"">Facebook</a>","<a href=""https://www.instagram.com/funkdrinksco/"">Instagram</a>","<a href=""https://maps.google.com/?cid=12976653066917509642"">Google</a>",,,"<a href=""https://untappd.com/FunkCider"">Untappd</a>"
2021,New World Cider - Medium,Hillbilly Cider,Hillbilly Barrel Aged,🥉 Bronze,78,Active,New South Wales,Australia,"<a href=""https://hillbillycider.com.au/"">Website</a>","<a href=""https://www.facebook.com/HillbillyCider/"">Facebook</a>","<a href=""https://www.instagram.com/hillbillycider/"">Instagram</a>","<a href=""https://maps.google.com/?cid=904695025997043027"">Google</a>",,"<a href=""https://www.tripadvisor.com/Attraction_Review-g1093762-d12290596"">TripAdvisor</a>","<a href=""https://untappd.com/w/hillbilly-harvest-co/44163"">Untappd</a>"
2021,New World Cider - Medium Sweet,Barossa Cider Co.,Squashed Apple Cider,🥇 Gold,95,Active,South Australia,Australia,"<a href=""https://barossavalleyciderco.com/"">Website</a>","<a href=""https://www.facebook.com/barossacider/"">Facebook</a>","<a href=""https://www.instagram.com/barossacider.co/"">Instagram</a>",,,,"<a href=""https://untappd.com/TheBarossaValleyCiderCo"">Untappd</a>"
2021,New World Cider - Medium Sweet,Sydney Brewery,Sydney Brewery Original Cider,🥇 Gold,94,Active,New South Wales,Australia,"<a href=""https://sydneybrewery.com/"">Website</a>","<a href=""https://www.facebook.com/SydneyBrewery/"">Facebook</a>","<a href=""https://www.instagram.com/sydneybrewery/"">Instagram</a>","<a href=""https://maps.google.com/?cid=6674617705014025022"">Google</a>",,"<a href=""https://www.tripadvisor.com/Restaurant_Review-g23197656-d15602287"">TripAdvisor</a>","<a href=""https://untappd.com/SydneyBrewhouse"">Untappd</a>"
2021,New World Cider - Medium Sweet,Eddies Cider,Eddies Apple Cider,🥇 Gold,92.5,Active,Victoria,Australia,"<a href=""https://www.eddiescider.com.au/"">Website</a>","<a href=""https://www.facebook.com/EddiesCider/"">Facebook</a>","<a href=""https://www.instagram.com/eddies_organic_cider/"">Instagram</a>",,,,"<a href=""https://untappd.com/w/eddies-cider/424405"">Untappd</a>"
2021,New World Cider - Medium Sweet,Hillbilly Cider,Hillbilly Apple Cider,🥈 Silver,90,Active,New South Wales,Australia,"<a href=""https://hillbillycider.com.au/"">Website</a>","<a href=""https://www.facebook.com/HillbillyCider/"">Facebook</a>","<a href=""https://www.instagram.com/hillbillycider/"">Instagram</a>","<a href=""https://maps.google.com/?cid=904695025997043027"">Google</a>",,"<a href=""https://www.tripadvisor.com/Attraction_Review-g1093762-d12290596"">TripAdvisor</a>","<a href=""https://untappd.com/w/hillbilly-harvest-co/44163"">Untappd</a>"
2021,New World Cider - Medium Sweet,Nutrition Farms,Love Cloud Apple Cider - Semi Sweet,🥈 Silver,89,Active,Queensland,Australia,"<a href=""https://nutritionfarms.com/"">Website</a>","<a href=""https://www.facebook.com/NutritionFarmsNTS"">Facebook</a>","<a href=""https://www.instagram.com/nutritionfarms_/"">Instagram</a>",,,,
2021,New World Cider - Medium Sweet,St Ronan's Cider,St Ronan’s Apple Cider,🥈 Silver,89,Active,Victoria,Australia,"<a href=""https://stronanscider.com.au/"">Website</a>","<a href=""https://www.facebook.com/StRonansCider"">Facebook</a>","<a href=""https://www.instagram.com/st_ronans_cider/"">Instagram</a>","<a href=""https://maps.google.com/?cid=1347860416011573691"">Google</a>",,,"<a href=""https://untappd.com/StRonansCider"">Untappd</a>"
2021,New World Cider - Medium Sweet,Funk Cider,Perth Cider,🥈 Silver,88,Active,Western Australia,Australia,"<a href=""https://funkdrinks.co/"">Website</a>","<a href=""https://www.facebook.com/funkdrinksco"">Facebook</a>","<a href=""https://www.instagram.com/funkdrinksco/"">Instagram</a>","<a href=""https://maps.google.com/?cid=12976653066917509642"">Google</a>",,,"<a href=""https://untappd.com/FunkCider"">Untappd</a>"
2021,New World Cider - Medium Sweet,Napoleone Cider,Napoleone Apple Cider,🥈 Silver,88,Active,Victoria,Australia,"<a href=""https://napoleone.com.au/"">Website</a>","<a href=""https://www.facebook.com/napoleoneorchardbar"">Facebook</a>","<a href=""https://www.instagram.com/napoleonecider"">Instagram</a>","<a href=""https://maps.google.com/?cid=3472985488113617215"">Google</a>","<a href=""https://www.yelp.com/biz/napoleone-brewery-and-ciderhouse-coldstream"">Yelp</a>","<a href=""https://www.tripadvisor.com/Attraction_Review-g1205102-d7980976"">TripAdvisor</a>","<a href=""https://untappd.com/brewery/3800"">Untappd</a>"
2021,New World Cider - Medium Sweet,Pinnacle Drinks,Ci-Fi Craft Apple Cider,🥈 Silver,88,Active,New South Wales,Australia,"<a href=""https://pinnacledrinks.com.au/"">Website</a>",,,"<a href=""https://maps.google.com/?cid=18382720107027294885"">Google</a>",,,"<a href=""https://untappd.com/PinnacleDrinksQS"">Untappd</a>"
2021,New World Cider - Medium Sweet,Small Acres Cyder,Small Acres Pomme,🥈 Silver,88,Active,New South Wales,Australia,"<a href=""https://www.smallacrescyder.com.au/"">Website</a>","<a href=""https://www.facebook.com/SmallAcresCyder"">Facebook</a>","<a href=""https://www.instagram.com/smallacrescyder"">Instagram</a>","<a href=""https://maps.google.com/?cid=1497457670374953580"">Google</a>",,"<a href=""https://www.tripadvisor.com/Attraction_Review-g2642455-d5991203"">TripAdvisor</a>","<a href=""https://untappd.com/brewery/14584"">Untappd</a>"
2021,New World Cider - Medium Sweet,Trattore Cider,Trattore New World Cider,🥈 Silver,85,Active,Victoria,Australia,"<a href=""https://trattore.com.au/"">Website</a>",,"<a href=""https://www.instagram.com/trattorecider/"">Instagram</a>","<a href=""https://maps.google.com/?cid=144355748988170218"">Google</a>",,"<a href=""https://www.tripadvisor.com/Attraction_Review-g6888459-d23858854"">TripAdvisor</a>","<a href=""https://untappd.com/w/trattore/470815"">Untappd</a>"
2021,New World Cider - Medium Sweet,Cheeky Grog Co,Cheeky Cider,🥉 Bronze,83.5,Active,Victoria,Australia,"<a href=""https://cheekygrogco.com/"">Website</a>","<a href=""https://www.facebook.com/cheekygrogco"">Facebook</a>","<a href=""https://www.instagram.com/cheekygrogco/"">Instagram</a>","<a href=""https://maps.google.com/?cid=18312852297094426661"">Google</a>","<a href=""https://www.yelp.com/biz/cheeky-grog-co-bunbartha"">Yelp</a>","<a href=""https://www.tripadvisor.com/Attraction_Review-g12263922-d10807488"">TripAdvisor</a>","<a href=""https://untappd.com/w/cheeky-grog-co/247399"">Untappd</a>"
2021,New World Cider - Medium Sweet,Lenswood Cider Co.,Hazy Apple Cider,🥉 Bronze,82,Active,South Australia,Australia,"<a href=""https://www.lenswoodciderco.com.au/"">Website</a>","<a href=""https://www.facebook.com/lenswoodciderco"">Facebook</a>","<a href=""https://www.instagram.com/lenswoodciderco/"">Instagram</a>",,,,"<a href=""https://untappd.com/w/lenswood-cider-co/472218"">Untappd</a>"
2021,New World Cider - Medium Sweet,Bruny Island Cider,Bruny Island Apple Cider,🥉 Bronze,81,Active,Tasmania,Australia,"<a href=""https://www.brunyisland.com/catalogue/bruny-island-cider/"">Website</a>","<a href=""https://www.facebook.com/BrunyIslandCider/"">Facebook</a>","<a href=""https://www.instagram.com/brunyislandcider/"">Instagram</a>",,,,"<a href=""https://untappd.com/w/bruny-island-cider/235917"">Untappd</a>"
2021,New World Cider - Medium Sweet,Coles Liquor Group,Mr Finch Lower Sugar Apple Cider,🥉 Bronze,81,Inactive,Victoria,Australia,,,,,,,
2021,New World Cider - Medium Sweet,Bilpin Cider,Bilpin Original Cider,🥉 Bronze,78.7,Active,New South Wales,Australia,"<a href=""https://bilpincider.com/"">Website</a>","<a href=""https://www.facebook.com/bilpincider"">Facebook</a>","<a href=""https://www.instagram.com/bilpincider/"">Instagram</a>","<a href=""https://maps.google.com/?cid=1982319036704250930"">Google</a>",,"<a href=""https://www.tripadvisor.com/Attraction_Review-g1093762-d10065632"">TripAdvisor</a>","<a href=""https://untappd.com/brewery/18734"">Untappd</a>"
2021,New World Cider - Medium Sweet,Darkes Cider,Darkes Howler,🥉 Bronze,78,Active,New South Wales,Australia,"<a href=""https://www.darkes.com.au/"">Website</a>","<a href=""https://www.facebook.com/DarkesCider"">Facebook</a>","<a href=""https://www.instagram.com/darkescider/"">Instagram</a>","<a href=""https://maps.google.com/?cid=9016868264603406991"">Google</a>",,"<a href=""https://www.tripadvisor.com/Attraction_Review-g7786462-d7786279"">TripAdvisor</a>","<a href=""https://untappd.com/w/darkes-cider/93421"">Untappd</a>"
2021,New World Cider - Sweet,Hillbilly Cider,Hillbilly Sweet Julie,🥈 Silver,86,Active,New South Wales,Australia,"<a href=""https://hillbillycider.com.au/"">Website</a>","<a href=""https://www.facebook.com/HillbillyCider/"">Facebook</a>","<a href=""https://www.instagram.com/hillbillycider/"">Instagram</a>","<a href=""https://maps.google.com/?cid=904695025997043027"">Google</a>",,"<a href=""https://www.tripadvisor.com/Attraction_Review-g1093762-d12290596"">TripAdvisor</a>","<a href=""https://untappd.com/w/hillbilly-harvest-co/44163"">Untappd</a>"
2021,New World Cider - Sweet,Three Oaks Cider,Three Oaks Crushed Apple Cider 8%,🥉 Bronze,83,Active,South Australia,Australia,"<a href=""https://www.threeoakscider.com/"">Website</a>","<a href=""https://www.facebook.com/Threeoakscider"">Facebook</a>","<a href=""https://www.instagram.com/threeoakscider/"">Instagram</a>",,,,"<a href=""https://untappd.com/brewery/16538"">Untappd</a>"
2021,New World Cider - Sweet,Big Shed Brewing,Straight Up Apple Cider,🥉 Bronze,79,Active,South Australia,Australia,"<a href=""https://bigshed.beer/"">Website</a>","<a href=""https://www.facebook.com/BigShedBrewing/"">Facebook</a>","<a href=""https://www.instagram.com/bigshedbeer/"">Instagram</a>","<a href=""https://maps.google.com/?cid=13408097918532710257"">Google</a>","<a href=""https://www.yelp.com/biz/big-shed-brewing-co-royal-park"">Yelp</a>","<a href=""https://www.tripadvisor.com/Restaurant_Review-g9862373-d12533906"">TripAdvisor</a>","<a href=""https://untappd.com/BigShedBrewing"">Untappd</a>"
2021,New World Cider - Sweet,Mock Red Hill,Mock Red Hill Royal Cider,🥉 Bronze,79,Active,Victoria,Australia,"<a href=""https://www.mockredhill.com.au/"">Website</a>","<a href=""https://www.facebook.com/pages/Mock-Red-Hill/181240308586996"">Facebook</a>","<a href=""https://www.instagram.com/mockredhill/"">Instagram</a>","<a href=""https://maps.google.com/?cid=10552205982251777171"">Google</a>","<a href=""https://www.yelp.com/biz/mock-orchards-red-hill"">Yelp</a>","<a href=""https://www.tripadvisor.com/Restaurant_Review-g552249-d9793363"">TripAdvisor</a>","<a href=""https://untappd.com/brewery/28770"">Untappd</a>"
2021,MT New World Cider (Disgorged),Core Cider,Core Cider CORE-rupted 2020,🥇 Gold,93,Active,Western Australia,Australia,"<a href=""https://corecider.com.au/"">Website</a>","<a href=""https://www.facebook.com/pages/The-CORE-Cider-House/193269374050973"">Facebook</a>","<a href=""https://www.instagram.com/coreciderhouse/"">Instagram</a>","<a href=""https://maps.google.com/?cid=9482101079872958147"">Google</a>","<a href=""https://www.yelp.com/biz/core-cider-pickering-brook-3"">Yelp</a>","<a href=""https://www.tripadvisor.com/Restaurant_Review-g804216-d3191966"">TripAdvisor</a>","<a href=""https://untappd.com/w/core-cider-house/90179"">Untappd</a>"
2021,MT New World Cider (Disgorged),Sunshine Coast Cider,Brut+ Cider,🥉 Bronze,84,Active,Queensland,Australia,"<a href=""https://www.sunshinecoastcider.com.au/"">Website</a>","<a href=""https://www.facebook.com/sunshinecoastcider/"">Facebook</a>","<a href=""https://www.instagram.com/sunshinecoastcider/"">Instagram</a>","<a href=""https://maps.google.com/?cid=10163774916123498605"">Google</a>",,"<a href=""https://www.tripadvisor.com/Attraction_Review-g7815622-d21508891"">TripAdvisor</a>","<a href=""https://untappd.com/SunshineCoastCider"">Untappd</a>"
2021,MT New World Cider (Disgorged),Carmel Cider Co.,Oaked Apple 21,🥉 Bronze,82,Active,Western Australia,Australia,"<a href=""https://carmelcider.com.au/"">Website</a>",,"<a href=""https://www.instagram.com/carmel_cider"">Instagram</a>","<a href=""https://maps.google.com/?cid=9888810503901269588"">Google</a>",,,"<a href=""https://untappd.com/CarmelCiderCompany"">Untappd</a>"
2021,Traditional Cider - Dry,Crucible Cider,Crucible Cider,🥇 Gold,94,Active,Victoria,Australia,,"<a href=""https://www.facebook.com/profile.php?id=100072057556611"">Facebook</a>","<a href=""https://www.instagram.com/crucible_cider/?img_index=1"">Instagram</a>",,,,
2021,Traditional Cider - Dry,Flying Brick Cider,MC Cider,🥇 Gold,93,Active,Victoria,Australia,"<a href=""https://flyingbrickciderco.com.au/"">Website</a>","<a href=""https://www.facebook.com/flyingbrickciderco"">Facebook</a>","<a href=""https://www.instagram.com/flyingbrickciderco/"">Instagram</a>","<a href=""https://maps.google.com/?cid=413601929230884265"">Google</a>","<a href=""https://www.yelp.com/biz/flying-brick-cider-co-wallington-2"">Yelp</a>","<a href=""https://www.tripadvisor.com/Restaurant_Review-g1937720-d7332877"">TripAdvisor</a>","<a href=""https://untappd.com/brewery/33883"">Untappd</a>"
2021,Traditional Cider - Dry,Old Twelfth Cider,Old Twelfth - Apple Cider 2020,🥈 Silver,90,Active,Tasmania,Australia,,,"<a href=""https://www.instagram.com/oldtwelfth/"">Instagram</a>",,,,"<a href=""https://untappd.com/w/old-twelfth-cider/500737"">Untappd</a>"
2021,Traditional Cider - Dry,Brady's Lookout Cider,Brady's Lookout Cider 1820s Blend Limited Release,🥈 Silver,88,Active,Tasmania,Australia,"<a href=""https://www.bradyslookoutcider.com.au/"">Website</a>","<a href=""https://www.facebook.com/bradyslookoutcider"">Facebook</a>","<a href=""https://www.instagram.com/bradys_lookout_cider/"">Instagram</a>","<a href=""https://maps.google.com/?cid=17861747211596541785"">Google</a>",,,"<a href=""https://untappd.com/w/brady-s-lookout/225207"">Untappd</a>"
2021,Traditional Cider - Dry,King Valley Cider Co.,Malus Robusta Dry Cider,🥈 Silver,87,Inactive,Victoria,Australia,,,,,,,
2021,Traditional Cider - Dry,Plenty Cider,Plenty Cider Pet Nat,🥈 Silver,87,Active,Tasmania,Australia,"<a href=""https://www.plentycider.com.au/"">Website</a>","<a href=""https://www.facebook.com/plentycider/"">Facebook</a>","<a href=""https://www.instagram.com/plentycider/"">Instagram</a>","<a href=""https://maps.google.com/?cid=108618394510087143"">Google</a>",,,"<a href=""https://untappd.com/w/plenty-cider/454183"">Untappd</a>"
2021,Traditional Cider - Dry,Lobo Cider,LOBO Norma,🥈 Silver,85,Active,South Australia,Australia,"<a href=""https://www.lobocider.com.au/"">Website</a>","<a href=""https://www.facebook.com/LOBOcider/"">Facebook</a>","<a href=""https://www.instagram.com/lobocider"">Instagram</a>",,,,"<a href=""https://untappd.com/brewery/8446"">Untappd</a>"
2021,Traditional Cider - Dry,"Sinclair Orchards ",St Clair Cider Traditional,🥉 Bronze,84,Inactive,Victoria,Australia,,,,,,,
2021,Traditional Cider - Dry,Daylesford Cider Company,Daylesford Cider - Organic Brut,🥉 Bronze,82,Active,Victoria,Australia,"<a href=""https://daylesfordcider.com.au/"">Website</a>","<a href=""https://www.facebook.com/DaylesfordCider"">Facebook</a>","<a href=""https://www.instagram.com/daylesfordcider/"">Instagram</a>","<a href=""https://maps.google.com/?cid=3704200538482217988"">Google</a>",,"<a href=""https://www.tripadvisor.com/Attraction_Review-g2533620-d4506486"">TripAdvisor</a>","<a href=""https://untappd.com/w/daylesford-cider-company/15899"">Untappd</a>"
2021,Traditional Cider - Dry,Daylesford Cider Company,Daylesford Cider - Vintage Dry,🥉 Bronze,82,Active,Victoria,Australia,"<a href=""https://daylesfordcider.com.au/"">Website</a>","<a href=""https://www.facebook.com/DaylesfordCider"">Facebook</a>","<a href=""https://www.instagram.com/daylesfordcider/"">Instagram</a>","<a href=""https://maps.google.com/?cid=3704200538482217988"">Google</a>",,"<a href=""https://www.tripadvisor.com/Attraction_Review-g2533620-d4506486"">TripAdvisor</a>","<a href=""https://untappd.com/w/daylesford-cider-company/15899"">Untappd</a>"
2021,Traditional Cider - Dry,Cider Infusion,Shipwrecked,🥉 Bronze,78,Active,Victoria,Australia,"<a href=""https://ciderinfusion.com/"">Website</a>","<a href=""https://www.facebook.com/ciderinfusion/"">Facebook</a>","<a href=""https://www.instagram.com/ciderinfusion/"">Instagram</a>",,,,"<a href=""https://untappd.com/w/cider-infusion/534576"">Untappd</a>"
2021,Traditional Cider - Dry,Jolly Miller Cider,Jolly Miller Traditional Apple Cider,🥉 Bronze,78,Active,New South Wales,Australia,,"<a href=""https://www.facebook.com/profile.php?id=100041233345985"">Facebook</a>",,,,,"<a href=""https://untappd.com/w/jolly-miller-cider/268726"">Untappd</a>"
2021,Traditional Cider - Medium,Daylesford Cider Company,Wild,🥇 Gold,96,Active,Victoria,Australia,"<a href=""https://daylesfordcider.com.au/"">Website</a>","<a href=""https://www.facebook.com/DaylesfordCider"">Facebook</a>","<a href=""https://www.instagram.com/daylesfordcider/"">Instagram</a>","<a href=""https://maps.google.com/?cid=3704200538482217988"">Google</a>",,"<a href=""https://www.tripadvisor.com/Attraction_Review-g2533620-d4506486"">TripAdvisor</a>","<a href=""https://untappd.com/w/daylesford-cider-company/15899"">Untappd</a>"
2021,Traditional Cider - Medium,Daylesford Cider Company,Bulmers Norman Cider,🥇 Gold,94,Active,Victoria,Australia,"<a href=""https://daylesfordcider.com.au/"">Website</a>","<a href=""https://www.facebook.com/DaylesfordCider"">Facebook</a>","<a href=""https://www.instagram.com/daylesfordcider/"">Instagram</a>","<a href=""https://maps.google.com/?cid=3704200538482217988"">Google</a>",,"<a href=""https://www.tripadvisor.com/Attraction_Review-g2533620-d4506486"">TripAdvisor</a>","<a href=""https://untappd.com/w/daylesford-cider-company/15899"">Untappd</a>"
2021,Traditional Cider - Medium,Plenty Cider,Plenty Cider Cornucopia,🥇 Gold,93,Active,Tasmania,Australia,"<a href=""https://www.plentycider.com.au/"">Website</a>","<a href=""https://www.facebook.com/plentycider/"">Facebook</a>","<a href=""https://www.instagram.com/plentycider/"">Instagram</a>","<a href=""https://maps.google.com/?cid=108618394510087143"">Google</a>",,,"<a href=""https://untappd.com/w/plenty-cider/454183"">Untappd</a>"
2021,Traditional Cider - Medium,Willie Smith's,"Willie Smith's Traditional, Can",🥇 Gold,92.5,Active,Tasmania,Australia,"<a href=""https://www.williesmiths.com.au/"">Website</a>","<a href=""https://www.facebook.com/pages/Willie-Smiths-Organic-Cider/260319247336198"">Facebook</a>","<a href=""https://www.instagram.com/williesmithscider/"">Instagram</a>","<a href=""https://maps.google.com/?cid=16057012530083496420"">Google</a>","<a href=""https://www.yelp.com/biz/willie-smith-s-apple-shed-grove"">Yelp</a>","<a href=""https://www.tripadvisor.com/Restaurant_Review-g1175547-d7911074"">TripAdvisor</a>","<a href=""https://untappd.com/WilliamSmithandSons"">Untappd</a>"
2021,Traditional Cider - Medium,Kangaroo Island Ciders,Colony Cove Original Cider,🥈 Silver,90,Active,South Australia,Australia,"<a href=""https://www.kangarooislandciders.com.au/"">Website</a>",,,"<a href=""https://maps.google.com/?cid=7120331639179318476"">Google</a>",,,"<a href=""https://untappd.com/w/kangaroo-island-ciders/62318"">Untappd</a>"
2021,Traditional Cider - Medium,Kangaroo Island Ciders,Colony Cove Vintage Cider,🥈 Silver,88,Active,South Australia,Australia,"<a href=""https://www.kangarooislandciders.com.au/"">Website</a>",,,"<a href=""https://maps.google.com/?cid=7120331639179318476"">Google</a>",,,"<a href=""https://untappd.com/w/kangaroo-island-ciders/62318"">Untappd</a>"
2021,Traditional Cider - Medium,Lobo Cider,Lenswulf,🥈 Silver,88,Active,South Australia,Australia,"<a href=""https://www.lobocider.com.au/"">Website</a>","<a href=""https://www.facebook.com/LOBOcider/"">Facebook</a>","<a href=""https://www.instagram.com/lobocider"">Instagram</a>",,,,"<a href=""https://untappd.com/brewery/8446"">Untappd</a>"
2021,Traditional Cider - Medium,Spreyton Cider Co.,Cidermakers Select 2021 - Young Sturmer 2.0,🥈 Silver,88,Active,Tasmania,Australia,"<a href=""https://www.spreytonciderco.com.au/"">Website</a>","<a href=""https://www.facebook.com/SpreytonCiderCo"">Facebook</a>","<a href=""https://www.instagram.com/spreytonciderco/"">Instagram</a>","<a href=""https://maps.google.com/?cid=4719454766033276507"">Google</a>","<a href=""https://www.yelp.com/biz/spreyton-cider-co-spreyton-2"">Yelp</a>","<a href=""https://www.tripadvisor.com/Attraction_Review-g504292-d3738226"">TripAdvisor</a>","<a href=""https://untappd.com/SpreytonCiderCo"">Untappd</a>"
2021,Traditional Cider - Medium,Spreyton Cider Co.,Kingston Black 2021,🥈 Silver,88,Active,Tasmania,Australia,"<a href=""https://www.spreytonciderco.com.au/"">Website</a>","<a href=""https://www.facebook.com/SpreytonCiderCo"">Facebook</a>","<a href=""https://www.instagram.com/spreytonciderco/"">Instagram</a>","<a href=""https://maps.google.com/?cid=4719454766033276507"">Google</a>","<a href=""https://www.yelp.com/biz/spreyton-cider-co-spreyton-2"">Yelp</a>","<a href=""https://www.tripadvisor.com/Attraction_Review-g504292-d3738226"">TripAdvisor</a>","<a href=""https://untappd.com/SpreytonCiderCo"">Untappd</a>"
2021,Traditional Cider - Medium,Cider Infusion,The Cape,🥈 Silver,85,Active,Victoria,Australia,"<a href=""https://ciderinfusion.com/"">Website</a>","<a href=""https://www.facebook.com/ciderinfusion/"">Facebook</a>","<a href=""https://www.instagram.com/ciderinfusion/"">Instagram</a>",,,,"<a href=""https://untappd.com/w/cider-infusion/534576"">Untappd</a>"
2021,Traditional Cider - Medium,Cidres Kerisac,Kerisac Cuvée Spéciale Brut,🥈 Silver,85,Active,Pays de la Loire,France,"<a href=""https://kerisac.bzh/"">Website</a>","<a href=""https://www.facebook.com/cidrekerisac"">Facebook</a>","<a href=""https://www.instagram.com/cidreriekerisac/"">Instagram</a>","<a href=""https://maps.google.com/?cid=14431639837198759734"">Google</a>",,,"<a href=""https://untappd.com/w/cidres-kerisac/12846"">Untappd</a>"
2021,Traditional Cider - Medium,Seven Oaks Farmhouse Cider,Seven Oaks Farmhouse Cider,🥈 Silver,85,Active,Victoria,Australia,"<a href=""https://www.sevenoakscider.com.au/"">Website</a>","<a href=""https://www.facebook.com/sevenoakscider/"">Facebook</a>","<a href=""https://www.instagram.com/sevenoaksfarmhouse"">Instagram</a>","<a href=""https://maps.google.com/?cid=8084176422687381883"">Google</a>",,,"<a href=""https://untappd.com/w/seven-oaks-farmhouse-cider/17183"">Untappd</a>"
2021,Traditional Cider - Medium,Small Acres Cyder,Heritage Blend,🥉 Bronze,84,Active,New South Wales,Australia,"<a href=""https://www.smallacrescyder.com.au/"">Website</a>","<a href=""https://www.facebook.com/SmallAcresCyder"">Facebook</a>","<a href=""https://www.instagram.com/smallacrescyder"">Instagram</a>","<a href=""https://maps.google.com/?cid=1497457670374953580"">Google</a>",,"<a href=""https://www.tripadvisor.com/Attraction_Review-g2642455-d5991203"">TripAdvisor</a>","<a href=""https://untappd.com/brewery/14584"">Untappd</a>"
2021,Traditional Cider - Medium,Daylesford Cider Company,Arf n Arf,🥉 Bronze,82,Active,Victoria,Australia,"<a href=""https://daylesfordcider.com.au/"">Website</a>","<a href=""https://www.facebook.com/DaylesfordCider"">Facebook</a>","<a href=""https://www.instagram.com/daylesfordcider/"">Instagram</a>","<a href=""https://maps.google.com/?cid=3704200538482217988"">Google</a>",,"<a href=""https://www.tripadvisor.com/Attraction_Review-g2533620-d4506486"">TripAdvisor</a>","<a href=""https://untappd.com/w/daylesford-cider-company/15899"">Untappd</a>"
2021,Traditional Cider - Medium,Lobo Cider,LOBO Trad,🥉 Bronze,81,Active,South Australia,Australia,"<a href=""https://www.lobocider.com.au/"">Website</a>","<a href=""https://www.facebook.com/LOBOcider/"">Facebook</a>","<a href=""https://www.instagram.com/lobocider"">Instagram</a>",,,,"<a href=""https://untappd.com/brewery/8446"">Untappd</a>"
2021,Traditional Cider - Medium,Spreyton Cider Co.,Cidermakers Select 2020 - Young Sturmer,🥉 Bronze,81,Active,Tasmania,Australia,"<a href=""https://www.spreytonciderco.com.au/"">Website</a>","<a href=""https://www.facebook.com/SpreytonCiderCo"">Facebook</a>","<a href=""https://www.instagram.com/spreytonciderco/"">Instagram</a>","<a href=""https://maps.google.com/?cid=4719454766033276507"">Google</a>","<a href=""https://www.yelp.com/biz/spreyton-cider-co-spreyton-2"">Yelp</a>","<a href=""https://www.tripadvisor.com/Attraction_Review-g504292-d3738226"">TripAdvisor</a>","<a href=""https://untappd.com/SpreytonCiderCo"">Untappd</a>"
2021,Traditional Cider - Medium,Hart's Farm,Hart's Farm Medium Dry Cider,🥉 Bronze,78,Active,Victoria,Australia,"<a href=""https://www.hartsfarm.com.au/"">Website</a>","<a href=""https://www.facebook.com/Hartsfarm.morningtonpeninsula"">Facebook</a>","<a href=""https://www.instagram.com/hartsfarm"">Instagram</a>","<a href=""https://maps.google.com/?cid=10474103931088012940"">Google</a>",,"<a href=""https://www.tripadvisor.com/Attraction_Review-g552256-d2477464"">TripAdvisor</a>","<a href=""https://untappd.com/w/hart-s-farm/278622"">Untappd</a>"
2021,Traditional Cider - Medium Sweet,Kangaroo Island Ciders,Colony Cove 2021 Draught Cider,🥈 Silver,86,Active,South Australia,Australia,"<a href=""https://www.kangarooislandciders.com.au/"">Website</a>",,,"<a href=""https://maps.google.com/?cid=7120331639179318476"">Google</a>",,,"<a href=""https://untappd.com/w/kangaroo-island-ciders/62318"">Untappd</a>"
2021,Traditional Cider - Medium Sweet,Daylesford Cider Company,Kingston Black,🥉 Bronze,84,Active,Victoria,Australia,"<a href=""https://daylesfordcider.com.au/"">Website</a>","<a href=""https://www.facebook.com/DaylesfordCider"">Facebook</a>","<a href=""https://www.instagram.com/daylesfordcider/"">Instagram</a>","<a href=""https://maps.google.com/?cid=3704200538482217988"">Google</a>",,"<a href=""https://www.tripadvisor.com/Attraction_Review-g2533620-d4506486"">TripAdvisor</a>","<a href=""https://untappd.com/w/daylesford-cider-company/15899"">Untappd</a>"
2021,Traditional Cider - Medium Sweet,Daylesford Cider Company,Yarlington Mill,🥉 Bronze,83,Active,Victoria,Australia,"<a href=""https://daylesfordcider.com.au/"">Website</a>","<a href=""https://www.facebook.com/DaylesfordCider"">Facebook</a>","<a href=""https://www.instagram.com/daylesfordcider/"">Instagram</a>","<a href=""https://maps.google.com/?cid=3704200538482217988"">Google</a>",,"<a href=""https://www.tripadvisor.com/Attraction_Review-g2533620-d4506486"">TripAdvisor</a>","<a href=""https://untappd.com/w/daylesford-cider-company/15899"">Untappd</a>"
2021,Traditional Cider - Sweet,Seven Oaks Farmhouse Cider,Belle de Boskoop,🥉 Bronze,78,Active,Victoria,Australia,"<a href=""https://www.sevenoakscider.com.au/"">Website</a>","<a href=""https://www.facebook.com/sevenoakscider/"">Facebook</a>","<a href=""https://www.instagram.com/sevenoaksfarmhouse"">Instagram</a>","<a href=""https://maps.google.com/?cid=8084176422687381883"">Google</a>",,,"<a href=""https://untappd.com/w/seven-oaks-farmhouse-cider/17183"">Untappd</a>"
2021,MT Traditional Cider (Disgorged),Carmel Cider Co.,Heritage 20,🥇 Gold,93,Active,Western Australia,Australia,"<a href=""https://carmelcider.com.au/"">Website</a>",,"<a href=""https://www.instagram.com/carmel_cider"">Instagram</a>","<a href=""https://maps.google.com/?cid=9888810503901269588"">Google</a>",,,"<a href=""https://untappd.com/CarmelCiderCompany"">Untappd</a>"
2021,MT Traditional Cider (Disgorged),Core Cider,Harvest Moon,🥈 Silver,90,Active,Western Australia,Australia,"<a href=""https://corecider.com.au/"">Website</a>","<a href=""https://www.facebook.com/pages/The-CORE-Cider-House/193269374050973"">Facebook</a>","<a href=""https://www.instagram.com/coreciderhouse/"">Instagram</a>","<a href=""https://maps.google.com/?cid=9482101079872958147"">Google</a>","<a href=""https://www.yelp.com/biz/core-cider-pickering-brook-3"">Yelp</a>","<a href=""https://www.tripadvisor.com/Restaurant_Review-g804216-d3191966"">TripAdvisor</a>","<a href=""https://untappd.com/w/core-cider-house/90179"">Untappd</a>"
2021,MT Traditional Cider (Disgorged),Carmel Cider Co.,Heritage 19,🥈 Silver,87,Active,Western Australia,Australia,"<a href=""https://carmelcider.com.au/"">Website</a>",,"<a href=""https://www.instagram.com/carmel_cider"">Instagram</a>","<a href=""https://maps.google.com/?cid=9888810503901269588"">Google</a>",,,"<a href=""https://untappd.com/CarmelCiderCompany"">Untappd</a>"
2021,MT Traditional Cider (Disgorged),St Ronan's Cider,St Ronan’s Method Traditional Apple Cider,🥉 Bronze,78,Active,Victoria,Australia,"<a href=""https://stronanscider.com.au/"">Website</a>","<a href=""https://www.facebook.com/StRonansCider"">Facebook</a>","<a href=""https://www.instagram.com/st_ronans_cider/"">Instagram</a>","<a href=""https://maps.google.com/?cid=1347860416011573691"">Google</a>",,,"<a href=""https://untappd.com/StRonansCider"">Untappd</a>"
2021,New World Perry - Dry,"Sinclair Orchards ",St Clair Cider Perry,🥉 Bronze,84,Inactive,Victoria,Australia,,,,,,,
2021,New World Perry - Medium,The Hills Cider Company,Hills Cider Pear,🥇 Gold,93,Active,South Australia,Australia,,"<a href=""https://www.facebook.com/thehillscidercompany"">Facebook</a>","<a href=""https://www.instagram.com/thehillscidercompany/"">Instagram</a>","<a href=""https://maps.google.com/?cid=40048064327732560"">Google</a>",,,"<a href=""https://untappd.com/thehillscidercompany"">Untappd</a>"
2021,New World Perry - Medium,Trattore Cider,Trattore Earthen Pear,🥈 Silver,90,Active,Victoria,Australia,"<a href=""https://trattore.com.au/"">Website</a>",,"<a href=""https://www.instagram.com/trattorecider/"">Instagram</a>","<a href=""https://maps.google.com/?cid=144355748988170218"">Google</a>",,"<a href=""https://www.tripadvisor.com/Attraction_Review-g6888459-d23858854"">TripAdvisor</a>","<a href=""https://untappd.com/w/trattore/470815"">Untappd</a>"
2021,New World Perry - Medium,Sidewood Estate,Sidewood Pear Cider,🥈 Silver,88,Active,South Australia,Australia,"<a href=""https://sidewood.com.au/"">Website</a>","<a href=""https://www.facebook.com/SidewoodEstate/"">Facebook</a>","<a href=""https://www.instagram.com/sidewoodestate/"">Instagram</a>","<a href=""https://maps.google.com/?cid=16006910239256404559"">Google</a>",,"<a href=""https://www.tripadvisor.com.au/Attraction_Review-g499710-d19238424"">TripAdvisor</a>","<a href=""https://untappd.com/w/sidewood-estate/118552"">Untappd</a>"
2021,New World Perry - Medium,Napoleone Cider,Napoleone Pear Cider,🥈 Silver,86,Active,Victoria,Australia,"<a href=""https://napoleone.com.au/"">Website</a>","<a href=""https://www.facebook.com/napoleoneorchardbar"">Facebook</a>","<a href=""https://www.instagram.com/napoleonecider"">Instagram</a>","<a href=""https://maps.google.com/?cid=3472985488113617215"">Google</a>","<a href=""https://www.yelp.com/biz/napoleone-brewery-and-ciderhouse-coldstream"">Yelp</a>","<a href=""https://www.tripadvisor.com/Attraction_Review-g1205102-d7980976"">TripAdvisor</a>","<a href=""https://untappd.com/brewery/3800"">Untappd</a>"
2021,New World Perry - Medium,Flying Brick Cider,Pear Cider,🥈 Silver,85,Active,Victoria,Australia,"<a href=""https://flyingbrickciderco.com.au/"">Website</a>","<a href=""https://www.facebook.com/flyingbrickciderco"">Facebook</a>","<a href=""https://www.instagram.com/flyingbrickciderco/"">Instagram</a>","<a href=""https://maps.google.com/?cid=413601929230884265"">Google</a>","<a href=""https://www.yelp.com/biz/flying-brick-cider-co-wallington-2"">Yelp</a>","<a href=""https://www.tripadvisor.com/Restaurant_Review-g1937720-d7332877"">TripAdvisor</a>","<a href=""https://untappd.com/brewery/33883"">Untappd</a>"
2021,New World Perry - Medium,Bilpin Cider,Bilpin Pear Cider,🥉 Bronze,78,Active,New South Wales,Australia,"<a href=""https://bilpincider.com/"">Website</a>","<a href=""https://www.facebook.com/bilpincider"">Facebook</a>","<a href=""https://www.instagram.com/bilpincider/"">Instagram</a>","<a href=""https://maps.google.com/?cid=1982319036704250930"">Google</a>",,"<a href=""https://www.tripadvisor.com/Attraction_Review-g1093762-d10065632"">TripAdvisor</a>","<a href=""https://untappd.com/brewery/18734"">Untappd</a>"
2021,New World Perry - Medium Sweet,Darkes Cider,Darkes Perry,🥈 Silver,91,Active,New South Wales,Australia,"<a href=""https://www.darkes.com.au/"">Website</a>","<a href=""https://www.facebook.com/DarkesCider"">Facebook</a>","<a href=""https://www.instagram.com/darkescider/"">Instagram</a>","<a href=""https://maps.google.com/?cid=9016868264603406991"">Google</a>",,"<a href=""https://www.tripadvisor.com/Attraction_Review-g7786462-d7786279"">TripAdvisor</a>","<a href=""https://untappd.com/w/darkes-cider/93421"">Untappd</a>"
2021,New World Perry - Medium Sweet,Hillbilly Cider,Hillbilly Pear Cider,🥈 Silver,88,Active,New South Wales,Australia,"<a href=""https://hillbillycider.com.au/"">Website</a>","<a href=""https://www.facebook.com/HillbillyCider/"">Facebook</a>","<a href=""https://www.instagram.com/hillbillycider/"">Instagram</a>","<a href=""https://maps.google.com/?cid=904695025997043027"">Google</a>",,"<a href=""https://www.tripadvisor.com/Attraction_Review-g1093762-d12290596"">TripAdvisor</a>","<a href=""https://untappd.com/w/hillbilly-harvest-co/44163"">Untappd</a>"
2021,New World Perry - Medium Sweet,Barossa Cider Co.,Squashed Pear Cider,🥉 Bronze,80,Active,South Australia,Australia,"<a href=""https://barossavalleyciderco.com/"">Website</a>","<a href=""https://www.facebook.com/barossacider/"">Facebook</a>","<a href=""https://www.instagram.com/barossacider.co/"">Instagram</a>",,,,"<a href=""https://untappd.com/TheBarossaValleyCiderCo"">Untappd</a>"
2021,MT New World Perry (Disgorged),Carmel Cider Co.,Pear 19,🥈 Silver,90,Active,Western Australia,Australia,"<a href=""https://carmelcider.com.au/"">Website</a>",,"<a href=""https://www.instagram.com/carmel_cider"">Instagram</a>","<a href=""https://maps.google.com/?cid=9888810503901269588"">Google</a>",,,"<a href=""https://untappd.com/CarmelCiderCompany"">Untappd</a>"
2021,MT New World Perry (Disgorged),Carmel Cider Co.,Pear 20,🥉 Bronze,83,Active,Western Australia,Australia,"<a href=""https://carmelcider.com.au/"">Website</a>",,"<a href=""https://www.instagram.com/carmel_cider"">Instagram</a>","<a href=""https://maps.google.com/?cid=9888810503901269588"">Google</a>",,,"<a href=""https://untappd.com/CarmelCiderCompany"">Untappd</a>"
2021,Traditional Perry - Dry,Crucible Cider,Crucible Perry,🥈 Silver,90,Active,Victoria,Australia,,"<a href=""https://www.facebook.com/profile.php?id=100072057556611"">Facebook</a>","<a href=""https://www.instagram.com/crucible_cider/?img_index=1"">Instagram</a>",,,,
2021,MT Traditional Perry (Disgorged),Core Cider,Perilous,🥇 Gold,92.5,Active,Western Australia,Australia,"<a href=""https://corecider.com.au/"">Website</a>","<a href=""https://www.facebook.com/pages/The-CORE-Cider-House/193269374050973"">Facebook</a>","<a href=""https://www.instagram.com/coreciderhouse/"">Instagram</a>","<a href=""https://maps.google.com/?cid=9482101079872958147"">Google</a>","<a href=""https://www.yelp.com/biz/core-cider-pickering-brook-3"">Yelp</a>","<a href=""https://www.tripadvisor.com/Restaurant_Review-g804216-d3191966"">TripAdvisor</a>","<a href=""https://untappd.com/w/core-cider-house/90179"">Untappd</a>"
2021,MT Traditional Perry (Disgorged),St Ronan's Cider,St Ronan’s Method Traditional Pear Cider,🥉 Bronze,84,Active,Victoria,Australia,"<a href=""https://stronanscider.com.au/"">Website</a>","<a href=""https://www.facebook.com/StRonansCider"">Facebook</a>","<a href=""https://www.instagram.com/st_ronans_cider/"">Instagram</a>","<a href=""https://maps.google.com/?cid=1347860416011573691"">Google</a>",,,"<a href=""https://untappd.com/StRonansCider"">Untappd</a>"
2021,MT Traditional Perry (Disgorged),Small Acres Cyder,Small Acres Sparkling Perry 2020,🥉 Bronze,80,Active,New South Wales,Australia,"<a href=""https://www.smallacrescyder.com.au/"">Website</a>","<a href=""https://www.facebook.com/SmallAcresCyder"">Facebook</a>","<a href=""https://www.instagram.com/smallacrescyder"">Instagram</a>","<a href=""https://maps.google.com/?cid=1497457670374953580"">Google</a>",,"<a href=""https://www.tripadvisor.com/Attraction_Review-g2642455-d5991203"">TripAdvisor</a>","<a href=""https://untappd.com/brewery/14584"">Untappd</a>"
2021,Experimental Cider or Perry,Funk Cider,Sex Machine Cider,🥈 Silver,89,Active,Western Australia,Australia,"<a href=""https://funkdrinks.co/"">Website</a>","<a href=""https://www.facebook.com/funkdrinksco"">Facebook</a>","<a href=""https://www.instagram.com/funkdrinksco/"">Instagram</a>","<a href=""https://maps.google.com/?cid=12976653066917509642"">Google</a>",,,"<a href=""https://untappd.com/FunkCider"">Untappd</a>"
2021,Experimental Cider or Perry,Three Oaks Cider,Three Oaks Apple Cider With Lime & Hibiscus,🥈 Silver,88,Active,South Australia,Australia,"<a href=""https://www.threeoakscider.com/"">Website</a>","<a href=""https://www.facebook.com/Threeoakscider"">Facebook</a>","<a href=""https://www.instagram.com/threeoakscider/"">Instagram</a>",,,,"<a href=""https://untappd.com/brewery/16538"">Untappd</a>"
2021,Experimental Cider or Perry,Funk Cider,Rosé Cider,🥈 Silver,85,Active,Western Australia,Australia,"<a href=""https://funkdrinks.co/"">Website</a>","<a href=""https://www.facebook.com/funkdrinksco"">Facebook</a>","<a href=""https://www.instagram.com/funkdrinksco/"">Instagram</a>","<a href=""https://maps.google.com/?cid=12976653066917509642"">Google</a>",,,"<a href=""https://untappd.com/FunkCider"">Untappd</a>"
2021,Experimental Cider or Perry,Small Acres Cyder,Golden Knot Apple and Pear,🥈 Silver,85,Active,New South Wales,Australia,"<a href=""https://www.smallacrescyder.com.au/"">Website</a>","<a href=""https://www.facebook.com/SmallAcresCyder"">Facebook</a>","<a href=""https://www.instagram.com/smallacrescyder"">Instagram</a>","<a href=""https://maps.google.com/?cid=1497457670374953580"">Google</a>",,"<a href=""https://www.tripadvisor.com/Attraction_Review-g2642455-d5991203"">TripAdvisor</a>","<a href=""https://untappd.com/brewery/14584"">Untappd</a>"
2021,Experimental Cider or Perry,Spreyton Cider Co.,Bitter,🥉 Bronze,84,Active,Tasmania,Australia,"<a href=""https://www.spreytonciderco.com.au/"">Website</a>","<a href=""https://www.facebook.com/SpreytonCiderCo"">Facebook</a>","<a href=""https://www.instagram.com/spreytonciderco/"">Instagram</a>","<a href=""https://maps.google.com/?cid=4719454766033276507"">Google</a>","<a href=""https://www.yelp.com/biz/spreyton-cider-co-spreyton-2"">Yelp</a>","<a href=""https://www.tripadvisor.com/Attraction_Review-g504292-d3738226"">TripAdvisor</a>","<a href=""https://untappd.com/SpreytonCiderCo"">Untappd</a>"
2021,Experimental Cider or Perry,The Hills Cider Company,Hills Cider Barrel Aged,🥉 Bronze,84,Active,South Australia,Australia,,"<a href=""https://www.facebook.com/thehillscidercompany"">Facebook</a>","<a href=""https://www.instagram.com/thehillscidercompany/"">Instagram</a>","<a href=""https://maps.google.com/?cid=40048064327732560"">Google</a>",,,"<a href=""https://untappd.com/thehillscidercompany"">Untappd</a>"
2021,Experimental Cider or Perry,Rebel Cider,Apple Cherry Sour,🥉 Bronze,83,Active,Victoria,Australia,,"<a href=""https://www.facebook.com/profile.php?id=100080154523886"">Facebook</a>","<a href=""https://www.instagram.com/rebel.cider/"">Instagram</a>",,,,
2021,Experimental Cider or Perry,Hillbilly Cider,Hillbilly Non Alcoholic Apple,🥉 Bronze,80,Active,New South Wales,Australia,"<a href=""https://hillbillycider.com.au/"">Website</a>","<a href=""https://www.facebook.com/HillbillyCider/"">Facebook</a>","<a href=""https://www.instagram.com/hillbillycider/"">Instagram</a>","<a href=""https://maps.google.com/?cid=904695025997043027"">Google</a>",,"<a href=""https://www.tripadvisor.com/Attraction_Review-g1093762-d12290596"">TripAdvisor</a>","<a href=""https://untappd.com/w/hillbilly-harvest-co/44163"">Untappd</a>"
2021,Experimental Cider or Perry,Small Acres Cyder,Golden Knot Apple and Cherry,🥉 Bronze,80,Active,New South Wales,Australia,"<a href=""https://www.smallacrescyder.com.au/"">Website</a>","<a href=""https://www.facebook.com/SmallAcresCyder"">Facebook</a>","<a href=""https://www.instagram.com/smallacrescyder"">Instagram</a>","<a href=""https://maps.google.com/?cid=1497457670374953580"">Google</a>",,"<a href=""https://www.tripadvisor.com/Attraction_Review-g2642455-d5991203"">TripAdvisor</a>","<a href=""https://untappd.com/brewery/14584"">Untappd</a>"
2021,Experimental Cider or Perry,Darkes Cider,Little Blue,🥉 Bronze,78,Active,New South Wales,Australia,"<a href=""https://www.darkes.com.au/"">Website</a>","<a href=""https://www.facebook.com/DarkesCider"">Facebook</a>","<a href=""https://www.instagram.com/darkescider/"">Instagram</a>","<a href=""https://maps.google.com/?cid=9016868264603406991"">Google</a>",,"<a href=""https://www.tripadvisor.com/Attraction_Review-g7786462-d7786279"">TripAdvisor</a>","<a href=""https://untappd.com/w/darkes-cider/93421"">Untappd</a>"
2021,Apple and Pear Blends,Barossa Cider Co.,Cloudy Cider,🥇 Gold,94,Active,South Australia,Australia,"<a href=""https://barossavalleyciderco.com/"">Website</a>","<a href=""https://www.facebook.com/barossacider/"">Facebook</a>","<a href=""https://www.instagram.com/barossacider.co/"">Instagram</a>",,,,"<a href=""https://untappd.com/TheBarossaValleyCiderCo"">Untappd</a>"
2021,Apple and Pear Blends,Lenswood Cider Co.,Apple/Pear Cider,🥇 Gold,93,Active,South Australia,Australia,"<a href=""https://www.lenswoodciderco.com.au/"">Website</a>","<a href=""https://www.facebook.com/lenswoodciderco"">Facebook</a>","<a href=""https://www.instagram.com/lenswoodciderco/"">Instagram</a>",,,,"<a href=""https://untappd.com/w/lenswood-cider-co/472218"">Untappd</a>"
2021,Apple and Pear Blends,Ninch Cider,Sweet Democracy,🥈 Silver,90,Active,Tasmania,Australia,,,"<a href=""https://www.instagram.com/ninchcider/"">Instagram</a>","<a href=""https://maps.google.com/?cid=10134826457369794124"">Google</a>",,,
2021,Apple and Pear Blends,Carmel Cider Co.,Apple and Pear 19,🥈 Silver,89,Active,Western Australia,Australia,"<a href=""https://carmelcider.com.au/"">Website</a>",,"<a href=""https://www.instagram.com/carmel_cider"">Instagram</a>","<a href=""https://maps.google.com/?cid=9888810503901269588"">Google</a>",,,"<a href=""https://untappd.com/CarmelCiderCompany"">Untappd</a>"
2021,Apple and Pear Blends,DV Cider House,Pulp Friction B#005,🥈 Silver,85,Active,Victoria,Australia,"<a href=""https://dvcider.com.au/"">Website</a>","<a href=""https://www.facebook.com/darraweitvalleycider/"">Facebook</a>","<a href=""https://www.instagram.com/dvcider/"">Instagram</a>","<a href=""https://maps.google.com/?cid=9100243841087380471"">Google</a>",,"<a href=""https://www.tripadvisor.com/Attraction_Review-g27087874-d21406538"">TripAdvisor</a>","<a href=""https://untappd.com/DarraweitValleyCider"">Untappd</a>"
2021,Apple and Pear Blends,Lobo Cider,LOBO Apple and Pear,🥉 Bronze,84,Active,South Australia,Australia,"<a href=""https://www.lobocider.com.au/"">Website</a>","<a href=""https://www.facebook.com/LOBOcider/"">Facebook</a>","<a href=""https://www.instagram.com/lobocider"">Instagram</a>",,,,"<a href=""https://untappd.com/brewery/8446"">Untappd</a>"
2021,Apple and Pear Blends,Willie Smith's,Willie Smith's Pomme de Yard,🥉 Bronze,83,Active,Tasmania,Australia,"<a href=""https://www.williesmiths.com.au/"">Website</a>","<a href=""https://www.facebook.com/pages/Willie-Smiths-Organic-Cider/260319247336198"">Facebook</a>","<a href=""https://www.instagram.com/williesmithscider/"">Instagram</a>","<a href=""https://maps.google.com/?cid=16057012530083496420"">Google</a>","<a href=""https://www.yelp.com/biz/willie-smith-s-apple-shed-grove"">Yelp</a>","<a href=""https://www.tripadvisor.com/Restaurant_Review-g1175547-d7911074"">TripAdvisor</a>","<a href=""https://untappd.com/WilliamSmithandSons"">Untappd</a>"
2021,Apple and Pear Blends,Cheeky Grog Co,Cheeky Pair,🥉 Bronze,79,Active,Victoria,Australia,"<a href=""https://cheekygrogco.com/"">Website</a>","<a href=""https://www.facebook.com/cheekygrogco"">Facebook</a>","<a href=""https://www.instagram.com/cheekygrogco/"">Instagram</a>","<a href=""https://maps.google.com/?cid=18312852297094426661"">Google</a>","<a href=""https://www.yelp.com/biz/cheeky-grog-co-bunbartha"">Yelp</a>","<a href=""https://www.tripadvisor.com/Attraction_Review-g12263922-d10807488"">TripAdvisor</a>","<a href=""https://untappd.com/w/cheeky-grog-co/247399"">Untappd</a>"
2021,Cider or Perry with Fruit,Sidewood Estate,Sidewood Cherry Pear Cider,🥇 Gold,95,Active,South Australia,Australia,"<a href=""https://sidewood.com.au/"">Website</a>","<a href=""https://www.facebook.com/SidewoodEstate/"">Facebook</a>","<a href=""https://www.instagram.com/sidewoodestate/"">Instagram</a>","<a href=""https://maps.google.com/?cid=16006910239256404559"">Google</a>",,"<a href=""https://www.tripadvisor.com.au/Attraction_Review-g499710-d19238424"">TripAdvisor</a>","<a href=""https://untappd.com/w/sidewood-estate/118552"">Untappd</a>"
2021,Cider or Perry with Fruit,Rusty Bike Wines & Ciders,Rusty Bike Apple & Guava,🥇 Gold,92.5,Active,South Australia,Australia,"<a href=""https://rustybike.com.au/"">Website</a>","<a href=""https://www.facebook.com/rustybike.com.au/"">Facebook</a>","<a href=""https://www.instagram.com/rustybikewines/"">Instagram</a>","<a href=""https://maps.google.com/?cid=2086180301930276726"">Google</a>",,,"<a href=""https://untappd.com/w/rusty-bike-wines-ciders/424227"">Untappd</a>"
2021,Cider or Perry with Fruit,Spreyton Cider Co.,Sour Cherry Cider,🥇 Gold,92.5,Active,Tasmania,Australia,"<a href=""https://www.spreytonciderco.com.au/"">Website</a>","<a href=""https://www.facebook.com/SpreytonCiderCo"">Facebook</a>","<a href=""https://www.instagram.com/spreytonciderco/"">Instagram</a>","<a href=""https://maps.google.com/?cid=4719454766033276507"">Google</a>","<a href=""https://www.yelp.com/biz/spreyton-cider-co-spreyton-2"">Yelp</a>","<a href=""https://www.tripadvisor.com/Attraction_Review-g504292-d3738226"">TripAdvisor</a>","<a href=""https://untappd.com/SpreytonCiderCo"">Untappd</a>"
2021,Cider or Perry with Fruit,Cheeky Rascal Cider,Pinot Apple,🥈 Silver,91.5,Active,Victoria,Australia,"<a href=""https://cheekyrascal.com.au/"">Website</a>","<a href=""https://www.facebook.com/CheekyRascalCider"">Facebook</a>","<a href=""https://www.instagram.com/cheekyrascalcider/"">Instagram</a>","<a href=""https://maps.google.com/?cid=17305349640147101403"">Google</a>",,,"<a href=""https://untappd.com/RebelloWines"">Untappd</a>"
2021,Cider or Perry with Fruit,Bruny Island Cider,Bruny Island Apple & Cherry Cider,🥈 Silver,88,Active,Tasmania,Australia,"<a href=""https://www.brunyisland.com/catalogue/bruny-island-cider/"">Website</a>","<a href=""https://www.facebook.com/BrunyIslandCider/"">Facebook</a>","<a href=""https://www.instagram.com/brunyislandcider/"">Instagram</a>",,,,"<a href=""https://untappd.com/w/bruny-island-cider/235917"">Untappd</a>"
2021,Cider or Perry with Fruit,Hillbilly Cider,Hillbilly Summer,🥈 Silver,88,Active,New South Wales,Australia,"<a href=""https://hillbillycider.com.au/"">Website</a>","<a href=""https://www.facebook.com/HillbillyCider/"">Facebook</a>","<a href=""https://www.instagram.com/hillbillycider/"">Instagram</a>","<a href=""https://maps.google.com/?cid=904695025997043027"">Google</a>",,"<a href=""https://www.tripadvisor.com/Attraction_Review-g1093762-d12290596"">TripAdvisor</a>","<a href=""https://untappd.com/w/hillbilly-harvest-co/44163"">Untappd</a>"
2021,Cider or Perry with Fruit,Strange Brothers,Yuzu Craft Cider,🥈 Silver,86.7,Active,Auckland,New Zealand,"<a href=""https://www.strangebrothers.co.nz/"">Website</a>","<a href=""https://www.facebook.com/strangebrothersnz/"">Facebook</a>","<a href=""https://www.instagram.com/strangebrothersnz/"">Instagram</a>",,,,"<a href=""https://untappd.com/BrothersBeer"">Untappd</a>"
2021,Cider or Perry with Fruit,The Hills Cider Company,Tropical Sour,🥈 Silver,86.7,Active,South Australia,Australia,,"<a href=""https://www.facebook.com/thehillscidercompany"">Facebook</a>","<a href=""https://www.instagram.com/thehillscidercompany/"">Instagram</a>","<a href=""https://maps.google.com/?cid=40048064327732560"">Google</a>",,,"<a href=""https://untappd.com/thehillscidercompany"">Untappd</a>"
2021,Cider or Perry with Fruit,Flying Brick Cider,Raspberry Cider,🥈 Silver,86.3,Active,Victoria,Australia,"<a href=""https://flyingbrickciderco.com.au/"">Website</a>","<a href=""https://www.facebook.com/flyingbrickciderco"">Facebook</a>","<a href=""https://www.instagram.com/flyingbrickciderco/"">Instagram</a>","<a href=""https://maps.google.com/?cid=413601929230884265"">Google</a>","<a href=""https://www.yelp.com/biz/flying-brick-cider-co-wallington-2"">Yelp</a>","<a href=""https://www.tripadvisor.com/Restaurant_Review-g1937720-d7332877"">TripAdvisor</a>","<a href=""https://untappd.com/brewery/33883"">Untappd</a>"
2021,Cider or Perry with Fruit,Rusty Bike Wines & Ciders,Rusty Bike Prickly Pear Cider,🥈 Silver,85.7,Active,South Australia,Australia,"<a href=""https://rustybike.com.au/"">Website</a>","<a href=""https://www.facebook.com/rustybike.com.au/"">Facebook</a>","<a href=""https://www.instagram.com/rustybikewines/"">Instagram</a>","<a href=""https://maps.google.com/?cid=2086180301930276726"">Google</a>",,,"<a href=""https://untappd.com/w/rusty-bike-wines-ciders/424227"">Untappd</a>"
2021,Cider or Perry with Fruit,Cheeky Rascal Cider,"Mint, Lime, Chilli and Apple",🥈 Silver,85.3,Active,Victoria,Australia,"<a href=""https://cheekyrascal.com.au/"">Website</a>","<a href=""https://www.facebook.com/CheekyRascalCider"">Facebook</a>","<a href=""https://www.instagram.com/cheekyrascalcider/"">Instagram</a>","<a href=""https://maps.google.com/?cid=17305349640147101403"">Google</a>",,,"<a href=""https://untappd.com/RebelloWines"">Untappd</a>"
2021,Cider or Perry with Fruit,Sidewood Estate,Sidewood Strawberry Apple Cider,🥈 Silver,85.3,Active,South Australia,Australia,"<a href=""https://sidewood.com.au/"">Website</a>","<a href=""https://www.facebook.com/SidewoodEstate/"">Facebook</a>","<a href=""https://www.instagram.com/sidewoodestate/"">Instagram</a>","<a href=""https://maps.google.com/?cid=16006910239256404559"">Google</a>",,"<a href=""https://www.tripadvisor.com.au/Attraction_Review-g499710-d19238424"">TripAdvisor</a>","<a href=""https://untappd.com/w/sidewood-estate/118552"">Untappd</a>"
2021,Cider or Perry with Fruit,Spreyton Cider Co.,Apple and Raspberry Cider,🥈 Silver,85,Active,Tasmania,Australia,"<a href=""https://www.spreytonciderco.com.au/"">Website</a>","<a href=""https://www.facebook.com/SpreytonCiderCo"">Facebook</a>","<a href=""https://www.instagram.com/spreytonciderco/"">Instagram</a>","<a href=""https://maps.google.com/?cid=4719454766033276507"">Google</a>","<a href=""https://www.yelp.com/biz/spreyton-cider-co-spreyton-2"">Yelp</a>","<a href=""https://www.tripadvisor.com/Attraction_Review-g504292-d3738226"">TripAdvisor</a>","<a href=""https://untappd.com/SpreytonCiderCo"">Untappd</a>"
2021,Cider or Perry with Fruit,Sydney Brewery,Cherry Perry,🥉 Bronze,84,Active,New South Wales,Australia,"<a href=""https://sydneybrewery.com/"">Website</a>","<a href=""https://www.facebook.com/SydneyBrewery/"">Facebook</a>","<a href=""https://www.instagram.com/sydneybrewery/"">Instagram</a>","<a href=""https://maps.google.com/?cid=6674617705014025022"">Google</a>",,"<a href=""https://www.tripadvisor.com/Restaurant_Review-g23197656-d15602287"">TripAdvisor</a>","<a href=""https://untappd.com/SydneyBrewhouse"">Untappd</a>"
2021,Cider or Perry with Fruit,Plenty Cider,Apple & Quince,🥉 Bronze,83,Active,Tasmania,Australia,"<a href=""https://www.plentycider.com.au/"">Website</a>","<a href=""https://www.facebook.com/plentycider/"">Facebook</a>","<a href=""https://www.instagram.com/plentycider/"">Instagram</a>","<a href=""https://maps.google.com/?cid=108618394510087143"">Google</a>",,,"<a href=""https://untappd.com/w/plenty-cider/454183"">Untappd</a>"
2021,Cider or Perry with Fruit,Sidewood Estate,Sidewood Pineapple Cider,🥉 Bronze,83,Active,South Australia,Australia,"<a href=""https://sidewood.com.au/"">Website</a>","<a href=""https://www.facebook.com/SidewoodEstate/"">Facebook</a>","<a href=""https://www.instagram.com/sidewoodestate/"">Instagram</a>","<a href=""https://maps.google.com/?cid=16006910239256404559"">Google</a>",,"<a href=""https://www.tripadvisor.com.au/Attraction_Review-g499710-d19238424"">TripAdvisor</a>","<a href=""https://untappd.com/w/sidewood-estate/118552"">Untappd</a>"
2021,Cider or Perry with Fruit,Cheeky Tiki Cider,Pineapple Cider,🥉 Bronze,82,Active,Queensland,Australia,"<a href=""https://www.ohanawinery.com.au/"">Website</a>","<a href=""https://www.facebook.com/OhanaWinery"">Facebook</a>","<a href=""https://www.instagram.com/cheekytikicider/"">Instagram</a>",,,"<a href=""https://www.tripadvisor.com/Attraction_Review-g255334-d15052083"">TripAdvisor</a>","<a href=""https://untappd.com/CheekyTiki"">Untappd</a>"
2021,Cider or Perry with Fruit,Pinnacle Drinks,Culture House Apple and Mango Sour Cider,🥉 Bronze,82,Active,New South Wales,Australia,"<a href=""https://pinnacledrinks.com.au/"">Website</a>",,,"<a href=""https://maps.google.com/?cid=18382720107027294885"">Google</a>",,,"<a href=""https://untappd.com/PinnacleDrinksQS"">Untappd</a>"
2021,Cider or Perry with Fruit,Funk Cider,Pineapple Cider,🥉 Bronze,81,Active,Western Australia,Australia,"<a href=""https://funkdrinks.co/"">Website</a>","<a href=""https://www.facebook.com/funkdrinksco"">Facebook</a>","<a href=""https://www.instagram.com/funkdrinksco/"">Instagram</a>","<a href=""https://maps.google.com/?cid=12976653066917509642"">Google</a>",,,"<a href=""https://untappd.com/FunkCider"">Untappd</a>"
2021,Cider or Perry with Fruit,Roleystone Brewing Company,Rosé Cheeks,🥉 Bronze,81,Active,Western Australia,Australia,"<a href=""https://www.roleystonebrewingco.com/"">Website</a>","<a href=""https://www.facebook.com/RoleystoneBrewingCo/"">Facebook</a>","<a href=""https://www.instagram.com/roleystonebrewingco/"">Instagram</a>","<a href=""https://maps.google.com/?cid=8363645666309319654"">Google</a>",,,"<a href=""https://untappd.com/RoleystoneBrewingCo"">Untappd</a>"
2021,Cider or Perry with Fruit,Cheeky Grog Co,Cheeky Cherry,🥉 Bronze,81,Active,Victoria,Australia,"<a href=""https://cheekygrogco.com/"">Website</a>","<a href=""https://www.facebook.com/cheekygrogco"">Facebook</a>","<a href=""https://www.instagram.com/cheekygrogco/"">Instagram</a>","<a href=""https://maps.google.com/?cid=18312852297094426661"">Google</a>","<a href=""https://www.yelp.com/biz/cheeky-grog-co-bunbartha"">Yelp</a>","<a href=""https://www.tripadvisor.com/Attraction_Review-g12263922-d10807488"">TripAdvisor</a>","<a href=""https://untappd.com/w/cheeky-grog-co/247399"">Untappd</a>"
2021,Cider or Perry with Fruit,Strange Brothers,Raspberry & Lemon Craft Cider,🥉 Bronze,80.7,Active,Auckland,New Zealand,"<a href=""https://www.strangebrothers.co.nz/"">Website</a>","<a href=""https://www.facebook.com/strangebrothersnz/"">Facebook</a>","<a href=""https://www.instagram.com/strangebrothersnz/"">Instagram</a>",,,,"<a href=""https://untappd.com/BrothersBeer"">Untappd</a>"
2021,Lighter Strength Cider or Perry,St Ronan's Cider,St Ronan’s Mid Apple/Pear Cider,🥈 Silver,91,Active,Victoria,Australia,"<a href=""https://stronanscider.com.au/"">Website</a>","<a href=""https://www.facebook.com/StRonansCider"">Facebook</a>","<a href=""https://www.instagram.com/st_ronans_cider/"">Instagram</a>","<a href=""https://maps.google.com/?cid=1347860416011573691"">Google</a>",,,"<a href=""https://untappd.com/StRonansCider"">Untappd</a>"
2021,Lighter Strength Cider or Perry,Cheeky Grog Co,Cheeky Mid,🥉 Bronze,83,Active,Victoria,Australia,"<a href=""https://cheekygrogco.com/"">Website</a>","<a href=""https://www.facebook.com/cheekygrogco"">Facebook</a>","<a href=""https://www.instagram.com/cheekygrogco/"">Instagram</a>","<a href=""https://maps.google.com/?cid=18312852297094426661"">Google</a>","<a href=""https://www.yelp.com/biz/cheeky-grog-co-bunbartha"">Yelp</a>","<a href=""https://www.tripadvisor.com/Attraction_Review-g12263922-d10807488"">TripAdvisor</a>","<a href=""https://untappd.com/w/cheeky-grog-co/247399"">Untappd</a>"
2021,Cider or Perry with Herbs/Spices,DV Cider House,Hopped Apple B#008,🥈 Silver,85,Active,Victoria,Australia,"<a href=""https://dvcider.com.au/"">Website</a>","<a href=""https://www.facebook.com/darraweitvalleycider/"">Facebook</a>","<a href=""https://www.instagram.com/dvcider/"">Instagram</a>","<a href=""https://maps.google.com/?cid=9100243841087380471"">Google</a>",,"<a href=""https://www.tripadvisor.com/Attraction_Review-g27087874-d21406538"">TripAdvisor</a>","<a href=""https://untappd.com/DarraweitValleyCider"">Untappd</a>"
2021,Cider or Perry with Herbs/Spices,Daylesford Cider Company,Apple Pear Ginger,🥉 Bronze,83,Active,Victoria,Australia,"<a href=""https://daylesfordcider.com.au/"">Website</a>","<a href=""https://www.facebook.com/DaylesfordCider"">Facebook</a>","<a href=""https://www.instagram.com/daylesfordcider/"">Instagram</a>","<a href=""https://maps.google.com/?cid=3704200538482217988"">Google</a>",,"<a href=""https://www.tripadvisor.com/Attraction_Review-g2533620-d4506486"">TripAdvisor</a>","<a href=""https://untappd.com/w/daylesford-cider-company/15899"">Untappd</a>"
2021,Cider or Perry with Herbs/Spices,The Hills Cider Company,Imperial Hazy Apple & Hop,🥉 Bronze,83,Active,South Australia,Australia,,"<a href=""https://www.facebook.com/thehillscidercompany"">Facebook</a>","<a href=""https://www.instagram.com/thehillscidercompany/"">Instagram</a>","<a href=""https://maps.google.com/?cid=40048064327732560"">Google</a>",,,"<a href=""https://untappd.com/thehillscidercompany"">Untappd</a>"
2021,Cider or Perry with Herbs/Spices,The Hills Cider Company,Apple & Ginger,🥉 Bronze,82,Active,South Australia,Australia,,"<a href=""https://www.facebook.com/thehillscidercompany"">Facebook</a>","<a href=""https://www.instagram.com/thehillscidercompany/"">Instagram</a>","<a href=""https://maps.google.com/?cid=40048064327732560"">Google</a>",,,"<a href=""https://untappd.com/thehillscidercompany"">Untappd</a>"
2021,Ice Cider or Perry,Crafty Cider,Ice Cider,🥉 Bronze,84.3,Active,New South Wales,Australia,"<a href=""https://www.craftycider.com.au/"">Website</a>","<a href=""https://www.facebook.com/craftyciderbatlow"">Facebook</a>","<a href=""https://www.instagram.com/craftyciderbatlow/"">Instagram</a>","<a href=""https://maps.google.com/?cid=15536909893508302345"">Google</a>",,,"<a href=""https://untappd.com/w/crafty-cider/460789"">Untappd</a>"
2021,Pommeau,Small Acres Cyder,Small Acres Pommeau 2017,🥉 Bronze,84.3,Active,New South Wales,Australia,"<a href=""https://www.smallacrescyder.com.au/"">Website</a>","<a href=""https://www.facebook.com/SmallAcresCyder"">Facebook</a>","<a href=""https://www.instagram.com/smallacrescyder"">Instagram</a>","<a href=""https://maps.google.com/?cid=1497457670374953580"">Google</a>",,"<a href=""https://www.tripadvisor.com/Attraction_Review-g2642455-d5991203"">TripAdvisor</a>","<a href=""https://untappd.com/brewery/14584"">Untappd</a>"
2021,Eau de Vie,Carmel Cider Co.,Eau De Vie,🥈 Silver,85,Active,Western Australia,Australia,"<a href=""https://carmelcider.com.au/"">Website</a>",,"<a href=""https://www.instagram.com/carmel_cider"">Instagram</a>","<a href=""https://maps.google.com/?cid=9888810503901269588"">Google</a>",,,"<a href=""https://untappd.com/CarmelCiderCompany"">Untappd</a>"
2021,Eau de Vie,Manjimup Cider Co.,On the Shoulders of Giants Pure Apple Spirit,🥉 Bronze,82.3,Active,Western Australia,Australia,,"<a href=""https://www.facebook.com/giantscider/"">Facebook</a>",,,,,"<a href=""https://untappd.com/w/manjimup-cider-co/422781"">Untappd</a>"
2021,Aged Spirit,Spreyton Cider Co.,Fancy Apple Brandy,🥇 Gold,92.5,Active,Tasmania,Australia,"<a href=""https://www.spreytonciderco.com.au/"">Website</a>","<a href=""https://www.facebook.com/SpreytonCiderCo"">Facebook</a>","<a href=""https://www.instagram.com/spreytonciderco/"">Instagram</a>","<a href=""https://maps.google.com/?cid=4719454766033276507"">Google</a>","<a href=""https://www.yelp.com/biz/spreyton-cider-co-spreyton-2"">Yelp</a>","<a href=""https://www.tripadvisor.com/Attraction_Review-g504292-d3738226"">TripAdvisor</a>","<a href=""https://untappd.com/SpreytonCiderCo"">Untappd</a>"
2021,Aged Spirit,Manjimup Cider Co.,On the Shoulders of Giants Fine Apple Brandy,🥈 Silver,90,Active,Western Australia,Australia,,"<a href=""https://www.facebook.com/giantscider/"">Facebook</a>",,,,,"<a href=""https://untappd.com/w/manjimup-cider-co/422781"">Untappd</a>"
2021,Aged Spirit,Lobo Cider,LOBO Lobodos,🥉 Bronze,84.6,Active,South Australia,Australia,"<a href=""https://www.lobocider.com.au/"">Website</a>","<a href=""https://www.facebook.com/LOBOcider/"">Facebook</a>","<a href=""https://www.instagram.com/lobocider"">Instagram</a>",,,,"<a href=""https://untappd.com/brewery/8446"">Untappd</a>"
2021,Aged Spirit,Carmel Cider Co.,Apple Brandy,🥉 Bronze,82.4,Active,Western Australia,Australia,"<a href=""https://carmelcider.com.au/"">Website</a>",,"<a href=""https://www.instagram.com/carmel_cider"">Instagram</a>","<a href=""https://maps.google.com/?cid=9888810503901269588"">Google</a>",,,"<a href=""https://untappd.com/CarmelCiderCompany"">Untappd</a>"
2022,New World Cider - Dry,Willie Smith's,Lucidity Sturmer Pippen Apple Cider,🥈 Silver,91,Active,Tasmania,Australia,"<a href=""https://www.williesmiths.com.au/"">Website</a>","<a href=""https://www.facebook.com/pages/Willie-Smiths-Organic-Cider/260319247336198"">Facebook</a>","<a href=""https://www.instagram.com/williesmithscider/"">Instagram</a>","<a href=""https://maps.google.com/?cid=16057012530083496420"">Google</a>","<a href=""https://www.yelp.com/biz/willie-smith-s-apple-shed-grove"">Yelp</a>","<a href=""https://www.tripadvisor.com/Restaurant_Review-g1175547-d7911074"">TripAdvisor</a>","<a href=""https://untappd.com/WilliamSmithandSons"">Untappd</a>"
2022,New World Cider - Dry,Sutton's Juice Factory,Sutton’s Pink Lady Apple Cider,🥈 Silver,85,Active,Queensland,Australia,"<a href=""https://suttonsfarm.com.au/"">Website</a>","<a href=""https://www.facebook.com/suttonsjuiceandcider/"">Facebook</a>","<a href=""https://www.instagram.com/suttonsfarm/"">Instagram</a>","<a href=""https://maps.google.com/?cid=17202902084953727843"">Google</a>",,"<a href=""https://www.tripadvisor.com/Attraction_Review-g3666083-d1743635"">TripAdvisor</a>","<a href=""https://untappd.com/w/suttons-farm/169154"">Untappd</a>"
2022,New World Cider - Dry,Incy Wincy Cyder,Huntsman 2020,🥉 Bronze,84,Active,New South Wales,Australia,"<a href=""https://www.incywincycyder.com/"">Website</a>","<a href=""https://www.facebook.com/incywincycyder/"">Facebook</a>","<a href=""https://www.instagram.com/incywincycyder_orange"">Instagram</a>",,,,"<a href=""https://untappd.com/w/incy-wincy-cyder/413318"">Untappd</a>"
2022,New World Cider - Dry,Spreyton Cider Co.,Classic Cider,🥉 Bronze,82,Active,Tasmania,Australia,"<a href=""https://www.spreytonciderco.com.au/"">Website</a>","<a href=""https://www.facebook.com/SpreytonCiderCo"">Facebook</a>","<a href=""https://www.instagram.com/spreytonciderco/"">Instagram</a>","<a href=""https://maps.google.com/?cid=4719454766033276507"">Google</a>","<a href=""https://www.yelp.com/biz/spreyton-cider-co-spreyton-2"">Yelp</a>","<a href=""https://www.tripadvisor.com/Attraction_Review-g504292-d3738226"">TripAdvisor</a>","<a href=""https://untappd.com/SpreytonCiderCo"">Untappd</a>"
2022,New World Cider - Dry,Carmel Cider Co.,Traditional,🥉 Bronze,79,Active,Western Australia,Australia,"<a href=""https://carmelcider.com.au/"">Website</a>",,"<a href=""https://www.instagram.com/carmel_cider"">Instagram</a>","<a href=""https://maps.google.com/?cid=9888810503901269588"">Google</a>",,,"<a href=""https://untappd.com/CarmelCiderCompany"">Untappd</a>"
2022,New World Cider - Dry,Incy Wincy Cyder,Huntsman 2019,🥉 Bronze,78,Active,New South Wales,Australia,"<a href=""https://www.incywincycyder.com/"">Website</a>","<a href=""https://www.facebook.com/incywincycyder/"">Facebook</a>","<a href=""https://www.instagram.com/incywincycyder_orange"">Instagram</a>",,,,"<a href=""https://untappd.com/w/incy-wincy-cyder/413318"">Untappd</a>"
2022,New World Cider - Dry,Incy Wincy Cyder,Huntsman 2018,🥉 Bronze,78,Active,New South Wales,Australia,"<a href=""https://www.incywincycyder.com/"">Website</a>","<a href=""https://www.facebook.com/incywincycyder/"">Facebook</a>","<a href=""https://www.instagram.com/incywincycyder_orange"">Instagram</a>",,,,"<a href=""https://untappd.com/w/incy-wincy-cyder/413318"">Untappd</a>"
2022,New World Cider - Dry,Old Twelfth Cider,Old Twelfth Beltane 2021,🥉 Bronze,78,Active,Tasmania,Australia,,,"<a href=""https://www.instagram.com/oldtwelfth/"">Instagram</a>",,,,"<a href=""https://untappd.com/w/old-twelfth-cider/500737"">Untappd</a>"
2022,New World Cider - Dry,Willie Smith's,Bone Dry Apple Cider,🥉 Bronze,78,Active,Tasmania,Australia,"<a href=""https://www.williesmiths.com.au/"">Website</a>","<a href=""https://www.facebook.com/pages/Willie-Smiths-Organic-Cider/260319247336198"">Facebook</a>","<a href=""https://www.instagram.com/williesmithscider/"">Instagram</a>","<a href=""https://maps.google.com/?cid=16057012530083496420"">Google</a>","<a href=""https://www.yelp.com/biz/willie-smith-s-apple-shed-grove"">Yelp</a>","<a href=""https://www.tripadvisor.com/Restaurant_Review-g1175547-d7911074"">TripAdvisor</a>","<a href=""https://untappd.com/WilliamSmithandSons"">Untappd</a>"
2022,New World Cider - Medium,The Hills Cider Company,Apple Cider,🥇 Gold,93,Active,South Australia,Australia,,"<a href=""https://www.facebook.com/thehillscidercompany"">Facebook</a>","<a href=""https://www.instagram.com/thehillscidercompany/"">Instagram</a>","<a href=""https://maps.google.com/?cid=40048064327732560"">Google</a>",,,"<a href=""https://untappd.com/thehillscidercompany"">Untappd</a>"
2022,New World Cider - Medium,Three Oaks Cider,Three Oaks Cider,🥈 Silver,88,Active,South Australia,Australia,"<a href=""https://www.threeoakscider.com/"">Website</a>","<a href=""https://www.facebook.com/Threeoakscider"">Facebook</a>","<a href=""https://www.instagram.com/threeoakscider/"">Instagram</a>",,,,"<a href=""https://untappd.com/brewery/16538"">Untappd</a>"
2022,New World Cider - Medium,Lobo Cider,LOBO Cloudy,🥈 Silver,85,Active,South Australia,Australia,"<a href=""https://www.lobocider.com.au/"">Website</a>","<a href=""https://www.facebook.com/LOBOcider/"">Facebook</a>","<a href=""https://www.instagram.com/lobocider"">Instagram</a>",,,,"<a href=""https://untappd.com/brewery/8446"">Untappd</a>"
2022,New World Cider - Medium,Custard & Co,Custard & Co Vintage Dry Cider,🥉 Bronze,82,Inactive,Western Australia,Australia,,,,,,,
2022,New World Cider - Medium,The Hills Cider Company,Cloudy Apple Cider,🥉 Bronze,82,Active,South Australia,Australia,,"<a href=""https://www.facebook.com/thehillscidercompany"">Facebook</a>","<a href=""https://www.instagram.com/thehillscidercompany/"">Instagram</a>","<a href=""https://maps.google.com/?cid=40048064327732560"">Google</a>",,,"<a href=""https://untappd.com/thehillscidercompany"">Untappd</a>"
2022,New World Cider - Medium,Cester Camillo,Sidro Del Bosco,🥉 Bronze,81,Active,Veneto,Italy,"<a href=""https://cestercamillo.it/"">Website</a>","<a href=""https://www.facebook.com/cestercamillo/"">Facebook</a>","<a href=""https://www.instagram.com/cestercamillo"">Instagram</a>","<a href=""https://maps.google.com/?cid=8941056702037722200"">Google</a>",,,"<a href=""https://untappd.com/w/cester-camillo/311065"">Untappd</a>"
2022,New World Cider - Medium,Willie Smith's,Organic Apple Cider,🥉 Bronze,81,Active,Tasmania,Australia,"<a href=""https://www.williesmiths.com.au/"">Website</a>","<a href=""https://www.facebook.com/pages/Willie-Smiths-Organic-Cider/260319247336198"">Facebook</a>","<a href=""https://www.instagram.com/williesmithscider/"">Instagram</a>","<a href=""https://maps.google.com/?cid=16057012530083496420"">Google</a>","<a href=""https://www.yelp.com/biz/willie-smith-s-apple-shed-grove"">Yelp</a>","<a href=""https://www.tripadvisor.com/Restaurant_Review-g1175547-d7911074"">TripAdvisor</a>","<a href=""https://untappd.com/WilliamSmithandSons"">Untappd</a>"
2022,New World Cider - Medium,Willie Smith's,Traditional Apple Cider,🥉 Bronze,80,Active,Tasmania,Australia,"<a href=""https://www.williesmiths.com.au/"">Website</a>","<a href=""https://www.facebook.com/pages/Willie-Smiths-Organic-Cider/260319247336198"">Facebook</a>","<a href=""https://www.instagram.com/williesmithscider/"">Instagram</a>","<a href=""https://maps.google.com/?cid=16057012530083496420"">Google</a>","<a href=""https://www.yelp.com/biz/willie-smith-s-apple-shed-grove"">Yelp</a>","<a href=""https://www.tripadvisor.com/Restaurant_Review-g1175547-d7911074"">TripAdvisor</a>","<a href=""https://untappd.com/WilliamSmithandSons"">Untappd</a>"
2022,New World Cider - Medium,Prancing Pony Brewery,"Dizzy Donkey, Cloudy Apple Cider",🥉 Bronze,78,Active,South Australia,Australia,"<a href=""https://prancingponybrewery.com.au/"">Website</a>","<a href=""https://www.facebook.com/PrancingPonyBrewery/"">Facebook</a>","<a href=""https://www.instagram.com/prancingponybrewery/"">Instagram</a>","<a href=""https://maps.google.com/?cid=2202363820378513204"">Google</a>","<a href=""https://www.yelp.com/biz/prancing-pony-brewery-mount-barker-3"">Yelp</a>","<a href=""https://www.tripadvisor.com/Attraction_Review-g499718-d6674713"">TripAdvisor</a>","<a href=""https://untappd.com/prancingponybrewery"">Untappd</a>"
2022,New World Cider - Medium,Sidewood Estate,Sidewood Estate Apple Cider,🥉 Bronze,78,Active,South Australia,Australia,"<a href=""https://sidewood.com.au/"">Website</a>","<a href=""https://www.facebook.com/SidewoodEstate/"">Facebook</a>","<a href=""https://www.instagram.com/sidewoodestate/"">Instagram</a>","<a href=""https://maps.google.com/?cid=16006910239256404559"">Google</a>",,"<a href=""https://www.tripadvisor.com.au/Attraction_Review-g499710-d19238424"">TripAdvisor</a>","<a href=""https://untappd.com/w/sidewood-estate/118552"">Untappd</a>"
2022,New World Cider - Medium-Sweet,Funk Cider,Perth Cider,🥇 Gold,92.5,Active,Western Australia,Australia,"<a href=""https://funkdrinks.co/"">Website</a>","<a href=""https://www.facebook.com/funkdrinksco"">Facebook</a>","<a href=""https://www.instagram.com/funkdrinksco/"">Instagram</a>","<a href=""https://maps.google.com/?cid=12976653066917509642"">Google</a>",,,"<a href=""https://untappd.com/FunkCider"">Untappd</a>"
2022,New World Cider - Medium-Sweet,Eddies Cider,Eddies Vintage Apple Cider,🥈 Silver,86,Active,Victoria,Australia,"<a href=""https://www.eddiescider.com.au/"">Website</a>","<a href=""https://www.facebook.com/EddiesCider/"">Facebook</a>","<a href=""https://www.instagram.com/eddies_organic_cider/"">Instagram</a>",,,,"<a href=""https://untappd.com/w/eddies-cider/424405"">Untappd</a>"
2022,New World Cider - Medium-Sweet,Sydney Brewery,Sydney Brewery Original Cider,🥈 Silver,85,Active,New South Wales,Australia,"<a href=""https://sydneybrewery.com/"">Website</a>","<a href=""https://www.facebook.com/SydneyBrewery/"">Facebook</a>","<a href=""https://www.instagram.com/sydneybrewery/"">Instagram</a>","<a href=""https://maps.google.com/?cid=6674617705014025022"">Google</a>",,"<a href=""https://www.tripadvisor.com/Restaurant_Review-g23197656-d15602287"">TripAdvisor</a>","<a href=""https://untappd.com/SydneyBrewhouse"">Untappd</a>"
2022,New World Cider - Medium-Sweet,Barossa Cider Co.,Squashed Apple Cider,🥈 Silver,85,Active,South Australia,Australia,"<a href=""https://barossavalleyciderco.com/"">Website</a>","<a href=""https://www.facebook.com/barossacider/"">Facebook</a>","<a href=""https://www.instagram.com/barossacider.co/"">Instagram</a>",,,,"<a href=""https://untappd.com/TheBarossaValleyCiderCo"">Untappd</a>"
2022,New World Cider - Medium-Sweet,Frank's Cider,Frank's Summer Apple Cider,🥉 Bronze,84,Active,Tasmania,Australia,"<a href=""https://www.frankscider.com.au/"">Website</a>","<a href=""https://www.facebook.com/FranksCider"">Facebook</a>","<a href=""https://www.instagram.com/frankscider/"">Instagram</a>","<a href=""https://maps.google.com/?cid=12281895632138757991"">Google</a>","<a href=""https://www.yelp.com/biz/franks-cider-bar-and-cafe-franklin"">Yelp</a>","<a href=""https://www.tripadvisor.com/Restaurant_Review-g504298-d7270183"">TripAdvisor</a>","<a href=""https://untappd.com/brewery/66943"">Untappd</a>"
2022,New World Cider - Medium-Sweet,Lenswood Cider Co.,Lenswood Cider Co. Apple Cider,🥉 Bronze,84,Active,South Australia,Australia,"<a href=""https://www.lenswoodciderco.com.au/"">Website</a>","<a href=""https://www.facebook.com/lenswoodciderco"">Facebook</a>","<a href=""https://www.instagram.com/lenswoodciderco/"">Instagram</a>",,,,"<a href=""https://untappd.com/w/lenswood-cider-co/472218"">Untappd</a>"
2022,New World Cider - Medium-Sweet,Runamuk Cider Co,Pedlar,🥉 Bronze,84,Active,Western Australia,Australia,"<a href=""https://runamukciderco.com.au/"">Website</a>","<a href=""https://www.facebook.com/RunamukCiderCo/"">Facebook</a>","<a href=""https://www.instagram.com/runamukciderco/"">Instagram</a>",,,,"<a href=""https://untappd.com/w/runamuk-cider-co/430598"">Untappd</a>"
2022,New World Cider - Medium-Sweet,Eddies Cider,Eddies Apple Cider,🥉 Bronze,83,Active,Victoria,Australia,"<a href=""https://www.eddiescider.com.au/"">Website</a>","<a href=""https://www.facebook.com/EddiesCider/"">Facebook</a>","<a href=""https://www.instagram.com/eddies_organic_cider/"">Instagram</a>",,,,"<a href=""https://untappd.com/w/eddies-cider/424405"">Untappd</a>"
2022,New World Cider - Medium-Sweet,Spreyton Cider Co.,Spreyton Apple Cider,🥉 Bronze,81,Active,Tasmania,Australia,"<a href=""https://www.spreytonciderco.com.au/"">Website</a>","<a href=""https://www.facebook.com/SpreytonCiderCo"">Facebook</a>","<a href=""https://www.instagram.com/spreytonciderco/"">Instagram</a>","<a href=""https://maps.google.com/?cid=4719454766033276507"">Google</a>","<a href=""https://www.yelp.com/biz/spreyton-cider-co-spreyton-2"">Yelp</a>","<a href=""https://www.tripadvisor.com/Attraction_Review-g504292-d3738226"">TripAdvisor</a>","<a href=""https://untappd.com/SpreytonCiderCo"">Untappd</a>"
2022,New World Cider - Medium-Sweet,Lenswood Cider Co.,Lenswood Cider Co. Hazy Apple Cider,🥉 Bronze,80,Active,South Australia,Australia,"<a href=""https://www.lenswoodciderco.com.au/"">Website</a>","<a href=""https://www.facebook.com/lenswoodciderco"">Facebook</a>","<a href=""https://www.instagram.com/lenswoodciderco/"">Instagram</a>",,,,"<a href=""https://untappd.com/w/lenswood-cider-co/472218"">Untappd</a>"
2022,New World Cider - Medium-Sweet,Trattore Cider,Trattore New World Cider,🥉 Bronze,80,Active,Victoria,Australia,"<a href=""https://trattore.com.au/"">Website</a>",,"<a href=""https://www.instagram.com/trattorecider/"">Instagram</a>","<a href=""https://maps.google.com/?cid=144355748988170218"">Google</a>",,"<a href=""https://www.tripadvisor.com/Attraction_Review-g6888459-d23858854"">TripAdvisor</a>","<a href=""https://untappd.com/w/trattore/470815"">Untappd</a>"
2022,New World Cider - Medium-Sweet,Cheeky Tiki Cider,Cheeky Tiki - Original Apple,🥉 Bronze,79,Active,Queensland,Australia,"<a href=""https://www.ohanawinery.com.au/"">Website</a>","<a href=""https://www.facebook.com/OhanaWinery"">Facebook</a>","<a href=""https://www.instagram.com/cheekytikicider/"">Instagram</a>",,,"<a href=""https://www.tripadvisor.com/Attraction_Review-g255334-d15052083"">TripAdvisor</a>","<a href=""https://untappd.com/CheekyTiki"">Untappd</a>"
2022,New World Cider - Medium-Sweet,Pinnacle Drinks,Ci-Fi Apple Cider,🥉 Bronze,79,Active,New South Wales,Australia,"<a href=""https://pinnacledrinks.com.au/"">Website</a>",,,"<a href=""https://maps.google.com/?cid=18382720107027294885"">Google</a>",,,"<a href=""https://untappd.com/PinnacleDrinksQS"">Untappd</a>"
2022,New World Cider - Medium-Sweet,Bruny Island Cider,"Bruny Island Apple Cider ",🥉 Bronze,78,Active,Tasmania,Australia,"<a href=""https://www.brunyisland.com/catalogue/bruny-island-cider/"">Website</a>","<a href=""https://www.facebook.com/BrunyIslandCider/"">Facebook</a>","<a href=""https://www.instagram.com/brunyislandcider/"">Instagram</a>",,,,"<a href=""https://untappd.com/w/bruny-island-cider/235917"">Untappd</a>"
2022,New World Cider - Sweet,Mock Red Hill,Royal Apple Cider,🥈 Silver,85,Active,Victoria,Australia,"<a href=""https://www.mockredhill.com.au/"">Website</a>","<a href=""https://www.facebook.com/pages/Mock-Red-Hill/181240308586996"">Facebook</a>","<a href=""https://www.instagram.com/mockredhill/"">Instagram</a>","<a href=""https://maps.google.com/?cid=10552205982251777171"">Google</a>","<a href=""https://www.yelp.com/biz/mock-orchards-red-hill"">Yelp</a>","<a href=""https://www.tripadvisor.com/Restaurant_Review-g552249-d9793363"">TripAdvisor</a>","<a href=""https://untappd.com/brewery/28770"">Untappd</a>"
2022,New World Cider - Sweet,Three Oaks Cider,Three Oaks Cider,🥉 Bronze,82,Active,South Australia,Australia,"<a href=""https://www.threeoakscider.com/"">Website</a>","<a href=""https://www.facebook.com/Threeoakscider"">Facebook</a>","<a href=""https://www.instagram.com/threeoakscider/"">Instagram</a>",,,,"<a href=""https://untappd.com/brewery/16538"">Untappd</a>"
2022,New World Cider - Sweet,Flying Brick Cider,Original Cider,🥉 Bronze,80,Active,Victoria,Australia,"<a href=""https://flyingbrickciderco.com.au/"">Website</a>","<a href=""https://www.facebook.com/flyingbrickciderco"">Facebook</a>","<a href=""https://www.instagram.com/flyingbrickciderco/"">Instagram</a>","<a href=""https://maps.google.com/?cid=413601929230884265"">Google</a>","<a href=""https://www.yelp.com/biz/flying-brick-cider-co-wallington-2"">Yelp</a>","<a href=""https://www.tripadvisor.com/Restaurant_Review-g1937720-d7332877"">TripAdvisor</a>","<a href=""https://untappd.com/brewery/33883"">Untappd</a>"
2022,New World Cider - Sweet,Bilpin Cider,Bilpin Original Cider,🥉 Bronze,79,Active,New South Wales,Australia,"<a href=""https://bilpincider.com/"">Website</a>","<a href=""https://www.facebook.com/bilpincider"">Facebook</a>","<a href=""https://www.instagram.com/bilpincider/"">Instagram</a>","<a href=""https://maps.google.com/?cid=1982319036704250930"">Google</a>",,"<a href=""https://www.tripadvisor.com/Attraction_Review-g1093762-d10065632"">TripAdvisor</a>","<a href=""https://untappd.com/brewery/18734"">Untappd</a>"
2022,New World Cider - Sweet,Small Acres Cyder,Small Acres Pink Lady,🥉 Bronze,78,Active,New South Wales,Australia,"<a href=""https://www.smallacrescyder.com.au/"">Website</a>","<a href=""https://www.facebook.com/SmallAcresCyder"">Facebook</a>","<a href=""https://www.instagram.com/smallacrescyder"">Instagram</a>","<a href=""https://maps.google.com/?cid=1497457670374953580"">Google</a>",,"<a href=""https://www.tripadvisor.com/Attraction_Review-g2642455-d5991203"">TripAdvisor</a>","<a href=""https://untappd.com/brewery/14584"">Untappd</a>"
2022,New World Cider - Méthode Traditionnelle (Disgorged),Brady's Lookout Cider,Bradys Lookout Cider 2018 Heritage Blend MT Cuvee 12,🥈 Silver,87,Active,Tasmania,Australia,"<a href=""https://www.bradyslookoutcider.com.au/"">Website</a>","<a href=""https://www.facebook.com/bradyslookoutcider"">Facebook</a>","<a href=""https://www.instagram.com/bradys_lookout_cider/"">Instagram</a>","<a href=""https://maps.google.com/?cid=17861747211596541785"">Google</a>",,,"<a href=""https://untappd.com/w/brady-s-lookout/225207"">Untappd</a>"
2022,New World Cider - Méthode Traditionnelle (Disgorged),Carmel Cider Co.,Apple and Pear,🥉 Bronze,83,Active,Western Australia,Australia,"<a href=""https://carmelcider.com.au/"">Website</a>",,"<a href=""https://www.instagram.com/carmel_cider"">Instagram</a>","<a href=""https://maps.google.com/?cid=9888810503901269588"">Google</a>",,,"<a href=""https://untappd.com/CarmelCiderCompany"">Untappd</a>"
2022,New World Cider - Méthode Traditionnelle (Disgorged),Sunshine Coast Cider,Brut+ Cider Méthode Traditonelle,🥉 Bronze,81,Active,Queensland,Australia,"<a href=""https://www.sunshinecoastcider.com.au/"">Website</a>","<a href=""https://www.facebook.com/sunshinecoastcider/"">Facebook</a>","<a href=""https://www.instagram.com/sunshinecoastcider/"">Instagram</a>","<a href=""https://maps.google.com/?cid=10163774916123498605"">Google</a>",,"<a href=""https://www.tripadvisor.com/Attraction_Review-g7815622-d21508891"">TripAdvisor</a>","<a href=""https://untappd.com/SunshineCoastCider"">Untappd</a>"
2022,New World Cider - Méthode Traditionnelle (Disgorged),Brady's Lookout Cider,Bradys Lookout Cider 2018 Legana Wild Reserve C14,🥉 Bronze,79,Active,Tasmania,Australia,"<a href=""https://www.bradyslookoutcider.com.au/"">Website</a>","<a href=""https://www.facebook.com/bradyslookoutcider"">Facebook</a>","<a href=""https://www.instagram.com/bradys_lookout_cider/"">Instagram</a>","<a href=""https://maps.google.com/?cid=17861747211596541785"">Google</a>",,,"<a href=""https://untappd.com/w/brady-s-lookout/225207"">Untappd</a>"
2022,Traditional Cider - Dry,Lobo Cider,LOBO Lenswulf,🥇 Gold,93,Active,South Australia,Australia,"<a href=""https://www.lobocider.com.au/"">Website</a>","<a href=""https://www.facebook.com/LOBOcider/"">Facebook</a>","<a href=""https://www.instagram.com/lobocider"">Instagram</a>",,,,"<a href=""https://untappd.com/brewery/8446"">Untappd</a>"
2022,Traditional Cider - Dry,Lobo Cider,LOBO Norma,🥈 Silver,86,Active,South Australia,Australia,"<a href=""https://www.lobocider.com.au/"">Website</a>","<a href=""https://www.facebook.com/LOBOcider/"">Facebook</a>","<a href=""https://www.instagram.com/lobocider"">Instagram</a>",,,,"<a href=""https://untappd.com/brewery/8446"">Untappd</a>"
2022,Traditional Cider - Dry,King Valley Cider Co.,Robusta Dry Cider,🥈 Silver,85,Inactive,Victoria,Australia,,,,,,,
2022,Traditional Cider - Dry,Carmel Cider Co.,Heritage,🥉 Bronze,84,Active,Western Australia,Australia,"<a href=""https://carmelcider.com.au/"">Website</a>",,"<a href=""https://www.instagram.com/carmel_cider"">Instagram</a>","<a href=""https://maps.google.com/?cid=9888810503901269588"">Google</a>",,,"<a href=""https://untappd.com/CarmelCiderCompany"">Untappd</a>"
2022,Traditional Cider - Dry,Daylesford Cider Company,Vintage Dry,🥉 Bronze,80,Active,Victoria,Australia,"<a href=""https://daylesfordcider.com.au/"">Website</a>","<a href=""https://www.facebook.com/DaylesfordCider"">Facebook</a>","<a href=""https://www.instagram.com/daylesfordcider/"">Instagram</a>","<a href=""https://maps.google.com/?cid=3704200538482217988"">Google</a>",,"<a href=""https://www.tripadvisor.com/Attraction_Review-g2533620-d4506486"">TripAdvisor</a>","<a href=""https://untappd.com/w/daylesford-cider-company/15899"">Untappd</a>"
2022,Traditional Cider - Dry,Daylesford Cider Company,Wild Frenchman,🥉 Bronze,80,Active,Victoria,Australia,"<a href=""https://daylesfordcider.com.au/"">Website</a>","<a href=""https://www.facebook.com/DaylesfordCider"">Facebook</a>","<a href=""https://www.instagram.com/daylesfordcider/"">Instagram</a>","<a href=""https://maps.google.com/?cid=3704200538482217988"">Google</a>",,"<a href=""https://www.tripadvisor.com/Attraction_Review-g2533620-d4506486"">TripAdvisor</a>","<a href=""https://untappd.com/w/daylesford-cider-company/15899"">Untappd</a>"
2022,Traditional Cider - Dry,Camilla’s Crush Red Hill Cider,Camilla's Crush,🥉 Bronze,79,Active,Victoria,Australia,,,"<a href=""https://www.instagram.com/camillas_crush/"">Instagram</a>",,,,"<a href=""https://untappd.com/w/camilla-s-crush/470897"">Untappd</a>"
2022,Traditional Cider - Dry,Old Twelfth Cider,Old Twelfth Original 2020,🥉 Bronze,78,Active,Tasmania,Australia,,,"<a href=""https://www.instagram.com/oldtwelfth/"">Instagram</a>",,,,"<a href=""https://untappd.com/w/old-twelfth-cider/500737"">Untappd</a>"
2022,Traditional Cider - Dry,Old Twelfth Cider,Old Twelfth Original 2021,🥉 Bronze,78,Active,Tasmania,Australia,,,"<a href=""https://www.instagram.com/oldtwelfth/"">Instagram</a>",,,,"<a href=""https://untappd.com/w/old-twelfth-cider/500737"">Untappd</a>"
2022,Traditional Cider - Dry,Seven Oaks Farmhouse Cider,Kingston Black 6.9%,🥉 Bronze,78,Active,Victoria,Australia,"<a href=""https://www.sevenoakscider.com.au/"">Website</a>","<a href=""https://www.facebook.com/sevenoakscider/"">Facebook</a>","<a href=""https://www.instagram.com/sevenoaksfarmhouse"">Instagram</a>","<a href=""https://maps.google.com/?cid=8084176422687381883"">Google</a>",,,"<a href=""https://untappd.com/w/seven-oaks-farmhouse-cider/17183"">Untappd</a>"
2022,Traditional Cider - Medium,Willie Smith's,Heritage Blend Apple Cider,🥇 Gold,93,Active,Tasmania,Australia,"<a href=""https://www.williesmiths.com.au/"">Website</a>","<a href=""https://www.facebook.com/pages/Willie-Smiths-Organic-Cider/260319247336198"">Facebook</a>","<a href=""https://www.instagram.com/williesmithscider/"">Instagram</a>","<a href=""https://maps.google.com/?cid=16057012530083496420"">Google</a>","<a href=""https://www.yelp.com/biz/willie-smith-s-apple-shed-grove"">Yelp</a>","<a href=""https://www.tripadvisor.com/Restaurant_Review-g1175547-d7911074"">TripAdvisor</a>","<a href=""https://untappd.com/WilliamSmithandSons"">Untappd</a>"
2022,Traditional Cider - Medium,Willie Smith's,Somerset Redstreak Apple Cider,🥈 Silver,89,Active,Tasmania,Australia,"<a href=""https://www.williesmiths.com.au/"">Website</a>","<a href=""https://www.facebook.com/pages/Willie-Smiths-Organic-Cider/260319247336198"">Facebook</a>","<a href=""https://www.instagram.com/williesmithscider/"">Instagram</a>","<a href=""https://maps.google.com/?cid=16057012530083496420"">Google</a>","<a href=""https://www.yelp.com/biz/willie-smith-s-apple-shed-grove"">Yelp</a>","<a href=""https://www.tripadvisor.com/Restaurant_Review-g1175547-d7911074"">TripAdvisor</a>","<a href=""https://untappd.com/WilliamSmithandSons"">Untappd</a>"
2022,Traditional Cider - Medium,Kangaroo Island Ciders,Colony Cove Original Cider,🥈 Silver,88,Active,South Australia,Australia,"<a href=""https://www.kangarooislandciders.com.au/"">Website</a>",,,"<a href=""https://maps.google.com/?cid=7120331639179318476"">Google</a>",,,"<a href=""https://untappd.com/w/kangaroo-island-ciders/62318"">Untappd</a>"
2022,Traditional Cider - Medium,Cider Infusion,The Cape,🥈 Silver,86,Active,Victoria,Australia,"<a href=""https://ciderinfusion.com/"">Website</a>","<a href=""https://www.facebook.com/ciderinfusion/"">Facebook</a>","<a href=""https://www.instagram.com/ciderinfusion/"">Instagram</a>",,,,"<a href=""https://untappd.com/w/cider-infusion/534576"">Untappd</a>"
2022,Traditional Cider - Medium,Daylesford Cider Company,Cloudy Farmhouse,🥉 Bronze,84,Active,Victoria,Australia,"<a href=""https://daylesfordcider.com.au/"">Website</a>","<a href=""https://www.facebook.com/DaylesfordCider"">Facebook</a>","<a href=""https://www.instagram.com/daylesfordcider/"">Instagram</a>","<a href=""https://maps.google.com/?cid=3704200538482217988"">Google</a>",,"<a href=""https://www.tripadvisor.com/Attraction_Review-g2533620-d4506486"">TripAdvisor</a>","<a href=""https://untappd.com/w/daylesford-cider-company/15899"">Untappd</a>"
2022,Traditional Cider - Medium,Seven Oaks Farmhouse Cider,Kingston Black 4.5%,🥉 Bronze,84,Active,Victoria,Australia,"<a href=""https://www.sevenoakscider.com.au/"">Website</a>","<a href=""https://www.facebook.com/sevenoakscider/"">Facebook</a>","<a href=""https://www.instagram.com/sevenoaksfarmhouse"">Instagram</a>","<a href=""https://maps.google.com/?cid=8084176422687381883"">Google</a>",,,"<a href=""https://untappd.com/w/seven-oaks-farmhouse-cider/17183"">Untappd</a>"
2022,Traditional Cider - Medium,Daylesford Cider Company,Kingston Dabinett,🥉 Bronze,82,Active,Victoria,Australia,"<a href=""https://daylesfordcider.com.au/"">Website</a>","<a href=""https://www.facebook.com/DaylesfordCider"">Facebook</a>","<a href=""https://www.instagram.com/daylesfordcider/"">Instagram</a>","<a href=""https://maps.google.com/?cid=3704200538482217988"">Google</a>",,"<a href=""https://www.tripadvisor.com/Attraction_Review-g2533620-d4506486"">TripAdvisor</a>","<a href=""https://untappd.com/w/daylesford-cider-company/15899"">Untappd</a>"
2022,Traditional Cider - Medium,Cidres Kerisac,Kerisac Cuvée Spéciale Brut,🥉 Bronze,82,Active,Pays de la Loire,France,"<a href=""https://kerisac.bzh/"">Website</a>","<a href=""https://www.facebook.com/cidrekerisac"">Facebook</a>","<a href=""https://www.instagram.com/cidreriekerisac/"">Instagram</a>","<a href=""https://maps.google.com/?cid=14431639837198759734"">Google</a>",,,"<a href=""https://untappd.com/w/cidres-kerisac/12846"">Untappd</a>"
2022,Traditional Cider - Medium,Spreyton Cider Co.,Kingston Black 2022,🥉 Bronze,81.5,Active,Tasmania,Australia,"<a href=""https://www.spreytonciderco.com.au/"">Website</a>","<a href=""https://www.facebook.com/SpreytonCiderCo"">Facebook</a>","<a href=""https://www.instagram.com/spreytonciderco/"">Instagram</a>","<a href=""https://maps.google.com/?cid=4719454766033276507"">Google</a>","<a href=""https://www.yelp.com/biz/spreyton-cider-co-spreyton-2"">Yelp</a>","<a href=""https://www.tripadvisor.com/Attraction_Review-g504292-d3738226"">TripAdvisor</a>","<a href=""https://untappd.com/SpreytonCiderCo"">Untappd</a>"
2022,Traditional Cider - Medium,Spreyton Cider Co.,Spreyton Cidermakers Select 2021 - Young Sturmer,🥉 Bronze,81,Active,Tasmania,Australia,"<a href=""https://www.spreytonciderco.com.au/"">Website</a>","<a href=""https://www.facebook.com/SpreytonCiderCo"">Facebook</a>","<a href=""https://www.instagram.com/spreytonciderco/"">Instagram</a>","<a href=""https://maps.google.com/?cid=4719454766033276507"">Google</a>","<a href=""https://www.yelp.com/biz/spreyton-cider-co-spreyton-2"">Yelp</a>","<a href=""https://www.tripadvisor.com/Attraction_Review-g504292-d3738226"">TripAdvisor</a>","<a href=""https://untappd.com/SpreytonCiderCo"">Untappd</a>"
2022,Traditional Cider - Medium,Daylesford Cider Company,Wild Oak,🥉 Bronze,80,Active,Victoria,Australia,"<a href=""https://daylesfordcider.com.au/"">Website</a>","<a href=""https://www.facebook.com/DaylesfordCider"">Facebook</a>","<a href=""https://www.instagram.com/daylesfordcider/"">Instagram</a>","<a href=""https://maps.google.com/?cid=3704200538482217988"">Google</a>",,"<a href=""https://www.tripadvisor.com/Attraction_Review-g2533620-d4506486"">TripAdvisor</a>","<a href=""https://untappd.com/w/daylesford-cider-company/15899"">Untappd</a>"
2022,Traditional Cider - Medium,Daylesford Cider Company,Yarlington Mill,🥉 Bronze,80,Active,Victoria,Australia,"<a href=""https://daylesfordcider.com.au/"">Website</a>","<a href=""https://www.facebook.com/DaylesfordCider"">Facebook</a>","<a href=""https://www.instagram.com/daylesfordcider/"">Instagram</a>","<a href=""https://maps.google.com/?cid=3704200538482217988"">Google</a>",,"<a href=""https://www.tripadvisor.com/Attraction_Review-g2533620-d4506486"">TripAdvisor</a>","<a href=""https://untappd.com/w/daylesford-cider-company/15899"">Untappd</a>"
2022,Traditional Cider - Medium,Spreyton Cider Co.,Cidermakers Select 2022 - Four Orchards Mersey Valley,🥉 Bronze,80,Active,Tasmania,Australia,"<a href=""https://www.spreytonciderco.com.au/"">Website</a>","<a href=""https://www.facebook.com/SpreytonCiderCo"">Facebook</a>","<a href=""https://www.instagram.com/spreytonciderco/"">Instagram</a>","<a href=""https://maps.google.com/?cid=4719454766033276507"">Google</a>","<a href=""https://www.yelp.com/biz/spreyton-cider-co-spreyton-2"">Yelp</a>","<a href=""https://www.tripadvisor.com/Attraction_Review-g504292-d3738226"">TripAdvisor</a>","<a href=""https://untappd.com/SpreytonCiderCo"">Untappd</a>"
2022,Traditional Cider - Medium,Willie Smith's,Kingston Black Apple Cider,🥉 Bronze,79,Active,Tasmania,Australia,"<a href=""https://www.williesmiths.com.au/"">Website</a>","<a href=""https://www.facebook.com/pages/Willie-Smiths-Organic-Cider/260319247336198"">Facebook</a>","<a href=""https://www.instagram.com/williesmithscider/"">Instagram</a>","<a href=""https://maps.google.com/?cid=16057012530083496420"">Google</a>","<a href=""https://www.yelp.com/biz/willie-smith-s-apple-shed-grove"">Yelp</a>","<a href=""https://www.tripadvisor.com/Restaurant_Review-g1175547-d7911074"">TripAdvisor</a>","<a href=""https://untappd.com/WilliamSmithandSons"">Untappd</a>"
2022,Traditional Cider - Medium-Sweet,Plenty Cider,Plenty Cornucopia 2021,🥇 Gold,93,Active,Tasmania,Australia,"<a href=""https://www.plentycider.com.au/"">Website</a>","<a href=""https://www.facebook.com/plentycider/"">Facebook</a>","<a href=""https://www.instagram.com/plentycider/"">Instagram</a>","<a href=""https://maps.google.com/?cid=108618394510087143"">Google</a>",,,"<a href=""https://untappd.com/w/plenty-cider/454183"">Untappd</a>"
2022,Traditional Cider - Medium-Sweet,Willie Smith's,Senescence Keeved Apple Cider,🥈 Silver,92,Active,Tasmania,Australia,"<a href=""https://www.williesmiths.com.au/"">Website</a>","<a href=""https://www.facebook.com/pages/Willie-Smiths-Organic-Cider/260319247336198"">Facebook</a>","<a href=""https://www.instagram.com/williesmithscider/"">Instagram</a>","<a href=""https://maps.google.com/?cid=16057012530083496420"">Google</a>","<a href=""https://www.yelp.com/biz/willie-smith-s-apple-shed-grove"">Yelp</a>","<a href=""https://www.tripadvisor.com/Restaurant_Review-g1175547-d7911074"">TripAdvisor</a>","<a href=""https://untappd.com/WilliamSmithandSons"">Untappd</a>"
2022,Traditional Cider - Medium-Sweet,Kangaroo Island Ciders,Colony Cove Draught Cider,🥉 Bronze,84,Active,South Australia,Australia,"<a href=""https://www.kangarooislandciders.com.au/"">Website</a>",,,"<a href=""https://maps.google.com/?cid=7120331639179318476"">Google</a>",,,"<a href=""https://untappd.com/w/kangaroo-island-ciders/62318"">Untappd</a>"
2022,Traditional Cider - Medium-Sweet,Borrodell Vineyard,The Last Laugh,🥉 Bronze,77.5,Active,New South Wales,Australia,"<a href=""https://www.borrodell.com.au/"">Website</a>","<a href=""https://www.facebook.com/BorrodellVineyard/"">Facebook</a>","<a href=""https://www.instagram.com/borrodell_vineyard/"">Instagram</a>","<a href=""https://maps.google.com/?cid=9113164481963775697"">Google</a>",,"<a href=""https://www.tripadvisor.com/Attraction_Review-g255326-d4469466"">TripAdvisor</a>","<a href=""https://untappd.com/w/borrodell-vineyard/42488"">Untappd</a>"
2022,Traditional Cider - Méthode Traditionnelle (Disgorged),Flying Brick Cider,MC Cider,🥇 Gold,93,Active,Victoria,Australia,"<a href=""https://flyingbrickciderco.com.au/"">Website</a>","<a href=""https://www.facebook.com/flyingbrickciderco"">Facebook</a>","<a href=""https://www.instagram.com/flyingbrickciderco/"">Instagram</a>","<a href=""https://maps.google.com/?cid=413601929230884265"">Google</a>","<a href=""https://www.yelp.com/biz/flying-brick-cider-co-wallington-2"">Yelp</a>","<a href=""https://www.tripadvisor.com/Restaurant_Review-g1937720-d7332877"">TripAdvisor</a>","<a href=""https://untappd.com/brewery/33883"">Untappd</a>"
2022,Traditional Cider - Méthode Traditionnelle (Disgorged),Carmel Cider Co.,Heritage 20,🥈 Silver,90,Active,Western Australia,Australia,"<a href=""https://carmelcider.com.au/"">Website</a>",,"<a href=""https://www.instagram.com/carmel_cider"">Instagram</a>","<a href=""https://maps.google.com/?cid=9888810503901269588"">Google</a>",,,"<a href=""https://untappd.com/CarmelCiderCompany"">Untappd</a>"
2022,Traditional Cider - Méthode Traditionnelle (Disgorged),Carmel Cider Co.,Heritage 19,🥈 Silver,88,Active,Western Australia,Australia,"<a href=""https://carmelcider.com.au/"">Website</a>",,"<a href=""https://www.instagram.com/carmel_cider"">Instagram</a>","<a href=""https://maps.google.com/?cid=9888810503901269588"">Google</a>",,,"<a href=""https://untappd.com/CarmelCiderCompany"">Untappd</a>"
2022,Traditional Cider - Méthode Traditionnelle (Disgorged),St Ronan's Cider,St Ronan's Methode Traditional Apple Cider,🥈 Silver,86.5,Active,Victoria,Australia,"<a href=""https://stronanscider.com.au/"">Website</a>","<a href=""https://www.facebook.com/StRonansCider"">Facebook</a>","<a href=""https://www.instagram.com/st_ronans_cider/"">Instagram</a>","<a href=""https://maps.google.com/?cid=1347860416011573691"">Google</a>",,,"<a href=""https://untappd.com/StRonansCider"">Untappd</a>"
2022,Traditional Cider - Méthode Traditionnelle (Disgorged),Core Cider,Core Cider Coreupted 2020,🥉 Bronze,82,Active,Western Australia,Australia,"<a href=""https://corecider.com.au/"">Website</a>","<a href=""https://www.facebook.com/pages/The-CORE-Cider-House/193269374050973"">Facebook</a>","<a href=""https://www.instagram.com/coreciderhouse/"">Instagram</a>","<a href=""https://maps.google.com/?cid=9482101079872958147"">Google</a>","<a href=""https://www.yelp.com/biz/core-cider-pickering-brook-3"">Yelp</a>","<a href=""https://www.tripadvisor.com/Restaurant_Review-g804216-d3191966"">TripAdvisor</a>","<a href=""https://untappd.com/w/core-cider-house/90179"">Untappd</a>"
2022,Traditional Cider - Méthode Traditionnelle (Disgorged),Brady's Lookout Cider,Brady's Lookout Cider 2018 Cox Orange Pippin Blend C13,🥉 Bronze,77.5,Active,Tasmania,Australia,"<a href=""https://www.bradyslookoutcider.com.au/"">Website</a>","<a href=""https://www.facebook.com/bradyslookoutcider"">Facebook</a>","<a href=""https://www.instagram.com/bradys_lookout_cider/"">Instagram</a>","<a href=""https://maps.google.com/?cid=17861747211596541785"">Google</a>",,,"<a href=""https://untappd.com/w/brady-s-lookout/225207"">Untappd</a>"
2022,Apple and Pear Blends,Lobo Cider,LOBO Apple and Pear,🥈 Silver,87,Active,South Australia,Australia,"<a href=""https://www.lobocider.com.au/"">Website</a>","<a href=""https://www.facebook.com/LOBOcider/"">Facebook</a>","<a href=""https://www.instagram.com/lobocider"">Instagram</a>",,,,"<a href=""https://untappd.com/brewery/8446"">Untappd</a>"
2022,Apple and Pear Blends,Barossa Cider Co.,Squashed Cloudy Cider,🥉 Bronze,83,Active,South Australia,Australia,"<a href=""https://barossavalleyciderco.com/"">Website</a>","<a href=""https://www.facebook.com/barossacider/"">Facebook</a>","<a href=""https://www.instagram.com/barossacider.co/"">Instagram</a>",,,,"<a href=""https://untappd.com/TheBarossaValleyCiderCo"">Untappd</a>"
2022,New World Perry - Dry,3 Sons Cider,Upside Down Miss Jane,🥈 Silver,85,Active,Australian Capital Territory,Australia,"<a href=""http://www.3sonscider.com.au/"">Website</a>","<a href=""https://www.facebook.com/3SonsCider/"">Facebook</a>","<a href=""https://www.instagram.com/3sonscider/"">Instagram</a>","<a href=""https://maps.google.com/?cid=16285596579467432961"">Google</a>",,,"<a href=""https://untappd.com/3sonscider"">Untappd</a>"
2022,New World Perry - Medium,The Hills Cider Company,Pear Cider,🥈 Silver,88,Active,South Australia,Australia,,"<a href=""https://www.facebook.com/thehillscidercompany"">Facebook</a>","<a href=""https://www.instagram.com/thehillscidercompany/"">Instagram</a>","<a href=""https://maps.google.com/?cid=40048064327732560"">Google</a>",,,"<a href=""https://untappd.com/thehillscidercompany"">Untappd</a>"
2022,New World Perry - Medium,Sydney Brewery,Sydney Brewery Margaret Perry,🥈 Silver,86,Active,New South Wales,Australia,"<a href=""https://sydneybrewery.com/"">Website</a>","<a href=""https://www.facebook.com/SydneyBrewery/"">Facebook</a>","<a href=""https://www.instagram.com/sydneybrewery/"">Instagram</a>","<a href=""https://maps.google.com/?cid=6674617705014025022"">Google</a>",,"<a href=""https://www.tripadvisor.com/Restaurant_Review-g23197656-d15602287"">TripAdvisor</a>","<a href=""https://untappd.com/SydneyBrewhouse"">Untappd</a>"
2022,New World Perry - Medium,Bilpin Cider,Bilpin Pear Cider,🥉 Bronze,82,Active,New South Wales,Australia,"<a href=""https://bilpincider.com/"">Website</a>","<a href=""https://www.facebook.com/bilpincider"">Facebook</a>","<a href=""https://www.instagram.com/bilpincider/"">Instagram</a>","<a href=""https://maps.google.com/?cid=1982319036704250930"">Google</a>",,"<a href=""https://www.tripadvisor.com/Attraction_Review-g1093762-d10065632"">TripAdvisor</a>","<a href=""https://untappd.com/brewery/18734"">Untappd</a>"
2022,New World Perry - Medium,Small Acres Cyder,Small Acres Poire,🥉 Bronze,81.5,Active,New South Wales,Australia,"<a href=""https://www.smallacrescyder.com.au/"">Website</a>","<a href=""https://www.facebook.com/SmallAcresCyder"">Facebook</a>","<a href=""https://www.instagram.com/smallacrescyder"">Instagram</a>","<a href=""https://maps.google.com/?cid=1497457670374953580"">Google</a>",,"<a href=""https://www.tripadvisor.com/Attraction_Review-g2642455-d5991203"">TripAdvisor</a>","<a href=""https://untappd.com/brewery/14584"">Untappd</a>"
2022,New World Perry - Medium,Flying Brick Cider,Pear Cider,🥉 Bronze,79,Active,Victoria,Australia,"<a href=""https://flyingbrickciderco.com.au/"">Website</a>","<a href=""https://www.facebook.com/flyingbrickciderco"">Facebook</a>","<a href=""https://www.instagram.com/flyingbrickciderco/"">Instagram</a>","<a href=""https://maps.google.com/?cid=413601929230884265"">Google</a>","<a href=""https://www.yelp.com/biz/flying-brick-cider-co-wallington-2"">Yelp</a>","<a href=""https://www.tripadvisor.com/Restaurant_Review-g1937720-d7332877"">TripAdvisor</a>","<a href=""https://untappd.com/brewery/33883"">Untappd</a>"
2022,New World Perry - Medium-Sweet,Barossa Cider Co.,Squashed Pear Cider,🥈 Silver,87,Active,South Australia,Australia,"<a href=""https://barossavalleyciderco.com/"">Website</a>","<a href=""https://www.facebook.com/barossacider/"">Facebook</a>","<a href=""https://www.instagram.com/barossacider.co/"">Instagram</a>",,,,"<a href=""https://untappd.com/TheBarossaValleyCiderCo"">Untappd</a>"
2022,New World Perry - Medium-Sweet,Eddies Cider,Eddies Pear Cider,🥉 Bronze,78,Active,Victoria,Australia,"<a href=""https://www.eddiescider.com.au/"">Website</a>","<a href=""https://www.facebook.com/EddiesCider/"">Facebook</a>","<a href=""https://www.instagram.com/eddies_organic_cider/"">Instagram</a>",,,,"<a href=""https://untappd.com/w/eddies-cider/424405"">Untappd</a>"
2022,New World Perry - Medium-Sweet,Runamuk Cider Co,Poacher Pear,🥉 Bronze,78,Active,Western Australia,Australia,"<a href=""https://runamukciderco.com.au/"">Website</a>","<a href=""https://www.facebook.com/RunamukCiderCo/"">Facebook</a>","<a href=""https://www.instagram.com/runamukciderco/"">Instagram</a>",,,,"<a href=""https://untappd.com/w/runamuk-cider-co/430598"">Untappd</a>"
2022,New World Perry - Sweet,Spreyton Cider Co.,Spreyton Pear Cider,🥉 Bronze,79,Active,Tasmania,Australia,"<a href=""https://www.spreytonciderco.com.au/"">Website</a>","<a href=""https://www.facebook.com/SpreytonCiderCo"">Facebook</a>","<a href=""https://www.instagram.com/spreytonciderco/"">Instagram</a>","<a href=""https://maps.google.com/?cid=4719454766033276507"">Google</a>","<a href=""https://www.yelp.com/biz/spreyton-cider-co-spreyton-2"">Yelp</a>","<a href=""https://www.tripadvisor.com/Attraction_Review-g504292-d3738226"">TripAdvisor</a>","<a href=""https://untappd.com/SpreytonCiderCo"">Untappd</a>"
2022,New World Perry - Méthode Traditionnelle (Disgorged),St Ronan's Cider,St Ronan's Methode Traditional Pear Cider,🥈 Silver,85,Active,Victoria,Australia,"<a href=""https://stronanscider.com.au/"">Website</a>","<a href=""https://www.facebook.com/StRonansCider"">Facebook</a>","<a href=""https://www.instagram.com/st_ronans_cider/"">Instagram</a>","<a href=""https://maps.google.com/?cid=1347860416011573691"">Google</a>",,,"<a href=""https://untappd.com/StRonansCider"">Untappd</a>"
2022,New World Perry - Méthode Traditionnelle (Disgorged),Carmel Cider Co.,Pear 20,🥉 Bronze,84,Active,Western Australia,Australia,"<a href=""https://carmelcider.com.au/"">Website</a>",,"<a href=""https://www.instagram.com/carmel_cider"">Instagram</a>","<a href=""https://maps.google.com/?cid=9888810503901269588"">Google</a>",,,"<a href=""https://untappd.com/CarmelCiderCompany"">Untappd</a>"
2022,Traditional Perry - Dry,Old Twelfth Cider,Old Twelfth Perry,🥉 Bronze,84,Active,Tasmania,Australia,,,"<a href=""https://www.instagram.com/oldtwelfth/"">Instagram</a>",,,,"<a href=""https://untappd.com/w/old-twelfth-cider/500737"">Untappd</a>"
2022,Traditional Perry - Méthode Traditionnelle (Disgorged),Core Cider,Core Cider Perilous 2020,🥇 Gold,92.5,Active,Western Australia,Australia,"<a href=""https://corecider.com.au/"">Website</a>","<a href=""https://www.facebook.com/pages/The-CORE-Cider-House/193269374050973"">Facebook</a>","<a href=""https://www.instagram.com/coreciderhouse/"">Instagram</a>","<a href=""https://maps.google.com/?cid=9482101079872958147"">Google</a>","<a href=""https://www.yelp.com/biz/core-cider-pickering-brook-3"">Yelp</a>","<a href=""https://www.tripadvisor.com/Restaurant_Review-g804216-d3191966"">TripAdvisor</a>","<a href=""https://untappd.com/w/core-cider-house/90179"">Untappd</a>"
2022,Experimental Cider or Perry,Bilpin Cider,Bilpin Non Alc Apple Ginger,🥈 Silver,88,Active,New South Wales,Australia,"<a href=""https://bilpincider.com/"">Website</a>","<a href=""https://www.facebook.com/bilpincider"">Facebook</a>","<a href=""https://www.instagram.com/bilpincider/"">Instagram</a>","<a href=""https://maps.google.com/?cid=1982319036704250930"">Google</a>",,"<a href=""https://www.tripadvisor.com/Attraction_Review-g1093762-d10065632"">TripAdvisor</a>","<a href=""https://untappd.com/brewery/18734"">Untappd</a>"
2022,Experimental Cider or Perry,Trattore Cider,Trattore Zero,🥈 Silver,87,Active,Victoria,Australia,"<a href=""https://trattore.com.au/"">Website</a>",,"<a href=""https://www.instagram.com/trattorecider/"">Instagram</a>","<a href=""https://maps.google.com/?cid=144355748988170218"">Google</a>",,"<a href=""https://www.tripadvisor.com/Attraction_Review-g6888459-d23858854"">TripAdvisor</a>","<a href=""https://untappd.com/w/trattore/470815"">Untappd</a>"
2022,Experimental Cider or Perry,Bilpin Cider,Bilpin Non Alc Apple Cider,🥉 Bronze,82,Active,New South Wales,Australia,"<a href=""https://bilpincider.com/"">Website</a>","<a href=""https://www.facebook.com/bilpincider"">Facebook</a>","<a href=""https://www.instagram.com/bilpincider/"">Instagram</a>","<a href=""https://maps.google.com/?cid=1982319036704250930"">Google</a>",,"<a href=""https://www.tripadvisor.com/Attraction_Review-g1093762-d10065632"">TripAdvisor</a>","<a href=""https://untappd.com/brewery/18734"">Untappd</a>"
2022,Experimental Cider or Perry,Willie Smith's,Non-Alc Apple Cider,🥉 Bronze,78,Active,Tasmania,Australia,"<a href=""https://www.williesmiths.com.au/"">Website</a>","<a href=""https://www.facebook.com/pages/Willie-Smiths-Organic-Cider/260319247336198"">Facebook</a>","<a href=""https://www.instagram.com/williesmithscider/"">Instagram</a>","<a href=""https://maps.google.com/?cid=16057012530083496420"">Google</a>","<a href=""https://www.yelp.com/biz/willie-smith-s-apple-shed-grove"">Yelp</a>","<a href=""https://www.tripadvisor.com/Restaurant_Review-g1175547-d7911074"">TripAdvisor</a>","<a href=""https://untappd.com/WilliamSmithandSons"">Untappd</a>"
2022,Experimental Cider or Perry,Sydney Brewery,Sydney Brewery Agave Ginger Cider,🥉 Bronze,77.5,Active,New South Wales,Australia,"<a href=""https://sydneybrewery.com/"">Website</a>","<a href=""https://www.facebook.com/SydneyBrewery/"">Facebook</a>","<a href=""https://www.instagram.com/sydneybrewery/"">Instagram</a>","<a href=""https://maps.google.com/?cid=6674617705014025022"">Google</a>",,"<a href=""https://www.tripadvisor.com/Restaurant_Review-g23197656-d15602287"">TripAdvisor</a>","<a href=""https://untappd.com/SydneyBrewhouse"">Untappd</a>"
2022,Cider or Perry with Fruit,Roleystone Brewing Company,Rosé Cheeks,🥇 Gold,92.5,Active,Western Australia,Australia,"<a href=""https://www.roleystonebrewingco.com/"">Website</a>","<a href=""https://www.facebook.com/RoleystoneBrewingCo/"">Facebook</a>","<a href=""https://www.instagram.com/roleystonebrewingco/"">Instagram</a>","<a href=""https://maps.google.com/?cid=8363645666309319654"">Google</a>",,,"<a href=""https://untappd.com/RoleystoneBrewingCo"">Untappd</a>"
2022,Cider or Perry with Fruit,Plenty Cider,Plenty Apple + Blueberry,🥈 Silver,90,Active,Tasmania,Australia,"<a href=""https://www.plentycider.com.au/"">Website</a>","<a href=""https://www.facebook.com/plentycider/"">Facebook</a>","<a href=""https://www.instagram.com/plentycider/"">Instagram</a>","<a href=""https://maps.google.com/?cid=108618394510087143"">Google</a>",,,"<a href=""https://untappd.com/w/plenty-cider/454183"">Untappd</a>"
2022,Cider or Perry with Fruit,Frank's Cider,Frank's Cherry Pear Cider,🥈 Silver,88,Active,Tasmania,Australia,"<a href=""https://www.frankscider.com.au/"">Website</a>","<a href=""https://www.facebook.com/FranksCider"">Facebook</a>","<a href=""https://www.instagram.com/frankscider/"">Instagram</a>","<a href=""https://maps.google.com/?cid=12281895632138757991"">Google</a>","<a href=""https://www.yelp.com/biz/franks-cider-bar-and-cafe-franklin"">Yelp</a>","<a href=""https://www.tripadvisor.com/Restaurant_Review-g504298-d7270183"">TripAdvisor</a>","<a href=""https://untappd.com/brewery/66943"">Untappd</a>"
2022,Cider or Perry with Fruit,Pagan Cider,Pagan Cider Quince,🥈 Silver,88,Active,Tasmania,Australia,"<a href=""https://www.pagancider.com.au/"">Website</a>","<a href=""https://www.facebook.com/pages/Pagan-Cider/304091666387269"">Facebook</a>","<a href=""https://www.instagram.com/pagancider/"">Instagram</a>","<a href=""https://maps.google.com/?cid=1300362860253149854"">Google</a>","<a href=""https://www.yelp.com/biz/pagan-cider-cradoc"">Yelp</a>","<a href=""https://www.tripadvisor.com/Attraction_Review-g504289-d10383732"">TripAdvisor</a>","<a href=""https://untappd.com/brewery/46303"">Untappd</a>"
2022,Cider or Perry with Fruit,Spreyton Cider Co.,Sour Cherry Cider,🥈 Silver,88,Active,Tasmania,Australia,"<a href=""https://www.spreytonciderco.com.au/"">Website</a>","<a href=""https://www.facebook.com/SpreytonCiderCo"">Facebook</a>","<a href=""https://www.instagram.com/spreytonciderco/"">Instagram</a>","<a href=""https://maps.google.com/?cid=4719454766033276507"">Google</a>","<a href=""https://www.yelp.com/biz/spreyton-cider-co-spreyton-2"">Yelp</a>","<a href=""https://www.tripadvisor.com/Attraction_Review-g504292-d3738226"">TripAdvisor</a>","<a href=""https://untappd.com/SpreytonCiderCo"">Untappd</a>"
2022,Cider or Perry with Fruit,Funk Cider,Pineapple Cider,🥈 Silver,87.5,Active,Western Australia,Australia,"<a href=""https://funkdrinks.co/"">Website</a>","<a href=""https://www.facebook.com/funkdrinksco"">Facebook</a>","<a href=""https://www.instagram.com/funkdrinksco/"">Instagram</a>","<a href=""https://maps.google.com/?cid=12976653066917509642"">Google</a>",,,"<a href=""https://untappd.com/FunkCider"">Untappd</a>"
2022,Cider or Perry with Fruit,Sidewood Estate,Sidewood Estate Strawberry Apple Cider,🥈 Silver,85.5,Active,South Australia,Australia,"<a href=""https://sidewood.com.au/"">Website</a>","<a href=""https://www.facebook.com/SidewoodEstate/"">Facebook</a>","<a href=""https://www.instagram.com/sidewoodestate/"">Instagram</a>","<a href=""https://maps.google.com/?cid=16006910239256404559"">Google</a>",,"<a href=""https://www.tripadvisor.com.au/Attraction_Review-g499710-d19238424"">TripAdvisor</a>","<a href=""https://untappd.com/w/sidewood-estate/118552"">Untappd</a>"
2022,Cider or Perry with Fruit,Plenty Cider,Plenty Apple + Quince,🥉 Bronze,83,Active,Tasmania,Australia,"<a href=""https://www.plentycider.com.au/"">Website</a>","<a href=""https://www.facebook.com/plentycider/"">Facebook</a>","<a href=""https://www.instagram.com/plentycider/"">Instagram</a>","<a href=""https://maps.google.com/?cid=108618394510087143"">Google</a>",,,"<a href=""https://untappd.com/w/plenty-cider/454183"">Untappd</a>"
2022,Cider or Perry with Fruit,Lychee Hill Estate,Lychee Cider,🥉 Bronze,82,Active,Queensland,Australia,"<a href=""https://www.lycheedivine.com.au/"">Website</a>","<a href=""https://www.facebook.com/lycheedivine/"">Facebook</a>","<a href=""https://www.instagram.com/lycheedivine/"">Instagram</a>","<a href=""https://maps.google.com/?cid=403393903491082741"">Google</a>",,"<a href=""https://www.tripadvisor.com/Attraction_Review-g13625407-d8386939"">TripAdvisor</a>","<a href=""https://untappd.com/w/lychee-hill-estate/536904"">Untappd</a>"
2022,Cider or Perry with Fruit,Plenty Cider,Plenty Apple + Riesling Methode Traditionelle,🥉 Bronze,79.5,Active,Tasmania,Australia,"<a href=""https://www.plentycider.com.au/"">Website</a>","<a href=""https://www.facebook.com/plentycider/"">Facebook</a>","<a href=""https://www.instagram.com/plentycider/"">Instagram</a>","<a href=""https://maps.google.com/?cid=108618394510087143"">Google</a>",,,"<a href=""https://untappd.com/w/plenty-cider/454183"">Untappd</a>"
2022,Cider or Perry with Fruit,Flying Brick Cider,Pango Cider,🥉 Bronze,79,Active,Victoria,Australia,"<a href=""https://flyingbrickciderco.com.au/"">Website</a>","<a href=""https://www.facebook.com/flyingbrickciderco"">Facebook</a>","<a href=""https://www.instagram.com/flyingbrickciderco/"">Instagram</a>","<a href=""https://maps.google.com/?cid=413601929230884265"">Google</a>","<a href=""https://www.yelp.com/biz/flying-brick-cider-co-wallington-2"">Yelp</a>","<a href=""https://www.tripadvisor.com/Restaurant_Review-g1937720-d7332877"">TripAdvisor</a>","<a href=""https://untappd.com/brewery/33883"">Untappd</a>"
2022,Cider or Perry with Fruit,Pagan Cider,Pagan Cider Cerise,🥉 Bronze,77.5,Active,Tasmania,Australia,"<a href=""https://www.pagancider.com.au/"">Website</a>","<a href=""https://www.facebook.com/pages/Pagan-Cider/304091666387269"">Facebook</a>","<a href=""https://www.instagram.com/pagancider/"">Instagram</a>","<a href=""https://maps.google.com/?cid=1300362860253149854"">Google</a>","<a href=""https://www.yelp.com/biz/pagan-cider-cradoc"">Yelp</a>","<a href=""https://www.tripadvisor.com/Attraction_Review-g504289-d10383732"">TripAdvisor</a>","<a href=""https://untappd.com/brewery/46303"">Untappd</a>"
2022,Lighter Strength Cider or Perry,Darkes Cider,Darkes Perry,🥇 Gold,92.5,Active,New South Wales,Australia,"<a href=""https://www.darkes.com.au/"">Website</a>","<a href=""https://www.facebook.com/DarkesCider"">Facebook</a>","<a href=""https://www.instagram.com/darkescider/"">Instagram</a>","<a href=""https://maps.google.com/?cid=9016868264603406991"">Google</a>",,"<a href=""https://www.tripadvisor.com/Attraction_Review-g7786462-d7786279"">TripAdvisor</a>","<a href=""https://untappd.com/w/darkes-cider/93421"">Untappd</a>"
2022,Lighter Strength Cider or Perry,Carmel Cider Co.,Mid Apple,🥉 Bronze,84,Active,Western Australia,Australia,"<a href=""https://carmelcider.com.au/"">Website</a>",,"<a href=""https://www.instagram.com/carmel_cider"">Instagram</a>","<a href=""https://maps.google.com/?cid=9888810503901269588"">Google</a>",,,"<a href=""https://untappd.com/CarmelCiderCompany"">Untappd</a>"
2022,Cider or Perry with Herbs/Spices,Mismatch Brewing Company,Galaxy Hopped Apple Cider,🥉 Bronze,84,Active,South Australia,Australia,"<a href=""https://www.mismatchbrewing.com.au/"">Website</a>","<a href=""https://www.facebook.com/mismatchbrewing"">Facebook</a>","<a href=""https://www.instagram.com/mismatchbrewing/"">Instagram</a>","<a href=""https://maps.google.com/?cid=2094608130597131906"">Google</a>",,"<a href=""https://www.tripadvisor.com/Restaurant_Review-g1135568-d16672671"">TripAdvisor</a>","<a href=""https://untappd.com/MismatchBrewingCompany"">Untappd</a>"
2022,Cider or Perry with Herbs/Spices,Runamuk Cider Co,Trickster,🥉 Bronze,83,Active,Western Australia,Australia,"<a href=""https://runamukciderco.com.au/"">Website</a>","<a href=""https://www.facebook.com/RunamukCiderCo/"">Facebook</a>","<a href=""https://www.instagram.com/runamukciderco/"">Instagram</a>",,,,"<a href=""https://untappd.com/w/runamuk-cider-co/430598"">Untappd</a>"
2022,Cider or Perry with Herbs/Spices,Spreyton Cider Co.,Bitter Cider,🥉 Bronze,83,Active,Tasmania,Australia,"<a href=""https://www.spreytonciderco.com.au/"">Website</a>","<a href=""https://www.facebook.com/SpreytonCiderCo"">Facebook</a>","<a href=""https://www.instagram.com/spreytonciderco/"">Instagram</a>","<a href=""https://maps.google.com/?cid=4719454766033276507"">Google</a>","<a href=""https://www.yelp.com/biz/spreyton-cider-co-spreyton-2"">Yelp</a>","<a href=""https://www.tripadvisor.com/Attraction_Review-g504292-d3738226"">TripAdvisor</a>","<a href=""https://untappd.com/SpreytonCiderCo"">Untappd</a>"
2022,Cider or Perry with Herbs/Spices,Spreyton Cider Co.,Spiced Pear Cider,🥉 Bronze,79,Active,Tasmania,Australia,"<a href=""https://www.spreytonciderco.com.au/"">Website</a>","<a href=""https://www.facebook.com/SpreytonCiderCo"">Facebook</a>","<a href=""https://www.instagram.com/spreytonciderco/"">Instagram</a>","<a href=""https://maps.google.com/?cid=4719454766033276507"">Google</a>","<a href=""https://www.yelp.com/biz/spreyton-cider-co-spreyton-2"">Yelp</a>","<a href=""https://www.tripadvisor.com/Attraction_Review-g504292-d3738226"">TripAdvisor</a>","<a href=""https://untappd.com/SpreytonCiderCo"">Untappd</a>"
2022,Cider or Perry with Herbs/Spices,Crafty Cider,Ole Ginger,🥉 Bronze,78,Active,New South Wales,Australia,"<a href=""https://www.craftycider.com.au/"">Website</a>","<a href=""https://www.facebook.com/craftyciderbatlow"">Facebook</a>","<a href=""https://www.instagram.com/craftyciderbatlow/"">Instagram</a>","<a href=""https://maps.google.com/?cid=15536909893508302345"">Google</a>",,,"<a href=""https://untappd.com/w/crafty-cider/460789"">Untappd</a>"
2022,Pommeau,Harcourt Perry & Cider Makers,Harcourt Pommeau,🥈 Silver,86,Active,Victoria,Australia,"<a href=""https://harcourtcider.com.au/"">Website</a>","<a href=""https://www.facebook.com/HarcourtCider/"">Facebook</a>","<a href=""https://www.instagram.com/harcourtcider/"">Instagram</a>","<a href=""https://maps.google.com/?cid=8775592475109844928"">Google</a>",,,"<a href=""https://untappd.com/w/harcourt-perry-cider-makers/429734"">Untappd</a>"
2022,Eau de Vie,Carmel Cider Co.,Eau De Vie,🥉 Bronze,80.5,Active,Western Australia,Australia,"<a href=""https://carmelcider.com.au/"">Website</a>",,"<a href=""https://www.instagram.com/carmel_cider"">Instagram</a>","<a href=""https://maps.google.com/?cid=9888810503901269588"">Google</a>",,,"<a href=""https://untappd.com/CarmelCiderCompany"">Untappd</a>"
2022,Eau de Vie,Harcourt Perry & Cider Makers,Harcourt Eau De Vie,🥉 Bronze,80,Active,Victoria,Australia,"<a href=""https://harcourtcider.com.au/"">Website</a>","<a href=""https://www.facebook.com/HarcourtCider/"">Facebook</a>","<a href=""https://www.instagram.com/harcourtcider/"">Instagram</a>","<a href=""https://maps.google.com/?cid=8775592475109844928"">Google</a>",,,"<a href=""https://untappd.com/w/harcourt-perry-cider-makers/429734"">Untappd</a>"
2022,Aged Spirit,Carmel Cider Co.,Apple Brandy,🥈 Silver,90,Active,Western Australia,Australia,"<a href=""https://carmelcider.com.au/"">Website</a>",,"<a href=""https://www.instagram.com/carmel_cider"">Instagram</a>","<a href=""https://maps.google.com/?cid=9888810503901269588"">Google</a>",,,"<a href=""https://untappd.com/CarmelCiderCompany"">Untappd</a>"
2022,Aged Spirit,AW Shugg Craft Distiller,"The Retiring Pomme Apple Brandy ",🥈 Silver,88,Inactive,Tasmania,Australia,,,,,,,
2022,Aged Spirit,Lobo Cider,LOBO Apple Brandy,🥉 Bronze,79,Active,South Australia,Australia,"<a href=""https://www.lobocider.com.au/"">Website</a>","<a href=""https://www.facebook.com/LOBOcider/"">Facebook</a>","<a href=""https://www.instagram.com/lobocider"">Instagram</a>",,,,"<a href=""https://untappd.com/brewery/8446"">Untappd</a>"
2022,Aged Spirit,Harcourt Perry & Cider Makers,Harcourt Apple and Pear Brandy,🥉 Bronze,78,Active,Victoria,Australia,"<a href=""https://harcourtcider.com.au/"">Website</a>","<a href=""https://www.facebook.com/HarcourtCider/"">Facebook</a>","<a href=""https://www.instagram.com/harcourtcider/"">Instagram</a>","<a href=""https://maps.google.com/?cid=8775592475109844928"">Google</a>",,,"<a href=""https://untappd.com/w/harcourt-perry-cider-makers/429734"">Untappd</a>"
2023,New World Cider - Dry,Bilpin Cider,Bilpin Archibald High N Dry,🥇 Gold,95,Active,New South Wales,Australia,"<a href=""https://bilpincider.com/"">Website</a>","<a href=""https://www.facebook.com/bilpincider"">Facebook</a>","<a href=""https://www.instagram.com/bilpincider/"">Instagram</a>","<a href=""https://maps.google.com/?cid=1982319036704250930"">Google</a>",,"<a href=""https://www.tripadvisor.com/Attraction_Review-g1093762-d10065632"">TripAdvisor</a>","<a href=""https://untappd.com/brewery/18734"">Untappd</a>"
2023,New World Cider - Dry,Incy Wincy Cyder,Huntsman 2020,🥇 Gold,93,Active,New South Wales,Australia,"<a href=""https://www.incywincycyder.com/"">Website</a>","<a href=""https://www.facebook.com/incywincycyder/"">Facebook</a>","<a href=""https://www.instagram.com/incywincycyder_orange"">Instagram</a>",,,,"<a href=""https://untappd.com/w/incy-wincy-cyder/413318"">Untappd</a>"
2023,New World Cider - Dry,Ninch Cider,Block 13,🥇 Gold,93,Active,Tasmania,Australia,,,"<a href=""https://www.instagram.com/ninchcider/"">Instagram</a>","<a href=""https://maps.google.com/?cid=10134826457369794124"">Google</a>",,,
2023,New World Cider - Dry,Gurneys Cider,Proper Dry,🥉 Bronze,83.5,Active,Victoria,Australia,"<a href=""https://gurneyscider.com.au/"">Website</a>","<a href=""https://www.facebook.com/gurneyscider"">Facebook</a>","<a href=""https://www.instagram.com/gurneyscidery/"">Instagram</a>","<a href=""https://maps.google.com/?cid=17296225831182939561"">Google</a>",,"<a href=""https://www.tripadvisor.com/Attraction_Review-g552172-d15180819"">TripAdvisor</a>","<a href=""https://untappd.com/GurneysCider"">Untappd</a>"
2023,New World Cider - Dry,Sutton's Juice Factory,Pink Lady Dry Apple Cider,🥉 Bronze,83.5,Active,Queensland,Australia,"<a href=""https://suttonsfarm.com.au/"">Website</a>","<a href=""https://www.facebook.com/suttonsjuiceandcider/"">Facebook</a>","<a href=""https://www.instagram.com/suttonsfarm/"">Instagram</a>","<a href=""https://maps.google.com/?cid=17202902084953727843"">Google</a>",,"<a href=""https://www.tripadvisor.com/Attraction_Review-g3666083-d1743635"">TripAdvisor</a>","<a href=""https://untappd.com/w/suttons-farm/169154"">Untappd</a>"
2023,New World Cider - Dry,Incy Wincy Cyder,Huntsman 2019,🥉 Bronze,83,Active,New South Wales,Australia,"<a href=""https://www.incywincycyder.com/"">Website</a>","<a href=""https://www.facebook.com/incywincycyder/"">Facebook</a>","<a href=""https://www.instagram.com/incywincycyder_orange"">Instagram</a>",,,,"<a href=""https://untappd.com/w/incy-wincy-cyder/413318"">Untappd</a>"
2023,New World Cider - Medium,The Hills Cider Company,Apple,🥇 Gold,93,Active,South Australia,Australia,,"<a href=""https://www.facebook.com/thehillscidercompany"">Facebook</a>","<a href=""https://www.instagram.com/thehillscidercompany/"">Instagram</a>","<a href=""https://maps.google.com/?cid=40048064327732560"">Google</a>",,,"<a href=""https://untappd.com/thehillscidercompany"">Untappd</a>"
2023,New World Cider - Medium,Small Acres Cyder,Femme Fatale 2023,🥈 Silver,89,Active,New South Wales,Australia,"<a href=""https://www.smallacrescyder.com.au/"">Website</a>","<a href=""https://www.facebook.com/SmallAcresCyder"">Facebook</a>","<a href=""https://www.instagram.com/smallacrescyder"">Instagram</a>","<a href=""https://maps.google.com/?cid=1497457670374953580"">Google</a>",,"<a href=""https://www.tripadvisor.com/Attraction_Review-g2642455-d5991203"">TripAdvisor</a>","<a href=""https://untappd.com/brewery/14584"">Untappd</a>"
2023,New World Cider - Medium,Mock Red Hill,Classic Cider,🥉 Bronze,83.5,Active,Victoria,Australia,"<a href=""https://www.mockredhill.com.au/"">Website</a>","<a href=""https://www.facebook.com/pages/Mock-Red-Hill/181240308586996"">Facebook</a>","<a href=""https://www.instagram.com/mockredhill/"">Instagram</a>","<a href=""https://maps.google.com/?cid=10552205982251777171"">Google</a>","<a href=""https://www.yelp.com/biz/mock-orchards-red-hill"">Yelp</a>","<a href=""https://www.tripadvisor.com/Restaurant_Review-g552249-d9793363"">TripAdvisor</a>","<a href=""https://untappd.com/brewery/28770"">Untappd</a>"
2023,New World Cider - Medium,Cester Camillo,Sidro Del Bosco,🥉 Bronze,81.5,Active,Veneto,Italy,"<a href=""https://cestercamillo.it/"">Website</a>","<a href=""https://www.facebook.com/cestercamillo/"">Facebook</a>","<a href=""https://www.instagram.com/cestercamillo"">Instagram</a>","<a href=""https://maps.google.com/?cid=8941056702037722200"">Google</a>",,,"<a href=""https://untappd.com/w/cester-camillo/311065"">Untappd</a>"
2023,New World Cider - Medium,The Hills Cider Company,Cloudy Apple,🥉 Bronze,81.5,Active,South Australia,Australia,,"<a href=""https://www.facebook.com/thehillscidercompany"">Facebook</a>","<a href=""https://www.instagram.com/thehillscidercompany/"">Instagram</a>","<a href=""https://maps.google.com/?cid=40048064327732560"">Google</a>",,,"<a href=""https://untappd.com/thehillscidercompany"">Untappd</a>"
2023,New World Cider - Medium,Rusty Bike Wines & Ciders,Apple Cider,🥉 Bronze,81.5,Active,South Australia,Australia,"<a href=""https://rustybike.com.au/"">Website</a>","<a href=""https://www.facebook.com/rustybike.com.au/"">Facebook</a>","<a href=""https://www.instagram.com/rustybikewines/"">Instagram</a>","<a href=""https://maps.google.com/?cid=2086180301930276726"">Google</a>",,,"<a href=""https://untappd.com/w/rusty-bike-wines-ciders/424227"">Untappd</a>"
2023,New World Cider - Medium,Lobo Cider,Cloudy,🥉 Bronze,79,Active,South Australia,Australia,"<a href=""https://www.lobocider.com.au/"">Website</a>","<a href=""https://www.facebook.com/LOBOcider/"">Facebook</a>","<a href=""https://www.instagram.com/lobocider"">Instagram</a>",,,,"<a href=""https://untappd.com/brewery/8446"">Untappd</a>"
2023,New World Cider - Medium,The Apple Thief,Granny Smith Cider,🥉 Bronze,78.5,Active,New South Wales,Australia,"<a href=""https://theapplethief.com.au/"">Website</a>","<a href=""https://www.facebook.com/TheAppleThiefCiders/"">Facebook</a>","<a href=""https://www.instagram.com/theapplethiefciders/"">Instagram</a>","<a href=""https://maps.google.com/?cid=4762631239680624675"">Google</a>",,,"<a href=""https://untappd.com/brewery/21796"">Untappd</a>"
2023,New World Cider - Medium,Archer Brewing,Apple Cider,🥉 Bronze,78,Active,Queensland,Australia,"<a href=""https://www.archerbrewing.com.au/"">Website</a>","<a href=""https://www.facebook.com/archerbrewingaus"">Facebook</a>","<a href=""https://www.instagram.com/archerbrewing/"">Instagram</a>","<a href=""https://maps.google.com/?cid=4414488942984174656"">Google</a>",,,"<a href=""https://untappd.com/archerbrewingaus"">Untappd</a>"
2023,New World Cider - Medium,Peckham's Cider,Apple,🥉 Bronze,78,Active,Tasman,New Zealand,"<a href=""https://www.peckhams.co.nz/"">Website</a>","<a href=""https://www.facebook.com/peckhamscider/"">Facebook</a>","<a href=""https://www.instagram.com/peckhamscider/"">Instagram</a>","<a href=""https://maps.google.com/?cid=2102526933207385793"">Google</a>",,,"<a href=""https://untappd.com/brewery/23755"">Untappd</a>"
2023,New World Cider - Medium,Flying Brick Cider,Draught Cider,🥉 Bronze,77.5,Active,Victoria,Australia,"<a href=""https://flyingbrickciderco.com.au/"">Website</a>","<a href=""https://www.facebook.com/flyingbrickciderco"">Facebook</a>","<a href=""https://www.instagram.com/flyingbrickciderco/"">Instagram</a>","<a href=""https://maps.google.com/?cid=413601929230884265"">Google</a>","<a href=""https://www.yelp.com/biz/flying-brick-cider-co-wallington-2"">Yelp</a>","<a href=""https://www.tripadvisor.com/Restaurant_Review-g1937720-d7332877"">TripAdvisor</a>","<a href=""https://untappd.com/brewery/33883"">Untappd</a>"
2023,New World Cider - Medium,Sunshine Coast Cider,Sunshine Cider,🥉 Bronze,77.5,Active,Queensland,Australia,"<a href=""https://www.sunshinecoastcider.com.au/"">Website</a>","<a href=""https://www.facebook.com/sunshinecoastcider/"">Facebook</a>","<a href=""https://www.instagram.com/sunshinecoastcider/"">Instagram</a>","<a href=""https://maps.google.com/?cid=10163774916123498605"">Google</a>",,"<a href=""https://www.tripadvisor.com/Attraction_Review-g7815622-d21508891"">TripAdvisor</a>","<a href=""https://untappd.com/SunshineCoastCider"">Untappd</a>"
2023,New World Cider - Medium,Willie Smith's,Organic Apple Cider,🥉 Bronze,77.5,Active,Tasmania,Australia,"<a href=""https://www.williesmiths.com.au/"">Website</a>","<a href=""https://www.facebook.com/pages/Willie-Smiths-Organic-Cider/260319247336198"">Facebook</a>","<a href=""https://www.instagram.com/williesmithscider/"">Instagram</a>","<a href=""https://maps.google.com/?cid=16057012530083496420"">Google</a>","<a href=""https://www.yelp.com/biz/willie-smith-s-apple-shed-grove"">Yelp</a>","<a href=""https://www.tripadvisor.com/Restaurant_Review-g1175547-d7911074"">TripAdvisor</a>","<a href=""https://untappd.com/WilliamSmithandSons"">Untappd</a>"
2023,New World Cider - Medium Sweet,Hillbilly Cider,Apple,🥇 Gold,95,Active,New South Wales,Australia,"<a href=""https://hillbillycider.com.au/"">Website</a>","<a href=""https://www.facebook.com/HillbillyCider/"">Facebook</a>","<a href=""https://www.instagram.com/hillbillycider/"">Instagram</a>","<a href=""https://maps.google.com/?cid=904695025997043027"">Google</a>",,"<a href=""https://www.tripadvisor.com/Attraction_Review-g1093762-d12290596"">TripAdvisor</a>","<a href=""https://untappd.com/w/hillbilly-harvest-co/44163"">Untappd</a>"
2023,New World Cider - Medium Sweet,Eddies Cider,Crisp Apple,🥇 Gold,93.5,Active,Victoria,Australia,"<a href=""https://www.eddiescider.com.au/"">Website</a>","<a href=""https://www.facebook.com/EddiesCider/"">Facebook</a>","<a href=""https://www.instagram.com/eddies_organic_cider/"">Instagram</a>",,,,"<a href=""https://untappd.com/w/eddies-cider/424405"">Untappd</a>"
2023,New World Cider - Medium Sweet,Spreyton Cider Co.,Apple Cider,🥈 Silver,88,Active,Tasmania,Australia,"<a href=""https://www.spreytonciderco.com.au/"">Website</a>","<a href=""https://www.facebook.com/SpreytonCiderCo"">Facebook</a>","<a href=""https://www.instagram.com/spreytonciderco/"">Instagram</a>","<a href=""https://maps.google.com/?cid=4719454766033276507"">Google</a>","<a href=""https://www.yelp.com/biz/spreyton-cider-co-spreyton-2"">Yelp</a>","<a href=""https://www.tripadvisor.com/Attraction_Review-g504292-d3738226"">TripAdvisor</a>","<a href=""https://untappd.com/SpreytonCiderCo"">Untappd</a>"
2023,New World Cider - Medium Sweet,Barossa Cider Co.,Squashed Apple Cider,🥈 Silver,87,Active,South Australia,Australia,"<a href=""https://barossavalleyciderco.com/"">Website</a>","<a href=""https://www.facebook.com/barossacider/"">Facebook</a>","<a href=""https://www.instagram.com/barossacider.co/"">Instagram</a>",,,,"<a href=""https://untappd.com/TheBarossaValleyCiderCo"">Untappd</a>"
2023,New World Cider - Medium Sweet,Bruny Island Cider,Bruny Island Apple Cider,🥈 Silver,87,Active,Tasmania,Australia,"<a href=""https://www.brunyisland.com/catalogue/bruny-island-cider/"">Website</a>","<a href=""https://www.facebook.com/BrunyIslandCider/"">Facebook</a>","<a href=""https://www.instagram.com/brunyislandcider/"">Instagram</a>",,,,"<a href=""https://untappd.com/w/bruny-island-cider/235917"">Untappd</a>"
2023,New World Cider - Medium Sweet,Gurneys Cider,Gold,🥈 Silver,86,Active,Victoria,Australia,"<a href=""https://gurneyscider.com.au/"">Website</a>","<a href=""https://www.facebook.com/gurneyscider"">Facebook</a>","<a href=""https://www.instagram.com/gurneyscidery/"">Instagram</a>","<a href=""https://maps.google.com/?cid=17296225831182939561"">Google</a>",,"<a href=""https://www.tripadvisor.com/Attraction_Review-g552172-d15180819"">TripAdvisor</a>","<a href=""https://untappd.com/GurneysCider"">Untappd</a>"
2023,New World Cider - Medium Sweet,Lenswood Cider Co.,Hazy Apple Cider,🥈 Silver,86,Active,South Australia,Australia,"<a href=""https://www.lenswoodciderco.com.au/"">Website</a>","<a href=""https://www.facebook.com/lenswoodciderco"">Facebook</a>","<a href=""https://www.instagram.com/lenswoodciderco/"">Instagram</a>",,,,"<a href=""https://untappd.com/w/lenswood-cider-co/472218"">Untappd</a>"
2023,New World Cider - Medium Sweet,Small Acres Cyder,Pomme,🥉 Bronze,84,Active,New South Wales,Australia,"<a href=""https://www.smallacrescyder.com.au/"">Website</a>","<a href=""https://www.facebook.com/SmallAcresCyder"">Facebook</a>","<a href=""https://www.instagram.com/smallacrescyder"">Instagram</a>","<a href=""https://maps.google.com/?cid=1497457670374953580"">Google</a>",,"<a href=""https://www.tripadvisor.com/Attraction_Review-g2642455-d5991203"">TripAdvisor</a>","<a href=""https://untappd.com/brewery/14584"">Untappd</a>"
2023,New World Cider - Medium Sweet,Mountain Goat Beer,Hazy Apple Cider,🥉 Bronze,83.5,Active,Victoria,Australia,"<a href=""https://www.goatbeer.com.au/"">Website</a>","<a href=""https://www.facebook.com/goatbeer"">Facebook</a>","<a href=""https://www.instagram.com/goatbeer"">Instagram</a>","<a href=""https://maps.google.com/?cid=3590392710166252972"">Google</a>","<a href=""https://www.yelp.com/biz/mountain-goat-brewery-richmond-4"">Yelp</a>",,"<a href=""https://untappd.com/mountaingoatbeer"">Untappd</a>"
2023,New World Cider - Medium Sweet,The Apple Thief,Pink Lady Cider,🥉 Bronze,83.5,Active,New South Wales,Australia,"<a href=""https://theapplethief.com.au/"">Website</a>","<a href=""https://www.facebook.com/TheAppleThiefCiders/"">Facebook</a>","<a href=""https://www.instagram.com/theapplethiefciders/"">Instagram</a>","<a href=""https://maps.google.com/?cid=4762631239680624675"">Google</a>",,,"<a href=""https://untappd.com/brewery/21796"">Untappd</a>"
2023,New World Cider - Medium Sweet,Yallingup Cider Co.,Apple Cider,🥉 Bronze,83.5,Active,Western Australia,Australia,"<a href=""https://www.yallingupciderco.com.au/"">Website</a>",,"<a href=""https://www.instagram.com/yallingupciderco/"">Instagram</a>",,,,
2023,New World Cider - Medium Sweet,Bilpin Cider,Bilpin Archibald Cloudy apple cider,🥉 Bronze,83,Active,New South Wales,Australia,"<a href=""https://bilpincider.com/"">Website</a>","<a href=""https://www.facebook.com/bilpincider"">Facebook</a>","<a href=""https://www.instagram.com/bilpincider/"">Instagram</a>","<a href=""https://maps.google.com/?cid=1982319036704250930"">Google</a>",,"<a href=""https://www.tripadvisor.com/Attraction_Review-g1093762-d10065632"">TripAdvisor</a>","<a href=""https://untappd.com/brewery/18734"">Untappd</a>"
2023,New World Cider - Medium Sweet,Kaiju! Beer,Crisp Apple Cider,🥉 Bronze,81,Active,Victoria,Australia,"<a href=""https://kaijubeer.com.au/"">Website</a>","<a href=""https://www.facebook.com/KaijuBeer.au"">Facebook</a>","<a href=""https://www.instagram.com/kaijubeer"">Instagram</a>","<a href=""https://maps.google.com/?cid=487547657947015054"">Google</a>",,"<a href=""https://www.tripadvisor.com/Restaurant_Review-g4379937-d26699553"">TripAdvisor</a>","<a href=""https://untappd.com/SouthEastBrewingCompanyPtyLtd"">Untappd</a>"
2023,New World Cider - Medium Sweet,Napoleone Cider,Louis Hard Cider,🥉 Bronze,80.5,Active,Victoria,Australia,"<a href=""https://napoleone.com.au/"">Website</a>","<a href=""https://www.facebook.com/napoleoneorchardbar"">Facebook</a>","<a href=""https://www.instagram.com/napoleonecider"">Instagram</a>","<a href=""https://maps.google.com/?cid=3472985488113617215"">Google</a>","<a href=""https://www.yelp.com/biz/napoleone-brewery-and-ciderhouse-coldstream"">Yelp</a>","<a href=""https://www.tripadvisor.com/Attraction_Review-g1205102-d7980976"">TripAdvisor</a>","<a href=""https://untappd.com/brewery/3800"">Untappd</a>"
2023,New World Cider - Medium Sweet,Pinnacle Drinks,Cold Pressed Alcoholic Apple CIder,🥉 Bronze,80,Active,New South Wales,Australia,"<a href=""https://pinnacledrinks.com.au/"">Website</a>",,,"<a href=""https://maps.google.com/?cid=18382720107027294885"">Google</a>",,,"<a href=""https://untappd.com/PinnacleDrinksQS"">Untappd</a>"
2023,New World Cider - Medium Sweet,Lenswood Cider Co.,Apple Cider,🥉 Bronze,80,Active,South Australia,Australia,"<a href=""https://www.lenswoodciderco.com.au/"">Website</a>","<a href=""https://www.facebook.com/lenswoodciderco"">Facebook</a>","<a href=""https://www.instagram.com/lenswoodciderco/"">Instagram</a>",,,,"<a href=""https://untappd.com/w/lenswood-cider-co/472218"">Untappd</a>"
2023,New World Cider - Medium Sweet,Plenty Cider,Original,🥉 Bronze,80,Active,Tasmania,Australia,"<a href=""https://www.plentycider.com.au/"">Website</a>","<a href=""https://www.facebook.com/plentycider/"">Facebook</a>","<a href=""https://www.instagram.com/plentycider/"">Instagram</a>","<a href=""https://maps.google.com/?cid=108618394510087143"">Google</a>",,,"<a href=""https://untappd.com/w/plenty-cider/454183"">Untappd</a>"
2023,New World Cider - Medium Sweet,The Apple Thief,Braeburn Gala Cider,🥉 Bronze,79.5,Active,New South Wales,Australia,"<a href=""https://theapplethief.com.au/"">Website</a>","<a href=""https://www.facebook.com/TheAppleThiefCiders/"">Facebook</a>","<a href=""https://www.instagram.com/theapplethiefciders/"">Instagram</a>","<a href=""https://maps.google.com/?cid=4762631239680624675"">Google</a>",,,"<a href=""https://untappd.com/brewery/21796"">Untappd</a>"
2023,New World Cider - Medium Sweet,Grand Ridge Brewery,Twisted Sister Apple Cider,🥉 Bronze,79.5,Active,Victoria,Australia,,"<a href=""https://www.facebook.com/grandridgebrewery"">Facebook</a>","<a href=""https://www.instagram.com/grandridgebeer/"">Instagram</a>","<a href=""https://maps.google.com/?cid=8403918293255045179"">Google</a>","<a href=""https://www.yelp.com/biz/grand-ridge-brewery-mirboo-north-2"">Yelp</a>","<a href=""https://www.tripadvisor.com/Restaurant_Review-g552213-d4791367"">TripAdvisor</a>","<a href=""https://untappd.com/GrandRidgeBrewery"">Untappd</a>"
2023,New World Cider - Medium Sweet,Bilpin Cider,Bilpin Original Cider,🥉 Bronze,78,Active,New South Wales,Australia,"<a href=""https://bilpincider.com/"">Website</a>","<a href=""https://www.facebook.com/bilpincider"">Facebook</a>","<a href=""https://www.instagram.com/bilpincider/"">Instagram</a>","<a href=""https://maps.google.com/?cid=1982319036704250930"">Google</a>",,"<a href=""https://www.tripadvisor.com/Attraction_Review-g1093762-d10065632"">TripAdvisor</a>","<a href=""https://untappd.com/brewery/18734"">Untappd</a>"
2023,New World Cider - Medium Sweet,Bilpin Cider,Bilpin Pippndale Apple Cider,🥉 Bronze,78,Active,New South Wales,Australia,"<a href=""https://bilpincider.com/"">Website</a>","<a href=""https://www.facebook.com/bilpincider"">Facebook</a>","<a href=""https://www.instagram.com/bilpincider/"">Instagram</a>","<a href=""https://maps.google.com/?cid=1982319036704250930"">Google</a>",,"<a href=""https://www.tripadvisor.com/Attraction_Review-g1093762-d10065632"">TripAdvisor</a>","<a href=""https://untappd.com/brewery/18734"">Untappd</a>"
2023,New World Cider - Sweet,Hillbilly Cider,Sweet Julie,🥈 Silver,87.5,Active,New South Wales,Australia,"<a href=""https://hillbillycider.com.au/"">Website</a>","<a href=""https://www.facebook.com/HillbillyCider/"">Facebook</a>","<a href=""https://www.instagram.com/hillbillycider/"">Instagram</a>","<a href=""https://maps.google.com/?cid=904695025997043027"">Google</a>",,"<a href=""https://www.tripadvisor.com/Attraction_Review-g1093762-d12290596"">TripAdvisor</a>","<a href=""https://untappd.com/w/hillbilly-harvest-co/44163"">Untappd</a>"
2023,New World Cider - Sweet,Sydney Brewery,Original Cider,🥈 Silver,86,Active,New South Wales,Australia,"<a href=""https://sydneybrewery.com/"">Website</a>","<a href=""https://www.facebook.com/SydneyBrewery/"">Facebook</a>","<a href=""https://www.instagram.com/sydneybrewery/"">Instagram</a>","<a href=""https://maps.google.com/?cid=6674617705014025022"">Google</a>",,"<a href=""https://www.tripadvisor.com/Restaurant_Review-g23197656-d15602287"">TripAdvisor</a>","<a href=""https://untappd.com/SydneyBrewhouse"">Untappd</a>"
2023,New World Cider - Sweet,Flying Brick Cider,Original Cider,🥈 Silver,85,Active,Victoria,Australia,"<a href=""https://flyingbrickciderco.com.au/"">Website</a>","<a href=""https://www.facebook.com/flyingbrickciderco"">Facebook</a>","<a href=""https://www.instagram.com/flyingbrickciderco/"">Instagram</a>","<a href=""https://maps.google.com/?cid=413601929230884265"">Google</a>","<a href=""https://www.yelp.com/biz/flying-brick-cider-co-wallington-2"">Yelp</a>","<a href=""https://www.tripadvisor.com/Restaurant_Review-g1937720-d7332877"">TripAdvisor</a>","<a href=""https://untappd.com/brewery/33883"">Untappd</a>"
2023,New World Cider - Sweet,Monkey Rock Winery & Cider,Apple,🥉 Bronze,84,Active,Western Australia,Australia,"<a href=""https://www.monkeyrockwinery.com.au/"">Website</a>","<a href=""https://www.facebook.com/monkeyrockwinerydenmarkWA"">Facebook</a>","<a href=""https://www.instagram.com/monkeyrockwineryandcider/"">Instagram</a>","<a href=""https://maps.google.com/?cid=4216191327395483874"">Google</a>",,"<a href=""https://www.tripadvisor.com/Attraction_Review-g488338-d18942597"">TripAdvisor</a>","<a href=""https://untappd.com/w/monkey-rock-cider/488303"">Untappd</a>"
2023,New World Cider - Sweet,Bilpin Cider,Bilpin Blush Pink Lady Cider,🥉 Bronze,80.5,Active,New South Wales,Australia,"<a href=""https://bilpincider.com/"">Website</a>","<a href=""https://www.facebook.com/bilpincider"">Facebook</a>","<a href=""https://www.instagram.com/bilpincider/"">Instagram</a>","<a href=""https://maps.google.com/?cid=1982319036704250930"">Google</a>",,"<a href=""https://www.tripadvisor.com/Attraction_Review-g1093762-d10065632"">TripAdvisor</a>","<a href=""https://untappd.com/brewery/18734"">Untappd</a>"
2023,New World Cider - Sweet,NewLeaf Orchard,New World Cider,🥉 Bronze,78,Active,Western Australia,Australia,"<a href=""https://newleaforchard.com.au/"">Website</a>","<a href=""https://www.facebook.com/wildbeyondcider"">Facebook</a>",,,,,
2023,New World Cider - Méthode Traditionnelle (Disgorged),Brady's Lookout Cider,Cuvee 13 - Cox Orange Pippin Blend,🥈 Silver,90,Active,Tasmania,Australia,"<a href=""https://www.bradyslookoutcider.com.au/"">Website</a>","<a href=""https://www.facebook.com/bradyslookoutcider"">Facebook</a>","<a href=""https://www.instagram.com/bradys_lookout_cider/"">Instagram</a>","<a href=""https://maps.google.com/?cid=17861747211596541785"">Google</a>",,,"<a href=""https://untappd.com/w/brady-s-lookout/225207"">Untappd</a>"
2023,New World Cider - Méthode Traditionnelle (Disgorged),Brady's Lookout Cider,Cuvee 14 - Legana Wild Cider,🥈 Silver,87,Active,Tasmania,Australia,"<a href=""https://www.bradyslookoutcider.com.au/"">Website</a>","<a href=""https://www.facebook.com/bradyslookoutcider"">Facebook</a>","<a href=""https://www.instagram.com/bradys_lookout_cider/"">Instagram</a>","<a href=""https://maps.google.com/?cid=17861747211596541785"">Google</a>",,,"<a href=""https://untappd.com/w/brady-s-lookout/225207"">Untappd</a>"
2023,New World Cider - Méthode Traditionnelle (Disgorged),Brady's Lookout Cider,Cuvee 12 - Heritage Blend,🥈 Silver,85.5,Active,Tasmania,Australia,"<a href=""https://www.bradyslookoutcider.com.au/"">Website</a>","<a href=""https://www.facebook.com/bradyslookoutcider"">Facebook</a>","<a href=""https://www.instagram.com/bradys_lookout_cider/"">Instagram</a>","<a href=""https://maps.google.com/?cid=17861747211596541785"">Google</a>",,,"<a href=""https://untappd.com/w/brady-s-lookout/225207"">Untappd</a>"
2023,New World Cider - Méthode Traditionnelle (Disgorged),Sunshine Coast Cider,Brut+ Cider Methode Traditionelle,🥈 Silver,85,Active,Queensland,Australia,"<a href=""https://www.sunshinecoastcider.com.au/"">Website</a>","<a href=""https://www.facebook.com/sunshinecoastcider/"">Facebook</a>","<a href=""https://www.instagram.com/sunshinecoastcider/"">Instagram</a>","<a href=""https://maps.google.com/?cid=10163774916123498605"">Google</a>",,"<a href=""https://www.tripadvisor.com/Attraction_Review-g7815622-d21508891"">TripAdvisor</a>","<a href=""https://untappd.com/SunshineCoastCider"">Untappd</a>"
2023,New World Cider - Méthode Traditionnelle (Disgorged),Roleystone Brewing Company,Le Pommier Brut,🥉 Bronze,83.5,Active,Western Australia,Australia,"<a href=""https://www.roleystonebrewingco.com/"">Website</a>","<a href=""https://www.facebook.com/RoleystoneBrewingCo/"">Facebook</a>","<a href=""https://www.instagram.com/roleystonebrewingco/"">Instagram</a>","<a href=""https://maps.google.com/?cid=8363645666309319654"">Google</a>",,,"<a href=""https://untappd.com/RoleystoneBrewingCo"">Untappd</a>"
2023,New World Cider - Méthode Traditionnelle (Disgorged),Brady's Lookout Cider,Cuvee 17,🥉 Bronze,83,Active,Tasmania,Australia,"<a href=""https://www.bradyslookoutcider.com.au/"">Website</a>","<a href=""https://www.facebook.com/bradyslookoutcider"">Facebook</a>","<a href=""https://www.instagram.com/bradys_lookout_cider/"">Instagram</a>","<a href=""https://maps.google.com/?cid=17861747211596541785"">Google</a>",,,"<a href=""https://untappd.com/w/brady-s-lookout/225207"">Untappd</a>"
2023,Traditional Cider - Dry,Simple Cider,Wild Heritage Blend,🥇 Gold,94,Active,Tasmania,Australia,"<a href=""https://simplecider.com.au/"">Website</a>","<a href=""https://www.facebook.com/simplecider"">Facebook</a>","<a href=""https://www.instagram.com/simple.cider/"">Instagram</a>","<a href=""https://maps.google.com/?cid=16786558994979050480"">Google</a>",,,"<a href=""https://untappd.com/w/simple-cider/259809"">Untappd</a>"
2023,Traditional Cider - Dry,Daylesford Cider Company,Organic Brut,🥈 Silver,90,Active,Victoria,Australia,"<a href=""https://daylesfordcider.com.au/"">Website</a>","<a href=""https://www.facebook.com/DaylesfordCider"">Facebook</a>","<a href=""https://www.instagram.com/daylesfordcider/"">Instagram</a>","<a href=""https://maps.google.com/?cid=3704200538482217988"">Google</a>",,"<a href=""https://www.tripadvisor.com/Attraction_Review-g2533620-d4506486"">TripAdvisor</a>","<a href=""https://untappd.com/w/daylesford-cider-company/15899"">Untappd</a>"
2023,Traditional Cider - Dry,Lobo Cider,Be Wulf,🥈 Silver,86,Active,South Australia,Australia,"<a href=""https://www.lobocider.com.au/"">Website</a>","<a href=""https://www.facebook.com/LOBOcider/"">Facebook</a>","<a href=""https://www.instagram.com/lobocider"">Instagram</a>",,,,"<a href=""https://untappd.com/brewery/8446"">Untappd</a>"
2023,Traditional Cider - Dry,Lobo Cider,Norma,🥈 Silver,85,Active,South Australia,Australia,"<a href=""https://www.lobocider.com.au/"">Website</a>","<a href=""https://www.facebook.com/LOBOcider/"">Facebook</a>","<a href=""https://www.instagram.com/lobocider"">Instagram</a>",,,,"<a href=""https://untappd.com/brewery/8446"">Untappd</a>"
2023,Traditional Cider - Dry,Peckham's Cider,Reserve Dry,🥈 Silver,85,Active,Tasman,New Zealand,"<a href=""https://www.peckhams.co.nz/"">Website</a>","<a href=""https://www.facebook.com/peckhamscider/"">Facebook</a>","<a href=""https://www.instagram.com/peckhamscider/"">Instagram</a>","<a href=""https://maps.google.com/?cid=2102526933207385793"">Google</a>",,,"<a href=""https://untappd.com/brewery/23755"">Untappd</a>"
2023,Traditional Cider - Dry,Willie Smith's,Pet Nat Apple Cider,🥉 Bronze,84,Active,Tasmania,Australia,"<a href=""https://www.williesmiths.com.au/"">Website</a>","<a href=""https://www.facebook.com/pages/Willie-Smiths-Organic-Cider/260319247336198"">Facebook</a>","<a href=""https://www.instagram.com/williesmithscider/"">Instagram</a>","<a href=""https://maps.google.com/?cid=16057012530083496420"">Google</a>","<a href=""https://www.yelp.com/biz/willie-smith-s-apple-shed-grove"">Yelp</a>","<a href=""https://www.tripadvisor.com/Restaurant_Review-g1175547-d7911074"">TripAdvisor</a>","<a href=""https://untappd.com/WilliamSmithandSons"">Untappd</a>"
2023,Traditional Cider - Dry,Lobo Cider,Lenswulf,🥉 Bronze,80.5,Active,South Australia,Australia,"<a href=""https://www.lobocider.com.au/"">Website</a>","<a href=""https://www.facebook.com/LOBOcider/"">Facebook</a>","<a href=""https://www.instagram.com/lobocider"">Instagram</a>",,,,"<a href=""https://untappd.com/brewery/8446"">Untappd</a>"
2023,Traditional Cider - Dry,3 Sons Cider,Son Of Cranky,🥉 Bronze,80,Active,Australian Capital Territory,Australia,"<a href=""http://www.3sonscider.com.au/"">Website</a>","<a href=""https://www.facebook.com/3SonsCider/"">Facebook</a>","<a href=""https://www.instagram.com/3sonscider/"">Instagram</a>","<a href=""https://maps.google.com/?cid=16285596579467432961"">Google</a>",,,"<a href=""https://untappd.com/3sonscider"">Untappd</a>"
2023,Traditional Cider - Dry,Hart's Farm,Original Dry Cider,🥉 Bronze,78.5,Active,Victoria,Australia,"<a href=""https://www.hartsfarm.com.au/"">Website</a>","<a href=""https://www.facebook.com/Hartsfarm.morningtonpeninsula"">Facebook</a>","<a href=""https://www.instagram.com/hartsfarm"">Instagram</a>","<a href=""https://maps.google.com/?cid=10474103931088012940"">Google</a>",,"<a href=""https://www.tripadvisor.com/Attraction_Review-g552256-d2477464"">TripAdvisor</a>","<a href=""https://untappd.com/w/hart-s-farm/278622"">Untappd</a>"
2023,Traditional Cider - Dry,The Apple Thief,Bulmers Norman,🥉 Bronze,77.5,Active,New South Wales,Australia,"<a href=""https://theapplethief.com.au/"">Website</a>","<a href=""https://www.facebook.com/TheAppleThiefCiders/"">Facebook</a>","<a href=""https://www.instagram.com/theapplethiefciders/"">Instagram</a>","<a href=""https://maps.google.com/?cid=4762631239680624675"">Google</a>",,,"<a href=""https://untappd.com/brewery/21796"">Untappd</a>"
2023,Traditional Cider - Medium,Plenty Cider,2022 Cornucopia,🥇 Gold,93,Active,Tasmania,Australia,"<a href=""https://www.plentycider.com.au/"">Website</a>","<a href=""https://www.facebook.com/plentycider/"">Facebook</a>","<a href=""https://www.instagram.com/plentycider/"">Instagram</a>","<a href=""https://maps.google.com/?cid=108618394510087143"">Google</a>",,,"<a href=""https://untappd.com/w/plenty-cider/454183"">Untappd</a>"
2023,Traditional Cider - Medium,Lobo Cider,Trad,🥈 Silver,90,Active,South Australia,Australia,"<a href=""https://www.lobocider.com.au/"">Website</a>","<a href=""https://www.facebook.com/LOBOcider/"">Facebook</a>","<a href=""https://www.instagram.com/lobocider"">Instagram</a>",,,,"<a href=""https://untappd.com/brewery/8446"">Untappd</a>"
2023,Traditional Cider - Medium,Peckham's Cider,Stoke Red,🥈 Silver,90,Active,Tasman,New Zealand,"<a href=""https://www.peckhams.co.nz/"">Website</a>","<a href=""https://www.facebook.com/peckhamscider/"">Facebook</a>","<a href=""https://www.instagram.com/peckhamscider/"">Instagram</a>","<a href=""https://maps.google.com/?cid=2102526933207385793"">Google</a>",,,"<a href=""https://untappd.com/brewery/23755"">Untappd</a>"
2023,Traditional Cider - Medium,Cidres Kerisac,Brut,🥈 Silver,88,Active,Pays de la Loire,France,"<a href=""https://kerisac.bzh/"">Website</a>","<a href=""https://www.facebook.com/cidrekerisac"">Facebook</a>","<a href=""https://www.instagram.com/cidreriekerisac/"">Instagram</a>","<a href=""https://maps.google.com/?cid=14431639837198759734"">Google</a>",,,"<a href=""https://untappd.com/w/cidres-kerisac/12846"">Untappd</a>"
2023,Traditional Cider - Medium,The Apple Thief,Kingston Black,🥈 Silver,88,Active,New South Wales,Australia,"<a href=""https://theapplethief.com.au/"">Website</a>","<a href=""https://www.facebook.com/TheAppleThiefCiders/"">Facebook</a>","<a href=""https://www.instagram.com/theapplethiefciders/"">Instagram</a>","<a href=""https://maps.google.com/?cid=4762631239680624675"">Google</a>",,,"<a href=""https://untappd.com/brewery/21796"">Untappd</a>"
2023,Traditional Cider - Medium,Willie Smith's,Yarlington Mill,🥈 Silver,86.5,Active,Tasmania,Australia,"<a href=""https://www.williesmiths.com.au/"">Website</a>","<a href=""https://www.facebook.com/pages/Willie-Smiths-Organic-Cider/260319247336198"">Facebook</a>","<a href=""https://www.instagram.com/williesmithscider/"">Instagram</a>","<a href=""https://maps.google.com/?cid=16057012530083496420"">Google</a>","<a href=""https://www.yelp.com/biz/willie-smith-s-apple-shed-grove"">Yelp</a>","<a href=""https://www.tripadvisor.com/Restaurant_Review-g1175547-d7911074"">TripAdvisor</a>","<a href=""https://untappd.com/WilliamSmithandSons"">Untappd</a>"
2023,Traditional Cider - Medium,Kangaroo Island Ciders,Colony Cove Vintage Cider,🥈 Silver,86,Active,South Australia,Australia,"<a href=""https://www.kangarooislandciders.com.au/"">Website</a>",,,"<a href=""https://maps.google.com/?cid=7120331639179318476"">Google</a>",,,"<a href=""https://untappd.com/w/kangaroo-island-ciders/62318"">Untappd</a>"
2023,Traditional Cider - Medium,Spreyton Cider Co.,Kingston Black Cider,🥈 Silver,86,Active,Tasmania,Australia,"<a href=""https://www.spreytonciderco.com.au/"">Website</a>","<a href=""https://www.facebook.com/SpreytonCiderCo"">Facebook</a>","<a href=""https://www.instagram.com/spreytonciderco/"">Instagram</a>","<a href=""https://maps.google.com/?cid=4719454766033276507"">Google</a>","<a href=""https://www.yelp.com/biz/spreyton-cider-co-spreyton-2"">Yelp</a>","<a href=""https://www.tripadvisor.com/Attraction_Review-g504292-d3738226"">TripAdvisor</a>","<a href=""https://untappd.com/SpreytonCiderCo"">Untappd</a>"
2023,Traditional Cider - Medium,Daylesford Cider Company,Organic Kingston / Dabinett,🥈 Silver,85.5,Active,Victoria,Australia,"<a href=""https://daylesfordcider.com.au/"">Website</a>","<a href=""https://www.facebook.com/DaylesfordCider"">Facebook</a>","<a href=""https://www.instagram.com/daylesfordcider/"">Instagram</a>","<a href=""https://maps.google.com/?cid=3704200538482217988"">Google</a>",,"<a href=""https://www.tripadvisor.com/Attraction_Review-g2533620-d4506486"">TripAdvisor</a>","<a href=""https://untappd.com/w/daylesford-cider-company/15899"">Untappd</a>"
2023,Traditional Cider - Medium,Willie Smith's,Senescence Apple Cider,🥉 Bronze,84.5,Active,Tasmania,Australia,"<a href=""https://www.williesmiths.com.au/"">Website</a>","<a href=""https://www.facebook.com/pages/Willie-Smiths-Organic-Cider/260319247336198"">Facebook</a>","<a href=""https://www.instagram.com/williesmithscider/"">Instagram</a>","<a href=""https://maps.google.com/?cid=16057012530083496420"">Google</a>","<a href=""https://www.yelp.com/biz/willie-smith-s-apple-shed-grove"">Yelp</a>","<a href=""https://www.tripadvisor.com/Restaurant_Review-g1175547-d7911074"">TripAdvisor</a>","<a href=""https://untappd.com/WilliamSmithandSons"">Untappd</a>"
2023,Traditional Cider - Medium,Peckham's Cider,Farmhouse,🥉 Bronze,84,Active,Tasman,New Zealand,"<a href=""https://www.peckhams.co.nz/"">Website</a>","<a href=""https://www.facebook.com/peckhamscider/"">Facebook</a>","<a href=""https://www.instagram.com/peckhamscider/"">Instagram</a>","<a href=""https://maps.google.com/?cid=2102526933207385793"">Google</a>",,,"<a href=""https://untappd.com/brewery/23755"">Untappd</a>"
2023,Traditional Cider - Medium,Willie Smith's,Kingston Black,🥉 Bronze,84,Active,Tasmania,Australia,"<a href=""https://www.williesmiths.com.au/"">Website</a>","<a href=""https://www.facebook.com/pages/Willie-Smiths-Organic-Cider/260319247336198"">Facebook</a>","<a href=""https://www.instagram.com/williesmithscider/"">Instagram</a>","<a href=""https://maps.google.com/?cid=16057012530083496420"">Google</a>","<a href=""https://www.yelp.com/biz/willie-smith-s-apple-shed-grove"">Yelp</a>","<a href=""https://www.tripadvisor.com/Restaurant_Review-g1175547-d7911074"">TripAdvisor</a>","<a href=""https://untappd.com/WilliamSmithandSons"">Untappd</a>"
2023,Traditional Cider - Medium,The Apple Thief,Orchard Blend,🥉 Bronze,83.5,Active,New South Wales,Australia,"<a href=""https://theapplethief.com.au/"">Website</a>","<a href=""https://www.facebook.com/TheAppleThiefCiders/"">Facebook</a>","<a href=""https://www.instagram.com/theapplethiefciders/"">Instagram</a>","<a href=""https://maps.google.com/?cid=4762631239680624675"">Google</a>",,,"<a href=""https://untappd.com/brewery/21796"">Untappd</a>"
2023,Traditional Cider - Medium,Willie Smith's,Heritage Blend,🥉 Bronze,83.5,Active,Tasmania,Australia,"<a href=""https://www.williesmiths.com.au/"">Website</a>","<a href=""https://www.facebook.com/pages/Willie-Smiths-Organic-Cider/260319247336198"">Facebook</a>","<a href=""https://www.instagram.com/williesmithscider/"">Instagram</a>","<a href=""https://maps.google.com/?cid=16057012530083496420"">Google</a>","<a href=""https://www.yelp.com/biz/willie-smith-s-apple-shed-grove"">Yelp</a>","<a href=""https://www.tripadvisor.com/Restaurant_Review-g1175547-d7911074"">TripAdvisor</a>","<a href=""https://untappd.com/WilliamSmithandSons"">Untappd</a>"
2023,Traditional Cider - Medium,Willie Smith's,Traditional Apple Cider,🥉 Bronze,83,Active,Tasmania,Australia,"<a href=""https://www.williesmiths.com.au/"">Website</a>","<a href=""https://www.facebook.com/pages/Willie-Smiths-Organic-Cider/260319247336198"">Facebook</a>","<a href=""https://www.instagram.com/williesmithscider/"">Instagram</a>","<a href=""https://maps.google.com/?cid=16057012530083496420"">Google</a>","<a href=""https://www.yelp.com/biz/willie-smith-s-apple-shed-grove"">Yelp</a>","<a href=""https://www.tripadvisor.com/Restaurant_Review-g1175547-d7911074"">TripAdvisor</a>","<a href=""https://untappd.com/WilliamSmithandSons"">Untappd</a>"
2023,Traditional Cider - Medium,Cider Infusion,The Cape,🥉 Bronze,82.5,Active,Victoria,Australia,"<a href=""https://ciderinfusion.com/"">Website</a>","<a href=""https://www.facebook.com/ciderinfusion/"">Facebook</a>","<a href=""https://www.instagram.com/ciderinfusion/"">Instagram</a>",,,,"<a href=""https://untappd.com/w/cider-infusion/534576"">Untappd</a>"
2023,Traditional Cider - Medium,Spreyton Cider Co.,Cidermakers Select - Four Orchards,🥉 Bronze,79,Active,Tasmania,Australia,"<a href=""https://www.spreytonciderco.com.au/"">Website</a>","<a href=""https://www.facebook.com/SpreytonCiderCo"">Facebook</a>","<a href=""https://www.instagram.com/spreytonciderco/"">Instagram</a>","<a href=""https://maps.google.com/?cid=4719454766033276507"">Google</a>","<a href=""https://www.yelp.com/biz/spreyton-cider-co-spreyton-2"">Yelp</a>","<a href=""https://www.tripadvisor.com/Attraction_Review-g504292-d3738226"">TripAdvisor</a>","<a href=""https://untappd.com/SpreytonCiderCo"">Untappd</a>"
2023,Traditional Cider - Medium,Peckham's Cider,Knotted Kernel,🥉 Bronze,77.5,Active,Tasman,New Zealand,"<a href=""https://www.peckhams.co.nz/"">Website</a>","<a href=""https://www.facebook.com/peckhamscider/"">Facebook</a>","<a href=""https://www.instagram.com/peckhamscider/"">Instagram</a>","<a href=""https://maps.google.com/?cid=2102526933207385793"">Google</a>",,,"<a href=""https://untappd.com/brewery/23755"">Untappd</a>"
2023,Traditional Cider - Medium Sweet,Daylesford Cider Company,2023 Organic Kingston Black,🥈 Silver,90,Active,Victoria,Australia,"<a href=""https://daylesfordcider.com.au/"">Website</a>","<a href=""https://www.facebook.com/DaylesfordCider"">Facebook</a>","<a href=""https://www.instagram.com/daylesfordcider/"">Instagram</a>","<a href=""https://maps.google.com/?cid=3704200538482217988"">Google</a>",,"<a href=""https://www.tripadvisor.com/Attraction_Review-g2533620-d4506486"">TripAdvisor</a>","<a href=""https://untappd.com/w/daylesford-cider-company/15899"">Untappd</a>"
2023,Traditional Cider - Medium Sweet,Borrodell Vineyard,The Last Laugh,🥈 Silver,85,Active,New South Wales,Australia,"<a href=""https://www.borrodell.com.au/"">Website</a>","<a href=""https://www.facebook.com/BorrodellVineyard/"">Facebook</a>","<a href=""https://www.instagram.com/borrodell_vineyard/"">Instagram</a>","<a href=""https://maps.google.com/?cid=9113164481963775697"">Google</a>",,"<a href=""https://www.tripadvisor.com/Attraction_Review-g255326-d4469466"">TripAdvisor</a>","<a href=""https://untappd.com/w/borrodell-vineyard/42488"">Untappd</a>"
2023,Traditional Cider - Medium Sweet,Kangaroo Island Ciders,Colony Cove Draught Cider,🥈 Silver,85,Active,South Australia,Australia,"<a href=""https://www.kangarooislandciders.com.au/"">Website</a>",,,"<a href=""https://maps.google.com/?cid=7120331639179318476"">Google</a>",,,"<a href=""https://untappd.com/w/kangaroo-island-ciders/62318"">Untappd</a>"
2023,Traditional Cider - Medium Sweet,Carmel Cider Co.,Heritage,🥉 Bronze,82,Active,Western Australia,Australia,"<a href=""https://carmelcider.com.au/"">Website</a>",,"<a href=""https://www.instagram.com/carmel_cider"">Instagram</a>","<a href=""https://maps.google.com/?cid=9888810503901269588"">Google</a>",,,"<a href=""https://untappd.com/CarmelCiderCompany"">Untappd</a>"
2023,Traditional Cider - Medium Sweet,Frank's Cider,Autumn Reserve,🥉 Bronze,80,Active,Tasmania,Australia,"<a href=""https://www.frankscider.com.au/"">Website</a>","<a href=""https://www.facebook.com/FranksCider"">Facebook</a>","<a href=""https://www.instagram.com/frankscider/"">Instagram</a>","<a href=""https://maps.google.com/?cid=12281895632138757991"">Google</a>","<a href=""https://www.yelp.com/biz/franks-cider-bar-and-cafe-franklin"">Yelp</a>","<a href=""https://www.tripadvisor.com/Restaurant_Review-g504298-d7270183"">TripAdvisor</a>","<a href=""https://untappd.com/brewery/66943"">Untappd</a>"
2023,Traditional Cider - Medium Sweet,Small Acres Cyder,Heritage Blend,🥉 Bronze,79.5,Active,New South Wales,Australia,"<a href=""https://www.smallacrescyder.com.au/"">Website</a>","<a href=""https://www.facebook.com/SmallAcresCyder"">Facebook</a>","<a href=""https://www.instagram.com/smallacrescyder"">Instagram</a>","<a href=""https://maps.google.com/?cid=1497457670374953580"">Google</a>",,"<a href=""https://www.tripadvisor.com/Attraction_Review-g2642455-d5991203"">TripAdvisor</a>","<a href=""https://untappd.com/brewery/14584"">Untappd</a>"
2023,Traditional Cider - Sweet,Écusson,Cidre Rosé,🥉 Bronze,79,Active,Île-de-France,France,"<a href=""https://www.cidre-ecusson.com/"">Website</a>","<a href=""https://www.facebook.com/CidreEcusson/"">Facebook</a>","<a href=""https://www.instagram.com/cidreecusson/"">Instagram</a>",,,,"<a href=""https://untappd.com/w/cidres-ecusson/15641"">Untappd</a>"
2023,Traditional Cider - Méthode Traditionnelle (Disgorged),St Ronan's Cider,Methode Traditionelle Apple Cider,🥇 Gold,92.5,Active,Victoria,Australia,"<a href=""https://stronanscider.com.au/"">Website</a>","<a href=""https://www.facebook.com/StRonansCider"">Facebook</a>","<a href=""https://www.instagram.com/st_ronans_cider/"">Instagram</a>","<a href=""https://maps.google.com/?cid=1347860416011573691"">Google</a>",,,"<a href=""https://untappd.com/StRonansCider"">Untappd</a>"
2023,Traditional Cider - Méthode Traditionnelle (Disgorged),Flying Brick Cider,MC,🥉 Bronze,80.5,Active,Victoria,Australia,"<a href=""https://flyingbrickciderco.com.au/"">Website</a>","<a href=""https://www.facebook.com/flyingbrickciderco"">Facebook</a>","<a href=""https://www.instagram.com/flyingbrickciderco/"">Instagram</a>","<a href=""https://maps.google.com/?cid=413601929230884265"">Google</a>","<a href=""https://www.yelp.com/biz/flying-brick-cider-co-wallington-2"">Yelp</a>","<a href=""https://www.tripadvisor.com/Restaurant_Review-g1937720-d7332877"">TripAdvisor</a>","<a href=""https://untappd.com/brewery/33883"">Untappd</a>"
2023,Traditional Cider - Méthode Traditionnelle (Disgorged),Yallingup Cider Co.,Heritage Apple Cider,🥉 Bronze,80.5,Active,Western Australia,Australia,"<a href=""https://www.yallingupciderco.com.au/"">Website</a>",,"<a href=""https://www.instagram.com/yallingupciderco/"">Instagram</a>",,,,
2023,Traditional Cider - Méthode Traditionnelle (Disgorged),Carmel Cider Co.,Heritage,🥉 Bronze,80,Active,Western Australia,Australia,"<a href=""https://carmelcider.com.au/"">Website</a>",,"<a href=""https://www.instagram.com/carmel_cider"">Instagram</a>","<a href=""https://maps.google.com/?cid=9888810503901269588"">Google</a>",,,"<a href=""https://untappd.com/CarmelCiderCompany"">Untappd</a>"
2023,Traditional Cider - Méthode Traditionnelle (Disgorged),Captains Creek,Sparkling Organic Cider,🥉 Bronze,78,Active,Victoria,Australia,"<a href=""https://www.captainscreek.com/"">Website</a>","<a href=""https://www.facebook.com/CaptainsCreekOrganicWines"">Facebook</a>","<a href=""https://www.instagram.com/captainscreekwinery"">Instagram</a>","<a href=""https://maps.google.com/?cid=5345523854642937105"">Google</a>",,"<a href=""https://www.tripadvisor.com/Attraction_Review-g2275855-d2249819"">TripAdvisor</a>","<a href=""https://untappd.com/w/captain-s-creek/77455"">Untappd</a>"
2023,Apple and Pear Blends,DV Cider House,Pulp Friction,🥈 Silver,87,Active,Victoria,Australia,"<a href=""https://dvcider.com.au/"">Website</a>","<a href=""https://www.facebook.com/darraweitvalleycider/"">Facebook</a>","<a href=""https://www.instagram.com/dvcider/"">Instagram</a>","<a href=""https://maps.google.com/?cid=9100243841087380471"">Google</a>",,"<a href=""https://www.tripadvisor.com/Attraction_Review-g27087874-d21406538"">TripAdvisor</a>","<a href=""https://untappd.com/DarraweitValleyCider"">Untappd</a>"
2023,Apple and Pear Blends,Lenswood Cider Co.,Apple/Pear Cider,🥈 Silver,85,Active,South Australia,Australia,"<a href=""https://www.lenswoodciderco.com.au/"">Website</a>","<a href=""https://www.facebook.com/lenswoodciderco"">Facebook</a>","<a href=""https://www.instagram.com/lenswoodciderco/"">Instagram</a>",,,,"<a href=""https://untappd.com/w/lenswood-cider-co/472218"">Untappd</a>"
2023,Apple and Pear Blends,Mock Red Hill,Pear Cider,🥈 Silver,85,Active,Victoria,Australia,"<a href=""https://www.mockredhill.com.au/"">Website</a>","<a href=""https://www.facebook.com/pages/Mock-Red-Hill/181240308586996"">Facebook</a>","<a href=""https://www.instagram.com/mockredhill/"">Instagram</a>","<a href=""https://maps.google.com/?cid=10552205982251777171"">Google</a>","<a href=""https://www.yelp.com/biz/mock-orchards-red-hill"">Yelp</a>","<a href=""https://www.tripadvisor.com/Restaurant_Review-g552249-d9793363"">TripAdvisor</a>","<a href=""https://untappd.com/brewery/28770"">Untappd</a>"
2023,Apple and Pear Blends,Lobo Cider,Apple and Pear,🥉 Bronze,82.5,Active,South Australia,Australia,"<a href=""https://www.lobocider.com.au/"">Website</a>","<a href=""https://www.facebook.com/LOBOcider/"">Facebook</a>","<a href=""https://www.instagram.com/lobocider"">Instagram</a>",,,,"<a href=""https://untappd.com/brewery/8446"">Untappd</a>"
2023,Apple and Pear Blends,Barossa Cider Co.,Squashed Cloudy Cider,🥉 Bronze,82,Active,South Australia,Australia,"<a href=""https://barossavalleyciderco.com/"">Website</a>","<a href=""https://www.facebook.com/barossacider/"">Facebook</a>","<a href=""https://www.instagram.com/barossacider.co/"">Instagram</a>",,,,"<a href=""https://untappd.com/TheBarossaValleyCiderCo"">Untappd</a>"
2023,Apple and Pear Blends,Bruny Island Cider,Bruny Island Apple & Pear Cider,🥉 Bronze,77.5,Active,Tasmania,Australia,"<a href=""https://www.brunyisland.com/catalogue/bruny-island-cider/"">Website</a>","<a href=""https://www.facebook.com/BrunyIslandCider/"">Facebook</a>","<a href=""https://www.instagram.com/brunyislandcider/"">Instagram</a>",,,,"<a href=""https://untappd.com/w/bruny-island-cider/235917"">Untappd</a>"
2023,New World Perry - Dry,Grand Ridge Brewery,Twisted Sister Pear Cider,🥈 Silver,85,Active,Victoria,Australia,,"<a href=""https://www.facebook.com/grandridgebrewery"">Facebook</a>","<a href=""https://www.instagram.com/grandridgebeer/"">Instagram</a>","<a href=""https://maps.google.com/?cid=8403918293255045179"">Google</a>","<a href=""https://www.yelp.com/biz/grand-ridge-brewery-mirboo-north-2"">Yelp</a>","<a href=""https://www.tripadvisor.com/Restaurant_Review-g552213-d4791367"">TripAdvisor</a>","<a href=""https://untappd.com/GrandRidgeBrewery"">Untappd</a>"
2023,New World Perry - Medium,Napoleone Cider,Napoleone Pear Cider,🥇 Gold,93,Active,Victoria,Australia,"<a href=""https://napoleone.com.au/"">Website</a>","<a href=""https://www.facebook.com/napoleoneorchardbar"">Facebook</a>","<a href=""https://www.instagram.com/napoleonecider"">Instagram</a>","<a href=""https://maps.google.com/?cid=3472985488113617215"">Google</a>","<a href=""https://www.yelp.com/biz/napoleone-brewery-and-ciderhouse-coldstream"">Yelp</a>","<a href=""https://www.tripadvisor.com/Attraction_Review-g1205102-d7980976"">TripAdvisor</a>","<a href=""https://untappd.com/brewery/3800"">Untappd</a>"
2023,New World Perry - Medium,Flying Brick Cider,Pear Cider,🥈 Silver,87,Active,Victoria,Australia,"<a href=""https://flyingbrickciderco.com.au/"">Website</a>","<a href=""https://www.facebook.com/flyingbrickciderco"">Facebook</a>","<a href=""https://www.instagram.com/flyingbrickciderco/"">Instagram</a>","<a href=""https://maps.google.com/?cid=413601929230884265"">Google</a>","<a href=""https://www.yelp.com/biz/flying-brick-cider-co-wallington-2"">Yelp</a>","<a href=""https://www.tripadvisor.com/Restaurant_Review-g1937720-d7332877"">TripAdvisor</a>","<a href=""https://untappd.com/brewery/33883"">Untappd</a>"
2023,New World Perry - Medium,The Hills Cider Company,Pear,🥈 Silver,87,Active,South Australia,Australia,,"<a href=""https://www.facebook.com/thehillscidercompany"">Facebook</a>","<a href=""https://www.instagram.com/thehillscidercompany/"">Instagram</a>","<a href=""https://maps.google.com/?cid=40048064327732560"">Google</a>",,,"<a href=""https://untappd.com/thehillscidercompany"">Untappd</a>"
2023,New World Perry - Medium,Bilpin Cider,Bilpin Pear Cider,🥉 Bronze,82,Active,New South Wales,Australia,"<a href=""https://bilpincider.com/"">Website</a>","<a href=""https://www.facebook.com/bilpincider"">Facebook</a>","<a href=""https://www.instagram.com/bilpincider/"">Instagram</a>","<a href=""https://maps.google.com/?cid=1982319036704250930"">Google</a>",,"<a href=""https://www.tripadvisor.com/Attraction_Review-g1093762-d10065632"">TripAdvisor</a>","<a href=""https://untappd.com/brewery/18734"">Untappd</a>"
2023,New World Perry - Medium Sweet,Eddies Cider,Smooth Pear,🥉 Bronze,83.5,Active,Victoria,Australia,"<a href=""https://www.eddiescider.com.au/"">Website</a>","<a href=""https://www.facebook.com/EddiesCider/"">Facebook</a>","<a href=""https://www.instagram.com/eddies_organic_cider/"">Instagram</a>",,,,"<a href=""https://untappd.com/w/eddies-cider/424405"">Untappd</a>"
2023,New World Perry - Medium Sweet,Barossa Cider Co.,Squashed Pear Cider,🥉 Bronze,82.5,Active,South Australia,Australia,"<a href=""https://barossavalleyciderco.com/"">Website</a>","<a href=""https://www.facebook.com/barossacider/"">Facebook</a>","<a href=""https://www.instagram.com/barossacider.co/"">Instagram</a>",,,,"<a href=""https://untappd.com/TheBarossaValleyCiderCo"">Untappd</a>"
2023,New World Perry - Sweet,Frank's Cider,Summer Pear,🥉 Bronze,81.5,Active,Tasmania,Australia,"<a href=""https://www.frankscider.com.au/"">Website</a>","<a href=""https://www.facebook.com/FranksCider"">Facebook</a>","<a href=""https://www.instagram.com/frankscider/"">Instagram</a>","<a href=""https://maps.google.com/?cid=12281895632138757991"">Google</a>","<a href=""https://www.yelp.com/biz/franks-cider-bar-and-cafe-franklin"">Yelp</a>","<a href=""https://www.tripadvisor.com/Restaurant_Review-g504298-d7270183"">TripAdvisor</a>","<a href=""https://untappd.com/brewery/66943"">Untappd</a>"
2023,New World Perry - Méthode Traditionnelle (Disgorged),St Ronan's Cider,Methode Trdditionelle Pear Cider,🥈 Silver,85.5,Active,Victoria,Australia,"<a href=""https://stronanscider.com.au/"">Website</a>","<a href=""https://www.facebook.com/StRonansCider"">Facebook</a>","<a href=""https://www.instagram.com/st_ronans_cider/"">Instagram</a>","<a href=""https://maps.google.com/?cid=1347860416011573691"">Google</a>",,,"<a href=""https://untappd.com/StRonansCider"">Untappd</a>"
2023,New World Perry - Méthode Traditionnelle (Disgorged),Carmel Cider Co.,Pear 21,🥉 Bronze,80.5,Active,Western Australia,Australia,"<a href=""https://carmelcider.com.au/"">Website</a>",,"<a href=""https://www.instagram.com/carmel_cider"">Instagram</a>","<a href=""https://maps.google.com/?cid=9888810503901269588"">Google</a>",,,"<a href=""https://untappd.com/CarmelCiderCompany"">Untappd</a>"
2023,Traditional Perry - Dry,Hart's Farm,Pear Cider,🥉 Bronze,83,Active,Victoria,Australia,"<a href=""https://www.hartsfarm.com.au/"">Website</a>","<a href=""https://www.facebook.com/Hartsfarm.morningtonpeninsula"">Facebook</a>","<a href=""https://www.instagram.com/hartsfarm"">Instagram</a>","<a href=""https://maps.google.com/?cid=10474103931088012940"">Google</a>",,"<a href=""https://www.tripadvisor.com/Attraction_Review-g552256-d2477464"">TripAdvisor</a>","<a href=""https://untappd.com/w/hart-s-farm/278622"">Untappd</a>"
2023,Experimental Cider or Perry,Carmel Cider Co.,Apple Pie Moonshine,🥈 Silver,90,Active,Western Australia,Australia,"<a href=""https://carmelcider.com.au/"">Website</a>",,"<a href=""https://www.instagram.com/carmel_cider"">Instagram</a>","<a href=""https://maps.google.com/?cid=9888810503901269588"">Google</a>",,,"<a href=""https://untappd.com/CarmelCiderCompany"">Untappd</a>"
2023,Experimental Cider or Perry,Napoleone Cider,Louis Rosé Cider,🥈 Silver,86,Active,Victoria,Australia,"<a href=""https://napoleone.com.au/"">Website</a>","<a href=""https://www.facebook.com/napoleoneorchardbar"">Facebook</a>","<a href=""https://www.instagram.com/napoleonecider"">Instagram</a>","<a href=""https://maps.google.com/?cid=3472985488113617215"">Google</a>","<a href=""https://www.yelp.com/biz/napoleone-brewery-and-ciderhouse-coldstream"">Yelp</a>","<a href=""https://www.tripadvisor.com/Attraction_Review-g1205102-d7980976"">TripAdvisor</a>","<a href=""https://untappd.com/brewery/3800"">Untappd</a>"
2023,Experimental Cider or Perry,Sydney Brewery,Agave Ginger Cider,🥉 Bronze,80,Active,New South Wales,Australia,"<a href=""https://sydneybrewery.com/"">Website</a>","<a href=""https://www.facebook.com/SydneyBrewery/"">Facebook</a>","<a href=""https://www.instagram.com/sydneybrewery/"">Instagram</a>","<a href=""https://maps.google.com/?cid=6674617705014025022"">Google</a>",,"<a href=""https://www.tripadvisor.com/Restaurant_Review-g23197656-d15602287"">TripAdvisor</a>","<a href=""https://untappd.com/SydneyBrewhouse"">Untappd</a>"
2023,Experimental Cider or Perry,Rebel Cider,Forbidden Apple Cherry Sour,🥉 Bronze,80,Active,Victoria,Australia,,"<a href=""https://www.facebook.com/profile.php?id=100080154523886"">Facebook</a>","<a href=""https://www.instagram.com/rebel.cider/"">Instagram</a>",,,,
2023,Experimental Cider or Perry,Flying Brick Cider,Pachinga,🥉 Bronze,79.5,Active,Victoria,Australia,"<a href=""https://flyingbrickciderco.com.au/"">Website</a>","<a href=""https://www.facebook.com/flyingbrickciderco"">Facebook</a>","<a href=""https://www.instagram.com/flyingbrickciderco/"">Instagram</a>","<a href=""https://maps.google.com/?cid=413601929230884265"">Google</a>","<a href=""https://www.yelp.com/biz/flying-brick-cider-co-wallington-2"">Yelp</a>","<a href=""https://www.tripadvisor.com/Restaurant_Review-g1937720-d7332877"">TripAdvisor</a>","<a href=""https://untappd.com/brewery/33883"">Untappd</a>"
2023,Experimental Cider or Perry,DV Cider House,Calamansi Cider Crush,🥉 Bronze,78.5,Active,Victoria,Australia,"<a href=""https://dvcider.com.au/"">Website</a>","<a href=""https://www.facebook.com/darraweitvalleycider/"">Facebook</a>","<a href=""https://www.instagram.com/dvcider/"">Instagram</a>","<a href=""https://maps.google.com/?cid=9100243841087380471"">Google</a>",,"<a href=""https://www.tripadvisor.com/Attraction_Review-g27087874-d21406538"">TripAdvisor</a>","<a href=""https://untappd.com/DarraweitValleyCider"">Untappd</a>"
2023,No/Low Alcohol Cider or Perry,Bilpin Cider,Bilpin Non Alc Apple & Ginger,🥈 Silver,87,Active,New South Wales,Australia,"<a href=""https://bilpincider.com/"">Website</a>","<a href=""https://www.facebook.com/bilpincider"">Facebook</a>","<a href=""https://www.instagram.com/bilpincider/"">Instagram</a>","<a href=""https://maps.google.com/?cid=1982319036704250930"">Google</a>",,"<a href=""https://www.tripadvisor.com/Attraction_Review-g1093762-d10065632"">TripAdvisor</a>","<a href=""https://untappd.com/brewery/18734"">Untappd</a>"
2023,No/Low Alcohol Cider or Perry,Bilpin Cider,Bilpin Non Alc Apple & Blood Orange,🥉 Bronze,83,Active,New South Wales,Australia,"<a href=""https://bilpincider.com/"">Website</a>","<a href=""https://www.facebook.com/bilpincider"">Facebook</a>","<a href=""https://www.instagram.com/bilpincider/"">Instagram</a>","<a href=""https://maps.google.com/?cid=1982319036704250930"">Google</a>",,"<a href=""https://www.tripadvisor.com/Attraction_Review-g1093762-d10065632"">TripAdvisor</a>","<a href=""https://untappd.com/brewery/18734"">Untappd</a>"
2023,No/Low Alcohol Cider or Perry,Carmel Cider Co.,Virgin,🥉 Bronze,83,Active,Western Australia,Australia,"<a href=""https://carmelcider.com.au/"">Website</a>",,"<a href=""https://www.instagram.com/carmel_cider"">Instagram</a>","<a href=""https://maps.google.com/?cid=9888810503901269588"">Google</a>",,,"<a href=""https://untappd.com/CarmelCiderCompany"">Untappd</a>"
2023,No/Low Alcohol Cider or Perry,Zeffer,0% Passionfruit infused Cider,🥉 Bronze,82,Active,Hawke's Bay,New Zealand,"<a href=""https://zeffer.co.nz/"">Website</a>","<a href=""https://www.facebook.com/zefferdrinks/"">Facebook</a>","<a href=""https://www.instagram.com/zefferdrinks/"">Instagram</a>","<a href=""https://maps.google.com/?cid=13931145990495161499"">Google</a>",,"<a href=""https://www.tripadvisor.com/Attraction_Review-g255680-d15328989"">TripAdvisor</a>","<a href=""https://untappd.com/Zeffer"">Untappd</a>"
2023,No/Low Alcohol Cider or Perry,Hillbilly Cider,Non Alc Apple,🥉 Bronze,81.5,Active,New South Wales,Australia,"<a href=""https://hillbillycider.com.au/"">Website</a>","<a href=""https://www.facebook.com/HillbillyCider/"">Facebook</a>","<a href=""https://www.instagram.com/hillbillycider/"">Instagram</a>","<a href=""https://maps.google.com/?cid=904695025997043027"">Google</a>",,"<a href=""https://www.tripadvisor.com/Attraction_Review-g1093762-d12290596"">TripAdvisor</a>","<a href=""https://untappd.com/w/hillbilly-harvest-co/44163"">Untappd</a>"
2023,No/Low Alcohol Cider or Perry,The Hills Cider Company,Non Alcoholic Apple,🥉 Bronze,81,Active,South Australia,Australia,,"<a href=""https://www.facebook.com/thehillscidercompany"">Facebook</a>","<a href=""https://www.instagram.com/thehillscidercompany/"">Instagram</a>","<a href=""https://maps.google.com/?cid=40048064327732560"">Google</a>",,,"<a href=""https://untappd.com/thehillscidercompany"">Untappd</a>"
2023,No/Low Alcohol Cider or Perry,Small Acres Cyder,Golden Knot Apple and Pear Non Alcoholic Cider,🥉 Bronze,80.5,Active,New South Wales,Australia,"<a href=""https://www.smallacrescyder.com.au/"">Website</a>","<a href=""https://www.facebook.com/SmallAcresCyder"">Facebook</a>","<a href=""https://www.instagram.com/smallacrescyder"">Instagram</a>","<a href=""https://maps.google.com/?cid=1497457670374953580"">Google</a>",,"<a href=""https://www.tripadvisor.com/Attraction_Review-g2642455-d5991203"">TripAdvisor</a>","<a href=""https://untappd.com/brewery/14584"">Untappd</a>"
2023,No/Low Alcohol Cider or Perry,Willie Smith's,Non-Alc Apple Cider,🥉 Bronze,79,Active,Tasmania,Australia,"<a href=""https://www.williesmiths.com.au/"">Website</a>","<a href=""https://www.facebook.com/pages/Willie-Smiths-Organic-Cider/260319247336198"">Facebook</a>","<a href=""https://www.instagram.com/williesmithscider/"">Instagram</a>","<a href=""https://maps.google.com/?cid=16057012530083496420"">Google</a>","<a href=""https://www.yelp.com/biz/willie-smith-s-apple-shed-grove"">Yelp</a>","<a href=""https://www.tripadvisor.com/Restaurant_Review-g1175547-d7911074"">TripAdvisor</a>","<a href=""https://untappd.com/WilliamSmithandSons"">Untappd</a>"
2023,No/Low Alcohol Cider or Perry,Spreyton Cider Co.,Non-Alcoholic Cider,🥉 Bronze,78,Active,Tasmania,Australia,"<a href=""https://www.spreytonciderco.com.au/"">Website</a>","<a href=""https://www.facebook.com/SpreytonCiderCo"">Facebook</a>","<a href=""https://www.instagram.com/spreytonciderco/"">Instagram</a>","<a href=""https://maps.google.com/?cid=4719454766033276507"">Google</a>","<a href=""https://www.yelp.com/biz/spreyton-cider-co-spreyton-2"">Yelp</a>","<a href=""https://www.tripadvisor.com/Attraction_Review-g504292-d3738226"">TripAdvisor</a>","<a href=""https://untappd.com/SpreytonCiderCo"">Untappd</a>"
2023,No/Low Alcohol Cider or Perry,Hillbilly Cider,Ginger,🥉 Bronze,77.5,Active,New South Wales,Australia,"<a href=""https://hillbillycider.com.au/"">Website</a>","<a href=""https://www.facebook.com/HillbillyCider/"">Facebook</a>","<a href=""https://www.instagram.com/hillbillycider/"">Instagram</a>","<a href=""https://maps.google.com/?cid=904695025997043027"">Google</a>",,"<a href=""https://www.tripadvisor.com/Attraction_Review-g1093762-d12290596"">TripAdvisor</a>","<a href=""https://untappd.com/w/hillbilly-harvest-co/44163"">Untappd</a>"
2023,Cider or Perry with Fruit,Plenty Cider,Apple + Blueberry,🥇 Gold,95,Active,Tasmania,Australia,"<a href=""https://www.plentycider.com.au/"">Website</a>","<a href=""https://www.facebook.com/plentycider/"">Facebook</a>","<a href=""https://www.instagram.com/plentycider/"">Instagram</a>","<a href=""https://maps.google.com/?cid=108618394510087143"">Google</a>",,,"<a href=""https://untappd.com/w/plenty-cider/454183"">Untappd</a>"
2023,Cider or Perry with Fruit,Flying Brick Cider,Pango,🥈 Silver,90,Active,Victoria,Australia,"<a href=""https://flyingbrickciderco.com.au/"">Website</a>","<a href=""https://www.facebook.com/flyingbrickciderco"">Facebook</a>","<a href=""https://www.instagram.com/flyingbrickciderco/"">Instagram</a>","<a href=""https://maps.google.com/?cid=413601929230884265"">Google</a>","<a href=""https://www.yelp.com/biz/flying-brick-cider-co-wallington-2"">Yelp</a>","<a href=""https://www.tripadvisor.com/Restaurant_Review-g1937720-d7332877"">TripAdvisor</a>","<a href=""https://untappd.com/brewery/33883"">Untappd</a>"
2023,Cider or Perry with Fruit,Monkey Rock Winery & Cider,Blackcurrant Cider,🥈 Silver,87.5,Active,Western Australia,Australia,"<a href=""https://www.monkeyrockwinery.com.au/"">Website</a>","<a href=""https://www.facebook.com/monkeyrockwinerydenmarkWA"">Facebook</a>","<a href=""https://www.instagram.com/monkeyrockwineryandcider/"">Instagram</a>","<a href=""https://maps.google.com/?cid=4216191327395483874"">Google</a>",,"<a href=""https://www.tripadvisor.com/Attraction_Review-g488338-d18942597"">TripAdvisor</a>","<a href=""https://untappd.com/w/monkey-rock-cider/488303"">Untappd</a>"
2023,Cider or Perry with Fruit,Monkey Rock Winery & Cider,Passionfruit Cider,🥈 Silver,86,Active,Western Australia,Australia,"<a href=""https://www.monkeyrockwinery.com.au/"">Website</a>","<a href=""https://www.facebook.com/monkeyrockwinerydenmarkWA"">Facebook</a>","<a href=""https://www.instagram.com/monkeyrockwineryandcider/"">Instagram</a>","<a href=""https://maps.google.com/?cid=4216191327395483874"">Google</a>",,"<a href=""https://www.tripadvisor.com/Attraction_Review-g488338-d18942597"">TripAdvisor</a>","<a href=""https://untappd.com/w/monkey-rock-cider/488303"">Untappd</a>"
2023,Cider or Perry with Fruit,Spreyton Cider Co.,Sour Cherry Cider,🥉 Bronze,84.5,Active,Tasmania,Australia,"<a href=""https://www.spreytonciderco.com.au/"">Website</a>","<a href=""https://www.facebook.com/SpreytonCiderCo"">Facebook</a>","<a href=""https://www.instagram.com/spreytonciderco/"">Instagram</a>","<a href=""https://maps.google.com/?cid=4719454766033276507"">Google</a>","<a href=""https://www.yelp.com/biz/spreyton-cider-co-spreyton-2"">Yelp</a>","<a href=""https://www.tripadvisor.com/Attraction_Review-g504292-d3738226"">TripAdvisor</a>","<a href=""https://untappd.com/SpreytonCiderCo"">Untappd</a>"
2023,Cider or Perry with Fruit,Spreyton Cider Co.,Apple & Raspberry Cider,🥉 Bronze,84,Active,Tasmania,Australia,"<a href=""https://www.spreytonciderco.com.au/"">Website</a>","<a href=""https://www.facebook.com/SpreytonCiderCo"">Facebook</a>","<a href=""https://www.instagram.com/spreytonciderco/"">Instagram</a>","<a href=""https://maps.google.com/?cid=4719454766033276507"">Google</a>","<a href=""https://www.yelp.com/biz/spreyton-cider-co-spreyton-2"">Yelp</a>","<a href=""https://www.tripadvisor.com/Attraction_Review-g504292-d3738226"">TripAdvisor</a>","<a href=""https://untappd.com/SpreytonCiderCo"">Untappd</a>"
2023,Cider or Perry with Fruit,Plenty Cider,Apple + Strawberry,🥉 Bronze,83,Active,Tasmania,Australia,"<a href=""https://www.plentycider.com.au/"">Website</a>","<a href=""https://www.facebook.com/plentycider/"">Facebook</a>","<a href=""https://www.instagram.com/plentycider/"">Instagram</a>","<a href=""https://maps.google.com/?cid=108618394510087143"">Google</a>",,,"<a href=""https://untappd.com/w/plenty-cider/454183"">Untappd</a>"
2023,Cider or Perry with Fruit,Flying Brick Cider,Splicer,🥉 Bronze,82,Active,Victoria,Australia,"<a href=""https://flyingbrickciderco.com.au/"">Website</a>","<a href=""https://www.facebook.com/flyingbrickciderco"">Facebook</a>","<a href=""https://www.instagram.com/flyingbrickciderco/"">Instagram</a>","<a href=""https://maps.google.com/?cid=413601929230884265"">Google</a>","<a href=""https://www.yelp.com/biz/flying-brick-cider-co-wallington-2"">Yelp</a>","<a href=""https://www.tripadvisor.com/Restaurant_Review-g1937720-d7332877"">TripAdvisor</a>","<a href=""https://untappd.com/brewery/33883"">Untappd</a>"
2023,Cider or Perry with Fruit,Frank's Cider,Raspberry Pear,🥉 Bronze,81,Active,Tasmania,Australia,"<a href=""https://www.frankscider.com.au/"">Website</a>","<a href=""https://www.facebook.com/FranksCider"">Facebook</a>","<a href=""https://www.instagram.com/frankscider/"">Instagram</a>","<a href=""https://maps.google.com/?cid=12281895632138757991"">Google</a>","<a href=""https://www.yelp.com/biz/franks-cider-bar-and-cafe-franklin"">Yelp</a>","<a href=""https://www.tripadvisor.com/Restaurant_Review-g504298-d7270183"">TripAdvisor</a>","<a href=""https://untappd.com/brewery/66943"">Untappd</a>"
2023,Cider or Perry with Fruit,Monkey Rock Winery & Cider,Pineapple Cider,🥉 Bronze,81,Active,Western Australia,Australia,"<a href=""https://www.monkeyrockwinery.com.au/"">Website</a>","<a href=""https://www.facebook.com/monkeyrockwinerydenmarkWA"">Facebook</a>","<a href=""https://www.instagram.com/monkeyrockwineryandcider/"">Instagram</a>","<a href=""https://maps.google.com/?cid=4216191327395483874"">Google</a>",,"<a href=""https://www.tripadvisor.com/Attraction_Review-g488338-d18942597"">TripAdvisor</a>","<a href=""https://untappd.com/w/monkey-rock-cider/488303"">Untappd</a>"
2023,Cider or Perry with Fruit,Plenty Cider,Apple + Quince,🥉 Bronze,81,Active,Tasmania,Australia,"<a href=""https://www.plentycider.com.au/"">Website</a>","<a href=""https://www.facebook.com/plentycider/"">Facebook</a>","<a href=""https://www.instagram.com/plentycider/"">Instagram</a>","<a href=""https://maps.google.com/?cid=108618394510087143"">Google</a>",,,"<a href=""https://untappd.com/w/plenty-cider/454183"">Untappd</a>"
2023,Cider or Perry with Fruit,Hillbilly Cider,Summer,🥉 Bronze,78.5,Active,New South Wales,Australia,"<a href=""https://hillbillycider.com.au/"">Website</a>","<a href=""https://www.facebook.com/HillbillyCider/"">Facebook</a>","<a href=""https://www.instagram.com/hillbillycider/"">Instagram</a>","<a href=""https://maps.google.com/?cid=904695025997043027"">Google</a>",,"<a href=""https://www.tripadvisor.com/Attraction_Review-g1093762-d12290596"">TripAdvisor</a>","<a href=""https://untappd.com/w/hillbilly-harvest-co/44163"">Untappd</a>"
2023,Cider or Perry with Fruit,Flying Brick Cider,RasPerry,🥉 Bronze,78,Active,Victoria,Australia,"<a href=""https://flyingbrickciderco.com.au/"">Website</a>","<a href=""https://www.facebook.com/flyingbrickciderco"">Facebook</a>","<a href=""https://www.instagram.com/flyingbrickciderco/"">Instagram</a>","<a href=""https://maps.google.com/?cid=413601929230884265"">Google</a>","<a href=""https://www.yelp.com/biz/flying-brick-cider-co-wallington-2"">Yelp</a>","<a href=""https://www.tripadvisor.com/Restaurant_Review-g1937720-d7332877"">TripAdvisor</a>","<a href=""https://untappd.com/brewery/33883"">Untappd</a>"
2023,Cider or Perry with Fruit,Plenty Cider,Apple + Cherry,🥉 Bronze,78,Active,Tasmania,Australia,"<a href=""https://www.plentycider.com.au/"">Website</a>","<a href=""https://www.facebook.com/plentycider/"">Facebook</a>","<a href=""https://www.instagram.com/plentycider/"">Instagram</a>","<a href=""https://maps.google.com/?cid=108618394510087143"">Google</a>",,,"<a href=""https://untappd.com/w/plenty-cider/454183"">Untappd</a>"
2023,Lighter Strength Cider or Perry,PRAH,Wild Red,🥈 Silver,86.5,Active,Tasmania,Australia,"<a href=""https://www.prah.au/"">Website</a>",,"<a href=""https://www.instagram.com/prah.au/"">Instagram</a>",,,,
2023,Lighter Strength Cider or Perry,Darkes Cider,Perry,🥉 Bronze,81,Active,New South Wales,Australia,"<a href=""https://www.darkes.com.au/"">Website</a>","<a href=""https://www.facebook.com/DarkesCider"">Facebook</a>","<a href=""https://www.instagram.com/darkescider/"">Instagram</a>","<a href=""https://maps.google.com/?cid=9016868264603406991"">Google</a>",,"<a href=""https://www.tripadvisor.com/Attraction_Review-g7786462-d7786279"">TripAdvisor</a>","<a href=""https://untappd.com/w/darkes-cider/93421"">Untappd</a>"
2023,Lighter Strength Cider or Perry,St Ronan's Cider,Apple and Pear Mid,🥉 Bronze,77.5,Active,Victoria,Australia,"<a href=""https://stronanscider.com.au/"">Website</a>","<a href=""https://www.facebook.com/StRonansCider"">Facebook</a>","<a href=""https://www.instagram.com/st_ronans_cider/"">Instagram</a>","<a href=""https://maps.google.com/?cid=1347860416011573691"">Google</a>",,,"<a href=""https://untappd.com/StRonansCider"">Untappd</a>"
2023,Cider or Perry with Botanicals,DV Cider House,Roadknight,🥇 Gold,93,Active,Victoria,Australia,"<a href=""https://dvcider.com.au/"">Website</a>","<a href=""https://www.facebook.com/darraweitvalleycider/"">Facebook</a>","<a href=""https://www.instagram.com/dvcider/"">Instagram</a>","<a href=""https://maps.google.com/?cid=9100243841087380471"">Google</a>",,"<a href=""https://www.tripadvisor.com/Attraction_Review-g27087874-d21406538"">TripAdvisor</a>","<a href=""https://untappd.com/DarraweitValleyCider"">Untappd</a>"
2023,Cider or Perry with Botanicals,Spreyton Cider Co.,Spiced Pear Cider,🥈 Silver,88,Active,Tasmania,Australia,"<a href=""https://www.spreytonciderco.com.au/"">Website</a>","<a href=""https://www.facebook.com/SpreytonCiderCo"">Facebook</a>","<a href=""https://www.instagram.com/spreytonciderco/"">Instagram</a>","<a href=""https://maps.google.com/?cid=4719454766033276507"">Google</a>","<a href=""https://www.yelp.com/biz/spreyton-cider-co-spreyton-2"">Yelp</a>","<a href=""https://www.tripadvisor.com/Attraction_Review-g504292-d3738226"">TripAdvisor</a>","<a href=""https://untappd.com/SpreytonCiderCo"">Untappd</a>"
2023,Cider or Perry with Botanicals,Crafty Cider,Ole Ginger,🥈 Silver,86,Active,New South Wales,Australia,"<a href=""https://www.craftycider.com.au/"">Website</a>","<a href=""https://www.facebook.com/craftyciderbatlow"">Facebook</a>","<a href=""https://www.instagram.com/craftyciderbatlow/"">Instagram</a>","<a href=""https://maps.google.com/?cid=15536909893508302345"">Google</a>",,,"<a href=""https://untappd.com/w/crafty-cider/460789"">Untappd</a>"
2023,Cider or Perry with Botanicals,DV Cider House,Hop Drop,🥉 Bronze,82,Active,Victoria,Australia,"<a href=""https://dvcider.com.au/"">Website</a>","<a href=""https://www.facebook.com/darraweitvalleycider/"">Facebook</a>","<a href=""https://www.instagram.com/dvcider/"">Instagram</a>","<a href=""https://maps.google.com/?cid=9100243841087380471"">Google</a>",,"<a href=""https://www.tripadvisor.com/Attraction_Review-g27087874-d21406538"">TripAdvisor</a>","<a href=""https://untappd.com/DarraweitValleyCider"">Untappd</a>"
2023,Cider or Perry with Botanicals,Monkey Rock Winery & Cider,Hawaiian Dayz Cider,🥉 Bronze,80.5,Active,Western Australia,Australia,"<a href=""https://www.monkeyrockwinery.com.au/"">Website</a>","<a href=""https://www.facebook.com/monkeyrockwinerydenmarkWA"">Facebook</a>","<a href=""https://www.instagram.com/monkeyrockwineryandcider/"">Instagram</a>","<a href=""https://maps.google.com/?cid=4216191327395483874"">Google</a>",,"<a href=""https://www.tripadvisor.com/Attraction_Review-g488338-d18942597"">TripAdvisor</a>","<a href=""https://untappd.com/w/monkey-rock-cider/488303"">Untappd</a>"
2023,Cider or Perry with Botanicals,Flying Brick Cider,Spiced Cider,🥉 Bronze,80,Active,Victoria,Australia,"<a href=""https://flyingbrickciderco.com.au/"">Website</a>","<a href=""https://www.facebook.com/flyingbrickciderco"">Facebook</a>","<a href=""https://www.instagram.com/flyingbrickciderco/"">Instagram</a>","<a href=""https://maps.google.com/?cid=413601929230884265"">Google</a>","<a href=""https://www.yelp.com/biz/flying-brick-cider-co-wallington-2"">Yelp</a>","<a href=""https://www.tripadvisor.com/Restaurant_Review-g1937720-d7332877"">TripAdvisor</a>","<a href=""https://untappd.com/brewery/33883"">Untappd</a>"
2023,Cider or Perry with Botanicals,Lenswood Cider Co.,Apple/Ginger Cider,🥉 Bronze,79.5,Active,South Australia,Australia,"<a href=""https://www.lenswoodciderco.com.au/"">Website</a>","<a href=""https://www.facebook.com/lenswoodciderco"">Facebook</a>","<a href=""https://www.instagram.com/lenswoodciderco/"">Instagram</a>",,,,"<a href=""https://untappd.com/w/lenswood-cider-co/472218"">Untappd</a>"
2023,Cider or Perry with Botanicals,Henry Street Brewhouse,Lady Of The Lake,🥉 Bronze,78.5,Inactive,Victoria,Australia,,,,,,,
2023,Cider or Perry with Botanicals,Spreyton Cider Co.,Bitter Cider,🥉 Bronze,77.5,Active,Tasmania,Australia,"<a href=""https://www.spreytonciderco.com.au/"">Website</a>","<a href=""https://www.facebook.com/SpreytonCiderCo"">Facebook</a>","<a href=""https://www.instagram.com/spreytonciderco/"">Instagram</a>","<a href=""https://maps.google.com/?cid=4719454766033276507"">Google</a>","<a href=""https://www.yelp.com/biz/spreyton-cider-co-spreyton-2"">Yelp</a>","<a href=""https://www.tripadvisor.com/Attraction_Review-g504292-d3738226"">TripAdvisor</a>","<a href=""https://untappd.com/SpreytonCiderCo"">Untappd</a>"
2023,Cider or Perry with Botanicals,The Cidery,Love Child - Ginger Cider,🥉 Bronze,77.5,Active,Western Australia,Australia,"<a href=""https://www.thecidery.com.au/"">Website</a>","<a href=""https://www.facebook.com/TheCideryBridgetown"">Facebook</a>","<a href=""https://www.instagram.com/thecidery_/"">Instagram</a>","<a href=""https://maps.google.com/?cid=5365209465918520059"">Google</a>","<a href=""https://www.yelp.com/biz/the-cidery-bridgetown"">Yelp</a>","<a href=""https://www.tripadvisor.com/Restaurant_Review-g488330-d3385747"">TripAdvisor</a>","<a href=""https://untappd.com/BlackwoodValleyBrewingCompany"">Untappd</a>"
2023,Wood Aged Cider or Perry,Willie Smith's,Brandy Barrel Aged Apple Cider,🥈 Silver,89,Active,Tasmania,Australia,"<a href=""https://www.williesmiths.com.au/"">Website</a>","<a href=""https://www.facebook.com/pages/Willie-Smiths-Organic-Cider/260319247336198"">Facebook</a>","<a href=""https://www.instagram.com/williesmithscider/"">Instagram</a>","<a href=""https://maps.google.com/?cid=16057012530083496420"">Google</a>","<a href=""https://www.yelp.com/biz/willie-smith-s-apple-shed-grove"">Yelp</a>","<a href=""https://www.tripadvisor.com/Restaurant_Review-g1175547-d7911074"">TripAdvisor</a>","<a href=""https://untappd.com/WilliamSmithandSons"">Untappd</a>"
2023,Wood Aged Cider or Perry,Hillbilly Cider,Barrel Aged Vintage,🥈 Silver,85,Active,New South Wales,Australia,"<a href=""https://hillbillycider.com.au/"">Website</a>","<a href=""https://www.facebook.com/HillbillyCider/"">Facebook</a>","<a href=""https://www.instagram.com/hillbillycider/"">Instagram</a>","<a href=""https://maps.google.com/?cid=904695025997043027"">Google</a>",,"<a href=""https://www.tripadvisor.com/Attraction_Review-g1093762-d12290596"">TripAdvisor</a>","<a href=""https://untappd.com/w/hillbilly-harvest-co/44163"">Untappd</a>"
2023,Wood Aged Cider or Perry,Funk Cider,Sweet Oaked Cider,🥉 Bronze,82,Active,Western Australia,Australia,"<a href=""https://funkdrinks.co/"">Website</a>","<a href=""https://www.facebook.com/funkdrinksco"">Facebook</a>","<a href=""https://www.instagram.com/funkdrinksco/"">Instagram</a>","<a href=""https://maps.google.com/?cid=12976653066917509642"">Google</a>",,,"<a href=""https://untappd.com/FunkCider"">Untappd</a>"
2023,Wood Aged Cider or Perry,Hillbilly Cider,Vintage Apple,🥉 Bronze,82,Active,New South Wales,Australia,"<a href=""https://hillbillycider.com.au/"">Website</a>","<a href=""https://www.facebook.com/HillbillyCider/"">Facebook</a>","<a href=""https://www.instagram.com/hillbillycider/"">Instagram</a>","<a href=""https://maps.google.com/?cid=904695025997043027"">Google</a>",,"<a href=""https://www.tripadvisor.com/Attraction_Review-g1093762-d12290596"">TripAdvisor</a>","<a href=""https://untappd.com/w/hillbilly-harvest-co/44163"">Untappd</a>"
2023,Wood Aged Cider or Perry,Sydney Brewery,Organic Oaked Cider,🥉 Bronze,78,Active,New South Wales,Australia,"<a href=""https://sydneybrewery.com/"">Website</a>","<a href=""https://www.facebook.com/SydneyBrewery/"">Facebook</a>","<a href=""https://www.instagram.com/sydneybrewery/"">Instagram</a>","<a href=""https://maps.google.com/?cid=6674617705014025022"">Google</a>",,"<a href=""https://www.tripadvisor.com/Restaurant_Review-g23197656-d15602287"">TripAdvisor</a>","<a href=""https://untappd.com/SydneyBrewhouse"">Untappd</a>"
2023,Pommeau,Carmel Cider Co.,Mistelle,🥈 Silver,90,Active,Western Australia,Australia,"<a href=""https://carmelcider.com.au/"">Website</a>",,"<a href=""https://www.instagram.com/carmel_cider"">Instagram</a>","<a href=""https://maps.google.com/?cid=9888810503901269588"">Google</a>",,,"<a href=""https://untappd.com/CarmelCiderCompany"">Untappd</a>"
2023,Pommeau,Willie Smith's,Pommeau,🥈 Silver,88,Active,Tasmania,Australia,"<a href=""https://www.williesmiths.com.au/"">Website</a>","<a href=""https://www.facebook.com/pages/Willie-Smiths-Organic-Cider/260319247336198"">Facebook</a>","<a href=""https://www.instagram.com/williesmithscider/"">Instagram</a>","<a href=""https://maps.google.com/?cid=16057012530083496420"">Google</a>","<a href=""https://www.yelp.com/biz/willie-smith-s-apple-shed-grove"">Yelp</a>","<a href=""https://www.tripadvisor.com/Restaurant_Review-g1175547-d7911074"">TripAdvisor</a>","<a href=""https://untappd.com/WilliamSmithandSons"">Untappd</a>"
2023,Pommeau,Small Acres Cyder,Pommeau Apple Mistelle 2021,🥈 Silver,85,Active,New South Wales,Australia,"<a href=""https://www.smallacrescyder.com.au/"">Website</a>","<a href=""https://www.facebook.com/SmallAcresCyder"">Facebook</a>","<a href=""https://www.instagram.com/smallacrescyder"">Instagram</a>","<a href=""https://maps.google.com/?cid=1497457670374953580"">Google</a>",,"<a href=""https://www.tripadvisor.com/Attraction_Review-g2642455-d5991203"">TripAdvisor</a>","<a href=""https://untappd.com/brewery/14584"">Untappd</a>"
2023,Eau de Vie (Apple or Pear Spirit),St Andrews Beach Brewery,Home Track Apple Vodka,🥈 Silver,88,Active,Victoria,Australia,"<a href=""https://standrewsbeachbrewery.com.au/"">Website</a>","<a href=""https://www.facebook.com/sab.brewery/"">Facebook</a>","<a href=""https://www.instagram.com/sab.brewery/"">Instagram</a>","<a href=""https://maps.google.com/?cid=3674219969181670288"">Google</a>","<a href=""https://www.yelp.com/biz/st-andrews-beach-brewery-fingal"">Yelp</a>","<a href=""https://www.tripadvisor.com/Restaurant_Review-g1800212-d13141758"">TripAdvisor</a>","<a href=""https://untappd.com/StAndrewsBeachBrewery"">Untappd</a>"
2023,Eau de Vie (Apple or Pear Spirit),Willie Smith's,Apple Spirit,🥉 Bronze,80,Active,Tasmania,Australia,"<a href=""https://www.williesmiths.com.au/"">Website</a>","<a href=""https://www.facebook.com/pages/Willie-Smiths-Organic-Cider/260319247336198"">Facebook</a>","<a href=""https://www.instagram.com/williesmithscider/"">Instagram</a>","<a href=""https://maps.google.com/?cid=16057012530083496420"">Google</a>","<a href=""https://www.yelp.com/biz/willie-smith-s-apple-shed-grove"">Yelp</a>","<a href=""https://www.tripadvisor.com/Restaurant_Review-g1175547-d7911074"">TripAdvisor</a>","<a href=""https://untappd.com/WilliamSmithandSons"">Untappd</a>"
2023,Eau de Vie (Apple or Pear Spirit),Lenswood Cider Co.,She’ll be Apples,🥉 Bronze,78,Active,South Australia,Australia,"<a href=""https://www.lenswoodciderco.com.au/"">Website</a>","<a href=""https://www.facebook.com/lenswoodciderco"">Facebook</a>","<a href=""https://www.instagram.com/lenswoodciderco/"">Instagram</a>",,,,"<a href=""https://untappd.com/w/lenswood-cider-co/472218"">Untappd</a>"
2023,Aged Apple or Pear Spirit,Carmel Cider Co.,Apple Brandy,🥇 Gold,93,Active,Western Australia,Australia,"<a href=""https://carmelcider.com.au/"">Website</a>",,"<a href=""https://www.instagram.com/carmel_cider"">Instagram</a>","<a href=""https://maps.google.com/?cid=9888810503901269588"">Google</a>",,,"<a href=""https://untappd.com/CarmelCiderCompany"">Untappd</a>"
2023,Aged Apple or Pear Spirit,Willie Smith's,Apple Brandy,🥈 Silver,86.5,Active,Tasmania,Australia,"<a href=""https://www.williesmiths.com.au/"">Website</a>","<a href=""https://www.facebook.com/pages/Willie-Smiths-Organic-Cider/260319247336198"">Facebook</a>","<a href=""https://www.instagram.com/williesmithscider/"">Instagram</a>","<a href=""https://maps.google.com/?cid=16057012530083496420"">Google</a>","<a href=""https://www.yelp.com/biz/willie-smith-s-apple-shed-grove"">Yelp</a>","<a href=""https://www.tripadvisor.com/Restaurant_Review-g1175547-d7911074"">TripAdvisor</a>","<a href=""https://untappd.com/WilliamSmithandSons"">Untappd</a>"
2023,Aged Apple or Pear Spirit,Lobo Cider,Apple Brandy - Lobodos,🥉 Bronze,83,Active,South Australia,Australia,"<a href=""https://www.lobocider.com.au/"">Website</a>","<a href=""https://www.facebook.com/LOBOcider/"">Facebook</a>","<a href=""https://www.instagram.com/lobocider"">Instagram</a>",,,,"<a href=""https://untappd.com/brewery/8446"">Untappd</a>"
2023,Aged Apple or Pear Spirit,Gurneys Cider,7yr Apple Brandy,🥉 Bronze,81,Active,Victoria,Australia,"<a href=""https://gurneyscider.com.au/"">Website</a>","<a href=""https://www.facebook.com/gurneyscider"">Facebook</a>","<a href=""https://www.instagram.com/gurneyscidery/"">Instagram</a>","<a href=""https://maps.google.com/?cid=17296225831182939561"">Google</a>",,"<a href=""https://www.tripadvisor.com/Attraction_Review-g552172-d15180819"">TripAdvisor</a>","<a href=""https://untappd.com/GurneysCider"">Untappd</a>"
2023,Aged Apple or Pear Spirit,Manjimup Cider Co.,Fine Apple Brandy,🥉 Bronze,81,Active,Western Australia,Australia,,"<a href=""https://www.facebook.com/giantscider/"">Facebook</a>",,,,,"<a href=""https://untappd.com/w/manjimup-cider-co/422781"">Untappd</a>"
2024,New World Cider - Dry,Incy Wincy Cyder,Huntsman 2019,🥇 Gold,94,Active,New South Wales,Australia,"<a href=""https://www.incywincycyder.com/"">Website</a>","<a href=""https://www.facebook.com/incywincycyder/"">Facebook</a>","<a href=""https://www.instagram.com/incywincycyder_orange"">Instagram</a>",,,,"<a href=""https://untappd.com/w/incy-wincy-cyder/413318"">Untappd</a>"
2024,New World Cider - Dry,Bilpin Cider,Bilpin Archibald High N Dry,🥇 Gold,92.5,Active,New South Wales,Australia,"<a href=""https://bilpincider.com/"">Website</a>","<a href=""https://www.facebook.com/bilpincider"">Facebook</a>","<a href=""https://www.instagram.com/bilpincider/"">Instagram</a>","<a href=""https://maps.google.com/?cid=1982319036704250930"">Google</a>",,"<a href=""https://www.tripadvisor.com/Attraction_Review-g1093762-d10065632"">TripAdvisor</a>","<a href=""https://untappd.com/brewery/18734"">Untappd</a>"
2024,New World Cider - Dry,Funk Drinks Co.,Juicy Cider,🥈 Silver,90,Active,Western Australia,Australia,"<a href=""https://funkdrinks.co/"">Website</a>","<a href=""https://www.facebook.com/funkdrinksco"">Facebook</a>","<a href=""https://www.instagram.com/funkdrinksco/"">Instagram</a>","<a href=""https://maps.google.com/?cid=12976653066917509642"">Google</a>",,,"<a href=""https://untappd.com/FunkCider"">Untappd</a>"
2024,New World Cider - Dry,3 Sons Cider,Not Quite Pink Lady,🥈 Silver,85.5,Active,Australian Capital Territory,Australia,"<a href=""http://www.3sonscider.com.au/"">Website</a>","<a href=""https://www.facebook.com/3SonsCider/"">Facebook</a>","<a href=""https://www.instagram.com/3sonscider/"">Instagram</a>","<a href=""https://maps.google.com/?cid=16285596579467432961"">Google</a>",,,"<a href=""https://untappd.com/3sonscider"">Untappd</a>"
2024,New World Cider - Dry,Willie Smith's,Bone Dry Apple Cider,🥉 Bronze,82.5,Active,Tasmania,Australia,"<a href=""https://www.williesmiths.com.au/"">Website</a>","<a href=""https://www.facebook.com/pages/Willie-Smiths-Organic-Cider/260319247336198"">Facebook</a>","<a href=""https://www.instagram.com/williesmithscider/"">Instagram</a>","<a href=""https://maps.google.com/?cid=16057012530083496420"">Google</a>","<a href=""https://www.yelp.com/biz/willie-smith-s-apple-shed-grove"">Yelp</a>","<a href=""https://www.tripadvisor.com/Restaurant_Review-g1175547-d7911074"">TripAdvisor</a>","<a href=""https://untappd.com/WilliamSmithandSons"">Untappd</a>"
2024,New World Cider - Dry,Incy Wincy Cyder,Huntsman 2020,🥉 Bronze,82,Active,New South Wales,Australia,"<a href=""https://www.incywincycyder.com/"">Website</a>","<a href=""https://www.facebook.com/incywincycyder/"">Facebook</a>","<a href=""https://www.instagram.com/incywincycyder_orange"">Instagram</a>",,,,"<a href=""https://untappd.com/w/incy-wincy-cyder/413318"">Untappd</a>"
2024,New World Cider - Dry,Little Green Men Brewing Co,He Who Must Not Be Named,🥉 Bronze,81,Active,Tasmania,Australia,"<a href=""https://www.littlegreenmenbrewing.com/"">Website</a>","<a href=""https://www.facebook.com/littlegreenmenbrewing"">Facebook</a>","<a href=""https://www.instagram.com/littlegreenmenbrewing"">Instagram</a>","<a href=""https://maps.google.com/?cid=4403040247038681309"">Google</a>",,"<a href=""https://www.tripadvisor.com/Restaurant_Review-g261651-d15813582"">TripAdvisor</a>","<a href=""https://untappd.com/w/little-green-men/485891"">Untappd</a>"
2024,New World Cider - Dry,Brady's Lookout Cider,Crab Apple Sturmer Blend,🥉 Bronze,80,Active,Tasmania,Australia,"<a href=""https://www.bradyslookoutcider.com.au/"">Website</a>","<a href=""https://www.facebook.com/bradyslookoutcider"">Facebook</a>","<a href=""https://www.instagram.com/bradys_lookout_cider/"">Instagram</a>","<a href=""https://maps.google.com/?cid=17861747211596541785"">Google</a>",,,"<a href=""https://untappd.com/w/brady-s-lookout/225207"">Untappd</a>"
2024,New World Cider - Medium,Plenty Cider,Original,🥇 Gold,95,Active,Tasmania,Australia,"<a href=""https://www.plentycider.com.au/"">Website</a>","<a href=""https://www.facebook.com/plentycider/"">Facebook</a>","<a href=""https://www.instagram.com/plentycider/"">Instagram</a>","<a href=""https://maps.google.com/?cid=108618394510087143"">Google</a>",,,"<a href=""https://untappd.com/w/plenty-cider/454183"">Untappd</a>"
2024,New World Cider - Medium,The Hills Cider Company,Apple,🥈 Silver,92,Active,South Australia,Australia,,"<a href=""https://www.facebook.com/thehillscidercompany"">Facebook</a>","<a href=""https://www.instagram.com/thehillscidercompany/"">Instagram</a>","<a href=""https://maps.google.com/?cid=40048064327732560"">Google</a>",,,"<a href=""https://untappd.com/thehillscidercompany"">Untappd</a>"
2024,New World Cider - Medium,Funk Drinks Co.,Perth Cider,🥈 Silver,89.5,Active,Western Australia,Australia,"<a href=""https://funkdrinks.co/"">Website</a>","<a href=""https://www.facebook.com/funkdrinksco"">Facebook</a>","<a href=""https://www.instagram.com/funkdrinksco/"">Instagram</a>","<a href=""https://maps.google.com/?cid=12976653066917509642"">Google</a>",,,"<a href=""https://untappd.com/FunkCider"">Untappd</a>"
2024,New World Cider - Medium,Small Acres Cyder,Femme Fatale 2023,🥈 Silver,85,Active,New South Wales,Australia,"<a href=""https://www.smallacrescyder.com.au/"">Website</a>","<a href=""https://www.facebook.com/SmallAcresCyder"">Facebook</a>","<a href=""https://www.instagram.com/smallacrescyder"">Instagram</a>","<a href=""https://maps.google.com/?cid=1497457670374953580"">Google</a>",,"<a href=""https://www.tripadvisor.com/Attraction_Review-g2642455-d5991203"">TripAdvisor</a>","<a href=""https://untappd.com/brewery/14584"">Untappd</a>"
2024,New World Cider - Medium,Plenty Cider,Hazy Apple,🥉 Bronze,82.5,Active,Tasmania,Australia,"<a href=""https://www.plentycider.com.au/"">Website</a>","<a href=""https://www.facebook.com/plentycider/"">Facebook</a>","<a href=""https://www.instagram.com/plentycider/"">Instagram</a>","<a href=""https://maps.google.com/?cid=108618394510087143"">Google</a>",,,"<a href=""https://untappd.com/w/plenty-cider/454183"">Untappd</a>"
2024,New World Cider - Medium,Hillbilly Cider,Scrumpy,🥉 Bronze,82,Active,New South Wales,Australia,"<a href=""https://hillbillycider.com.au/"">Website</a>","<a href=""https://www.facebook.com/HillbillyCider/"">Facebook</a>","<a href=""https://www.instagram.com/hillbillycider/"">Instagram</a>","<a href=""https://maps.google.com/?cid=904695025997043027"">Google</a>",,"<a href=""https://www.tripadvisor.com/Attraction_Review-g1093762-d12290596"">TripAdvisor</a>","<a href=""https://untappd.com/w/hillbilly-harvest-co/44163"">Untappd</a>"
2024,New World Cider - Medium,NewLeaf Orchard,Medium-Dry New World Cider,🥉 Bronze,82,Active,Western Australia,Australia,"<a href=""https://newleaforchard.com.au/"">Website</a>","<a href=""https://www.facebook.com/wildbeyondcider"">Facebook</a>",,,,,
2024,New World Cider - Medium,Lobo Cider,Cloudy,🥉 Bronze,82,Active,South Australia,Australia,"<a href=""https://www.lobocider.com.au/"">Website</a>","<a href=""https://www.facebook.com/LOBOcider/"">Facebook</a>","<a href=""https://www.instagram.com/lobocider"">Instagram</a>",,,,"<a href=""https://untappd.com/brewery/8446"">Untappd</a>"
2024,New World Cider - Medium,Sunshine Coast Cider,Sunshine Cider,🥉 Bronze,80,Active,Queensland,Australia,"<a href=""https://www.sunshinecoastcider.com.au/"">Website</a>","<a href=""https://www.facebook.com/sunshinecoastcider/"">Facebook</a>","<a href=""https://www.instagram.com/sunshinecoastcider/"">Instagram</a>","<a href=""https://maps.google.com/?cid=10163774916123498605"">Google</a>",,"<a href=""https://www.tripadvisor.com/Attraction_Review-g7815622-d21508891"">TripAdvisor</a>","<a href=""https://untappd.com/SunshineCoastCider"">Untappd</a>"
2024,New World Cider - Medium,Sidewood Estate,Sidewood Apple Cider,🥉 Bronze,79,Active,South Australia,Australia,"<a href=""https://sidewood.com.au/"">Website</a>","<a href=""https://www.facebook.com/SidewoodEstate/"">Facebook</a>","<a href=""https://www.instagram.com/sidewoodestate/"">Instagram</a>","<a href=""https://maps.google.com/?cid=16006910239256404559"">Google</a>",,"<a href=""https://www.tripadvisor.com.au/Attraction_Review-g499710-d19238424"">TripAdvisor</a>","<a href=""https://untappd.com/w/sidewood-estate/118552"">Untappd</a>"
2024,New World Cider - Medium Sweet,Hillbilly Cider,Apple,🥈 Silver,86.5,Active,New South Wales,Australia,"<a href=""https://hillbillycider.com.au/"">Website</a>","<a href=""https://www.facebook.com/HillbillyCider/"">Facebook</a>","<a href=""https://www.instagram.com/hillbillycider/"">Instagram</a>","<a href=""https://maps.google.com/?cid=904695025997043027"">Google</a>",,"<a href=""https://www.tripadvisor.com/Attraction_Review-g1093762-d12290596"">TripAdvisor</a>","<a href=""https://untappd.com/w/hillbilly-harvest-co/44163"">Untappd</a>"
2024,New World Cider - Medium Sweet,The Apple Thief,Pink Lady Cider,🥈 Silver,85,Active,New South Wales,Australia,"<a href=""https://theapplethief.com.au/"">Website</a>","<a href=""https://www.facebook.com/TheAppleThiefCiders/"">Facebook</a>","<a href=""https://www.instagram.com/theapplethiefciders/"">Instagram</a>","<a href=""https://maps.google.com/?cid=4762631239680624675"">Google</a>",,,"<a href=""https://untappd.com/brewery/21796"">Untappd</a>"
2024,New World Cider - Medium Sweet,Barossa Cider Co.,Squashed Apple Cider,🥉 Bronze,84,Active,South Australia,Australia,"<a href=""https://barossavalleyciderco.com/"">Website</a>","<a href=""https://www.facebook.com/barossacider/"">Facebook</a>","<a href=""https://www.instagram.com/barossacider.co/"">Instagram</a>",,,,"<a href=""https://untappd.com/TheBarossaValleyCiderCo"">Untappd</a>"
2024,New World Cider - Medium Sweet,NewLeaf Orchard,Medium-Sweet New World Cider,🥉 Bronze,84,Active,Western Australia,Australia,"<a href=""https://newleaforchard.com.au/"">Website</a>","<a href=""https://www.facebook.com/wildbeyondcider"">Facebook</a>",,,,,
2024,New World Cider - Medium Sweet,Sydney Brewery,Original Cider,🥉 Bronze,83.5,Active,New South Wales,Australia,"<a href=""https://sydneybrewery.com/"">Website</a>","<a href=""https://www.facebook.com/SydneyBrewery/"">Facebook</a>","<a href=""https://www.instagram.com/sydneybrewery/"">Instagram</a>","<a href=""https://maps.google.com/?cid=6674617705014025022"">Google</a>",,"<a href=""https://www.tripadvisor.com/Restaurant_Review-g23197656-d15602287"">TripAdvisor</a>","<a href=""https://untappd.com/SydneyBrewhouse"">Untappd</a>"
2024,New World Cider - Medium Sweet,Small Acres Cyder,Pomme,🥉 Bronze,83,Active,New South Wales,Australia,"<a href=""https://www.smallacrescyder.com.au/"">Website</a>","<a href=""https://www.facebook.com/SmallAcresCyder"">Facebook</a>","<a href=""https://www.instagram.com/smallacrescyder"">Instagram</a>","<a href=""https://maps.google.com/?cid=1497457670374953580"">Google</a>",,"<a href=""https://www.tripadvisor.com/Attraction_Review-g2642455-d5991203"">TripAdvisor</a>","<a href=""https://untappd.com/brewery/14584"">Untappd</a>"
2024,New World Cider - Medium Sweet,Eddies Cider,Crisp Apple,🥉 Bronze,82.5,Active,Victoria,Australia,"<a href=""https://www.eddiescider.com.au/"">Website</a>","<a href=""https://www.facebook.com/EddiesCider/"">Facebook</a>","<a href=""https://www.instagram.com/eddies_organic_cider/"">Instagram</a>",,,,"<a href=""https://untappd.com/w/eddies-cider/424405"">Untappd</a>"
2024,New World Cider - Medium Sweet,Gurneys Cider,Gold,🥉 Bronze,82.5,Active,Victoria,Australia,"<a href=""https://gurneyscider.com.au/"">Website</a>","<a href=""https://www.facebook.com/gurneyscider"">Facebook</a>","<a href=""https://www.instagram.com/gurneyscidery/"">Instagram</a>","<a href=""https://maps.google.com/?cid=17296225831182939561"">Google</a>",,"<a href=""https://www.tripadvisor.com/Attraction_Review-g552172-d15180819"">TripAdvisor</a>","<a href=""https://untappd.com/GurneysCider"">Untappd</a>"
2024,New World Cider - Medium Sweet,Spreyton Cider Co.,Apple Cider,🥉 Bronze,82.5,Active,Tasmania,Australia,"<a href=""https://www.spreytonciderco.com.au/"">Website</a>","<a href=""https://www.facebook.com/SpreytonCiderCo"">Facebook</a>","<a href=""https://www.instagram.com/spreytonciderco/"">Instagram</a>","<a href=""https://maps.google.com/?cid=4719454766033276507"">Google</a>","<a href=""https://www.yelp.com/biz/spreyton-cider-co-spreyton-2"">Yelp</a>","<a href=""https://www.tripadvisor.com/Attraction_Review-g504292-d3738226"">TripAdvisor</a>","<a href=""https://untappd.com/SpreytonCiderCo"">Untappd</a>"
2024,New World Cider - Medium Sweet,Napoleone Cider,Napoleone Apple Cider,🥉 Bronze,82,Active,Victoria,Australia,"<a href=""https://napoleone.com.au/"">Website</a>","<a href=""https://www.facebook.com/napoleoneorchardbar"">Facebook</a>","<a href=""https://www.instagram.com/napoleonecider"">Instagram</a>","<a href=""https://maps.google.com/?cid=3472985488113617215"">Google</a>","<a href=""https://www.yelp.com/biz/napoleone-brewery-and-ciderhouse-coldstream"">Yelp</a>","<a href=""https://www.tripadvisor.com/Attraction_Review-g1205102-d7980976"">TripAdvisor</a>","<a href=""https://untappd.com/brewery/3800"">Untappd</a>"
2024,New World Cider - Medium Sweet,Bruny Island Cider,Bruny Island Apple Cider,🥉 Bronze,81.5,Active,Tasmania,Australia,"<a href=""https://www.brunyisland.com/catalogue/bruny-island-cider/"">Website</a>","<a href=""https://www.facebook.com/BrunyIslandCider/"">Facebook</a>","<a href=""https://www.instagram.com/brunyislandcider/"">Instagram</a>",,,,"<a href=""https://untappd.com/w/bruny-island-cider/235917"">Untappd</a>"
2024,New World Cider - Medium Sweet,The Apple Thief,Braeburn Gala Cloudy Cider,🥉 Bronze,81,Active,New South Wales,Australia,"<a href=""https://theapplethief.com.au/"">Website</a>","<a href=""https://www.facebook.com/TheAppleThiefCiders/"">Facebook</a>","<a href=""https://www.instagram.com/theapplethiefciders/"">Instagram</a>","<a href=""https://maps.google.com/?cid=4762631239680624675"">Google</a>",,,"<a href=""https://untappd.com/brewery/21796"">Untappd</a>"
2024,New World Cider - Medium Sweet,The Cidery,Apple Pickers Cloudy Cider,🥉 Bronze,81,Active,Western Australia,Australia,"<a href=""https://www.thecidery.com.au/"">Website</a>","<a href=""https://www.facebook.com/TheCideryBridgetown"">Facebook</a>","<a href=""https://www.instagram.com/thecidery_/"">Instagram</a>","<a href=""https://maps.google.com/?cid=5365209465918520059"">Google</a>","<a href=""https://www.yelp.com/biz/the-cidery-bridgetown"">Yelp</a>","<a href=""https://www.tripadvisor.com/Restaurant_Review-g488330-d3385747"">TripAdvisor</a>","<a href=""https://untappd.com/BlackwoodValleyBrewingCompany"">Untappd</a>"
2024,New World Cider - Medium Sweet,Frank's Cider,Summer Apple,🥉 Bronze,80.5,Active,Tasmania,Australia,"<a href=""https://www.frankscider.com.au/"">Website</a>","<a href=""https://www.facebook.com/FranksCider"">Facebook</a>","<a href=""https://www.instagram.com/frankscider/"">Instagram</a>","<a href=""https://maps.google.com/?cid=12281895632138757991"">Google</a>","<a href=""https://www.yelp.com/biz/franks-cider-bar-and-cafe-franklin"">Yelp</a>","<a href=""https://www.tripadvisor.com/Restaurant_Review-g504298-d7270183"">TripAdvisor</a>","<a href=""https://untappd.com/brewery/66943"">Untappd</a>"
2024,New World Cider - Medium Sweet,"Mr Bridges ",Cloudy Apple Cider,🥉 Bronze,79.5,Active,Tasmania,Australia,"<a href=""https://mrbridges.com.au/"">Website</a>","<a href=""https://www.facebook.com/mbcider/"">Facebook</a>","<a href=""https://www.instagram.com/mbcider"">Instagram</a>",,,,"<a href=""https://untappd.com/w/mr-bridges/554227"">Untappd</a>"
2024,New World Cider - Medium Sweet,Carmel Cider Co.,Traditional,🥉 Bronze,79.5,Active,Western Australia,Australia,"<a href=""https://carmelcider.com.au/"">Website</a>",,"<a href=""https://www.instagram.com/carmel_cider"">Instagram</a>","<a href=""https://maps.google.com/?cid=9888810503901269588"">Google</a>",,,"<a href=""https://untappd.com/CarmelCiderCompany"">Untappd</a>"
2024,New World Cider - Medium Sweet,Bilpin Cider,Bilpin Original Cider,🥉 Bronze,79.5,Active,New South Wales,Australia,"<a href=""https://bilpincider.com/"">Website</a>","<a href=""https://www.facebook.com/bilpincider"">Facebook</a>","<a href=""https://www.instagram.com/bilpincider/"">Instagram</a>","<a href=""https://maps.google.com/?cid=1982319036704250930"">Google</a>",,"<a href=""https://www.tripadvisor.com/Attraction_Review-g1093762-d10065632"">TripAdvisor</a>","<a href=""https://untappd.com/brewery/18734"">Untappd</a>"
2024,New World Cider - Medium Sweet,Lenswood Cider Co.,Hazy Apple Cider,🥉 Bronze,79.5,Active,South Australia,Australia,"<a href=""https://www.lenswoodciderco.com.au/"">Website</a>","<a href=""https://www.facebook.com/lenswoodciderco"">Facebook</a>","<a href=""https://www.instagram.com/lenswoodciderco/"">Instagram</a>",,,,"<a href=""https://untappd.com/w/lenswood-cider-co/472218"">Untappd</a>"
2024,New World Cider - Medium Sweet,Lenswood Cider Co.,Apple Cider,🥉 Bronze,79,Active,South Australia,Australia,"<a href=""https://www.lenswoodciderco.com.au/"">Website</a>","<a href=""https://www.facebook.com/lenswoodciderco"">Facebook</a>","<a href=""https://www.instagram.com/lenswoodciderco/"">Instagram</a>",,,,"<a href=""https://untappd.com/w/lenswood-cider-co/472218"">Untappd</a>"
2024,New World Cider - Medium Sweet,The Apple Thief,Granny Smith Cider,🥉 Bronze,79,Active,New South Wales,Australia,"<a href=""https://theapplethief.com.au/"">Website</a>","<a href=""https://www.facebook.com/TheAppleThiefCiders/"">Facebook</a>","<a href=""https://www.instagram.com/theapplethiefciders/"">Instagram</a>","<a href=""https://maps.google.com/?cid=4762631239680624675"">Google</a>",,,"<a href=""https://untappd.com/brewery/21796"">Untappd</a>"
2024,New World Cider - Medium Sweet,The Cidery,Spider Cider,🥉 Bronze,78.5,Active,Western Australia,Australia,"<a href=""https://www.thecidery.com.au/"">Website</a>","<a href=""https://www.facebook.com/TheCideryBridgetown"">Facebook</a>","<a href=""https://www.instagram.com/thecidery_/"">Instagram</a>","<a href=""https://maps.google.com/?cid=5365209465918520059"">Google</a>","<a href=""https://www.yelp.com/biz/the-cidery-bridgetown"">Yelp</a>","<a href=""https://www.tripadvisor.com/Restaurant_Review-g488330-d3385747"">TripAdvisor</a>","<a href=""https://untappd.com/BlackwoodValleyBrewingCompany"">Untappd</a>"
2024,New World Cider - Medium Sweet,The Cidery,Bridgetown Blues Cider,🥉 Bronze,78,Active,Western Australia,Australia,"<a href=""https://www.thecidery.com.au/"">Website</a>","<a href=""https://www.facebook.com/TheCideryBridgetown"">Facebook</a>","<a href=""https://www.instagram.com/thecidery_/"">Instagram</a>","<a href=""https://maps.google.com/?cid=5365209465918520059"">Google</a>","<a href=""https://www.yelp.com/biz/the-cidery-bridgetown"">Yelp</a>","<a href=""https://www.tripadvisor.com/Restaurant_Review-g488330-d3385747"">TripAdvisor</a>","<a href=""https://untappd.com/BlackwoodValleyBrewingCompany"">Untappd</a>"
2024,New World Cider - Sweet,Hillbilly Cider,Sweet Julie,🥈 Silver,87.5,Active,New South Wales,Australia,"<a href=""https://hillbillycider.com.au/"">Website</a>","<a href=""https://www.facebook.com/HillbillyCider/"">Facebook</a>","<a href=""https://www.instagram.com/hillbillycider/"">Instagram</a>","<a href=""https://maps.google.com/?cid=904695025997043027"">Google</a>",,"<a href=""https://www.tripadvisor.com/Attraction_Review-g1093762-d12290596"">TripAdvisor</a>","<a href=""https://untappd.com/w/hillbilly-harvest-co/44163"">Untappd</a>"
2024,New World Cider - Sweet,PRAH,Red and Wild,🥉 Bronze,84.5,Active,Tasmania,Australia,"<a href=""https://www.prah.au/"">Website</a>",,"<a href=""https://www.instagram.com/prah.au/"">Instagram</a>",,,,
2024,New World Cider - Sweet,Three Oaks Cider,10% Crushed Apple,🥉 Bronze,83,Active,South Australia,Australia,"<a href=""https://www.threeoakscider.com/"">Website</a>","<a href=""https://www.facebook.com/Threeoakscider"">Facebook</a>","<a href=""https://www.instagram.com/threeoakscider/"">Instagram</a>",,,,"<a href=""https://untappd.com/brewery/16538"">Untappd</a>"
2024,New World Cider - Sweet,Bilpin Cider,Bilpin Blush Pink Lady Cider,🥉 Bronze,81.5,Active,New South Wales,Australia,"<a href=""https://bilpincider.com/"">Website</a>","<a href=""https://www.facebook.com/bilpincider"">Facebook</a>","<a href=""https://www.instagram.com/bilpincider/"">Instagram</a>","<a href=""https://maps.google.com/?cid=1982319036704250930"">Google</a>",,"<a href=""https://www.tripadvisor.com/Attraction_Review-g1093762-d10065632"">TripAdvisor</a>","<a href=""https://untappd.com/brewery/18734"">Untappd</a>"
2024,New World Cider - Sweet,Flying Brick Cider,Original Cider,🥉 Bronze,81,Active,Victoria,Australia,"<a href=""https://flyingbrickciderco.com.au/"">Website</a>","<a href=""https://www.facebook.com/flyingbrickciderco"">Facebook</a>","<a href=""https://www.instagram.com/flyingbrickciderco/"">Instagram</a>","<a href=""https://maps.google.com/?cid=413601929230884265"">Google</a>","<a href=""https://www.yelp.com/biz/flying-brick-cider-co-wallington-2"">Yelp</a>","<a href=""https://www.tripadvisor.com/Restaurant_Review-g1937720-d7332877"">TripAdvisor</a>","<a href=""https://untappd.com/brewery/33883"">Untappd</a>"
2024,New World Cider - MT (Disgorged),Sunshine Coast Cider,Brut+ Cider Methode Traditonelle,🥇 Gold,93,Active,Queensland,Australia,"<a href=""https://www.sunshinecoastcider.com.au/"">Website</a>","<a href=""https://www.facebook.com/sunshinecoastcider/"">Facebook</a>","<a href=""https://www.instagram.com/sunshinecoastcider/"">Instagram</a>","<a href=""https://maps.google.com/?cid=10163774916123498605"">Google</a>",,"<a href=""https://www.tripadvisor.com/Attraction_Review-g7815622-d21508891"">TripAdvisor</a>","<a href=""https://untappd.com/SunshineCoastCider"">Untappd</a>"
2024,Traditional Cider - Dry,Lobo Cider,Lenswulf 2019,🥇 Gold,96,Active,South Australia,Australia,"<a href=""https://www.lobocider.com.au/"">Website</a>","<a href=""https://www.facebook.com/LOBOcider/"">Facebook</a>","<a href=""https://www.instagram.com/lobocider"">Instagram</a>",,,,"<a href=""https://untappd.com/brewery/8446"">Untappd</a>"
2024,Traditional Cider - Dry,Daylesford Cider Company,Organic Brut,🥇 Gold,94,Active,Victoria,Australia,"<a href=""https://daylesfordcider.com.au/"">Website</a>","<a href=""https://www.facebook.com/DaylesfordCider"">Facebook</a>","<a href=""https://www.instagram.com/daylesfordcider/"">Instagram</a>","<a href=""https://maps.google.com/?cid=3704200538482217988"">Google</a>",,"<a href=""https://www.tripadvisor.com/Attraction_Review-g2533620-d4506486"">TripAdvisor</a>","<a href=""https://untappd.com/w/daylesford-cider-company/15899"">Untappd</a>"
2024,Traditional Cider - Dry,Lobo Cider,Be Wulf,🥈 Silver,87,Active,South Australia,Australia,"<a href=""https://www.lobocider.com.au/"">Website</a>","<a href=""https://www.facebook.com/LOBOcider/"">Facebook</a>","<a href=""https://www.instagram.com/lobocider"">Instagram</a>",,,,"<a href=""https://untappd.com/brewery/8446"">Untappd</a>"
2024,Traditional Cider - Dry,Brady's Lookout Cider,1820s Heritage,🥈 Silver,86,Active,Tasmania,Australia,"<a href=""https://www.bradyslookoutcider.com.au/"">Website</a>","<a href=""https://www.facebook.com/bradyslookoutcider"">Facebook</a>","<a href=""https://www.instagram.com/bradys_lookout_cider/"">Instagram</a>","<a href=""https://maps.google.com/?cid=17861747211596541785"">Google</a>",,,"<a href=""https://untappd.com/w/brady-s-lookout/225207"">Untappd</a>"
2024,Traditional Cider - Dry,Lobo Cider,Norma,🥈 Silver,85.5,Active,South Australia,Australia,"<a href=""https://www.lobocider.com.au/"">Website</a>","<a href=""https://www.facebook.com/LOBOcider/"">Facebook</a>","<a href=""https://www.instagram.com/lobocider"">Instagram</a>",,,,"<a href=""https://untappd.com/brewery/8446"">Untappd</a>"
2024,Traditional Cider - Dry,Little Green Men Brewing Co,Starving Wasps,🥉 Bronze,84,Active,Tasmania,Australia,"<a href=""https://www.littlegreenmenbrewing.com/"">Website</a>","<a href=""https://www.facebook.com/littlegreenmenbrewing"">Facebook</a>","<a href=""https://www.instagram.com/littlegreenmenbrewing"">Instagram</a>","<a href=""https://maps.google.com/?cid=4403040247038681309"">Google</a>",,"<a href=""https://www.tripadvisor.com/Restaurant_Review-g261651-d15813582"">TripAdvisor</a>","<a href=""https://untappd.com/w/little-green-men/485891"">Untappd</a>"
2024,Traditional Cider - Dry,3 Sons Cider,Somerset Redstreak,🥉 Bronze,83,Active,Australian Capital Territory,Australia,"<a href=""http://www.3sonscider.com.au/"">Website</a>","<a href=""https://www.facebook.com/3SonsCider/"">Facebook</a>","<a href=""https://www.instagram.com/3sonscider/"">Instagram</a>","<a href=""https://maps.google.com/?cid=16285596579467432961"">Google</a>",,,"<a href=""https://untappd.com/3sonscider"">Untappd</a>"
2024,Traditional Cider - Dry,Daylesford Cider Company,Wild Frenchman,🥉 Bronze,82.5,Active,Victoria,Australia,"<a href=""https://daylesfordcider.com.au/"">Website</a>","<a href=""https://www.facebook.com/DaylesfordCider"">Facebook</a>","<a href=""https://www.instagram.com/daylesfordcider/"">Instagram</a>","<a href=""https://maps.google.com/?cid=3704200538482217988"">Google</a>",,"<a href=""https://www.tripadvisor.com/Attraction_Review-g2533620-d4506486"">TripAdvisor</a>","<a href=""https://untappd.com/w/daylesford-cider-company/15899"">Untappd</a>"
2024,Traditional Cider - Dry,Little Green Men Brewing Co,Send in the Clown,🥉 Bronze,80.5,Active,Tasmania,Australia,"<a href=""https://www.littlegreenmenbrewing.com/"">Website</a>","<a href=""https://www.facebook.com/littlegreenmenbrewing"">Facebook</a>","<a href=""https://www.instagram.com/littlegreenmenbrewing"">Instagram</a>","<a href=""https://maps.google.com/?cid=4403040247038681309"">Google</a>",,"<a href=""https://www.tripadvisor.com/Restaurant_Review-g261651-d15813582"">TripAdvisor</a>","<a href=""https://untappd.com/w/little-green-men/485891"">Untappd</a>"
2024,Traditional Cider - Medium,Peckham's Cider,Chisel Jersey 2023,🥇 Gold,97,Active,Tasman,New Zealand,"<a href=""https://www.peckhams.co.nz/"">Website</a>","<a href=""https://www.facebook.com/peckhamscider/"">Facebook</a>","<a href=""https://www.instagram.com/peckhamscider/"">Instagram</a>","<a href=""https://maps.google.com/?cid=2102526933207385793"">Google</a>",,,"<a href=""https://untappd.com/brewery/23755"">Untappd</a>"
2024,Traditional Cider - Medium,Plenty Cider,2023 Cornucopia,🥇 Gold,93,Active,Tasmania,Australia,"<a href=""https://www.plentycider.com.au/"">Website</a>","<a href=""https://www.facebook.com/plentycider/"">Facebook</a>","<a href=""https://www.instagram.com/plentycider/"">Instagram</a>","<a href=""https://maps.google.com/?cid=108618394510087143"">Google</a>",,,"<a href=""https://untappd.com/w/plenty-cider/454183"">Untappd</a>"
2024,Traditional Cider - Medium,Peckham's Cider,Knotted Kernel,🥇 Gold,92.5,Active,Tasman,New Zealand,"<a href=""https://www.peckhams.co.nz/"">Website</a>","<a href=""https://www.facebook.com/peckhamscider/"">Facebook</a>","<a href=""https://www.instagram.com/peckhamscider/"">Instagram</a>","<a href=""https://maps.google.com/?cid=2102526933207385793"">Google</a>",,,"<a href=""https://untappd.com/brewery/23755"">Untappd</a>"
2024,Traditional Cider - Medium,Daylesford Cider Company,Fox Whelp,🥈 Silver,87.5,Active,Victoria,Australia,"<a href=""https://daylesfordcider.com.au/"">Website</a>","<a href=""https://www.facebook.com/DaylesfordCider"">Facebook</a>","<a href=""https://www.instagram.com/daylesfordcider/"">Instagram</a>","<a href=""https://maps.google.com/?cid=3704200538482217988"">Google</a>",,"<a href=""https://www.tripadvisor.com/Attraction_Review-g2533620-d4506486"">TripAdvisor</a>","<a href=""https://untappd.com/w/daylesford-cider-company/15899"">Untappd</a>"
2024,Traditional Cider - Medium,Cider Infusion,The Cape,🥈 Silver,86.5,Active,Victoria,Australia,"<a href=""https://ciderinfusion.com/"">Website</a>","<a href=""https://www.facebook.com/ciderinfusion/"">Facebook</a>","<a href=""https://www.instagram.com/ciderinfusion/"">Instagram</a>",,,,"<a href=""https://untappd.com/w/cider-infusion/534576"">Untappd</a>"
2024,Traditional Cider - Medium,Kangaroo Island Ciders,Colony Cove Original Cider,🥈 Silver,86,Active,South Australia,Australia,"<a href=""https://www.kangarooislandciders.com.au/"">Website</a>",,,"<a href=""https://maps.google.com/?cid=7120331639179318476"">Google</a>",,,"<a href=""https://untappd.com/w/kangaroo-island-ciders/62318"">Untappd</a>"
2024,Traditional Cider - Medium,Peckham's Cider,Classic Apple,🥈 Silver,85,Active,Tasman,New Zealand,"<a href=""https://www.peckhams.co.nz/"">Website</a>","<a href=""https://www.facebook.com/peckhamscider/"">Facebook</a>","<a href=""https://www.instagram.com/peckhamscider/"">Instagram</a>","<a href=""https://maps.google.com/?cid=2102526933207385793"">Google</a>",,,"<a href=""https://untappd.com/brewery/23755"">Untappd</a>"
2024,Traditional Cider - Medium,Spreyton Cider Co.,Kingston Black,🥉 Bronze,82.5,Active,Tasmania,Australia,"<a href=""https://www.spreytonciderco.com.au/"">Website</a>","<a href=""https://www.facebook.com/SpreytonCiderCo"">Facebook</a>","<a href=""https://www.instagram.com/spreytonciderco/"">Instagram</a>","<a href=""https://maps.google.com/?cid=4719454766033276507"">Google</a>","<a href=""https://www.yelp.com/biz/spreyton-cider-co-spreyton-2"">Yelp</a>","<a href=""https://www.tripadvisor.com/Attraction_Review-g504292-d3738226"">TripAdvisor</a>","<a href=""https://untappd.com/SpreytonCiderCo"">Untappd</a>"
2024,Traditional Cider - Medium,The Apple Thief,Orchard Blend,🥉 Bronze,82,Active,New South Wales,Australia,"<a href=""https://theapplethief.com.au/"">Website</a>","<a href=""https://www.facebook.com/TheAppleThiefCiders/"">Facebook</a>","<a href=""https://www.instagram.com/theapplethiefciders/"">Instagram</a>","<a href=""https://maps.google.com/?cid=4762631239680624675"">Google</a>",,,"<a href=""https://untappd.com/brewery/21796"">Untappd</a>"
2024,Traditional Cider - Medium,Lobo Cider,Trad,🥉 Bronze,81,Active,South Australia,Australia,"<a href=""https://www.lobocider.com.au/"">Website</a>","<a href=""https://www.facebook.com/LOBOcider/"">Facebook</a>","<a href=""https://www.instagram.com/lobocider"">Instagram</a>",,,,"<a href=""https://untappd.com/brewery/8446"">Untappd</a>"
2024,Traditional Cider - Medium,Kangaroo Island Ciders,Colony Cove Vintage Cider,🥉 Bronze,81,Active,South Australia,Australia,"<a href=""https://www.kangarooislandciders.com.au/"">Website</a>",,,"<a href=""https://maps.google.com/?cid=7120331639179318476"">Google</a>",,,"<a href=""https://untappd.com/w/kangaroo-island-ciders/62318"">Untappd</a>"
2024,Traditional Cider - Medium,Daylesford Cider Company,Wild Oak,🥉 Bronze,81,Active,Victoria,Australia,"<a href=""https://daylesfordcider.com.au/"">Website</a>","<a href=""https://www.facebook.com/DaylesfordCider"">Facebook</a>","<a href=""https://www.instagram.com/daylesfordcider/"">Instagram</a>","<a href=""https://maps.google.com/?cid=3704200538482217988"">Google</a>",,"<a href=""https://www.tripadvisor.com/Attraction_Review-g2533620-d4506486"">TripAdvisor</a>","<a href=""https://untappd.com/w/daylesford-cider-company/15899"">Untappd</a>"
2024,Traditional Cider - Medium,Frank's Cider,Autumn Reserve,🥉 Bronze,78.5,Active,Tasmania,Australia,"<a href=""https://www.frankscider.com.au/"">Website</a>","<a href=""https://www.facebook.com/FranksCider"">Facebook</a>","<a href=""https://www.instagram.com/frankscider/"">Instagram</a>","<a href=""https://maps.google.com/?cid=12281895632138757991"">Google</a>","<a href=""https://www.yelp.com/biz/franks-cider-bar-and-cafe-franklin"">Yelp</a>","<a href=""https://www.tripadvisor.com/Restaurant_Review-g504298-d7270183"">TripAdvisor</a>","<a href=""https://untappd.com/brewery/66943"">Untappd</a>"
2024,Traditional Cider - Medium,Borrodell Vineyard,The Hidden Stash,🥉 Bronze,77.5,Active,New South Wales,Australia,"<a href=""https://www.borrodell.com.au/"">Website</a>","<a href=""https://www.facebook.com/BorrodellVineyard/"">Facebook</a>","<a href=""https://www.instagram.com/borrodell_vineyard/"">Instagram</a>","<a href=""https://maps.google.com/?cid=9113164481963775697"">Google</a>",,"<a href=""https://www.tripadvisor.com/Attraction_Review-g255326-d4469466"">TripAdvisor</a>","<a href=""https://untappd.com/w/borrodell-vineyard/42488"">Untappd</a>"
2024,Traditional Cider - Medium Sweet,The Apple Thief,Kingston Black,🥇 Gold,92.5,Active,New South Wales,Australia,"<a href=""https://theapplethief.com.au/"">Website</a>","<a href=""https://www.facebook.com/TheAppleThiefCiders/"">Facebook</a>","<a href=""https://www.instagram.com/theapplethiefciders/"">Instagram</a>","<a href=""https://maps.google.com/?cid=4762631239680624675"">Google</a>",,,"<a href=""https://untappd.com/brewery/21796"">Untappd</a>"
2024,Traditional Cider - Medium Sweet,Peckham's Cider,Hazy Apple,🥈 Silver,88.5,Active,Tasman,New Zealand,"<a href=""https://www.peckhams.co.nz/"">Website</a>","<a href=""https://www.facebook.com/peckhamscider/"">Facebook</a>","<a href=""https://www.instagram.com/peckhamscider/"">Instagram</a>","<a href=""https://maps.google.com/?cid=2102526933207385793"">Google</a>",,,"<a href=""https://untappd.com/brewery/23755"">Untappd</a>"
2024,Traditional Cider - Medium Sweet,Kangaroo Island Ciders,Colony Cove Draught Cider,🥈 Silver,86,Active,South Australia,Australia,"<a href=""https://www.kangarooislandciders.com.au/"">Website</a>",,,"<a href=""https://maps.google.com/?cid=7120331639179318476"">Google</a>",,,"<a href=""https://untappd.com/w/kangaroo-island-ciders/62318"">Untappd</a>"
2024,Traditional Cider - Medium Sweet,St Andrews Beach Brewery,Home Track Apple Cider,🥈 Silver,85.5,Active,Victoria,Australia,"<a href=""https://standrewsbeachbrewery.com.au/"">Website</a>","<a href=""https://www.facebook.com/sab.brewery/"">Facebook</a>","<a href=""https://www.instagram.com/sab.brewery/"">Instagram</a>","<a href=""https://maps.google.com/?cid=3674219969181670288"">Google</a>","<a href=""https://www.yelp.com/biz/st-andrews-beach-brewery-fingal"">Yelp</a>","<a href=""https://www.tripadvisor.com/Restaurant_Review-g1800212-d13141758"">TripAdvisor</a>","<a href=""https://untappd.com/StAndrewsBeachBrewery"">Untappd</a>"
2024,Traditional Cider - Medium Sweet,Willie Smith's,Heritage Blend,🥉 Bronze,83.5,Active,Tasmania,Australia,"<a href=""https://www.williesmiths.com.au/"">Website</a>","<a href=""https://www.facebook.com/pages/Willie-Smiths-Organic-Cider/260319247336198"">Facebook</a>","<a href=""https://www.instagram.com/williesmithscider/"">Instagram</a>","<a href=""https://maps.google.com/?cid=16057012530083496420"">Google</a>","<a href=""https://www.yelp.com/biz/willie-smith-s-apple-shed-grove"">Yelp</a>","<a href=""https://www.tripadvisor.com/Restaurant_Review-g1175547-d7911074"">TripAdvisor</a>","<a href=""https://untappd.com/WilliamSmithandSons"">Untappd</a>"
2024,Traditional Cider - Medium Sweet,Willie Smith's,Farmhouse Cider,🥉 Bronze,80,Active,Tasmania,Australia,"<a href=""https://www.williesmiths.com.au/"">Website</a>","<a href=""https://www.facebook.com/pages/Willie-Smiths-Organic-Cider/260319247336198"">Facebook</a>","<a href=""https://www.instagram.com/williesmithscider/"">Instagram</a>","<a href=""https://maps.google.com/?cid=16057012530083496420"">Google</a>","<a href=""https://www.yelp.com/biz/willie-smith-s-apple-shed-grove"">Yelp</a>","<a href=""https://www.tripadvisor.com/Restaurant_Review-g1175547-d7911074"">TripAdvisor</a>","<a href=""https://untappd.com/WilliamSmithandSons"">Untappd</a>"
2024,Traditional Cider - Sweet,Willie Smith's,Yarlington Mill,🥈 Silver,85.5,Active,Tasmania,Australia,"<a href=""https://www.williesmiths.com.au/"">Website</a>","<a href=""https://www.facebook.com/pages/Willie-Smiths-Organic-Cider/260319247336198"">Facebook</a>","<a href=""https://www.instagram.com/williesmithscider/"">Instagram</a>","<a href=""https://maps.google.com/?cid=16057012530083496420"">Google</a>","<a href=""https://www.yelp.com/biz/willie-smith-s-apple-shed-grove"">Yelp</a>","<a href=""https://www.tripadvisor.com/Restaurant_Review-g1175547-d7911074"">TripAdvisor</a>","<a href=""https://untappd.com/WilliamSmithandSons"">Untappd</a>"
2024,Traditional Cider - MT (Disgorged),Plenty Cider,Vintage Sparkling 2020,🥈 Silver,91,Active,Tasmania,Australia,"<a href=""https://www.plentycider.com.au/"">Website</a>","<a href=""https://www.facebook.com/plentycider/"">Facebook</a>","<a href=""https://www.instagram.com/plentycider/"">Instagram</a>","<a href=""https://maps.google.com/?cid=108618394510087143"">Google</a>",,,"<a href=""https://untappd.com/w/plenty-cider/454183"">Untappd</a>"
2024,Traditional Cider - MT (Disgorged),Flying Brick Cider,MC,🥈 Silver,88.5,Active,Victoria,Australia,"<a href=""https://flyingbrickciderco.com.au/"">Website</a>","<a href=""https://www.facebook.com/flyingbrickciderco"">Facebook</a>","<a href=""https://www.instagram.com/flyingbrickciderco/"">Instagram</a>","<a href=""https://maps.google.com/?cid=413601929230884265"">Google</a>","<a href=""https://www.yelp.com/biz/flying-brick-cider-co-wallington-2"">Yelp</a>","<a href=""https://www.tripadvisor.com/Restaurant_Review-g1937720-d7332877"">TripAdvisor</a>","<a href=""https://untappd.com/brewery/33883"">Untappd</a>"
2024,Traditional Cider - MT (Disgorged),St Ronan's Cider,Methode Traditionelle Apple Cider,🥈 Silver,86,Active,Victoria,Australia,"<a href=""https://stronanscider.com.au/"">Website</a>","<a href=""https://www.facebook.com/StRonansCider"">Facebook</a>","<a href=""https://www.instagram.com/st_ronans_cider/"">Instagram</a>","<a href=""https://maps.google.com/?cid=1347860416011573691"">Google</a>",,,"<a href=""https://untappd.com/StRonansCider"">Untappd</a>"
2024,Traditional Cider - MT (Disgorged),Carmel Cider Co.,Heritage,🥉 Bronze,82,Active,Western Australia,Australia,"<a href=""https://carmelcider.com.au/"">Website</a>",,"<a href=""https://www.instagram.com/carmel_cider"">Instagram</a>","<a href=""https://maps.google.com/?cid=9888810503901269588"">Google</a>",,,"<a href=""https://untappd.com/CarmelCiderCompany"">Untappd</a>"
2024,Traditional Cider - MT (Disgorged),Brady's Lookout Cider,New World Blend,🥉 Bronze,81.5,Active,Tasmania,Australia,"<a href=""https://www.bradyslookoutcider.com.au/"">Website</a>","<a href=""https://www.facebook.com/bradyslookoutcider"">Facebook</a>","<a href=""https://www.instagram.com/bradys_lookout_cider/"">Instagram</a>","<a href=""https://maps.google.com/?cid=17861747211596541785"">Google</a>",,,"<a href=""https://untappd.com/w/brady-s-lookout/225207"">Untappd</a>"
2024,Apple and Pear Blends,Barossa Cider Co.,Squashed Cloudy Cider,🥈 Silver,88.5,Active,South Australia,Australia,"<a href=""https://barossavalleyciderco.com/"">Website</a>","<a href=""https://www.facebook.com/barossacider/"">Facebook</a>","<a href=""https://www.instagram.com/barossacider.co/"">Instagram</a>",,,,"<a href=""https://untappd.com/TheBarossaValleyCiderCo"">Untappd</a>"
2024,Apple and Pear Blends,Lenswood Cider Co.,Apple/Pear Cider,🥉 Bronze,83.5,Active,South Australia,Australia,"<a href=""https://www.lenswoodciderco.com.au/"">Website</a>","<a href=""https://www.facebook.com/lenswoodciderco"">Facebook</a>","<a href=""https://www.instagram.com/lenswoodciderco/"">Instagram</a>",,,,"<a href=""https://untappd.com/w/lenswood-cider-co/472218"">Untappd</a>"
2024,Apple and Pear Blends,The Cidery,Pear Cider,🥉 Bronze,82,Active,Western Australia,Australia,"<a href=""https://www.thecidery.com.au/"">Website</a>","<a href=""https://www.facebook.com/TheCideryBridgetown"">Facebook</a>","<a href=""https://www.instagram.com/thecidery_/"">Instagram</a>","<a href=""https://maps.google.com/?cid=5365209465918520059"">Google</a>","<a href=""https://www.yelp.com/biz/the-cidery-bridgetown"">Yelp</a>","<a href=""https://www.tripadvisor.com/Restaurant_Review-g488330-d3385747"">TripAdvisor</a>","<a href=""https://untappd.com/BlackwoodValleyBrewingCompany"">Untappd</a>"
2024,Apple and Pear Blends,Bruny Island Cider,Bruny Island Apple & Pear Cider,🥉 Bronze,80.5,Active,Tasmania,Australia,"<a href=""https://www.brunyisland.com/catalogue/bruny-island-cider/"">Website</a>","<a href=""https://www.facebook.com/BrunyIslandCider/"">Facebook</a>","<a href=""https://www.instagram.com/brunyislandcider/"">Instagram</a>",,,,"<a href=""https://untappd.com/w/bruny-island-cider/235917"">Untappd</a>"
2024,Apple and Pear Blends,Lobo Cider,Apple and Pear,🥉 Bronze,80,Active,South Australia,Australia,"<a href=""https://www.lobocider.com.au/"">Website</a>","<a href=""https://www.facebook.com/LOBOcider/"">Facebook</a>","<a href=""https://www.instagram.com/lobocider"">Instagram</a>",,,,"<a href=""https://untappd.com/brewery/8446"">Untappd</a>"
2024,New World Perry - Medium,The Hills Cider Company,Pear,🥇 Gold,96,Active,South Australia,Australia,,"<a href=""https://www.facebook.com/thehillscidercompany"">Facebook</a>","<a href=""https://www.instagram.com/thehillscidercompany/"">Instagram</a>","<a href=""https://maps.google.com/?cid=40048064327732560"">Google</a>",,,"<a href=""https://untappd.com/thehillscidercompany"">Untappd</a>"
2024,New World Perry - Medium,Flying Brick Cider,Pear Cider,🥉 Bronze,84,Active,Victoria,Australia,"<a href=""https://flyingbrickciderco.com.au/"">Website</a>","<a href=""https://www.facebook.com/flyingbrickciderco"">Facebook</a>","<a href=""https://www.instagram.com/flyingbrickciderco/"">Instagram</a>","<a href=""https://maps.google.com/?cid=413601929230884265"">Google</a>","<a href=""https://www.yelp.com/biz/flying-brick-cider-co-wallington-2"">Yelp</a>","<a href=""https://www.tripadvisor.com/Restaurant_Review-g1937720-d7332877"">TripAdvisor</a>","<a href=""https://untappd.com/brewery/33883"">Untappd</a>"
2024,New World Perry - Medium,Bilpin Cider,Bilpin Pear Cider,🥉 Bronze,77.5,Active,New South Wales,Australia,"<a href=""https://bilpincider.com/"">Website</a>","<a href=""https://www.facebook.com/bilpincider"">Facebook</a>","<a href=""https://www.instagram.com/bilpincider/"">Instagram</a>","<a href=""https://maps.google.com/?cid=1982319036704250930"">Google</a>",,"<a href=""https://www.tripadvisor.com/Attraction_Review-g1093762-d10065632"">TripAdvisor</a>","<a href=""https://untappd.com/brewery/18734"">Untappd</a>"
2024,New World Perry - Medium Sweet,Eddies Cider,Smooth Pear,🥇 Gold,95,Active,Victoria,Australia,"<a href=""https://www.eddiescider.com.au/"">Website</a>","<a href=""https://www.facebook.com/EddiesCider/"">Facebook</a>","<a href=""https://www.instagram.com/eddies_organic_cider/"">Instagram</a>",,,,"<a href=""https://untappd.com/w/eddies-cider/424405"">Untappd</a>"
2024,New World Perry - Medium Sweet,Barossa Cider Co.,Squashed Pear Cider,🥇 Gold,94,Active,South Australia,Australia,"<a href=""https://barossavalleyciderco.com/"">Website</a>","<a href=""https://www.facebook.com/barossacider/"">Facebook</a>","<a href=""https://www.instagram.com/barossacider.co/"">Instagram</a>",,,,"<a href=""https://untappd.com/TheBarossaValleyCiderCo"">Untappd</a>"
2024,New World Perry - Medium Sweet,Small Acres Cyder,Poire,🥈 Silver,85,Active,New South Wales,Australia,"<a href=""https://www.smallacrescyder.com.au/"">Website</a>","<a href=""https://www.facebook.com/SmallAcresCyder"">Facebook</a>","<a href=""https://www.instagram.com/smallacrescyder"">Instagram</a>","<a href=""https://maps.google.com/?cid=1497457670374953580"">Google</a>",,"<a href=""https://www.tripadvisor.com/Attraction_Review-g2642455-d5991203"">TripAdvisor</a>","<a href=""https://untappd.com/brewery/14584"">Untappd</a>"
2024,New World Perry - Medium Sweet,Sidewood Estate,Sidewood Pear Cider,🥉 Bronze,80.5,Active,South Australia,Australia,"<a href=""https://sidewood.com.au/"">Website</a>","<a href=""https://www.facebook.com/SidewoodEstate/"">Facebook</a>","<a href=""https://www.instagram.com/sidewoodestate/"">Instagram</a>","<a href=""https://maps.google.com/?cid=16006910239256404559"">Google</a>",,"<a href=""https://www.tripadvisor.com.au/Attraction_Review-g499710-d19238424"">TripAdvisor</a>","<a href=""https://untappd.com/w/sidewood-estate/118552"">Untappd</a>"
2024,New World Perry - Medium Sweet,Spreyton Cider Co.,Pear Cider,🥉 Bronze,80,Active,Tasmania,Australia,"<a href=""https://www.spreytonciderco.com.au/"">Website</a>","<a href=""https://www.facebook.com/SpreytonCiderCo"">Facebook</a>","<a href=""https://www.instagram.com/spreytonciderco/"">Instagram</a>","<a href=""https://maps.google.com/?cid=4719454766033276507"">Google</a>","<a href=""https://www.yelp.com/biz/spreyton-cider-co-spreyton-2"">Yelp</a>","<a href=""https://www.tripadvisor.com/Attraction_Review-g504292-d3738226"">TripAdvisor</a>","<a href=""https://untappd.com/SpreytonCiderCo"">Untappd</a>"
2024,New World Perry - Medium Sweet,Hillbilly Cider,Pear,🥉 Bronze,78.5,Active,New South Wales,Australia,"<a href=""https://hillbillycider.com.au/"">Website</a>","<a href=""https://www.facebook.com/HillbillyCider/"">Facebook</a>","<a href=""https://www.instagram.com/hillbillycider/"">Instagram</a>","<a href=""https://maps.google.com/?cid=904695025997043027"">Google</a>",,"<a href=""https://www.tripadvisor.com/Attraction_Review-g1093762-d12290596"">TripAdvisor</a>","<a href=""https://untappd.com/w/hillbilly-harvest-co/44163"">Untappd</a>"
2024,New World Perry - Sweet,Frank's Cider,Summer Pear,🥉 Bronze,83,Active,Tasmania,Australia,"<a href=""https://www.frankscider.com.au/"">Website</a>","<a href=""https://www.facebook.com/FranksCider"">Facebook</a>","<a href=""https://www.instagram.com/frankscider/"">Instagram</a>","<a href=""https://maps.google.com/?cid=12281895632138757991"">Google</a>","<a href=""https://www.yelp.com/biz/franks-cider-bar-and-cafe-franklin"">Yelp</a>","<a href=""https://www.tripadvisor.com/Restaurant_Review-g504298-d7270183"">TripAdvisor</a>","<a href=""https://untappd.com/brewery/66943"">Untappd</a>"
2024,New World Perry - Sweet,Darkes Cider,Perry,🥉 Bronze,77.5,Active,New South Wales,Australia,"<a href=""https://www.darkes.com.au/"">Website</a>","<a href=""https://www.facebook.com/DarkesCider"">Facebook</a>","<a href=""https://www.instagram.com/darkescider/"">Instagram</a>","<a href=""https://maps.google.com/?cid=9016868264603406991"">Google</a>",,"<a href=""https://www.tripadvisor.com/Attraction_Review-g7786462-d7786279"">TripAdvisor</a>","<a href=""https://untappd.com/w/darkes-cider/93421"">Untappd</a>"
2024,New World Cider - MT (Disgorged),Carmel Cider Co.,Pear 21,🥉 Bronze,83,Active,Western Australia,Australia,"<a href=""https://carmelcider.com.au/"">Website</a>",,"<a href=""https://www.instagram.com/carmel_cider"">Instagram</a>","<a href=""https://maps.google.com/?cid=9888810503901269588"">Google</a>",,,"<a href=""https://untappd.com/CarmelCiderCompany"">Untappd</a>"
2024,New World Cider - MT (Disgorged),Small Acres Cyder,Sparkling Perry 2022,🥉 Bronze,79.5,Active,New South Wales,Australia,"<a href=""https://www.smallacrescyder.com.au/"">Website</a>","<a href=""https://www.facebook.com/SmallAcresCyder"">Facebook</a>","<a href=""https://www.instagram.com/smallacrescyder"">Instagram</a>","<a href=""https://maps.google.com/?cid=1497457670374953580"">Google</a>",,"<a href=""https://www.tripadvisor.com/Attraction_Review-g2642455-d5991203"">TripAdvisor</a>","<a href=""https://untappd.com/brewery/14584"">Untappd</a>"
2024,New World Cider - MT (Disgorged),St Ronan's Cider,Methode Traditionelle Pear Cider,🥉 Bronze,78.5,Active,Victoria,Australia,"<a href=""https://stronanscider.com.au/"">Website</a>","<a href=""https://www.facebook.com/StRonansCider"">Facebook</a>","<a href=""https://www.instagram.com/st_ronans_cider/"">Instagram</a>","<a href=""https://maps.google.com/?cid=1347860416011573691"">Google</a>",,,"<a href=""https://untappd.com/StRonansCider"">Untappd</a>"
2024,Traditional Perry - Medium,Daylesford Cider Company,Traditional Perry Pear,🥈 Silver,87,Active,Victoria,Australia,"<a href=""https://daylesfordcider.com.au/"">Website</a>","<a href=""https://www.facebook.com/DaylesfordCider"">Facebook</a>","<a href=""https://www.instagram.com/daylesfordcider/"">Instagram</a>","<a href=""https://maps.google.com/?cid=3704200538482217988"">Google</a>",,"<a href=""https://www.tripadvisor.com/Attraction_Review-g2533620-d4506486"">TripAdvisor</a>","<a href=""https://untappd.com/w/daylesford-cider-company/15899"">Untappd</a>"
2024,Experimental Cider or Perry,Pure Peninsula Honey,Sparkling HoneyMoon,🥈 Silver,86,Active,Victoria,Australia,"<a href=""https://purepeninsulahoney.com.au/"">Website</a>","<a href=""https://www.facebook.com/purepeninsulahoney"">Facebook</a>","<a href=""https://www.instagram.com/purepeninsulahoney/"">Instagram</a>","<a href=""https://maps.google.com/?cid=2932326746558972212"">Google</a>",,"<a href=""https://www.tripadvisor.com/Attraction_Review-g1773630-d8382184"">TripAdvisor</a>","<a href=""https://untappd.com/w/pure-peninsula-honey/171274"">Untappd</a>"
2024,Experimental Cider or Perry,Pure Peninsula Honey,Manuka Honey Cider,🥈 Silver,85,Active,Victoria,Australia,"<a href=""https://purepeninsulahoney.com.au/"">Website</a>","<a href=""https://www.facebook.com/purepeninsulahoney"">Facebook</a>","<a href=""https://www.instagram.com/purepeninsulahoney/"">Instagram</a>","<a href=""https://maps.google.com/?cid=2932326746558972212"">Google</a>",,"<a href=""https://www.tripadvisor.com/Attraction_Review-g1773630-d8382184"">TripAdvisor</a>","<a href=""https://untappd.com/w/pure-peninsula-honey/171274"">Untappd</a>"
2024,Experimental Cider or Perry,Carmel Cider Co.,Apple Pie Moonshine,🥈 Silver,85,Active,Western Australia,Australia,"<a href=""https://carmelcider.com.au/"">Website</a>",,"<a href=""https://www.instagram.com/carmel_cider"">Instagram</a>","<a href=""https://maps.google.com/?cid=9888810503901269588"">Google</a>",,,"<a href=""https://untappd.com/CarmelCiderCompany"">Untappd</a>"
2024,Experimental Cider or Perry,Sydney Brewery,Agave Ginger Cider,🥉 Bronze,82.5,Active,New South Wales,Australia,"<a href=""https://sydneybrewery.com/"">Website</a>","<a href=""https://www.facebook.com/SydneyBrewery/"">Facebook</a>","<a href=""https://www.instagram.com/sydneybrewery/"">Instagram</a>","<a href=""https://maps.google.com/?cid=6674617705014025022"">Google</a>",,"<a href=""https://www.tripadvisor.com/Restaurant_Review-g23197656-d15602287"">TripAdvisor</a>","<a href=""https://untappd.com/SydneyBrewhouse"">Untappd</a>"
2024,Experimental Cider or Perry,Darkes Cider,Rosie,🥉 Bronze,82,Active,New South Wales,Australia,"<a href=""https://www.darkes.com.au/"">Website</a>","<a href=""https://www.facebook.com/DarkesCider"">Facebook</a>","<a href=""https://www.instagram.com/darkescider/"">Instagram</a>","<a href=""https://maps.google.com/?cid=9016868264603406991"">Google</a>",,"<a href=""https://www.tripadvisor.com/Attraction_Review-g7786462-d7786279"">TripAdvisor</a>","<a href=""https://untappd.com/w/darkes-cider/93421"">Untappd</a>"
2024,Experimental Cider or Perry,Willie Smith's,Imperial Cider,🥉 Bronze,80.5,Active,Tasmania,Australia,"<a href=""https://www.williesmiths.com.au/"">Website</a>","<a href=""https://www.facebook.com/pages/Willie-Smiths-Organic-Cider/260319247336198"">Facebook</a>","<a href=""https://www.instagram.com/williesmithscider/"">Instagram</a>","<a href=""https://maps.google.com/?cid=16057012530083496420"">Google</a>","<a href=""https://www.yelp.com/biz/willie-smith-s-apple-shed-grove"">Yelp</a>","<a href=""https://www.tripadvisor.com/Restaurant_Review-g1175547-d7911074"">TripAdvisor</a>","<a href=""https://untappd.com/WilliamSmithandSons"">Untappd</a>"
2024,Experimental Cider or Perry,Flying Brick Cider,Pachinga,🥉 Bronze,78.5,Active,Victoria,Australia,"<a href=""https://flyingbrickciderco.com.au/"">Website</a>","<a href=""https://www.facebook.com/flyingbrickciderco"">Facebook</a>","<a href=""https://www.instagram.com/flyingbrickciderco/"">Instagram</a>","<a href=""https://maps.google.com/?cid=413601929230884265"">Google</a>","<a href=""https://www.yelp.com/biz/flying-brick-cider-co-wallington-2"">Yelp</a>","<a href=""https://www.tripadvisor.com/Restaurant_Review-g1937720-d7332877"">TripAdvisor</a>","<a href=""https://untappd.com/brewery/33883"">Untappd</a>"
2024,No/Low Alcohol Cider or Perry,Peckham's Cider,Apple Zero,🥇 Gold,93,Active,Tasman,New Zealand,"<a href=""https://www.peckhams.co.nz/"">Website</a>","<a href=""https://www.facebook.com/peckhamscider/"">Facebook</a>","<a href=""https://www.instagram.com/peckhamscider/"">Instagram</a>","<a href=""https://maps.google.com/?cid=2102526933207385793"">Google</a>",,,"<a href=""https://untappd.com/brewery/23755"">Untappd</a>"
2024,No/Low Alcohol Cider or Perry,Small Acres Cyder,Golden Knot Apple and Cherry Non Alcoholic Cider,🥈 Silver,85.5,Active,New South Wales,Australia,"<a href=""https://www.smallacrescyder.com.au/"">Website</a>","<a href=""https://www.facebook.com/SmallAcresCyder"">Facebook</a>","<a href=""https://www.instagram.com/smallacrescyder"">Instagram</a>","<a href=""https://maps.google.com/?cid=1497457670374953580"">Google</a>",,"<a href=""https://www.tripadvisor.com/Attraction_Review-g2642455-d5991203"">TripAdvisor</a>","<a href=""https://untappd.com/brewery/14584"">Untappd</a>"
2024,No/Low Alcohol Cider or Perry,Spreyton Cider Co.,Non-Alcoholic Apple Cider,🥈 Silver,85,Active,Tasmania,Australia,"<a href=""https://www.spreytonciderco.com.au/"">Website</a>","<a href=""https://www.facebook.com/SpreytonCiderCo"">Facebook</a>","<a href=""https://www.instagram.com/spreytonciderco/"">Instagram</a>","<a href=""https://maps.google.com/?cid=4719454766033276507"">Google</a>","<a href=""https://www.yelp.com/biz/spreyton-cider-co-spreyton-2"">Yelp</a>","<a href=""https://www.tripadvisor.com/Attraction_Review-g504292-d3738226"">TripAdvisor</a>","<a href=""https://untappd.com/SpreytonCiderCo"">Untappd</a>"
2024,No/Low Alcohol Cider or Perry,Flying Brick Cider,Sparkling Pink Lady,🥉 Bronze,83.5,Active,Victoria,Australia,"<a href=""https://flyingbrickciderco.com.au/"">Website</a>","<a href=""https://www.facebook.com/flyingbrickciderco"">Facebook</a>","<a href=""https://www.instagram.com/flyingbrickciderco/"">Instagram</a>","<a href=""https://maps.google.com/?cid=413601929230884265"">Google</a>","<a href=""https://www.yelp.com/biz/flying-brick-cider-co-wallington-2"">Yelp</a>","<a href=""https://www.tripadvisor.com/Restaurant_Review-g1937720-d7332877"">TripAdvisor</a>","<a href=""https://untappd.com/brewery/33883"">Untappd</a>"
2024,No/Low Alcohol Cider or Perry,Bilpin Cider,Bilpin Non Alc Apple & Blood Orange,🥉 Bronze,81.5,Active,New South Wales,Australia,"<a href=""https://bilpincider.com/"">Website</a>","<a href=""https://www.facebook.com/bilpincider"">Facebook</a>","<a href=""https://www.instagram.com/bilpincider/"">Instagram</a>","<a href=""https://maps.google.com/?cid=1982319036704250930"">Google</a>",,"<a href=""https://www.tripadvisor.com/Attraction_Review-g1093762-d10065632"">TripAdvisor</a>","<a href=""https://untappd.com/brewery/18734"">Untappd</a>"
2024,No/Low Alcohol Cider or Perry,Bilpin Cider,Bilpin Non Alc Apple Cider,🥉 Bronze,80,Active,New South Wales,Australia,"<a href=""https://bilpincider.com/"">Website</a>","<a href=""https://www.facebook.com/bilpincider"">Facebook</a>","<a href=""https://www.instagram.com/bilpincider/"">Instagram</a>","<a href=""https://maps.google.com/?cid=1982319036704250930"">Google</a>",,"<a href=""https://www.tripadvisor.com/Attraction_Review-g1093762-d10065632"">TripAdvisor</a>","<a href=""https://untappd.com/brewery/18734"">Untappd</a>"
2024,No/Low Alcohol Cider or Perry,Bilpin Cider,Bilpin Non Alc Apple & Ginger,🥉 Bronze,80,Active,New South Wales,Australia,"<a href=""https://bilpincider.com/"">Website</a>","<a href=""https://www.facebook.com/bilpincider"">Facebook</a>","<a href=""https://www.instagram.com/bilpincider/"">Instagram</a>","<a href=""https://maps.google.com/?cid=1982319036704250930"">Google</a>",,"<a href=""https://www.tripadvisor.com/Attraction_Review-g1093762-d10065632"">TripAdvisor</a>","<a href=""https://untappd.com/brewery/18734"">Untappd</a>"
2024,No/Low Alcohol Cider or Perry,Hillbilly Cider,Ginger,🥉 Bronze,79.5,Active,New South Wales,Australia,"<a href=""https://hillbillycider.com.au/"">Website</a>","<a href=""https://www.facebook.com/HillbillyCider/"">Facebook</a>","<a href=""https://www.instagram.com/hillbillycider/"">Instagram</a>","<a href=""https://maps.google.com/?cid=904695025997043027"">Google</a>",,"<a href=""https://www.tripadvisor.com/Attraction_Review-g1093762-d12290596"">TripAdvisor</a>","<a href=""https://untappd.com/w/hillbilly-harvest-co/44163"">Untappd</a>"
2024,No/Low Alcohol Cider or Perry,Hillbilly Cider,Non Alc Apple,🥉 Bronze,79,Active,New South Wales,Australia,"<a href=""https://hillbillycider.com.au/"">Website</a>","<a href=""https://www.facebook.com/HillbillyCider/"">Facebook</a>","<a href=""https://www.instagram.com/hillbillycider/"">Instagram</a>","<a href=""https://maps.google.com/?cid=904695025997043027"">Google</a>",,"<a href=""https://www.tripadvisor.com/Attraction_Review-g1093762-d12290596"">TripAdvisor</a>","<a href=""https://untappd.com/w/hillbilly-harvest-co/44163"">Untappd</a>"
2024,Cider or Perry with Fruit,NewLeaf Orchard,Barrel-Aged Raspberry Sour Cider,🥇 Gold,95,Active,Western Australia,Australia,"<a href=""https://newleaforchard.com.au/"">Website</a>","<a href=""https://www.facebook.com/wildbeyondcider"">Facebook</a>",,,,,
2024,Cider or Perry with Fruit,Plenty Cider,Apple + Quince,🥇 Gold,93,Active,Tasmania,Australia,"<a href=""https://www.plentycider.com.au/"">Website</a>","<a href=""https://www.facebook.com/plentycider/"">Facebook</a>","<a href=""https://www.instagram.com/plentycider/"">Instagram</a>","<a href=""https://maps.google.com/?cid=108618394510087143"">Google</a>",,,"<a href=""https://untappd.com/w/plenty-cider/454183"">Untappd</a>"
2024,Cider or Perry with Fruit,Frank's Cider,Raspberry Pear,🥇 Gold,92.5,Active,Tasmania,Australia,"<a href=""https://www.frankscider.com.au/"">Website</a>","<a href=""https://www.facebook.com/FranksCider"">Facebook</a>","<a href=""https://www.instagram.com/frankscider/"">Instagram</a>","<a href=""https://maps.google.com/?cid=12281895632138757991"">Google</a>","<a href=""https://www.yelp.com/biz/franks-cider-bar-and-cafe-franklin"">Yelp</a>","<a href=""https://www.tripadvisor.com/Restaurant_Review-g504298-d7270183"">TripAdvisor</a>","<a href=""https://untappd.com/brewery/66943"">Untappd</a>"
2024,Cider or Perry with Fruit,Funk Drinks Co.,Passion8,🥈 Silver,90.5,Active,Western Australia,Australia,"<a href=""https://funkdrinks.co/"">Website</a>","<a href=""https://www.facebook.com/funkdrinksco"">Facebook</a>","<a href=""https://www.instagram.com/funkdrinksco/"">Instagram</a>","<a href=""https://maps.google.com/?cid=12976653066917509642"">Google</a>",,,"<a href=""https://untappd.com/FunkCider"">Untappd</a>"
2024,Cider or Perry with Fruit,Spreyton Cider Co.,Apple & Raspberry,🥈 Silver,88,Active,Tasmania,Australia,"<a href=""https://www.spreytonciderco.com.au/"">Website</a>","<a href=""https://www.facebook.com/SpreytonCiderCo"">Facebook</a>","<a href=""https://www.instagram.com/spreytonciderco/"">Instagram</a>","<a href=""https://maps.google.com/?cid=4719454766033276507"">Google</a>","<a href=""https://www.yelp.com/biz/spreyton-cider-co-spreyton-2"">Yelp</a>","<a href=""https://www.tripadvisor.com/Attraction_Review-g504292-d3738226"">TripAdvisor</a>","<a href=""https://untappd.com/SpreytonCiderCo"">Untappd</a>"
2024,Cider or Perry with Fruit,Hillbilly Cider,Summer,🥈 Silver,86,Active,New South Wales,Australia,"<a href=""https://hillbillycider.com.au/"">Website</a>","<a href=""https://www.facebook.com/HillbillyCider/"">Facebook</a>","<a href=""https://www.instagram.com/hillbillycider/"">Instagram</a>","<a href=""https://maps.google.com/?cid=904695025997043027"">Google</a>",,"<a href=""https://www.tripadvisor.com/Attraction_Review-g1093762-d12290596"">TripAdvisor</a>","<a href=""https://untappd.com/w/hillbilly-harvest-co/44163"">Untappd</a>"
2024,Cider or Perry with Fruit,Cider Infusion,Skinny Shiraz,🥈 Silver,85.5,Active,Victoria,Australia,"<a href=""https://ciderinfusion.com/"">Website</a>","<a href=""https://www.facebook.com/ciderinfusion/"">Facebook</a>","<a href=""https://www.instagram.com/ciderinfusion/"">Instagram</a>",,,,"<a href=""https://untappd.com/w/cider-infusion/534576"">Untappd</a>"
2024,Cider or Perry with Fruit,Funk Drinks Co.,Lemon8,🥈 Silver,85.5,Active,Western Australia,Australia,"<a href=""https://funkdrinks.co/"">Website</a>","<a href=""https://www.facebook.com/funkdrinksco"">Facebook</a>","<a href=""https://www.instagram.com/funkdrinksco/"">Instagram</a>","<a href=""https://maps.google.com/?cid=12976653066917509642"">Google</a>",,,"<a href=""https://untappd.com/FunkCider"">Untappd</a>"
2024,Cider or Perry with Fruit,Frank's Cider,Cherry Pear,🥈 Silver,85.5,Active,Tasmania,Australia,"<a href=""https://www.frankscider.com.au/"">Website</a>","<a href=""https://www.facebook.com/FranksCider"">Facebook</a>","<a href=""https://www.instagram.com/frankscider/"">Instagram</a>","<a href=""https://maps.google.com/?cid=12281895632138757991"">Google</a>","<a href=""https://www.yelp.com/biz/franks-cider-bar-and-cafe-franklin"">Yelp</a>","<a href=""https://www.tripadvisor.com/Restaurant_Review-g504298-d7270183"">TripAdvisor</a>","<a href=""https://untappd.com/brewery/66943"">Untappd</a>"
2024,Cider or Perry with Fruit,Napoleone Cider,Louis Apple Cider,🥉 Bronze,84.5,Active,Victoria,Australia,"<a href=""https://napoleone.com.au/"">Website</a>","<a href=""https://www.facebook.com/napoleoneorchardbar"">Facebook</a>","<a href=""https://www.instagram.com/napoleonecider"">Instagram</a>","<a href=""https://maps.google.com/?cid=3472985488113617215"">Google</a>","<a href=""https://www.yelp.com/biz/napoleone-brewery-and-ciderhouse-coldstream"">Yelp</a>","<a href=""https://www.tripadvisor.com/Attraction_Review-g1205102-d7980976"">TripAdvisor</a>","<a href=""https://untappd.com/brewery/3800"">Untappd</a>"
2024,Cider or Perry with Fruit,Flying Brick Cider,Pango,🥉 Bronze,83.5,Active,Victoria,Australia,"<a href=""https://flyingbrickciderco.com.au/"">Website</a>","<a href=""https://www.facebook.com/flyingbrickciderco"">Facebook</a>","<a href=""https://www.instagram.com/flyingbrickciderco/"">Instagram</a>","<a href=""https://maps.google.com/?cid=413601929230884265"">Google</a>","<a href=""https://www.yelp.com/biz/flying-brick-cider-co-wallington-2"">Yelp</a>","<a href=""https://www.tripadvisor.com/Restaurant_Review-g1937720-d7332877"">TripAdvisor</a>","<a href=""https://untappd.com/brewery/33883"">Untappd</a>"
2024,Cider or Perry with Fruit,The Cidery,Fruit Punch Cider,🥉 Bronze,83.5,Active,Western Australia,Australia,"<a href=""https://www.thecidery.com.au/"">Website</a>","<a href=""https://www.facebook.com/TheCideryBridgetown"">Facebook</a>","<a href=""https://www.instagram.com/thecidery_/"">Instagram</a>","<a href=""https://maps.google.com/?cid=5365209465918520059"">Google</a>","<a href=""https://www.yelp.com/biz/the-cidery-bridgetown"">Yelp</a>","<a href=""https://www.tripadvisor.com/Restaurant_Review-g488330-d3385747"">TripAdvisor</a>","<a href=""https://untappd.com/BlackwoodValleyBrewingCompany"">Untappd</a>"
2024,Cider or Perry with Fruit,Plenty Cider,Apple + Cherry,🥉 Bronze,82.5,Active,Tasmania,Australia,"<a href=""https://www.plentycider.com.au/"">Website</a>","<a href=""https://www.facebook.com/plentycider/"">Facebook</a>","<a href=""https://www.instagram.com/plentycider/"">Instagram</a>","<a href=""https://maps.google.com/?cid=108618394510087143"">Google</a>",,,"<a href=""https://untappd.com/w/plenty-cider/454183"">Untappd</a>"
2024,Cider or Perry with Fruit,Sidewood Estate,Sidewood Strawberry Apple Cider,🥉 Bronze,82.5,Active,South Australia,Australia,"<a href=""https://sidewood.com.au/"">Website</a>","<a href=""https://www.facebook.com/SidewoodEstate/"">Facebook</a>","<a href=""https://www.instagram.com/sidewoodestate/"">Instagram</a>","<a href=""https://maps.google.com/?cid=16006910239256404559"">Google</a>",,"<a href=""https://www.tripadvisor.com.au/Attraction_Review-g499710-d19238424"">TripAdvisor</a>","<a href=""https://untappd.com/w/sidewood-estate/118552"">Untappd</a>"
2024,Cider or Perry with Fruit,Plenty Cider,Apple + Blueberry,🥉 Bronze,82,Active,Tasmania,Australia,"<a href=""https://www.plentycider.com.au/"">Website</a>","<a href=""https://www.facebook.com/plentycider/"">Facebook</a>","<a href=""https://www.instagram.com/plentycider/"">Instagram</a>","<a href=""https://maps.google.com/?cid=108618394510087143"">Google</a>",,,"<a href=""https://untappd.com/w/plenty-cider/454183"">Untappd</a>"
2024,Cider or Perry with Fruit,Spreyton Cider Co.,Pineapple Sour,🥉 Bronze,80.5,Active,Tasmania,Australia,"<a href=""https://www.spreytonciderco.com.au/"">Website</a>","<a href=""https://www.facebook.com/SpreytonCiderCo"">Facebook</a>","<a href=""https://www.instagram.com/spreytonciderco/"">Instagram</a>","<a href=""https://maps.google.com/?cid=4719454766033276507"">Google</a>","<a href=""https://www.yelp.com/biz/spreyton-cider-co-spreyton-2"">Yelp</a>","<a href=""https://www.tripadvisor.com/Attraction_Review-g504292-d3738226"">TripAdvisor</a>","<a href=""https://untappd.com/SpreytonCiderCo"">Untappd</a>"
2024,Cider or Perry with Fruit,Bruny Island Cider,Bruny Island Apple & Cherry Cider,🥉 Bronze,80.5,Active,Tasmania,Australia,"<a href=""https://www.brunyisland.com/catalogue/bruny-island-cider/"">Website</a>","<a href=""https://www.facebook.com/BrunyIslandCider/"">Facebook</a>","<a href=""https://www.instagram.com/brunyislandcider/"">Instagram</a>",,,,"<a href=""https://untappd.com/w/bruny-island-cider/235917"">Untappd</a>"
2024,Cider or Perry with Fruit,Bilpin Cider,Bilpin Apple & Raspberry Cider,🥉 Bronze,80.5,Active,New South Wales,Australia,"<a href=""https://bilpincider.com/"">Website</a>","<a href=""https://www.facebook.com/bilpincider"">Facebook</a>","<a href=""https://www.instagram.com/bilpincider/"">Instagram</a>","<a href=""https://maps.google.com/?cid=1982319036704250930"">Google</a>",,"<a href=""https://www.tripadvisor.com/Attraction_Review-g1093762-d10065632"">TripAdvisor</a>","<a href=""https://untappd.com/brewery/18734"">Untappd</a>"
2024,Cider or Perry with Fruit,Carmel Cider Co.,Rose,🥉 Bronze,79.5,Active,Western Australia,Australia,"<a href=""https://carmelcider.com.au/"">Website</a>",,"<a href=""https://www.instagram.com/carmel_cider"">Instagram</a>","<a href=""https://maps.google.com/?cid=9888810503901269588"">Google</a>",,,"<a href=""https://untappd.com/CarmelCiderCompany"">Untappd</a>"
2024,Cider or Perry with Fruit,Flying Brick Cider,Splicer,🥉 Bronze,77.5,Active,Victoria,Australia,"<a href=""https://flyingbrickciderco.com.au/"">Website</a>","<a href=""https://www.facebook.com/flyingbrickciderco"">Facebook</a>","<a href=""https://www.instagram.com/flyingbrickciderco/"">Instagram</a>","<a href=""https://maps.google.com/?cid=413601929230884265"">Google</a>","<a href=""https://www.yelp.com/biz/flying-brick-cider-co-wallington-2"">Yelp</a>","<a href=""https://www.tripadvisor.com/Restaurant_Review-g1937720-d7332877"">TripAdvisor</a>","<a href=""https://untappd.com/brewery/33883"">Untappd</a>"
2024,Lighter Strength Cider or Perry,Barossa Cider Co.,Mid Strength Apple Cider,🥈 Silver,86,Active,South Australia,Australia,"<a href=""https://barossavalleyciderco.com/"">Website</a>","<a href=""https://www.facebook.com/barossacider/"">Facebook</a>","<a href=""https://www.instagram.com/barossacider.co/"">Instagram</a>",,,,"<a href=""https://untappd.com/TheBarossaValleyCiderCo"">Untappd</a>"
2024,Cider or Perry with Botanicals,Lenswood Cider Co.,Apple/Ginger Cider,🥇 Gold,93,Active,South Australia,Australia,"<a href=""https://www.lenswoodciderco.com.au/"">Website</a>","<a href=""https://www.facebook.com/lenswoodciderco"">Facebook</a>","<a href=""https://www.instagram.com/lenswoodciderco/"">Instagram</a>",,,,"<a href=""https://untappd.com/w/lenswood-cider-co/472218"">Untappd</a>"
2024,Cider or Perry with Botanicals,Cider Infusion,Gingy,🥈 Silver,89,Active,Victoria,Australia,"<a href=""https://ciderinfusion.com/"">Website</a>","<a href=""https://www.facebook.com/ciderinfusion/"">Facebook</a>","<a href=""https://www.instagram.com/ciderinfusion/"">Instagram</a>",,,,"<a href=""https://untappd.com/w/cider-infusion/534576"">Untappd</a>"
2024,Cider or Perry with Botanicals,The Apple Thief,Apple and Lemon Myrtle,🥉 Bronze,83,Active,New South Wales,Australia,"<a href=""https://theapplethief.com.au/"">Website</a>","<a href=""https://www.facebook.com/TheAppleThiefCiders/"">Facebook</a>","<a href=""https://www.instagram.com/theapplethiefciders/"">Instagram</a>","<a href=""https://maps.google.com/?cid=4762631239680624675"">Google</a>",,,"<a href=""https://untappd.com/brewery/21796"">Untappd</a>"
2024,Cider or Perry with Botanicals,Napoleone Cider,Louis Rosé Cider,🥉 Bronze,82,Active,Victoria,Australia,"<a href=""https://napoleone.com.au/"">Website</a>","<a href=""https://www.facebook.com/napoleoneorchardbar"">Facebook</a>","<a href=""https://www.instagram.com/napoleonecider"">Instagram</a>","<a href=""https://maps.google.com/?cid=3472985488113617215"">Google</a>","<a href=""https://www.yelp.com/biz/napoleone-brewery-and-ciderhouse-coldstream"">Yelp</a>","<a href=""https://www.tripadvisor.com/Attraction_Review-g1205102-d7980976"">TripAdvisor</a>","<a href=""https://untappd.com/brewery/3800"">Untappd</a>"
2024,Cider or Perry with Botanicals,Cider Infusion,Chai,🥉 Bronze,81.5,Active,Victoria,Australia,"<a href=""https://ciderinfusion.com/"">Website</a>","<a href=""https://www.facebook.com/ciderinfusion/"">Facebook</a>","<a href=""https://www.instagram.com/ciderinfusion/"">Instagram</a>",,,,"<a href=""https://untappd.com/w/cider-infusion/534576"">Untappd</a>"
2024,Cider or Perry with Botanicals,The Cidery,Love Child Ginger Cider,🥉 Bronze,80,Active,Western Australia,Australia,"<a href=""https://www.thecidery.com.au/"">Website</a>","<a href=""https://www.facebook.com/TheCideryBridgetown"">Facebook</a>","<a href=""https://www.instagram.com/thecidery_/"">Instagram</a>","<a href=""https://maps.google.com/?cid=5365209465918520059"">Google</a>","<a href=""https://www.yelp.com/biz/the-cidery-bridgetown"">Yelp</a>","<a href=""https://www.tripadvisor.com/Restaurant_Review-g488330-d3385747"">TripAdvisor</a>","<a href=""https://untappd.com/BlackwoodValleyBrewingCompany"">Untappd</a>"
2024,Cider or Perry with Botanicals,Flying Brick Cider,Spiced Cider,🥉 Bronze,77.5,Active,Victoria,Australia,"<a href=""https://flyingbrickciderco.com.au/"">Website</a>","<a href=""https://www.facebook.com/flyingbrickciderco"">Facebook</a>","<a href=""https://www.instagram.com/flyingbrickciderco/"">Instagram</a>","<a href=""https://maps.google.com/?cid=413601929230884265"">Google</a>","<a href=""https://www.yelp.com/biz/flying-brick-cider-co-wallington-2"">Yelp</a>","<a href=""https://www.tripadvisor.com/Restaurant_Review-g1937720-d7332877"">TripAdvisor</a>","<a href=""https://untappd.com/brewery/33883"">Untappd</a>"
2024,Wood Aged Cider or Perry,Hillbilly Cider,Vintage Apple,🥈 Silver,86,Active,New South Wales,Australia,"<a href=""https://hillbillycider.com.au/"">Website</a>","<a href=""https://www.facebook.com/HillbillyCider/"">Facebook</a>","<a href=""https://www.instagram.com/hillbillycider/"">Instagram</a>","<a href=""https://maps.google.com/?cid=904695025997043027"">Google</a>",,"<a href=""https://www.tripadvisor.com/Attraction_Review-g1093762-d12290596"">TripAdvisor</a>","<a href=""https://untappd.com/w/hillbilly-harvest-co/44163"">Untappd</a>"
2024,Wood Aged Cider or Perry,Funk Drinks Co.,Wild West Cider,🥉 Bronze,79.5,Active,Western Australia,Australia,"<a href=""https://funkdrinks.co/"">Website</a>","<a href=""https://www.facebook.com/funkdrinksco"">Facebook</a>","<a href=""https://www.instagram.com/funkdrinksco/"">Instagram</a>","<a href=""https://maps.google.com/?cid=12976653066917509642"">Google</a>",,,"<a href=""https://untappd.com/FunkCider"">Untappd</a>"
2024,Wood Aged Cider or Perry,Hillbilly Cider,Barrel Aged Vintage,🥉 Bronze,78.5,Active,New South Wales,Australia,"<a href=""https://hillbillycider.com.au/"">Website</a>","<a href=""https://www.facebook.com/HillbillyCider/"">Facebook</a>","<a href=""https://www.instagram.com/hillbillycider/"">Instagram</a>","<a href=""https://maps.google.com/?cid=904695025997043027"">Google</a>",,"<a href=""https://www.tripadvisor.com/Attraction_Review-g1093762-d12290596"">TripAdvisor</a>","<a href=""https://untappd.com/w/hillbilly-harvest-co/44163"">Untappd</a>"
2024,Wood Aged Cider or Perry,Elemental Cider,Totally Oaked,🥉 Bronze,78,Active,Wellington,New Zealand,"<a href=""https://elementalcider.co.nz/"">Website</a>","<a href=""https://www.facebook.com/elementalcider"">Facebook</a>","<a href=""https://www.instagram.com/elementalcidernz/"">Instagram</a>",,,,"<a href=""https://untappd.com/w/elemental-cider/480974"">Untappd</a>"
2024,Pommeau,Carmel Cider Co.,Mistelle,🥈 Silver,86,Active,Western Australia,Australia,"<a href=""https://carmelcider.com.au/"">Website</a>",,"<a href=""https://www.instagram.com/carmel_cider"">Instagram</a>","<a href=""https://maps.google.com/?cid=9888810503901269588"">Google</a>",,,"<a href=""https://untappd.com/CarmelCiderCompany"">Untappd</a>"
2024,Pommeau,Gurneys Cider,Pommeau,🥈 Silver,85,Active,Victoria,Australia,"<a href=""https://gurneyscider.com.au/"">Website</a>","<a href=""https://www.facebook.com/gurneyscider"">Facebook</a>","<a href=""https://www.instagram.com/gurneyscidery/"">Instagram</a>","<a href=""https://maps.google.com/?cid=17296225831182939561"">Google</a>",,"<a href=""https://www.tripadvisor.com/Attraction_Review-g552172-d15180819"">TripAdvisor</a>","<a href=""https://untappd.com/GurneysCider"">Untappd</a>"
2024,Pommeau,Willie Smith's,Pommeau,🥉 Bronze,83.5,Active,Tasmania,Australia,"<a href=""https://www.williesmiths.com.au/"">Website</a>","<a href=""https://www.facebook.com/pages/Willie-Smiths-Organic-Cider/260319247336198"">Facebook</a>","<a href=""https://www.instagram.com/williesmithscider/"">Instagram</a>","<a href=""https://maps.google.com/?cid=16057012530083496420"">Google</a>","<a href=""https://www.yelp.com/biz/willie-smith-s-apple-shed-grove"">Yelp</a>","<a href=""https://www.tripadvisor.com/Restaurant_Review-g1175547-d7911074"">TripAdvisor</a>","<a href=""https://untappd.com/WilliamSmithandSons"">Untappd</a>"
2024,Pommeau,Small Acres Cyder,Pommeau Apple Mistelle 2021,🥉 Bronze,79.5,Active,New South Wales,Australia,"<a href=""https://www.smallacrescyder.com.au/"">Website</a>","<a href=""https://www.facebook.com/SmallAcresCyder"">Facebook</a>","<a href=""https://www.instagram.com/smallacrescyder"">Instagram</a>","<a href=""https://maps.google.com/?cid=1497457670374953580"">Google</a>",,"<a href=""https://www.tripadvisor.com/Attraction_Review-g2642455-d5991203"">TripAdvisor</a>","<a href=""https://untappd.com/brewery/14584"">Untappd</a>"
2024,Eau de vie (Apple or Pear Spirit),Carmel Cider Co.,Eau De Vie,🥈 Silver,90.5,Active,Western Australia,Australia,"<a href=""https://carmelcider.com.au/"">Website</a>",,"<a href=""https://www.instagram.com/carmel_cider"">Instagram</a>","<a href=""https://maps.google.com/?cid=9888810503901269588"">Google</a>",,,"<a href=""https://untappd.com/CarmelCiderCompany"">Untappd</a>"
2024,Eau de vie (Apple or Pear Spirit),St Andrews Beach Brewery,Home Track Apple Vodka,🥈 Silver,88.5,Active,Victoria,Australia,"<a href=""https://standrewsbeachbrewery.com.au/"">Website</a>","<a href=""https://www.facebook.com/sab.brewery/"">Facebook</a>","<a href=""https://www.instagram.com/sab.brewery/"">Instagram</a>","<a href=""https://maps.google.com/?cid=3674219969181670288"">Google</a>","<a href=""https://www.yelp.com/biz/st-andrews-beach-brewery-fingal"">Yelp</a>","<a href=""https://www.tripadvisor.com/Restaurant_Review-g1800212-d13141758"">TripAdvisor</a>","<a href=""https://untappd.com/StAndrewsBeachBrewery"">Untappd</a>"
2024,Eau de vie (Apple or Pear Spirit),Lenswood Cider Co.,She’ll be Apples,🥉 Bronze,83.5,Active,South Australia,Australia,"<a href=""https://www.lenswoodciderco.com.au/"">Website</a>","<a href=""https://www.facebook.com/lenswoodciderco"">Facebook</a>","<a href=""https://www.instagram.com/lenswoodciderco/"">Instagram</a>",,,,"<a href=""https://untappd.com/w/lenswood-cider-co/472218"">Untappd</a>"
2024,Aged Apple or Pear Spirit,Lobo Cider,Apple Brandy – Lobodos,🥇 Gold,94,Active,South Australia,Australia,"<a href=""https://www.lobocider.com.au/"">Website</a>","<a href=""https://www.facebook.com/LOBOcider/"">Facebook</a>","<a href=""https://www.instagram.com/lobocider"">Instagram</a>",,,,"<a href=""https://untappd.com/brewery/8446"">Untappd</a>"
2024,Aged Apple or Pear Spirit,Carmel Cider Co.,Apple Brandy,🥇 Gold,93,Active,Western Australia,Australia,"<a href=""https://carmelcider.com.au/"">Website</a>",,"<a href=""https://www.instagram.com/carmel_cider"">Instagram</a>","<a href=""https://maps.google.com/?cid=9888810503901269588"">Google</a>",,,"<a href=""https://untappd.com/CarmelCiderCompany"">Untappd</a>"
2024,Aged Apple or Pear Spirit,Carmel Cider Co.,Pear Brandy,🥈 Silver,89,Active,Western Australia,Australia,"<a href=""https://carmelcider.com.au/"">Website</a>",,"<a href=""https://www.instagram.com/carmel_cider"">Instagram</a>","<a href=""https://maps.google.com/?cid=9888810503901269588"">Google</a>",,,"<a href=""https://untappd.com/CarmelCiderCompany"">Untappd</a>"
2024,Aged Apple or Pear Spirit,Willie Smith's,Apple Brandy,🥈 Silver,87.5,Active,Tasmania,Australia,"<a href=""https://www.williesmiths.com.au/"">Website</a>","<a href=""https://www.facebook.com/pages/Willie-Smiths-Organic-Cider/260319247336198"">Facebook</a>","<a href=""https://www.instagram.com/williesmithscider/"">Instagram</a>","<a href=""https://maps.google.com/?cid=16057012530083496420"">Google</a>","<a href=""https://www.yelp.com/biz/willie-smith-s-apple-shed-grove"">Yelp</a>","<a href=""https://www.tripadvisor.com/Restaurant_Review-g1175547-d7911074"">TripAdvisor</a>","<a href=""https://untappd.com/WilliamSmithandSons"">Untappd</a>"
2024,Aged Apple or Pear Spirit,Flying Brick Cider,Apple Brandy,🥉 Bronze,83,Active,Victoria,Australia,"<a href=""https://flyingbrickciderco.com.au/"">Website</a>","<a href=""https://www.facebook.com/flyingbrickciderco"">Facebook</a>","<a href=""https://www.instagram.com/flyingbrickciderco/"">Instagram</a>","<a href=""https://maps.google.com/?cid=413601929230884265"">Google</a>","<a href=""https://www.yelp.com/biz/flying-brick-cider-co-wallington-2"">Yelp</a>","<a href=""https://www.tripadvisor.com/Restaurant_Review-g1937720-d7332877"">TripAdvisor</a>","<a href=""https://untappd.com/brewery/33883"">Untappd</a>"
2024,Aged Apple or Pear Spirit,3 Sons Cider,Jus De Vivre,🥉 Bronze,81.5,Active,Australian Capital Territory,Australia,"<a href=""http://www.3sonscider.com.au/"">Website</a>","<a href=""https://www.facebook.com/3SonsCider/"">Facebook</a>","<a href=""https://www.instagram.com/3sonscider/"">Instagram</a>","<a href=""https://maps.google.com/?cid=16285596579467432961"">Google</a>",,,"<a href=""https://untappd.com/3sonscider"">Untappd</a>"
