Year,Category,Medalist,Product,Award,Status,Region,Website,Facebook,Instagram,Google,TripAdvisor,Untappd
2018,Flavoured Cider,BlakStoc,Wild Tree Hoppy Cider,🏆 Trophy,Active,Austria,"<a href=""http://www.blakstoc.com/"">Website</a>","<a href=""https://www.facebook.com/blakstoc/"">Facebook</a>","<a href=""https://www.instagram.com/blakstoc/"">Instagram</a>",,,
2018,Flavoured Cider,Celtic Marches,Cuckoo Penny 4% Rhubarb Cider,🏆 Trophy,Active,England,"<a href=""https://www.celticmarches.com/"">Website</a>","<a href=""https://www.facebook.com/celticmarchesbeverages/"">Facebook</a>","<a href=""https://www.instagram.com/celticmarches/"">Instagram</a>","<a href=""https://maps.google.com/?cid=14163451376835523124"">Google</a>",,
2018,Flavoured Cider,Marks & Spencer,Devon Farmhouse Cider with Raspberry (Bottle),🥇 Gold,Active,England,"<a href=""https://www.marksandspencer.com/"">Website</a>","<a href=""https://www.facebook.com/MarksandSpencer/"">Facebook</a>","<a href=""https://www.instagram.com/marksandspencer/"">Instagram</a>",,,
2018,Flavoured Cider,Eva Group,The Good Cider of San Sebastian Wild Berry,🥇 Gold,Active,Spain,"<a href=""https://www.evasa.com/"">Website</a>",,,"<a href=""https://maps.google.com/?cid=546948451257487120"">Google</a>",,
2018,Flavoured Cider,Angry Orchard,Maple Wooden Sleeper,🥈 Silver,Active,United States,"<a href=""https://www.angryorchard.com/"">Website</a>","<a href=""https://www.facebook.com/AngryOrchard/"">Facebook</a>","<a href=""https://www.instagram.com/angryorchard/"">Instagram</a>","<a href=""https://maps.google.com/?cid=17467507983407382578"">Google</a>","<a href=""https://www.yelp.com/biz/angry-orchard-walden-2"">Yelp</a>","<a href=""https://www.tripadvisor.com/Attraction_Review-g48788-d10266026"">TripAdvisor</a>"
2018,Flavoured Cider,Angry Orchard,Summery Honey,🥈 Silver,Active,United States,"<a href=""https://www.angryorchard.com/"">Website</a>","<a href=""https://www.facebook.com/AngryOrchard/"">Facebook</a>","<a href=""https://www.instagram.com/angryorchard/"">Instagram</a>","<a href=""https://maps.google.com/?cid=17467507983407382578"">Google</a>","<a href=""https://www.yelp.com/biz/angry-orchard-walden-2"">Yelp</a>","<a href=""https://www.tripadvisor.com/Attraction_Review-g48788-d10266026"">TripAdvisor</a>"
2018,Flavoured Cider,Appie,Le Brut au miel,🥈 Silver,Active,France,,"<a href=""https://www.facebook.com/appiecidre/"">Facebook</a>","<a href=""https://www.instagram.com/appie.cidre/"">Instagram</a>",,,
2018,Flavoured Cider,BlakStoc,Buddha's Hand Lemon Cider,🥈 Silver,Active,Austria,"<a href=""http://www.blakstoc.com/"">Website</a>","<a href=""https://www.facebook.com/blakstoc/"">Facebook</a>","<a href=""https://www.instagram.com/blakstoc/"">Instagram</a>",,,
2018,Flavoured Cider,BlakStoc,Quincy Jo & Hops Edition,🥈 Silver,Active,Austria,"<a href=""http://www.blakstoc.com/"">Website</a>","<a href=""https://www.facebook.com/blakstoc/"">Facebook</a>","<a href=""https://www.instagram.com/blakstoc/"">Instagram</a>",,,
2018,Flavoured Cider,Celtic Marches,Ruby Tuesday 4% Raspberry Cider,🥈 Silver,Active,England,"<a href=""https://www.celticmarches.com/"">Website</a>","<a href=""https://www.facebook.com/celticmarchesbeverages/"">Facebook</a>","<a href=""https://www.instagram.com/celticmarches/"">Instagram</a>","<a href=""https://maps.google.com/?cid=14163451376835523124"">Google</a>",,
2018,Flavoured Cider,Groupe Geloso,Cidre Houblonné,🥈 Silver,Active,Canada,"<a href=""https://groupegeloso.com/"">Website</a>","<a href=""https://www.facebook.com/groupegeloso/"">Facebook</a>",,"<a href=""https://maps.google.com/?cid=14532853692172548925"">Google</a>",,
2018,Flavoured Cider,Goldkehlchen,Goldkehlchen Cassis,🥈 Silver,Active,Austria,"<a href=""https://www.goldkehlchen.at/"">Website</a>","<a href=""https://www.facebook.com/goldkehlchen.cider/"">Facebook</a>","<a href=""https://www.instagram.com/goldkehlchencider/"">Instagram</a>",,,
2018,Flavoured Cider,Hogan's Cider,Hogan's Wild Elder Cider,🥈 Silver,Active,England,"<a href=""https://www.hoganscider.co.uk/"">Website</a>","<a href=""https://www.facebook.com/HogansCider/"">Facebook</a>","<a href=""https://www.instagram.com/hoganscider/"">Instagram</a>","<a href=""https://maps.google.com/?cid=344551779062280462"">Google</a>",,
2018,Flavoured Cider,Kiezbaum,Kiezbaum Cider (Pear),🥈 Silver,Active,Germany,"<a href=""https://www.kiezbaum.de/"">Website</a>","<a href=""https://www.facebook.com/kiezbaum"">Facebook</a>","<a href=""https://www.instagram.com/kiezbaum"">Instagram</a>",,,
2018,Flavoured Cider,Les Celliers Associés,L'Authentique French Cider Ginger Lemon,🥈 Silver,Active,France,"<a href=""https://www.valderance.com/"">Website</a>","<a href=""https://www.facebook.com/ValdeRance/"">Facebook</a>","<a href=""https://www.instagram.com/lca_coop_cider/"">Instagram</a>","<a href=""https://maps.google.com/?cid=7883069809343472545"">Google</a>",,
2018,Flavoured Cider,Lyme Bay Winery,Ammonite Series with Botanicals,🥈 Silver,Inactive,England,,,,,,
2018,Flavoured Cider,Lyme Bay Winery,Ammonite Series with Hops,🥈 Silver,Inactive,England,,,,,,
2018,Flavoured Cider,Lyme Bay Winery,Ammonite Series with Sour Cherry,🥈 Silver,Inactive,England,,,,,,
2018,Flavoured Cider,Marks & Spencer,Kentish Pip Katy Apple and Rhubarb Cider,🥈 Silver,Active,England,"<a href=""https://www.marksandspencer.com/"">Website</a>","<a href=""https://www.facebook.com/MarksandSpencer/"">Facebook</a>","<a href=""https://www.instagram.com/marksandspencer/"">Instagram</a>",,,
2018,Flavoured Cider,Beard and Sabre,Berrymaster,🥈 Silver,Inactive,England,,,,,,
2018,Flavoured Cider,Westons Cider,Stowford Press Mixed Berries,🥈 Silver,Active,England,"<a href=""https://www.westons-cider.co.uk/"">Website</a>","<a href=""https://www.facebook.com/WestonsCiderMill"">Facebook</a>","<a href=""https://www.instagram.com/westonscider/"">Instagram</a>","<a href=""https://maps.google.com/?cid=11779156514256391794"">Google</a>",,"<a href=""https://www.tripadvisor.com/Attraction_Review-g186303-d218508"">TripAdvisor</a>"
2018,Flavoured Cider,Wignac,Le Goupil de Wignac,🥈 Silver,Active,France,"<a href=""https://www.wignac.com/"">Website</a>","<a href=""https://www.facebook.com/cidrewignac/"">Facebook</a>","<a href=""https://www.instagram.com/wignac.cider/"">Instagram</a>","<a href=""https://maps.google.com/?cid=471404489608206328"">Google</a>",,
2018,Flavoured Cider,Crooked Cider,Crooked Ginger n Cider,🥉 Bronze,Inactive,New Zealand,,,,,,
2018,Flavoured Cider,Angry Orchard,Cinnful Apple,🥉 Bronze,Active,United States,"<a href=""https://www.angryorchard.com/"">Website</a>","<a href=""https://www.facebook.com/AngryOrchard/"">Facebook</a>","<a href=""https://www.instagram.com/angryorchard/"">Instagram</a>","<a href=""https://maps.google.com/?cid=17467507983407382578"">Google</a>","<a href=""https://www.yelp.com/biz/angry-orchard-walden-2"">Yelp</a>","<a href=""https://www.tripadvisor.com/Attraction_Review-g48788-d10266026"">TripAdvisor</a>"
2018,Flavoured Cider,Angry Orchard,The Old Fashioned,🥉 Bronze,Active,United States,"<a href=""https://www.angryorchard.com/"">Website</a>","<a href=""https://www.facebook.com/AngryOrchard/"">Facebook</a>","<a href=""https://www.instagram.com/angryorchard/"">Instagram</a>","<a href=""https://maps.google.com/?cid=17467507983407382578"">Google</a>","<a href=""https://www.yelp.com/biz/angry-orchard-walden-2"">Yelp</a>","<a href=""https://www.tripadvisor.com/Attraction_Review-g48788-d10266026"">TripAdvisor</a>"
2018,Flavoured Cider,Angry Orchard,Wassail Wooden Sleeper,🥉 Bronze,Active,United States,"<a href=""https://www.angryorchard.com/"">Website</a>","<a href=""https://www.facebook.com/AngryOrchard/"">Facebook</a>","<a href=""https://www.instagram.com/angryorchard/"">Instagram</a>","<a href=""https://maps.google.com/?cid=17467507983407382578"">Google</a>","<a href=""https://www.yelp.com/biz/angry-orchard-walden-2"">Yelp</a>","<a href=""https://www.tripadvisor.com/Attraction_Review-g48788-d10266026"">TripAdvisor</a>"
2018,Flavoured Cider,Aston Manor Cider,Kingstone Press Wild Berry,🥉 Bronze,Active,England,"<a href=""https://www.astonmanor.co.uk/"">Website</a>",,,"<a href=""https://maps.google.com/?cid=8328306569280299730"">Google</a>",,
2018,Flavoured Cider,BlakStoc,All Saints In The House,🥉 Bronze,Active,Austria,"<a href=""http://www.blakstoc.com/"">Website</a>","<a href=""https://www.facebook.com/blakstoc/"">Facebook</a>","<a href=""https://www.instagram.com/blakstoc/"">Instagram</a>",,,
2018,Flavoured Cider,BlakStoc,Ginger For My Honey,🥉 Bronze,Active,Austria,"<a href=""http://www.blakstoc.com/"">Website</a>","<a href=""https://www.facebook.com/blakstoc/"">Facebook</a>","<a href=""https://www.instagram.com/blakstoc/"">Instagram</a>",,,
2018,Flavoured Cider,BlakStoc,OMG Ugly Apple Cider,🥉 Bronze,Active,Austria,"<a href=""http://www.blakstoc.com/"">Website</a>","<a href=""https://www.facebook.com/blakstoc/"">Facebook</a>","<a href=""https://www.instagram.com/blakstoc/"">Instagram</a>",,,
2018,Flavoured Cider,Cider Brothers,Pacific Coast Hard Apple Cider with Mango and Muscat,🥉 Bronze,Inactive,United States,,,,,,
2018,Flavoured Cider,Maeloc,Maeloc Blackberry Cider,🥉 Bronze,Active,Spain,"<a href=""https://maelocway.com/"">Website</a>","<a href=""https://www.facebook.com/maelocway/"">Facebook</a>","<a href=""https://www.instagram.com/maelocway/"">Instagram</a>","<a href=""https://maps.google.com/?cid=11814015461660737074"">Google</a>",,
2018,Flavoured Cider,Maeloc,Maeloc Pineapple Pear Cider,🥉 Bronze,Active,Spain,"<a href=""https://maelocway.com/"">Website</a>","<a href=""https://www.facebook.com/maelocway/"">Facebook</a>","<a href=""https://www.instagram.com/maelocway/"">Instagram</a>","<a href=""https://maps.google.com/?cid=11814015461660737074"">Google</a>",,
2018,Flavoured Cider,Dudda's Tun Cider,Cherry Cider,🥉 Bronze,Active,England,"<a href=""https://duddastuncider.com/"">Website</a>","<a href=""https://www.facebook.com/duddastuncider/"">Facebook</a>","<a href=""https://www.instagram.com/duddastuncider/"">Instagram</a>","<a href=""https://maps.google.com/?cid=14013683904909502876"">Google</a>",,
2018,Flavoured Cider,Hawkes,Urban Orchard Mixed Berry Cider,🥉 Bronze,Active,England,"<a href=""https://wearehawkes.com/"">Website</a>","<a href=""https://www.facebook.com/wearehawkes/"">Facebook</a>","<a href=""https://www.instagram.com/hawkescidertap/"">Instagram</a>",,,
2018,Flavoured Cider,Hogan's Cider,Hogan's Hip Hop Cider,🥉 Bronze,Active,England,"<a href=""https://www.hoganscider.co.uk/"">Website</a>","<a href=""https://www.facebook.com/HogansCider/"">Facebook</a>","<a href=""https://www.instagram.com/hoganscider/"">Instagram</a>","<a href=""https://maps.google.com/?cid=344551779062280462"">Google</a>",,
2018,Flavoured Cider,Loïc Raison,Cidre Loic Raison Framboise,🥉 Bronze,Active,France,"<a href=""https://www.loicraison.fr/"">Website</a>","<a href=""https://www.facebook.com/CidreLoicRaison/"">Facebook</a>","<a href=""https://www.instagram.com/loicraison/"">Instagram</a>","<a href=""https://maps.google.com/?cid=15768587504697904757"">Google</a>",,
2018,Flavoured Cider,Les Celliers Associés,L'Authentique French Cider Pear,🥉 Bronze,Active,France,"<a href=""https://www.valderance.com/"">Website</a>","<a href=""https://www.facebook.com/ValdeRance/"">Facebook</a>","<a href=""https://www.instagram.com/lca_coop_cider/"">Instagram</a>","<a href=""https://maps.google.com/?cid=7883069809343472545"">Google</a>",,
2018,Flavoured Cider,Les Celliers Associés,L'Authentique French Cider Raspberry,🥉 Bronze,Active,France,"<a href=""https://www.valderance.com/"">Website</a>","<a href=""https://www.facebook.com/ValdeRance/"">Facebook</a>","<a href=""https://www.instagram.com/lca_coop_cider/"">Instagram</a>","<a href=""https://maps.google.com/?cid=7883069809343472545"">Google</a>",,
2018,Flavoured Cider,Long Meadow Cider,Rhubarb & Honey Cider,🥉 Bronze,Active,Northern Ireland,"<a href=""https://www.longmeadowcider.com/"">Website</a>","<a href=""https://www.facebook.com/longmeadowcider"">Facebook</a>","<a href=""https://www.instagram.com/long.meadow.cider"">Instagram</a>","<a href=""https://maps.google.com/?cid=4808669294076402426"">Google</a>","<a href=""https://www.yelp.com/biz/long-meadow-cider-portadown"">Yelp</a>","<a href=""https://www.tripadvisor.com/Attraction_Review-g209959-d20220982"">TripAdvisor</a>"
2018,Flavoured Cider,Marks & Spencer,Devon Farmhouse Cider with Elderflower Infusion (Bottle),🥉 Bronze,Active,England,"<a href=""https://www.marksandspencer.com/"">Website</a>","<a href=""https://www.facebook.com/MarksandSpencer/"">Facebook</a>","<a href=""https://www.instagram.com/marksandspencer/"">Instagram</a>",,,
2018,Flavoured Cider,Marks & Spencer,Devon Farmhouse Cider with Elderflower Infusion (Can),🥉 Bronze,Active,England,"<a href=""https://www.marksandspencer.com/"">Website</a>","<a href=""https://www.facebook.com/MarksandSpencer/"">Facebook</a>","<a href=""https://www.instagram.com/marksandspencer/"">Instagram</a>",,,
2018,Flavoured Cider,Marks & Spencer,Devon Farmhouse Cider with Raspberry (Can),🥉 Bronze,Active,England,"<a href=""https://www.marksandspencer.com/"">Website</a>","<a href=""https://www.facebook.com/MarksandSpencer/"">Facebook</a>","<a href=""https://www.instagram.com/marksandspencer/"">Instagram</a>",,,
2018,Flavoured Cider,Marks & Spencer,M&S Berry Cider,🥉 Bronze,Active,England,"<a href=""https://www.marksandspencer.com/"">Website</a>","<a href=""https://www.facebook.com/MarksandSpencer/"">Facebook</a>","<a href=""https://www.instagram.com/marksandspencer/"">Instagram</a>",,,
2018,Flavoured Cider,Ramborn Cider Co.,Ramborn Cascade - Hopped Cider,🥉 Bronze,Active,Luxembourg,"<a href=""https://www.ramborn.com/"">Website</a>","<a href=""https://www.facebook.com/RambornUS/"">Facebook</a>","<a href=""https://www.instagram.com/rambornciderco/"">Instagram</a>","<a href=""https://maps.google.com/?cid=16691194016355154342"">Google</a>",,"<a href=""https://www.tripadvisor.com/Attraction_Review-g206525-d12591209"">TripAdvisor</a>"
2018,Flavoured Cider,Sandford Orchards,Fanny's Bramble,🥉 Bronze,Active,England,"<a href=""https://www.sandfordorchards.co.uk/"">Website</a>","<a href=""https://www.facebook.com/sandfordorchards"">Facebook</a>","<a href=""https://www.instagram.com/sandfordorchards/"">Instagram</a>","<a href=""https://maps.google.com/?cid=2784404680033020235"">Google</a>",,"<a href=""https://www.tripadvisor.com/Attraction_Review-g635675-d14758900"">TripAdvisor</a>"
2018,Flavoured Cider,Sandford Orchards,St Louis Dry Hopped Cider,🥉 Bronze,Active,England,"<a href=""https://www.sandfordorchards.co.uk/"">Website</a>","<a href=""https://www.facebook.com/sandfordorchards"">Facebook</a>","<a href=""https://www.instagram.com/sandfordorchards/"">Instagram</a>","<a href=""https://maps.google.com/?cid=2784404680033020235"">Google</a>",,"<a href=""https://www.tripadvisor.com/Attraction_Review-g635675-d14758900"">TripAdvisor</a>"
2018,Flavoured Cider,Kodas,Pööripäev,🥉 Bronze,Active,Estonia,"<a href=""https://kodas.ee/"">Website</a>","<a href=""https://www.facebook.com/kodasbrand"">Facebook</a>","<a href=""https://www.instagram.com/kodasbrand/"">Instagram</a>","<a href=""https://maps.google.com/?cid=7164908846459777447"">Google</a>",,"<a href=""https://www.tripadvisor.com/Attraction_Review-g3296672-d25409720"">TripAdvisor</a>"
2018,Flavoured Cider,Eva Group,The Good Cider of San Sebastian Pear,🥉 Bronze,Active,Spain,"<a href=""https://www.evasa.com/"">Website</a>",,,"<a href=""https://maps.google.com/?cid=546948451257487120"">Google</a>",,
2018,Flavoured Cider,Eva Group,The Good Cider of San Sebastian Strawberry,🥉 Bronze,Active,Spain,"<a href=""https://www.evasa.com/"">Website</a>",,,"<a href=""https://maps.google.com/?cid=546948451257487120"">Google</a>",,
2018,Flavoured Cider,Westons Cider,Mortimer's Orchard English Berry,🥉 Bronze,Active,England,"<a href=""https://www.westons-cider.co.uk/"">Website</a>","<a href=""https://www.facebook.com/WestonsCiderMill"">Facebook</a>","<a href=""https://www.instagram.com/westonscider/"">Instagram</a>","<a href=""https://maps.google.com/?cid=11779156514256391794"">Google</a>",,"<a href=""https://www.tripadvisor.com/Attraction_Review-g186303-d218508"">TripAdvisor</a>"
2018,Flavoured Cider,Westons Cider,Rosie's Pig Raspberry Roller Sparkling Cloudy Cider,🥉 Bronze,Active,England,"<a href=""https://www.westons-cider.co.uk/"">Website</a>","<a href=""https://www.facebook.com/WestonsCiderMill"">Facebook</a>","<a href=""https://www.instagram.com/westonscider/"">Instagram</a>","<a href=""https://maps.google.com/?cid=11779156514256391794"">Google</a>",,"<a href=""https://www.tripadvisor.com/Attraction_Review-g186303-d218508"">TripAdvisor</a>"
2018,Ice Cider,Cold Hand Winery,Malus Danica 2014 - Cuvee Barrique,🥈 Silver,Active,Denmark,"<a href=""https://www.coldhandwinery.dk/"">Website</a>","<a href=""https://www.facebook.com/Cold-Hand-Winery-280396455326889/"">Facebook</a>","<a href=""https://www.instagram.com/cold_hand_winery/"">Instagram</a>","<a href=""https://maps.google.com/?cid=8847115036999398343"">Google</a>",,"<a href=""https://www.tripadvisor.com/Attraction_Review-g227594-d11638093"">TripAdvisor</a>"
2018,Ice Cider,Brännland Cider,Brännland Iscider Barrique 2015 11%,🥉 Bronze,Active,Sweden,"<a href=""https://www.brannlandcider.se/"">Website</a>","<a href=""https://www.facebook.com/brannlandcider/"">Facebook</a>","<a href=""https://www.instagram.com/brannlandcider/"">Instagram</a>","<a href=""https://maps.google.com/?cid=2299367906990041003"">Google</a>",,
2018,Ice Cider,Brännland Cider,"Brännland Iscider Lobo 2015 10,2%",🥉 Bronze,Active,Sweden,"<a href=""https://www.brannlandcider.se/"">Website</a>","<a href=""https://www.facebook.com/brannlandcider/"">Facebook</a>","<a href=""https://www.instagram.com/brannlandcider/"">Instagram</a>","<a href=""https://maps.google.com/?cid=2299367906990041003"">Google</a>",,
2018,Ice Cider,Cold Hand Winery,Malus Danica 2013 - Cuvee Essencia,🥉 Bronze,Active,Denmark,"<a href=""https://www.coldhandwinery.dk/"">Website</a>","<a href=""https://www.facebook.com/Cold-Hand-Winery-280396455326889/"">Facebook</a>","<a href=""https://www.instagram.com/cold_hand_winery/"">Instagram</a>","<a href=""https://maps.google.com/?cid=8847115036999398343"">Google</a>",,"<a href=""https://www.tripadvisor.com/Attraction_Review-g227594-d11638093"">TripAdvisor</a>"
2018,Low Alcohol Cider,Appie,Le Rosé,🥈 Silver,Active,France,,"<a href=""https://www.facebook.com/appiecidre/"">Facebook</a>","<a href=""https://www.instagram.com/appie.cidre/"">Instagram</a>",,,
2018,Low Alcohol Cider,Les Celliers Associés,Galipette Cidre Biologique,🥈 Silver,Active,France,"<a href=""https://www.valderance.com/"">Website</a>","<a href=""https://www.facebook.com/ValdeRance/"">Facebook</a>","<a href=""https://www.instagram.com/lca_coop_cider/"">Instagram</a>","<a href=""https://maps.google.com/?cid=7883069809343472545"">Google</a>",,
2018,Low Alcohol Cider,Les Celliers Associés,L'Authentique French Cider Doux,🥈 Silver,Active,France,"<a href=""https://www.valderance.com/"">Website</a>","<a href=""https://www.facebook.com/ValdeRance/"">Facebook</a>","<a href=""https://www.instagram.com/lca_coop_cider/"">Instagram</a>","<a href=""https://maps.google.com/?cid=7883069809343472545"">Google</a>",,
2018,Low Alcohol Cider,Nikka Cidre,Nikka Cidre Rose,🥉 Bronze,Active,Japan,"<a href=""https://www.asahibeer.co.jp/cidre/"">Website</a>",,,,,
2018,Low Alcohol Cider,Les Celliers Associés,Galipette Cidre Brut,🥉 Bronze,Active,France,"<a href=""https://www.valderance.com/"">Website</a>","<a href=""https://www.facebook.com/ValdeRance/"">Facebook</a>","<a href=""https://www.instagram.com/lca_coop_cider/"">Instagram</a>","<a href=""https://maps.google.com/?cid=7883069809343472545"">Google</a>",,
2018,Naturally Sparkling Cider,Loïc Raison,"Breton Cidre, Loic Raison Doux",🏆 Supreme Champion,Active,France,"<a href=""https://www.loicraison.fr/"">Website</a>","<a href=""https://www.facebook.com/CidreLoicRaison/"">Facebook</a>","<a href=""https://www.instagram.com/loicraison/"">Instagram</a>","<a href=""https://maps.google.com/?cid=15768587504697904757"">Google</a>",,
2018,Naturally Sparkling Cider,Chalkdown Cider,Chalkdown Cider,🏆 Trophy,Active,England,"<a href=""https://www.chalkdowncider.com/"">Website</a>","<a href=""https://www.facebook.com/profile.php?id=100067114172045"">Facebook</a>",,"<a href=""https://maps.google.com/?cid=7857527085025336297"">Google</a>",,
2018,Naturally Sparkling Cider,Calvados Pierre Huet,6Somewhere La Douleur Exquise,🥇 Gold,Active,France,"<a href=""https://www.calvados-huet.com/"">Website</a>","<a href=""https://www.facebook.com/calvadosph/"">Facebook</a>","<a href=""https://www.instagram.com/calvadospierrehuet/"">Instagram</a>","<a href=""https://maps.google.com/?cid=11210783185501022788"">Google</a>",,"<a href=""https://www.tripadvisor.com/Attraction_Review-g672825-d4991781"">TripAdvisor</a>"
2018,Naturally Sparkling Cider,Angry Orchard,Dear Brittany,🥇 Gold,Active,United States,"<a href=""https://www.angryorchard.com/"">Website</a>","<a href=""https://www.facebook.com/AngryOrchard/"">Facebook</a>","<a href=""https://www.instagram.com/angryorchard/"">Instagram</a>","<a href=""https://maps.google.com/?cid=17467507983407382578"">Google</a>","<a href=""https://www.yelp.com/biz/angry-orchard-walden-2"">Yelp</a>","<a href=""https://www.tripadvisor.com/Attraction_Review-g48788-d10266026"">TripAdvisor</a>"
2018,Naturally Sparkling Cider,Calvados Pierre Huet,6Somewhere Afternoon Delight,🥈 Silver,Active,France,"<a href=""https://www.calvados-huet.com/"">Website</a>","<a href=""https://www.facebook.com/calvadosph/"">Facebook</a>","<a href=""https://www.instagram.com/calvadospierrehuet/"">Instagram</a>","<a href=""https://maps.google.com/?cid=11210783185501022788"">Google</a>",,"<a href=""https://www.tripadvisor.com/Attraction_Review-g672825-d4991781"">TripAdvisor</a>"
2018,Naturally Sparkling Cider,Cidre Le Brun,Cidre Le Brun Brut,🥈 Silver,Active,France,"<a href=""https://cidrelebrun.com/"">Website</a>",,"<a href=""https://www.instagram.com/cidrelebrun"">Instagram</a>","<a href=""https://maps.google.com/?cid=5387381455239409930"">Google</a>",,
2018,Naturally Sparkling Cider,Calvados Pierre Huet,6Somewhere Coup De Foudre,🥉 Bronze,Active,France,"<a href=""https://www.calvados-huet.com/"">Website</a>","<a href=""https://www.facebook.com/calvadosph/"">Facebook</a>","<a href=""https://www.instagram.com/calvadospierrehuet/"">Instagram</a>","<a href=""https://maps.google.com/?cid=11210783185501022788"">Google</a>",,"<a href=""https://www.tripadvisor.com/Attraction_Review-g672825-d4991781"">TripAdvisor</a>"
2018,Naturally Sparkling Cider,Cidre Le Brun,Cidre Le Brun Organic,🥉 Bronze,Active,France,"<a href=""https://cidrelebrun.com/"">Website</a>",,"<a href=""https://www.instagram.com/cidrelebrun"">Instagram</a>","<a href=""https://maps.google.com/?cid=5387381455239409930"">Google</a>",,
2018,Naturally Sparkling Cider,Marks & Spencer,Breton Cider,🥉 Bronze,Active,England,"<a href=""https://www.marksandspencer.com/"">Website</a>","<a href=""https://www.facebook.com/MarksandSpencer/"">Facebook</a>","<a href=""https://www.instagram.com/marksandspencer/"">Instagram</a>",,,
2018,Naturally Sparkling Cider,Napton Cidery,Red Devil Single Variety,🥉 Bronze,Active,England,"<a href=""https://www.naptoncidery.co.uk/"">Website</a>","<a href=""https://www.facebook.com/naptoncidery"">Facebook</a>","<a href=""https://www.instagram.com/naptoncidery/"">Instagram</a>","<a href=""https://maps.google.com/?cid=12009368832613245042"">Google</a>","<a href=""https://www.yelp.com/biz/napton-cidery-southam"">Yelp</a>","<a href=""https://www.tripadvisor.co.uk/Attraction_Review-g1763975-d12810677"">TripAdvisor</a>"
2018,Naturally Sparkling Cider,North Wood Cyder,Northwood Cyder,🥉 Bronze,Inactive,England,,,,,,
2018,New World Style Cider,Tempted Cider,Tempted Irish Cider - Dry,🏆 Trophy,Active,Northern Ireland,"<a href=""https://www.temptedcider.com/"">Website</a>","<a href=""https://www.facebook.com/temptedcider/"">Facebook</a>","<a href=""https://www.instagram.com/temptedcider/"">Instagram</a>","<a href=""https://maps.google.com/?cid=4479314919661417093"">Google</a>",,
2018,New World Style Cider,Appie,Le Brut,🥈 Silver,Active,France,,"<a href=""https://www.facebook.com/appiecidre/"">Facebook</a>","<a href=""https://www.instagram.com/appie.cidre/"">Instagram</a>",,,
2018,New World Style Cider,Aston Manor Cider,Kingstone Press Classic Apple,🥈 Silver,Active,England,"<a href=""https://www.astonmanor.co.uk/"">Website</a>",,,"<a href=""https://maps.google.com/?cid=8328306569280299730"">Google</a>",,
2018,New World Style Cider,Brännland Cider,"Brännland Cider 4,5%",🥈 Silver,Active,Sweden,"<a href=""https://www.brannlandcider.se/"">Website</a>","<a href=""https://www.facebook.com/brannlandcider/"">Facebook</a>","<a href=""https://www.instagram.com/brannlandcider/"">Instagram</a>","<a href=""https://maps.google.com/?cid=2299367906990041003"">Google</a>",,
2018,New World Style Cider,Brännland Cider,"Pernilla Perle 2016 8,5%",🥈 Silver,Active,Sweden,"<a href=""https://www.brannlandcider.se/"">Website</a>","<a href=""https://www.facebook.com/brannlandcider/"">Facebook</a>","<a href=""https://www.instagram.com/brannlandcider/"">Instagram</a>","<a href=""https://maps.google.com/?cid=2299367906990041003"">Google</a>",,
2018,New World Style Cider,Sxollie,Sxollie Natural Granny Smith Cider,🥈 Silver,Active,England,"<a href=""https://sxollie.com/"">Website</a>","<a href=""https://www.facebook.com/sxollie/"">Facebook</a>","<a href=""https://www.instagram.com/sxolliexider/"">Instagram</a>","<a href=""https://maps.google.com/?cid=10777151726289454626"">Google</a>",,
2018,New World Style Cider,Ramborn Cider Co.,Ramborn Original - Medium Dry Cider,🥈 Silver,Active,Luxembourg,"<a href=""https://www.ramborn.com/"">Website</a>","<a href=""https://www.facebook.com/RambornUS/"">Facebook</a>","<a href=""https://www.instagram.com/rambornciderco/"">Instagram</a>","<a href=""https://maps.google.com/?cid=16691194016355154342"">Google</a>",,"<a href=""https://www.tripadvisor.com/Attraction_Review-g206525-d12591209"">TripAdvisor</a>"
2018,New World Style Cider,Ramborn Cider Co.,Ramborn Single Variety Erbachhofer - 2016 Harvest,🥈 Silver,Active,Luxembourg,"<a href=""https://www.ramborn.com/"">Website</a>","<a href=""https://www.facebook.com/RambornUS/"">Facebook</a>","<a href=""https://www.instagram.com/rambornciderco/"">Instagram</a>","<a href=""https://maps.google.com/?cid=16691194016355154342"">Google</a>",,"<a href=""https://www.tripadvisor.com/Attraction_Review-g206525-d12591209"">TripAdvisor</a>"
2018,New World Style Cider,Angry Orchard,Crisp Apple,🥉 Bronze,Active,United States,"<a href=""https://www.angryorchard.com/"">Website</a>","<a href=""https://www.facebook.com/AngryOrchard/"">Facebook</a>","<a href=""https://www.instagram.com/angryorchard/"">Instagram</a>","<a href=""https://maps.google.com/?cid=17467507983407382578"">Google</a>","<a href=""https://www.yelp.com/biz/angry-orchard-walden-2"">Yelp</a>","<a href=""https://www.tripadvisor.com/Attraction_Review-g48788-d10266026"">TripAdvisor</a>"
2018,New World Style Cider,Angry Orchard,Newtown Pippin (2016),🥉 Bronze,Active,United States,"<a href=""https://www.angryorchard.com/"">Website</a>","<a href=""https://www.facebook.com/AngryOrchard/"">Facebook</a>","<a href=""https://www.instagram.com/angryorchard/"">Instagram</a>","<a href=""https://maps.google.com/?cid=17467507983407382578"">Google</a>","<a href=""https://www.yelp.com/biz/angry-orchard-walden-2"">Yelp</a>","<a href=""https://www.tripadvisor.com/Attraction_Review-g48788-d10266026"">TripAdvisor</a>"
2018,New World Style Cider,Aston Manor Cider,Crumpton Oaks Farmhouse Dry,🥉 Bronze,Active,England,"<a href=""https://www.astonmanor.co.uk/"">Website</a>",,,"<a href=""https://maps.google.com/?cid=8328306569280299730"">Google</a>",,
2018,New World Style Cider,Aston Manor Cider,Friels First Press Vintage,🥉 Bronze,Active,England,"<a href=""https://www.astonmanor.co.uk/"">Website</a>",,,"<a href=""https://maps.google.com/?cid=8328306569280299730"">Google</a>",,
2018,New World Style Cider,Bi-Marct,Adam Selection Apple Cider,🥉 Bronze,Active,Croatia,,"<a href=""https://www.facebook.com/bimarct.croatia/"">Facebook</a>",,,,
2018,New World Style Cider,Biddenden Vineyards,Sparkling Kentish Cider Biddies 5,🥉 Bronze,Active,England,"<a href=""https://biddendenvineyards.com/"">Website</a>","<a href=""https://www.facebook.com/BiddendenVineyard"">Facebook</a>","<a href=""https://www.instagram.com/biddendenvineyard/"">Instagram</a>","<a href=""https://maps.google.com/?cid=13309985689707675393"">Google</a>",,"<a href=""https://www.tripadvisor.com/Attraction_Review-g503896-d2103288"">TripAdvisor</a>"
2018,New World Style Cider,Biddenden Vineyards,Sparkling Kentish Cider Red Love,🥉 Bronze,Active,England,"<a href=""https://biddendenvineyards.com/"">Website</a>","<a href=""https://www.facebook.com/BiddendenVineyard"">Facebook</a>","<a href=""https://www.instagram.com/biddendenvineyard/"">Instagram</a>","<a href=""https://maps.google.com/?cid=13309985689707675393"">Google</a>",,"<a href=""https://www.tripadvisor.com/Attraction_Review-g503896-d2103288"">TripAdvisor</a>"
2018,New World Style Cider,Bulwark Cider,Bulwark Cider Original,🥉 Bronze,Active,Canada,"<a href=""https://bulwarkcider.com/"">Website</a>","<a href=""https://www.facebook.com/bulwarkcider/"">Facebook</a>","<a href=""https://www.instagram.com/bulwarkcider/"">Instagram</a>","<a href=""https://maps.google.com/?cid=9582388698593505547"">Google</a>","<a href=""https://www.yelp.com/biz/muwin-estate-wines-halifax"">Yelp</a>",
2018,New World Style Cider,Cider Brothers,Pacific Coast Bone Dry Apple Cider,🥉 Bronze,Inactive,United States,,,,,,
2018,New World Style Cider,Cider Brothers,Pacific Coast Raw Apple Hard Cider,🥉 Bronze,Inactive,United States,,,,,,
2018,New World Style Cider,Crate Brewery,Crate Cider,🥉 Bronze,Active,England,"<a href=""https://www.cratebrewery.com/"">Website</a>","<a href=""https://www.facebook.com/cratebrewery"">Facebook</a>","<a href=""https://www.instagram.com/cratebrewery"">Instagram</a>","<a href=""https://maps.google.com/?cid=17369823570835617662"">Google</a>","<a href=""https://www.yelp.com/biz/crate-brewery-london"">Yelp</a>","<a href=""https://www.tripadvisor.com/Restaurant_Review-g186338-d3949003"">TripAdvisor</a>"
2018,New World Style Cider,Maeloc,Maeloc Sparkling Organic Cider,🥉 Bronze,Active,Spain,"<a href=""https://maelocway.com/"">Website</a>","<a href=""https://www.facebook.com/maelocway/"">Facebook</a>","<a href=""https://www.instagram.com/maelocway/"">Instagram</a>","<a href=""https://maps.google.com/?cid=11814015461660737074"">Google</a>",,
2018,New World Style Cider,Hawkes,Soul Trader,🥉 Bronze,Active,England,"<a href=""https://wearehawkes.com/"">Website</a>","<a href=""https://www.facebook.com/wearehawkes/"">Facebook</a>","<a href=""https://www.instagram.com/hawkescidertap/"">Instagram</a>",,,
2018,New World Style Cider,Hawkes,Urban Orchard Apple Cider,🥉 Bronze,Active,England,"<a href=""https://wearehawkes.com/"">Website</a>","<a href=""https://www.facebook.com/wearehawkes/"">Facebook</a>","<a href=""https://www.instagram.com/hawkescidertap/"">Instagram</a>",,,
2018,New World Style Cider,A-Factory Aomori Cidre,Aomori Cidre Sparkling Aomoriã-Nanae,🥉 Bronze,Active,Japan,"<a href=""https://afactory-abc.com/cidre/"">Website</a>",,"<a href=""https://www.instagram.com/af_yoshinocho.cidrefactory/"">Instagram</a>","<a href=""https://maps.google.com/?cid=2400746234436166085"">Google</a>",,
2018,New World Style Cider,A-Factory Aomori Cidre,Aomori Cidre Sparkling Dry,🥉 Bronze,Active,Japan,"<a href=""https://afactory-abc.com/cidre/"">Website</a>",,"<a href=""https://www.instagram.com/af_yoshinocho.cidrefactory/"">Instagram</a>","<a href=""https://maps.google.com/?cid=2400746234436166085"">Google</a>",,
2018,New World Style Cider,A-Factory Aomori Cidre,Aomori Cidre Sparkling Sweet,🥉 Bronze,Active,Japan,"<a href=""https://afactory-abc.com/cidre/"">Website</a>",,"<a href=""https://www.instagram.com/af_yoshinocho.cidrefactory/"">Instagram</a>","<a href=""https://maps.google.com/?cid=2400746234436166085"">Google</a>",,
2018,New World Style Cider,Sxollie,Sxollie Natural Golden Delicious Cider,🥉 Bronze,Active,England,"<a href=""https://sxollie.com/"">Website</a>","<a href=""https://www.facebook.com/sxollie/"">Facebook</a>","<a href=""https://www.instagram.com/sxolliexider/"">Instagram</a>","<a href=""https://maps.google.com/?cid=10777151726289454626"">Google</a>",,
2018,New World Style Cider,Kiezbaum,Kiezbaum Cider (Apple),🥉 Bronze,Active,Germany,"<a href=""https://www.kiezbaum.de/"">Website</a>","<a href=""https://www.facebook.com/kiezbaum"">Facebook</a>","<a href=""https://www.instagram.com/kiezbaum"">Instagram</a>",,,
2018,New World Style Cider,Oldfields Cider,Oldfields Medium Dry Worcestershire Cider,🥉 Bronze,Active,England,"<a href=""https://www.oldfieldscider.co.uk/"">Website</a>","<a href=""https://www.facebook.com/oldfieldscidershop"">Facebook</a>","<a href=""https://www.instagram.com/oldfieldscider/"">Instagram</a>","<a href=""https://maps.google.com/?cid=12366118442495260876"">Google</a>",,
2018,New World Style Cider,Ramborn Cider Co.,Ramborn Farmhouse - Dry Cider,🥉 Bronze,Active,Luxembourg,"<a href=""https://www.ramborn.com/"">Website</a>","<a href=""https://www.facebook.com/RambornUS/"">Facebook</a>","<a href=""https://www.instagram.com/rambornciderco/"">Instagram</a>","<a href=""https://maps.google.com/?cid=16691194016355154342"">Google</a>",,"<a href=""https://www.tripadvisor.com/Attraction_Review-g206525-d12591209"">TripAdvisor</a>"
2018,New World Style Cider,Sidewood Estate,Sidewood Estate Apple Cider,🥉 Bronze,Active,Australia,"<a href=""https://sidewood.com.au/"">Website</a>","<a href=""https://www.facebook.com/SidewoodEstate/"">Facebook</a>","<a href=""https://www.instagram.com/sidewoodestate/"">Instagram</a>","<a href=""https://maps.google.com/?cid=16006910239256404559"">Google</a>",,"<a href=""https://www.tripadvisor.com.au/Attraction_Review-g499710-d19238424"">TripAdvisor</a>"
2018,New World Style Cider,Savanna,Savanna Dry,🥉 Bronze,Active,South Africa,"<a href=""https://www.savanna.co.za/"">Website</a>","<a href=""https://www.facebook.com/SavannaCider/"">Facebook</a>","<a href=""https://www.instagram.com/savannacider/"">Instagram</a>","<a href=""https://maps.google.com/?cid=947674074671053030"">Google</a>",,
2018,New World Style Cider,Wignac,Le Lievre de Wignac,🥉 Bronze,Active,France,"<a href=""https://www.wignac.com/"">Website</a>","<a href=""https://www.facebook.com/cidrewignac/"">Facebook</a>","<a href=""https://www.instagram.com/wignac.cider/"">Instagram</a>","<a href=""https://maps.google.com/?cid=471404489608206328"">Google</a>",,
2018,Pear Cider,Cold Hand Winery,Pyrus Danica 2015,🥈 Silver,Active,Denmark,"<a href=""https://www.coldhandwinery.dk/"">Website</a>","<a href=""https://www.facebook.com/Cold-Hand-Winery-280396455326889/"">Facebook</a>","<a href=""https://www.instagram.com/cold_hand_winery/"">Instagram</a>","<a href=""https://maps.google.com/?cid=8847115036999398343"">Google</a>",,"<a href=""https://www.tripadvisor.com/Attraction_Review-g227594-d11638093"">TripAdvisor</a>"
2018,Pear Cider,Fils de Pomme,L'épatant- Organic Pear Cider,🥈 Silver,Active,France,"<a href=""https://fils-de-pomme.com/"">Website</a>","<a href=""https://www.facebook.com/filsdepomme"">Facebook</a>","<a href=""https://www.instagram.com/filsdepomme/"">Instagram</a>","<a href=""https://maps.google.com/?cid=8093403779791398976"">Google</a>",,
2018,Pear Cider,Marks & Spencer,M&S Vintage Pear Cider,🥉 Bronze,Active,England,"<a href=""https://www.marksandspencer.com/"">Website</a>","<a href=""https://www.facebook.com/MarksandSpencer/"">Facebook</a>","<a href=""https://www.instagram.com/marksandspencer/"">Instagram</a>",,,
2018,Pear Cider,Sidewood Estate,Sidewood Estate Pear Cider,🥉 Bronze,Active,Australia,"<a href=""https://sidewood.com.au/"">Website</a>","<a href=""https://www.facebook.com/SidewoodEstate/"">Facebook</a>","<a href=""https://www.instagram.com/sidewoodestate/"">Instagram</a>","<a href=""https://maps.google.com/?cid=16006910239256404559"">Google</a>",,"<a href=""https://www.tripadvisor.com.au/Attraction_Review-g499710-d19238424"">TripAdvisor</a>"
2018,Perry,Ramborn Cider Co.,Ramborn Perry,🥈 Silver,Active,Luxembourg,"<a href=""https://www.ramborn.com/"">Website</a>","<a href=""https://www.facebook.com/RambornUS/"">Facebook</a>","<a href=""https://www.instagram.com/rambornciderco/"">Instagram</a>","<a href=""https://maps.google.com/?cid=16691194016355154342"">Google</a>",,"<a href=""https://www.tripadvisor.com/Attraction_Review-g206525-d12591209"">TripAdvisor</a>"
2018,Perry,Angry Orchard,Perry,🥉 Bronze,Active,United States,"<a href=""https://www.angryorchard.com/"">Website</a>","<a href=""https://www.facebook.com/AngryOrchard/"">Facebook</a>","<a href=""https://www.instagram.com/angryorchard/"">Instagram</a>","<a href=""https://maps.google.com/?cid=17467507983407382578"">Google</a>","<a href=""https://www.yelp.com/biz/angry-orchard-walden-2"">Yelp</a>","<a href=""https://www.tripadvisor.com/Attraction_Review-g48788-d10266026"">TripAdvisor</a>"
2018,Perry,Appie,Le Poiré,🥉 Bronze,Active,France,,"<a href=""https://www.facebook.com/appiecidre/"">Facebook</a>","<a href=""https://www.instagram.com/appie.cidre/"">Instagram</a>",,,
2018,Perry,Westons Cider,Waitrose Westons English Vintage Perry Cider,🥉 Bronze,Active,England,"<a href=""https://www.westons-cider.co.uk/"">Website</a>","<a href=""https://www.facebook.com/WestonsCiderMill"">Facebook</a>","<a href=""https://www.instagram.com/westonscider/"">Instagram</a>","<a href=""https://maps.google.com/?cid=11779156514256391794"">Google</a>",,"<a href=""https://www.tripadvisor.com/Attraction_Review-g186303-d218508"">TripAdvisor</a>"
2018,Spanish Cider,Angry Orchard,Edu,🥈 Silver,Active,United States,"<a href=""https://www.angryorchard.com/"">Website</a>","<a href=""https://www.facebook.com/AngryOrchard/"">Facebook</a>","<a href=""https://www.instagram.com/angryorchard/"">Instagram</a>","<a href=""https://maps.google.com/?cid=17467507983407382578"">Google</a>","<a href=""https://www.yelp.com/biz/angry-orchard-walden-2"">Yelp</a>","<a href=""https://www.tripadvisor.com/Attraction_Review-g48788-d10266026"">TripAdvisor</a>"
2018,Spanish Cider,Izeta,Izeta Ciders,🥉 Bronze,Active,Spain,"<a href=""https://www.izeta.es/"">Website</a>","<a href=""https://www.facebook.com/IzetaSagardotegia"">Facebook</a>","<a href=""https://www.instagram.com/izetasagardotegia/"">Instagram</a>","<a href=""https://maps.google.com/?cid=5193661031886461877"">Google</a>","<a href=""https://www.yelp.com/map/izeta-sidreria-aia"">Yelp</a>","<a href=""https://www.tripadvisor.com/Restaurant_Review-g897148-d4022936"">TripAdvisor</a>"
2018,Speciality Cider,Angry Orchard,The Muse,🏆 Trophy,Active,United States,"<a href=""https://www.angryorchard.com/"">Website</a>","<a href=""https://www.facebook.com/AngryOrchard/"">Facebook</a>","<a href=""https://www.instagram.com/angryorchard/"">Instagram</a>","<a href=""https://maps.google.com/?cid=17467507983407382578"">Google</a>","<a href=""https://www.yelp.com/biz/angry-orchard-walden-2"">Yelp</a>","<a href=""https://www.tripadvisor.com/Attraction_Review-g48788-d10266026"">TripAdvisor</a>"
2018,Speciality Cider,Taunton Cider Company,Taunton Original 2016 Vintage Cider,🥇 Gold,Inactive,England,,,,,,
2018,Speciality Cider,Angry Orchard,Iceman,🥈 Silver,Active,United States,"<a href=""https://www.angryorchard.com/"">Website</a>","<a href=""https://www.facebook.com/AngryOrchard/"">Facebook</a>","<a href=""https://www.instagram.com/angryorchard/"">Instagram</a>","<a href=""https://maps.google.com/?cid=17467507983407382578"">Google</a>","<a href=""https://www.yelp.com/biz/angry-orchard-walden-2"">Yelp</a>","<a href=""https://www.tripadvisor.com/Attraction_Review-g48788-d10266026"">TripAdvisor</a>"
2018,Speciality Cider,Groupe Geloso,Cidre Verglas,🥈 Silver,Active,Canada,"<a href=""https://groupegeloso.com/"">Website</a>","<a href=""https://www.facebook.com/groupegeloso/"">Facebook</a>",,"<a href=""https://maps.google.com/?cid=14532853692172548925"">Google</a>",,
2018,Speciality Cider,Dunkertons Cider and Perry,Organic Vintage Cider,🥈 Silver,Active,England,"<a href=""https://www.dunkertonscider.co.uk/"">Website</a>","<a href=""https://www.facebook.com/dunkertonsorganiccider/"">Facebook</a>","<a href=""https://www.instagram.com/dunkertonscider/"">Instagram</a>","<a href=""https://maps.google.com/?cid=4719921113153419800"">Google</a>",,
2018,Speciality Cider,Bulmers,Bulmers Orchard Pioneers Kier's Cloudy Apple Cider,🥈 Silver,Active,England,"<a href=""https://www.bulmers.co.uk/"">Website</a>","<a href=""https://www.facebook.com/Bulmers/"">Facebook</a>","<a href=""https://www.instagram.com/bulmers_cider/"">Instagram</a>","<a href=""https://maps.google.com/?cid=13460408443952843212"">Google</a>",,
2018,Speciality Cider,Les Celliers Associés,Cidre de Bretagne Bio,🥈 Silver,Active,France,"<a href=""https://www.valderance.com/"">Website</a>","<a href=""https://www.facebook.com/ValdeRance/"">Facebook</a>","<a href=""https://www.instagram.com/lca_coop_cider/"">Instagram</a>","<a href=""https://maps.google.com/?cid=7883069809343472545"">Google</a>",,
2018,Speciality Cider,Les Celliers Associés,L'Authentique French Cider Brut,🥈 Silver,Active,France,"<a href=""https://www.valderance.com/"">Website</a>","<a href=""https://www.facebook.com/ValdeRance/"">Facebook</a>","<a href=""https://www.instagram.com/lca_coop_cider/"">Instagram</a>","<a href=""https://maps.google.com/?cid=7883069809343472545"">Google</a>",,
2018,Speciality Cider,Marks & Spencer,Kentish Pip Discovery Cider,🥈 Silver,Active,England,"<a href=""https://www.marksandspencer.com/"">Website</a>","<a href=""https://www.facebook.com/MarksandSpencer/"">Facebook</a>","<a href=""https://www.instagram.com/marksandspencer/"">Instagram</a>",,,
2018,Speciality Cider,Thatchers Cider,Thatchers Cider Barn Dabinett,🥈 Silver,Active,England,"<a href=""https://www.thatcherscider.co.uk/"">Website</a>","<a href=""https://www.facebook.com/ThatchersCiderCompany"">Facebook</a>","<a href=""https://www.instagram.com/thatcherscider/"">Instagram</a>","<a href=""https://maps.google.com/?cid=15191093037076298219"">Google</a>",,"<a href=""https://www.tripadvisor.com/Attraction_Review-g4412909-d11019728"">TripAdvisor</a>"
2018,Speciality Cider,Thatchers Cider,Thatchers Cider Barn Redstreak,🥈 Silver,Active,England,"<a href=""https://www.thatcherscider.co.uk/"">Website</a>","<a href=""https://www.facebook.com/ThatchersCiderCompany"">Facebook</a>","<a href=""https://www.instagram.com/thatcherscider/"">Instagram</a>","<a href=""https://maps.google.com/?cid=15191093037076298219"">Google</a>",,"<a href=""https://www.tripadvisor.com/Attraction_Review-g4412909-d11019728"">TripAdvisor</a>"
2018,Speciality Cider,Aspall,1728 Fine Sparkling Cyder,🥉 Bronze,Active,England,"<a href=""https://www.aspall.co.uk/"">Website</a>","<a href=""https://www.facebook.com/AspallUK/"">Facebook</a>","<a href=""https://www.instagram.com/aspalluk/"">Instagram</a>","<a href=""https://maps.google.com/?cid=12281573289882642327"">Google</a>",,
2018,Speciality Cider,Aspall,Imperial Vintage Cyder,🥉 Bronze,Active,England,"<a href=""https://www.aspall.co.uk/"">Website</a>","<a href=""https://www.facebook.com/AspallUK/"">Facebook</a>","<a href=""https://www.instagram.com/aspalluk/"">Instagram</a>","<a href=""https://maps.google.com/?cid=12281573289882642327"">Google</a>",,
2018,Speciality Cider,Aspall,Organic Cyder,🥉 Bronze,Active,England,"<a href=""https://www.aspall.co.uk/"">Website</a>","<a href=""https://www.facebook.com/AspallUK/"">Facebook</a>","<a href=""https://www.instagram.com/aspalluk/"">Instagram</a>","<a href=""https://maps.google.com/?cid=12281573289882642327"">Google</a>",,
2018,Speciality Cider,Aspall,Harry Sparrow Cyder,🥉 Bronze,Active,England,"<a href=""https://www.aspall.co.uk/"">Website</a>","<a href=""https://www.facebook.com/AspallUK/"">Facebook</a>","<a href=""https://www.instagram.com/aspalluk/"">Instagram</a>","<a href=""https://maps.google.com/?cid=12281573289882642327"">Google</a>",,
2018,Speciality Cider,Aspall,Premier Cru Cyder,🥉 Bronze,Active,England,"<a href=""https://www.aspall.co.uk/"">Website</a>","<a href=""https://www.facebook.com/AspallUK/"">Facebook</a>","<a href=""https://www.instagram.com/aspalluk/"">Instagram</a>","<a href=""https://maps.google.com/?cid=12281573289882642327"">Google</a>",,
2018,Speciality Cider,Dudda's Tun Cider,Salted Caramel Cider,🥉 Bronze,Active,England,"<a href=""https://duddastuncider.com/"">Website</a>","<a href=""https://www.facebook.com/duddastuncider/"">Facebook</a>","<a href=""https://www.instagram.com/duddastuncider/"">Instagram</a>","<a href=""https://maps.google.com/?cid=14013683904909502876"">Google</a>",,
2018,Speciality Cider,Ouse Winery,Cidre 2016,🥉 Bronze,Active,Japan,"<a href=""https://ousewinery.jp/"">Website</a>","<a href=""https://www.facebook.com/ousewinery"">Facebook</a>","<a href=""https://www.instagram.com/ousewinery"">Instagram</a>","<a href=""https://maps.google.com/?cid=13264051574333781681"">Google</a>",,"<a href=""https://www.tripadvisor.com/Attraction_Review-g298245-d23559190"">TripAdvisor</a>"
2018,Speciality Cider,Bulmers,Bulmers Orchard Pioneers Sarah's Red Apple Cider,🥉 Bronze,Active,England,"<a href=""https://www.bulmers.co.uk/"">Website</a>","<a href=""https://www.facebook.com/Bulmers/"">Facebook</a>","<a href=""https://www.instagram.com/bulmers_cider/"">Instagram</a>","<a href=""https://maps.google.com/?cid=13460408443952843212"">Google</a>",,
2018,Speciality Cider,Killahora Orchards,Pom'O Apple Port,🥉 Bronze,Active,Ireland,"<a href=""https://www.killahoraorchards.ie/"">Website</a>","<a href=""https://www.facebook.com/killahora/"">Facebook</a>","<a href=""https://www.instagram.com/killahora/"">Instagram</a>",,,
2018,Speciality Cider,Marks & Spencer,Kentish Pip Bramley Apple and Pear Cider,🥉 Bronze,Active,England,"<a href=""https://www.marksandspencer.com/"">Website</a>","<a href=""https://www.facebook.com/MarksandSpencer/"">Facebook</a>","<a href=""https://www.instagram.com/marksandspencer/"">Instagram</a>",,,
2018,Speciality Cider,Marks & Spencer,Laid Back Cider,🥉 Bronze,Active,England,"<a href=""https://www.marksandspencer.com/"">Website</a>","<a href=""https://www.facebook.com/MarksandSpencer/"">Facebook</a>","<a href=""https://www.instagram.com/marksandspencer/"">Instagram</a>",,,
2018,Speciality Cider,Thatchers Cider,Thatchers Family Reserve,🥉 Bronze,Active,England,"<a href=""https://www.thatcherscider.co.uk/"">Website</a>","<a href=""https://www.facebook.com/ThatchersCiderCompany"">Facebook</a>","<a href=""https://www.instagram.com/thatcherscider/"">Instagram</a>","<a href=""https://maps.google.com/?cid=15191093037076298219"">Google</a>",,"<a href=""https://www.tripadvisor.com/Attraction_Review-g4412909-d11019728"">TripAdvisor</a>"
2018,Speciality Cider,Silly Moo Cider,Silly Moo Cider,🥉 Bronze,Active,England,"<a href=""https://www.sillymoocider.co.uk/"">Website</a>","<a href=""https://www.facebook.com/sillymoocider/"">Facebook</a>","<a href=""https://www.instagram.com/sillymoocider"">Instagram</a>","<a href=""https://maps.google.com/?cid=296258896230348461"">Google</a>",,
2018,Speciality Cider,Waitrose,Waitrose Leckford Cox's Apple Vintage Cider,🥉 Bronze,Active,England,"<a href=""https://www.waitrose.com/"">Website</a>","<a href=""https://www.facebook.com/waitrose"">Facebook</a>","<a href=""https://www.instagram.com/waitrose/"">Instagram</a>",,,
2018,West Country Style,Hogan's Cider,Hogan's Libertine Cider,🏆 Trophy,Active,England,"<a href=""https://www.hoganscider.co.uk/"">Website</a>","<a href=""https://www.facebook.com/HogansCider/"">Facebook</a>","<a href=""https://www.instagram.com/hoganscider/"">Instagram</a>","<a href=""https://maps.google.com/?cid=344551779062280462"">Google</a>",,
2018,West Country Style,Taunton Cider Company,Taunton Original Medium Cider,🏆 Trophy,Inactive,England,,,,,,
2018,West Country Style,Appie,L'Extra-Brut,🥇 Gold,Active,France,,"<a href=""https://www.facebook.com/appiecidre/"">Facebook</a>","<a href=""https://www.instagram.com/appie.cidre/"">Instagram</a>",,,
2018,West Country Style,Aston Manor Cider,Malvern Gold,🥇 Gold,Active,England,"<a href=""https://www.astonmanor.co.uk/"">Website</a>",,,"<a href=""https://maps.google.com/?cid=8328306569280299730"">Google</a>",,
2018,West Country Style,Celtic Marches,"Lily the Pink 4.5% Medium, Sweet Cider",🥇 Gold,Active,England,"<a href=""https://www.celticmarches.com/"">Website</a>","<a href=""https://www.facebook.com/celticmarchesbeverages/"">Facebook</a>","<a href=""https://www.instagram.com/celticmarches/"">Instagram</a>","<a href=""https://maps.google.com/?cid=14163451376835523124"">Google</a>",,
2018,West Country Style,Pips Cider,Pips Meduim,🥇 Gold,Active,England,"<a href=""http://www.pipscider.com/"">Website</a>","<a href=""https://www.facebook.com/PipsCider"">Facebook</a>","<a href=""https://www.instagram.com/pipscider/"">Instagram</a>","<a href=""https://maps.google.com/?cid=16039788259014934478"">Google</a>",,
2018,West Country Style,3Cs Cider,3Cs Vintage Cider,🥈 Silver,Inactive,England,,,,,,
2018,West Country Style,Angry Orchard,Stone Dry,🥈 Silver,Active,United States,"<a href=""https://www.angryorchard.com/"">Website</a>","<a href=""https://www.facebook.com/AngryOrchard/"">Facebook</a>","<a href=""https://www.instagram.com/angryorchard/"">Instagram</a>","<a href=""https://maps.google.com/?cid=17467507983407382578"">Google</a>","<a href=""https://www.yelp.com/biz/angry-orchard-walden-2"">Yelp</a>","<a href=""https://www.tripadvisor.com/Attraction_Review-g48788-d10266026"">TripAdvisor</a>"
2018,West Country Style,Aston Manor Cider,Malvern Oak,🥈 Silver,Active,England,"<a href=""https://www.astonmanor.co.uk/"">Website</a>",,,"<a href=""https://maps.google.com/?cid=8328306569280299730"">Google</a>",,
2018,West Country Style,Maeloc,Maeloc Sweet Cider,🥈 Silver,Active,Spain,"<a href=""https://maelocway.com/"">Website</a>","<a href=""https://www.facebook.com/maelocway/"">Facebook</a>","<a href=""https://www.instagram.com/maelocway/"">Instagram</a>","<a href=""https://maps.google.com/?cid=11814015461660737074"">Google</a>",,
2018,West Country Style,Dudda's Tun Cider,Greenhorn,🥈 Silver,Active,England,"<a href=""https://duddastuncider.com/"">Website</a>","<a href=""https://www.facebook.com/duddastuncider/"">Facebook</a>","<a href=""https://www.instagram.com/duddastuncider/"">Instagram</a>","<a href=""https://maps.google.com/?cid=14013683904909502876"">Google</a>",,
2018,West Country Style,Harry's Cider,Harry's Dabinett Cider,🥈 Silver,Active,England,"<a href=""https://www.harryscidercompany.co.uk/"">Website</a>","<a href=""https://www.facebook.com/harryscider/"">Facebook</a>","<a href=""https://www.instagram.com/harrys_cider/"">Instagram</a>","<a href=""https://maps.google.com/?cid=8158521266898778933"">Google</a>",,"<a href=""https://www.tripadvisor.com/Attraction_Review-g663809-d15201249"">TripAdvisor</a>"
2018,West Country Style,Hogan's Cider,Hogan's Medium Cider,🥈 Silver,Active,England,"<a href=""https://www.hoganscider.co.uk/"">Website</a>","<a href=""https://www.facebook.com/HogansCider/"">Facebook</a>","<a href=""https://www.instagram.com/hoganscider/"">Instagram</a>","<a href=""https://maps.google.com/?cid=344551779062280462"">Google</a>",,
2018,West Country Style,Hogan's Cider,Hogan's Dry Cider,🥈 Silver,Active,England,"<a href=""https://www.hoganscider.co.uk/"">Website</a>","<a href=""https://www.facebook.com/HogansCider/"">Facebook</a>","<a href=""https://www.instagram.com/hoganscider/"">Instagram</a>","<a href=""https://maps.google.com/?cid=344551779062280462"">Google</a>",,
2018,West Country Style,Killahora Orchards,Rare Apple Bittersweet Cider,🥈 Silver,Active,Ireland,"<a href=""https://www.killahoraorchards.ie/"">Website</a>","<a href=""https://www.facebook.com/killahora/"">Facebook</a>","<a href=""https://www.instagram.com/killahora/"">Instagram</a>",,,
2018,West Country Style,Lyme Bay Winery,Sparkling Vintage Dry Cider,🥈 Silver,Inactive,England,,,,,,
2018,West Country Style,Napton Cidery,Jolly Nice,🥈 Silver,Active,England,"<a href=""https://www.naptoncidery.co.uk/"">Website</a>","<a href=""https://www.facebook.com/naptoncidery"">Facebook</a>","<a href=""https://www.instagram.com/naptoncidery/"">Instagram</a>","<a href=""https://maps.google.com/?cid=12009368832613245042"">Google</a>","<a href=""https://www.yelp.com/biz/napton-cidery-southam"">Yelp</a>","<a href=""https://www.tripadvisor.co.uk/Attraction_Review-g1763975-d12810677"">TripAdvisor</a>"
2018,West Country Style,Perry's Cider,Barn Owl - Farmhouse Cider,🥈 Silver,Active,England,"<a href=""https://www.perryscider.co.uk/"">Website</a>","<a href=""https://www.facebook.com/perryscider"">Facebook</a>","<a href=""https://www.instagram.com/perryscider/"">Instagram</a>","<a href=""https://maps.google.com/?cid=33331284311998818"">Google</a>",,"<a href=""https://www.tripadvisor.com/Attraction_Review-g1077115-d4325310"">TripAdvisor</a>"
2018,West Country Style,Rocquette Cider,Salty Dog,🥈 Silver,Active,Guernsey,"<a href=""https://www.rocquettecider.com/"">Website</a>","<a href=""https://www.facebook.com/RocquetteCider"">Facebook</a>","<a href=""https://www.instagram.com/rocquettecider/"">Instagram</a>","<a href=""https://maps.google.com/?cid=7637493415474621859"">Google</a>",,"<a href=""https://www.tripadvisor.com/Attraction_Review-g551619-d10488931"">TripAdvisor</a>"
2018,West Country Style,Beard and Sabre,Yardarm,🥈 Silver,Inactive,England,,,,,,
2018,West Country Style,Taunton Cider Company,Taunton Original Dry Cider,🥈 Silver,Inactive,England,,,,,,
2018,West Country Style,Willie Smith's,23 Varieties,🥈 Silver,Active,Australia,"<a href=""https://www.williesmiths.com.au/"">Website</a>","<a href=""https://www.facebook.com/pages/Willie-Smiths-Organic-Cider/260319247336198"">Facebook</a>","<a href=""https://www.instagram.com/williesmithscider/"">Instagram</a>","<a href=""https://maps.google.com/?cid=16057012530083496420"">Google</a>","<a href=""https://www.yelp.com/biz/willie-smith-s-apple-shed-grove"">Yelp</a>","<a href=""https://www.tripadvisor.com/Restaurant_Review-g1175547-d7911074"">TripAdvisor</a>"
2018,West Country Style,Willie Smith's,Kingston Black,🥈 Silver,Active,Australia,"<a href=""https://www.williesmiths.com.au/"">Website</a>","<a href=""https://www.facebook.com/pages/Willie-Smiths-Organic-Cider/260319247336198"">Facebook</a>","<a href=""https://www.instagram.com/williesmithscider/"">Instagram</a>","<a href=""https://maps.google.com/?cid=16057012530083496420"">Google</a>","<a href=""https://www.yelp.com/biz/willie-smith-s-apple-shed-grove"">Yelp</a>","<a href=""https://www.tripadvisor.com/Restaurant_Review-g1175547-d7911074"">TripAdvisor</a>"
2018,West Country Style,Angry Orchard,BitterSteve,🥉 Bronze,Active,United States,"<a href=""https://www.angryorchard.com/"">Website</a>","<a href=""https://www.facebook.com/AngryOrchard/"">Facebook</a>","<a href=""https://www.instagram.com/angryorchard/"">Instagram</a>","<a href=""https://maps.google.com/?cid=17467507983407382578"">Google</a>","<a href=""https://www.yelp.com/biz/angry-orchard-walden-2"">Yelp</a>","<a href=""https://www.tripadvisor.com/Attraction_Review-g48788-d10266026"">TripAdvisor</a>"
2018,West Country Style,Celtic Marches,Slack Alice 4.6% Medium Cider,🥉 Bronze,Active,England,"<a href=""https://www.celticmarches.com/"">Website</a>","<a href=""https://www.facebook.com/celticmarchesbeverages/"">Facebook</a>","<a href=""https://www.instagram.com/celticmarches/"">Instagram</a>","<a href=""https://maps.google.com/?cid=14163451376835523124"">Google</a>",,
2018,West Country Style,Celtic Marches,Thundering Molly 5.2% Medium Cider,🥉 Bronze,Active,England,"<a href=""https://www.celticmarches.com/"">Website</a>","<a href=""https://www.facebook.com/celticmarchesbeverages/"">Facebook</a>","<a href=""https://www.instagram.com/celticmarches/"">Instagram</a>","<a href=""https://maps.google.com/?cid=14163451376835523124"">Google</a>",,
2018,West Country Style,Colcombe House,The Willie Gunn,🥉 Bronze,Inactive,England,,,,,,
2018,West Country Style,Dudda's Tun Cider,Original,🥉 Bronze,Active,England,"<a href=""https://duddastuncider.com/"">Website</a>","<a href=""https://www.facebook.com/duddastuncider/"">Facebook</a>","<a href=""https://www.instagram.com/duddastuncider/"">Instagram</a>","<a href=""https://maps.google.com/?cid=14013683904909502876"">Google</a>",,
2018,West Country Style,Bulmers,Bulmers Original,🥉 Bronze,Active,England,"<a href=""https://www.bulmers.co.uk/"">Website</a>","<a href=""https://www.facebook.com/Bulmers/"">Facebook</a>","<a href=""https://www.instagram.com/bulmers_cider/"">Instagram</a>","<a href=""https://maps.google.com/?cid=13460408443952843212"">Google</a>",,
2018,West Country Style,Bulmers,Orchard Thieves,🥉 Bronze,Active,England,"<a href=""https://www.bulmers.co.uk/"">Website</a>","<a href=""https://www.facebook.com/Bulmers/"">Facebook</a>","<a href=""https://www.instagram.com/bulmers_cider/"">Instagram</a>","<a href=""https://maps.google.com/?cid=13460408443952843212"">Google</a>",,
2018,West Country Style,Kilmegan Cider,Kilmegan Irish Farmhouse Cider,🥉 Bronze,Active,Northern Ireland,"<a href=""https://kilmegancider.com/"">Website</a>","<a href=""https://www.facebook.com/kilmegancider/"">Facebook</a>","<a href=""https://www.instagram.com/kilmegancider/"">Instagram</a>","<a href=""https://maps.google.com/?cid=3112578667047542739"">Google</a>",,
2018,West Country Style,Kilmegan Cider,Kilmegan Real Cider,🥉 Bronze,Active,Northern Ireland,"<a href=""https://kilmegancider.com/"">Website</a>","<a href=""https://www.facebook.com/kilmegancider/"">Facebook</a>","<a href=""https://www.instagram.com/kilmegancider/"">Instagram</a>","<a href=""https://maps.google.com/?cid=3112578667047542739"">Google</a>",,
2018,West Country Style,Longueville House,Longueville House Cider,🥉 Bronze,Active,Ireland,"<a href=""https://www.longuevillehouse.ie/"">Website</a>","<a href=""https://www.facebook.com/LonguevilleHouseMallow"">Facebook</a>","<a href=""https://www.instagram.com/longuevillehouse/"">Instagram</a>","<a href=""https://maps.google.com/?cid=5224027865172259654"">Google</a>",,
2018,West Country Style,Marks & Spencer,Cornish Cloudy Farmhouse Cider,🥉 Bronze,Active,England,"<a href=""https://www.marksandspencer.com/"">Website</a>","<a href=""https://www.facebook.com/MarksandSpencer/"">Facebook</a>","<a href=""https://www.instagram.com/marksandspencer/"">Instagram</a>",,,
2018,West Country Style,Marks & Spencer,Devon Farmhouse Cider,🥉 Bronze,Active,England,"<a href=""https://www.marksandspencer.com/"">Website</a>","<a href=""https://www.facebook.com/MarksandSpencer/"">Facebook</a>","<a href=""https://www.instagram.com/marksandspencer/"">Instagram</a>",,,
2018,West Country Style,Marks & Spencer,M&S Devon Farmhouse Cider,🥉 Bronze,Active,England,"<a href=""https://www.marksandspencer.com/"">Website</a>","<a href=""https://www.facebook.com/MarksandSpencer/"">Facebook</a>","<a href=""https://www.instagram.com/marksandspencer/"">Instagram</a>",,,
2018,West Country Style,Marks & Spencer,M&S Somerset Traditional Cider,🥉 Bronze,Active,England,"<a href=""https://www.marksandspencer.com/"">Website</a>","<a href=""https://www.facebook.com/MarksandSpencer/"">Facebook</a>","<a href=""https://www.instagram.com/marksandspencer/"">Instagram</a>",,,
2018,West Country Style,Merrydown,Merrydown Crisp Apple Cider,🥉 Bronze,Active,England,"<a href=""https://www.merrydown.co.uk/"">Website</a>","<a href=""https://www.facebook.com/merrydown.cider/"">Facebook</a>",,,,
2018,West Country Style,Napton Cidery,Dabinett Single Variety,🥉 Bronze,Active,England,"<a href=""https://www.naptoncidery.co.uk/"">Website</a>","<a href=""https://www.facebook.com/naptoncidery"">Facebook</a>","<a href=""https://www.instagram.com/naptoncidery/"">Instagram</a>","<a href=""https://maps.google.com/?cid=12009368832613245042"">Google</a>","<a href=""https://www.yelp.com/biz/napton-cidery-southam"">Yelp</a>","<a href=""https://www.tripadvisor.co.uk/Attraction_Review-g1763975-d12810677"">TripAdvisor</a>"
2018,West Country Style,Rocquette Cider,Mouliere,🥉 Bronze,Active,Guernsey,"<a href=""https://www.rocquettecider.com/"">Website</a>","<a href=""https://www.facebook.com/RocquetteCider"">Facebook</a>","<a href=""https://www.instagram.com/rocquettecider/"">Instagram</a>","<a href=""https://maps.google.com/?cid=7637493415474621859"">Google</a>",,"<a href=""https://www.tripadvisor.com/Attraction_Review-g551619-d10488931"">TripAdvisor</a>"
2018,West Country Style,Sandford Orchards,Shaky Bridge,🥉 Bronze,Active,England,"<a href=""https://www.sandfordorchards.co.uk/"">Website</a>","<a href=""https://www.facebook.com/sandfordorchards"">Facebook</a>","<a href=""https://www.instagram.com/sandfordorchards/"">Instagram</a>","<a href=""https://maps.google.com/?cid=2784404680033020235"">Google</a>",,"<a href=""https://www.tripadvisor.com/Attraction_Review-g635675-d14758900"">TripAdvisor</a>"
2018,West Country Style,St. Ives Cider,Kirthenwood Heritage,🥉 Bronze,Active,England,"<a href=""https://stivescider.co.uk/"">Website</a>","<a href=""https://www.facebook.com/stivescider/"">Facebook</a>","<a href=""https://www.instagram.com/stivescider/"">Instagram</a>","<a href=""https://maps.google.com/?cid=12970939473205570566"">Google</a>",,
2018,West Country Style,Thatchers Cider,Thatchers Gold,🥉 Bronze,Active,England,"<a href=""https://www.thatcherscider.co.uk/"">Website</a>","<a href=""https://www.facebook.com/ThatchersCiderCompany"">Facebook</a>","<a href=""https://www.instagram.com/thatcherscider/"">Instagram</a>","<a href=""https://maps.google.com/?cid=15191093037076298219"">Google</a>",,"<a href=""https://www.tripadvisor.com/Attraction_Review-g4412909-d11019728"">TripAdvisor</a>"
2018,West Country Style,Thatchers Cider,Thatchers Green Goblin,🥉 Bronze,Active,England,"<a href=""https://www.thatcherscider.co.uk/"">Website</a>","<a href=""https://www.facebook.com/ThatchersCiderCompany"">Facebook</a>","<a href=""https://www.instagram.com/thatcherscider/"">Instagram</a>","<a href=""https://maps.google.com/?cid=15191093037076298219"">Google</a>",,"<a href=""https://www.tripadvisor.com/Attraction_Review-g4412909-d11019728"">TripAdvisor</a>"
2018,West Country Style,Thatchers Cider,Thatchers Haze,🥉 Bronze,Active,England,"<a href=""https://www.thatcherscider.co.uk/"">Website</a>","<a href=""https://www.facebook.com/ThatchersCiderCompany"">Facebook</a>","<a href=""https://www.instagram.com/thatcherscider/"">Instagram</a>","<a href=""https://maps.google.com/?cid=15191093037076298219"">Google</a>",,"<a href=""https://www.tripadvisor.com/Attraction_Review-g4412909-d11019728"">TripAdvisor</a>"
2018,West Country Style,Thatchers Cider,Thatchers Katy,🥉 Bronze,Active,England,"<a href=""https://www.thatcherscider.co.uk/"">Website</a>","<a href=""https://www.facebook.com/ThatchersCiderCompany"">Facebook</a>","<a href=""https://www.instagram.com/thatcherscider/"">Instagram</a>","<a href=""https://maps.google.com/?cid=15191093037076298219"">Google</a>",,"<a href=""https://www.tripadvisor.com/Attraction_Review-g4412909-d11019728"">TripAdvisor</a>"
2018,West Country Style,Thatchers Cider,Thatchers Old Rascal,🥉 Bronze,Active,England,"<a href=""https://www.thatcherscider.co.uk/"">Website</a>","<a href=""https://www.facebook.com/ThatchersCiderCompany"">Facebook</a>","<a href=""https://www.instagram.com/thatcherscider/"">Instagram</a>","<a href=""https://maps.google.com/?cid=15191093037076298219"">Google</a>",,"<a href=""https://www.tripadvisor.com/Attraction_Review-g4412909-d11019728"">TripAdvisor</a>"
2018,West Country Style,The Donhead Apple Company,Donhead Craft Cider,🥉 Bronze,Inactive,England,,,,,,
2018,West Country Style,Ty Gwyn Cider,Ty Gwyn Medium Cider,🥉 Bronze,Active,Wales,"<a href=""https://www.tygwyncider.co.uk/"">Website</a>","<a href=""https://www.facebook.com/Ty-Gwyn-Cider-Ty-Gwyn-Holidays-309401775703/"">Facebook</a>","<a href=""https://www.instagram.com/ty_gwyn_cider/"">Instagram</a>","<a href=""https://maps.google.com/?cid=10387007397298060764"">Google</a>",,"<a href=""https://www.tripadvisor.com/Attraction_Review-g8500569-d8291589"">TripAdvisor</a>"
2018,West Country Style,Ty Gwyn Cider,Ty Gwyn Medium Dry Cider (Yarlington Mill),🥉 Bronze,Active,Wales,"<a href=""https://www.tygwyncider.co.uk/"">Website</a>","<a href=""https://www.facebook.com/Ty-Gwyn-Cider-Ty-Gwyn-Holidays-309401775703/"">Facebook</a>","<a href=""https://www.instagram.com/ty_gwyn_cider/"">Instagram</a>","<a href=""https://maps.google.com/?cid=10387007397298060764"">Google</a>",,"<a href=""https://www.tripadvisor.com/Attraction_Review-g8500569-d8291589"">TripAdvisor</a>"
2018,West Country Style,Ty Gwyn Cider,Ty Gwyn Medium Sweet Cider (Browns),🥉 Bronze,Active,Wales,"<a href=""https://www.tygwyncider.co.uk/"">Website</a>","<a href=""https://www.facebook.com/Ty-Gwyn-Cider-Ty-Gwyn-Holidays-309401775703/"">Facebook</a>","<a href=""https://www.instagram.com/ty_gwyn_cider/"">Instagram</a>","<a href=""https://maps.google.com/?cid=10387007397298060764"">Google</a>",,"<a href=""https://www.tripadvisor.com/Attraction_Review-g8500569-d8291589"">TripAdvisor</a>"
2018,West Country Style,Westons Cider,Mortimer's Orchard,🥉 Bronze,Active,England,"<a href=""https://www.westons-cider.co.uk/"">Website</a>","<a href=""https://www.facebook.com/WestonsCiderMill"">Facebook</a>","<a href=""https://www.instagram.com/westonscider/"">Instagram</a>","<a href=""https://maps.google.com/?cid=11779156514256391794"">Google</a>",,"<a href=""https://www.tripadvisor.com/Attraction_Review-g186303-d218508"">TripAdvisor</a>"
2018,West Country Style,Westons Cider,Wyld Wood Organic Cider,🥉 Bronze,Active,England,"<a href=""https://www.westons-cider.co.uk/"">Website</a>","<a href=""https://www.facebook.com/WestonsCiderMill"">Facebook</a>","<a href=""https://www.instagram.com/westonscider/"">Instagram</a>","<a href=""https://maps.google.com/?cid=11779156514256391794"">Google</a>",,"<a href=""https://www.tripadvisor.com/Attraction_Review-g186303-d218508"">TripAdvisor</a>"
2018,Wood Aged Cider,Marks & Spencer,M&S Somerset Oak Matured Vintage cider,🥈 Silver,Active,England,"<a href=""https://www.marksandspencer.com/"">Website</a>","<a href=""https://www.facebook.com/MarksandSpencer/"">Facebook</a>","<a href=""https://www.instagram.com/marksandspencer/"">Instagram</a>",,,
2018,Wood Aged Cider,Westons Cider,Waitrose Westons English Vintage Cider,🥈 Silver,Active,England,"<a href=""https://www.westons-cider.co.uk/"">Website</a>","<a href=""https://www.facebook.com/WestonsCiderMill"">Facebook</a>","<a href=""https://www.instagram.com/westonscider/"">Instagram</a>","<a href=""https://maps.google.com/?cid=11779156514256391794"">Google</a>",,"<a href=""https://www.tripadvisor.com/Attraction_Review-g186303-d218508"">TripAdvisor</a>"
2018,Wood Aged Cider,Angry Orchard,Cuvee 2,🥉 Bronze,Active,United States,"<a href=""https://www.angryorchard.com/"">Website</a>","<a href=""https://www.facebook.com/AngryOrchard/"">Facebook</a>","<a href=""https://www.instagram.com/angryorchard/"">Instagram</a>","<a href=""https://maps.google.com/?cid=17467507983407382578"">Google</a>","<a href=""https://www.yelp.com/biz/angry-orchard-walden-2"">Yelp</a>","<a href=""https://www.tripadvisor.com/Attraction_Review-g48788-d10266026"">TripAdvisor</a>"
2018,Wood Aged Cider,Angry Orchard,Understood in Motion 02,🥉 Bronze,Active,United States,"<a href=""https://www.angryorchard.com/"">Website</a>","<a href=""https://www.facebook.com/AngryOrchard/"">Facebook</a>","<a href=""https://www.instagram.com/angryorchard/"">Instagram</a>","<a href=""https://maps.google.com/?cid=17467507983407382578"">Google</a>","<a href=""https://www.yelp.com/biz/angry-orchard-walden-2"">Yelp</a>","<a href=""https://www.tripadvisor.com/Attraction_Review-g48788-d10266026"">TripAdvisor</a>"
2018,Wood Aged Cider,Les Celliers Associés,Dan Armor Boisé,🥉 Bronze,Active,France,"<a href=""https://www.valderance.com/"">Website</a>","<a href=""https://www.facebook.com/ValdeRance/"">Facebook</a>","<a href=""https://www.instagram.com/lca_coop_cider/"">Instagram</a>","<a href=""https://maps.google.com/?cid=7883069809343472545"">Google</a>",,
2018,Wood Aged Cider,Longueville House,Longueville Mór,🥉 Bronze,Active,Ireland,"<a href=""https://www.longuevillehouse.ie/"">Website</a>","<a href=""https://www.facebook.com/LonguevilleHouseMallow"">Facebook</a>","<a href=""https://www.instagram.com/longuevillehouse/"">Instagram</a>","<a href=""https://maps.google.com/?cid=5224027865172259654"">Google</a>",,
2018,Wood Aged Cider,Thatchers Cider,Thatchers Vintage 2016,🥉 Bronze,Active,England,"<a href=""https://www.thatcherscider.co.uk/"">Website</a>","<a href=""https://www.facebook.com/ThatchersCiderCompany"">Facebook</a>","<a href=""https://www.instagram.com/thatcherscider/"">Instagram</a>","<a href=""https://maps.google.com/?cid=15191093037076298219"">Google</a>",,"<a href=""https://www.tripadvisor.com/Attraction_Review-g4412909-d11019728"">TripAdvisor</a>"
2019,Flavoured Cider,Les Celliers Associés,L'Authentique French Cider Ginger Lemon,🏆 Trophy,Active,France,"<a href=""https://www.valderance.com/"">Website</a>","<a href=""https://www.facebook.com/ValdeRance/"">Facebook</a>","<a href=""https://www.instagram.com/lca_coop_cider/"">Instagram</a>","<a href=""https://maps.google.com/?cid=7883069809343472545"">Google</a>",,
2019,Flavoured Cider,Winemaking Tasmania,Blushing Lady Sparkling Fruit Fusion,🏆 Trophy,Inactive,Australia,,,,,,
2019,Flavoured Cider,Aston Manor Cider,"Friels Raspberry, Mint & Lime",🥇 Gold,Active,England,"<a href=""https://www.astonmanor.co.uk/"">Website</a>",,,"<a href=""https://maps.google.com/?cid=8328306569280299730"">Google</a>",,
2019,Flavoured Cider,BlakStoc,Lazy Day Cucumber Cider,🥇 Gold,Active,Austria,"<a href=""http://www.blakstoc.com/"">Website</a>","<a href=""https://www.facebook.com/blakstoc/"">Facebook</a>","<a href=""https://www.instagram.com/blakstoc/"">Instagram</a>",,,
2019,Flavoured Cider,Angry Orchard,Angry Orchard The Old Fashioned,🥈 Silver,Active,United States,"<a href=""https://www.angryorchard.com/"">Website</a>","<a href=""https://www.facebook.com/AngryOrchard/"">Facebook</a>","<a href=""https://www.instagram.com/angryorchard/"">Instagram</a>","<a href=""https://maps.google.com/?cid=17467507983407382578"">Google</a>","<a href=""https://www.yelp.com/biz/angry-orchard-walden-2"">Yelp</a>","<a href=""https://www.tripadvisor.com/Attraction_Review-g48788-d10266026"">TripAdvisor</a>"
2019,Flavoured Cider,BlakStoc,Buddha´s Hand Lemon Cider,🥈 Silver,Active,Austria,"<a href=""http://www.blakstoc.com/"">Website</a>","<a href=""https://www.facebook.com/blakstoc/"">Facebook</a>","<a href=""https://www.instagram.com/blakstoc/"">Instagram</a>",,,
2019,Flavoured Cider,BlakStoc,Ginger for my Honey,🥈 Silver,Active,Austria,"<a href=""http://www.blakstoc.com/"">Website</a>","<a href=""https://www.facebook.com/blakstoc/"">Facebook</a>","<a href=""https://www.instagram.com/blakstoc/"">Instagram</a>",,,
2019,Flavoured Cider,BlakStoc,Quincy Jo & Hops Edition,🥈 Silver,Active,Austria,"<a href=""http://www.blakstoc.com/"">Website</a>","<a href=""https://www.facebook.com/blakstoc/"">Facebook</a>","<a href=""https://www.instagram.com/blakstoc/"">Instagram</a>",,,
2019,Flavoured Cider,Celtic Marches,Clementine Perry,🥈 Silver,Active,England,"<a href=""https://www.celticmarches.com/"">Website</a>","<a href=""https://www.facebook.com/celticmarchesbeverages/"">Facebook</a>","<a href=""https://www.instagram.com/celticmarches/"">Instagram</a>","<a href=""https://maps.google.com/?cid=14163451376835523124"">Google</a>",,
2019,Flavoured Cider,Crafty Nectar Cider Co.,No.8,🥈 Silver,Active,England,"<a href=""https://craftynectar.com/"">Website</a>","<a href=""https://www.facebook.com/craftynectar/"">Facebook</a>","<a href=""https://www.instagram.com/craftynectar/"">Instagram</a>",,,
2019,Flavoured Cider,Eva Group,The Good Cider of San Sebastian Wild Berry,🥈 Silver,Active,Spain,"<a href=""https://www.evasa.com/"">Website</a>",,,"<a href=""https://maps.google.com/?cid=546948451257487120"">Google</a>",,
2019,Flavoured Cider,Everson's Cider,Everson's Pomegranate Cider,🥈 Silver,Active,South Africa,"<a href=""https://eversonscider.com/"">Website</a>","<a href=""https://www.facebook.com/pages/Eversons-Cider/320004141428725"">Facebook</a>","<a href=""https://www.instagram.com/eversonscider/"">Instagram</a>","<a href=""https://maps.google.com/?cid=14518035129493727046"">Google</a>",,
2019,Flavoured Cider,Hawkes,Doom & Bloom,🥈 Silver,Active,England,"<a href=""https://wearehawkes.com/"">Website</a>","<a href=""https://www.facebook.com/wearehawkes/"">Facebook</a>","<a href=""https://www.instagram.com/hawkescidertap/"">Instagram</a>",,,
2019,Flavoured Cider,Sigelsberg Cider,Sigelsberg Cider Cierna Ribezla,🥈 Silver,Inactive,Slovakia,,,,,,
2019,Flavoured Cider,Saxby's Cider,Saxby's Rhubarb Cider,🥈 Silver,Active,England,"<a href=""https://www.saxbyscider.co.uk/"">Website</a>","<a href=""https://www.facebook.com/SaxbysCider/"">Facebook</a>","<a href=""https://www.instagram.com/saxbys_cider/"">Instagram</a>","<a href=""https://maps.google.com/?cid=3023063857963922852"">Google</a>",,
2019,Flavoured Cider,Stonewell Cider,Rós,🥈 Silver,Active,Ireland,"<a href=""https://www.stonewellcider.com/"">Website</a>","<a href=""https://www.facebook.com/stonewellcider"">Facebook</a>","<a href=""https://www.instagram.com/stonewellcider/"">Instagram</a>","<a href=""https://maps.google.com/?cid=6638378960827420170"">Google</a>",,
2019,Flavoured Cider,Abavas,Abavas Minka,🥉 Bronze,Active,Latvia,"<a href=""https://www.abavas.lv/"">Website</a>","<a href=""https://www.facebook.com/abavas.vinadaritava/"">Facebook</a>","<a href=""https://www.instagram.com/abavas_vini/"">Instagram</a>","<a href=""https://maps.google.com/?cid=11387034393378720853"">Google</a>",,"<a href=""https://www.tripadvisor.com/Attraction_Review-g608944-d23945082"">TripAdvisor</a>"
2019,Flavoured Cider,Angry Orchard,Angry Orchard Knotty Pear,🥉 Bronze,Active,United States,"<a href=""https://www.angryorchard.com/"">Website</a>","<a href=""https://www.facebook.com/AngryOrchard/"">Facebook</a>","<a href=""https://www.instagram.com/angryorchard/"">Instagram</a>","<a href=""https://maps.google.com/?cid=17467507983407382578"">Google</a>","<a href=""https://www.yelp.com/biz/angry-orchard-walden-2"">Yelp</a>","<a href=""https://www.tripadvisor.com/Attraction_Review-g48788-d10266026"">TripAdvisor</a>"
2019,Flavoured Cider,Aston Manor Cider,Kingstone Press Wild Berry,🥉 Bronze,Active,England,"<a href=""https://www.astonmanor.co.uk/"">Website</a>",,,"<a href=""https://maps.google.com/?cid=8328306569280299730"">Google</a>",,
2019,Flavoured Cider,BlakStoc,Wild Tree Hoppy Cider,🥉 Bronze,Active,Austria,"<a href=""http://www.blakstoc.com/"">Website</a>","<a href=""https://www.facebook.com/blakstoc/"">Facebook</a>","<a href=""https://www.instagram.com/blakstoc/"">Instagram</a>",,,
2019,Flavoured Cider,Celtic Marches,Toffy Dora,🥉 Bronze,Active,England,"<a href=""https://www.celticmarches.com/"">Website</a>","<a href=""https://www.facebook.com/celticmarchesbeverages/"">Facebook</a>","<a href=""https://www.instagram.com/celticmarches/"">Instagram</a>","<a href=""https://maps.google.com/?cid=14163451376835523124"">Google</a>",,
2019,Flavoured Cider,Celtic Marches,Wild Berries,🥉 Bronze,Active,England,"<a href=""https://www.celticmarches.com/"">Website</a>","<a href=""https://www.facebook.com/celticmarchesbeverages/"">Facebook</a>","<a href=""https://www.instagram.com/celticmarches/"">Instagram</a>","<a href=""https://maps.google.com/?cid=14163451376835523124"">Google</a>",,
2019,Flavoured Cider,Oldfields Cider,Berry,🥉 Bronze,Active,England,"<a href=""https://www.oldfieldscider.co.uk/"">Website</a>","<a href=""https://www.facebook.com/oldfieldscidershop"">Facebook</a>","<a href=""https://www.instagram.com/oldfieldscider/"">Instagram</a>","<a href=""https://maps.google.com/?cid=12366118442495260876"">Google</a>",,
2019,Flavoured Cider,Loxtonia Cider,Loxtonia Cider African Sundowner Baobab Flavoured Apple Cider,🥉 Bronze,Active,South Africa,"<a href=""https://loxtonia.co.za/"">Website</a>","<a href=""https://www.facebook.com/loxtoniacider/"">Facebook</a>","<a href=""https://www.instagram.com/loxtonia_cider/"">Instagram</a>","<a href=""https://maps.google.com/?cid=10388854018344349799"">Google</a>",,"<a href=""https://www.tripadvisor.com/Attraction_Review-g1594772-d19042987"">TripAdvisor</a>"
2019,Flavoured Cider,Lyme Bay Winery,Ammonite Series with Hops,🥉 Bronze,Inactive,England,,,,,,
2019,Flavoured Cider,Lyme Bay Winery,Ammonite Series with Sour Cherry,🥉 Bronze,Inactive,England,,,,,,
2019,Flavoured Cider,Mac Ivors Cider,Mac Ivors Plum & Ginger Cider,🥉 Bronze,Active,Northern Ireland,"<a href=""https://macivors.com/"">Website</a>","<a href=""https://www.facebook.com/macivorsciderco"">Facebook</a>","<a href=""https://www.instagram.com/macivorscider/"">Instagram</a>","<a href=""https://maps.google.com/?cid=11494220960590509719"">Google</a>",,
2019,Flavoured Cider,Marks & Spencer,Berry Cider,🥉 Bronze,Active,England,"<a href=""https://www.marksandspencer.com/"">Website</a>","<a href=""https://www.facebook.com/MarksandSpencer/"">Facebook</a>","<a href=""https://www.instagram.com/marksandspencer/"">Instagram</a>",,,
2019,Flavoured Cider,Marks & Spencer,Christmas Cider,🥉 Bronze,Active,England,"<a href=""https://www.marksandspencer.com/"">Website</a>","<a href=""https://www.facebook.com/MarksandSpencer/"">Facebook</a>","<a href=""https://www.instagram.com/marksandspencer/"">Instagram</a>",,,
2019,Flavoured Cider,Marks & Spencer,Cornish Cloudy Farmhouse Cider with Sicilian Lemon,🥉 Bronze,Active,England,"<a href=""https://www.marksandspencer.com/"">Website</a>","<a href=""https://www.facebook.com/MarksandSpencer/"">Facebook</a>","<a href=""https://www.instagram.com/marksandspencer/"">Instagram</a>",,,
2019,Flavoured Cider,Marks & Spencer,Devon Farmhouse Cider with Elderflower Infusion,🥉 Bronze,Active,England,"<a href=""https://www.marksandspencer.com/"">Website</a>","<a href=""https://www.facebook.com/MarksandSpencer/"">Facebook</a>","<a href=""https://www.instagram.com/marksandspencer/"">Instagram</a>",,,
2019,Flavoured Cider,Marks & Spencer,Kentish Pip Katy Apple & Rhubarb Cider,🥉 Bronze,Active,England,"<a href=""https://www.marksandspencer.com/"">Website</a>","<a href=""https://www.facebook.com/MarksandSpencer/"">Facebook</a>","<a href=""https://www.instagram.com/marksandspencer/"">Instagram</a>",,,
2019,Flavoured Cider,Cider Magnetic Apple,Cider Magnetic Apple Chmelený,🥉 Bronze,Active,Czechia,"<a href=""http://magneticapple.cz/"">Website</a>","<a href=""https://www.facebook.com/ciderma"">Facebook</a>",,"<a href=""https://maps.google.com/?cid=1709461893430543805"">Google</a>",,
2019,Flavoured Cider,Reverend Nat's Hard Cider,Reverend Nat’s Revival Hard Apple,🥉 Bronze,Inactive,United States,,,,,,
2019,Flavoured Cider,Reverend Nat's Hard Cider,Reverend Nat’s Sacrilege Sour Cherry,🥉 Bronze,Inactive,United States,,,,,,
2019,Flavoured Cider,Saxby's Cider,Saxby's Plum Cider,🥉 Bronze,Active,England,"<a href=""https://www.saxbyscider.co.uk/"">Website</a>","<a href=""https://www.facebook.com/SaxbysCider/"">Facebook</a>","<a href=""https://www.instagram.com/saxbys_cider/"">Instagram</a>","<a href=""https://maps.google.com/?cid=3023063857963922852"">Google</a>",,
2019,Flavoured Cider,Sheppy's Cider,Sheppy's Cider with Raspberry,🥉 Bronze,Active,England,"<a href=""https://www.sheppyscider.com/"">Website</a>","<a href=""https://www.facebook.com/sheppyscider/"">Facebook</a>","<a href=""https://www.instagram.com/sheppyscider/"">Instagram</a>","<a href=""https://maps.google.com/?cid=14572513592829460886"">Google</a>",,"<a href=""https://www.tripadvisor.com/Attraction_Review-g190730-d6870973"">TripAdvisor</a>"
2019,Flavoured Cider,Tempted Cider,Tempted Strawberry Cider,🥉 Bronze,Active,Northern Ireland,"<a href=""https://www.temptedcider.com/"">Website</a>","<a href=""https://www.facebook.com/temptedcider/"">Facebook</a>","<a href=""https://www.instagram.com/temptedcider/"">Instagram</a>","<a href=""https://maps.google.com/?cid=4479314919661417093"">Google</a>",,
2019,Flavoured Cider,Peacock Cider,Peacock Mango & Lime,🥉 Bronze,Active,England,"<a href=""https://www.peacockcider.co.uk/"">Website</a>","<a href=""https://www.facebook.com/PeacockCiderUK/"">Facebook</a>","<a href=""https://www.instagram.com/peacockcider/"">Instagram</a>",,,
2019,Flavoured Cider,Sidra El Gaitero,El Gaitero Red Grape Spanish Cider,🥉 Bronze,Active,Spain,"<a href=""https://www.sidraelgaitero.com/"">Website</a>","<a href=""https://www.facebook.com/grupoelgaitero"">Facebook</a>","<a href=""https://www.instagram.com/grupoelgaitero/"">Instagram</a>","<a href=""https://maps.google.com/?cid=15753532318992345137"">Google</a>",,"<a href=""https://www.tripadvisor.com/Attraction_Review-g608997-d3239389"">TripAdvisor</a>"
2019,Flavoured Cider,Waitrose,Waitrose Elderflower Cider,🥉 Bronze,Active,England,"<a href=""https://www.waitrose.com/"">Website</a>","<a href=""https://www.facebook.com/waitrose"">Facebook</a>","<a href=""https://www.instagram.com/waitrose/"">Instagram</a>",,,
2019,Flavoured Cider,Westons Cider,Mortimer's Orchard English Berry,🥉 Bronze,Active,England,"<a href=""https://www.westons-cider.co.uk/"">Website</a>","<a href=""https://www.facebook.com/WestonsCiderMill"">Facebook</a>","<a href=""https://www.instagram.com/westonscider/"">Instagram</a>","<a href=""https://maps.google.com/?cid=11779156514256391794"">Google</a>",,"<a href=""https://www.tripadvisor.com/Attraction_Review-g186303-d218508"">TripAdvisor</a>"
2019,Flavoured Cider,Westons Cider,Rosie's Pig Raspberry Cloudy Cider with Cucumber,🥉 Bronze,Active,England,"<a href=""https://www.westons-cider.co.uk/"">Website</a>","<a href=""https://www.facebook.com/WestonsCiderMill"">Facebook</a>","<a href=""https://www.instagram.com/westonscider/"">Instagram</a>","<a href=""https://maps.google.com/?cid=11779156514256391794"">Google</a>",,"<a href=""https://www.tripadvisor.com/Attraction_Review-g186303-d218508"">TripAdvisor</a>"
2019,Ice Cider,Zapiain,Bizi-Goxo 2015,🏆 Trophy,Active,Spain,"<a href=""https://zapiain.eus/"">Website</a>","<a href=""https://www.facebook.com/zapiainsagardoa"">Facebook</a>","<a href=""https://www.instagram.com/zapiainsagardoa/"">Instagram</a>","<a href=""https://maps.google.com/?cid=16982677267877188990"">Google</a>",,"<a href=""https://www.tripadvisor.com/Restaurant_Review-g1064182-d3806229"">TripAdvisor</a>"
2019,Ice Cider,Sidra El Gaitero,1898,🥈 Silver,Active,Spain,"<a href=""https://www.sidraelgaitero.com/"">Website</a>","<a href=""https://www.facebook.com/grupoelgaitero"">Facebook</a>","<a href=""https://www.instagram.com/grupoelgaitero/"">Instagram</a>","<a href=""https://maps.google.com/?cid=15753532318992345137"">Google</a>",,"<a href=""https://www.tripadvisor.com/Attraction_Review-g608997-d3239389"">TripAdvisor</a>"
2019,Ice Cider,Angry Orchard,Angry Orchard Iceman,🥉 Bronze,Active,United States,"<a href=""https://www.angryorchard.com/"">Website</a>","<a href=""https://www.facebook.com/AngryOrchard/"">Facebook</a>","<a href=""https://www.instagram.com/angryorchard/"">Instagram</a>","<a href=""https://maps.google.com/?cid=17467507983407382578"">Google</a>","<a href=""https://www.yelp.com/biz/angry-orchard-walden-2"">Yelp</a>","<a href=""https://www.tripadvisor.com/Attraction_Review-g48788-d10266026"">TripAdvisor</a>"
2019,Ice Cider,Domaine Pinnacle,Domaine Pinnacle,🥉 Bronze,Active,Canada,"<a href=""https://domainepinnacle.ca/"">Website</a>","<a href=""https://www.facebook.com/cidredomainepinnacle"">Facebook</a>","<a href=""https://www.instagram.com/domainepinnacle/"">Instagram</a>",,"<a href=""https://www.yelp.com/biz/domaine-pinnacle-frelighsburg"">Yelp</a>","<a href=""https://www.tripadvisor.com/Attraction_Review-g1927400-d7208483"">TripAdvisor</a>"
2019,Ice Cider,Cidrerie Verger Hemmingford,Neige Premiere,🥉 Bronze,Inactive,Canada,,,,,,
2019,Low and No Alcohol Cider,Nikka Cidre,Nikka Cidre Rose,🥈 Silver,Active,Japan,"<a href=""https://www.asahibeer.co.jp/cidre/"">Website</a>",,,,,
2019,Low and No Alcohol Cider,Sassy,Sassy Cidre Rosé,🥈 Silver,Active,France,"<a href=""https://www.maison-sassy.com/"">Website</a>","<a href=""https://www.facebook.com/maisonsassy"">Facebook</a>","<a href=""https://www.instagram.com/maisonsassy"">Instagram</a>",,,
2019,Low and No Alcohol Cider,Marks & Spencer,Breton Cidre,🥈 Silver,Active,England,"<a href=""https://www.marksandspencer.com/"">Website</a>","<a href=""https://www.facebook.com/MarksandSpencer/"">Facebook</a>","<a href=""https://www.instagram.com/marksandspencer/"">Instagram</a>",,,
2019,Low and No Alcohol Cider,Marks & Spencer,Herefordshire Low Alcohol Cider 0.5%,🥈 Silver,Active,England,"<a href=""https://www.marksandspencer.com/"">Website</a>","<a href=""https://www.facebook.com/MarksandSpencer/"">Facebook</a>","<a href=""https://www.instagram.com/marksandspencer/"">Instagram</a>",,,
2019,Low and No Alcohol Cider,Marks & Spencer,Laid Back Cider,🥈 Silver,Active,England,"<a href=""https://www.marksandspencer.com/"">Website</a>","<a href=""https://www.facebook.com/MarksandSpencer/"">Facebook</a>","<a href=""https://www.instagram.com/marksandspencer/"">Instagram</a>",,,
2019,Low and No Alcohol Cider,Les Celliers Associés,Galipette 0%,🥉 Bronze,Active,France,"<a href=""https://www.valderance.com/"">Website</a>","<a href=""https://www.facebook.com/ValdeRance/"">Facebook</a>","<a href=""https://www.instagram.com/lca_coop_cider/"">Instagram</a>","<a href=""https://maps.google.com/?cid=7883069809343472545"">Google</a>",,
2019,Low and No Alcohol Cider,Sheppy's Cider,Sheppy's Low Alcohol Classic Cider,🥉 Bronze,Active,England,"<a href=""https://www.sheppyscider.com/"">Website</a>","<a href=""https://www.facebook.com/sheppyscider/"">Facebook</a>","<a href=""https://www.instagram.com/sheppyscider/"">Instagram</a>","<a href=""https://maps.google.com/?cid=14572513592829460886"">Google</a>",,"<a href=""https://www.tripadvisor.com/Attraction_Review-g190730-d6870973"">TripAdvisor</a>"
2019,Low and No Alcohol Cider,Waitrose,Waitrose Low Alcohol Cider,🥉 Bronze,Active,England,"<a href=""https://www.waitrose.com/"">Website</a>","<a href=""https://www.facebook.com/waitrose"">Facebook</a>","<a href=""https://www.instagram.com/waitrose/"">Instagram</a>",,,
2019,Low and No Alcohol Cider,Westons Cider,Stowford Press Low Alcohol Cider,🥉 Bronze,Active,England,"<a href=""https://www.westons-cider.co.uk/"">Website</a>","<a href=""https://www.facebook.com/WestonsCiderMill"">Facebook</a>","<a href=""https://www.instagram.com/westonscider/"">Instagram</a>","<a href=""https://maps.google.com/?cid=11779156514256391794"">Google</a>",,"<a href=""https://www.tripadvisor.com/Attraction_Review-g186303-d218508"">TripAdvisor</a>"
2019,Naturally Sparkling Cider,Cidre Le Brun,Cidre Le Brun AOP Cornouaille,🥈 Silver,Active,France,"<a href=""https://cidrelebrun.com/"">Website</a>",,"<a href=""https://www.instagram.com/cidrelebrun"">Instagram</a>","<a href=""https://maps.google.com/?cid=5387381455239409930"">Google</a>",,
2019,Naturally Sparkling Cider,Écusson,Ecusson Bio 100 Ans,🥈 Silver,Active,France,"<a href=""https://www.cidre-ecusson.com/"">Website</a>","<a href=""https://www.facebook.com/CidreEcusson/"">Facebook</a>","<a href=""https://www.instagram.com/cidreecusson/"">Instagram</a>",,,
2019,Naturally Sparkling Cider,Écusson,Ecusson Rose Le Délicieux,🥈 Silver,Active,France,"<a href=""https://www.cidre-ecusson.com/"">Website</a>","<a href=""https://www.facebook.com/CidreEcusson/"">Facebook</a>","<a href=""https://www.instagram.com/cidreecusson/"">Instagram</a>",,,
2019,Naturally Sparkling Cider,La Mordue,La Mordue Original,🥈 Silver,Active,France,"<a href=""https://www.lamordue.fr/"">Website</a>","<a href=""https://www.facebook.com/ciderlamordue/"">Facebook</a>","<a href=""https://www.instagram.com/ciderlamordue/"">Instagram</a>","<a href=""https://maps.google.com/?cid=12531232480419391978"">Google</a>",,
2019,Naturally Sparkling Cider,Sidra El Gaitero,El Gaitero Etiqueta Negra,🥈 Silver,Active,Spain,"<a href=""https://www.sidraelgaitero.com/"">Website</a>","<a href=""https://www.facebook.com/grupoelgaitero"">Facebook</a>","<a href=""https://www.instagram.com/grupoelgaitero/"">Instagram</a>","<a href=""https://maps.google.com/?cid=15753532318992345137"">Google</a>",,"<a href=""https://www.tripadvisor.com/Attraction_Review-g608997-d3239389"">TripAdvisor</a>"
2019,Naturally Sparkling Cider,Sidra El Gaitero,Pomarina,🥈 Silver,Active,Spain,"<a href=""https://www.sidraelgaitero.com/"">Website</a>","<a href=""https://www.facebook.com/grupoelgaitero"">Facebook</a>","<a href=""https://www.instagram.com/grupoelgaitero/"">Instagram</a>","<a href=""https://maps.google.com/?cid=15753532318992345137"">Google</a>",,"<a href=""https://www.tripadvisor.com/Attraction_Review-g608997-d3239389"">TripAdvisor</a>"
2019,Naturally Sparkling Cider,Loïc Raison,Loic Raison Brut Intense,🥉 Bronze,Active,France,"<a href=""https://www.loicraison.fr/"">Website</a>","<a href=""https://www.facebook.com/CidreLoicRaison/"">Facebook</a>","<a href=""https://www.instagram.com/loicraison/"">Instagram</a>","<a href=""https://maps.google.com/?cid=15768587504697904757"">Google</a>",,
2019,Naturally Sparkling Cider,Loïc Raison,Loic Raison Degustation,🥉 Bronze,Active,France,"<a href=""https://www.loicraison.fr/"">Website</a>","<a href=""https://www.facebook.com/CidreLoicRaison/"">Facebook</a>","<a href=""https://www.instagram.com/loicraison/"">Instagram</a>","<a href=""https://maps.google.com/?cid=15768587504697904757"">Google</a>",,
2019,Naturally Sparkling Cider,Loïc Raison,Loic Raison Doux Fruité,🥉 Bronze,Active,France,"<a href=""https://www.loicraison.fr/"">Website</a>","<a href=""https://www.facebook.com/CidreLoicRaison/"">Facebook</a>","<a href=""https://www.instagram.com/loicraison/"">Instagram</a>","<a href=""https://maps.google.com/?cid=15768587504697904757"">Google</a>",,
2019,Naturally Sparkling Cider,Loïc Raison,Loic Raison Traditionnel,🥉 Bronze,Active,France,"<a href=""https://www.loicraison.fr/"">Website</a>","<a href=""https://www.facebook.com/CidreLoicRaison/"">Facebook</a>","<a href=""https://www.instagram.com/loicraison/"">Instagram</a>","<a href=""https://maps.google.com/?cid=15768587504697904757"">Google</a>",,
2019,Naturally Sparkling Cider,Chalkdown Cider,Chalkdown Cider,🥉 Bronze,Active,England,"<a href=""https://www.chalkdowncider.com/"">Website</a>","<a href=""https://www.facebook.com/profile.php?id=100067114172045"">Facebook</a>",,"<a href=""https://maps.google.com/?cid=7857527085025336297"">Google</a>",,
2019,Naturally Sparkling Cider,Hawkes,Traditional Method,🥉 Bronze,Active,England,"<a href=""https://wearehawkes.com/"">Website</a>","<a href=""https://www.facebook.com/wearehawkes/"">Facebook</a>","<a href=""https://www.instagram.com/hawkescidertap/"">Instagram</a>",,,
2019,Naturally Sparkling Cider,Ladislav Sorcik,Silver Cider,🥉 Bronze,Inactive,Czechia,,,,,,
2019,Naturally Sparkling Cider,Les Celliers Associés,Mont Saint Michel Doux,🥉 Bronze,Active,France,"<a href=""https://www.valderance.com/"">Website</a>","<a href=""https://www.facebook.com/ValdeRance/"">Facebook</a>","<a href=""https://www.instagram.com/lca_coop_cider/"">Instagram</a>","<a href=""https://maps.google.com/?cid=7883069809343472545"">Google</a>",,
2019,New World Style Cider,Sxollie,Sxollie Pink Lady Cider,🏆 Supreme Champion,Active,England,"<a href=""https://sxollie.com/"">Website</a>","<a href=""https://www.facebook.com/sxollie/"">Facebook</a>","<a href=""https://www.instagram.com/sxolliexider/"">Instagram</a>","<a href=""https://maps.google.com/?cid=10777151726289454626"">Google</a>",,
2019,New World Style Cider,A-Factory Aomori Cidre,Aomori Cidre Sparkling Dry,🥇 Gold,Active,Japan,"<a href=""https://afactory-abc.com/cidre/"">Website</a>",,"<a href=""https://www.instagram.com/af_yoshinocho.cidrefactory/"">Instagram</a>","<a href=""https://maps.google.com/?cid=2400746234436166085"">Google</a>",,
2019,New World Style Cider,A-Factory Aomori Cidre,Aomori Cidre Sparkling Standard,🥇 Gold,Active,Japan,"<a href=""https://afactory-abc.com/cidre/"">Website</a>",,"<a href=""https://www.instagram.com/af_yoshinocho.cidrefactory/"">Instagram</a>","<a href=""https://maps.google.com/?cid=2400746234436166085"">Google</a>",,
2019,New World Style Cider,Eva Group,The Good Cider of San Sebastian Dry Apple,🥇 Gold,Active,Spain,"<a href=""https://www.evasa.com/"">Website</a>",,,"<a href=""https://maps.google.com/?cid=546948451257487120"">Google</a>",,
2019,New World Style Cider,Fein | Wein & Obst,Braeburn Cider,🥇 Gold,Active,Austria,"<a href=""https://www.weinobstfein.at/"">Website</a>",,,"<a href=""https://maps.google.com/?cid=11931224194322779205"">Google</a>",,
2019,New World Style Cider,Oldfields Cider,Applefresco,🥇 Gold,Active,England,"<a href=""https://www.oldfieldscider.co.uk/"">Website</a>","<a href=""https://www.facebook.com/oldfieldscidershop"">Facebook</a>","<a href=""https://www.instagram.com/oldfieldscider/"">Instagram</a>","<a href=""https://maps.google.com/?cid=12366118442495260876"">Google</a>",,
2019,New World Style Cider,A-Factory Aomori Cidre,Aomori Cidre Sparkling Sweet,🥈 Silver,Active,Japan,"<a href=""https://afactory-abc.com/cidre/"">Website</a>",,"<a href=""https://www.instagram.com/af_yoshinocho.cidrefactory/"">Instagram</a>","<a href=""https://maps.google.com/?cid=2400746234436166085"">Google</a>",,
2019,New World Style Cider,Abavas,Abavas Apple Cider Premium Brut,🥈 Silver,Active,Latvia,"<a href=""https://www.abavas.lv/"">Website</a>","<a href=""https://www.facebook.com/abavas.vinadaritava/"">Facebook</a>","<a href=""https://www.instagram.com/abavas_vini/"">Instagram</a>","<a href=""https://maps.google.com/?cid=11387034393378720853"">Google</a>",,"<a href=""https://www.tripadvisor.com/Attraction_Review-g608944-d23945082"">TripAdvisor</a>"
2019,New World Style Cider,Angry Orchard,Angry Orchard Crisp Apple,🥈 Silver,Active,United States,"<a href=""https://www.angryorchard.com/"">Website</a>","<a href=""https://www.facebook.com/AngryOrchard/"">Facebook</a>","<a href=""https://www.instagram.com/angryorchard/"">Instagram</a>","<a href=""https://maps.google.com/?cid=17467507983407382578"">Google</a>","<a href=""https://www.yelp.com/biz/angry-orchard-walden-2"">Yelp</a>","<a href=""https://www.tripadvisor.com/Attraction_Review-g48788-d10266026"">TripAdvisor</a>"
2019,New World Style Cider,Angry Orchard,Angry Orchard Green Apple,🥈 Silver,Active,United States,"<a href=""https://www.angryorchard.com/"">Website</a>","<a href=""https://www.facebook.com/AngryOrchard/"">Facebook</a>","<a href=""https://www.instagram.com/angryorchard/"">Instagram</a>","<a href=""https://maps.google.com/?cid=17467507983407382578"">Google</a>","<a href=""https://www.yelp.com/biz/angry-orchard-walden-2"">Yelp</a>","<a href=""https://www.tripadvisor.com/Attraction_Review-g48788-d10266026"">TripAdvisor</a>"
2019,New World Style Cider,Curious Brewery,Curious Apple,🥈 Silver,Active,England,"<a href=""https://curiousbrewery.com/"">Website</a>","<a href=""https://www.facebook.com/CuriousBrewery/"">Facebook</a>","<a href=""https://www.instagram.com/curiousbrewery/"">Instagram</a>","<a href=""https://maps.google.com/?cid=7077008771870705738"">Google</a>",,"<a href=""https://www.tripadvisor.com/Attraction_Review-g190759-d17434194"">TripAdvisor</a>"
2019,New World Style Cider,Dudda's Tun Cider,Disco,🥈 Silver,Active,England,"<a href=""https://duddastuncider.com/"">Website</a>","<a href=""https://www.facebook.com/duddastuncider/"">Facebook</a>","<a href=""https://www.instagram.com/duddastuncider/"">Instagram</a>","<a href=""https://maps.google.com/?cid=14013683904909502876"">Google</a>",,
2019,New World Style Cider,Dudda's Tun Cider,Greenhorn,🥈 Silver,Active,England,"<a href=""https://duddastuncider.com/"">Website</a>","<a href=""https://www.facebook.com/duddastuncider/"">Facebook</a>","<a href=""https://www.instagram.com/duddastuncider/"">Instagram</a>","<a href=""https://maps.google.com/?cid=14013683904909502876"">Google</a>",,
2019,New World Style Cider,Hawkes,Soul Trader,🥈 Silver,Active,England,"<a href=""https://wearehawkes.com/"">Website</a>","<a href=""https://www.facebook.com/wearehawkes/"">Facebook</a>","<a href=""https://www.instagram.com/hawkescidertap/"">Instagram</a>",,,
2019,New World Style Cider,Kelterei Heil,Cooper's Original Cider,🥈 Silver,Active,Germany,"<a href=""https://kelterei-heil.de/"">Website</a>","<a href=""https://www.facebook.com/keltereiheil/"">Facebook</a>","<a href=""https://www.instagram.com/keltereiheil"">Instagram</a>","<a href=""https://maps.google.com/?cid=18431477139160593371"">Google</a>",,
2019,New World Style Cider,Kiezbaum,Kiezbaum Cider Apple,🥈 Silver,Active,Germany,"<a href=""https://www.kiezbaum.de/"">Website</a>","<a href=""https://www.facebook.com/kiezbaum"">Facebook</a>","<a href=""https://www.instagram.com/kiezbaum"">Instagram</a>",,,
2019,New World Style Cider,Kilmegan Cider,Kilmegan Real Cider,🥈 Silver,Active,Northern Ireland,"<a href=""https://kilmegancider.com/"">Website</a>","<a href=""https://www.facebook.com/kilmegancider/"">Facebook</a>","<a href=""https://www.instagram.com/kilmegancider/"">Instagram</a>","<a href=""https://maps.google.com/?cid=3112578667047542739"">Google</a>",,
2019,New World Style Cider,Oldfields Cider,Medium Dry,🥈 Silver,Active,England,"<a href=""https://www.oldfieldscider.co.uk/"">Website</a>","<a href=""https://www.facebook.com/oldfieldscidershop"">Facebook</a>","<a href=""https://www.instagram.com/oldfieldscider/"">Instagram</a>","<a href=""https://maps.google.com/?cid=12366118442495260876"">Google</a>",,
2019,New World Style Cider,Loxtonia Cider,Loxtonia Cider Crispy Apple,🥈 Silver,Active,South Africa,"<a href=""https://loxtonia.co.za/"">Website</a>","<a href=""https://www.facebook.com/loxtoniacider/"">Facebook</a>","<a href=""https://www.instagram.com/loxtonia_cider/"">Instagram</a>","<a href=""https://maps.google.com/?cid=10388854018344349799"">Google</a>",,"<a href=""https://www.tripadvisor.com/Attraction_Review-g1594772-d19042987"">TripAdvisor</a>"
2019,New World Style Cider,Loxtonia Cider,Loxtonia Cider Sparkling Apple Cider,🥈 Silver,Active,South Africa,"<a href=""https://loxtonia.co.za/"">Website</a>","<a href=""https://www.facebook.com/loxtoniacider/"">Facebook</a>","<a href=""https://www.instagram.com/loxtonia_cider/"">Instagram</a>","<a href=""https://maps.google.com/?cid=10388854018344349799"">Google</a>",,"<a href=""https://www.tripadvisor.com/Attraction_Review-g1594772-d19042987"">TripAdvisor</a>"
2019,New World Style Cider,Mac Ivors Cider,Mac Ivors Medium Cider,🥈 Silver,Active,Northern Ireland,"<a href=""https://macivors.com/"">Website</a>","<a href=""https://www.facebook.com/macivorsciderco"">Facebook</a>","<a href=""https://www.instagram.com/macivorscider/"">Instagram</a>","<a href=""https://maps.google.com/?cid=11494220960590509719"">Google</a>",,
2019,New World Style Cider,Marks & Spencer,Cornish Cloudy Farmhouse Cider,🥈 Silver,Active,England,"<a href=""https://www.marksandspencer.com/"">Website</a>","<a href=""https://www.facebook.com/MarksandSpencer/"">Facebook</a>","<a href=""https://www.instagram.com/marksandspencer/"">Instagram</a>",,,
2019,New World Style Cider,Marks & Spencer,Kentish Pip Bramley Apple & Pear Cider,🥈 Silver,Active,England,"<a href=""https://www.marksandspencer.com/"">Website</a>","<a href=""https://www.facebook.com/MarksandSpencer/"">Facebook</a>","<a href=""https://www.instagram.com/marksandspencer/"">Instagram</a>",,,
2019,New World Style Cider,Sigelsberg Cider,Sigelsberg Cider Polosladky,🥈 Silver,Inactive,Slovakia,,,,,,
2019,New World Style Cider,Cider Magnetic Apple,Cider Magnetic Apple Original,🥈 Silver,Active,Czechia,"<a href=""http://magneticapple.cz/"">Website</a>","<a href=""https://www.facebook.com/ciderma"">Facebook</a>",,"<a href=""https://maps.google.com/?cid=1709461893430543805"">Google</a>",,
2019,New World Style Cider,Saxby's Cider,Saxby's Original,🥈 Silver,Active,England,"<a href=""https://www.saxbyscider.co.uk/"">Website</a>","<a href=""https://www.facebook.com/SaxbysCider/"">Facebook</a>","<a href=""https://www.instagram.com/saxbys_cider/"">Instagram</a>","<a href=""https://maps.google.com/?cid=3023063857963922852"">Google</a>",,
2019,New World Style Cider,Tempted Cider,Tempted Medium Dry Cider,🥈 Silver,Active,Northern Ireland,"<a href=""https://www.temptedcider.com/"">Website</a>","<a href=""https://www.facebook.com/temptedcider/"">Facebook</a>","<a href=""https://www.instagram.com/temptedcider/"">Instagram</a>","<a href=""https://maps.google.com/?cid=4479314919661417093"">Google</a>",,
2019,New World Style Cider,Sidra El Gaitero,El Gaitero Spanish Cider,🥈 Silver,Active,Spain,"<a href=""https://www.sidraelgaitero.com/"">Website</a>","<a href=""https://www.facebook.com/grupoelgaitero"">Facebook</a>","<a href=""https://www.instagram.com/grupoelgaitero/"">Instagram</a>","<a href=""https://maps.google.com/?cid=15753532318992345137"">Google</a>",,"<a href=""https://www.tripadvisor.com/Attraction_Review-g608997-d3239389"">TripAdvisor</a>"
2019,New World Style Cider,Winemaking Tasmania,Black Devil Tasmania Premium Cider,🥈 Silver,Inactive,Australia,,,,,,
2019,New World Style Cider,Wise Owl Cider,Dry Lightly Sparkling Cider,🥈 Silver,Active,England,"<a href=""https://wiseowlcider.com/"">Website</a>","<a href=""https://www.facebook.com/wiseowlciderkent/"">Facebook</a>","<a href=""https://www.instagram.com/wiseowlcider/"">Instagram</a>","<a href=""https://maps.google.com/?cid=13293738296862003314"">Google</a>",,
2019,New World Style Cider,Abavas,Abavas Apple Cider Medium,🥉 Bronze,Active,Latvia,"<a href=""https://www.abavas.lv/"">Website</a>","<a href=""https://www.facebook.com/abavas.vinadaritava/"">Facebook</a>","<a href=""https://www.instagram.com/abavas_vini/"">Instagram</a>","<a href=""https://maps.google.com/?cid=11387034393378720853"">Google</a>",,"<a href=""https://www.tripadvisor.com/Attraction_Review-g608944-d23945082"">TripAdvisor</a>"
2019,New World Style Cider,Angry Orchard,Angry Orchard Easy Apple,🥉 Bronze,Active,United States,"<a href=""https://www.angryorchard.com/"">Website</a>","<a href=""https://www.facebook.com/AngryOrchard/"">Facebook</a>","<a href=""https://www.instagram.com/angryorchard/"">Instagram</a>","<a href=""https://maps.google.com/?cid=17467507983407382578"">Google</a>","<a href=""https://www.yelp.com/biz/angry-orchard-walden-2"">Yelp</a>","<a href=""https://www.tripadvisor.com/Attraction_Review-g48788-d10266026"">TripAdvisor</a>"
2019,New World Style Cider,Bembel With Care,Apfelwein-Pur,🥉 Bronze,Active,Germany,"<a href=""https://bembel-with-care.com/"">Website</a>","<a href=""https://www.facebook.com/bembel.with.care"">Facebook</a>","<a href=""https://www.instagram.com/bembel.with.care/"">Instagram</a>",,,
2019,New World Style Cider,Hawkes,Urban Orchard,🥉 Bronze,Active,England,"<a href=""https://wearehawkes.com/"">Website</a>","<a href=""https://www.facebook.com/wearehawkes/"">Facebook</a>","<a href=""https://www.instagram.com/hawkescidertap/"">Instagram</a>",,,
2019,New World Style Cider,Kilmegan Cider,Irish Farmhouse,🥉 Bronze,Active,Northern Ireland,"<a href=""https://kilmegancider.com/"">Website</a>","<a href=""https://www.facebook.com/kilmegancider/"">Facebook</a>","<a href=""https://www.instagram.com/kilmegancider/"">Instagram</a>","<a href=""https://maps.google.com/?cid=3112578667047542739"">Google</a>",,
2019,New World Style Cider,Les Celliers Associés,Mont Saint Michel Dry,🥉 Bronze,Active,France,"<a href=""https://www.valderance.com/"">Website</a>","<a href=""https://www.facebook.com/ValdeRance/"">Facebook</a>","<a href=""https://www.instagram.com/lca_coop_cider/"">Instagram</a>","<a href=""https://maps.google.com/?cid=7883069809343472545"">Google</a>",,
2019,New World Style Cider,Olvi,Olvi Cid Siideri,🥉 Bronze,Active,Finland,"<a href=""https://www.olvi.fi/"">Website</a>","<a href=""https://www.facebook.com/OlviOyj"">Facebook</a>","<a href=""https://www.instagram.com/olvi_oyj"">Instagram</a>","<a href=""https://maps.google.com/?cid=1723112676506354669"">Google</a>",,
2019,New World Style Cider,Sidewood Estate,Sidewood Apple Cider,🥉 Bronze,Active,Australia,"<a href=""https://sidewood.com.au/"">Website</a>","<a href=""https://www.facebook.com/SidewoodEstate/"">Facebook</a>","<a href=""https://www.instagram.com/sidewoodestate/"">Instagram</a>","<a href=""https://maps.google.com/?cid=16006910239256404559"">Google</a>",,"<a href=""https://www.tripadvisor.com.au/Attraction_Review-g499710-d19238424"">TripAdvisor</a>"
2019,New World Style Cider,Kodas,Hipster,🥉 Bronze,Active,Estonia,"<a href=""https://kodas.ee/"">Website</a>","<a href=""https://www.facebook.com/kodasbrand"">Facebook</a>","<a href=""https://www.instagram.com/kodasbrand/"">Instagram</a>","<a href=""https://maps.google.com/?cid=7164908846459777447"">Google</a>",,"<a href=""https://www.tripadvisor.com/Attraction_Review-g3296672-d25409720"">TripAdvisor</a>"
2019,New World Style Cider,Sinebrychoff,Crowmoor Jealous Jackdaw,🥉 Bronze,Active,Finland,"<a href=""https://www.sinebrychoff.fi/"">Website</a>","<a href=""https://www.facebook.com/Sinebrychoff1819"">Facebook</a>","<a href=""https://www.instagram.com/Sinebrychoff1819"">Instagram</a>","<a href=""https://maps.google.com/?cid=14381132881251908316"">Google</a>",,
2019,New World Style Cider,Sinebrychoff,Crowmoor Rogue Raven,🥉 Bronze,Active,Finland,"<a href=""https://www.sinebrychoff.fi/"">Website</a>","<a href=""https://www.facebook.com/Sinebrychoff1819"">Facebook</a>","<a href=""https://www.instagram.com/Sinebrychoff1819"">Instagram</a>","<a href=""https://maps.google.com/?cid=14381132881251908316"">Google</a>",,
2019,New World Style Cider,Tempted Cider,Tempted Sweet Cider,🥉 Bronze,Active,Northern Ireland,"<a href=""https://www.temptedcider.com/"">Website</a>","<a href=""https://www.facebook.com/temptedcider/"">Facebook</a>","<a href=""https://www.instagram.com/temptedcider/"">Instagram</a>","<a href=""https://maps.google.com/?cid=4479314919661417093"">Google</a>",,
2019,New World Style Cider,Thatchers Cider,Thatchers Haze,🥉 Bronze,Active,England,"<a href=""https://www.thatcherscider.co.uk/"">Website</a>","<a href=""https://www.facebook.com/ThatchersCiderCompany"">Facebook</a>","<a href=""https://www.instagram.com/thatcherscider/"">Instagram</a>","<a href=""https://maps.google.com/?cid=15191093037076298219"">Google</a>",,"<a href=""https://www.tripadvisor.com/Attraction_Review-g4412909-d11019728"">TripAdvisor</a>"
2019,New World Style Cider,Peacock Cider,Peacock Apple,🥉 Bronze,Active,England,"<a href=""https://www.peacockcider.co.uk/"">Website</a>","<a href=""https://www.facebook.com/PeacockCiderUK/"">Facebook</a>","<a href=""https://www.instagram.com/peacockcider/"">Instagram</a>",,,
2019,New World Style Cider,Sidra El Gaitero,El Gaitero Extra,🥉 Bronze,Active,Spain,"<a href=""https://www.sidraelgaitero.com/"">Website</a>","<a href=""https://www.facebook.com/grupoelgaitero"">Facebook</a>","<a href=""https://www.instagram.com/grupoelgaitero/"">Instagram</a>","<a href=""https://maps.google.com/?cid=15753532318992345137"">Google</a>",,"<a href=""https://www.tripadvisor.com/Attraction_Review-g608997-d3239389"">TripAdvisor</a>"
2019,Perry,Les Celliers Associés,Mont Saint Michel Pear,🏆 Trophy,Active,France,"<a href=""https://www.valderance.com/"">Website</a>","<a href=""https://www.facebook.com/ValdeRance/"">Facebook</a>","<a href=""https://www.instagram.com/lca_coop_cider/"">Instagram</a>","<a href=""https://maps.google.com/?cid=7883069809343472545"">Google</a>",,
2019,Perry,Apple County Cider Co,Blakeney Red Medium,🥇 Gold,Active,Wales,"<a href=""http://applecountycider.co.uk/"">Website</a>","<a href=""https://www.facebook.com/applecountycider"">Facebook</a>","<a href=""https://www.instagram.com/Apple_county/"">Instagram</a>","<a href=""https://maps.google.com/?cid=7532439060192426067"">Google</a>",,
2019,Perry,Les Celliers Associés,L'Authentique French Cider Pear,🥇 Gold,Active,France,"<a href=""https://www.valderance.com/"">Website</a>","<a href=""https://www.facebook.com/ValdeRance/"">Facebook</a>","<a href=""https://www.instagram.com/lca_coop_cider/"">Instagram</a>","<a href=""https://maps.google.com/?cid=7883069809343472545"">Google</a>",,
2019,Perry,Angry Orchard,Angry Orchard Pear Cider,🥈 Silver,Active,United States,"<a href=""https://www.angryorchard.com/"">Website</a>","<a href=""https://www.facebook.com/AngryOrchard/"">Facebook</a>","<a href=""https://www.instagram.com/angryorchard/"">Instagram</a>","<a href=""https://maps.google.com/?cid=17467507983407382578"">Google</a>","<a href=""https://www.yelp.com/biz/angry-orchard-walden-2"">Yelp</a>","<a href=""https://www.tripadvisor.com/Attraction_Review-g48788-d10266026"">TripAdvisor</a>"
2019,Perry,Napton Cidery,Single Tree Perry,🥈 Silver,Active,England,"<a href=""https://www.naptoncidery.co.uk/"">Website</a>","<a href=""https://www.facebook.com/naptoncidery"">Facebook</a>","<a href=""https://www.instagram.com/naptoncidery/"">Instagram</a>","<a href=""https://maps.google.com/?cid=12009368832613245042"">Google</a>","<a href=""https://www.yelp.com/biz/napton-cidery-southam"">Yelp</a>","<a href=""https://www.tripadvisor.co.uk/Attraction_Review-g1763975-d12810677"">TripAdvisor</a>"
2019,Perry,Sidewood Estate,Sidewood Pear Cider,🥈 Silver,Active,Australia,"<a href=""https://sidewood.com.au/"">Website</a>","<a href=""https://www.facebook.com/SidewoodEstate/"">Facebook</a>","<a href=""https://www.instagram.com/sidewoodestate/"">Instagram</a>","<a href=""https://maps.google.com/?cid=16006910239256404559"">Google</a>",,"<a href=""https://www.tripadvisor.com.au/Attraction_Review-g499710-d19238424"">TripAdvisor</a>"
2019,Perry,Ty Gwyn Cider,Ty Gwyn Cider Medium Perry,🥈 Silver,Active,Wales,"<a href=""https://www.tygwyncider.co.uk/"">Website</a>","<a href=""https://www.facebook.com/Ty-Gwyn-Cider-Ty-Gwyn-Holidays-309401775703/"">Facebook</a>","<a href=""https://www.instagram.com/ty_gwyn_cider/"">Instagram</a>","<a href=""https://maps.google.com/?cid=10387007397298060764"">Google</a>",,"<a href=""https://www.tripadvisor.com/Attraction_Review-g8500569-d8291589"">TripAdvisor</a>"
2019,Perry,Cidre Le Brun,Le Brun Poire,🥉 Bronze,Active,France,"<a href=""https://cidrelebrun.com/"">Website</a>",,"<a href=""https://www.instagram.com/cidrelebrun"">Instagram</a>","<a href=""https://maps.google.com/?cid=5387381455239409930"">Google</a>",,
2019,Perry,Eva Group,The Good Cider of San Sebastian Pear,🥉 Bronze,Active,Spain,"<a href=""https://www.evasa.com/"">Website</a>",,,"<a href=""https://maps.google.com/?cid=546948451257487120"">Google</a>",,
2019,Perry,Marks & Spencer,Vintage Pear Cider,🥉 Bronze,Active,England,"<a href=""https://www.marksandspencer.com/"">Website</a>","<a href=""https://www.facebook.com/MarksandSpencer/"">Facebook</a>","<a href=""https://www.instagram.com/marksandspencer/"">Instagram</a>",,,
2019,Perry,Westons Cider,Waitrose Westons English Vintage Perry,🥉 Bronze,Active,England,"<a href=""https://www.westons-cider.co.uk/"">Website</a>","<a href=""https://www.facebook.com/WestonsCiderMill"">Facebook</a>","<a href=""https://www.instagram.com/westonscider/"">Instagram</a>","<a href=""https://maps.google.com/?cid=11779156514256391794"">Google</a>",,"<a href=""https://www.tripadvisor.com/Attraction_Review-g186303-d218508"">TripAdvisor</a>"
2019,Perry,Westons Cider,Henry Westons Perry,🥉 Bronze,Active,England,"<a href=""https://www.westons-cider.co.uk/"">Website</a>","<a href=""https://www.facebook.com/WestonsCiderMill"">Facebook</a>","<a href=""https://www.instagram.com/westonscider/"">Instagram</a>","<a href=""https://maps.google.com/?cid=11779156514256391794"">Google</a>",,"<a href=""https://www.tripadvisor.com/Attraction_Review-g186303-d218508"">TripAdvisor</a>"
2019,Spanish Cider,Sidra El Gaitero,Pomarina,🥉 Bronze,Active,Spain,"<a href=""https://www.sidraelgaitero.com/"">Website</a>","<a href=""https://www.facebook.com/grupoelgaitero"">Facebook</a>","<a href=""https://www.instagram.com/grupoelgaitero/"">Instagram</a>","<a href=""https://maps.google.com/?cid=15753532318992345137"">Google</a>",,"<a href=""https://www.tripadvisor.com/Attraction_Review-g608997-d3239389"">TripAdvisor</a>"
2019,Speciality Cider,Abavas,Abavas Apple Wine Apple Pie,🏆 Trophy,Active,Latvia,"<a href=""https://www.abavas.lv/"">Website</a>","<a href=""https://www.facebook.com/abavas.vinadaritava/"">Facebook</a>","<a href=""https://www.instagram.com/abavas_vini/"">Instagram</a>","<a href=""https://maps.google.com/?cid=11387034393378720853"">Google</a>",,"<a href=""https://www.tripadvisor.com/Attraction_Review-g608944-d23945082"">TripAdvisor</a>"
2019,Speciality Cider,Abavas,Abavas Apple Pommeau,🥈 Silver,Active,Latvia,"<a href=""https://www.abavas.lv/"">Website</a>","<a href=""https://www.facebook.com/abavas.vinadaritava/"">Facebook</a>","<a href=""https://www.instagram.com/abavas_vini/"">Instagram</a>","<a href=""https://maps.google.com/?cid=11387034393378720853"">Google</a>",,"<a href=""https://www.tripadvisor.com/Attraction_Review-g608944-d23945082"">TripAdvisor</a>"
2019,Speciality Cider,Hawkes,Under the Skin: Gewurztraminer,🥈 Silver,Active,England,"<a href=""https://wearehawkes.com/"">Website</a>","<a href=""https://www.facebook.com/wearehawkes/"">Facebook</a>","<a href=""https://www.instagram.com/hawkescidertap/"">Instagram</a>",,,
2019,Speciality Cider,Hawkes,Under the Skin: Tempranillo,🥈 Silver,Active,England,"<a href=""https://wearehawkes.com/"">Website</a>","<a href=""https://www.facebook.com/wearehawkes/"">Facebook</a>","<a href=""https://www.instagram.com/hawkescidertap/"">Instagram</a>",,,
2019,Speciality Cider,Les Celliers Associés,L'Authentique French Cider Rosé,🥈 Silver,Active,France,"<a href=""https://www.valderance.com/"">Website</a>","<a href=""https://www.facebook.com/ValdeRance/"">Facebook</a>","<a href=""https://www.instagram.com/lca_coop_cider/"">Instagram</a>","<a href=""https://maps.google.com/?cid=7883069809343472545"">Google</a>",,
2019,Speciality Cider,Thatchers Cider,Thatchers Family Reserve,🥈 Silver,Active,England,"<a href=""https://www.thatcherscider.co.uk/"">Website</a>","<a href=""https://www.facebook.com/ThatchersCiderCompany"">Facebook</a>","<a href=""https://www.instagram.com/thatcherscider/"">Instagram</a>","<a href=""https://maps.google.com/?cid=15191093037076298219"">Google</a>",,"<a href=""https://www.tripadvisor.com/Attraction_Review-g4412909-d11019728"">TripAdvisor</a>"
2019,Speciality Cider,Angry Orchard,Angry Orchard Rose,🥉 Bronze,Active,United States,"<a href=""https://www.angryorchard.com/"">Website</a>","<a href=""https://www.facebook.com/AngryOrchard/"">Facebook</a>","<a href=""https://www.instagram.com/angryorchard/"">Instagram</a>","<a href=""https://maps.google.com/?cid=17467507983407382578"">Google</a>","<a href=""https://www.yelp.com/biz/angry-orchard-walden-2"">Yelp</a>","<a href=""https://www.tripadvisor.com/Attraction_Review-g48788-d10266026"">TripAdvisor</a>"
2019,Speciality Cider,Angry Orchard,Angry Orchard Strawman,🥉 Bronze,Active,United States,"<a href=""https://www.angryorchard.com/"">Website</a>","<a href=""https://www.facebook.com/AngryOrchard/"">Facebook</a>","<a href=""https://www.instagram.com/angryorchard/"">Instagram</a>","<a href=""https://maps.google.com/?cid=17467507983407382578"">Google</a>","<a href=""https://www.yelp.com/biz/angry-orchard-walden-2"">Yelp</a>","<a href=""https://www.tripadvisor.com/Attraction_Review-g48788-d10266026"">TripAdvisor</a>"
2019,Speciality Cider,La Mordue,La Mordue Rouge,🥉 Bronze,Active,France,"<a href=""https://www.lamordue.fr/"">Website</a>","<a href=""https://www.facebook.com/ciderlamordue/"">Facebook</a>","<a href=""https://www.instagram.com/ciderlamordue/"">Instagram</a>","<a href=""https://maps.google.com/?cid=12531232480419391978"">Google</a>",,
2019,Speciality Cider,Stonewell Cider,Elstar - Irish Apple Wine,🥉 Bronze,Active,Ireland,"<a href=""https://www.stonewellcider.com/"">Website</a>","<a href=""https://www.facebook.com/stonewellcider"">Facebook</a>","<a href=""https://www.instagram.com/stonewellcider/"">Instagram</a>","<a href=""https://maps.google.com/?cid=6638378960827420170"">Google</a>",,
2019,West Country Style,Sheppy's Cider,Sheppy's 2017 Vintage Reserve Cider,🏆 Trophy,Active,England,"<a href=""https://www.sheppyscider.com/"">Website</a>","<a href=""https://www.facebook.com/sheppyscider/"">Facebook</a>","<a href=""https://www.instagram.com/sheppyscider/"">Instagram</a>","<a href=""https://maps.google.com/?cid=14572513592829460886"">Google</a>",,"<a href=""https://www.tripadvisor.com/Attraction_Review-g190730-d6870973"">TripAdvisor</a>"
2019,West Country Style,Dunkertons Cider and Perry,Breakwells Seedling Organic Cider,🥇 Gold,Active,England,"<a href=""https://www.dunkertonscider.co.uk/"">Website</a>","<a href=""https://www.facebook.com/dunkertonsorganiccider/"">Facebook</a>","<a href=""https://www.instagram.com/dunkertonscider/"">Instagram</a>","<a href=""https://maps.google.com/?cid=4719921113153419800"">Google</a>",,
2019,West Country Style,Apple County Cider Co,Dabinett Medium Cider,🥈 Silver,Active,Wales,"<a href=""http://applecountycider.co.uk/"">Website</a>","<a href=""https://www.facebook.com/applecountycider"">Facebook</a>","<a href=""https://www.instagram.com/Apple_county/"">Instagram</a>","<a href=""https://maps.google.com/?cid=7532439060192426067"">Google</a>",,
2019,West Country Style,Aston Manor Cider,Crumpton Oaks Scrumpy,🥈 Silver,Active,England,"<a href=""https://www.astonmanor.co.uk/"">Website</a>",,,"<a href=""https://maps.google.com/?cid=8328306569280299730"">Google</a>",,
2019,West Country Style,Aston Manor Cider,Friels Vintage Cider,🥈 Silver,Active,England,"<a href=""https://www.astonmanor.co.uk/"">Website</a>",,,"<a href=""https://maps.google.com/?cid=8328306569280299730"">Google</a>",,
2019,West Country Style,Aston Manor Cider,Malvern Gold,🥈 Silver,Active,England,"<a href=""https://www.astonmanor.co.uk/"">Website</a>",,,"<a href=""https://maps.google.com/?cid=8328306569280299730"">Google</a>",,
2019,West Country Style,Les Celliers Associés,Galipette Cidre Brut,🥈 Silver,Active,France,"<a href=""https://www.valderance.com/"">Website</a>","<a href=""https://www.facebook.com/ValdeRance/"">Facebook</a>","<a href=""https://www.instagram.com/lca_coop_cider/"">Instagram</a>","<a href=""https://maps.google.com/?cid=7883069809343472545"">Google</a>",,
2019,West Country Style,Cidre Le Brun,Cidre Le Brun De Bretagne,🥈 Silver,Active,France,"<a href=""https://cidrelebrun.com/"">Website</a>",,"<a href=""https://www.instagram.com/cidrelebrun"">Instagram</a>","<a href=""https://maps.google.com/?cid=5387381455239409930"">Google</a>",,
2019,West Country Style,Colcombe House,Wilie Gunn,🥈 Silver,Inactive,England,,,,,,
2019,West Country Style,Cornish Orchards,Heritage Cider,🥈 Silver,Active,England,"<a href=""https://www.cornishorchards.co.uk/"">Website</a>","<a href=""https://www.facebook.com/cornishorchards/"">Facebook</a>","<a href=""https://www.instagram.com/cornishorchards/"">Instagram</a>","<a href=""https://maps.google.com/?cid=1088039469048966117"">Google</a>",,"<a href=""https://www.tripadvisor.com/Attraction_Review-g1533388-d5524747"">TripAdvisor</a>"
2019,West Country Style,Bulmers,Bulmers Orchard Pioneers Green Apple,🥈 Silver,Active,England,"<a href=""https://www.bulmers.co.uk/"">Website</a>","<a href=""https://www.facebook.com/Bulmers/"">Facebook</a>","<a href=""https://www.instagram.com/bulmers_cider/"">Instagram</a>","<a href=""https://maps.google.com/?cid=13460408443952843212"">Google</a>",,
2019,West Country Style,Merrydown,Merrydown Original Vintage Medium Cider,🥈 Silver,Active,England,"<a href=""https://www.merrydown.co.uk/"">Website</a>","<a href=""https://www.facebook.com/merrydown.cider/"">Facebook</a>",,,,
2019,West Country Style,Perry's Cider,Redstreak,🥈 Silver,Active,England,"<a href=""https://www.perryscider.co.uk/"">Website</a>","<a href=""https://www.facebook.com/perryscider"">Facebook</a>","<a href=""https://www.instagram.com/perryscider/"">Instagram</a>","<a href=""https://maps.google.com/?cid=33331284311998818"">Google</a>",,"<a href=""https://www.tripadvisor.com/Attraction_Review-g1077115-d4325310"">TripAdvisor</a>"
2019,West Country Style,Taunton Cider Company,Taunton Original Medium Cider,🥈 Silver,Inactive,England,,,,,,
2019,West Country Style,Taunton Cider Company,Taunton Original Vintage Cider,🥈 Silver,Inactive,England,,,,,,
2019,West Country Style,Westons Cider,"Waitrose Westons English Vintage, Hertfordshire Cider",🥈 Silver,Active,England,"<a href=""https://www.westons-cider.co.uk/"">Website</a>","<a href=""https://www.facebook.com/WestonsCiderMill"">Facebook</a>","<a href=""https://www.instagram.com/westonscider/"">Instagram</a>","<a href=""https://maps.google.com/?cid=11779156514256391794"">Google</a>",,"<a href=""https://www.tripadvisor.com/Attraction_Review-g186303-d218508"">TripAdvisor</a>"
2019,West Country Style,Westons Cider,Caple Road - Blend No.3,🥈 Silver,Active,England,"<a href=""https://www.westons-cider.co.uk/"">Website</a>","<a href=""https://www.facebook.com/WestonsCiderMill"">Facebook</a>","<a href=""https://www.instagram.com/westonscider/"">Instagram</a>","<a href=""https://maps.google.com/?cid=11779156514256391794"">Google</a>",,"<a href=""https://www.tripadvisor.com/Attraction_Review-g186303-d218508"">TripAdvisor</a>"
2019,West Country Style,Westons Cider,Henry Westons Vintage Cider,🥈 Silver,Active,England,"<a href=""https://www.westons-cider.co.uk/"">Website</a>","<a href=""https://www.facebook.com/WestonsCiderMill"">Facebook</a>","<a href=""https://www.instagram.com/westonscider/"">Instagram</a>","<a href=""https://maps.google.com/?cid=11779156514256391794"">Google</a>",,"<a href=""https://www.tripadvisor.com/Attraction_Review-g186303-d218508"">TripAdvisor</a>"
2019,West Country Style,Angry Orchard,Angry Orchard Stone Dry,🥉 Bronze,Active,United States,"<a href=""https://www.angryorchard.com/"">Website</a>","<a href=""https://www.facebook.com/AngryOrchard/"">Facebook</a>","<a href=""https://www.instagram.com/angryorchard/"">Instagram</a>","<a href=""https://maps.google.com/?cid=17467507983407382578"">Google</a>","<a href=""https://www.yelp.com/biz/angry-orchard-walden-2"">Yelp</a>","<a href=""https://www.tripadvisor.com/Attraction_Review-g48788-d10266026"">TripAdvisor</a>"
2019,West Country Style,Apple County Cider Co,Vilberie Medium Dry,🥉 Bronze,Active,Wales,"<a href=""http://applecountycider.co.uk/"">Website</a>","<a href=""https://www.facebook.com/applecountycider"">Facebook</a>","<a href=""https://www.instagram.com/Apple_county/"">Instagram</a>","<a href=""https://maps.google.com/?cid=7532439060192426067"">Google</a>",,
2019,West Country Style,Aston Manor Cider,Kingstone Press Classic Apple,🥉 Bronze,Active,England,"<a href=""https://www.astonmanor.co.uk/"">Website</a>",,,"<a href=""https://maps.google.com/?cid=8328306569280299730"">Google</a>",,
2019,West Country Style,Cidre Le Brun,Cidre Le Brun Organic,🥉 Bronze,Active,France,"<a href=""https://cidrelebrun.com/"">Website</a>",,"<a href=""https://www.instagram.com/cidrelebrun"">Instagram</a>","<a href=""https://maps.google.com/?cid=5387381455239409930"">Google</a>",,
2019,West Country Style,Crafty Nectar Cider Co.,No.7,🥉 Bronze,Active,England,"<a href=""https://craftynectar.com/"">Website</a>","<a href=""https://www.facebook.com/craftynectar/"">Facebook</a>","<a href=""https://www.instagram.com/craftynectar/"">Instagram</a>",,,
2019,West Country Style,Bulmers,Bulmers Orchard Pioneers Red Apple,🥉 Bronze,Active,England,"<a href=""https://www.bulmers.co.uk/"">Website</a>","<a href=""https://www.facebook.com/Bulmers/"">Facebook</a>","<a href=""https://www.instagram.com/bulmers_cider/"">Instagram</a>","<a href=""https://maps.google.com/?cid=13460408443952843212"">Google</a>",,
2019,West Country Style,Bulmers,Orchard Thieves,🥉 Bronze,Active,England,"<a href=""https://www.bulmers.co.uk/"">Website</a>","<a href=""https://www.facebook.com/Bulmers/"">Facebook</a>","<a href=""https://www.instagram.com/bulmers_cider/"">Instagram</a>","<a href=""https://maps.google.com/?cid=13460408443952843212"">Google</a>",,
2019,West Country Style,Hogs Back Brewery,Hazy Hog,🥉 Bronze,Active,England,"<a href=""https://hogsback.co.uk/"">Website</a>","<a href=""https://www.facebook.com/hogsbackbrewery"">Facebook</a>","<a href=""https://www.instagram.com/hogsbackbrewery/"">Instagram</a>","<a href=""https://maps.google.com/?cid=3246311890404715666"">Google</a>","<a href=""https://www.yelp.com/biz/hogs-back-brewery-farnham"">Yelp</a>","<a href=""https://www.tripadvisor.com/Attraction_Review-g3632287-d642805"">TripAdvisor</a>"
2019,West Country Style,Marks & Spencer,Devon Farmhouse Cider,🥉 Bronze,Active,England,"<a href=""https://www.marksandspencer.com/"">Website</a>","<a href=""https://www.facebook.com/MarksandSpencer/"">Facebook</a>","<a href=""https://www.instagram.com/marksandspencer/"">Instagram</a>",,,
2019,West Country Style,Marks & Spencer,Somerset Dabinett Apple Cider,🥉 Bronze,Active,England,"<a href=""https://www.marksandspencer.com/"">Website</a>","<a href=""https://www.facebook.com/MarksandSpencer/"">Facebook</a>","<a href=""https://www.instagram.com/marksandspencer/"">Instagram</a>",,,
2019,West Country Style,Marks & Spencer,Somerset Oak Matured Vintage Cider,🥉 Bronze,Active,England,"<a href=""https://www.marksandspencer.com/"">Website</a>","<a href=""https://www.facebook.com/MarksandSpencer/"">Facebook</a>","<a href=""https://www.instagram.com/marksandspencer/"">Instagram</a>",,,
2019,West Country Style,Perry's Cider,Opa,🥉 Bronze,Active,England,"<a href=""https://www.perryscider.co.uk/"">Website</a>","<a href=""https://www.facebook.com/perryscider"">Facebook</a>","<a href=""https://www.instagram.com/perryscider/"">Instagram</a>","<a href=""https://maps.google.com/?cid=33331284311998818"">Google</a>",,"<a href=""https://www.tripadvisor.com/Attraction_Review-g1077115-d4325310"">TripAdvisor</a>"
2019,West Country Style,Sheppy's Cider,Sheppy's Gold Medal Cider,🥉 Bronze,Active,England,"<a href=""https://www.sheppyscider.com/"">Website</a>","<a href=""https://www.facebook.com/sheppyscider/"">Facebook</a>","<a href=""https://www.instagram.com/sheppyscider/"">Instagram</a>","<a href=""https://maps.google.com/?cid=14572513592829460886"">Google</a>",,"<a href=""https://www.tripadvisor.com/Attraction_Review-g190730-d6870973"">TripAdvisor</a>"
2019,West Country Style,Thatchers Cider,Cider Barn 458,🥉 Bronze,Active,England,"<a href=""https://www.thatcherscider.co.uk/"">Website</a>","<a href=""https://www.facebook.com/ThatchersCiderCompany"">Facebook</a>","<a href=""https://www.instagram.com/thatcherscider/"">Instagram</a>","<a href=""https://maps.google.com/?cid=15191093037076298219"">Google</a>",,"<a href=""https://www.tripadvisor.com/Attraction_Review-g4412909-d11019728"">TripAdvisor</a>"
2019,West Country Style,Thatchers Cider,Cider Barn Vilberie,🥉 Bronze,Active,England,"<a href=""https://www.thatcherscider.co.uk/"">Website</a>","<a href=""https://www.facebook.com/ThatchersCiderCompany"">Facebook</a>","<a href=""https://www.instagram.com/thatcherscider/"">Instagram</a>","<a href=""https://maps.google.com/?cid=15191093037076298219"">Google</a>",,"<a href=""https://www.tripadvisor.com/Attraction_Review-g4412909-d11019728"">TripAdvisor</a>"
2019,West Country Style,Cotswold Cider Company,Sideburns Cider,🥉 Bronze,Active,England,"<a href=""https://www.cotswoldciderco.com/"">Website</a>","<a href=""https://www.facebook.com/CotswoldCiderCompany"">Facebook</a>","<a href=""https://www.instagram.com/cotswoldciderco/"">Instagram</a>",,,
2019,West Country Style,Taunton Cider Company,Taunton Original Dry Cider,🥉 Bronze,Inactive,England,,,,,,
2019,West Country Style,Westons Cider,Henry Westons Aged Finish,🥉 Bronze,Active,England,"<a href=""https://www.westons-cider.co.uk/"">Website</a>","<a href=""https://www.facebook.com/WestonsCiderMill"">Facebook</a>","<a href=""https://www.instagram.com/westonscider/"">Instagram</a>","<a href=""https://maps.google.com/?cid=11779156514256391794"">Google</a>",,"<a href=""https://www.tripadvisor.com/Attraction_Review-g186303-d218508"">TripAdvisor</a>"
2019,West Country Style,Westons Cider,Mortimer's Orchard,🥉 Bronze,Active,England,"<a href=""https://www.westons-cider.co.uk/"">Website</a>","<a href=""https://www.facebook.com/WestonsCiderMill"">Facebook</a>","<a href=""https://www.instagram.com/westonscider/"">Instagram</a>","<a href=""https://maps.google.com/?cid=11779156514256391794"">Google</a>",,"<a href=""https://www.tripadvisor.com/Attraction_Review-g186303-d218508"">TripAdvisor</a>"
2019,West Country Style,Westons Cider,Old Rosie,🥉 Bronze,Active,England,"<a href=""https://www.westons-cider.co.uk/"">Website</a>","<a href=""https://www.facebook.com/WestonsCiderMill"">Facebook</a>","<a href=""https://www.instagram.com/westonscider/"">Instagram</a>","<a href=""https://maps.google.com/?cid=11779156514256391794"">Google</a>",,"<a href=""https://www.tripadvisor.com/Attraction_Review-g186303-d218508"">TripAdvisor</a>"
2019,West Country Style,Westons Cider,Stowford Press,🥉 Bronze,Active,England,"<a href=""https://www.westons-cider.co.uk/"">Website</a>","<a href=""https://www.facebook.com/WestonsCiderMill"">Facebook</a>","<a href=""https://www.instagram.com/westonscider/"">Instagram</a>","<a href=""https://maps.google.com/?cid=11779156514256391794"">Google</a>",,"<a href=""https://www.tripadvisor.com/Attraction_Review-g186303-d218508"">TripAdvisor</a>"
2019,West Country Style,Westons Cider,Wyld Wood,🥉 Bronze,Active,England,"<a href=""https://www.westons-cider.co.uk/"">Website</a>","<a href=""https://www.facebook.com/WestonsCiderMill"">Facebook</a>","<a href=""https://www.instagram.com/westonscider/"">Instagram</a>","<a href=""https://maps.google.com/?cid=11779156514256391794"">Google</a>",,"<a href=""https://www.tripadvisor.com/Attraction_Review-g186303-d218508"">TripAdvisor</a>"
2019,West Country Style,Sam's Cider,Sam's Poundhouse Crisp,🥉 Bronze,Active,England,"<a href=""https://winkleighcider.co.uk/"">Website</a>","<a href=""https://www.facebook.com/Winkleighcider/"">Facebook</a>",,"<a href=""https://maps.google.com/?cid=5089579964487402242"">Google</a>",,"<a href=""https://www.tripadvisor.com/Attraction_Review-g776437-d8470537"">TripAdvisor</a>"
2020,Flavoured Cider,Raw Cider,Raw Cider - Orange Quince Cider,🏆 Trophy,Active,Denmark,"<a href=""https://rawcider.dk/"">Website</a>","<a href=""https://www.facebook.com/rawcider"">Facebook</a>","<a href=""https://www.instagram.com/raw.cider/"">Instagram</a>",,,
2020,Flavoured Cider,Beard and Sabre,Dolores,🥈 Silver,Inactive,England,,,,,,
2020,Flavoured Cider,Celtic Marches,Celtic Marches Mango,🥈 Silver,Active,England,"<a href=""https://www.celticmarches.com/"">Website</a>","<a href=""https://www.facebook.com/celticmarchesbeverages/"">Facebook</a>","<a href=""https://www.instagram.com/celticmarches/"">Instagram</a>","<a href=""https://maps.google.com/?cid=14163451376835523124"">Google</a>",,
2020,Flavoured Cider,Mosterei Möhl,Möhl Dry Hopped Apple Cider,🥈 Silver,Active,Switzerland,"<a href=""https://www.moehl.ch/"">Website</a>","<a href=""https://www.facebook.com/saftvomfass/"">Facebook</a>","<a href=""https://www.instagram.com/mosterei_moehl/"">Instagram</a>","<a href=""https://maps.google.com/?cid=2429351855518192196"">Google</a>",,
2020,Flavoured Cider,Mosterei Möhl,Möhl Grapefruit Apple Cider,🥈 Silver,Active,Switzerland,"<a href=""https://www.moehl.ch/"">Website</a>","<a href=""https://www.facebook.com/saftvomfass/"">Facebook</a>","<a href=""https://www.instagram.com/mosterei_moehl/"">Instagram</a>","<a href=""https://maps.google.com/?cid=2429351855518192196"">Google</a>",,
2020,Flavoured Cider,Doggerland Craft Cider,Ad Hop,🥈 Silver,Active,Netherlands,"<a href=""https://doggerlandcider.nl/"">Website</a>","<a href=""https://www.facebook.com/doggerlandcider/"">Facebook</a>","<a href=""https://www.instagram.com/doggerlandcider/"">Instagram</a>",,,
2020,Flavoured Cider,Dudda's Tun Cider,Dudda's Tun Elderflower,🥈 Silver,Active,England,"<a href=""https://duddastuncider.com/"">Website</a>","<a href=""https://www.facebook.com/duddastuncider/"">Facebook</a>","<a href=""https://www.instagram.com/duddastuncider/"">Instagram</a>","<a href=""https://maps.google.com/?cid=14013683904909502876"">Google</a>",,
2020,Flavoured Cider,Hawkes,Pineapple Punch,🥈 Silver,Active,England,"<a href=""https://wearehawkes.com/"">Website</a>","<a href=""https://www.facebook.com/wearehawkes/"">Facebook</a>","<a href=""https://www.instagram.com/hawkescidertap/"">Instagram</a>",,,
2020,Flavoured Cider,Hogan's Cider,Hogan's Wild Elder Cider,🥈 Silver,Active,England,"<a href=""https://www.hoganscider.co.uk/"">Website</a>","<a href=""https://www.facebook.com/HogansCider/"">Facebook</a>","<a href=""https://www.instagram.com/hoganscider/"">Instagram</a>","<a href=""https://maps.google.com/?cid=344551779062280462"">Google</a>",,
2020,Flavoured Cider,Les Celliers Associés,L'Authentique French Cider Ginger Lemon,🥈 Silver,Active,France,"<a href=""https://www.valderance.com/"">Website</a>","<a href=""https://www.facebook.com/ValdeRance/"">Facebook</a>","<a href=""https://www.instagram.com/lca_coop_cider/"">Instagram</a>","<a href=""https://maps.google.com/?cid=7883069809343472545"">Google</a>",,
2020,Flavoured Cider,Marks & Spencer,Braeburn Apple & Cherry,🥈 Silver,Active,England,"<a href=""https://www.marksandspencer.com/"">Website</a>","<a href=""https://www.facebook.com/MarksandSpencer/"">Facebook</a>","<a href=""https://www.instagram.com/marksandspencer/"">Instagram</a>",,,
2020,Flavoured Cider,Thistly Cross Cider,Thistly Cross Strawberry,🥈 Silver,Active,Scotland,"<a href=""https://www.thistlycrosscider.co.uk/"">Website</a>","<a href=""https://www.facebook.com/thistlycrosscider"">Facebook</a>","<a href=""https://www.instagram.com/thistlycrosscider/"">Instagram</a>","<a href=""https://maps.google.com/?cid=2739185346632911214"">Google</a>",,
2020,Flavoured Cider,Turners Cider,Turners Elderflower Cider,🥈 Silver,Active,England,"<a href=""https://turnerscider.co.uk/"">Website</a>","<a href=""https://www.facebook.com/turnerscider/"">Facebook</a>","<a href=""https://www.instagram.com/turners_cider/"">Instagram</a>","<a href=""https://maps.google.com/?cid=8141635084407407708"">Google</a>",,
2020,Flavoured Cider,Sidra El Gaitero,Gaitero Spanish Cider with Red Grape,🥈 Silver,Active,Spain,"<a href=""https://www.sidraelgaitero.com/"">Website</a>","<a href=""https://www.facebook.com/grupoelgaitero"">Facebook</a>","<a href=""https://www.instagram.com/grupoelgaitero/"">Instagram</a>","<a href=""https://maps.google.com/?cid=15753532318992345137"">Google</a>",,"<a href=""https://www.tripadvisor.com/Attraction_Review-g608997-d3239389"">TripAdvisor</a>"
2020,Flavoured Cider,Maeloc,Maeloc Blackberry,🥉 Bronze,Active,Spain,"<a href=""https://maelocway.com/"">Website</a>","<a href=""https://www.facebook.com/maelocway/"">Facebook</a>","<a href=""https://www.instagram.com/maelocway/"">Instagram</a>","<a href=""https://maps.google.com/?cid=11814015461660737074"">Google</a>",,
2020,Flavoured Cider,Maeloc,Maeloc Pineapple Pear,🥉 Bronze,Active,Spain,"<a href=""https://maelocway.com/"">Website</a>","<a href=""https://www.facebook.com/maelocway/"">Facebook</a>","<a href=""https://www.instagram.com/maelocway/"">Instagram</a>","<a href=""https://maps.google.com/?cid=11814015461660737074"">Google</a>",,
2020,Flavoured Cider,Dudda's Tun Cider,Dudda's Tun Cherry,🥉 Bronze,Active,England,"<a href=""https://duddastuncider.com/"">Website</a>","<a href=""https://www.facebook.com/duddastuncider/"">Facebook</a>","<a href=""https://www.instagram.com/duddastuncider/"">Instagram</a>","<a href=""https://maps.google.com/?cid=14013683904909502876"">Google</a>",,
2020,Flavoured Cider,Hawkes,Sucker For Pumpkins,🥉 Bronze,Active,England,"<a href=""https://wearehawkes.com/"">Website</a>","<a href=""https://www.facebook.com/wearehawkes/"">Facebook</a>","<a href=""https://www.instagram.com/hawkescidertap/"">Instagram</a>",,,
2020,Flavoured Cider,Hogan's Cider,Hogan's Hip Hop Cider,🥉 Bronze,Active,England,"<a href=""https://www.hoganscider.co.uk/"">Website</a>","<a href=""https://www.facebook.com/HogansCider/"">Facebook</a>","<a href=""https://www.instagram.com/hoganscider/"">Instagram</a>","<a href=""https://maps.google.com/?cid=344551779062280462"">Google</a>",,
2020,Flavoured Cider,Lost Orchards Cider,Lost Orchards Scottish Dark Berries,🥉 Bronze,Active,Scotland,"<a href=""https://lostorchards.co.uk/"">Website</a>","<a href=""https://www.facebook.com/lostorchardsuk/"">Facebook</a>","<a href=""https://www.instagram.com/lostorchards"">Instagram</a>","<a href=""https://maps.google.com/?cid=17138571878951209605"">Google</a>",,
2020,Flavoured Cider,Marks & Spencer,Devon Farmhouse Cider with Elderflower Infusion,🥉 Bronze,Active,England,"<a href=""https://www.marksandspencer.com/"">Website</a>","<a href=""https://www.facebook.com/MarksandSpencer/"">Facebook</a>","<a href=""https://www.instagram.com/marksandspencer/"">Instagram</a>",,,
2020,Flavoured Cider,Sheppy's Cider,Sheppy's Cider with Raspberry,🥉 Bronze,Active,England,"<a href=""https://www.sheppyscider.com/"">Website</a>","<a href=""https://www.facebook.com/sheppyscider/"">Facebook</a>","<a href=""https://www.instagram.com/sheppyscider/"">Instagram</a>","<a href=""https://maps.google.com/?cid=14572513592829460886"">Google</a>",,"<a href=""https://www.tripadvisor.com/Attraction_Review-g190730-d6870973"">TripAdvisor</a>"
2020,Flavoured Cider,Thistly Cross Cider,Thistly Cross Real Elderflower,🥉 Bronze,Active,Scotland,"<a href=""https://www.thistlycrosscider.co.uk/"">Website</a>","<a href=""https://www.facebook.com/thistlycrosscider"">Facebook</a>","<a href=""https://www.instagram.com/thistlycrosscider/"">Instagram</a>","<a href=""https://maps.google.com/?cid=2739185346632911214"">Google</a>",,
2020,Flavoured Cider,Thistly Cross Cider,Thistly Cross Real Ginger,🥉 Bronze,Active,Scotland,"<a href=""https://www.thistlycrosscider.co.uk/"">Website</a>","<a href=""https://www.facebook.com/thistlycrosscider"">Facebook</a>","<a href=""https://www.instagram.com/thistlycrosscider/"">Instagram</a>","<a href=""https://maps.google.com/?cid=2739185346632911214"">Google</a>",,
2020,Flavoured Cider,Turners Cider,Turners Apple Pie Cider,🥉 Bronze,Active,England,"<a href=""https://turnerscider.co.uk/"">Website</a>","<a href=""https://www.facebook.com/turnerscider/"">Facebook</a>","<a href=""https://www.instagram.com/turners_cider/"">Instagram</a>","<a href=""https://maps.google.com/?cid=8141635084407407708"">Google</a>",,
2020,Flavoured Cider,Ty Gwyn Cider,Ty Gwyn Cider 'Black and Browns' Blackcurrant Cider,🥉 Bronze,Active,Wales,"<a href=""https://www.tygwyncider.co.uk/"">Website</a>","<a href=""https://www.facebook.com/Ty-Gwyn-Cider-Ty-Gwyn-Holidays-309401775703/"">Facebook</a>","<a href=""https://www.instagram.com/ty_gwyn_cider/"">Instagram</a>","<a href=""https://maps.google.com/?cid=10387007397298060764"">Google</a>",,"<a href=""https://www.tripadvisor.com/Attraction_Review-g8500569-d8291589"">TripAdvisor</a>"
2020,Ice Cider,Cold Hand Winery,Malus Danica 2016,🏆 Trophy,Active,Denmark,"<a href=""https://www.coldhandwinery.dk/"">Website</a>","<a href=""https://www.facebook.com/Cold-Hand-Winery-280396455326889/"">Facebook</a>","<a href=""https://www.instagram.com/cold_hand_winery/"">Instagram</a>","<a href=""https://maps.google.com/?cid=8847115036999398343"">Google</a>",,"<a href=""https://www.tripadvisor.com/Attraction_Review-g227594-d11638093"">TripAdvisor</a>"
2020,Ice Cider,Ramborn Cider Co.,Meadow Orchard Ice Cider,🥈 Silver,Active,Luxembourg,"<a href=""https://www.ramborn.com/"">Website</a>","<a href=""https://www.facebook.com/RambornUS/"">Facebook</a>","<a href=""https://www.instagram.com/rambornciderco/"">Instagram</a>","<a href=""https://maps.google.com/?cid=16691194016355154342"">Google</a>",,"<a href=""https://www.tripadvisor.com/Attraction_Review-g206525-d12591209"">TripAdvisor</a>"
2020,Ice Cider,Angry Orchard,Ice Cider,🥉 Bronze,Active,United States,"<a href=""https://www.angryorchard.com/"">Website</a>","<a href=""https://www.facebook.com/AngryOrchard/"">Facebook</a>","<a href=""https://www.instagram.com/angryorchard/"">Instagram</a>","<a href=""https://maps.google.com/?cid=17467507983407382578"">Google</a>","<a href=""https://www.yelp.com/biz/angry-orchard-walden-2"">Yelp</a>","<a href=""https://www.tripadvisor.com/Attraction_Review-g48788-d10266026"">TripAdvisor</a>"
2020,Ice Cider,Sidra El Gaitero,1898,🥉 Bronze,Active,Spain,"<a href=""https://www.sidraelgaitero.com/"">Website</a>","<a href=""https://www.facebook.com/grupoelgaitero"">Facebook</a>","<a href=""https://www.instagram.com/grupoelgaitero/"">Instagram</a>","<a href=""https://maps.google.com/?cid=15753532318992345137"">Google</a>",,"<a href=""https://www.tripadvisor.com/Attraction_Review-g608997-d3239389"">TripAdvisor</a>"
2020,Low and No Alcohol Cider,Waitrose,Waitrose Low Alcohol Cider,🏆 Trophy,Active,England,"<a href=""https://www.waitrose.com/"">Website</a>","<a href=""https://www.facebook.com/waitrose"">Facebook</a>","<a href=""https://www.instagram.com/waitrose/"">Instagram</a>",,,
2020,Low and No Alcohol Cider,Courtney's Devon Cider,Courtney's Light,🥇 Gold,Active,England,"<a href=""https://courtneys.online/"">Website</a>","<a href=""https://www.facebook.com/courtneysdrinks/"">Facebook</a>",,"<a href=""https://maps.google.com/?cid=15697263033877967876"">Google</a>",,
2020,Low and No Alcohol Cider,Les Celliers Associés,L'Authentique French Cider Doux,🥈 Silver,Active,France,"<a href=""https://www.valderance.com/"">Website</a>","<a href=""https://www.facebook.com/ValdeRance/"">Facebook</a>","<a href=""https://www.instagram.com/lca_coop_cider/"">Instagram</a>","<a href=""https://maps.google.com/?cid=7883069809343472545"">Google</a>",,
2020,Low and No Alcohol Cider,Les Celliers Associés,Val de Rance Cru Breton Doux,🥈 Silver,Active,France,"<a href=""https://www.valderance.com/"">Website</a>","<a href=""https://www.facebook.com/ValdeRance/"">Facebook</a>","<a href=""https://www.instagram.com/lca_coop_cider/"">Instagram</a>","<a href=""https://maps.google.com/?cid=7883069809343472545"">Google</a>",,
2020,Low and No Alcohol Cider,Lost Orchards Cider,Scottish Pure Apple Low Alcohol,🥈 Silver,Active,Scotland,"<a href=""https://lostorchards.co.uk/"">Website</a>","<a href=""https://www.facebook.com/lostorchardsuk/"">Facebook</a>","<a href=""https://www.instagram.com/lostorchards"">Instagram</a>","<a href=""https://maps.google.com/?cid=17138571878951209605"">Google</a>",,
2020,Low and No Alcohol Cider,Sheppy's Cider,Sheppy's Low Alcohol Classic Cider,🥈 Silver,Active,England,"<a href=""https://www.sheppyscider.com/"">Website</a>","<a href=""https://www.facebook.com/sheppyscider/"">Facebook</a>","<a href=""https://www.instagram.com/sheppyscider/"">Instagram</a>","<a href=""https://maps.google.com/?cid=14572513592829460886"">Google</a>",,"<a href=""https://www.tripadvisor.com/Attraction_Review-g190730-d6870973"">TripAdvisor</a>"
2020,Low and No Alcohol Cider,Westons Cider,Stowford Press Low Alcohol Cider,🥈 Silver,Active,England,"<a href=""https://www.westons-cider.co.uk/"">Website</a>","<a href=""https://www.facebook.com/WestonsCiderMill"">Facebook</a>","<a href=""https://www.instagram.com/westonscider/"">Instagram</a>","<a href=""https://maps.google.com/?cid=11779156514256391794"">Google</a>",,"<a href=""https://www.tripadvisor.com/Attraction_Review-g186303-d218508"">TripAdvisor</a>"
2020,Low and No Alcohol Cider,Celtic Marches,Holly GoLightly,🥉 Bronze,Active,England,"<a href=""https://www.celticmarches.com/"">Website</a>","<a href=""https://www.facebook.com/celticmarchesbeverages/"">Facebook</a>","<a href=""https://www.instagram.com/celticmarches/"">Instagram</a>","<a href=""https://maps.google.com/?cid=14163451376835523124"">Google</a>",,
2020,Low and No Alcohol Cider,Hawkes,Designated Apple Cider,🥉 Bronze,Active,England,"<a href=""https://wearehawkes.com/"">Website</a>","<a href=""https://www.facebook.com/wearehawkes/"">Facebook</a>","<a href=""https://www.instagram.com/hawkescidertap/"">Instagram</a>",,,
2020,Low and No Alcohol Cider,Hawkes,Designated Cider - Mixed Berry,🥉 Bronze,Active,England,"<a href=""https://wearehawkes.com/"">Website</a>","<a href=""https://www.facebook.com/wearehawkes/"">Facebook</a>","<a href=""https://www.instagram.com/hawkescidertap/"">Instagram</a>",,,
2020,Naturally Sparkling Cider,Écusson,Ecusson Doux Bio,🏆 Trophy,Active,France,"<a href=""https://www.cidre-ecusson.com/"">Website</a>","<a href=""https://www.facebook.com/CidreEcusson/"">Facebook</a>","<a href=""https://www.instagram.com/cidreecusson/"">Instagram</a>",,,
2020,Naturally Sparkling Cider,Sidro MelaGodo,Melagodo Extra-Dry,🥇 Gold,Active,Italy,"<a href=""https://www.sidromelagodo.it/"">Website</a>","<a href=""https://www.facebook.com/profile.php?id=100008470323757"">Facebook</a>","<a href=""https://www.instagram.com/sidromelagodo/"">Instagram</a>","<a href=""https://maps.google.com/?cid=12237794709851078121"">Google</a>",,
2020,Naturally Sparkling Cider,Cidre Le Brun,Cidre Le Brun AOP Cornouaille,🥈 Silver,Active,France,"<a href=""https://cidrelebrun.com/"">Website</a>",,"<a href=""https://www.instagram.com/cidrelebrun"">Instagram</a>","<a href=""https://maps.google.com/?cid=5387381455239409930"">Google</a>",,
2020,Naturally Sparkling Cider,Cold Hand Winery,Vinter 2017,🥈 Silver,Active,Denmark,"<a href=""https://www.coldhandwinery.dk/"">Website</a>","<a href=""https://www.facebook.com/Cold-Hand-Winery-280396455326889/"">Facebook</a>","<a href=""https://www.instagram.com/cold_hand_winery/"">Instagram</a>","<a href=""https://maps.google.com/?cid=8847115036999398343"">Google</a>",,"<a href=""https://www.tripadvisor.com/Attraction_Review-g227594-d11638093"">TripAdvisor</a>"
2020,Naturally Sparkling Cider,Écusson,Ecusson Rosé,🥈 Silver,Active,France,"<a href=""https://www.cidre-ecusson.com/"">Website</a>","<a href=""https://www.facebook.com/CidreEcusson/"">Facebook</a>","<a href=""https://www.instagram.com/cidreecusson/"">Instagram</a>",,,
2020,Naturally Sparkling Cider,Chalkdown Cider,Chalkdown Cider 2015,🥈 Silver,Active,England,"<a href=""https://www.chalkdowncider.com/"">Website</a>","<a href=""https://www.facebook.com/profile.php?id=100067114172045"">Facebook</a>",,"<a href=""https://maps.google.com/?cid=7857527085025336297"">Google</a>",,
2020,Naturally Sparkling Cider,Chalkdown Cider,Chalkdown Cider Extra Lees Aged,🥈 Silver,Active,England,"<a href=""https://www.chalkdowncider.com/"">Website</a>","<a href=""https://www.facebook.com/profile.php?id=100067114172045"">Facebook</a>",,"<a href=""https://maps.google.com/?cid=7857527085025336297"">Google</a>",,
2020,Naturally Sparkling Cider,Balfour Winery,Jake's Orchard Cider,🥈 Silver,Active,England,"<a href=""https://balfourwinery.com/"">Website</a>","<a href=""https://www.facebook.com/jakesdrinks/"">Facebook</a>","<a href=""https://www.instagram.com/balfourbeer/"">Instagram</a>","<a href=""https://maps.google.com/?cid=8755110381879088649"">Google</a>",,"<a href=""https://www.tripadvisor.com/Attraction_Review-g1936909-d4205571"">TripAdvisor</a>"
2020,Naturally Sparkling Cider,Sidra El Gaitero,El Gaitero Black Label,🥈 Silver,Active,Spain,"<a href=""https://www.sidraelgaitero.com/"">Website</a>","<a href=""https://www.facebook.com/grupoelgaitero"">Facebook</a>","<a href=""https://www.instagram.com/grupoelgaitero/"">Instagram</a>","<a href=""https://maps.google.com/?cid=15753532318992345137"">Google</a>",,"<a href=""https://www.tripadvisor.com/Attraction_Review-g608997-d3239389"">TripAdvisor</a>"
2020,Naturally Sparkling Cider,Sidra El Gaitero,Pomarina Brut,🥈 Silver,Active,Spain,"<a href=""https://www.sidraelgaitero.com/"">Website</a>","<a href=""https://www.facebook.com/grupoelgaitero"">Facebook</a>","<a href=""https://www.instagram.com/grupoelgaitero/"">Instagram</a>","<a href=""https://maps.google.com/?cid=15753532318992345137"">Google</a>",,"<a href=""https://www.tripadvisor.com/Attraction_Review-g608997-d3239389"">TripAdvisor</a>"
2020,Naturally Sparkling Cider,Raw Cider,Raw Cider - Dumolobo,🥈 Silver,Active,Denmark,"<a href=""https://rawcider.dk/"">Website</a>","<a href=""https://www.facebook.com/rawcider"">Facebook</a>","<a href=""https://www.instagram.com/raw.cider/"">Instagram</a>",,,
2020,Naturally Sparkling Cider,Angry Orchard,Trois Pommes,🥉 Bronze,Active,United States,"<a href=""https://www.angryorchard.com/"">Website</a>","<a href=""https://www.facebook.com/AngryOrchard/"">Facebook</a>","<a href=""https://www.instagram.com/angryorchard/"">Instagram</a>","<a href=""https://maps.google.com/?cid=17467507983407382578"">Google</a>","<a href=""https://www.yelp.com/biz/angry-orchard-walden-2"">Yelp</a>","<a href=""https://www.tripadvisor.com/Attraction_Review-g48788-d10266026"">TripAdvisor</a>"
2020,Naturally Sparkling Cider,Docendo Discitur,Alma Cider Extra Dry 2018 Pink Label,🥉 Bronze,Active,Italy,,"<a href=""https://www.facebook.com/profile.php?id=100063485772808"">Facebook</a>",,"<a href=""https://maps.google.com/?cid=5395562939899411393"">Google</a>",,
2020,Naturally Sparkling Cider,Sidro MelaGodo,Melagodo Brut,🥉 Bronze,Active,Italy,"<a href=""https://www.sidromelagodo.it/"">Website</a>","<a href=""https://www.facebook.com/profile.php?id=100008470323757"">Facebook</a>","<a href=""https://www.instagram.com/sidromelagodo/"">Instagram</a>","<a href=""https://maps.google.com/?cid=12237794709851078121"">Google</a>",,
2020,Naturally Sparkling Cider,Écusson,Ecusson Brut Bio,🥉 Bronze,Active,France,"<a href=""https://www.cidre-ecusson.com/"">Website</a>","<a href=""https://www.facebook.com/CidreEcusson/"">Facebook</a>","<a href=""https://www.instagram.com/cidreecusson/"">Instagram</a>",,,
2020,Naturally Sparkling Cider,The Portsmouth Distillery Co.,Fort Cyder,🥉 Bronze,Inactive,England,,,,,,
2020,New World Style Cider,ALDI Stores Australia,Storm European Apple Cider,🏆 Trophy,Active,Australia,"<a href=""https://www.aldi.com.au/"">Website</a>",,,,,
2020,New World Style Cider,ALDI Stores Australia,Devils Orchard Apple Cider,🥈 Silver,Active,Australia,"<a href=""https://www.aldi.com.au/"">Website</a>",,,,,
2020,New World Style Cider,Loxtonia Cider,Loxtonia Crispy Apple Cider,🥈 Silver,Active,South Africa,"<a href=""https://loxtonia.co.za/"">Website</a>","<a href=""https://www.facebook.com/loxtoniacider/"">Facebook</a>","<a href=""https://www.instagram.com/loxtonia_cider/"">Instagram</a>","<a href=""https://maps.google.com/?cid=10388854018344349799"">Google</a>",,"<a href=""https://www.tripadvisor.com/Attraction_Review-g1594772-d19042987"">TripAdvisor</a>"
2020,New World Style Cider,Loïc Raison,Louis Raison Original Crisp,🥈 Silver,Active,France,"<a href=""https://www.loicraison.fr/"">Website</a>","<a href=""https://www.facebook.com/CidreLoicRaison/"">Facebook</a>","<a href=""https://www.instagram.com/loicraison/"">Instagram</a>","<a href=""https://maps.google.com/?cid=15768587504697904757"">Google</a>",,
2020,New World Style Cider,Balfour Winery,Jake's Kentish Cider,🥈 Silver,Active,England,"<a href=""https://balfourwinery.com/"">Website</a>","<a href=""https://www.facebook.com/jakesdrinks/"">Facebook</a>","<a href=""https://www.instagram.com/balfourbeer/"">Instagram</a>","<a href=""https://maps.google.com/?cid=8755110381879088649"">Google</a>",,"<a href=""https://www.tripadvisor.com/Attraction_Review-g1936909-d4205571"">TripAdvisor</a>"
2020,New World Style Cider,A-Factory Aomori Cidre,Aomori Cidre Sparkling Dry,🥈 Silver,Active,Japan,"<a href=""https://afactory-abc.com/cidre/"">Website</a>",,"<a href=""https://www.instagram.com/af_yoshinocho.cidrefactory/"">Instagram</a>","<a href=""https://maps.google.com/?cid=2400746234436166085"">Google</a>",,
2020,New World Style Cider,A-Factory Aomori Cidre,Aomori Cidre Sparkling Standard,🥈 Silver,Active,Japan,"<a href=""https://afactory-abc.com/cidre/"">Website</a>",,"<a href=""https://www.instagram.com/af_yoshinocho.cidrefactory/"">Instagram</a>","<a href=""https://maps.google.com/?cid=2400746234436166085"">Google</a>",,
2020,New World Style Cider,Nude Cider,Nude Cider Medium Dry,🥈 Silver,Active,Finland,"<a href=""https://www.nudecider.fi/"">Website</a>",,"<a href=""https://www.instagram.com/nude_cider/"">Instagram</a>","<a href=""https://maps.google.com/?cid=590124294754000819"">Google</a>",,
2020,New World Style Cider,Oldfields Cider,Applefresco,🥈 Silver,Active,England,"<a href=""https://www.oldfieldscider.co.uk/"">Website</a>","<a href=""https://www.facebook.com/oldfieldscidershop"">Facebook</a>","<a href=""https://www.instagram.com/oldfieldscider/"">Instagram</a>","<a href=""https://maps.google.com/?cid=12366118442495260876"">Google</a>",,
2020,New World Style Cider,Oldfields Cider,Oldfields Medium Dry,🥈 Silver,Active,England,"<a href=""https://www.oldfieldscider.co.uk/"">Website</a>","<a href=""https://www.facebook.com/oldfieldscidershop"">Facebook</a>","<a href=""https://www.instagram.com/oldfieldscider/"">Instagram</a>","<a href=""https://maps.google.com/?cid=12366118442495260876"">Google</a>",,
2020,New World Style Cider,Oldfields Cider,Oldfields Original,🥈 Silver,Active,England,"<a href=""https://www.oldfieldscider.co.uk/"">Website</a>","<a href=""https://www.facebook.com/oldfieldscidershop"">Facebook</a>","<a href=""https://www.instagram.com/oldfieldscider/"">Instagram</a>","<a href=""https://maps.google.com/?cid=12366118442495260876"">Google</a>",,
2020,New World Style Cider,Ex-Press Cider,Shepherd's Warning,🥈 Silver,Active,England,"<a href=""http://www.thisiscider.co.uk/"">Website</a>",,,,,
2020,New World Style Cider,Thatchers Cider,Thatchers Katy,🥈 Silver,Active,England,"<a href=""https://www.thatcherscider.co.uk/"">Website</a>","<a href=""https://www.facebook.com/ThatchersCiderCompany"">Facebook</a>","<a href=""https://www.instagram.com/thatcherscider/"">Instagram</a>","<a href=""https://maps.google.com/?cid=15191093037076298219"">Google</a>",,"<a href=""https://www.tripadvisor.com/Attraction_Review-g4412909-d11019728"">TripAdvisor</a>"
2020,New World Style Cider,Thistly Cross Cider,Thistly Cross Original,🥈 Silver,Active,Scotland,"<a href=""https://www.thistlycrosscider.co.uk/"">Website</a>","<a href=""https://www.facebook.com/thistlycrosscider"">Facebook</a>","<a href=""https://www.instagram.com/thistlycrosscider/"">Instagram</a>","<a href=""https://maps.google.com/?cid=2739185346632911214"">Google</a>",,
2020,New World Style Cider,Austrian Cider Company,Fuschlsee Cuvée,🥉 Bronze,Active,Austria,"<a href=""https://www.austrianciderco.com/"">Website</a>","<a href=""https://www.facebook.com/austrianciderco"">Facebook</a>","<a href=""https://www.instagram.com/austrianciderco/"">Instagram</a>",,,
2020,New World Style Cider,Mosterei Möhl,Möhl Straight Apple Cider,🥉 Bronze,Active,Switzerland,"<a href=""https://www.moehl.ch/"">Website</a>","<a href=""https://www.facebook.com/saftvomfass/"">Facebook</a>","<a href=""https://www.instagram.com/mosterei_moehl/"">Instagram</a>","<a href=""https://maps.google.com/?cid=2429351855518192196"">Google</a>",,
2020,New World Style Cider,Dudda's Tun Cider,Greenhorn,🥉 Bronze,Active,England,"<a href=""https://duddastuncider.com/"">Website</a>","<a href=""https://www.facebook.com/duddastuncider/"">Facebook</a>","<a href=""https://www.instagram.com/duddastuncider/"">Instagram</a>","<a href=""https://maps.google.com/?cid=14013683904909502876"">Google</a>",,
2020,New World Style Cider,Loïc Raison,Louis Raison Rouge Délice,🥉 Bronze,Active,France,"<a href=""https://www.loicraison.fr/"">Website</a>","<a href=""https://www.facebook.com/CidreLoicRaison/"">Facebook</a>","<a href=""https://www.instagram.com/loicraison/"">Instagram</a>","<a href=""https://maps.google.com/?cid=15768587504697904757"">Google</a>",,
2020,New World Style Cider,Nøvar Cider,Nøvar,🥉 Bronze,Active,Scotland,"<a href=""https://www.novarcider.com/"">Website</a>","<a href=""https://www.facebook.com/novarcider/"">Facebook</a>","<a href=""https://www.instagram.com/novarcider/"">Instagram</a>","<a href=""https://maps.google.com/?cid=15839183571884271385"">Google</a>",,
2020,New World Style Cider,A-Factory Aomori Cidre,Aomori Cidre Sparkling Sweet,🥉 Bronze,Active,Japan,"<a href=""https://afactory-abc.com/cidre/"">Website</a>",,"<a href=""https://www.instagram.com/af_yoshinocho.cidrefactory/"">Instagram</a>","<a href=""https://maps.google.com/?cid=2400746234436166085"">Google</a>",,
2020,New World Style Cider,Kelterei Heil,Cooper's Original Cider,🥉 Bronze,Active,Germany,"<a href=""https://kelterei-heil.de/"">Website</a>","<a href=""https://www.facebook.com/keltereiheil/"">Facebook</a>","<a href=""https://www.instagram.com/keltereiheil"">Instagram</a>","<a href=""https://maps.google.com/?cid=18431477139160593371"">Google</a>",,
2020,New World Style Cider,Kentish Pip,Craftsman,🥉 Bronze,Active,England,"<a href=""https://www.kentishpip.co.uk/"">Website</a>","<a href=""https://www.facebook.com/kentishpip"">Facebook</a>","<a href=""https://www.instagram.com/kentishpip"">Instagram</a>","<a href=""https://maps.google.com/?cid=10171179408012212368"">Google</a>",,"<a href=""https://www.tripadvisor.com/Attraction_Review-g186311-d19116139"">TripAdvisor</a>"
2020,New World Style Cider,Kentish Pip,High Diver,🥉 Bronze,Active,England,"<a href=""https://www.kentishpip.co.uk/"">Website</a>","<a href=""https://www.facebook.com/kentishpip"">Facebook</a>","<a href=""https://www.instagram.com/kentishpip"">Instagram</a>","<a href=""https://maps.google.com/?cid=10171179408012212368"">Google</a>",,"<a href=""https://www.tripadvisor.com/Attraction_Review-g186311-d19116139"">TripAdvisor</a>"
2020,New World Style Cider,Kiezbaum,Kiezbaum Cider Apple,🥉 Bronze,Active,Germany,"<a href=""https://www.kiezbaum.de/"">Website</a>","<a href=""https://www.facebook.com/kiezbaum"">Facebook</a>","<a href=""https://www.instagram.com/kiezbaum"">Instagram</a>",,,
2020,New World Style Cider,Les Celliers Associés,Perle de Cidre Brut,🥉 Bronze,Active,France,"<a href=""https://www.valderance.com/"">Website</a>","<a href=""https://www.facebook.com/ValdeRance/"">Facebook</a>","<a href=""https://www.instagram.com/lca_coop_cider/"">Instagram</a>","<a href=""https://maps.google.com/?cid=7883069809343472545"">Google</a>",,
2020,New World Style Cider,Les Celliers Associés,Perle de Cidre Fruité,🥉 Bronze,Active,France,"<a href=""https://www.valderance.com/"">Website</a>","<a href=""https://www.facebook.com/ValdeRance/"">Facebook</a>","<a href=""https://www.instagram.com/lca_coop_cider/"">Instagram</a>","<a href=""https://maps.google.com/?cid=7883069809343472545"">Google</a>",,
2020,New World Style Cider,Psydra,Maçãdelic,🥉 Bronze,Inactive,Brazil,,,,,,
2020,New World Style Cider,Turners Cider,Turners Medium-Dry Cider,🥉 Bronze,Active,England,"<a href=""https://turnerscider.co.uk/"">Website</a>","<a href=""https://www.facebook.com/turnerscider/"">Facebook</a>","<a href=""https://www.instagram.com/turners_cider/"">Instagram</a>","<a href=""https://maps.google.com/?cid=8141635084407407708"">Google</a>",,
2020,New World Style Cider,Wise Owl Cider,Russet - Single Variety,🥉 Bronze,Active,England,"<a href=""https://wiseowlcider.com/"">Website</a>","<a href=""https://www.facebook.com/wiseowlciderkent/"">Facebook</a>","<a href=""https://www.instagram.com/wiseowlcider/"">Instagram</a>","<a href=""https://maps.google.com/?cid=13293738296862003314"">Google</a>",,
2020,Pear Cider,Kiezbaum,Kiezbaum Cider Pear,🥈 Silver,Active,Germany,"<a href=""https://www.kiezbaum.de/"">Website</a>","<a href=""https://www.facebook.com/kiezbaum"">Facebook</a>","<a href=""https://www.instagram.com/kiezbaum"">Instagram</a>",,,
2020,Pear Cider,Les Celliers Associés,L'Authentique French Cider Pear,🥈 Silver,Active,France,"<a href=""https://www.valderance.com/"">Website</a>","<a href=""https://www.facebook.com/ValdeRance/"">Facebook</a>","<a href=""https://www.instagram.com/lca_coop_cider/"">Instagram</a>","<a href=""https://maps.google.com/?cid=7883069809343472545"">Google</a>",,
2020,Pear Cider,Marks & Spencer,Vintage Pear Cider,🥈 Silver,Active,England,"<a href=""https://www.marksandspencer.com/"">Website</a>","<a href=""https://www.facebook.com/MarksandSpencer/"">Facebook</a>","<a href=""https://www.instagram.com/marksandspencer/"">Instagram</a>",,,
2020,Pear Cider,ALDI Stores Australia,Devils Orchard Pear Cider,🥉 Bronze,Active,Australia,"<a href=""https://www.aldi.com.au/"">Website</a>",,,,,
2020,Pear Cider,Maeloc,Maeloc Pear,🥉 Bronze,Active,Spain,"<a href=""https://maelocway.com/"">Website</a>","<a href=""https://www.facebook.com/maelocway/"">Facebook</a>","<a href=""https://www.instagram.com/maelocway/"">Instagram</a>","<a href=""https://maps.google.com/?cid=11814015461660737074"">Google</a>",,
2020,Pear Cider,Waitrose,Waitrose Pear Cider,🥉 Bronze,Active,England,"<a href=""https://www.waitrose.com/"">Website</a>","<a href=""https://www.facebook.com/waitrose"">Facebook</a>","<a href=""https://www.instagram.com/waitrose/"">Instagram</a>",,,
2020,Pear Cider,Wise Owl Cider,Lightly Sparkling Pear Cider,🥉 Bronze,Active,England,"<a href=""https://wiseowlcider.com/"">Website</a>","<a href=""https://www.facebook.com/wiseowlciderkent/"">Facebook</a>","<a href=""https://www.instagram.com/wiseowlcider/"">Instagram</a>","<a href=""https://maps.google.com/?cid=13293738296862003314"">Google</a>",,
2020,Perry,Hogan's Cider,Hogan's Perry,🏆 Trophy,Active,England,"<a href=""https://www.hoganscider.co.uk/"">Website</a>","<a href=""https://www.facebook.com/HogansCider/"">Facebook</a>","<a href=""https://www.instagram.com/hoganscider/"">Instagram</a>","<a href=""https://maps.google.com/?cid=344551779062280462"">Google</a>",,
2020,Perry,Ramborn Cider Co.,Ramborn Perry,🥈 Silver,Active,Luxembourg,"<a href=""https://www.ramborn.com/"">Website</a>","<a href=""https://www.facebook.com/RambornUS/"">Facebook</a>","<a href=""https://www.instagram.com/rambornciderco/"">Instagram</a>","<a href=""https://maps.google.com/?cid=16691194016355154342"">Google</a>",,"<a href=""https://www.tripadvisor.com/Attraction_Review-g206525-d12591209"">TripAdvisor</a>"
2020,Perry,Westons Cider,Waitrose Westons English Vintage Perry Cider,🥈 Silver,Active,England,"<a href=""https://www.westons-cider.co.uk/"">Website</a>","<a href=""https://www.facebook.com/WestonsCiderMill"">Facebook</a>","<a href=""https://www.instagram.com/westonscider/"">Instagram</a>","<a href=""https://maps.google.com/?cid=11779156514256391794"">Google</a>",,"<a href=""https://www.tripadvisor.com/Attraction_Review-g186303-d218508"">TripAdvisor</a>"
2020,Perry,Cidre Le Brun,Poire Le Brun,🥉 Bronze,Active,France,"<a href=""https://cidrelebrun.com/"">Website</a>",,"<a href=""https://www.instagram.com/cidrelebrun"">Instagram</a>","<a href=""https://maps.google.com/?cid=5387381455239409930"">Google</a>",,
2020,Rosé Cider,Balfour Winery,Jake's Orchard Cider - Rosé,🏆 Supreme Champion,Active,England,"<a href=""https://balfourwinery.com/"">Website</a>","<a href=""https://www.facebook.com/jakesdrinks/"">Facebook</a>","<a href=""https://www.instagram.com/balfourbeer/"">Instagram</a>","<a href=""https://maps.google.com/?cid=8755110381879088649"">Google</a>",,"<a href=""https://www.tripadvisor.com/Attraction_Review-g1936909-d4205571"">TripAdvisor</a>"
2020,Rosé Cider,Nikka Cidre,Nikka Cidre Rose,🥈 Silver,Active,Japan,"<a href=""https://www.asahibeer.co.jp/cidre/"">Website</a>",,,,,
2020,Rosé Cider,Cidentro Cider House,Cidentro Rosé Cider 2018,🥈 Silver,Active,England,"<a href=""https://www.cidentro.co.uk/"">Website</a>","<a href=""https://www.facebook.com/Cidentro/"">Facebook</a>","<a href=""https://www.instagram.com/cidentro_cider_house/"">Instagram</a>","<a href=""https://maps.google.com/?cid=5581663823600674011"">Google</a>",,
2020,Rosé Cider,Les Celliers Associés,L'Authentique French Cider Rosé,🥉 Bronze,Active,France,"<a href=""https://www.valderance.com/"">Website</a>","<a href=""https://www.facebook.com/ValdeRance/"">Facebook</a>","<a href=""https://www.instagram.com/lca_coop_cider/"">Instagram</a>","<a href=""https://maps.google.com/?cid=7883069809343472545"">Google</a>",,
2020,Spanish Cider,Angry Orchard,Edu,🏆 Trophy,Active,United States,"<a href=""https://www.angryorchard.com/"">Website</a>","<a href=""https://www.facebook.com/AngryOrchard/"">Facebook</a>","<a href=""https://www.instagram.com/angryorchard/"">Instagram</a>","<a href=""https://maps.google.com/?cid=17467507983407382578"">Google</a>","<a href=""https://www.yelp.com/biz/angry-orchard-walden-2"">Yelp</a>","<a href=""https://www.tripadvisor.com/Attraction_Review-g48788-d10266026"">TripAdvisor</a>"
2020,Spanish Cider,Maeloc,Maeloc Unfiltered Organic,🥈 Silver,Active,Spain,"<a href=""https://maelocway.com/"">Website</a>","<a href=""https://www.facebook.com/maelocway/"">Facebook</a>","<a href=""https://www.instagram.com/maelocway/"">Instagram</a>","<a href=""https://maps.google.com/?cid=11814015461660737074"">Google</a>",,
2020,Speciality Cider,Cold Hand Winery,Malus X Feminam 2016,🏆 Trophy,Active,Denmark,"<a href=""https://www.coldhandwinery.dk/"">Website</a>","<a href=""https://www.facebook.com/Cold-Hand-Winery-280396455326889/"">Facebook</a>","<a href=""https://www.instagram.com/cold_hand_winery/"">Instagram</a>","<a href=""https://maps.google.com/?cid=8847115036999398343"">Google</a>",,"<a href=""https://www.tripadvisor.com/Attraction_Review-g227594-d11638093"">TripAdvisor</a>"
2020,Speciality Cider,Ramborn Cider Co.,Luxembourgish Garden Quince,🥇 Gold,Active,Luxembourg,"<a href=""https://www.ramborn.com/"">Website</a>","<a href=""https://www.facebook.com/RambornUS/"">Facebook</a>","<a href=""https://www.instagram.com/rambornciderco/"">Instagram</a>","<a href=""https://maps.google.com/?cid=16691194016355154342"">Google</a>",,"<a href=""https://www.tripadvisor.com/Attraction_Review-g206525-d12591209"">TripAdvisor</a>"
2020,Speciality Cider,Crafty Nectar Cider Co.,Crafty Nectar No.9,🥈 Silver,Active,England,"<a href=""https://craftynectar.com/"">Website</a>","<a href=""https://www.facebook.com/craftynectar/"">Facebook</a>","<a href=""https://www.instagram.com/craftynectar/"">Instagram</a>",,,
2020,Speciality Cider,Stonewell Cider,Apple Oak Wine,🥈 Silver,Active,Ireland,"<a href=""https://www.stonewellcider.com/"">Website</a>","<a href=""https://www.facebook.com/stonewellcider"">Facebook</a>","<a href=""https://www.instagram.com/stonewellcider/"">Instagram</a>","<a href=""https://maps.google.com/?cid=6638378960827420170"">Google</a>",,
2020,Speciality Cider,Ouse Winery,Cidre 2018,🥉 Bronze,Active,Japan,"<a href=""https://ousewinery.jp/"">Website</a>","<a href=""https://www.facebook.com/ousewinery"">Facebook</a>","<a href=""https://www.instagram.com/ousewinery"">Instagram</a>","<a href=""https://maps.google.com/?cid=13264051574333781681"">Google</a>",,"<a href=""https://www.tripadvisor.com/Attraction_Review-g298245-d23559190"">TripAdvisor</a>"
2020,Speciality Cider,J&R Armitage,The First Law,🥉 Bronze,Active,England,"<a href=""https://armitagesparklingwines.co.uk/"">Website</a>","<a href=""https://www.facebook.com/JRArmitage1/"">Facebook</a>","<a href=""https://www.instagram.com/jr_armitage/"">Instagram</a>",,,
2020,West Country Style,Pips Cider,Pips Medium,🏆 Trophy,Active,England,"<a href=""http://www.pipscider.com/"">Website</a>","<a href=""https://www.facebook.com/PipsCider"">Facebook</a>","<a href=""https://www.instagram.com/pipscider/"">Instagram</a>","<a href=""https://maps.google.com/?cid=16039788259014934478"">Google</a>",,
2020,West Country Style,Cidre Le Brun,Cidre Le Brun Rose,🥇 Gold,Active,France,"<a href=""https://cidrelebrun.com/"">Website</a>",,"<a href=""https://www.instagram.com/cidrelebrun"">Instagram</a>","<a href=""https://maps.google.com/?cid=5387381455239409930"">Google</a>",,
2020,West Country Style,Hogan's Cider,Hogan's Medium Cider,🥇 Gold,Active,England,"<a href=""https://www.hoganscider.co.uk/"">Website</a>","<a href=""https://www.facebook.com/HogansCider/"">Facebook</a>","<a href=""https://www.instagram.com/hoganscider/"">Instagram</a>","<a href=""https://maps.google.com/?cid=344551779062280462"">Google</a>",,
2020,West Country Style,Les Celliers Associés,Val de Rance Cru Breton Brut,🥇 Gold,Active,France,"<a href=""https://www.valderance.com/"">Website</a>","<a href=""https://www.facebook.com/ValdeRance/"">Facebook</a>","<a href=""https://www.instagram.com/lca_coop_cider/"">Instagram</a>","<a href=""https://maps.google.com/?cid=7883069809343472545"">Google</a>",,
2020,West Country Style,Aston Manor Cider,Friels First Press Vintage Cider,🥈 Silver,Active,England,"<a href=""https://www.astonmanor.co.uk/"">Website</a>",,,"<a href=""https://maps.google.com/?cid=8328306569280299730"">Google</a>",,
2020,West Country Style,Aston Manor Cider,Malvern Cider Co. Malvern Gold Cider,🥈 Silver,Active,England,"<a href=""https://www.astonmanor.co.uk/"">Website</a>",,,"<a href=""https://maps.google.com/?cid=8328306569280299730"">Google</a>",,
2020,West Country Style,Celtic Marches,Abrahalls Vintage,🥈 Silver,Active,England,"<a href=""https://www.celticmarches.com/"">Website</a>","<a href=""https://www.facebook.com/celticmarchesbeverages/"">Facebook</a>","<a href=""https://www.instagram.com/celticmarches/"">Instagram</a>","<a href=""https://maps.google.com/?cid=14163451376835523124"">Google</a>",,
2020,West Country Style,Cidentro Cider House,Cidentro Still Cider 2018,🥈 Silver,Active,England,"<a href=""https://www.cidentro.co.uk/"">Website</a>","<a href=""https://www.facebook.com/Cidentro/"">Facebook</a>","<a href=""https://www.instagram.com/cidentro_cider_house/"">Instagram</a>","<a href=""https://maps.google.com/?cid=5581663823600674011"">Google</a>",,
2020,West Country Style,Cidre Le Brun,Cidre Lidl Artisanal Brut,🥈 Silver,Active,France,"<a href=""https://cidrelebrun.com/"">Website</a>",,"<a href=""https://www.instagram.com/cidrelebrun"">Instagram</a>","<a href=""https://maps.google.com/?cid=5387381455239409930"">Google</a>",,
2020,West Country Style,Cidre Le Brun,Cidre Le Brun Organic,🥈 Silver,Active,France,"<a href=""https://cidrelebrun.com/"">Website</a>",,"<a href=""https://www.instagram.com/cidrelebrun"">Instagram</a>","<a href=""https://maps.google.com/?cid=5387381455239409930"">Google</a>",,
2020,West Country Style,Dunkertons Cider and Perry,Craft Organic,🥈 Silver,Active,England,"<a href=""https://www.dunkertonscider.co.uk/"">Website</a>","<a href=""https://www.facebook.com/dunkertonsorganiccider/"">Facebook</a>","<a href=""https://www.instagram.com/dunkertonscider/"">Instagram</a>","<a href=""https://maps.google.com/?cid=4719921113153419800"">Google</a>",,
2020,West Country Style,Hogan's Cider,Hogan's Dry Cider,🥈 Silver,Active,England,"<a href=""https://www.hoganscider.co.uk/"">Website</a>","<a href=""https://www.facebook.com/HogansCider/"">Facebook</a>","<a href=""https://www.instagram.com/hoganscider/"">Instagram</a>","<a href=""https://maps.google.com/?cid=344551779062280462"">Google</a>",,
2020,West Country Style,Les Celliers Associés,Galipette Cidre Brut,🥈 Silver,Active,France,"<a href=""https://www.valderance.com/"">Website</a>","<a href=""https://www.facebook.com/ValdeRance/"">Facebook</a>","<a href=""https://www.instagram.com/lca_coop_cider/"">Instagram</a>","<a href=""https://maps.google.com/?cid=7883069809343472545"">Google</a>",,
2020,West Country Style,Marks & Spencer,Somerset Oak Matured Vintage Cider,🥈 Silver,Active,England,"<a href=""https://www.marksandspencer.com/"">Website</a>","<a href=""https://www.facebook.com/MarksandSpencer/"">Facebook</a>","<a href=""https://www.instagram.com/marksandspencer/"">Instagram</a>",,,
2020,West Country Style,Perry's Cider,Barn Owl,🥈 Silver,Active,England,"<a href=""https://www.perryscider.co.uk/"">Website</a>","<a href=""https://www.facebook.com/perryscider"">Facebook</a>","<a href=""https://www.instagram.com/perryscider/"">Instagram</a>","<a href=""https://maps.google.com/?cid=33331284311998818"">Google</a>",,"<a href=""https://www.tripadvisor.com/Attraction_Review-g1077115-d4325310"">TripAdvisor</a>"
2020,West Country Style,Sandford Orchards,Creedy Vintage,🥈 Silver,Active,England,"<a href=""https://www.sandfordorchards.co.uk/"">Website</a>","<a href=""https://www.facebook.com/sandfordorchards"">Facebook</a>","<a href=""https://www.instagram.com/sandfordorchards/"">Instagram</a>","<a href=""https://maps.google.com/?cid=2784404680033020235"">Google</a>",,"<a href=""https://www.tripadvisor.com/Attraction_Review-g635675-d14758900"">TripAdvisor</a>"
2020,West Country Style,Sandford Orchards,Devon Mist,🥈 Silver,Active,England,"<a href=""https://www.sandfordorchards.co.uk/"">Website</a>","<a href=""https://www.facebook.com/sandfordorchards"">Facebook</a>","<a href=""https://www.instagram.com/sandfordorchards/"">Instagram</a>","<a href=""https://maps.google.com/?cid=2784404680033020235"">Google</a>",,"<a href=""https://www.tripadvisor.com/Attraction_Review-g635675-d14758900"">TripAdvisor</a>"
2020,West Country Style,Sheppy's Cider,Sheppy's Vintage Reserve Cider,🥈 Silver,Active,England,"<a href=""https://www.sheppyscider.com/"">Website</a>","<a href=""https://www.facebook.com/sheppyscider/"">Facebook</a>","<a href=""https://www.instagram.com/sheppyscider/"">Instagram</a>","<a href=""https://maps.google.com/?cid=14572513592829460886"">Google</a>",,"<a href=""https://www.tripadvisor.com/Attraction_Review-g190730-d6870973"">TripAdvisor</a>"
2020,West Country Style,Taunton Cider Company,Taunton Original Medium Cider,🥈 Silver,Inactive,England,,,,,,
2020,West Country Style,Westons Cider,"Waitrose Westons English Vintage, Herefordshire",🥈 Silver,Active,England,"<a href=""https://www.westons-cider.co.uk/"">Website</a>","<a href=""https://www.facebook.com/WestonsCiderMill"">Facebook</a>","<a href=""https://www.instagram.com/westonscider/"">Instagram</a>","<a href=""https://maps.google.com/?cid=11779156514256391794"">Google</a>",,"<a href=""https://www.tripadvisor.com/Attraction_Review-g186303-d218508"">TripAdvisor</a>"
2020,West Country Style,Westons Cider,Henry Westons Signature Vintage,🥈 Silver,Active,England,"<a href=""https://www.westons-cider.co.uk/"">Website</a>","<a href=""https://www.facebook.com/WestonsCiderMill"">Facebook</a>","<a href=""https://www.instagram.com/westonscider/"">Instagram</a>","<a href=""https://maps.google.com/?cid=11779156514256391794"">Google</a>",,"<a href=""https://www.tripadvisor.com/Attraction_Review-g186303-d218508"">TripAdvisor</a>"
2020,West Country Style,Westons Cider,Henry Westons Vintage,🥈 Silver,Active,England,"<a href=""https://www.westons-cider.co.uk/"">Website</a>","<a href=""https://www.facebook.com/WestonsCiderMill"">Facebook</a>","<a href=""https://www.instagram.com/westonscider/"">Instagram</a>","<a href=""https://maps.google.com/?cid=11779156514256391794"">Google</a>",,"<a href=""https://www.tripadvisor.com/Attraction_Review-g186303-d218508"">TripAdvisor</a>"
2020,West Country Style,Angry Orchard,Bittersteve,🥉 Bronze,Active,United States,"<a href=""https://www.angryorchard.com/"">Website</a>","<a href=""https://www.facebook.com/AngryOrchard/"">Facebook</a>","<a href=""https://www.instagram.com/angryorchard/"">Instagram</a>","<a href=""https://maps.google.com/?cid=17467507983407382578"">Google</a>","<a href=""https://www.yelp.com/biz/angry-orchard-walden-2"">Yelp</a>","<a href=""https://www.tripadvisor.com/Attraction_Review-g48788-d10266026"">TripAdvisor</a>"
2020,West Country Style,Celtic Marches,Abrahalls AD Dry,🥉 Bronze,Active,England,"<a href=""https://www.celticmarches.com/"">Website</a>","<a href=""https://www.facebook.com/celticmarchesbeverages/"">Facebook</a>","<a href=""https://www.instagram.com/celticmarches/"">Instagram</a>","<a href=""https://maps.google.com/?cid=14163451376835523124"">Google</a>",,
2020,West Country Style,Celtic Marches,Abrahalls AM Medium,🥉 Bronze,Active,England,"<a href=""https://www.celticmarches.com/"">Website</a>","<a href=""https://www.facebook.com/celticmarchesbeverages/"">Facebook</a>","<a href=""https://www.instagram.com/celticmarches/"">Instagram</a>","<a href=""https://maps.google.com/?cid=14163451376835523124"">Google</a>",,
2020,West Country Style,Cidentro Cider House,Cidentro Cider 2018,🥉 Bronze,Active,England,"<a href=""https://www.cidentro.co.uk/"">Website</a>","<a href=""https://www.facebook.com/Cidentro/"">Facebook</a>","<a href=""https://www.instagram.com/cidentro_cider_house/"">Instagram</a>","<a href=""https://maps.google.com/?cid=5581663823600674011"">Google</a>",,
2020,West Country Style,Courtney's Devon Cider,Whimple Orchards,🥉 Bronze,Active,England,"<a href=""https://courtneys.online/"">Website</a>","<a href=""https://www.facebook.com/courtneysdrinks/"">Facebook</a>",,"<a href=""https://maps.google.com/?cid=15697263033877967876"">Google</a>",,
2020,West Country Style,Dunkertons Cider and Perry,Black Fox Organic,🥉 Bronze,Active,England,"<a href=""https://www.dunkertonscider.co.uk/"">Website</a>","<a href=""https://www.facebook.com/dunkertonsorganiccider/"">Facebook</a>","<a href=""https://www.instagram.com/dunkertonscider/"">Instagram</a>","<a href=""https://maps.google.com/?cid=4719921113153419800"">Google</a>",,
2020,West Country Style,Hawkes,Slam Funk,🥉 Bronze,Active,England,"<a href=""https://wearehawkes.com/"">Website</a>","<a href=""https://www.facebook.com/wearehawkes/"">Facebook</a>","<a href=""https://www.instagram.com/hawkescidertap/"">Instagram</a>",,,
2020,West Country Style,Bulmers,Bulmers Original,🥉 Bronze,Active,England,"<a href=""https://www.bulmers.co.uk/"">Website</a>","<a href=""https://www.facebook.com/Bulmers/"">Facebook</a>","<a href=""https://www.instagram.com/bulmers_cider/"">Instagram</a>","<a href=""https://maps.google.com/?cid=13460408443952843212"">Google</a>",,
2020,West Country Style,Bulmers,Orchard Thieves,🥉 Bronze,Active,England,"<a href=""https://www.bulmers.co.uk/"">Website</a>","<a href=""https://www.facebook.com/Bulmers/"">Facebook</a>","<a href=""https://www.instagram.com/bulmers_cider/"">Instagram</a>","<a href=""https://maps.google.com/?cid=13460408443952843212"">Google</a>",,
2020,West Country Style,Bulmers,Strongbow,🥉 Bronze,Active,England,"<a href=""https://www.bulmers.co.uk/"">Website</a>","<a href=""https://www.facebook.com/Bulmers/"">Facebook</a>","<a href=""https://www.instagram.com/bulmers_cider/"">Instagram</a>","<a href=""https://maps.google.com/?cid=13460408443952843212"">Google</a>",,
2020,West Country Style,Bulmers,Strongbow Cloudy Apple,🥉 Bronze,Active,England,"<a href=""https://www.bulmers.co.uk/"">Website</a>","<a href=""https://www.facebook.com/Bulmers/"">Facebook</a>","<a href=""https://www.instagram.com/bulmers_cider/"">Instagram</a>","<a href=""https://maps.google.com/?cid=13460408443952843212"">Google</a>",,
2020,West Country Style,Kentish Pip,Skylark,🥉 Bronze,Active,England,"<a href=""https://www.kentishpip.co.uk/"">Website</a>","<a href=""https://www.facebook.com/kentishpip"">Facebook</a>","<a href=""https://www.instagram.com/kentishpip"">Instagram</a>","<a href=""https://maps.google.com/?cid=10171179408012212368"">Google</a>",,"<a href=""https://www.tripadvisor.com/Attraction_Review-g186311-d19116139"">TripAdvisor</a>"
2020,West Country Style,Les Celliers Associés,L'Authentique French Cider Brut,🥉 Bronze,Active,France,"<a href=""https://www.valderance.com/"">Website</a>","<a href=""https://www.facebook.com/ValdeRance/"">Facebook</a>","<a href=""https://www.instagram.com/lca_coop_cider/"">Instagram</a>","<a href=""https://maps.google.com/?cid=7883069809343472545"">Google</a>",,
2020,West Country Style,Lidl GB,Woodgate Devonshire Scrumpy Apple Cider,🥉 Bronze,Active,England,"<a href=""https://www.lidl.co.uk/"">Website</a>","<a href=""https://www.facebook.com/lidlgb/"">Facebook</a>","<a href=""https://www.instagram.com/lidlgb"">Instagram</a>",,,
2020,West Country Style,Lidl GB,Woodgate Premium West Country Vintage Cider,🥉 Bronze,Active,England,"<a href=""https://www.lidl.co.uk/"">Website</a>","<a href=""https://www.facebook.com/lidlgb/"">Facebook</a>","<a href=""https://www.instagram.com/lidlgb"">Instagram</a>",,,
2020,West Country Style,Marks & Spencer,Devon Farmhouse Cider,🥉 Bronze,Active,England,"<a href=""https://www.marksandspencer.com/"">Website</a>","<a href=""https://www.facebook.com/MarksandSpencer/"">Facebook</a>","<a href=""https://www.instagram.com/marksandspencer/"">Instagram</a>",,,
2020,West Country Style,Marks & Spencer,Somerset Dabinett Apple Cider,🥉 Bronze,Active,England,"<a href=""https://www.marksandspencer.com/"">Website</a>","<a href=""https://www.facebook.com/MarksandSpencer/"">Facebook</a>","<a href=""https://www.instagram.com/marksandspencer/"">Instagram</a>",,,
2020,West Country Style,Marks & Spencer,Somerset Traditional Cider,🥉 Bronze,Active,England,"<a href=""https://www.marksandspencer.com/"">Website</a>","<a href=""https://www.facebook.com/MarksandSpencer/"">Facebook</a>","<a href=""https://www.instagram.com/marksandspencer/"">Instagram</a>",,,
2020,West Country Style,Marks & Spencer,Somerset Vintage Cider,🥉 Bronze,Active,England,"<a href=""https://www.marksandspencer.com/"">Website</a>","<a href=""https://www.facebook.com/MarksandSpencer/"">Facebook</a>","<a href=""https://www.instagram.com/marksandspencer/"">Instagram</a>",,,
2020,West Country Style,Perry's Cider,Redstreak,🥉 Bronze,Active,England,"<a href=""https://www.perryscider.co.uk/"">Website</a>","<a href=""https://www.facebook.com/perryscider"">Facebook</a>","<a href=""https://www.instagram.com/perryscider/"">Instagram</a>","<a href=""https://maps.google.com/?cid=33331284311998818"">Google</a>",,"<a href=""https://www.tripadvisor.com/Attraction_Review-g1077115-d4325310"">TripAdvisor</a>"
2020,West Country Style,Sandford Orchards,Devon Red,🥉 Bronze,Active,England,"<a href=""https://www.sandfordorchards.co.uk/"">Website</a>","<a href=""https://www.facebook.com/sandfordorchards"">Facebook</a>","<a href=""https://www.instagram.com/sandfordorchards/"">Instagram</a>","<a href=""https://maps.google.com/?cid=2784404680033020235"">Google</a>",,"<a href=""https://www.tripadvisor.com/Attraction_Review-g635675-d14758900"">TripAdvisor</a>"
2020,West Country Style,Sheppy's Cider,Sheppy's 200 Special Edition Cider,🥉 Bronze,Active,England,"<a href=""https://www.sheppyscider.com/"">Website</a>","<a href=""https://www.facebook.com/sheppyscider/"">Facebook</a>","<a href=""https://www.instagram.com/sheppyscider/"">Instagram</a>","<a href=""https://maps.google.com/?cid=14572513592829460886"">Google</a>",,"<a href=""https://www.tripadvisor.com/Attraction_Review-g190730-d6870973"">TripAdvisor</a>"
2020,West Country Style,Cotswold Cider Company,No Brainer Dry Cloudy Sparkling Cider,🥉 Bronze,Active,England,"<a href=""https://www.cotswoldciderco.com/"">Website</a>","<a href=""https://www.facebook.com/CotswoldCiderCompany"">Facebook</a>","<a href=""https://www.instagram.com/cotswoldciderco/"">Instagram</a>",,,
2020,West Country Style,Ty Gwyn Cider,Ty Gwyn Cider Kingston Black Medium Dry Cider,🥉 Bronze,Active,Wales,"<a href=""https://www.tygwyncider.co.uk/"">Website</a>","<a href=""https://www.facebook.com/Ty-Gwyn-Cider-Ty-Gwyn-Holidays-309401775703/"">Facebook</a>","<a href=""https://www.instagram.com/ty_gwyn_cider/"">Instagram</a>","<a href=""https://maps.google.com/?cid=10387007397298060764"">Google</a>",,"<a href=""https://www.tripadvisor.com/Attraction_Review-g8500569-d8291589"">TripAdvisor</a>"
2020,West Country Style,Westons Cider,Stowford Press Cloudy,🥉 Bronze,Active,England,"<a href=""https://www.westons-cider.co.uk/"">Website</a>","<a href=""https://www.facebook.com/WestonsCiderMill"">Facebook</a>","<a href=""https://www.instagram.com/westonscider/"">Instagram</a>","<a href=""https://maps.google.com/?cid=11779156514256391794"">Google</a>",,"<a href=""https://www.tripadvisor.com/Attraction_Review-g186303-d218508"">TripAdvisor</a>"
2020,Wood Aged Cider,Farm & Cidery Kaneshige,Julien Farmer's Craft Cider - Barrel Aged,🥈 Silver,Active,Japan,"<a href=""https://www.kaneshige.jp/"">Website</a>","<a href=""https://www.facebook.com/%E3%83%95%E3%82%A1%E3%83%BC%E3%83%A0%E3%82%B5%E3%82%A4%E3%83%80%E3%83%AA%E3%83%BC-%E3%82%AB%E3%83%8D%E3%82%B7%E3%82%B2-405442802886108/?__cft__[0]=AZUf27CW0havOAXR5fpjOVa0up5HOL8UJNu3Z4K3gnmKQTe9PYtrBzYGzvPOIuu7WAXpIDIPvU4SyEH-O-zHeGEtuc4ToNq4fvlh_wSIG-0TGXxiLvTNm0ZQEiEXvX94OBT8wEP085OcKiyFCF7BFQXx&__tn__=kC%2CP-R"">Facebook</a>","<a href=""https://www.instagram.com/kaneshige_farm/"">Instagram</a>","<a href=""https://maps.google.com/?cid=16274463510556174655"">Google</a>",,
2020,Wood Aged Cider,Hawkes,Kentucky Bourbon Cider,🥉 Bronze,Active,England,"<a href=""https://wearehawkes.com/"">Website</a>","<a href=""https://www.facebook.com/wearehawkes/"">Facebook</a>","<a href=""https://www.instagram.com/hawkescidertap/"">Instagram</a>",,,
2020,Wood Aged Cider,Thistly Cross Cider,Thistly Cross Whisky Cask,🥉 Bronze,Active,Scotland,"<a href=""https://www.thistlycrosscider.co.uk/"">Website</a>","<a href=""https://www.facebook.com/thistlycrosscider"">Facebook</a>","<a href=""https://www.instagram.com/thistlycrosscider/"">Instagram</a>","<a href=""https://maps.google.com/?cid=2739185346632911214"">Google</a>",,
2021,Flavoured Cider,Mūrbūdu,Aroniju Sidrs,🏆 Trophy,Active,Latvia,"<a href=""https://www.nenormalssidrs.lv/"">Website</a>","<a href=""https://www.facebook.com/murbudu/"">Facebook</a>","<a href=""https://www.instagram.com/murbudu_sidrs/"">Instagram</a>","<a href=""https://maps.google.com/?cid=15847061061259139900"">Google</a>",,
2021,Flavoured Cider,Celtic Marches,Pulp Rhubarb & Mango 4%,🥈 Silver,Active,England,"<a href=""https://www.celticmarches.com/"">Website</a>","<a href=""https://www.facebook.com/celticmarchesbeverages/"">Facebook</a>","<a href=""https://www.instagram.com/celticmarches/"">Instagram</a>","<a href=""https://maps.google.com/?cid=14163451376835523124"">Google</a>",,
2021,Flavoured Cider,Mūrbūdu,Apiņotais,🥈 Silver,Active,Latvia,"<a href=""https://www.nenormalssidrs.lv/"">Website</a>","<a href=""https://www.facebook.com/murbudu/"">Facebook</a>","<a href=""https://www.instagram.com/murbudu_sidrs/"">Instagram</a>","<a href=""https://maps.google.com/?cid=15847061061259139900"">Google</a>",,
2021,Flavoured Cider,Thistly Cross Cider,Thistly Cross Strawberry,🥈 Silver,Active,Scotland,"<a href=""https://www.thistlycrosscider.co.uk/"">Website</a>","<a href=""https://www.facebook.com/thistlycrosscider"">Facebook</a>","<a href=""https://www.instagram.com/thistlycrosscider/"">Instagram</a>","<a href=""https://maps.google.com/?cid=2739185346632911214"">Google</a>",,
2021,Flavoured Cider,Thirsty Fox,Thirsty Fox Kipp,🥈 Silver,Active,India,"<a href=""https://thirstyfox.com/"">Website</a>","<a href=""https://www.facebook.com/thirstyfoxcider"">Facebook</a>","<a href=""https://www.instagram.com/thirstyfoxcider/"">Instagram</a>","<a href=""https://maps.google.com/?cid=10203573978211651887"">Google</a>",,
2021,Flavoured Cider,Sidra El Gaitero,Spring Cider Apple & Grape,🥈 Silver,Active,Spain,"<a href=""https://www.sidraelgaitero.com/"">Website</a>","<a href=""https://www.facebook.com/grupoelgaitero"">Facebook</a>","<a href=""https://www.instagram.com/grupoelgaitero/"">Instagram</a>","<a href=""https://maps.google.com/?cid=15753532318992345137"">Google</a>",,"<a href=""https://www.tripadvisor.com/Attraction_Review-g608997-d3239389"">TripAdvisor</a>"
2021,Flavoured Cider,Westons Cider,Rosie's Pig Rhubarb,🥈 Silver,Active,England,"<a href=""https://www.westons-cider.co.uk/"">Website</a>","<a href=""https://www.facebook.com/WestonsCiderMill"">Facebook</a>","<a href=""https://www.instagram.com/westonscider/"">Instagram</a>","<a href=""https://maps.google.com/?cid=11779156514256391794"">Google</a>",,"<a href=""https://www.tripadvisor.com/Attraction_Review-g186303-d218508"">TripAdvisor</a>"
2021,Flavoured Cider,Aston Manor Cider,Friels Rhubarb Cider,🥉 Bronze,Active,England,"<a href=""https://www.astonmanor.co.uk/"">Website</a>",,,"<a href=""https://maps.google.com/?cid=8328306569280299730"">Google</a>",,
2021,Flavoured Cider,Celtic Marches,Pulp Rhubarb 4%,🥉 Bronze,Active,England,"<a href=""https://www.celticmarches.com/"">Website</a>","<a href=""https://www.facebook.com/celticmarchesbeverages/"">Facebook</a>","<a href=""https://www.instagram.com/celticmarches/"">Instagram</a>","<a href=""https://maps.google.com/?cid=14163451376835523124"">Google</a>",,
2021,Flavoured Cider,Hawkes,Cyser. Hawkes X Gosnells Meadery Collab,🥉 Bronze,Active,England,"<a href=""https://wearehawkes.com/"">Website</a>","<a href=""https://www.facebook.com/wearehawkes/"">Facebook</a>","<a href=""https://www.instagram.com/hawkescidertap/"">Instagram</a>",,,
2021,Flavoured Cider,Hawkes,Pineapple Punch Cider,🥉 Bronze,Active,England,"<a href=""https://wearehawkes.com/"">Website</a>","<a href=""https://www.facebook.com/wearehawkes/"">Facebook</a>","<a href=""https://www.instagram.com/hawkescidertap/"">Instagram</a>",,,
2021,Flavoured Cider,Healey's Cornish Cyder Farm,Rattler Peach Cyder,🥉 Bronze,Active,England,"<a href=""https://healeyscyder.co.uk/"">Website</a>","<a href=""https://www.facebook.com/HealeysCornishCyderFarm/"">Facebook</a>","<a href=""https://www.instagram.com/healeyscyderfarm/"">Instagram</a>","<a href=""https://maps.google.com/?cid=17810033344220665904"">Google</a>","<a href=""https://www.yelp.com/biz/healeys-cyder-farm-callestick"">Yelp</a>","<a href=""https://www.tripadvisor.com/Attraction_Review-g209011-d647285"">TripAdvisor</a>"
2021,Flavoured Cider,Healey's Cornish Cyder Farm,Rattler Pineapple Cyder,🥉 Bronze,Active,England,"<a href=""https://healeyscyder.co.uk/"">Website</a>","<a href=""https://www.facebook.com/HealeysCornishCyderFarm/"">Facebook</a>","<a href=""https://www.instagram.com/healeyscyderfarm/"">Instagram</a>","<a href=""https://maps.google.com/?cid=17810033344220665904"">Google</a>","<a href=""https://www.yelp.com/biz/healeys-cyder-farm-callestick"">Yelp</a>","<a href=""https://www.tripadvisor.com/Attraction_Review-g209011-d647285"">TripAdvisor</a>"
2021,Flavoured Cider,Kelterei Heil,Cooper's Dry Hopped,🥉 Bronze,Active,Germany,"<a href=""https://kelterei-heil.de/"">Website</a>","<a href=""https://www.facebook.com/keltereiheil/"">Facebook</a>","<a href=""https://www.instagram.com/keltereiheil"">Instagram</a>","<a href=""https://maps.google.com/?cid=18431477139160593371"">Google</a>",,
2021,Flavoured Cider,Lidl GB,Sötoma Pineapple & Raspberry Cider,🥉 Bronze,Active,England,"<a href=""https://www.lidl.co.uk/"">Website</a>","<a href=""https://www.facebook.com/lidlgb/"">Facebook</a>","<a href=""https://www.instagram.com/lidlgb"">Instagram</a>",,,
2021,Flavoured Cider,Monkey House Cider,Monkey House Pineapple & Passionfruit,🥉 Bronze,Active,England,"<a href=""https://www.monkeyhousecider.co.uk/"">Website</a>","<a href=""https://www.facebook.com/Monkeyhouseciderberwick/"">Facebook</a>","<a href=""https://www.instagram.com/monkeyhousecider/"">Instagram</a>","<a href=""https://maps.google.com/?cid=9384746937899899122"">Google</a>",,
2021,Flavoured Cider,Mūrbūdu,Džindžeris,🥉 Bronze,Active,Latvia,"<a href=""https://www.nenormalssidrs.lv/"">Website</a>","<a href=""https://www.facebook.com/murbudu/"">Facebook</a>","<a href=""https://www.instagram.com/murbudu_sidrs/"">Instagram</a>","<a href=""https://maps.google.com/?cid=15847061061259139900"">Google</a>",,
2021,Flavoured Cider,Pinter,Waltham Forest Cider,🥉 Bronze,Active,England,"<a href=""https://pinter.com/"">Website</a>","<a href=""https://www.facebook.com/PinterFreshBeer"">Facebook</a>","<a href=""https://www.instagram.com/pinter_freshbeer"">Instagram</a>",,,
2021,Flavoured Cider,Thistly Cross Cider,Thistly Cross Elderflower,🥉 Bronze,Active,Scotland,"<a href=""https://www.thistlycrosscider.co.uk/"">Website</a>","<a href=""https://www.facebook.com/thistlycrosscider"">Facebook</a>","<a href=""https://www.instagram.com/thistlycrosscider/"">Instagram</a>","<a href=""https://maps.google.com/?cid=2739185346632911214"">Google</a>",,
2021,Flavoured Cider,Thistly Cross Cider,Thistly Cross Ginger,🥉 Bronze,Active,Scotland,"<a href=""https://www.thistlycrosscider.co.uk/"">Website</a>","<a href=""https://www.facebook.com/thistlycrosscider"">Facebook</a>","<a href=""https://www.instagram.com/thistlycrosscider/"">Instagram</a>","<a href=""https://maps.google.com/?cid=2739185346632911214"">Google</a>",,
2021,Flavoured Cider,Thistly Cross Cider,Thistly Cross Scottish Fruits,🥉 Bronze,Active,Scotland,"<a href=""https://www.thistlycrosscider.co.uk/"">Website</a>","<a href=""https://www.facebook.com/thistlycrosscider"">Facebook</a>","<a href=""https://www.instagram.com/thistlycrosscider/"">Instagram</a>","<a href=""https://maps.google.com/?cid=2739185346632911214"">Google</a>",,
2021,Ice Cider,Sidra El Gaitero,1898,🥈 Silver,Active,Spain,"<a href=""https://www.sidraelgaitero.com/"">Website</a>","<a href=""https://www.facebook.com/grupoelgaitero"">Facebook</a>","<a href=""https://www.instagram.com/grupoelgaitero/"">Instagram</a>","<a href=""https://maps.google.com/?cid=15753532318992345137"">Google</a>",,"<a href=""https://www.tripadvisor.com/Attraction_Review-g608997-d3239389"">TripAdvisor</a>"
2021,Low and No Alcohol Cider,Crafty Nectar Cider Co.,Crafty Nectar 0.5,🏆 Trophy,Active,England,"<a href=""https://craftynectar.com/"">Website</a>","<a href=""https://www.facebook.com/craftynectar/"">Facebook</a>","<a href=""https://www.instagram.com/craftynectar/"">Instagram</a>",,,
2021,Low and No Alcohol Cider,Aston Manor Cider,Kingstone Press Low Alcohol Cider,🥈 Silver,Active,England,"<a href=""https://www.astonmanor.co.uk/"">Website</a>",,,"<a href=""https://maps.google.com/?cid=8328306569280299730"">Google</a>",,
2021,Low and No Alcohol Cider,Stonewell Cider,Stonewell Non-Alcoholic cider,🥈 Silver,Active,Ireland,"<a href=""https://www.stonewellcider.com/"">Website</a>","<a href=""https://www.facebook.com/stonewellcider"">Facebook</a>","<a href=""https://www.instagram.com/stonewellcider/"">Instagram</a>","<a href=""https://maps.google.com/?cid=6638378960827420170"">Google</a>",,
2021,Low and No Alcohol Cider,Westons Cider,Stowford Press 0.5% Low Alcohol,🥈 Silver,Active,England,"<a href=""https://www.westons-cider.co.uk/"">Website</a>","<a href=""https://www.facebook.com/WestonsCiderMill"">Facebook</a>","<a href=""https://www.instagram.com/westonscider/"">Instagram</a>","<a href=""https://maps.google.com/?cid=11779156514256391794"">Google</a>",,"<a href=""https://www.tripadvisor.com/Attraction_Review-g186303-d218508"">TripAdvisor</a>"
2021,Low and No Alcohol Cider,Aston Manor Cider,Friels Low Alcohol Apple Cider,🥉 Bronze,Active,England,"<a href=""https://www.astonmanor.co.uk/"">Website</a>",,,"<a href=""https://maps.google.com/?cid=8328306569280299730"">Google</a>",,
2021,Low and No Alcohol Cider,Les Celliers Associés,Galipette Cidre 0%,🥉 Bronze,Active,France,"<a href=""https://www.valderance.com/"">Website</a>","<a href=""https://www.facebook.com/ValdeRance/"">Facebook</a>","<a href=""https://www.instagram.com/lca_coop_cider/"">Instagram</a>","<a href=""https://maps.google.com/?cid=7883069809343472545"">Google</a>",,
2021,Low and No Alcohol Cider,Thatchers Cider,Thatchers Zero,🥉 Bronze,Active,England,"<a href=""https://www.thatcherscider.co.uk/"">Website</a>","<a href=""https://www.facebook.com/ThatchersCiderCompany"">Facebook</a>","<a href=""https://www.instagram.com/thatcherscider/"">Instagram</a>","<a href=""https://maps.google.com/?cid=15191093037076298219"">Google</a>",,"<a href=""https://www.tripadvisor.com/Attraction_Review-g4412909-d11019728"">TripAdvisor</a>"
2021,Naturally Sparkling Cider,J&R Armitage,Keeved Cider,🥈 Silver,Active,England,"<a href=""https://armitagesparklingwines.co.uk/"">Website</a>","<a href=""https://www.facebook.com/JRArmitage1/"">Facebook</a>","<a href=""https://www.instagram.com/jr_armitage/"">Instagram</a>",,,
2021,Naturally Sparkling Cider,Paladeus,Paladeus Apfelsecco - Sidro Frizzante Di Mela,🥈 Silver,Active,Italy,"<a href=""http://www.paladeus.it/"">Website</a>","<a href=""https://www.facebook.com/profile.php?id=100067062071715"">Facebook</a>","<a href=""https://www.instagram.com/paladeus_cider/"">Instagram</a>","<a href=""https://maps.google.com/?cid=8605615739361573597"">Google</a>",,
2021,Naturally Sparkling Cider,Sidra El Gaitero,Pomarina Brut,🥈 Silver,Active,Spain,"<a href=""https://www.sidraelgaitero.com/"">Website</a>","<a href=""https://www.facebook.com/grupoelgaitero"">Facebook</a>","<a href=""https://www.instagram.com/grupoelgaitero/"">Instagram</a>","<a href=""https://maps.google.com/?cid=15753532318992345137"">Google</a>",,"<a href=""https://www.tripadvisor.com/Attraction_Review-g608997-d3239389"">TripAdvisor</a>"
2021,Naturally Sparkling Cider,Cranborne Chase Cider,Dorsecco,🥉 Bronze,Active,England,"<a href=""https://cranbornechasecider.co.uk/"">Website</a>","<a href=""https://www.facebook.com/cranbornechasecider"">Facebook</a>","<a href=""https://www.instagram.com/cranborne_chase_cider/"">Instagram</a>","<a href=""https://maps.google.com/?cid=11691295207635124730"">Google</a>",,
2021,Naturally Sparkling Cider,Écusson,Ecusson Brut Généreux,🥉 Bronze,Active,France,"<a href=""https://www.cidre-ecusson.com/"">Website</a>","<a href=""https://www.facebook.com/CidreEcusson/"">Facebook</a>","<a href=""https://www.instagram.com/cidreecusson/"">Instagram</a>",,,
2021,Naturally Sparkling Cider,Écusson,Ecusson Doux Fruité,🥉 Bronze,Active,France,"<a href=""https://www.cidre-ecusson.com/"">Website</a>","<a href=""https://www.facebook.com/CidreEcusson/"">Facebook</a>","<a href=""https://www.instagram.com/cidreecusson/"">Instagram</a>",,,
2021,New World Style Cider,Thatchers Cider,Thatchers Katy,🏆 Trophy,Active,England,"<a href=""https://www.thatcherscider.co.uk/"">Website</a>","<a href=""https://www.facebook.com/ThatchersCiderCompany"">Facebook</a>","<a href=""https://www.instagram.com/thatcherscider/"">Instagram</a>","<a href=""https://maps.google.com/?cid=15191093037076298219"">Google</a>",,"<a href=""https://www.tripadvisor.com/Attraction_Review-g4412909-d11019728"">TripAdvisor</a>"
2021,New World Style Cider,A-Factory Aomori Cidre,A-Factory Aomori Cidre Sparkling Dry,🥇 Gold,Active,Japan,"<a href=""https://afactory-abc.com/cidre/"">Website</a>",,"<a href=""https://www.instagram.com/af_yoshinocho.cidrefactory/"">Instagram</a>","<a href=""https://maps.google.com/?cid=2400746234436166085"">Google</a>",,
2021,New World Style Cider,ALDI Stores Australia,Devil's Orchard Dry Apple Cider,🥈 Silver,Active,Australia,"<a href=""https://www.aldi.com.au/"">Website</a>",,,,,
2021,New World Style Cider,A-Factory Aomori Cidre,A-Factory Aomori Cidre Sparkling Standard,🥈 Silver,Active,Japan,"<a href=""https://afactory-abc.com/cidre/"">Website</a>",,"<a href=""https://www.instagram.com/af_yoshinocho.cidrefactory/"">Instagram</a>","<a href=""https://maps.google.com/?cid=2400746234436166085"">Google</a>",,
2021,New World Style Cider,A-Factory Aomori Cidre,A-Factory Aomori Cidre Sparkling Sweet,🥈 Silver,Active,Japan,"<a href=""https://afactory-abc.com/cidre/"">Website</a>",,"<a href=""https://www.instagram.com/af_yoshinocho.cidrefactory/"">Instagram</a>","<a href=""https://maps.google.com/?cid=2400746234436166085"">Google</a>",,
2021,New World Style Cider,Kilmegan Cider,"Kilmegan ""Real"" Cider",🥈 Silver,Active,Northern Ireland,"<a href=""https://kilmegancider.com/"">Website</a>","<a href=""https://www.facebook.com/kilmegancider/"">Facebook</a>","<a href=""https://www.instagram.com/kilmegancider/"">Instagram</a>","<a href=""https://maps.google.com/?cid=3112578667047542739"">Google</a>",,
2021,New World Style Cider,Kilmegan Cider,"Kilmegan ""Wild Elderflower Infused"" Cider",🥈 Silver,Active,Northern Ireland,"<a href=""https://kilmegancider.com/"">Website</a>","<a href=""https://www.facebook.com/kilmegancider/"">Facebook</a>","<a href=""https://www.instagram.com/kilmegancider/"">Instagram</a>","<a href=""https://maps.google.com/?cid=3112578667047542739"">Google</a>",,
2021,New World Style Cider,Mūrbūdu,Pussauss Ābolu Sidrs,🥈 Silver,Active,Latvia,"<a href=""https://www.nenormalssidrs.lv/"">Website</a>","<a href=""https://www.facebook.com/murbudu/"">Facebook</a>","<a href=""https://www.instagram.com/murbudu_sidrs/"">Instagram</a>","<a href=""https://maps.google.com/?cid=15847061061259139900"">Google</a>",,
2021,New World Style Cider,Sharp's Brewery,Cold River Cider,🥈 Silver,Active,England,"<a href=""https://www.sharpsbrewery.co.uk/"">Website</a>","<a href=""https://www.facebook.com/sharpsbreweryuk/"">Facebook</a>","<a href=""https://www.instagram.com/sharpsbrewery/"">Instagram</a>","<a href=""https://maps.google.com/?cid=15304130641726715336"">Google</a>",,"<a href=""https://www.tripadvisor.com/Attraction_Review-g528872-d8420771"">TripAdvisor</a>"
2021,New World Style Cider,Thatchers Cider,Thatchers Cox's,🥈 Silver,Active,England,"<a href=""https://www.thatcherscider.co.uk/"">Website</a>","<a href=""https://www.facebook.com/ThatchersCiderCompany"">Facebook</a>","<a href=""https://www.instagram.com/thatcherscider/"">Instagram</a>","<a href=""https://maps.google.com/?cid=15191093037076298219"">Google</a>",,"<a href=""https://www.tripadvisor.com/Attraction_Review-g4412909-d11019728"">TripAdvisor</a>"
2021,New World Style Cider,Thatchers Cider,Thatchers Grenadier,🥈 Silver,Active,England,"<a href=""https://www.thatcherscider.co.uk/"">Website</a>","<a href=""https://www.facebook.com/ThatchersCiderCompany"">Facebook</a>","<a href=""https://www.instagram.com/thatcherscider/"">Instagram</a>","<a href=""https://maps.google.com/?cid=15191093037076298219"">Google</a>",,"<a href=""https://www.tripadvisor.com/Attraction_Review-g4412909-d11019728"">TripAdvisor</a>"
2021,New World Style Cider,The Newt in Somerset,The Newt Fine Cyder,🥈 Silver,Active,England,"<a href=""https://thenewtinsomerset.com/"">Website</a>","<a href=""https://www.facebook.com/TheNewtinSomerset/"">Facebook</a>","<a href=""https://www.instagram.com/thenewtinsomerset/"">Instagram</a>","<a href=""https://maps.google.com/?cid=16242928558795998551"">Google</a>",,"<a href=""https://www.tripadvisor.com/Hotel_Review-g1469149-d19815204"">TripAdvisor</a>"
2021,New World Style Cider,Sidra El Gaitero,Sidra el Gaitero Extra,🥈 Silver,Active,Spain,"<a href=""https://www.sidraelgaitero.com/"">Website</a>","<a href=""https://www.facebook.com/grupoelgaitero"">Facebook</a>","<a href=""https://www.instagram.com/grupoelgaitero/"">Instagram</a>","<a href=""https://maps.google.com/?cid=15753532318992345137"">Google</a>",,"<a href=""https://www.tripadvisor.com/Attraction_Review-g608997-d3239389"">TripAdvisor</a>"
2021,New World Style Cider,BudaPrés Cider,Kedvesem! (Darling!),🥉 Bronze,Active,Hungary,"<a href=""https://budapres.hu/"">Website</a>","<a href=""https://www.facebook.com/budaprescider"">Facebook</a>","<a href=""https://www.instagram.com/budaprescider/"">Instagram</a>","<a href=""https://maps.google.com/?cid=13494992015632291593"">Google</a>",,
2021,New World Style Cider,Dudda's Tun Cider,Disco,🥉 Bronze,Active,England,"<a href=""https://duddastuncider.com/"">Website</a>","<a href=""https://www.facebook.com/duddastuncider/"">Facebook</a>","<a href=""https://www.instagram.com/duddastuncider/"">Instagram</a>","<a href=""https://maps.google.com/?cid=14013683904909502876"">Google</a>",,
2021,New World Style Cider,Dudda's Tun Cider,Original,🥉 Bronze,Active,England,"<a href=""https://duddastuncider.com/"">Website</a>","<a href=""https://www.facebook.com/duddastuncider/"">Facebook</a>","<a href=""https://www.instagram.com/duddastuncider/"">Instagram</a>","<a href=""https://maps.google.com/?cid=14013683904909502876"">Google</a>",,
2021,New World Style Cider,La Mordue,La Mordue Original,🥉 Bronze,Active,France,"<a href=""https://www.lamordue.fr/"">Website</a>","<a href=""https://www.facebook.com/ciderlamordue/"">Facebook</a>","<a href=""https://www.instagram.com/ciderlamordue/"">Instagram</a>","<a href=""https://maps.google.com/?cid=12531232480419391978"">Google</a>",,
2021,New World Style Cider,La Mordue,La Mordue Rouge,🥉 Bronze,Active,France,"<a href=""https://www.lamordue.fr/"">Website</a>","<a href=""https://www.facebook.com/ciderlamordue/"">Facebook</a>","<a href=""https://www.instagram.com/ciderlamordue/"">Instagram</a>","<a href=""https://maps.google.com/?cid=12531232480419391978"">Google</a>",,
2021,New World Style Cider,Loïc Raison,Louis Raison Original Crisp,🥉 Bronze,Active,France,"<a href=""https://www.loicraison.fr/"">Website</a>","<a href=""https://www.facebook.com/CidreLoicRaison/"">Facebook</a>","<a href=""https://www.instagram.com/loicraison/"">Instagram</a>","<a href=""https://maps.google.com/?cid=15768587504697904757"">Google</a>",,
2021,New World Style Cider,Exner Cider,Exner Craft Apple Cider,🥉 Bronze,Active,Spain,"<a href=""https://exnercider.com/"">Website</a>","<a href=""https://www.facebook.com/ExnerCider/"">Facebook</a>","<a href=""https://www.instagram.com/exner.cider/"">Instagram</a>",,,
2021,New World Style Cider,Golden Cider Company,Äppelcider,🥉 Bronze,Active,Sweden,"<a href=""https://goldencider.se/"">Website</a>","<a href=""https://www.facebook.com/goldencidercompany/"">Facebook</a>","<a href=""https://www.instagram.com/goldencider/"">Instagram</a>",,,
2021,New World Style Cider,A-Factory Aomori Cidre,A-Factory Aomori Cidre Sparkling Aomori Nanae,🥉 Bronze,Active,Japan,"<a href=""https://afactory-abc.com/cidre/"">Website</a>",,"<a href=""https://www.instagram.com/af_yoshinocho.cidrefactory/"">Instagram</a>","<a href=""https://maps.google.com/?cid=2400746234436166085"">Google</a>",,
2021,New World Style Cider,Kelterei Heil,Cooper's Original,🥉 Bronze,Active,Germany,"<a href=""https://kelterei-heil.de/"">Website</a>","<a href=""https://www.facebook.com/keltereiheil/"">Facebook</a>","<a href=""https://www.instagram.com/keltereiheil"">Instagram</a>","<a href=""https://maps.google.com/?cid=18431477139160593371"">Google</a>",,
2021,New World Style Cider,Kiezbaum,Kiezbaum Cider Apple,🥉 Bronze,Active,Germany,"<a href=""https://www.kiezbaum.de/"">Website</a>","<a href=""https://www.facebook.com/kiezbaum"">Facebook</a>","<a href=""https://www.instagram.com/kiezbaum"">Instagram</a>",,,
2021,New World Style Cider,Kilmegan Cider,"Kilmegan ""Irish Farmhouse"" Cider",🥉 Bronze,Active,Northern Ireland,"<a href=""https://kilmegancider.com/"">Website</a>","<a href=""https://www.facebook.com/kilmegancider/"">Facebook</a>","<a href=""https://www.instagram.com/kilmegancider/"">Instagram</a>","<a href=""https://maps.google.com/?cid=3112578667047542739"">Google</a>",,
2021,New World Style Cider,Monkey House Cider,See No Evil,🥉 Bronze,Active,England,"<a href=""https://www.monkeyhousecider.co.uk/"">Website</a>","<a href=""https://www.facebook.com/Monkeyhouseciderberwick/"">Facebook</a>","<a href=""https://www.instagram.com/monkeyhousecider/"">Instagram</a>","<a href=""https://maps.google.com/?cid=9384746937899899122"">Google</a>",,
2021,New World Style Cider,Mūrbūdu,Pussalds Ābolu Sidrs,🥉 Bronze,Active,Latvia,"<a href=""https://www.nenormalssidrs.lv/"">Website</a>","<a href=""https://www.facebook.com/murbudu/"">Facebook</a>","<a href=""https://www.instagram.com/murbudu_sidrs/"">Instagram</a>","<a href=""https://maps.google.com/?cid=15847061061259139900"">Google</a>",,
2021,New World Style Cider,Muxaller Cider,Friesenjung,🥉 Bronze,Active,Germany,"<a href=""https://www.muxallercider.de/"">Website</a>","<a href=""https://www.facebook.com/profile.php?id=100064945230179"">Facebook</a>","<a href=""https://www.instagram.com/muxaller_cider"">Instagram</a>",,,
2021,New World Style Cider,Sxollie,Sxollie Golden Delicious Cider,🥉 Bronze,Active,England,"<a href=""https://sxollie.com/"">Website</a>","<a href=""https://www.facebook.com/sxollie/"">Facebook</a>","<a href=""https://www.instagram.com/sxolliexider/"">Instagram</a>","<a href=""https://maps.google.com/?cid=10777151726289454626"">Google</a>",,
2021,New World Style Cider,Thistly Cross Cider,Thistly Cross Original,🥉 Bronze,Active,Scotland,"<a href=""https://www.thistlycrosscider.co.uk/"">Website</a>","<a href=""https://www.facebook.com/thistlycrosscider"">Facebook</a>","<a href=""https://www.instagram.com/thistlycrosscider/"">Instagram</a>","<a href=""https://maps.google.com/?cid=2739185346632911214"">Google</a>",,
2021,New World Style Cider,Thirsty Fox,Thirsty Fox Izzy,🥉 Bronze,Active,India,"<a href=""https://thirstyfox.com/"">Website</a>","<a href=""https://www.facebook.com/thirstyfoxcider"">Facebook</a>","<a href=""https://www.instagram.com/thirstyfoxcider/"">Instagram</a>","<a href=""https://maps.google.com/?cid=10203573978211651887"">Google</a>",,
2021,New World Style Cider,Sidra El Gaitero,Spring Cider Apple,🥉 Bronze,Active,Spain,"<a href=""https://www.sidraelgaitero.com/"">Website</a>","<a href=""https://www.facebook.com/grupoelgaitero"">Facebook</a>","<a href=""https://www.instagram.com/grupoelgaitero/"">Instagram</a>","<a href=""https://maps.google.com/?cid=15753532318992345137"">Google</a>",,"<a href=""https://www.tripadvisor.com/Attraction_Review-g608997-d3239389"">TripAdvisor</a>"
2021,Pear Cider,Austrian Cider Company,Pride Limited Edition Organic Pear Cider,🥈 Silver,Active,Austria,"<a href=""https://www.austrianciderco.com/"">Website</a>","<a href=""https://www.facebook.com/austrianciderco"">Facebook</a>","<a href=""https://www.instagram.com/austrianciderco/"">Instagram</a>",,,
2021,Pear Cider,ALDI Stores Australia,Devil's Orchard Dry Pear Cider,🥉 Bronze,Active,Australia,"<a href=""https://www.aldi.com.au/"">Website</a>",,,,,
2021,Pear Cider,Sxollie,Sxollie Packhams Triumph,🥉 Bronze,Active,England,"<a href=""https://sxollie.com/"">Website</a>","<a href=""https://www.facebook.com/sxollie/"">Facebook</a>","<a href=""https://www.instagram.com/sxolliexider/"">Instagram</a>","<a href=""https://maps.google.com/?cid=10777151726289454626"">Google</a>",,
2021,Perry,Westons Cider,Henry Westons Perry,🥈 Silver,Active,England,"<a href=""https://www.westons-cider.co.uk/"">Website</a>","<a href=""https://www.facebook.com/WestonsCiderMill"">Facebook</a>","<a href=""https://www.instagram.com/westonscider/"">Instagram</a>","<a href=""https://maps.google.com/?cid=11779156514256391794"">Google</a>",,"<a href=""https://www.tripadvisor.com/Attraction_Review-g186303-d218508"">TripAdvisor</a>"
2021,Perry,Celtic Marches,Pulp Pear 4.5%,🥉 Bronze,Active,England,"<a href=""https://www.celticmarches.com/"">Website</a>","<a href=""https://www.facebook.com/celticmarchesbeverages/"">Facebook</a>","<a href=""https://www.instagram.com/celticmarches/"">Instagram</a>","<a href=""https://maps.google.com/?cid=14163451376835523124"">Google</a>",,
2021,Perry,Napton Cidery,Shropshire Perry,🥉 Bronze,Active,England,"<a href=""https://www.naptoncidery.co.uk/"">Website</a>","<a href=""https://www.facebook.com/naptoncidery"">Facebook</a>","<a href=""https://www.instagram.com/naptoncidery/"">Instagram</a>","<a href=""https://maps.google.com/?cid=12009368832613245042"">Google</a>","<a href=""https://www.yelp.com/biz/napton-cidery-southam"">Yelp</a>","<a href=""https://www.tripadvisor.co.uk/Attraction_Review-g1763975-d12810677"">TripAdvisor</a>"
2021,Perry,Pips Cider,Pips Medium Perry,🥉 Bronze,Active,England,"<a href=""http://www.pipscider.com/"">Website</a>","<a href=""https://www.facebook.com/PipsCider"">Facebook</a>","<a href=""https://www.instagram.com/pipscider/"">Instagram</a>","<a href=""https://maps.google.com/?cid=16039788259014934478"">Google</a>",,
2021,Rosé Cider,Écusson,Ecusson Rosé Naturel,🥉 Bronze,Active,France,"<a href=""https://www.cidre-ecusson.com/"">Website</a>","<a href=""https://www.facebook.com/CidreEcusson/"">Facebook</a>","<a href=""https://www.instagram.com/cidreecusson/"">Instagram</a>",,,
2021,Rosé Cider,Loxtonia Cider,Alexandra Blush MTC,🏆 Supreme Champion,Active,South Africa,"<a href=""https://loxtonia.co.za/"">Website</a>","<a href=""https://www.facebook.com/loxtoniacider/"">Facebook</a>","<a href=""https://www.instagram.com/loxtonia_cider/"">Instagram</a>","<a href=""https://maps.google.com/?cid=10388854018344349799"">Google</a>",,"<a href=""https://www.tripadvisor.com/Attraction_Review-g1594772-d19042987"">TripAdvisor</a>"
2021,Rosé Cider,The Newt in Somerset,The Newt Rose Cyder,🥇 Gold,Active,England,"<a href=""https://thenewtinsomerset.com/"">Website</a>","<a href=""https://www.facebook.com/TheNewtinSomerset/"">Facebook</a>","<a href=""https://www.instagram.com/thenewtinsomerset/"">Instagram</a>","<a href=""https://maps.google.com/?cid=16242928558795998551"">Google</a>",,"<a href=""https://www.tripadvisor.com/Hotel_Review-g1469149-d19815204"">TripAdvisor</a>"
2021,Rosé Cider,Westons Cider,Henry Westons Vintage Rosé,🥇 Gold,Active,England,"<a href=""https://www.westons-cider.co.uk/"">Website</a>","<a href=""https://www.facebook.com/WestonsCiderMill"">Facebook</a>","<a href=""https://www.instagram.com/westonscider/"">Instagram</a>","<a href=""https://maps.google.com/?cid=11779156514256391794"">Google</a>",,"<a href=""https://www.tripadvisor.com/Attraction_Review-g186303-d218508"">TripAdvisor</a>"
2021,Rosé Cider,Nikka Cidre,Nikka Cidre Rose,🥈 Silver,Active,Japan,"<a href=""https://www.asahibeer.co.jp/cidre/"">Website</a>",,,,,
2021,Spanish Cider,Sidra El Gaitero,El Gaitero Natural,🥉 Bronze,Active,Spain,"<a href=""https://www.sidraelgaitero.com/"">Website</a>","<a href=""https://www.facebook.com/grupoelgaitero"">Facebook</a>","<a href=""https://www.instagram.com/grupoelgaitero/"">Instagram</a>","<a href=""https://maps.google.com/?cid=15753532318992345137"">Google</a>",,"<a href=""https://www.tripadvisor.com/Attraction_Review-g608997-d3239389"">TripAdvisor</a>"
2021,Speciality Cider,Entre-Deux-Monts,Zientje,🥈 Silver,Active,Belgium,"<a href=""https://www.entre-deux-monts.be/"">Website</a>","<a href=""https://www.facebook.com/entredeuxmonts"">Facebook</a>","<a href=""https://www.instagram.com/entredeuxmonts/"">Instagram</a>","<a href=""https://maps.google.com/?cid=9635785120480499810"">Google</a>",,"<a href=""https://www.tripadvisor.com/Attraction_Review-g1778121-d7322311"">TripAdvisor</a>"
2021,Speciality Cider,Lyme Bay Winery,Cyser,🥈 Silver,Inactive,England,,,,,,
2021,Speciality Cider,Ouse Winery,Cidre 2019,🥉 Bronze,Active,Japan,"<a href=""https://ousewinery.jp/"">Website</a>","<a href=""https://www.facebook.com/ousewinery"">Facebook</a>","<a href=""https://www.instagram.com/ousewinery"">Instagram</a>","<a href=""https://maps.google.com/?cid=13264051574333781681"">Google</a>",,"<a href=""https://www.tripadvisor.com/Attraction_Review-g298245-d23559190"">TripAdvisor</a>"
2021,Speciality Cider,Hawkes,Nero di Troia,🥉 Bronze,Active,England,"<a href=""https://wearehawkes.com/"">Website</a>","<a href=""https://www.facebook.com/wearehawkes/"">Facebook</a>","<a href=""https://www.instagram.com/hawkescidertap/"">Instagram</a>",,,
2021,Speciality Cider,Kelterei Heil,Fichtekranz,🥉 Bronze,Active,Germany,"<a href=""https://kelterei-heil.de/"">Website</a>","<a href=""https://www.facebook.com/keltereiheil/"">Facebook</a>","<a href=""https://www.instagram.com/keltereiheil"">Instagram</a>","<a href=""https://maps.google.com/?cid=18431477139160593371"">Google</a>",,
2021,West Country Style,Aston Manor Cider,Friels First Press Vintage Cider,🥈 Silver,Active,England,"<a href=""https://www.astonmanor.co.uk/"">Website</a>",,,"<a href=""https://maps.google.com/?cid=8328306569280299730"">Google</a>",,
2021,West Country Style,Cranborne Chase Cider,The Smuggler,🥈 Silver,Active,England,"<a href=""https://cranbornechasecider.co.uk/"">Website</a>","<a href=""https://www.facebook.com/cranbornechasecider"">Facebook</a>","<a href=""https://www.instagram.com/cranborne_chase_cider/"">Instagram</a>","<a href=""https://maps.google.com/?cid=11691295207635124730"">Google</a>",,
2021,West Country Style,Dunkertons Cider and Perry,Organic Vintage Cider,🥈 Silver,Active,England,"<a href=""https://www.dunkertonscider.co.uk/"">Website</a>","<a href=""https://www.facebook.com/dunkertonsorganiccider/"">Facebook</a>","<a href=""https://www.instagram.com/dunkertonscider/"">Instagram</a>","<a href=""https://maps.google.com/?cid=4719921113153419800"">Google</a>",,
2021,West Country Style,Merrydown,Merrydown Original Vintage Medium Cider,🥈 Silver,Active,England,"<a href=""https://www.merrydown.co.uk/"">Website</a>","<a href=""https://www.facebook.com/merrydown.cider/"">Facebook</a>",,,,
2021,West Country Style,Napton Cidery,No3 Smooth Dry Cider,🥈 Silver,Active,England,"<a href=""https://www.naptoncidery.co.uk/"">Website</a>","<a href=""https://www.facebook.com/naptoncidery"">Facebook</a>","<a href=""https://www.instagram.com/naptoncidery/"">Instagram</a>","<a href=""https://maps.google.com/?cid=12009368832613245042"">Google</a>","<a href=""https://www.yelp.com/biz/napton-cidery-southam"">Yelp</a>","<a href=""https://www.tripadvisor.co.uk/Attraction_Review-g1763975-d12810677"">TripAdvisor</a>"
2021,West Country Style,Taunton Cider Company,Longaller Mill Reserve,🥈 Silver,Inactive,England,,,,,,
2021,West Country Style,Taunton Cider Company,Taunton Cider Medium,🥈 Silver,Inactive,England,,,,,,
2021,West Country Style,Taunton Cider Company,Taunton Cider Vintage,🥈 Silver,Inactive,England,,,,,,
2021,West Country Style,The Newt in Somerset,No.3 Yarlington Mill 2020,🥈 Silver,Active,England,"<a href=""https://thenewtinsomerset.com/"">Website</a>","<a href=""https://www.facebook.com/TheNewtinSomerset/"">Facebook</a>","<a href=""https://www.instagram.com/thenewtinsomerset/"">Instagram</a>","<a href=""https://maps.google.com/?cid=16242928558795998551"">Google</a>",,"<a href=""https://www.tripadvisor.com/Hotel_Review-g1469149-d19815204"">TripAdvisor</a>"
2021,West Country Style,Westons Cider,Caple Rd Blend No.3,🥈 Silver,Active,England,"<a href=""https://www.westons-cider.co.uk/"">Website</a>","<a href=""https://www.facebook.com/WestonsCiderMill"">Facebook</a>","<a href=""https://www.instagram.com/westonscider/"">Instagram</a>","<a href=""https://maps.google.com/?cid=11779156514256391794"">Google</a>",,"<a href=""https://www.tripadvisor.com/Attraction_Review-g186303-d218508"">TripAdvisor</a>"
2021,West Country Style,Westons Cider,Henry Westons Cloudy Vintage,🥈 Silver,Active,England,"<a href=""https://www.westons-cider.co.uk/"">Website</a>","<a href=""https://www.facebook.com/WestonsCiderMill"">Facebook</a>","<a href=""https://www.instagram.com/westonscider/"">Instagram</a>","<a href=""https://maps.google.com/?cid=11779156514256391794"">Google</a>",,"<a href=""https://www.tripadvisor.com/Attraction_Review-g186303-d218508"">TripAdvisor</a>"
2021,West Country Style,Westons Cider,Henry Westons Organic,🥈 Silver,Active,England,"<a href=""https://www.westons-cider.co.uk/"">Website</a>","<a href=""https://www.facebook.com/WestonsCiderMill"">Facebook</a>","<a href=""https://www.instagram.com/westonscider/"">Instagram</a>","<a href=""https://maps.google.com/?cid=11779156514256391794"">Google</a>",,"<a href=""https://www.tripadvisor.com/Attraction_Review-g186303-d218508"">TripAdvisor</a>"
2021,West Country Style,Aston Manor Cider,Friels Signature Blend Cider,🥉 Bronze,Active,England,"<a href=""https://www.astonmanor.co.uk/"">Website</a>",,,"<a href=""https://maps.google.com/?cid=8328306569280299730"">Google</a>",,
2021,West Country Style,Aston Manor Cider,Kingstone Press Apple Cider,🥉 Bronze,Active,England,"<a href=""https://www.astonmanor.co.uk/"">Website</a>",,,"<a href=""https://maps.google.com/?cid=8328306569280299730"">Google</a>",,
2021,West Country Style,Aston Manor Cider,Malvern Cider Co. Malvern Gold,🥉 Bronze,Active,England,"<a href=""https://www.astonmanor.co.uk/"">Website</a>",,,"<a href=""https://maps.google.com/?cid=8328306569280299730"">Google</a>",,
2021,West Country Style,Celtic Marches,Pulp Apple 4.7%,🥉 Bronze,Active,England,"<a href=""https://www.celticmarches.com/"">Website</a>","<a href=""https://www.facebook.com/celticmarchesbeverages/"">Facebook</a>","<a href=""https://www.instagram.com/celticmarches/"">Instagram</a>","<a href=""https://maps.google.com/?cid=14163451376835523124"">Google</a>",,
2021,West Country Style,Les Celliers Associés,Galipette Cidre Brut,🥉 Bronze,Active,France,"<a href=""https://www.valderance.com/"">Website</a>","<a href=""https://www.facebook.com/ValdeRance/"">Facebook</a>","<a href=""https://www.instagram.com/lca_coop_cider/"">Instagram</a>","<a href=""https://maps.google.com/?cid=7883069809343472545"">Google</a>",,
2021,West Country Style,Dunkertons Cider and Perry,Dry Organic Cider,🥉 Bronze,Active,England,"<a href=""https://www.dunkertonscider.co.uk/"">Website</a>","<a href=""https://www.facebook.com/dunkertonsorganiccider/"">Facebook</a>","<a href=""https://www.instagram.com/dunkertonscider/"">Instagram</a>","<a href=""https://maps.google.com/?cid=4719921113153419800"">Google</a>",,
2021,West Country Style,Lidl GB,Premium West Country Vintage Cider,🥉 Bronze,Active,England,"<a href=""https://www.lidl.co.uk/"">Website</a>","<a href=""https://www.facebook.com/lidlgb/"">Facebook</a>","<a href=""https://www.instagram.com/lidlgb"">Instagram</a>",,,
2021,West Country Style,Merrydown,Merrydown Vintage Dry,🥉 Bronze,Active,England,"<a href=""https://www.merrydown.co.uk/"">Website</a>","<a href=""https://www.facebook.com/merrydown.cider/"">Facebook</a>",,,,
2021,West Country Style,Pips Cider,Pips Medium,🥉 Bronze,Active,England,"<a href=""http://www.pipscider.com/"">Website</a>","<a href=""https://www.facebook.com/PipsCider"">Facebook</a>","<a href=""https://www.instagram.com/pipscider/"">Instagram</a>","<a href=""https://maps.google.com/?cid=16039788259014934478"">Google</a>",,
2021,West Country Style,Taunton Cider Company,Proper Natch,🥉 Bronze,Inactive,England,,,,,,
2021,West Country Style,Taunton Cider Company,Taunton Cider Dry,🥉 Bronze,Inactive,England,,,,,,
2021,West Country Style,Taunton Cider Company,Taunton Gold,🥉 Bronze,Inactive,England,,,,,,
2021,West Country Style,Westons Cider,Henry Westons British Vintage,🥉 Bronze,Active,England,"<a href=""https://www.westons-cider.co.uk/"">Website</a>","<a href=""https://www.facebook.com/WestonsCiderMill"">Facebook</a>","<a href=""https://www.instagram.com/westonscider/"">Instagram</a>","<a href=""https://maps.google.com/?cid=11779156514256391794"">Google</a>",,"<a href=""https://www.tripadvisor.com/Attraction_Review-g186303-d218508"">TripAdvisor</a>"
2021,West Country Style,Westons Cider,Henry Westons Vintage,🥉 Bronze,Active,England,"<a href=""https://www.westons-cider.co.uk/"">Website</a>","<a href=""https://www.facebook.com/WestonsCiderMill"">Facebook</a>","<a href=""https://www.instagram.com/westonscider/"">Instagram</a>","<a href=""https://maps.google.com/?cid=11779156514256391794"">Google</a>",,"<a href=""https://www.tripadvisor.com/Attraction_Review-g186303-d218508"">TripAdvisor</a>"
2021,Wood Aged Cider,Stonewell Cider,Stonewell Cask,🥈 Silver,Active,Ireland,"<a href=""https://www.stonewellcider.com/"">Website</a>","<a href=""https://www.facebook.com/stonewellcider"">Facebook</a>","<a href=""https://www.instagram.com/stonewellcider/"">Instagram</a>","<a href=""https://maps.google.com/?cid=6638378960827420170"">Google</a>",,
2021,Wood Aged Cider,Hawkes,Ruby Port Barrel Cider,🥉 Bronze,Active,England,"<a href=""https://wearehawkes.com/"">Website</a>","<a href=""https://www.facebook.com/wearehawkes/"">Facebook</a>","<a href=""https://www.instagram.com/hawkescidertap/"">Instagram</a>",,,
2021,Wood Aged Cider,Lyme Bay Winery,Barrel select cider,🥉 Bronze,Inactive,England,,,,,,
2021,Wood Aged Cider,Meon Valley Cider,Brown Trout,🥉 Bronze,Active,England,,,"<a href=""https://www.instagram.com/meon_valley_cider/"">Instagram</a>",,,
2021,Wood Aged Cider,Monkey House Cider,Speak No Evil,🥉 Bronze,Active,England,"<a href=""https://www.monkeyhousecider.co.uk/"">Website</a>","<a href=""https://www.facebook.com/Monkeyhouseciderberwick/"">Facebook</a>","<a href=""https://www.instagram.com/monkeyhousecider/"">Instagram</a>","<a href=""https://maps.google.com/?cid=9384746937899899122"">Google</a>",,
2021,Wood Aged Cider,Thistly Cross Cider,Whisky Cask,🥉 Bronze,Active,Scotland,"<a href=""https://www.thistlycrosscider.co.uk/"">Website</a>","<a href=""https://www.facebook.com/thistlycrosscider"">Facebook</a>","<a href=""https://www.instagram.com/thistlycrosscider/"">Instagram</a>","<a href=""https://maps.google.com/?cid=2739185346632911214"">Google</a>",,
2022,Acid Led Cider,Hardangergutane,Vindpust,🏆 Supreme Champion,Active,Norway,"<a href=""https://hardangergutane.no/"">Website</a>","<a href=""https://www.facebook.com/Hardangergutane/"">Facebook</a>","<a href=""https://www.instagram.com/hardangergutane/"">Instagram</a>","<a href=""https://maps.google.com/?cid=10940983309801750674"">Google</a>",,"<a href=""https://www.tripadvisor.com/Restaurant_Review-g2328851-d23478417"">TripAdvisor</a>"
2022,Acid Led Cider,Oldfields Cider,Oldfields Applefresco,🥇 Gold,Active,England,"<a href=""https://www.oldfieldscider.co.uk/"">Website</a>","<a href=""https://www.facebook.com/oldfieldscidershop"">Facebook</a>","<a href=""https://www.instagram.com/oldfieldscider/"">Instagram</a>","<a href=""https://maps.google.com/?cid=12366118442495260876"">Google</a>",,
2022,Acid Led Cider,Hâld Moed Cidery,Aprillis Fryske Cider,🥈 Silver,Active,Netherlands,"<a href=""https://www.cider.frl/"">Website</a>",,"<a href=""https://www.instagram.com/ydeyntema/"">Instagram</a>","<a href=""https://maps.google.com/?cid=7320243905401792542"">Google</a>",,
2022,Acid Led Cider,Bignose & Beardy,Standen Deliver,🥈 Silver,Active,England,"<a href=""https://bignoseandbeardy.com/"">Website</a>","<a href=""https://www.facebook.com/bignoseandbeardy/"">Facebook</a>","<a href=""https://www.instagram.com/bignosebeardy/"">Instagram</a>","<a href=""https://maps.google.com/?cid=15761729958801782355"">Google</a>",,
2022,Acid Led Cider,Cidra,Cidra Dry,🥈 Silver,Active,Lebanon,,"<a href=""https://www.facebook.com/cidralebanon"">Facebook</a>","<a href=""https://www.instagram.com/cidralebanon/"">Instagram</a>","<a href=""https://maps.google.com/?cid=14218291570320417037"">Google</a>",,
2022,Acid Led Cider,Cydrownia Zywer,Panie Dzieju,🥈 Silver,Active,Poland,"<a href=""https://zywer.pl/"">Website</a>","<a href=""https://www.facebook.com/CydrowniaZywer"">Facebook</a>","<a href=""https://www.instagram.com/cydrowniazywer/"">Instagram</a>","<a href=""https://maps.google.com/?cid=10041242298570436703"">Google</a>",,
2022,Acid Led Cider,Dancing Cider Co.,Sweet Mama,🥈 Silver,Active,South Korea,"<a href=""https://www.dancingcider.com/"">Website</a>","<a href=""https://www.facebook.com/DancingCider/"">Facebook</a>","<a href=""https://www.instagram.com/dancingcider/"">Instagram</a>","<a href=""https://maps.google.com/?cid=7853675129819221848"">Google</a>",,
2022,Acid Led Cider,Hardangergutane,Solglimt,🥈 Silver,Active,Norway,"<a href=""https://hardangergutane.no/"">Website</a>","<a href=""https://www.facebook.com/Hardangergutane/"">Facebook</a>","<a href=""https://www.instagram.com/hardangergutane/"">Instagram</a>","<a href=""https://maps.google.com/?cid=10940983309801750674"">Google</a>",,"<a href=""https://www.tripadvisor.com/Restaurant_Review-g2328851-d23478417"">TripAdvisor</a>"
2022,Acid Led Cider,Kelterei Heil,Cooper's Original,🥈 Silver,Active,Germany,"<a href=""https://kelterei-heil.de/"">Website</a>","<a href=""https://www.facebook.com/keltereiheil/"">Facebook</a>","<a href=""https://www.instagram.com/keltereiheil"">Instagram</a>","<a href=""https://maps.google.com/?cid=18431477139160593371"">Google</a>",,
2022,Acid Led Cider,Mac Ivors Cider,Mac Ivors Medium Cider,🥈 Silver,Active,Northern Ireland,"<a href=""https://macivors.com/"">Website</a>","<a href=""https://www.facebook.com/macivorsciderco"">Facebook</a>","<a href=""https://www.instagram.com/macivorscider/"">Instagram</a>","<a href=""https://maps.google.com/?cid=11494220960590509719"">Google</a>",,
2022,Acid Led Cider,Mūrbūdu,Pussauss ābolu sidrs (Semi-dry apple cider),🥈 Silver,Active,Latvia,"<a href=""https://www.nenormalssidrs.lv/"">Website</a>","<a href=""https://www.facebook.com/murbudu/"">Facebook</a>","<a href=""https://www.instagram.com/murbudu_sidrs/"">Instagram</a>","<a href=""https://maps.google.com/?cid=15847061061259139900"">Google</a>",,
2022,Acid Led Cider,Nightingale Cider Company,Wild Disco,🥈 Silver,Active,England,"<a href=""https://www.nightingalecider.com/"">Website</a>","<a href=""https://www.facebook.com/nightingalecider/"">Facebook</a>","<a href=""https://www.instagram.com/nightingalecider/"">Instagram</a>","<a href=""https://maps.google.com/?cid=18222564835901017065"">Google</a>",,
2022,Acid Led Cider,Nerø Frukt og Sider,Vill & Villig,🥈 Silver,Active,Norway,"<a href=""https://www.nerofrukt.no/"">Website</a>","<a href=""https://www.facebook.com/people/NeR%C3%B8-Frukt-og-Sider/100070115946607/"">Facebook</a>","<a href=""https://www.instagram.com/nerofrukt/"">Instagram</a>","<a href=""https://maps.google.com/?cid=2060180241711172985"">Google</a>",,
2022,Acid Led Cider,Appleblood Cider,Stayman Winesap 2021,🥈 Silver,Active,Italy,"<a href=""https://applebloodcider.com/"">Website</a>","<a href=""https://www.facebook.com/applebloodcider"">Facebook</a>","<a href=""https://www.instagram.com/applebloodcider/"">Instagram</a>","<a href=""https://maps.google.com/?cid=14977227174949746380"">Google</a>",,
2022,Acid Led Cider,Sharp's Brewery,Cold River Cider,🥈 Silver,Active,England,"<a href=""https://www.sharpsbrewery.co.uk/"">Website</a>","<a href=""https://www.facebook.com/sharpsbreweryuk/"">Facebook</a>","<a href=""https://www.instagram.com/sharpsbrewery/"">Instagram</a>","<a href=""https://maps.google.com/?cid=15304130641726715336"">Google</a>",,"<a href=""https://www.tripadvisor.com/Attraction_Review-g528872-d8420771"">TripAdvisor</a>"
2022,Acid Led Cider,Tālava,Semi-dry Apple Cider,🥈 Silver,Active,Latvia,"<a href=""https://www.talava.lv/"">Website</a>","<a href=""https://www.facebook.com/talavassidrs"">Facebook</a>","<a href=""https://www.instagram.com/talavas_sidrs/"">Instagram</a>","<a href=""https://maps.google.com/?cid=16414834196985036378"">Google</a>",,
2022,Acid Led Cider,Terre Cartusiae,Terre Cartusiae Sidro Medio,🥈 Silver,Active,Italy,"<a href=""https://terrecartusiae.com/"">Website</a>","<a href=""https://www.facebook.com/profile.php?id=61550312412145"">Facebook</a>",,"<a href=""https://maps.google.com/?cid=11370456585342224345"">Google</a>",,
2022,Acid Led Cider,Thatchers Cider,Thatchers Katy,🥈 Silver,Active,England,"<a href=""https://www.thatcherscider.co.uk/"">Website</a>","<a href=""https://www.facebook.com/ThatchersCiderCompany"">Facebook</a>","<a href=""https://www.instagram.com/thatcherscider/"">Instagram</a>","<a href=""https://maps.google.com/?cid=15191093037076298219"">Google</a>",,"<a href=""https://www.tripadvisor.com/Attraction_Review-g4412909-d11019728"">TripAdvisor</a>"
2022,Acid Led Cider,Thirsty Fox,Thirsty Fox - Reed,🥈 Silver,Active,India,"<a href=""https://thirstyfox.com/"">Website</a>","<a href=""https://www.facebook.com/thirstyfoxcider"">Facebook</a>","<a href=""https://www.instagram.com/thirstyfoxcider/"">Instagram</a>","<a href=""https://maps.google.com/?cid=10203573978211651887"">Google</a>",,
2022,Acid Led Cider,Merrydown,Merrydown Dry,🥈 Silver,Active,England,"<a href=""https://www.merrydown.co.uk/"">Website</a>","<a href=""https://www.facebook.com/merrydown.cider/"">Facebook</a>",,,,
2022,Acid Led Cider,BudaPrés Cider,Kedvesem! 2019 (Darling! 2019),🥉 Bronze,Active,Hungary,"<a href=""https://budapres.hu/"">Website</a>","<a href=""https://www.facebook.com/budaprescider"">Facebook</a>","<a href=""https://www.instagram.com/budaprescider/"">Instagram</a>","<a href=""https://maps.google.com/?cid=13494992015632291593"">Google</a>",,
2022,Acid Led Cider,Canterbury Cider,Bonagold,🥉 Bronze,Active,England,"<a href=""https://canterburycider.co.uk/"">Website</a>","<a href=""https://www.facebook.com/CanterburyCider"">Facebook</a>","<a href=""https://www.instagram.com/canterburycider/"">Instagram</a>","<a href=""https://maps.google.com/?cid=5125215280159558535"">Google</a>",,
2022,Acid Led Cider,Dancing Cider Co.,Dancing Papa,🥉 Bronze,Active,South Korea,"<a href=""https://www.dancingcider.com/"">Website</a>","<a href=""https://www.facebook.com/DancingCider/"">Facebook</a>","<a href=""https://www.instagram.com/dancingcider/"">Instagram</a>","<a href=""https://maps.google.com/?cid=7853675129819221848"">Google</a>",,
2022,Acid Led Cider,Wild Rock Cider,Wild Rock Cider Apple,🥉 Bronze,Active,Poland,"<a href=""https://wildrockcider.com/"">Website</a>",,,"<a href=""https://maps.google.com/?cid=3982501156017812617"">Google</a>",,
2022,Acid Led Cider,Fowey Valley,Fowey Valley Sparkling Vintage Cider,🥉 Bronze,Active,England,"<a href=""https://www.foweyvalleycider.co.uk/"">Website</a>","<a href=""https://www.facebook.com/foweyvalley/"">Facebook</a>","<a href=""https://www.instagram.com/foweyvalley/"">Instagram</a>","<a href=""https://maps.google.com/?cid=7258373789993087460"">Google</a>",,"<a href=""https://www.tripadvisor.com/Attraction_Review-g528852-d23356436"">TripAdvisor</a>"
2022,Acid Led Cider,Groupe Geloso,Cidrerie Beaupré - Original,🥉 Bronze,Active,Canada,"<a href=""https://groupegeloso.com/"">Website</a>","<a href=""https://www.facebook.com/groupegeloso/"">Facebook</a>",,"<a href=""https://maps.google.com/?cid=14532853692172548925"">Google</a>",,
2022,Acid Led Cider,Mūrbūdu,Pussalds ābolu sidrs (Semi-sweet apple cider),🥉 Bronze,Active,Latvia,"<a href=""https://www.nenormalssidrs.lv/"">Website</a>","<a href=""https://www.facebook.com/murbudu/"">Facebook</a>","<a href=""https://www.instagram.com/murbudu_sidrs/"">Instagram</a>","<a href=""https://maps.google.com/?cid=15847061061259139900"">Google</a>",,
2022,Acid Led Cider,Mūrbūdu,Zaļais Sidrs (Cidre Verde/Young cider ),🥉 Bronze,Active,Latvia,"<a href=""https://www.nenormalssidrs.lv/"">Website</a>","<a href=""https://www.facebook.com/murbudu/"">Facebook</a>","<a href=""https://www.instagram.com/murbudu_sidrs/"">Instagram</a>","<a href=""https://maps.google.com/?cid=15847061061259139900"">Google</a>",,
2022,Acid Led Cider,Muxaller Cider,Muxaller Cider Probsteier Jung,🥉 Bronze,Active,Germany,"<a href=""https://www.muxallercider.de/"">Website</a>","<a href=""https://www.facebook.com/profile.php?id=100064945230179"">Facebook</a>","<a href=""https://www.instagram.com/muxaller_cider"">Instagram</a>",,,
2022,Acid Led Cider,Pinter,Whole Nine Yards,🥉 Bronze,Active,England,"<a href=""https://pinter.com/"">Website</a>","<a href=""https://www.facebook.com/PinterFreshBeer"">Facebook</a>","<a href=""https://www.instagram.com/pinter_freshbeer"">Instagram</a>",,,
2022,Acid Led Cider,Appleblood Cider,Golden Hour 2021,🥉 Bronze,Active,Italy,"<a href=""https://applebloodcider.com/"">Website</a>","<a href=""https://www.facebook.com/applebloodcider"">Facebook</a>","<a href=""https://www.instagram.com/applebloodcider/"">Instagram</a>","<a href=""https://maps.google.com/?cid=14977227174949746380"">Google</a>",,
2022,Acid Led Cider,Ramborn Cider Co.,Ramborn Original Medium Dry Cider,🥉 Bronze,Active,Luxembourg,"<a href=""https://www.ramborn.com/"">Website</a>","<a href=""https://www.facebook.com/RambornUS/"">Facebook</a>","<a href=""https://www.instagram.com/rambornciderco/"">Instagram</a>","<a href=""https://maps.google.com/?cid=16691194016355154342"">Google</a>",,"<a href=""https://www.tripadvisor.com/Attraction_Review-g206525-d12591209"">TripAdvisor</a>"
2022,Acid Led Cider,Sibling Winery,Jiminee Dry Cider,🥉 Bronze,Active,England,"<a href=""https://www.sibling-winery.co.uk/"">Website</a>",,"<a href=""https://www.instagram.com/siblingwinery/"">Instagram</a>",,,
2022,Acid Led Cider,Merrydown,Merrydown Original,🥉 Bronze,Active,England,"<a href=""https://www.merrydown.co.uk/"">Website</a>","<a href=""https://www.facebook.com/merrydown.cider/"">Facebook</a>",,,,
2022,Flavoured Cider,Cidra,Cidra Sweet,🥇 Gold,Active,Lebanon,,"<a href=""https://www.facebook.com/cidralebanon"">Facebook</a>","<a href=""https://www.instagram.com/cidralebanon/"">Instagram</a>","<a href=""https://maps.google.com/?cid=14218291570320417037"">Google</a>",,
2022,Flavoured Cider,Dancing Cider Co.,Rude Berry,🥈 Silver,Active,South Korea,"<a href=""https://www.dancingcider.com/"">Website</a>","<a href=""https://www.facebook.com/DancingCider/"">Facebook</a>","<a href=""https://www.instagram.com/dancingcider/"">Instagram</a>","<a href=""https://maps.google.com/?cid=7853675129819221848"">Google</a>",,
2022,Flavoured Cider,Loïc Raison,Louis Raison Original Crisp,🥈 Silver,Active,France,"<a href=""https://www.loicraison.fr/"">Website</a>","<a href=""https://www.facebook.com/CidreLoicRaison/"">Facebook</a>","<a href=""https://www.instagram.com/loicraison/"">Instagram</a>","<a href=""https://maps.google.com/?cid=15768587504697904757"">Google</a>",,
2022,Flavoured Cider,Groupe Geloso,Cidrerie Beaupré Raspberry-Rhubarb,🥈 Silver,Active,Canada,"<a href=""https://groupegeloso.com/"">Website</a>","<a href=""https://www.facebook.com/groupegeloso/"">Facebook</a>",,"<a href=""https://maps.google.com/?cid=14532853692172548925"">Google</a>",,
2022,Flavoured Cider,Kiezbaum,Kiezbaum Cider Rhubarb,🥈 Silver,Active,Germany,"<a href=""https://www.kiezbaum.de/"">Website</a>","<a href=""https://www.facebook.com/kiezbaum"">Facebook</a>","<a href=""https://www.instagram.com/kiezbaum"">Instagram</a>",,,
2022,Flavoured Cider,Loxtonia Cider,Pale Amber Beer Stout Styled Cider,🥈 Silver,Active,South Africa,"<a href=""https://loxtonia.co.za/"">Website</a>","<a href=""https://www.facebook.com/loxtoniacider/"">Facebook</a>","<a href=""https://www.instagram.com/loxtonia_cider/"">Instagram</a>","<a href=""https://maps.google.com/?cid=10388854018344349799"">Google</a>",,"<a href=""https://www.tripadvisor.com/Attraction_Review-g1594772-d19042987"">TripAdvisor</a>"
2022,Flavoured Cider,Napton Cidery,Recipe No5,🥈 Silver,Active,England,"<a href=""https://www.naptoncidery.co.uk/"">Website</a>","<a href=""https://www.facebook.com/naptoncidery"">Facebook</a>","<a href=""https://www.instagram.com/naptoncidery/"">Instagram</a>","<a href=""https://maps.google.com/?cid=12009368832613245042"">Google</a>","<a href=""https://www.yelp.com/biz/napton-cidery-southam"">Yelp</a>","<a href=""https://www.tripadvisor.co.uk/Attraction_Review-g1763975-d12810677"">TripAdvisor</a>"
2022,Flavoured Cider,Thirsty Fox,Thirsty Fox - Kipp,🥈 Silver,Active,India,"<a href=""https://thirstyfox.com/"">Website</a>","<a href=""https://www.facebook.com/thirstyfoxcider"">Facebook</a>","<a href=""https://www.instagram.com/thirstyfoxcider/"">Instagram</a>","<a href=""https://maps.google.com/?cid=10203573978211651887"">Google</a>",,
2022,Flavoured Cider,Dancing Cider Co.,Honeymoon Bae,🥉 Bronze,Active,South Korea,"<a href=""https://www.dancingcider.com/"">Website</a>","<a href=""https://www.facebook.com/DancingCider/"">Facebook</a>","<a href=""https://www.instagram.com/dancingcider/"">Instagram</a>","<a href=""https://maps.google.com/?cid=7853675129819221848"">Google</a>",,
2022,Flavoured Cider,Dancing Cider Co.,Honeymoon Bae,🥉 Bronze,Active,South Korea,"<a href=""https://www.dancingcider.com/"">Website</a>","<a href=""https://www.facebook.com/DancingCider/"">Facebook</a>","<a href=""https://www.instagram.com/dancingcider/"">Instagram</a>","<a href=""https://maps.google.com/?cid=7853675129819221848"">Google</a>",,
2022,Flavoured Cider,Dancing Cider Co.,Shinae Yuja,🥉 Bronze,Active,South Korea,"<a href=""https://www.dancingcider.com/"">Website</a>","<a href=""https://www.facebook.com/DancingCider/"">Facebook</a>","<a href=""https://www.instagram.com/dancingcider/"">Instagram</a>","<a href=""https://maps.google.com/?cid=7853675129819221848"">Google</a>",,
2022,Flavoured Cider,Loïc Raison,Louis Raison Rouge Délice,🥉 Bronze,Active,France,"<a href=""https://www.loicraison.fr/"">Website</a>","<a href=""https://www.facebook.com/CidreLoicRaison/"">Facebook</a>","<a href=""https://www.instagram.com/loicraison/"">Instagram</a>","<a href=""https://maps.google.com/?cid=15768587504697904757"">Google</a>",,
2022,Flavoured Cider,Kelterei Heil,Cooper's Dry Hopped,🥉 Bronze,Active,Germany,"<a href=""https://kelterei-heil.de/"">Website</a>","<a href=""https://www.facebook.com/keltereiheil/"">Facebook</a>","<a href=""https://www.instagram.com/keltereiheil"">Instagram</a>","<a href=""https://maps.google.com/?cid=18431477139160593371"">Google</a>",,
2022,Flavoured Cider,Mac Ivors Cider,Mac Ivors Plum & Ginger Cider,🥉 Bronze,Active,Northern Ireland,"<a href=""https://macivors.com/"">Website</a>","<a href=""https://www.facebook.com/macivorsciderco"">Facebook</a>","<a href=""https://www.instagram.com/macivorscider/"">Instagram</a>","<a href=""https://maps.google.com/?cid=11494220960590509719"">Google</a>",,
2022,Flavoured Cider,Rekorderlig,Rekorderlig Blood Orange Cider,🥉 Bronze,Active,Sweden,"<a href=""https://www.rekorderlig.se/"">Website</a>",,,"<a href=""https://maps.google.com/?cid=288919773440364044"">Google</a>",,
2022,Flavoured Cider,Mūrbūdu,Aroniju sidrs (Semi-sweet aronia cider),🥉 Bronze,Active,Latvia,"<a href=""https://www.nenormalssidrs.lv/"">Website</a>","<a href=""https://www.facebook.com/murbudu/"">Facebook</a>","<a href=""https://www.instagram.com/murbudu_sidrs/"">Instagram</a>","<a href=""https://maps.google.com/?cid=15847061061259139900"">Google</a>",,
2022,Flavoured Cider,Obst- & Weingut Brüggenwirth,"Apfelgold ""lebhaft-herb""",🥉 Bronze,Active,Germany,"<a href=""https://brueggenwirth.de/"">Website</a>","<a href=""https://www.facebook.com/obsthofbrueggenwirth"">Facebook</a>","<a href=""https://www.instagram.com/obsthofbrueggenwirth/"">Instagram</a>","<a href=""https://maps.google.com/?cid=5975244823985496105"">Google</a>",,
2022,Flavoured Cider,Pinter,Blackhorse Road,🥉 Bronze,Active,England,"<a href=""https://pinter.com/"">Website</a>","<a href=""https://www.facebook.com/PinterFreshBeer"">Facebook</a>","<a href=""https://www.instagram.com/pinter_freshbeer"">Instagram</a>",,,
2022,Flavoured Cider,Pinter,Waltham Forest,🥉 Bronze,Active,England,"<a href=""https://pinter.com/"">Website</a>","<a href=""https://www.facebook.com/PinterFreshBeer"">Facebook</a>","<a href=""https://www.instagram.com/pinter_freshbeer"">Instagram</a>",,,
2022,Flavoured Cider,Tālava,Apple Cider with Cherry and Rhubarb,🥉 Bronze,Active,Latvia,"<a href=""https://www.talava.lv/"">Website</a>","<a href=""https://www.facebook.com/talavassidrs"">Facebook</a>","<a href=""https://www.instagram.com/talavas_sidrs/"">Instagram</a>","<a href=""https://maps.google.com/?cid=16414834196985036378"">Google</a>",,
2022,Flavoured Cider,Tālava,Apple Cider with IPA Hops,🥉 Bronze,Active,Latvia,"<a href=""https://www.talava.lv/"">Website</a>","<a href=""https://www.facebook.com/talavassidrs"">Facebook</a>","<a href=""https://www.instagram.com/talavas_sidrs/"">Instagram</a>","<a href=""https://maps.google.com/?cid=16414834196985036378"">Google</a>",,
2022,Flavoured Cider,Thistly Cross Cider,Elderflower,🥉 Bronze,Active,Scotland,"<a href=""https://www.thistlycrosscider.co.uk/"">Website</a>","<a href=""https://www.facebook.com/thistlycrosscider"">Facebook</a>","<a href=""https://www.instagram.com/thistlycrosscider/"">Instagram</a>","<a href=""https://maps.google.com/?cid=2739185346632911214"">Google</a>",,
2022,Flavoured Cider,Thistly Cross Cider,Ginger,🥉 Bronze,Active,Scotland,"<a href=""https://www.thistlycrosscider.co.uk/"">Website</a>","<a href=""https://www.facebook.com/thistlycrosscider"">Facebook</a>","<a href=""https://www.instagram.com/thistlycrosscider/"">Instagram</a>","<a href=""https://maps.google.com/?cid=2739185346632911214"">Google</a>",,
2022,Ice Cider,Nerø Frukt og Sider,NeRø Issider,🏆 Trophy,Active,Norway,"<a href=""https://www.nerofrukt.no/"">Website</a>","<a href=""https://www.facebook.com/people/NeR%C3%B8-Frukt-og-Sider/100070115946607/"">Facebook</a>","<a href=""https://www.instagram.com/nerofrukt/"">Instagram</a>","<a href=""https://maps.google.com/?cid=2060180241711172985"">Google</a>",,
2022,Ice Cider,Nerø Frukt og Sider,Terra Incognita,🥇 Gold,Active,Norway,"<a href=""https://www.nerofrukt.no/"">Website</a>","<a href=""https://www.facebook.com/people/NeR%C3%B8-Frukt-og-Sider/100070115946607/"">Facebook</a>","<a href=""https://www.instagram.com/nerofrukt/"">Instagram</a>","<a href=""https://maps.google.com/?cid=2060180241711172985"">Google</a>",,
2022,Low and No Alcohol Cider,F.H. Prager,F.H. Prager Non-alcoholic Cider Original,🥉 Bronze,Active,Czechia,"<a href=""https://fhprager.cz/"">Website</a>","<a href=""https://www.facebook.com/FHPrager"">Facebook</a>","<a href=""https://www.instagram.com/fhprager/"">Instagram</a>","<a href=""https://maps.google.com/?cid=5646652119245236581"">Google</a>",,
2022,Low and No Alcohol Cider,Thatchers Cider,Thatchers Zero,🥉 Bronze,Active,England,"<a href=""https://www.thatcherscider.co.uk/"">Website</a>","<a href=""https://www.facebook.com/ThatchersCiderCompany"">Facebook</a>","<a href=""https://www.instagram.com/thatcherscider/"">Instagram</a>","<a href=""https://maps.google.com/?cid=15191093037076298219"">Google</a>",,"<a href=""https://www.tripadvisor.com/Attraction_Review-g4412909-d11019728"">TripAdvisor</a>"
2022,Naturally Sparkling Cider,Cidentro Cider House,Cidentro Traditional Method Cider,🏆 Trophy,Active,England,"<a href=""https://www.cidentro.co.uk/"">Website</a>","<a href=""https://www.facebook.com/Cidentro/"">Facebook</a>","<a href=""https://www.instagram.com/cidentro_cider_house/"">Instagram</a>","<a href=""https://maps.google.com/?cid=5581663823600674011"">Google</a>",,
2022,Naturally Sparkling Cider,Cidre Le Brun,Cidre Artisanal Brut Lidl,🥇 Gold,Active,France,"<a href=""https://cidrelebrun.com/"">Website</a>",,"<a href=""https://www.instagram.com/cidrelebrun"">Instagram</a>","<a href=""https://maps.google.com/?cid=5387381455239409930"">Google</a>",,
2022,Naturally Sparkling Cider,Cidre Le Brun,Cidre Le Brun Brut de Bretagne,🥇 Gold,Active,France,"<a href=""https://cidrelebrun.com/"">Website</a>",,"<a href=""https://www.instagram.com/cidrelebrun"">Instagram</a>","<a href=""https://maps.google.com/?cid=5387381455239409930"">Google</a>",,
2022,Naturally Sparkling Cider,Cidre Le Brun,Cidre Le Brun Organic,🥈 Silver,Active,France,"<a href=""https://cidrelebrun.com/"">Website</a>",,"<a href=""https://www.instagram.com/cidrelebrun"">Instagram</a>","<a href=""https://maps.google.com/?cid=5387381455239409930"">Google</a>",,
2022,Naturally Sparkling Cider,Obst- & Weingut Brüggenwirth,"Apfelgold ""fruchtig-elegant""",🥈 Silver,Active,Germany,"<a href=""https://brueggenwirth.de/"">Website</a>","<a href=""https://www.facebook.com/obsthofbrueggenwirth"">Facebook</a>","<a href=""https://www.instagram.com/obsthofbrueggenwirth/"">Instagram</a>","<a href=""https://maps.google.com/?cid=5975244823985496105"">Google</a>",,
2022,Naturally Sparkling Cider,Sidro Vittoria,Sidro Vittoria Italian Bloom,🥈 Silver,Active,Italy,"<a href=""https://www.sidrovittoria.com/"">Website</a>","<a href=""https://www.facebook.com/sidrovittoria/"">Facebook</a>",,"<a href=""https://maps.google.com/?cid=10506737947463237390"">Google</a>",,
2022,Naturally Sparkling Cider,Gravity Theory Cider,Gravity Theory Cider,🥉 Bronze,Active,England,"<a href=""https://www.gravitytheorycider.com/"">Website</a>","<a href=""https://www.facebook.com/gravitytheory/"">Facebook</a>","<a href=""https://www.instagram.com/gravitytheorycider"">Instagram</a>",,,
2022,Naturally Sparkling Cider,Dunham Press Cider,Streaker,🥉 Bronze,Active,England,"<a href=""https://www.dunhamcider.co.uk/"">Website</a>","<a href=""https://www.facebook.com/dunhampresscider"">Facebook</a>",,"<a href=""https://maps.google.com/?cid=6980479073802538327"">Google</a>",,
2022,Naturally Sparkling Cider,Meon Valley Cider,Egremont Russet 2018,🥉 Bronze,Active,England,,,"<a href=""https://www.instagram.com/meon_valley_cider/"">Instagram</a>",,,
2022,Naturally Sparkling Cider,Appleblood Cider,Sidera Zero 2019,🥉 Bronze,Active,Italy,"<a href=""https://applebloodcider.com/"">Website</a>","<a href=""https://www.facebook.com/applebloodcider"">Facebook</a>","<a href=""https://www.instagram.com/applebloodcider/"">Instagram</a>","<a href=""https://maps.google.com/?cid=14977227174949746380"">Google</a>",,
2022,Pear Cider & Perry,Cidre Le Brun,Le Brun Poiré,🥇 Gold,Active,France,"<a href=""https://cidrelebrun.com/"">Website</a>",,"<a href=""https://www.instagram.com/cidrelebrun"">Instagram</a>","<a href=""https://maps.google.com/?cid=5387381455239409930"">Google</a>",,
2022,Pear Cider & Perry,1785 Cider,Cobalt Lake,🥈 Silver,Active,Germany,"<a href=""https://1785-cider.de/"">Website</a>","<a href=""https://www.facebook.com/1785Cider"">Facebook</a>","<a href=""https://www.instagram.com/1785cider/"">Instagram</a>",,,
2022,Pear Cider & Perry,Aston Manor Cider,Chardolini,🥉 Bronze,Active,England,"<a href=""https://www.astonmanor.co.uk/"">Website</a>",,,"<a href=""https://maps.google.com/?cid=8328306569280299730"">Google</a>",,
2022,Pear Cider & Perry,Kiezbaum,Kiezbaum Cider Apple,🥉 Bronze,Active,Germany,"<a href=""https://www.kiezbaum.de/"">Website</a>","<a href=""https://www.facebook.com/kiezbaum"">Facebook</a>","<a href=""https://www.instagram.com/kiezbaum"">Instagram</a>",,,
2022,Pear Cider & Perry,Kiezbaum,Kiezbaum Cider Pear,🥉 Bronze,Active,Germany,"<a href=""https://www.kiezbaum.de/"">Website</a>","<a href=""https://www.facebook.com/kiezbaum"">Facebook</a>","<a href=""https://www.instagram.com/kiezbaum"">Instagram</a>",,,
2022,Pear Cider & Perry,Appleblood Cider,Spadone 2021,🥉 Bronze,Active,Italy,"<a href=""https://applebloodcider.com/"">Website</a>","<a href=""https://www.facebook.com/applebloodcider"">Facebook</a>","<a href=""https://www.instagram.com/applebloodcider/"">Instagram</a>","<a href=""https://maps.google.com/?cid=14977227174949746380"">Google</a>",,
2022,Rosé Cider,Groupe Geloso,Cidrerie Beaupré - Rosé,🏆 Trophy,Active,Canada,"<a href=""https://groupegeloso.com/"">Website</a>","<a href=""https://www.facebook.com/groupegeloso/"">Facebook</a>",,"<a href=""https://maps.google.com/?cid=14532853692172548925"">Google</a>",,
2022,Rosé Cider,Appleblood Cider,Purple Twist 2021,🏆 Trophy,Active,Italy,"<a href=""https://applebloodcider.com/"">Website</a>","<a href=""https://www.facebook.com/applebloodcider"">Facebook</a>","<a href=""https://www.instagram.com/applebloodcider/"">Instagram</a>","<a href=""https://maps.google.com/?cid=14977227174949746380"">Google</a>",,
2022,Rosé Cider,Cidre Le Brun,Cidre Le Brun Rosé,🥇 Gold,Active,France,"<a href=""https://cidrelebrun.com/"">Website</a>",,"<a href=""https://www.instagram.com/cidrelebrun"">Instagram</a>","<a href=""https://maps.google.com/?cid=5387381455239409930"">Google</a>",,
2022,Rosé Cider,Nikka Cidre,Nikka Cider Rose,🥈 Silver,Active,Japan,"<a href=""https://www.asahibeer.co.jp/cidre/"">Website</a>",,,,,
2022,Rosé Cider,Wild Rock Cider,Wild Rock Cider Apple Cherry,🥈 Silver,Active,Poland,"<a href=""https://wildrockcider.com/"">Website</a>",,,"<a href=""https://maps.google.com/?cid=3982501156017812617"">Google</a>",,
2022,Rosé Cider,Cidentro Cider House,Cidentro Rosé Cider,🥉 Bronze,Active,England,"<a href=""https://www.cidentro.co.uk/"">Website</a>","<a href=""https://www.facebook.com/Cidentro/"">Facebook</a>","<a href=""https://www.instagram.com/cidentro_cider_house/"">Instagram</a>","<a href=""https://maps.google.com/?cid=5581663823600674011"">Google</a>",,
2022,Rosé Cider,Les Celliers Associés,Galipette Cidre Rosé,🥉 Bronze,Active,France,"<a href=""https://www.valderance.com/"">Website</a>","<a href=""https://www.facebook.com/ValdeRance/"">Facebook</a>","<a href=""https://www.instagram.com/lca_coop_cider/"">Instagram</a>","<a href=""https://maps.google.com/?cid=7883069809343472545"">Google</a>",,
2022,Speciality Cider,Ramborn Cider Co.,Ramborn Garden Quince,🥈 Silver,Active,Luxembourg,"<a href=""https://www.ramborn.com/"">Website</a>","<a href=""https://www.facebook.com/RambornUS/"">Facebook</a>","<a href=""https://www.instagram.com/rambornciderco/"">Instagram</a>","<a href=""https://maps.google.com/?cid=16691194016355154342"">Google</a>",,"<a href=""https://www.tripadvisor.com/Attraction_Review-g206525-d12591209"">TripAdvisor</a>"
2022,Speciality Cider,Terre Cartusiae,Terre Cartusiae Sidro Dolce,🥈 Silver,Active,Italy,"<a href=""https://terrecartusiae.com/"">Website</a>","<a href=""https://www.facebook.com/profile.php?id=61550312412145"">Facebook</a>",,"<a href=""https://maps.google.com/?cid=11370456585342224345"">Google</a>",,
2022,Speciality Cider,Terre Cartusiae,Terre Cartusiae Sidro Vivace,🥈 Silver,Active,Italy,"<a href=""https://terrecartusiae.com/"">Website</a>","<a href=""https://www.facebook.com/profile.php?id=61550312412145"">Facebook</a>",,"<a href=""https://maps.google.com/?cid=11370456585342224345"">Google</a>",,
2022,Tannin Led Cider,Sandford Orchards,Sandford Reserve,🏆 Trophy,Active,England,"<a href=""https://www.sandfordorchards.co.uk/"">Website</a>","<a href=""https://www.facebook.com/sandfordorchards"">Facebook</a>","<a href=""https://www.instagram.com/sandfordorchards/"">Instagram</a>","<a href=""https://maps.google.com/?cid=2784404680033020235"">Google</a>",,"<a href=""https://www.tripadvisor.com/Attraction_Review-g635675-d14758900"">TripAdvisor</a>"
2022,Tannin Led Cider,Aston Manor Cider,Malvern Cider Co. Malvern Gold,🥇 Gold,Active,England,"<a href=""https://www.astonmanor.co.uk/"">Website</a>",,,"<a href=""https://maps.google.com/?cid=8328306569280299730"">Google</a>",,
2022,Tannin Led Cider,Écusson,Ecusson Cidre Doux,🥇 Gold,Active,France,"<a href=""https://www.cidre-ecusson.com/"">Website</a>","<a href=""https://www.facebook.com/CidreEcusson/"">Facebook</a>","<a href=""https://www.instagram.com/cidreecusson/"">Instagram</a>",,,
2022,Tannin Led Cider,Aston Manor Cider,Friels First Press Vintage Cider,🥈 Silver,Active,England,"<a href=""https://www.astonmanor.co.uk/"">Website</a>",,,"<a href=""https://maps.google.com/?cid=8328306569280299730"">Google</a>",,
2022,Tannin Led Cider,Cidentro Cider House,Cidentro Still Cider,🥈 Silver,Active,England,"<a href=""https://www.cidentro.co.uk/"">Website</a>","<a href=""https://www.facebook.com/Cidentro/"">Facebook</a>","<a href=""https://www.instagram.com/cidentro_cider_house/"">Instagram</a>","<a href=""https://maps.google.com/?cid=5581663823600674011"">Google</a>",,
2022,Tannin Led Cider,Les Celliers Associés,Galipette Cidre Extra Brut,🥈 Silver,Active,France,"<a href=""https://www.valderance.com/"">Website</a>","<a href=""https://www.facebook.com/ValdeRance/"">Facebook</a>","<a href=""https://www.instagram.com/lca_coop_cider/"">Instagram</a>","<a href=""https://maps.google.com/?cid=7883069809343472545"">Google</a>",,
2022,Tannin Led Cider,Dunkertons Cider and Perry,Black Fox Organic Cider,🥈 Silver,Active,England,"<a href=""https://www.dunkertonscider.co.uk/"">Website</a>","<a href=""https://www.facebook.com/dunkertonsorganiccider/"">Facebook</a>","<a href=""https://www.instagram.com/dunkertonscider/"">Instagram</a>","<a href=""https://maps.google.com/?cid=4719921113153419800"">Google</a>",,
2022,Tannin Led Cider,Dunkertons Cider and Perry,Organic Dabinett Cider,🥈 Silver,Active,England,"<a href=""https://www.dunkertonscider.co.uk/"">Website</a>","<a href=""https://www.facebook.com/dunkertonsorganiccider/"">Facebook</a>","<a href=""https://www.instagram.com/dunkertonscider/"">Instagram</a>","<a href=""https://maps.google.com/?cid=4719921113153419800"">Google</a>",,
2022,Tannin Led Cider,Écusson,Ecusson Cidre Brut,🥈 Silver,Active,France,"<a href=""https://www.cidre-ecusson.com/"">Website</a>","<a href=""https://www.facebook.com/CidreEcusson/"">Facebook</a>","<a href=""https://www.instagram.com/cidreecusson/"">Instagram</a>",,,
2022,Tannin Led Cider,Mac Ivors Cider,Mac Ivors Traditional Dry Cider,🥈 Silver,Active,Northern Ireland,"<a href=""https://macivors.com/"">Website</a>","<a href=""https://www.facebook.com/macivorsciderco"">Facebook</a>","<a href=""https://www.instagram.com/macivorscider/"">Instagram</a>","<a href=""https://maps.google.com/?cid=11494220960590509719"">Google</a>",,
2022,Tannin Led Cider,Muxaller Cider,Muxaller Cider Probsteier Deern,🥈 Silver,Active,Germany,"<a href=""https://www.muxallercider.de/"">Website</a>","<a href=""https://www.facebook.com/profile.php?id=100064945230179"">Facebook</a>","<a href=""https://www.instagram.com/muxaller_cider"">Instagram</a>",,,
2022,Tannin Led Cider,Kicking Goat,Kicking Goat Cider Dry Cider,🥈 Silver,Active,England,"<a href=""https://kickinggoatcider.co.uk/"">Website</a>","<a href=""https://www.facebook.com/profile.php?id=100081343724628"">Facebook</a>","<a href=""https://www.instagram.com/kickinggoatcider"">Instagram</a>",,,
2022,Tannin Led Cider,Kicking Goat,Kicking Goat Cider Medium,🥈 Silver,Active,England,"<a href=""https://kickinggoatcider.co.uk/"">Website</a>","<a href=""https://www.facebook.com/profile.php?id=100081343724628"">Facebook</a>","<a href=""https://www.instagram.com/kickinggoatcider"">Instagram</a>",,,
2022,Tannin Led Cider,Kicking Goat,Kicking Goat Cider Medium Dry,🥈 Silver,Active,England,"<a href=""https://kickinggoatcider.co.uk/"">Website</a>","<a href=""https://www.facebook.com/profile.php?id=100081343724628"">Facebook</a>","<a href=""https://www.instagram.com/kickinggoatcider"">Instagram</a>",,,
2022,Tannin Led Cider,Sandford Orchards,The General,🥈 Silver,Active,England,"<a href=""https://www.sandfordorchards.co.uk/"">Website</a>","<a href=""https://www.facebook.com/sandfordorchards"">Facebook</a>","<a href=""https://www.instagram.com/sandfordorchards/"">Instagram</a>","<a href=""https://maps.google.com/?cid=2784404680033020235"">Google</a>",,"<a href=""https://www.tripadvisor.com/Attraction_Review-g635675-d14758900"">TripAdvisor</a>"
2022,Tannin Led Cider,Sheppy's Cider,Original Cloudy Cider,🥈 Silver,Active,England,"<a href=""https://www.sheppyscider.com/"">Website</a>","<a href=""https://www.facebook.com/sheppyscider/"">Facebook</a>","<a href=""https://www.instagram.com/sheppyscider/"">Instagram</a>","<a href=""https://maps.google.com/?cid=14572513592829460886"">Google</a>",,"<a href=""https://www.tripadvisor.com/Attraction_Review-g190730-d6870973"">TripAdvisor</a>"
2022,Tannin Led Cider,The Big Bear Cider Mill,Essex Gold Bullion,🥈 Silver,Active,England,,"<a href=""https://www.facebook.com/TheBigBearCiderMill/"">Facebook</a>","<a href=""https://www.instagram.com/thebigbearcidermillessex/"">Instagram</a>",,,"<a href=""https://www.tripadvisor.com/Attraction_Review-g503772-d23593677"">TripAdvisor</a>"
2022,Tannin Led Cider,Westons Cider,Henry Westons Vintage Draught,🥈 Silver,Active,England,"<a href=""https://www.westons-cider.co.uk/"">Website</a>","<a href=""https://www.facebook.com/WestonsCiderMill"">Facebook</a>","<a href=""https://www.instagram.com/westonscider/"">Instagram</a>","<a href=""https://maps.google.com/?cid=11779156514256391794"">Google</a>",,"<a href=""https://www.tripadvisor.com/Attraction_Review-g186303-d218508"">TripAdvisor</a>"
2022,Tannin Led Cider,Aston Manor Cider,Friels Signature Blend Cider,🥉 Bronze,Active,England,"<a href=""https://www.astonmanor.co.uk/"">Website</a>",,,"<a href=""https://maps.google.com/?cid=8328306569280299730"">Google</a>",,
2022,Tannin Led Cider,Aston Manor Cider,Kingstone Press Apple Cider,🥉 Bronze,Active,England,"<a href=""https://www.astonmanor.co.uk/"">Website</a>",,,"<a href=""https://maps.google.com/?cid=8328306569280299730"">Google</a>",,
2022,Tannin Led Cider,Canterbury Cider,Basher Original,🥉 Bronze,Active,England,"<a href=""https://canterburycider.co.uk/"">Website</a>","<a href=""https://www.facebook.com/CanterburyCider"">Facebook</a>","<a href=""https://www.instagram.com/canterburycider/"">Instagram</a>","<a href=""https://maps.google.com/?cid=5125215280159558535"">Google</a>",,
2022,Tannin Led Cider,Canterbury Cider,The Duke,🥉 Bronze,Active,England,"<a href=""https://canterburycider.co.uk/"">Website</a>","<a href=""https://www.facebook.com/CanterburyCider"">Facebook</a>","<a href=""https://www.instagram.com/canterburycider/"">Instagram</a>","<a href=""https://maps.google.com/?cid=5125215280159558535"">Google</a>",,
2022,Tannin Led Cider,Cidentro Cider House,Cidentro House Cider,🥉 Bronze,Active,England,"<a href=""https://www.cidentro.co.uk/"">Website</a>","<a href=""https://www.facebook.com/Cidentro/"">Facebook</a>","<a href=""https://www.instagram.com/cidentro_cider_house/"">Instagram</a>","<a href=""https://maps.google.com/?cid=5581663823600674011"">Google</a>",,
2022,Tannin Led Cider,F.H. Prager,F.H. Prager Cider 13,🥉 Bronze,Active,Czechia,"<a href=""https://fhprager.cz/"">Website</a>","<a href=""https://www.facebook.com/FHPrager"">Facebook</a>","<a href=""https://www.instagram.com/fhprager/"">Instagram</a>","<a href=""https://maps.google.com/?cid=5646652119245236581"">Google</a>",,
2022,Tannin Led Cider,Kilmegan Cider,"Kilmegan ""Real"" Cider",🥉 Bronze,Active,Northern Ireland,"<a href=""https://kilmegancider.com/"">Website</a>","<a href=""https://www.facebook.com/kilmegancider/"">Facebook</a>","<a href=""https://www.instagram.com/kilmegancider/"">Instagram</a>","<a href=""https://maps.google.com/?cid=3112578667047542739"">Google</a>",,
2022,Tannin Led Cider,Napton Cidery,Recipe No3,🥉 Bronze,Active,England,"<a href=""https://www.naptoncidery.co.uk/"">Website</a>","<a href=""https://www.facebook.com/naptoncidery"">Facebook</a>","<a href=""https://www.instagram.com/naptoncidery/"">Instagram</a>","<a href=""https://maps.google.com/?cid=12009368832613245042"">Google</a>","<a href=""https://www.yelp.com/biz/napton-cidery-southam"">Yelp</a>","<a href=""https://www.tripadvisor.co.uk/Attraction_Review-g1763975-d12810677"">TripAdvisor</a>"
2022,Tannin Led Cider,Sheppy's Cider,Sheppy's Kingston Black,🥉 Bronze,Active,England,"<a href=""https://www.sheppyscider.com/"">Website</a>","<a href=""https://www.facebook.com/sheppyscider/"">Facebook</a>","<a href=""https://www.instagram.com/sheppyscider/"">Instagram</a>","<a href=""https://maps.google.com/?cid=14572513592829460886"">Google</a>",,"<a href=""https://www.tripadvisor.com/Attraction_Review-g190730-d6870973"">TripAdvisor</a>"
2022,Tannin Led Cider,Oldfields Cider,Oldfields Medium Dry,🥉 Bronze,Active,England,"<a href=""https://www.oldfieldscider.co.uk/"">Website</a>","<a href=""https://www.facebook.com/oldfieldscidershop"">Facebook</a>","<a href=""https://www.instagram.com/oldfieldscider/"">Instagram</a>","<a href=""https://maps.google.com/?cid=12366118442495260876"">Google</a>",,
2022,Wood Aged Cider,1785 Cider,Barrel #4,🏆 Trophy,Active,Germany,"<a href=""https://1785-cider.de/"">Website</a>","<a href=""https://www.facebook.com/1785Cider"">Facebook</a>","<a href=""https://www.instagram.com/1785cider/"">Instagram</a>",,,
2022,Wood Aged Cider,Ramborn Cider Co.,Cider Kissed by Bourbon,🥈 Silver,Active,Luxembourg,"<a href=""https://www.ramborn.com/"">Website</a>","<a href=""https://www.facebook.com/RambornUS/"">Facebook</a>","<a href=""https://www.instagram.com/rambornciderco/"">Instagram</a>","<a href=""https://maps.google.com/?cid=16691194016355154342"">Google</a>",,"<a href=""https://www.tripadvisor.com/Attraction_Review-g206525-d12591209"">TripAdvisor</a>"
2022,Wood Aged Cider,Ramborn Cider Co.,Cider Kissed by Rum,🥈 Silver,Active,Luxembourg,"<a href=""https://www.ramborn.com/"">Website</a>","<a href=""https://www.facebook.com/RambornUS/"">Facebook</a>","<a href=""https://www.instagram.com/rambornciderco/"">Instagram</a>","<a href=""https://maps.google.com/?cid=16691194016355154342"">Google</a>",,"<a href=""https://www.tripadvisor.com/Attraction_Review-g206525-d12591209"">TripAdvisor</a>"
2022,Wood Aged Cider,Sandford Orchards,Apple & Oak,🥈 Silver,Active,England,"<a href=""https://www.sandfordorchards.co.uk/"">Website</a>","<a href=""https://www.facebook.com/sandfordorchards"">Facebook</a>","<a href=""https://www.instagram.com/sandfordorchards/"">Instagram</a>","<a href=""https://maps.google.com/?cid=2784404680033020235"">Google</a>",,"<a href=""https://www.tripadvisor.com/Attraction_Review-g635675-d14758900"">TripAdvisor</a>"
2022,Wood Aged Cider,Thistly Cross Cider,Whisky Cask,🥈 Silver,Active,Scotland,"<a href=""https://www.thistlycrosscider.co.uk/"">Website</a>","<a href=""https://www.facebook.com/thistlycrosscider"">Facebook</a>","<a href=""https://www.instagram.com/thistlycrosscider/"">Instagram</a>","<a href=""https://maps.google.com/?cid=2739185346632911214"">Google</a>",,
2022,Wood Aged Cider,Meon Valley Cider,Egremont Russet 2018,🥉 Bronze,Active,England,,,"<a href=""https://www.instagram.com/meon_valley_cider/"">Instagram</a>",,,
2023,Acid Led Cider,Balfour Winery,Jake's Cider,🏆 Trophy,Active,England,"<a href=""https://balfourwinery.com/"">Website</a>","<a href=""https://www.facebook.com/jakesdrinks/"">Facebook</a>","<a href=""https://www.instagram.com/balfourbeer/"">Instagram</a>","<a href=""https://maps.google.com/?cid=8755110381879088649"">Google</a>",,"<a href=""https://www.tripadvisor.com/Attraction_Review-g1936909-d4205571"">TripAdvisor</a>"
2023,Acid Led Cider,Sxollie,Granny Smith,🥇 Gold,Active,England,"<a href=""https://sxollie.com/"">Website</a>","<a href=""https://www.facebook.com/sxollie/"">Facebook</a>","<a href=""https://www.instagram.com/sxolliexider/"">Instagram</a>","<a href=""https://maps.google.com/?cid=10777151726289454626"">Google</a>",,
2023,Acid Led Cider,Mistérios da Quinta,aRRebITa - Sidra da Madeira IG,🥇 Gold,Active,Portugal,,,"<a href=""https://www.instagram.com/sidrariaprazeres/"">Instagram</a>",,,
2023,Acid Led Cider,Sidra El Gaitero,Sidra Natural El Gaitero,🥇 Gold,Active,Spain,"<a href=""https://www.sidraelgaitero.com/"">Website</a>","<a href=""https://www.facebook.com/grupoelgaitero"">Facebook</a>","<a href=""https://www.instagram.com/grupoelgaitero/"">Instagram</a>","<a href=""https://maps.google.com/?cid=15753532318992345137"">Google</a>",,"<a href=""https://www.tripadvisor.com/Attraction_Review-g608997-d3239389"">TripAdvisor</a>"
2023,Acid Led Cider,Bignose & Beardy,Walk Like A Stag,🥈 Silver,Active,England,"<a href=""https://bignoseandbeardy.com/"">Website</a>","<a href=""https://www.facebook.com/bignoseandbeardy/"">Facebook</a>","<a href=""https://www.instagram.com/bignosebeardy/"">Instagram</a>","<a href=""https://maps.google.com/?cid=15761729958801782355"">Google</a>",,
2023,Acid Led Cider,Cidra,Cidra Dry,🥈 Silver,Active,Lebanon,,"<a href=""https://www.facebook.com/cidralebanon"">Facebook</a>","<a href=""https://www.instagram.com/cidralebanon/"">Instagram</a>","<a href=""https://maps.google.com/?cid=14218291570320417037"">Google</a>",,
2023,Acid Led Cider,Cornish Orchards,Golden Cider,🥈 Silver,Active,England,"<a href=""https://www.cornishorchards.co.uk/"">Website</a>","<a href=""https://www.facebook.com/cornishorchards/"">Facebook</a>","<a href=""https://www.instagram.com/cornishorchards/"">Instagram</a>","<a href=""https://maps.google.com/?cid=1088039469048966117"">Google</a>",,"<a href=""https://www.tripadvisor.com/Attraction_Review-g1533388-d5524747"">TripAdvisor</a>"
2023,Acid Led Cider,Guillaume & Co,Sweet Simplon,🥈 Silver,Active,Switzerland,"<a href=""https://www.guillaumecider.ch/"">Website</a>",,"<a href=""https://www.instagram.com/guillaumecider/"">Instagram</a>","<a href=""https://maps.google.com/?cid=1089223546118021147"">Google</a>",,
2023,Acid Led Cider,A-Factory Aomori Cidre,A-Factory Aomori Cidre Sparkling Dry,🥈 Silver,Active,Japan,"<a href=""https://afactory-abc.com/cidre/"">Website</a>",,"<a href=""https://www.instagram.com/af_yoshinocho.cidrefactory/"">Instagram</a>","<a href=""https://maps.google.com/?cid=2400746234436166085"">Google</a>",,
2023,Acid Led Cider,Sxollie,Cripps Pink,🥈 Silver,Active,England,"<a href=""https://sxollie.com/"">Website</a>","<a href=""https://www.facebook.com/sxollie/"">Facebook</a>","<a href=""https://www.instagram.com/sxolliexider/"">Instagram</a>","<a href=""https://maps.google.com/?cid=10777151726289454626"">Google</a>",,
2023,Acid Led Cider,Kelterei Heil,Cooper's Original,🥈 Silver,Active,Germany,"<a href=""https://kelterei-heil.de/"">Website</a>","<a href=""https://www.facebook.com/keltereiheil/"">Facebook</a>","<a href=""https://www.instagram.com/keltereiheil"">Instagram</a>","<a href=""https://maps.google.com/?cid=18431477139160593371"">Google</a>",,
2023,Acid Led Cider,Cider Mad Apple,Mad Apple Cider Semi-dry,🥈 Silver,Active,Czechia,"<a href=""https://www.mostarnalouny.cz/"">Website</a>","<a href=""https://www.facebook.com/madapplecider"">Facebook</a>","<a href=""https://www.instagram.com/madapplecider/"">Instagram</a>","<a href=""https://maps.google.com/?cid=8096197127047797788"">Google</a>",,
2023,Acid Led Cider,Nerø Frukt og Sider,Vill & Villig,🥈 Silver,Active,Norway,"<a href=""https://www.nerofrukt.no/"">Website</a>","<a href=""https://www.facebook.com/people/NeR%C3%B8-Frukt-og-Sider/100070115946607/"">Facebook</a>","<a href=""https://www.instagram.com/nerofrukt/"">Instagram</a>","<a href=""https://maps.google.com/?cid=2060180241711172985"">Google</a>",,
2023,Acid Led Cider,Appleblood Cider,Boskoop 2022,🥈 Silver,Active,Italy,"<a href=""https://applebloodcider.com/"">Website</a>","<a href=""https://www.facebook.com/applebloodcider"">Facebook</a>","<a href=""https://www.instagram.com/applebloodcider/"">Instagram</a>","<a href=""https://maps.google.com/?cid=14977227174949746380"">Google</a>",,
2023,Acid Led Cider,Appleblood Cider,Rosa 2022,🥈 Silver,Active,Italy,"<a href=""https://applebloodcider.com/"">Website</a>","<a href=""https://www.facebook.com/applebloodcider"">Facebook</a>","<a href=""https://www.instagram.com/applebloodcider/"">Instagram</a>","<a href=""https://maps.google.com/?cid=14977227174949746380"">Google</a>",,
2023,Acid Led Cider,Saigon Cider,Original Apple,🥈 Silver,Active,Vietnam,"<a href=""https://www.saigoncider.com/"">Website</a>","<a href=""https://www.facebook.com/saigoncider/"">Facebook</a>","<a href=""https://www.instagram.com/saigoncider/"">Instagram</a>",,,
2023,Acid Led Cider,Sandalen Gård,Knedrepar,🥈 Silver,Active,Norway,"<a href=""https://sandalengard.no/"">Website</a>","<a href=""https://www.facebook.com/sandalengard"">Facebook</a>","<a href=""https://www.instagram.com/sandalengard/"">Instagram</a>","<a href=""https://maps.google.com/?cid=16897274204164201537"">Google</a>",,
2023,Acid Led Cider,Sibling Winery,Jiminee Dry Cider,🥈 Silver,Active,England,"<a href=""https://www.sibling-winery.co.uk/"">Website</a>",,"<a href=""https://www.instagram.com/siblingwinery/"">Instagram</a>",,,
2023,Acid Led Cider,Sidewood Estate,Sidewood Apple Cider,🥈 Silver,Active,Australia,"<a href=""https://sidewood.com.au/"">Website</a>","<a href=""https://www.facebook.com/SidewoodEstate/"">Facebook</a>","<a href=""https://www.instagram.com/sidewoodestate/"">Instagram</a>","<a href=""https://maps.google.com/?cid=16006910239256404559"">Google</a>",,"<a href=""https://www.tripadvisor.com.au/Attraction_Review-g499710-d19238424"">TripAdvisor</a>"
2023,Acid Led Cider,Thatchers Cider,Thatchers Katy,🥈 Silver,Active,England,"<a href=""https://www.thatcherscider.co.uk/"">Website</a>","<a href=""https://www.facebook.com/ThatchersCiderCompany"">Facebook</a>","<a href=""https://www.instagram.com/thatcherscider/"">Instagram</a>","<a href=""https://maps.google.com/?cid=15191093037076298219"">Google</a>",,"<a href=""https://www.tripadvisor.com/Attraction_Review-g4412909-d11019728"">TripAdvisor</a>"
2023,Acid Led Cider,The Big Bear Cider Mill,Essex Gold Rush,🥈 Silver,Active,England,,"<a href=""https://www.facebook.com/TheBigBearCiderMill/"">Facebook</a>","<a href=""https://www.instagram.com/thebigbearcidermillessex/"">Instagram</a>",,,"<a href=""https://www.tripadvisor.com/Attraction_Review-g503772-d23593677"">TripAdvisor</a>"
2023,Acid Led Cider,Thirsty Fox,Thirsty Fox Izzy,🥈 Silver,Active,India,"<a href=""https://thirstyfox.com/"">Website</a>","<a href=""https://www.facebook.com/thirstyfoxcider"">Facebook</a>","<a href=""https://www.instagram.com/thirstyfoxcider/"">Instagram</a>","<a href=""https://maps.google.com/?cid=10203573978211651887"">Google</a>",,
2023,Acid Led Cider,Sidra El Gaitero,Sidra Extra El Gaitero,🥈 Silver,Active,Spain,"<a href=""https://www.sidraelgaitero.com/"">Website</a>","<a href=""https://www.facebook.com/grupoelgaitero"">Facebook</a>","<a href=""https://www.instagram.com/grupoelgaitero/"">Instagram</a>","<a href=""https://maps.google.com/?cid=15753532318992345137"">Google</a>",,"<a href=""https://www.tripadvisor.com/Attraction_Review-g608997-d3239389"">TripAdvisor</a>"
2023,Acid Led Cider,Sidra El Gaitero,Spanish Cider 100% Apple,🥈 Silver,Active,Spain,"<a href=""https://www.sidraelgaitero.com/"">Website</a>","<a href=""https://www.facebook.com/grupoelgaitero"">Facebook</a>","<a href=""https://www.instagram.com/grupoelgaitero/"">Instagram</a>","<a href=""https://maps.google.com/?cid=15753532318992345137"">Google</a>",,"<a href=""https://www.tripadvisor.com/Attraction_Review-g608997-d3239389"">TripAdvisor</a>"
2023,Acid Led Cider,Walt Cider,de Fruithof,🥈 Silver,Active,Netherlands,"<a href=""https://waltcider.nl/"">Website</a>","<a href=""https://www.facebook.com/waltcider/"">Facebook</a>","<a href=""https://www.instagram.com/waltcider/"">Instagram</a>","<a href=""https://maps.google.com/?cid=569689914999365231"">Google</a>",,
2023,Acid Led Cider,Armada Cider 1588,Armada Cider 1588 Craft Apple,🥉 Bronze,Active,Spain,"<a href=""https://armadacider1588.com/"">Website</a>","<a href=""https://www.facebook.com/armadacider1588"">Facebook</a>","<a href=""https://www.instagram.com/armadacider1588_official/"">Instagram</a>",,,
2023,Acid Led Cider,Cidra,Cidra Sweet,🥉 Bronze,Active,Lebanon,,"<a href=""https://www.facebook.com/cidralebanon"">Facebook</a>","<a href=""https://www.instagram.com/cidralebanon/"">Instagram</a>","<a href=""https://maps.google.com/?cid=14218291570320417037"">Google</a>",,
2023,Acid Led Cider,Healey's Cornish Cyder Farm,Rattler Original,🥉 Bronze,Active,England,"<a href=""https://healeyscyder.co.uk/"">Website</a>","<a href=""https://www.facebook.com/HealeysCornishCyderFarm/"">Facebook</a>","<a href=""https://www.instagram.com/healeyscyderfarm/"">Instagram</a>","<a href=""https://maps.google.com/?cid=17810033344220665904"">Google</a>","<a href=""https://www.yelp.com/biz/healeys-cyder-farm-callestick"">Yelp</a>","<a href=""https://www.tripadvisor.com/Attraction_Review-g209011-d647285"">TripAdvisor</a>"
2023,Acid Led Cider,A-Factory Aomori Cidre,A-Factory Aomori Cidre Sparkling Standard,🥉 Bronze,Active,Japan,"<a href=""https://afactory-abc.com/cidre/"">Website</a>",,"<a href=""https://www.instagram.com/af_yoshinocho.cidrefactory/"">Instagram</a>","<a href=""https://maps.google.com/?cid=2400746234436166085"">Google</a>",,
2023,Acid Led Cider,A-Factory Aomori Cidre,A-Factory Aomori Cidre Sparkling Sweet,🥉 Bronze,Active,Japan,"<a href=""https://afactory-abc.com/cidre/"">Website</a>",,"<a href=""https://www.instagram.com/af_yoshinocho.cidrefactory/"">Instagram</a>","<a href=""https://maps.google.com/?cid=2400746234436166085"">Google</a>",,
2023,Acid Led Cider,Sandford Orchards,Katja,🥉 Bronze,Active,England,"<a href=""https://www.sandfordorchards.co.uk/"">Website</a>","<a href=""https://www.facebook.com/sandfordorchards"">Facebook</a>","<a href=""https://www.instagram.com/sandfordorchards/"">Instagram</a>","<a href=""https://maps.google.com/?cid=2784404680033020235"">Google</a>",,"<a href=""https://www.tripadvisor.com/Attraction_Review-g635675-d14758900"">TripAdvisor</a>"
2023,Acid Led Cider,Sharp's Brewery,Cold River Cider,🥉 Bronze,Active,England,"<a href=""https://www.sharpsbrewery.co.uk/"">Website</a>","<a href=""https://www.facebook.com/sharpsbreweryuk/"">Facebook</a>","<a href=""https://www.instagram.com/sharpsbrewery/"">Instagram</a>","<a href=""https://maps.google.com/?cid=15304130641726715336"">Google</a>",,"<a href=""https://www.tripadvisor.com/Attraction_Review-g528872-d8420771"">TripAdvisor</a>"
2023,Acid Led Cider,Sidra El Gaitero,Spring Cider,🥉 Bronze,Active,Spain,"<a href=""https://www.sidraelgaitero.com/"">Website</a>","<a href=""https://www.facebook.com/grupoelgaitero"">Facebook</a>","<a href=""https://www.instagram.com/grupoelgaitero/"">Instagram</a>","<a href=""https://maps.google.com/?cid=15753532318992345137"">Google</a>",,"<a href=""https://www.tripadvisor.com/Attraction_Review-g608997-d3239389"">TripAdvisor</a>"
2023,Flavoured Cider,Groupe Geloso,Cidrerie Beaupré - Raspberry-Rhubarb,🏆 Trophy,Active,Canada,"<a href=""https://groupegeloso.com/"">Website</a>","<a href=""https://www.facebook.com/groupegeloso/"">Facebook</a>",,"<a href=""https://maps.google.com/?cid=14532853692172548925"">Google</a>",,
2023,Flavoured Cider,Sidra El Gaitero,Gaitero Spanish Cider with Red Grape,🥇 Gold,Active,Spain,"<a href=""https://www.sidraelgaitero.com/"">Website</a>","<a href=""https://www.facebook.com/grupoelgaitero"">Facebook</a>","<a href=""https://www.instagram.com/grupoelgaitero/"">Instagram</a>","<a href=""https://maps.google.com/?cid=15753532318992345137"">Google</a>",,"<a href=""https://www.tripadvisor.com/Attraction_Review-g608997-d3239389"">TripAdvisor</a>"
2023,Flavoured Cider,Balfour Winery,Jake's Summer Fruit Cider,🥈 Silver,Active,England,"<a href=""https://balfourwinery.com/"">Website</a>","<a href=""https://www.facebook.com/jakesdrinks/"">Facebook</a>","<a href=""https://www.instagram.com/balfourbeer/"">Instagram</a>","<a href=""https://maps.google.com/?cid=8755110381879088649"">Google</a>",,"<a href=""https://www.tripadvisor.com/Attraction_Review-g1936909-d4205571"">TripAdvisor</a>"
2023,Flavoured Cider,La Mordue,La Mordue IPA,🥈 Silver,Active,France,"<a href=""https://www.lamordue.fr/"">Website</a>","<a href=""https://www.facebook.com/ciderlamordue/"">Facebook</a>","<a href=""https://www.instagram.com/ciderlamordue/"">Instagram</a>","<a href=""https://maps.google.com/?cid=12531232480419391978"">Google</a>",,
2023,Flavoured Cider,Fils de Pomme,Cidre infusé au Yuzu & au Basilic,🥈 Silver,Active,France,"<a href=""https://fils-de-pomme.com/"">Website</a>","<a href=""https://www.facebook.com/filsdepomme"">Facebook</a>","<a href=""https://www.instagram.com/filsdepomme/"">Instagram</a>","<a href=""https://maps.google.com/?cid=8093403779791398976"">Google</a>",,
2023,Flavoured Cider,Cider Mad Apple,Mad Apple Cider Cherry Apple,🥈 Silver,Active,Czechia,"<a href=""https://www.mostarnalouny.cz/"">Website</a>","<a href=""https://www.facebook.com/madapplecider"">Facebook</a>","<a href=""https://www.instagram.com/madapplecider/"">Instagram</a>","<a href=""https://maps.google.com/?cid=8096197127047797788"">Google</a>",,
2023,Flavoured Cider,Sidewood Estate,Sidewood Strawberry Apple Cider,🥈 Silver,Active,Australia,"<a href=""https://sidewood.com.au/"">Website</a>","<a href=""https://www.facebook.com/SidewoodEstate/"">Facebook</a>","<a href=""https://www.instagram.com/sidewoodestate/"">Instagram</a>","<a href=""https://maps.google.com/?cid=16006910239256404559"">Google</a>",,"<a href=""https://www.tripadvisor.com.au/Attraction_Review-g499710-d19238424"">TripAdvisor</a>"
2023,Flavoured Cider,Tālava,Tālava Apple Cider with Hops,🥈 Silver,Active,Latvia,"<a href=""https://www.talava.lv/"">Website</a>","<a href=""https://www.facebook.com/talavassidrs"">Facebook</a>","<a href=""https://www.instagram.com/talavas_sidrs/"">Instagram</a>","<a href=""https://maps.google.com/?cid=16414834196985036378"">Google</a>",,
2023,Flavoured Cider,Aston Manor Cider,Kingstone Press Wild Berry Flavoured Cider,🥉 Bronze,Active,England,"<a href=""https://www.astonmanor.co.uk/"">Website</a>",,,"<a href=""https://maps.google.com/?cid=8328306569280299730"">Google</a>",,
2023,Flavoured Cider,Brothers Drinks,Brothers Raspberry Ripple Cider,🥉 Bronze,Active,England,"<a href=""https://brotherscider.co.uk/"">Website</a>","<a href=""https://www.facebook.com/BrothersCider"">Facebook</a>","<a href=""https://www.instagram.com/brotherscider"">Instagram</a>","<a href=""https://maps.google.com/?cid=1454211960614674654"">Google</a>",,
2023,Flavoured Cider,Brothers Drinks,Brothers Toffee Apple Cider,🥉 Bronze,Active,England,"<a href=""https://brotherscider.co.uk/"">Website</a>","<a href=""https://www.facebook.com/BrothersCider"">Facebook</a>","<a href=""https://www.instagram.com/brotherscider"">Instagram</a>","<a href=""https://maps.google.com/?cid=1454211960614674654"">Google</a>",,
2023,Flavoured Cider,Cidrerie Milton,Hollyhop,🥉 Bronze,Active,Canada,"<a href=""https://cidreriemilton.com/"">Website</a>","<a href=""https://facebook.com/cidreriemilton"">Facebook</a>","<a href=""https://instagram.com/cidreriemilton"">Instagram</a>","<a href=""https://maps.google.com/?cid=9570102942420505240"">Google</a>","<a href=""https://www.yelp.com/biz/les-vergers-de-la-colline-sainte-cecile-de-milton"">Yelp</a>","<a href=""https://www.tripadvisor.com/Attraction_Review-g11547718-d10105070"">TripAdvisor</a>"
2023,Flavoured Cider,Cornish Orchards,Raspberry and Elderflower,🥉 Bronze,Active,England,"<a href=""https://www.cornishorchards.co.uk/"">Website</a>","<a href=""https://www.facebook.com/cornishorchards/"">Facebook</a>","<a href=""https://www.instagram.com/cornishorchards/"">Instagram</a>","<a href=""https://maps.google.com/?cid=1088039469048966117"">Google</a>",,"<a href=""https://www.tripadvisor.com/Attraction_Review-g1533388-d5524747"">TripAdvisor</a>"
2023,Flavoured Cider,Groupe Geloso,Cidrerie Beaupré - Blueberry,🥉 Bronze,Active,Canada,"<a href=""https://groupegeloso.com/"">Website</a>","<a href=""https://www.facebook.com/groupegeloso/"">Facebook</a>",,"<a href=""https://maps.google.com/?cid=14532853692172548925"">Google</a>",,
2023,Flavoured Cider,Healey's Cornish Cyder Farm,Rattler Mango,🥉 Bronze,Active,England,"<a href=""https://healeyscyder.co.uk/"">Website</a>","<a href=""https://www.facebook.com/HealeysCornishCyderFarm/"">Facebook</a>","<a href=""https://www.instagram.com/healeyscyderfarm/"">Instagram</a>","<a href=""https://maps.google.com/?cid=17810033344220665904"">Google</a>","<a href=""https://www.yelp.com/biz/healeys-cyder-farm-callestick"">Yelp</a>","<a href=""https://www.tripadvisor.com/Attraction_Review-g209011-d647285"">TripAdvisor</a>"
2023,Flavoured Cider,Kelterei Heil,Cooper's Hopped,🥉 Bronze,Active,Germany,"<a href=""https://kelterei-heil.de/"">Website</a>","<a href=""https://www.facebook.com/keltereiheil/"">Facebook</a>","<a href=""https://www.instagram.com/keltereiheil"">Instagram</a>","<a href=""https://maps.google.com/?cid=18431477139160593371"">Google</a>",,
2023,Flavoured Cider,Loxtonia Cider,African Sundowner Baobab Flavoured Apple Cider,🥉 Bronze,Active,South Africa,"<a href=""https://loxtonia.co.za/"">Website</a>","<a href=""https://www.facebook.com/loxtoniacider/"">Facebook</a>","<a href=""https://www.instagram.com/loxtonia_cider/"">Instagram</a>","<a href=""https://maps.google.com/?cid=10388854018344349799"">Google</a>",,"<a href=""https://www.tripadvisor.com/Attraction_Review-g1594772-d19042987"">TripAdvisor</a>"
2023,Flavoured Cider,Lucia Maria Melchiori,U'Go Aperitivo,🥉 Bronze,Active,Italy,"<a href=""https://sidroitaliano.it/"">Website</a>","<a href=""https://www.facebook.com/LMMelchiori/"">Facebook</a>","<a href=""https://www.instagram.com/sidreriamelchiori/"">Instagram</a>","<a href=""https://maps.google.com/?cid=15784129180909501372"">Google</a>","<a href=""https://www.yelp.com/biz/l-m-di-melchiori-maria-lucia-tres"">Yelp</a>","<a href=""https://www.tripadvisor.com/Restaurant_Review-g1425773-d3571906"">TripAdvisor</a>"
2023,Flavoured Cider,Saigon Cider,Apple & Ginger,🥉 Bronze,Active,Vietnam,"<a href=""https://www.saigoncider.com/"">Website</a>","<a href=""https://www.facebook.com/saigoncider/"">Facebook</a>","<a href=""https://www.instagram.com/saigoncider/"">Instagram</a>",,,
2023,Flavoured Cider,Sheppy's Cider,Cider with Elderflower,🥉 Bronze,Active,England,"<a href=""https://www.sheppyscider.com/"">Website</a>","<a href=""https://www.facebook.com/sheppyscider/"">Facebook</a>","<a href=""https://www.instagram.com/sheppyscider/"">Instagram</a>","<a href=""https://maps.google.com/?cid=14572513592829460886"">Google</a>",,"<a href=""https://www.tripadvisor.com/Attraction_Review-g190730-d6870973"">TripAdvisor</a>"
2023,Flavoured Cider,Sheppy's Cider,Cider with Raspberry,🥉 Bronze,Active,England,"<a href=""https://www.sheppyscider.com/"">Website</a>","<a href=""https://www.facebook.com/sheppyscider/"">Facebook</a>","<a href=""https://www.instagram.com/sheppyscider/"">Instagram</a>","<a href=""https://maps.google.com/?cid=14572513592829460886"">Google</a>",,"<a href=""https://www.tripadvisor.com/Attraction_Review-g190730-d6870973"">TripAdvisor</a>"
2023,Flavoured Cider,Thatchers Cider,Thatchers Blood Orange,🥉 Bronze,Active,England,"<a href=""https://www.thatcherscider.co.uk/"">Website</a>","<a href=""https://www.facebook.com/ThatchersCiderCompany"">Facebook</a>","<a href=""https://www.instagram.com/thatcherscider/"">Instagram</a>","<a href=""https://maps.google.com/?cid=15191093037076298219"">Google</a>",,"<a href=""https://www.tripadvisor.com/Attraction_Review-g4412909-d11019728"">TripAdvisor</a>"
2023,Flavoured Cider,Thatchers Cider,Thatchers Cloudy Lemon,🥉 Bronze,Active,England,"<a href=""https://www.thatcherscider.co.uk/"">Website</a>","<a href=""https://www.facebook.com/ThatchersCiderCompany"">Facebook</a>","<a href=""https://www.instagram.com/thatcherscider/"">Instagram</a>","<a href=""https://maps.google.com/?cid=15191093037076298219"">Google</a>",,"<a href=""https://www.tripadvisor.com/Attraction_Review-g4412909-d11019728"">TripAdvisor</a>"
2023,Flavoured Cider,Thirsty Fox,Thirsty Fox Kipp,🥉 Bronze,Active,India,"<a href=""https://thirstyfox.com/"">Website</a>","<a href=""https://www.facebook.com/thirstyfoxcider"">Facebook</a>","<a href=""https://www.instagram.com/thirstyfoxcider/"">Instagram</a>","<a href=""https://maps.google.com/?cid=10203573978211651887"">Google</a>",,
2023,Flavoured Cider,Thirsty Fox,Thirsty Fox Reed,🥉 Bronze,Active,India,"<a href=""https://thirstyfox.com/"">Website</a>","<a href=""https://www.facebook.com/thirstyfoxcider"">Facebook</a>","<a href=""https://www.instagram.com/thirstyfoxcider/"">Instagram</a>","<a href=""https://maps.google.com/?cid=10203573978211651887"">Google</a>",,
2023,Ice Cider,Nerø Frukt og Sider,NeRø Issider,🏆 Supreme Champion,Active,Norway,"<a href=""https://www.nerofrukt.no/"">Website</a>","<a href=""https://www.facebook.com/people/NeR%C3%B8-Frukt-og-Sider/100070115946607/"">Facebook</a>","<a href=""https://www.instagram.com/nerofrukt/"">Instagram</a>","<a href=""https://maps.google.com/?cid=2060180241711172985"">Google</a>",,
2023,Ice Cider,Cidrerie Milton,Le Glacé,🥇 Gold,Active,Canada,"<a href=""https://cidreriemilton.com/"">Website</a>","<a href=""https://facebook.com/cidreriemilton"">Facebook</a>","<a href=""https://instagram.com/cidreriemilton"">Instagram</a>","<a href=""https://maps.google.com/?cid=9570102942420505240"">Google</a>","<a href=""https://www.yelp.com/biz/les-vergers-de-la-colline-sainte-cecile-de-milton"">Yelp</a>","<a href=""https://www.tripadvisor.com/Attraction_Review-g11547718-d10105070"">TripAdvisor</a>"
2023,Ice Cider,Trois-Lacs Ciders,Nectar Givré,🥈 Silver,Active,Switzerland,"<a href=""https://trois-lacs-ciders.webflow.io/"">Website</a>",,"<a href=""https://www.instagram.com/trois_lacs_ciders/"">Instagram</a>","<a href=""https://maps.google.com/?cid=11057921790831268912"">Google</a>",,
2023,Ice Cider,Biddenden Vineyards,Biddenden Ice Cider 2021,🥉 Bronze,Active,England,"<a href=""https://biddendenvineyards.com/"">Website</a>","<a href=""https://www.facebook.com/BiddendenVineyard"">Facebook</a>","<a href=""https://www.instagram.com/biddendenvineyard/"">Instagram</a>","<a href=""https://maps.google.com/?cid=13309985689707675393"">Google</a>",,"<a href=""https://www.tripadvisor.com/Attraction_Review-g503896-d2103288"">TripAdvisor</a>"
2023,Ice Cider,Sidra El Gaitero,1898,🥉 Bronze,Active,Spain,"<a href=""https://www.sidraelgaitero.com/"">Website</a>","<a href=""https://www.facebook.com/grupoelgaitero"">Facebook</a>","<a href=""https://www.instagram.com/grupoelgaitero/"">Instagram</a>","<a href=""https://maps.google.com/?cid=15753532318992345137"">Google</a>",,"<a href=""https://www.tripadvisor.com/Attraction_Review-g608997-d3239389"">TripAdvisor</a>"
2023,Low and No Alcohol Cider,Nerø Frukt og Sider,Lille Ville,🏆 Trophy,Active,Norway,"<a href=""https://www.nerofrukt.no/"">Website</a>","<a href=""https://www.facebook.com/people/NeR%C3%B8-Frukt-og-Sider/100070115946607/"">Facebook</a>","<a href=""https://www.instagram.com/nerofrukt/"">Instagram</a>","<a href=""https://maps.google.com/?cid=2060180241711172985"">Google</a>",,
2023,Low and No Alcohol Cider,Thatchers Cider,Thatchers Zero,🥈 Silver,Active,England,"<a href=""https://www.thatcherscider.co.uk/"">Website</a>","<a href=""https://www.facebook.com/ThatchersCiderCompany"">Facebook</a>","<a href=""https://www.instagram.com/thatcherscider/"">Instagram</a>","<a href=""https://maps.google.com/?cid=15191093037076298219"">Google</a>",,"<a href=""https://www.tripadvisor.com/Attraction_Review-g4412909-d11019728"">TripAdvisor</a>"
2023,Low and No Alcohol Cider,Cidra,Cidra 0% Sparkling Apple Juice Beverage,🥉 Bronze,Active,Lebanon,,"<a href=""https://www.facebook.com/cidralebanon"">Facebook</a>","<a href=""https://www.instagram.com/cidralebanon/"">Instagram</a>","<a href=""https://maps.google.com/?cid=14218291570320417037"">Google</a>",,
2023,Low and No Alcohol Cider,Healey's Cornish Cyder Farm,Rattler Zero,🥉 Bronze,Active,England,"<a href=""https://healeyscyder.co.uk/"">Website</a>","<a href=""https://www.facebook.com/HealeysCornishCyderFarm/"">Facebook</a>","<a href=""https://www.instagram.com/healeyscyderfarm/"">Instagram</a>","<a href=""https://maps.google.com/?cid=17810033344220665904"">Google</a>","<a href=""https://www.yelp.com/biz/healeys-cyder-farm-callestick"">Yelp</a>","<a href=""https://www.tripadvisor.com/Attraction_Review-g209011-d647285"">TripAdvisor</a>"
2023,Low and No Alcohol Cider,Loxtonia Cider,Stone Fruit Flavoured Non-Alcoholic Apple Cider,🥉 Bronze,Active,South Africa,"<a href=""https://loxtonia.co.za/"">Website</a>","<a href=""https://www.facebook.com/loxtoniacider/"">Facebook</a>","<a href=""https://www.instagram.com/loxtonia_cider/"">Instagram</a>","<a href=""https://maps.google.com/?cid=10388854018344349799"">Google</a>",,"<a href=""https://www.tripadvisor.com/Attraction_Review-g1594772-d19042987"">TripAdvisor</a>"
2023,Low and No Alcohol Cider,Tālava,Tālava Alcohol-free Apple Cider,🥉 Bronze,Active,Latvia,"<a href=""https://www.talava.lv/"">Website</a>","<a href=""https://www.facebook.com/talavassidrs"">Facebook</a>","<a href=""https://www.instagram.com/talavas_sidrs/"">Instagram</a>","<a href=""https://maps.google.com/?cid=16414834196985036378"">Google</a>",,
2023,Low and No Alcohol Cider,Sidra El Gaitero,"Gaitero Spanish Cider 0,0",🥉 Bronze,Active,Spain,"<a href=""https://www.sidraelgaitero.com/"">Website</a>","<a href=""https://www.facebook.com/grupoelgaitero"">Facebook</a>","<a href=""https://www.instagram.com/grupoelgaitero/"">Instagram</a>","<a href=""https://maps.google.com/?cid=15753532318992345137"">Google</a>",,"<a href=""https://www.tripadvisor.com/Attraction_Review-g608997-d3239389"">TripAdvisor</a>"
2023,Naturally Sparkling Cider,On Point Cider Company,Sur Pointe,🏆 Trophy,Active,England,,"<a href=""https://www.facebook.com/OnPointCider/"">Facebook</a>","<a href=""https://www.instagram.com/onpointcider/"">Instagram</a>",,,
2023,Naturally Sparkling Cider,Cidre Le Brun,Cidre Artisanal Demi Sec,🥇 Gold,Active,France,"<a href=""https://cidrelebrun.com/"">Website</a>",,"<a href=""https://www.instagram.com/cidrelebrun"">Instagram</a>","<a href=""https://maps.google.com/?cid=5387381455239409930"">Google</a>",,
2023,Naturally Sparkling Cider,Cidre Le Brun,Cidre Artisanal Doux,🥇 Gold,Active,France,"<a href=""https://cidrelebrun.com/"">Website</a>",,"<a href=""https://www.instagram.com/cidrelebrun"">Instagram</a>","<a href=""https://maps.google.com/?cid=5387381455239409930"">Google</a>",,
2023,Naturally Sparkling Cider,Appleblood Cider,Sidera Brut 2019,🥇 Gold,Active,Italy,"<a href=""https://applebloodcider.com/"">Website</a>","<a href=""https://www.facebook.com/applebloodcider"">Facebook</a>","<a href=""https://www.instagram.com/applebloodcider/"">Instagram</a>","<a href=""https://maps.google.com/?cid=14977227174949746380"">Google</a>",,
2023,Naturally Sparkling Cider,Ciderie de Gerdeneer,Redlane S.V. 2021,🥈 Silver,Active,Netherlands,"<a href=""https://degerdeneer.nl/"">Website</a>","<a href=""https://www.facebook.com/degerdeneer/"">Facebook</a>","<a href=""https://www.instagram.com/degerdeneer/"">Instagram</a>","<a href=""https://maps.google.com/?cid=9834372315692684807"">Google</a>",,"<a href=""https://www.tripadvisor.com/Attraction_Review-g188578-d25373838"">TripAdvisor</a>"
2023,Naturally Sparkling Cider,Cidre Le Brun,Cidre Doux IGP,🥈 Silver,Active,France,"<a href=""https://cidrelebrun.com/"">Website</a>",,"<a href=""https://www.instagram.com/cidrelebrun"">Instagram</a>","<a href=""https://maps.google.com/?cid=5387381455239409930"">Google</a>",,
2023,Naturally Sparkling Cider,J&R Armitage,Cider,🥈 Silver,Active,England,"<a href=""https://armitagesparklingwines.co.uk/"">Website</a>","<a href=""https://www.facebook.com/JRArmitage1/"">Facebook</a>","<a href=""https://www.instagram.com/jr_armitage/"">Instagram</a>",,,
2023,Naturally Sparkling Cider,Lucia Maria Melchiori,Cuvée - Classic Method,🥈 Silver,Active,Italy,"<a href=""https://sidroitaliano.it/"">Website</a>","<a href=""https://www.facebook.com/LMMelchiori/"">Facebook</a>","<a href=""https://www.instagram.com/sidreriamelchiori/"">Instagram</a>","<a href=""https://maps.google.com/?cid=15784129180909501372"">Google</a>","<a href=""https://www.yelp.com/biz/l-m-di-melchiori-maria-lucia-tres"">Yelp</a>","<a href=""https://www.tripadvisor.com/Restaurant_Review-g1425773-d3571906"">TripAdvisor</a>"
2023,Naturally Sparkling Cider,Lucia Maria Melchiori,Renetta - Ancestral Method,🥈 Silver,Active,Italy,"<a href=""https://sidroitaliano.it/"">Website</a>","<a href=""https://www.facebook.com/LMMelchiori/"">Facebook</a>","<a href=""https://www.instagram.com/sidreriamelchiori/"">Instagram</a>","<a href=""https://maps.google.com/?cid=15784129180909501372"">Google</a>","<a href=""https://www.yelp.com/biz/l-m-di-melchiori-maria-lucia-tres"">Yelp</a>","<a href=""https://www.tripadvisor.com/Restaurant_Review-g1425773-d3571906"">TripAdvisor</a>"
2023,Naturally Sparkling Cider,Obst- & Weingut Brüggenwirth,Craft Apfelgold Cider,🥈 Silver,Active,Germany,"<a href=""https://brueggenwirth.de/"">Website</a>","<a href=""https://www.facebook.com/obsthofbrueggenwirth"">Facebook</a>","<a href=""https://www.instagram.com/obsthofbrueggenwirth/"">Instagram</a>","<a href=""https://maps.google.com/?cid=5975244823985496105"">Google</a>",,
2023,Naturally Sparkling Cider,Biddenden Vineyards,Biddenden Sparkling Cider 2021,🥉 Bronze,Active,England,"<a href=""https://biddendenvineyards.com/"">Website</a>","<a href=""https://www.facebook.com/BiddendenVineyard"">Facebook</a>","<a href=""https://www.instagram.com/biddendenvineyard/"">Instagram</a>","<a href=""https://maps.google.com/?cid=13309985689707675393"">Google</a>",,"<a href=""https://www.tripadvisor.com/Attraction_Review-g503896-d2103288"">TripAdvisor</a>"
2023,Naturally Sparkling Cider,Ciderie de Gerdeneer,Hoog Savelsbos 2020,🥉 Bronze,Active,Netherlands,"<a href=""https://degerdeneer.nl/"">Website</a>","<a href=""https://www.facebook.com/degerdeneer/"">Facebook</a>","<a href=""https://www.instagram.com/degerdeneer/"">Instagram</a>","<a href=""https://maps.google.com/?cid=9834372315692684807"">Google</a>",,"<a href=""https://www.tripadvisor.com/Attraction_Review-g188578-d25373838"">TripAdvisor</a>"
2023,Naturally Sparkling Cider,Ciderie de Gerdeneer,Sterling 2021,🥉 Bronze,Active,Netherlands,"<a href=""https://degerdeneer.nl/"">Website</a>","<a href=""https://www.facebook.com/degerdeneer/"">Facebook</a>","<a href=""https://www.instagram.com/degerdeneer/"">Instagram</a>","<a href=""https://maps.google.com/?cid=9834372315692684807"">Google</a>",,"<a href=""https://www.tripadvisor.com/Attraction_Review-g188578-d25373838"">TripAdvisor</a>"
2023,Naturally Sparkling Cider,Cidrerie Milton,Honeycrisp Sour,🥉 Bronze,Active,Canada,"<a href=""https://cidreriemilton.com/"">Website</a>","<a href=""https://facebook.com/cidreriemilton"">Facebook</a>","<a href=""https://instagram.com/cidreriemilton"">Instagram</a>","<a href=""https://maps.google.com/?cid=9570102942420505240"">Google</a>","<a href=""https://www.yelp.com/biz/les-vergers-de-la-colline-sainte-cecile-de-milton"">Yelp</a>","<a href=""https://www.tripadvisor.com/Attraction_Review-g11547718-d10105070"">TripAdvisor</a>"
2023,Naturally Sparkling Cider,Cidrerie Milton,Rubinette,🥉 Bronze,Active,Canada,"<a href=""https://cidreriemilton.com/"">Website</a>","<a href=""https://facebook.com/cidreriemilton"">Facebook</a>","<a href=""https://instagram.com/cidreriemilton"">Instagram</a>","<a href=""https://maps.google.com/?cid=9570102942420505240"">Google</a>","<a href=""https://www.yelp.com/biz/les-vergers-de-la-colline-sainte-cecile-de-milton"">Yelp</a>","<a href=""https://www.tripadvisor.com/Attraction_Review-g11547718-d10105070"">TripAdvisor</a>"
2023,Naturally Sparkling Cider,Cidre Le Brun,Cidre Artisanal Brut,🥉 Bronze,Active,France,"<a href=""https://cidrelebrun.com/"">Website</a>",,"<a href=""https://www.instagram.com/cidrelebrun"">Instagram</a>","<a href=""https://maps.google.com/?cid=5387381455239409930"">Google</a>",,
2023,Naturally Sparkling Cider,Cidre Le Brun,Cidre Brut IGP,🥉 Bronze,Active,France,"<a href=""https://cidrelebrun.com/"">Website</a>",,"<a href=""https://www.instagram.com/cidrelebrun"">Instagram</a>","<a href=""https://maps.google.com/?cid=5387381455239409930"">Google</a>",,
2023,Naturally Sparkling Cider,Obst- & Weingut Brüggenwirth,Fairytale Apfelgold Cider,🥉 Bronze,Active,Germany,"<a href=""https://brueggenwirth.de/"">Website</a>","<a href=""https://www.facebook.com/obsthofbrueggenwirth"">Facebook</a>","<a href=""https://www.instagram.com/obsthofbrueggenwirth/"">Instagram</a>","<a href=""https://maps.google.com/?cid=5975244823985496105"">Google</a>",,
2023,Naturally Sparkling Cider,Obst- & Weingut Brüggenwirth,Orchard Apfelgold Cider,🥉 Bronze,Active,Germany,"<a href=""https://brueggenwirth.de/"">Website</a>","<a href=""https://www.facebook.com/obsthofbrueggenwirth"">Facebook</a>","<a href=""https://www.instagram.com/obsthofbrueggenwirth/"">Instagram</a>","<a href=""https://maps.google.com/?cid=5975244823985496105"">Google</a>",,
2023,Naturally Sparkling Cider,Tinston Wines & Ciders,Tinston Best 2021,🥉 Bronze,Active,England,"<a href=""https://tinstonwinecider.com/"">Website</a>","<a href=""https://www.facebook.com/tinstonwinecider/"">Facebook</a>","<a href=""https://www.instagram.com/tinstonwinecider/"">Instagram</a>","<a href=""https://maps.google.com/?cid=11983981920527513059"">Google</a>",,
2023,Naturally Sparkling Cider,Sidra El Gaitero,Pomarina,🥉 Bronze,Active,Spain,"<a href=""https://www.sidraelgaitero.com/"">Website</a>","<a href=""https://www.facebook.com/grupoelgaitero"">Facebook</a>","<a href=""https://www.instagram.com/grupoelgaitero/"">Instagram</a>","<a href=""https://maps.google.com/?cid=15753532318992345137"">Google</a>",,"<a href=""https://www.tripadvisor.com/Attraction_Review-g608997-d3239389"">TripAdvisor</a>"
2023,Pear Cider,Fils de Pomme,Poiré,🥈 Silver,Active,France,"<a href=""https://fils-de-pomme.com/"">Website</a>","<a href=""https://www.facebook.com/filsdepomme"">Facebook</a>","<a href=""https://www.instagram.com/filsdepomme/"">Instagram</a>","<a href=""https://maps.google.com/?cid=8093403779791398976"">Google</a>",,
2023,Pear Cider,Brothers Drinks,Babycham,🥉 Bronze,Active,England,"<a href=""https://brotherscider.co.uk/"">Website</a>","<a href=""https://www.facebook.com/BrothersCider"">Facebook</a>","<a href=""https://www.instagram.com/brotherscider"">Instagram</a>","<a href=""https://maps.google.com/?cid=1454211960614674654"">Google</a>",,
2023,Pear Cider,Der Kleine Cidre Betrieb,Poiré 2022,🥉 Bronze,Active,Germany,"<a href=""https://www.cidre-betrieb.de/"">Website</a>",,"<a href=""https://www.instagram.com/der.kleine.cidre.betrieb/"">Instagram</a>",,,
2023,Pear Cider,Cidre Le Brun,Pear Cider,🥉 Bronze,Active,France,"<a href=""https://cidrelebrun.com/"">Website</a>",,"<a href=""https://www.instagram.com/cidrelebrun"">Instagram</a>","<a href=""https://maps.google.com/?cid=5387381455239409930"">Google</a>",,
2023,Pear Cider,Appleblood Cider,Fairy Perry 2022,🥉 Bronze,Active,Italy,"<a href=""https://applebloodcider.com/"">Website</a>","<a href=""https://www.facebook.com/applebloodcider"">Facebook</a>","<a href=""https://www.instagram.com/applebloodcider/"">Instagram</a>","<a href=""https://maps.google.com/?cid=14977227174949746380"">Google</a>",,
2023,Pear Cider,Sidewood Estate,Sidewood Pear Cider,🥉 Bronze,Active,Australia,"<a href=""https://sidewood.com.au/"">Website</a>","<a href=""https://www.facebook.com/SidewoodEstate/"">Facebook</a>","<a href=""https://www.instagram.com/sidewoodestate/"">Instagram</a>","<a href=""https://maps.google.com/?cid=16006910239256404559"">Google</a>",,"<a href=""https://www.tripadvisor.com.au/Attraction_Review-g499710-d19238424"">TripAdvisor</a>"
2023,Rosé Cider,Dunham Press Cider,Little Red Devil,🥈 Silver,Active,England,"<a href=""https://www.dunhamcider.co.uk/"">Website</a>","<a href=""https://www.facebook.com/dunhampresscider"">Facebook</a>",,"<a href=""https://maps.google.com/?cid=6980479073802538327"">Google</a>",,
2023,Rosé Cider,Groupe Geloso,Cidrerie Beaupré - Rosé,🥈 Silver,Active,Canada,"<a href=""https://groupegeloso.com/"">Website</a>","<a href=""https://www.facebook.com/groupegeloso/"">Facebook</a>",,"<a href=""https://maps.google.com/?cid=14532853692172548925"">Google</a>",,
2023,Rosé Cider,Lucia Maria Melchiori,Con Brio Rosè,🥈 Silver,Active,Italy,"<a href=""https://sidroitaliano.it/"">Website</a>","<a href=""https://www.facebook.com/LMMelchiori/"">Facebook</a>","<a href=""https://www.instagram.com/sidreriamelchiori/"">Instagram</a>","<a href=""https://maps.google.com/?cid=15784129180909501372"">Google</a>","<a href=""https://www.yelp.com/biz/l-m-di-melchiori-maria-lucia-tres"">Yelp</a>","<a href=""https://www.tripadvisor.com/Restaurant_Review-g1425773-d3571906"">TripAdvisor</a>"
2023,Rosé Cider,Cidrerie Milton,CID Rosé,🥉 Bronze,Active,Canada,"<a href=""https://cidreriemilton.com/"">Website</a>","<a href=""https://facebook.com/cidreriemilton"">Facebook</a>","<a href=""https://instagram.com/cidreriemilton"">Instagram</a>","<a href=""https://maps.google.com/?cid=9570102942420505240"">Google</a>","<a href=""https://www.yelp.com/biz/les-vergers-de-la-colline-sainte-cecile-de-milton"">Yelp</a>","<a href=""https://www.tripadvisor.com/Attraction_Review-g11547718-d10105070"">TripAdvisor</a>"
2023,Rosé Cider,Cidre Le Brun,Cidre Artisanal Rosé,🥉 Bronze,Active,France,"<a href=""https://cidrelebrun.com/"">Website</a>",,"<a href=""https://www.instagram.com/cidrelebrun"">Instagram</a>","<a href=""https://maps.google.com/?cid=5387381455239409930"">Google</a>",,
2023,Rosé Cider,Loïc Raison,Louis Raison Rouge Délice,🥉 Bronze,Active,France,"<a href=""https://www.loicraison.fr/"">Website</a>","<a href=""https://www.facebook.com/CidreLoicRaison/"">Facebook</a>","<a href=""https://www.instagram.com/loicraison/"">Instagram</a>","<a href=""https://maps.google.com/?cid=15768587504697904757"">Google</a>",,
2023,Rosé Cider,Sandford Orchards,Devon Rosé,🥉 Bronze,Active,England,"<a href=""https://www.sandfordorchards.co.uk/"">Website</a>","<a href=""https://www.facebook.com/sandfordorchards"">Facebook</a>","<a href=""https://www.instagram.com/sandfordorchards/"">Instagram</a>","<a href=""https://maps.google.com/?cid=2784404680033020235"">Google</a>",,"<a href=""https://www.tripadvisor.com/Attraction_Review-g635675-d14758900"">TripAdvisor</a>"
2023,Speciality Cider,Savanna,Savanna Chilled Chilli,🥈 Silver,Active,South Africa,"<a href=""https://www.savanna.co.za/"">Website</a>","<a href=""https://www.facebook.com/SavannaCider/"">Facebook</a>","<a href=""https://www.instagram.com/savannacider/"">Instagram</a>","<a href=""https://maps.google.com/?cid=947674074671053030"">Google</a>",,
2023,Speciality Cider,Savanna,Savanna Dry,🥈 Silver,Active,South Africa,"<a href=""https://www.savanna.co.za/"">Website</a>","<a href=""https://www.facebook.com/SavannaCider/"">Facebook</a>","<a href=""https://www.instagram.com/savannacider/"">Instagram</a>","<a href=""https://maps.google.com/?cid=947674074671053030"">Google</a>",,
2023,Speciality Cider,Savanna,Savanna Light,🥈 Silver,Active,South Africa,"<a href=""https://www.savanna.co.za/"">Website</a>","<a href=""https://www.facebook.com/SavannaCider/"">Facebook</a>","<a href=""https://www.instagram.com/savannacider/"">Instagram</a>","<a href=""https://maps.google.com/?cid=947674074671053030"">Google</a>",,
2023,Speciality Cider,Terre Cartusiae,Terre Cartusiae Sidro Vivace,🥈 Silver,Active,Italy,"<a href=""https://terrecartusiae.com/"">Website</a>","<a href=""https://www.facebook.com/profile.php?id=61550312412145"">Facebook</a>",,"<a href=""https://maps.google.com/?cid=11370456585342224345"">Google</a>",,
2023,Speciality Cider,Arba Wine,Adem Alma,🥉 Bronze,Active,Kazakhstan,"<a href=""https://arbawine.com/"">Website</a>","<a href=""https://www.facebook.com/ArbaWine.Kazakhstan/"">Facebook</a>","<a href=""https://www.instagram.com/arba_wine/"">Instagram</a>","<a href=""https://maps.google.com/?cid=9591225049119199140"">Google</a>",,"<a href=""https://www.tripadvisor.com/Attraction_Review-g298251-d10130564"">TripAdvisor</a>"
2023,Speciality Cider,Cidrerie Milton,CID Cuivré,🥉 Bronze,Active,Canada,"<a href=""https://cidreriemilton.com/"">Website</a>","<a href=""https://facebook.com/cidreriemilton"">Facebook</a>","<a href=""https://instagram.com/cidreriemilton"">Instagram</a>","<a href=""https://maps.google.com/?cid=9570102942420505240"">Google</a>","<a href=""https://www.yelp.com/biz/les-vergers-de-la-colline-sainte-cecile-de-milton"">Yelp</a>","<a href=""https://www.tripadvisor.com/Attraction_Review-g11547718-d10105070"">TripAdvisor</a>"
2023,Speciality Cider,Savanna,Savanna Angry Lemon,🥉 Bronze,Active,South Africa,"<a href=""https://www.savanna.co.za/"">Website</a>","<a href=""https://www.facebook.com/SavannaCider/"">Facebook</a>","<a href=""https://www.instagram.com/savannacider/"">Instagram</a>","<a href=""https://maps.google.com/?cid=947674074671053030"">Google</a>",,
2023,Speciality Cider,Savanna,Savanna Non Alcoholic,🥉 Bronze,Active,South Africa,"<a href=""https://www.savanna.co.za/"">Website</a>","<a href=""https://www.facebook.com/SavannaCider/"">Facebook</a>","<a href=""https://www.instagram.com/savannacider/"">Instagram</a>","<a href=""https://maps.google.com/?cid=947674074671053030"">Google</a>",,
2023,Speciality Cider,Terre Cartusiae,Terre Cartusiae Sidro Dolce,🥉 Bronze,Active,Italy,"<a href=""https://terrecartusiae.com/"">Website</a>","<a href=""https://www.facebook.com/profile.php?id=61550312412145"">Facebook</a>",,"<a href=""https://maps.google.com/?cid=11370456585342224345"">Google</a>",,
2023,Speciality Cider,Terre Cartusiae,Terre Cartusiae Sidro Medio,🥉 Bronze,Active,Italy,"<a href=""https://terrecartusiae.com/"">Website</a>","<a href=""https://www.facebook.com/profile.php?id=61550312412145"">Facebook</a>",,"<a href=""https://maps.google.com/?cid=11370456585342224345"">Google</a>",,
2023,Tannin Led Cider,Sandford Orchards,The General,🏆 Trophy,Active,England,"<a href=""https://www.sandfordorchards.co.uk/"">Website</a>","<a href=""https://www.facebook.com/sandfordorchards"">Facebook</a>","<a href=""https://www.instagram.com/sandfordorchards/"">Instagram</a>","<a href=""https://maps.google.com/?cid=2784404680033020235"">Google</a>",,"<a href=""https://www.tripadvisor.com/Attraction_Review-g635675-d14758900"">TripAdvisor</a>"
2023,Tannin Led Cider,Brothers Drinks,Showerings,🥇 Gold,Active,England,"<a href=""https://brotherscider.co.uk/"">Website</a>","<a href=""https://www.facebook.com/BrothersCider"">Facebook</a>","<a href=""https://www.instagram.com/brotherscider"">Instagram</a>","<a href=""https://maps.google.com/?cid=1454211960614674654"">Google</a>",,
2023,Tannin Led Cider,Loïc Raison,Loïc Raison Doux,🥇 Gold,Active,France,"<a href=""https://www.loicraison.fr/"">Website</a>","<a href=""https://www.facebook.com/CidreLoicRaison/"">Facebook</a>","<a href=""https://www.instagram.com/loicraison/"">Instagram</a>","<a href=""https://maps.google.com/?cid=15768587504697904757"">Google</a>",,
2023,Tannin Led Cider,Écusson,Ecusson Doux,🥈 Silver,Active,France,"<a href=""https://www.cidre-ecusson.com/"">Website</a>","<a href=""https://www.facebook.com/CidreEcusson/"">Facebook</a>","<a href=""https://www.instagram.com/cidreecusson/"">Instagram</a>",,,
2023,Tannin Led Cider,Loïc Raison,Loïc Raison Brut,🥈 Silver,Active,France,"<a href=""https://www.loicraison.fr/"">Website</a>","<a href=""https://www.facebook.com/CidreLoicRaison/"">Facebook</a>","<a href=""https://www.instagram.com/loicraison/"">Instagram</a>","<a href=""https://maps.google.com/?cid=15768587504697904757"">Google</a>",,
2023,Tannin Led Cider,F.H. Prager,F.H. Prager Cider 11,🥈 Silver,Active,Czechia,"<a href=""https://fhprager.cz/"">Website</a>","<a href=""https://www.facebook.com/FHPrager"">Facebook</a>","<a href=""https://www.instagram.com/fhprager/"">Instagram</a>","<a href=""https://maps.google.com/?cid=5646652119245236581"">Google</a>",,
2023,Tannin Led Cider,Kilmegan Cider,Kilmegan,🥈 Silver,Active,Northern Ireland,"<a href=""https://kilmegancider.com/"">Website</a>","<a href=""https://www.facebook.com/kilmegancider/"">Facebook</a>","<a href=""https://www.instagram.com/kilmegancider/"">Instagram</a>","<a href=""https://maps.google.com/?cid=3112578667047542739"">Google</a>",,
2023,Tannin Led Cider,Robinsons Cider,Premium Medium,🥈 Silver,Active,England,"<a href=""https://www.robinsonscider.com/"">Website</a>",,"<a href=""https://www.instagram.com/robinsonscider/"">Instagram</a>",,,
2023,Tannin Led Cider,Sandford Orchards,Sandford Reserve,🥈 Silver,Active,England,"<a href=""https://www.sandfordorchards.co.uk/"">Website</a>","<a href=""https://www.facebook.com/sandfordorchards"">Facebook</a>","<a href=""https://www.instagram.com/sandfordorchards/"">Instagram</a>","<a href=""https://maps.google.com/?cid=2784404680033020235"">Google</a>",,"<a href=""https://www.tripadvisor.com/Attraction_Review-g635675-d14758900"">TripAdvisor</a>"
2023,Tannin Led Cider,Sheppy's Cider,200,🥈 Silver,Active,England,"<a href=""https://www.sheppyscider.com/"">Website</a>","<a href=""https://www.facebook.com/sheppyscider/"">Facebook</a>","<a href=""https://www.instagram.com/sheppyscider/"">Instagram</a>","<a href=""https://maps.google.com/?cid=14572513592829460886"">Google</a>",,"<a href=""https://www.tripadvisor.com/Attraction_Review-g190730-d6870973"">TripAdvisor</a>"
2023,Tannin Led Cider,Aston Manor Cider,Crumpton Oaks Apple Cider,🥉 Bronze,Active,England,"<a href=""https://www.astonmanor.co.uk/"">Website</a>",,,"<a href=""https://maps.google.com/?cid=8328306569280299730"">Google</a>",,
2023,Tannin Led Cider,Aston Manor Cider,Friels First Press Vintage Cider,🥉 Bronze,Active,England,"<a href=""https://www.astonmanor.co.uk/"">Website</a>",,,"<a href=""https://maps.google.com/?cid=8328306569280299730"">Google</a>",,
2023,Tannin Led Cider,Aston Manor Cider,Kingstone Press Apple Cider,🥉 Bronze,Active,England,"<a href=""https://www.astonmanor.co.uk/"">Website</a>",,,"<a href=""https://maps.google.com/?cid=8328306569280299730"">Google</a>",,
2023,Tannin Led Cider,Dunkertons Cider and Perry,Dabinett,🥉 Bronze,Active,England,"<a href=""https://www.dunkertonscider.co.uk/"">Website</a>","<a href=""https://www.facebook.com/dunkertonsorganiccider/"">Facebook</a>","<a href=""https://www.instagram.com/dunkertonscider/"">Instagram</a>","<a href=""https://maps.google.com/?cid=4719921113153419800"">Google</a>",,
2023,Tannin Led Cider,Écusson,Ecusson Brut,🥉 Bronze,Active,France,"<a href=""https://www.cidre-ecusson.com/"">Website</a>","<a href=""https://www.facebook.com/CidreEcusson/"">Facebook</a>","<a href=""https://www.instagram.com/cidreecusson/"">Instagram</a>",,,
2023,Tannin Led Cider,Muxaller Cider,Schnieker Kerl,🥉 Bronze,Active,Germany,"<a href=""https://www.muxallercider.de/"">Website</a>","<a href=""https://www.facebook.com/profile.php?id=100064945230179"">Facebook</a>","<a href=""https://www.instagram.com/muxaller_cider"">Instagram</a>",,,
2023,Tannin Led Cider,Sheppy's Cider,Vintage Reserve Cider,🥉 Bronze,Active,England,"<a href=""https://www.sheppyscider.com/"">Website</a>","<a href=""https://www.facebook.com/sheppyscider/"">Facebook</a>","<a href=""https://www.instagram.com/sheppyscider/"">Instagram</a>","<a href=""https://maps.google.com/?cid=14572513592829460886"">Google</a>",,"<a href=""https://www.tripadvisor.com/Attraction_Review-g190730-d6870973"">TripAdvisor</a>"
2023,Tannin Led Cider,Thatchers Cider,Thatchers Katy and Redstreak,🥉 Bronze,Active,England,"<a href=""https://www.thatcherscider.co.uk/"">Website</a>","<a href=""https://www.facebook.com/ThatchersCiderCompany"">Facebook</a>","<a href=""https://www.instagram.com/thatcherscider/"">Instagram</a>","<a href=""https://maps.google.com/?cid=15191093037076298219"">Google</a>",,"<a href=""https://www.tripadvisor.com/Attraction_Review-g4412909-d11019728"">TripAdvisor</a>"
2023,Tannin Led Cider,Thatchers Cider,Thatchers Rascal,🥉 Bronze,Active,England,"<a href=""https://www.thatcherscider.co.uk/"">Website</a>","<a href=""https://www.facebook.com/ThatchersCiderCompany"">Facebook</a>","<a href=""https://www.instagram.com/thatcherscider/"">Instagram</a>","<a href=""https://maps.google.com/?cid=15191093037076298219"">Google</a>",,"<a href=""https://www.tripadvisor.com/Attraction_Review-g4412909-d11019728"">TripAdvisor</a>"
2023,Wood Aged Cider,Bignose & Beardy,Oaky Pokey,🥈 Silver,Active,England,"<a href=""https://bignoseandbeardy.com/"">Website</a>","<a href=""https://www.facebook.com/bignoseandbeardy/"">Facebook</a>","<a href=""https://www.instagram.com/bignosebeardy/"">Instagram</a>","<a href=""https://maps.google.com/?cid=15761729958801782355"">Google</a>",,
2023,Wood Aged Cider,Walt Cider,Barrel Aged: Bourbon,🥈 Silver,Active,Netherlands,"<a href=""https://waltcider.nl/"">Website</a>","<a href=""https://www.facebook.com/waltcider/"">Facebook</a>","<a href=""https://www.instagram.com/waltcider/"">Instagram</a>","<a href=""https://maps.google.com/?cid=569689914999365231"">Google</a>",,
2023,Wood Aged Cider,Hitchcox Cider,Kingston Black,🥉 Bronze,Active,England,"<a href=""https://hitchcoxcider.co.uk/"">Website</a>","<a href=""https://www.facebook.com/HitchcoxCider/"">Facebook</a>","<a href=""https://www.instagram.com/hitchcox_cider/"">Instagram</a>","<a href=""https://maps.google.com/?cid=6038804049112704578"">Google</a>",,
2023,Wood Aged Cider,Mistérios da Quinta,aRRebITa - Sidra da Madeira IG,🥉 Bronze,Active,Portugal,,,"<a href=""https://www.instagram.com/sidrariaprazeres/"">Instagram</a>",,,
2023,Wood Aged Cider,Cider Mad Apple,Mad Apple Cider Barrique Unpastuerized,🥉 Bronze,Active,Czechia,"<a href=""https://www.mostarnalouny.cz/"">Website</a>","<a href=""https://www.facebook.com/madapplecider"">Facebook</a>","<a href=""https://www.instagram.com/madapplecider/"">Instagram</a>","<a href=""https://maps.google.com/?cid=8096197127047797788"">Google</a>",,
2023,Wood Aged Cider,Walt Cider,Barrel Aged: Red Wine,🥉 Bronze,Active,Netherlands,"<a href=""https://waltcider.nl/"">Website</a>","<a href=""https://www.facebook.com/waltcider/"">Facebook</a>","<a href=""https://www.instagram.com/waltcider/"">Instagram</a>","<a href=""https://maps.google.com/?cid=569689914999365231"">Google</a>",,
2024,Acid Led Cider,Sxollie,Golden Delicious,🏆 Trophy,Active,England,"<a href=""https://sxollie.com/"">Website</a>","<a href=""https://www.facebook.com/sxollie/"">Facebook</a>","<a href=""https://www.instagram.com/sxolliexider/"">Instagram</a>","<a href=""https://maps.google.com/?cid=10777151726289454626"">Google</a>",,
2024,Acid Led Cider,A-Factory Aomori Cidre,Sannaimruyama Yumekamosu 2023 Dry,🥈 Silver,Active,Japan,"<a href=""https://afactory-abc.com/cidre/"">Website</a>",,"<a href=""https://www.instagram.com/af_yoshinocho.cidrefactory/"">Instagram</a>","<a href=""https://maps.google.com/?cid=2400746234436166085"">Google</a>",,
2024,Acid Led Cider,Cidra,Cidra Sweet,🥈 Silver,Active,Lebanon,,"<a href=""https://www.facebook.com/cidralebanon"">Facebook</a>","<a href=""https://www.instagram.com/cidralebanon/"">Instagram</a>","<a href=""https://maps.google.com/?cid=14218291570320417037"">Google</a>",,
2024,Acid Led Cider,Kentish Pip,Skylark,🥈 Silver,Active,England,"<a href=""https://www.kentishpip.co.uk/"">Website</a>","<a href=""https://www.facebook.com/kentishpip"">Facebook</a>","<a href=""https://www.instagram.com/kentishpip"">Instagram</a>","<a href=""https://maps.google.com/?cid=10171179408012212368"">Google</a>",,"<a href=""https://www.tripadvisor.com/Attraction_Review-g186311-d19116139"">TripAdvisor</a>"
2024,Acid Led Cider,Sideriet,Vassås,🥈 Silver,Active,Norway,"<a href=""https://www.sideriet.no/"">Website</a>","<a href=""https://www.facebook.com/SiderietAS/"">Facebook</a>","<a href=""https://www.instagram.com/sideriet_/"">Instagram</a>","<a href=""https://maps.google.com/?cid=10667377439591253274"">Google</a>",,
2024,Acid Led Cider,A-Factory Aomori Cidre,Hirosaki Yoshinochou Dry,🥉 Bronze,Active,Japan,"<a href=""https://afactory-abc.com/cidre/"">Website</a>",,"<a href=""https://www.instagram.com/af_yoshinocho.cidrefactory/"">Instagram</a>","<a href=""https://maps.google.com/?cid=2400746234436166085"">Google</a>",,
2024,Acid Led Cider,A-Factory Aomori Cidre,Hirosaki Yoshinochou Medium,🥉 Bronze,Active,Japan,"<a href=""https://afactory-abc.com/cidre/"">Website</a>",,"<a href=""https://www.instagram.com/af_yoshinocho.cidrefactory/"">Instagram</a>","<a href=""https://maps.google.com/?cid=2400746234436166085"">Google</a>",,
2024,Acid Led Cider,A-Factory Aomori Cidre,Sparkling Dry,🥉 Bronze,Active,Japan,"<a href=""https://afactory-abc.com/cidre/"">Website</a>",,"<a href=""https://www.instagram.com/af_yoshinocho.cidrefactory/"">Instagram</a>","<a href=""https://maps.google.com/?cid=2400746234436166085"">Google</a>",,
2024,Acid Led Cider,Balfour Winery,Balfour Cider,🥉 Bronze,Active,England,"<a href=""https://balfourwinery.com/"">Website</a>","<a href=""https://www.facebook.com/jakesdrinks/"">Facebook</a>","<a href=""https://www.instagram.com/balfourbeer/"">Instagram</a>","<a href=""https://maps.google.com/?cid=8755110381879088649"">Google</a>",,"<a href=""https://www.tripadvisor.com/Attraction_Review-g1936909-d4205571"">TripAdvisor</a>"
2024,Acid Led Cider,Armada Cider 1588,Armada Cider 1588,🥉 Bronze,Active,Spain,"<a href=""https://armadacider1588.com/"">Website</a>","<a href=""https://www.facebook.com/armadacider1588"">Facebook</a>","<a href=""https://www.instagram.com/armadacider1588_official/"">Instagram</a>",,,
2024,Acid Led Cider,Cidra,Cidra Dry,🥉 Bronze,Active,Lebanon,,"<a href=""https://www.facebook.com/cidralebanon"">Facebook</a>","<a href=""https://www.instagram.com/cidralebanon/"">Instagram</a>","<a href=""https://maps.google.com/?cid=14218291570320417037"">Google</a>",,
2024,Acid Led Cider,Cluver & Jack Cider Company,Cluver & Jack Cider,🥉 Bronze,Active,South Africa,"<a href=""https://www.cluverjack.com/"">Website</a>",,"<a href=""https://www.instagram.com/cluverjackcider/"">Instagram</a>","<a href=""https://maps.google.com/?cid=1595491546946521207"">Google</a>",,
2024,Acid Led Cider,Cydr Dwaj Bracia,Rajska Kronselka,🥉 Bronze,Active,Poland,"<a href=""https://dwajbracia.pl/"">Website</a>","<a href=""https://www.facebook.com/profile.php?id=100094619362211"">Facebook</a>","<a href=""https://www.instagram.com/cydr_dwaj_bracia"">Instagram</a>",,,
2024,Acid Led Cider,La Mordue,La Mordue Rouge,🥉 Bronze,Active,France,"<a href=""https://www.lamordue.fr/"">Website</a>","<a href=""https://www.facebook.com/ciderlamordue/"">Facebook</a>","<a href=""https://www.instagram.com/ciderlamordue/"">Instagram</a>","<a href=""https://maps.google.com/?cid=12531232480419391978"">Google</a>",,
2024,Acid Led Cider,Coles Liquor Group,Mr Finch Apple Cider,🥉 Bronze,Active,Australia,"<a href=""https://www.coles.com.au/"">Website</a>",,,,,
2024,Acid Led Cider,Sxollie,Cripps Pink,🥉 Bronze,Active,England,"<a href=""https://sxollie.com/"">Website</a>","<a href=""https://www.facebook.com/sxollie/"">Facebook</a>","<a href=""https://www.instagram.com/sxolliexider/"">Instagram</a>","<a href=""https://maps.google.com/?cid=10777151726289454626"">Google</a>",,
2024,Acid Led Cider,Sxollie,Granny Smith,🥉 Bronze,Active,England,"<a href=""https://sxollie.com/"">Website</a>","<a href=""https://www.facebook.com/sxollie/"">Facebook</a>","<a href=""https://www.instagram.com/sxolliexider/"">Instagram</a>","<a href=""https://maps.google.com/?cid=10777151726289454626"">Google</a>",,
2024,Acid Led Cider,Kentish Pip,Craftsman,🥉 Bronze,Active,England,"<a href=""https://www.kentishpip.co.uk/"">Website</a>","<a href=""https://www.facebook.com/kentishpip"">Facebook</a>","<a href=""https://www.instagram.com/kentishpip"">Instagram</a>","<a href=""https://maps.google.com/?cid=10171179408012212368"">Google</a>",,"<a href=""https://www.tripadvisor.com/Attraction_Review-g186311-d19116139"">TripAdvisor</a>"
2024,Acid Led Cider,Obst- & Weingut Brüggenwirth,Apfelgold Cider Orchard,🥉 Bronze,Active,Germany,"<a href=""https://brueggenwirth.de/"">Website</a>","<a href=""https://www.facebook.com/obsthofbrueggenwirth"">Facebook</a>","<a href=""https://www.instagram.com/obsthofbrueggenwirth/"">Instagram</a>","<a href=""https://maps.google.com/?cid=5975244823985496105"">Google</a>",,
2024,Acid Led Cider,Restauracja Tabun,Renety 2023,🥉 Bronze,Active,Poland,"<a href=""https://www.restauracjatabun.pl/"">Website</a>","<a href=""https://www.facebook.com/TABUNCYDR/"">Facebook</a>","<a href=""https://www.instagram.com/tabuncydr/"">Instagram</a>","<a href=""https://maps.google.com/?cid=13556304642115496222"">Google</a>",,"<a href=""https://www.tripadvisor.com/Restaurant_Review-g3222438-d2654599"">TripAdvisor</a>"
2024,Acid Led Cider,Terre Cartusiae,Sidro Vivace,🥉 Bronze,Active,Italy,"<a href=""https://terrecartusiae.com/"">Website</a>","<a href=""https://www.facebook.com/profile.php?id=61550312412145"">Facebook</a>",,"<a href=""https://maps.google.com/?cid=11370456585342224345"">Google</a>",,
2024,Acid Led Cider,Thatchers Cider,Thatchers Katy,🥉 Bronze,Active,England,"<a href=""https://www.thatcherscider.co.uk/"">Website</a>","<a href=""https://www.facebook.com/ThatchersCiderCompany"">Facebook</a>","<a href=""https://www.instagram.com/thatcherscider/"">Instagram</a>","<a href=""https://maps.google.com/?cid=15191093037076298219"">Google</a>",,"<a href=""https://www.tripadvisor.com/Attraction_Review-g4412909-d11019728"">TripAdvisor</a>"
2024,Acid Led Cider,Tinston Wines & Ciders,Tinston Anatomy,🥉 Bronze,Active,England,"<a href=""https://tinstonwinecider.com/"">Website</a>","<a href=""https://www.facebook.com/tinstonwinecider/"">Facebook</a>","<a href=""https://www.instagram.com/tinstonwinecider/"">Instagram</a>","<a href=""https://maps.google.com/?cid=11983981920527513059"">Google</a>",,
2024,Flavoured Cider,Eiane Gard,Brist,🏆 Supreme Champion,Active,Norway,"<a href=""https://www.eianegard.no/"">Website</a>","<a href=""https://www.facebook.com/eianegard"">Facebook</a>","<a href=""https://www.instagram.com/eianegard/"">Instagram</a>","<a href=""https://maps.google.com/?cid=13089067596466030259"">Google</a>",,
2024,Flavoured Cider,Wild Harvest Brewing Company,L74 Craft Coffee Cider,🥇 Gold,Active,India,"<a href=""https://l74.life/"">Website</a>",,"<a href=""https://www.instagram.com/l74_ciders/"">Instagram</a>","<a href=""https://maps.google.com/?cid=10553833652439506363"">Google</a>",,
2024,Flavoured Cider,Cidernations,A Brut Cider,🥈 Silver,Active,Belgium,"<a href=""https://www.cidernations.com/"">Website</a>",,"<a href=""https://www.instagram.com/cidernations/"">Instagram</a>",,,
2024,Flavoured Cider,Groupe Geloso,Cidrerie Beaupré - Blueberry,🥈 Silver,Active,Canada,"<a href=""https://groupegeloso.com/"">Website</a>","<a href=""https://www.facebook.com/groupegeloso/"">Facebook</a>",,"<a href=""https://maps.google.com/?cid=14532853692172548925"">Google</a>",,
2024,Flavoured Cider,Het Hamerstuk,Appel-Peer-Johanniter,🥈 Silver,Active,Netherlands,"<a href=""https://hethamerstuk.nl/"">Website</a>","<a href=""https://www.facebook.com/HetHamerstuk/"">Facebook</a>","<a href=""https://www.instagram.com/hethamerstuk"">Instagram</a>","<a href=""https://maps.google.com/?cid=11584128023568770529"">Google</a>",,
2024,Flavoured Cider,Het Hamerstuk,Appel-Peer-Kwee,🥈 Silver,Active,Netherlands,"<a href=""https://hethamerstuk.nl/"">Website</a>","<a href=""https://www.facebook.com/HetHamerstuk/"">Facebook</a>","<a href=""https://www.instagram.com/hethamerstuk"">Instagram</a>","<a href=""https://maps.google.com/?cid=11584128023568770529"">Google</a>",,
2024,Flavoured Cider,Napton Cidery,Recipe No5,🥈 Silver,Active,England,"<a href=""https://www.naptoncidery.co.uk/"">Website</a>","<a href=""https://www.facebook.com/naptoncidery"">Facebook</a>","<a href=""https://www.instagram.com/naptoncidery/"">Instagram</a>","<a href=""https://maps.google.com/?cid=12009368832613245042"">Google</a>","<a href=""https://www.yelp.com/biz/napton-cidery-southam"">Yelp</a>","<a href=""https://www.tripadvisor.co.uk/Attraction_Review-g1763975-d12810677"">TripAdvisor</a>"
2024,Flavoured Cider,Once Upon A Tree Cider,Once Upon A Tree Medium,🥈 Silver,Active,England,"<a href=""https://haygrove-evolution.com/"">Website</a>","<a href=""https://www.facebook.com/pages/Once-Upon-A-Tree/10150098694340377"">Facebook</a>","<a href=""https://www.instagram.com/onceuponatree/"">Instagram</a>","<a href=""https://maps.google.com/?cid=12263515311660061269"">Google</a>",,
2024,Flavoured Cider,Sidra Somarroza,Biter Bio Somarroza,🥈 Silver,Active,Spain,"<a href=""https://sidrasomarroza.es/"">Website</a>","<a href=""https://www.facebook.com/sidrasomarroza"">Facebook</a>","<a href=""https://www.instagram.com/sidrasomarroza/"">Instagram</a>","<a href=""https://maps.google.com/?cid=7109045394192195825"">Google</a>",,
2024,Flavoured Cider,Brothers Drinks,Brothers Best of the Zest Cider,🥉 Bronze,Active,England,"<a href=""https://brotherscider.co.uk/"">Website</a>","<a href=""https://www.facebook.com/BrothersCider"">Facebook</a>","<a href=""https://www.instagram.com/brotherscider"">Instagram</a>","<a href=""https://maps.google.com/?cid=1454211960614674654"">Google</a>",,
2024,Flavoured Cider,Cydr Dwaj Bracia,Cortland Blanche,🥉 Bronze,Active,Poland,"<a href=""https://dwajbracia.pl/"">Website</a>","<a href=""https://www.facebook.com/profile.php?id=100094619362211"">Facebook</a>","<a href=""https://www.instagram.com/cydr_dwaj_bracia"">Instagram</a>",,,
2024,Flavoured Cider,La Mordue,La Mordue IPA,🥉 Bronze,Active,France,"<a href=""https://www.lamordue.fr/"">Website</a>","<a href=""https://www.facebook.com/ciderlamordue/"">Facebook</a>","<a href=""https://www.instagram.com/ciderlamordue/"">Instagram</a>","<a href=""https://maps.google.com/?cid=12531232480419391978"">Google</a>",,
2024,Flavoured Cider,Loïc Raison,Loïc Raison Houblon,🥉 Bronze,Active,France,"<a href=""https://www.loicraison.fr/"">Website</a>","<a href=""https://www.facebook.com/CidreLoicRaison/"">Facebook</a>","<a href=""https://www.instagram.com/loicraison/"">Instagram</a>","<a href=""https://maps.google.com/?cid=15768587504697904757"">Google</a>",,
2024,Flavoured Cider,Eiane Gard,2D,🥉 Bronze,Active,Norway,"<a href=""https://www.eianegard.no/"">Website</a>","<a href=""https://www.facebook.com/eianegard"">Facebook</a>","<a href=""https://www.instagram.com/eianegard/"">Instagram</a>","<a href=""https://maps.google.com/?cid=13089067596466030259"">Google</a>",,
2024,Flavoured Cider,Hitchcox Cider,Foxy Bramble,🥉 Bronze,Active,England,"<a href=""https://hitchcoxcider.co.uk/"">Website</a>","<a href=""https://www.facebook.com/HitchcoxCider/"">Facebook</a>","<a href=""https://www.instagram.com/hitchcox_cider/"">Instagram</a>","<a href=""https://maps.google.com/?cid=6038804049112704578"">Google</a>",,
2024,Flavoured Cider,Howie's Cider,Howie's Cider Peach,🥉 Bronze,Active,England,,,"<a href=""https://www.instagram.com/howiescider/"">Instagram</a>",,,
2024,Flavoured Cider,Kelterei Heil,Cooper's Dry Hopped,🥉 Bronze,Active,Germany,"<a href=""https://kelterei-heil.de/"">Website</a>","<a href=""https://www.facebook.com/keltereiheil/"">Facebook</a>","<a href=""https://www.instagram.com/keltereiheil"">Instagram</a>","<a href=""https://maps.google.com/?cid=18431477139160593371"">Google</a>",,
2024,Flavoured Cider,Once Upon A Tree Cider,Apple & Elderflower Cider,🥉 Bronze,Active,England,"<a href=""https://haygrove-evolution.com/"">Website</a>","<a href=""https://www.facebook.com/pages/Once-Upon-A-Tree/10150098694340377"">Facebook</a>","<a href=""https://www.instagram.com/onceuponatree/"">Instagram</a>","<a href=""https://maps.google.com/?cid=12263515311660061269"">Google</a>",,
2024,Flavoured Cider,Tālava,Apple Cider with Passion Fruit,🥉 Bronze,Active,Latvia,"<a href=""https://www.talava.lv/"">Website</a>","<a href=""https://www.facebook.com/talavassidrs"">Facebook</a>","<a href=""https://www.instagram.com/talavas_sidrs/"">Instagram</a>","<a href=""https://maps.google.com/?cid=16414834196985036378"">Google</a>",,
2024,Flavoured Cider,Cotswold Cider Company,Blow Horn Spiced Cider,🥉 Bronze,Active,England,"<a href=""https://www.cotswoldciderco.com/"">Website</a>","<a href=""https://www.facebook.com/CotswoldCiderCompany"">Facebook</a>","<a href=""https://www.instagram.com/cotswoldciderco/"">Instagram</a>",,,
2024,Flavoured Cider,Wild Harvest Brewing Company,L74 Craft Citrus Cider,🥉 Bronze,Active,India,"<a href=""https://l74.life/"">Website</a>",,"<a href=""https://www.instagram.com/l74_ciders/"">Instagram</a>","<a href=""https://maps.google.com/?cid=10553833652439506363"">Google</a>",,
2024,Ice Cider,Sidra Laberinto Patagonia,Patagonian Ice Cider,🥈 Silver,Active,Argentina,,"<a href=""https://www.facebook.com/sidrerialaberinto"">Facebook</a>","<a href=""https://www.instagram.com/sidralaberinto/"">Instagram</a>","<a href=""https://maps.google.com/?cid=12513681061761649729"">Google</a>",,
2024,Ice Cider,Restauracja Tabun,Tabun Cydr Lodowy 2020,🥈 Silver,Active,Poland,"<a href=""https://www.restauracjatabun.pl/"">Website</a>","<a href=""https://www.facebook.com/TABUNCYDR/"">Facebook</a>","<a href=""https://www.instagram.com/tabuncydr/"">Instagram</a>","<a href=""https://maps.google.com/?cid=13556304642115496222"">Google</a>",,"<a href=""https://www.tripadvisor.com/Restaurant_Review-g3222438-d2654599"">TripAdvisor</a>"
2024,Ice Cider,Restauracja Tabun,Tabun Lodowy 2020,🥈 Silver,Active,Poland,"<a href=""https://www.restauracjatabun.pl/"">Website</a>","<a href=""https://www.facebook.com/TABUNCYDR/"">Facebook</a>","<a href=""https://www.instagram.com/tabuncydr/"">Instagram</a>","<a href=""https://maps.google.com/?cid=13556304642115496222"">Google</a>",,"<a href=""https://www.tripadvisor.com/Restaurant_Review-g3222438-d2654599"">TripAdvisor</a>"
2024,Ice Cider,Veinimäe,Veinimäe Jääsiider,🥈 Silver,Active,Estonia,"<a href=""https://veinimae.ee/"">Website</a>","<a href=""https://www.facebook.com/veinimae"">Facebook</a>","<a href=""https://www.instagram.com/veinimae/"">Instagram</a>","<a href=""https://maps.google.com/?cid=8886313303772913711"">Google</a>",,
2024,Ice Cider,Neige,Neige,🥉 Bronze,Active,Canada,"<a href=""https://neige.co/"">Website</a>","<a href=""https://www.facebook.com/NEIGE.CO"">Facebook</a>","<a href=""https://www.instagram.com/neige_co"">Instagram</a>",,,
2024,Low and No Alcohol Cider,Cotswold Cider Company,Crafty Nectar 0.5,🏆 Trophy,Active,England,"<a href=""https://www.cotswoldciderco.com/"">Website</a>","<a href=""https://www.facebook.com/CotswoldCiderCompany"">Facebook</a>","<a href=""https://www.instagram.com/cotswoldciderco/"">Instagram</a>",,,
2024,Low and No Alcohol Cider,Cidentro Cider House,Cidentro Zero Point 5,🥉 Bronze,Active,England,"<a href=""https://www.cidentro.co.uk/"">Website</a>","<a href=""https://www.facebook.com/Cidentro/"">Facebook</a>","<a href=""https://www.instagram.com/cidentro_cider_house/"">Instagram</a>","<a href=""https://maps.google.com/?cid=5581663823600674011"">Google</a>",,
2024,Low and No Alcohol Cider,Thatchers Cider,Thatchers Zero,🥉 Bronze,Active,England,"<a href=""https://www.thatcherscider.co.uk/"">Website</a>","<a href=""https://www.facebook.com/ThatchersCiderCompany"">Facebook</a>","<a href=""https://www.instagram.com/thatcherscider/"">Instagram</a>","<a href=""https://maps.google.com/?cid=15191093037076298219"">Google</a>",,"<a href=""https://www.tripadvisor.com/Attraction_Review-g4412909-d11019728"">TripAdvisor</a>"
2024,Low and No Alcohol Cider,Cotswold Cider Company,Phantom Of The Orchard,🥉 Bronze,Active,England,"<a href=""https://www.cotswoldciderco.com/"">Website</a>","<a href=""https://www.facebook.com/CotswoldCiderCompany"">Facebook</a>","<a href=""https://www.instagram.com/cotswoldciderco/"">Instagram</a>",,,
2024,Low and No Alcohol Cider,Westons Cider,Stowford Press Low Alcohol Apple Cider,🥉 Bronze,Active,England,"<a href=""https://www.westons-cider.co.uk/"">Website</a>","<a href=""https://www.facebook.com/WestonsCiderMill"">Facebook</a>","<a href=""https://www.instagram.com/westonscider/"">Instagram</a>","<a href=""https://maps.google.com/?cid=11779156514256391794"">Google</a>",,"<a href=""https://www.tripadvisor.com/Attraction_Review-g186303-d218508"">TripAdvisor</a>"
2024,Naturally Sparkling Cider,Hitchcox Cider,Keeved Cider,🥈 Silver,Active,England,"<a href=""https://hitchcoxcider.co.uk/"">Website</a>","<a href=""https://www.facebook.com/HitchcoxCider/"">Facebook</a>","<a href=""https://www.instagram.com/hitchcox_cider/"">Instagram</a>","<a href=""https://maps.google.com/?cid=6038804049112704578"">Google</a>",,
2024,Naturally Sparkling Cider,J&R Armitage,Keeved Cider,🥈 Silver,Active,England,"<a href=""https://armitagesparklingwines.co.uk/"">Website</a>","<a href=""https://www.facebook.com/JRArmitage1/"">Facebook</a>","<a href=""https://www.instagram.com/jr_armitage/"">Instagram</a>",,,
2024,Naturally Sparkling Cider,Obst- & Weingut Brüggenwirth,Apfelgold Cider Farmhouse,🥈 Silver,Active,Germany,"<a href=""https://brueggenwirth.de/"">Website</a>","<a href=""https://www.facebook.com/obsthofbrueggenwirth"">Facebook</a>","<a href=""https://www.instagram.com/obsthofbrueggenwirth/"">Instagram</a>","<a href=""https://maps.google.com/?cid=5975244823985496105"">Google</a>",,
2024,Naturally Sparkling Cider,Sidra Laberinto Patagonia,Sidra Laberinto Patagonia,🥈 Silver,Active,Argentina,,"<a href=""https://www.facebook.com/sidrerialaberinto"">Facebook</a>","<a href=""https://www.instagram.com/sidralaberinto/"">Instagram</a>","<a href=""https://maps.google.com/?cid=12513681061761649729"">Google</a>",,
2024,Naturally Sparkling Cider,Tinston Wines & Ciders,Strange Lady Cider 2022,🥈 Silver,Active,England,"<a href=""https://tinstonwinecider.com/"">Website</a>","<a href=""https://www.facebook.com/tinstonwinecider/"">Facebook</a>","<a href=""https://www.instagram.com/tinstonwinecider/"">Instagram</a>","<a href=""https://maps.google.com/?cid=11983981920527513059"">Google</a>",,
2024,Naturally Sparkling Cider,Bi-Marct,Big Shot Paw Paw,🥉 Bronze,Active,Croatia,,"<a href=""https://www.facebook.com/bimarct.croatia/"">Facebook</a>",,,,
2024,Naturally Sparkling Cider,Eiane Gard,Fyndig,🥉 Bronze,Active,Norway,"<a href=""https://www.eianegard.no/"">Website</a>","<a href=""https://www.facebook.com/eianegard"">Facebook</a>","<a href=""https://www.instagram.com/eianegard/"">Instagram</a>","<a href=""https://maps.google.com/?cid=13089067596466030259"">Google</a>",,
2024,Naturally Sparkling Cider,Sidra Somarroza,Sidra Espumosa Dulce,🥉 Bronze,Active,Spain,"<a href=""https://sidrasomarroza.es/"">Website</a>","<a href=""https://www.facebook.com/sidrasomarroza"">Facebook</a>","<a href=""https://www.instagram.com/sidrasomarroza/"">Instagram</a>","<a href=""https://maps.google.com/?cid=7109045394192195825"">Google</a>",,
2024,Naturally Sparkling Cider,Tinston Wines & Ciders,Tinston Best 2021,🥉 Bronze,Active,England,"<a href=""https://tinstonwinecider.com/"">Website</a>","<a href=""https://www.facebook.com/tinstonwinecider/"">Facebook</a>","<a href=""https://www.instagram.com/tinstonwinecider/"">Instagram</a>","<a href=""https://maps.google.com/?cid=11983981920527513059"">Google</a>",,
2024,Pear Cider & Perry,Obst- & Weingut Brüggenwirth,Apfelgold Cider Perry,🏆 Trophy,Active,Germany,"<a href=""https://brueggenwirth.de/"">Website</a>","<a href=""https://www.facebook.com/obsthofbrueggenwirth"">Facebook</a>","<a href=""https://www.instagram.com/obsthofbrueggenwirth/"">Instagram</a>","<a href=""https://maps.google.com/?cid=5975244823985496105"">Google</a>",,
2024,Pear Cider & Perry,Der Kleine Cidre Betrieb,Sommerberg 2023,🥉 Bronze,Active,Germany,"<a href=""https://www.cidre-betrieb.de/"">Website</a>",,"<a href=""https://www.instagram.com/der.kleine.cidre.betrieb/"">Instagram</a>",,,
2024,Rosé Cider,Biddenden Vineyards,Biddies Kentish Kiss,🏆 Trophy,Active,England,"<a href=""https://biddendenvineyards.com/"">Website</a>","<a href=""https://www.facebook.com/BiddendenVineyard"">Facebook</a>","<a href=""https://www.instagram.com/biddendenvineyard/"">Instagram</a>","<a href=""https://maps.google.com/?cid=13309985689707675393"">Google</a>",,"<a href=""https://www.tripadvisor.com/Attraction_Review-g503896-d2103288"">TripAdvisor</a>"
2024,Rosé Cider,Tamba Wine,Sadaharu Aoki Saya 2023,🥈 Silver,Active,Japan,"<a href=""https://www.tambawine.com/"">Website</a>",,"<a href=""https://www.instagram.com/tambawine/"">Instagram</a>","<a href=""https://maps.google.com/?cid=4151597861563398596"">Google</a>",,"<a href=""https://www.tripadvisor.com/Attraction_Review-g1121285-d554666"">TripAdvisor</a>"
2024,Rosé Cider,Écusson,Ecusson Rosé,🥉 Bronze,Active,France,"<a href=""https://www.cidre-ecusson.com/"">Website</a>","<a href=""https://www.facebook.com/CidreEcusson/"">Facebook</a>","<a href=""https://www.instagram.com/cidreecusson/"">Instagram</a>",,,
2024,Rosé Cider,Restauracja Tabun,Tabun Rose,🥉 Bronze,Active,Poland,"<a href=""https://www.restauracjatabun.pl/"">Website</a>","<a href=""https://www.facebook.com/TABUNCYDR/"">Facebook</a>","<a href=""https://www.instagram.com/tabuncydr/"">Instagram</a>","<a href=""https://maps.google.com/?cid=13556304642115496222"">Google</a>",,"<a href=""https://www.tripadvisor.com/Restaurant_Review-g3222438-d2654599"">TripAdvisor</a>"
2024,Spanish Cider,Sidra Somarroza,Sidra Natural Somarroza,🥈 Silver,Active,Spain,"<a href=""https://sidrasomarroza.es/"">Website</a>","<a href=""https://www.facebook.com/sidrasomarroza"">Facebook</a>","<a href=""https://www.instagram.com/sidrasomarroza/"">Instagram</a>","<a href=""https://maps.google.com/?cid=7109045394192195825"">Google</a>",,
2024,Speciality Cider,Wild Harvest Brewing Company,L74 Craft Apple Cider,🥈 Silver,Active,India,"<a href=""https://l74.life/"">Website</a>",,"<a href=""https://www.instagram.com/l74_ciders/"">Instagram</a>","<a href=""https://maps.google.com/?cid=10553833652439506363"">Google</a>",,
2024,Speciality Cider,Wisdom Wines,No24 Broomham Cider,🥈 Silver,Active,England,"<a href=""https://wisdom-wines.co.uk/"">Website</a>",,,,,
2024,Speciality Cider,Arba Wine,Adem Alma Special Label 2023,🥉 Bronze,Active,Kazakhstan,"<a href=""https://arbawine.com/"">Website</a>","<a href=""https://www.facebook.com/ArbaWine.Kazakhstan/"">Facebook</a>","<a href=""https://www.instagram.com/arba_wine/"">Instagram</a>","<a href=""https://maps.google.com/?cid=9591225049119199140"">Google</a>",,"<a href=""https://www.tripadvisor.com/Attraction_Review-g298251-d10130564"">TripAdvisor</a>"
2024,Speciality Cider,Coles Liquor Group,Mr Finch Apple Lower Sugar Cider,🥉 Bronze,Active,Australia,"<a href=""https://www.coles.com.au/"">Website</a>",,,,,
2024,Speciality Cider,J&R Armitage,The First Law,🥉 Bronze,Active,England,"<a href=""https://armitagesparklingwines.co.uk/"">Website</a>","<a href=""https://www.facebook.com/JRArmitage1/"">Facebook</a>","<a href=""https://www.instagram.com/jr_armitage/"">Instagram</a>",,,
2024,Tannin Led Cider,Cotswold Cider Company,Cotswold Prime Cider,🏆 Trophy,Active,England,"<a href=""https://www.cotswoldciderco.com/"">Website</a>","<a href=""https://www.facebook.com/CotswoldCiderCompany"">Facebook</a>","<a href=""https://www.instagram.com/cotswoldciderco/"">Instagram</a>",,,
2024,Tannin Led Cider,Aston Manor Cider,Friels First Press Vintage Cider,🥈 Silver,Active,England,"<a href=""https://www.astonmanor.co.uk/"">Website</a>",,,"<a href=""https://maps.google.com/?cid=8328306569280299730"">Google</a>",,
2024,Tannin Led Cider,Cidentro Cider House,Cidentro Medium Cider,🥈 Silver,Active,England,"<a href=""https://www.cidentro.co.uk/"">Website</a>","<a href=""https://www.facebook.com/Cidentro/"">Facebook</a>","<a href=""https://www.instagram.com/cidentro_cider_house/"">Instagram</a>","<a href=""https://maps.google.com/?cid=5581663823600674011"">Google</a>",,
2024,Tannin Led Cider,Cidre Viard-Bayeux,"Bayeux Edouard, Le Généreux",🥈 Silver,Active,France,"<a href=""https://cidrebayeux.com/"">Website</a>","<a href=""https://www.facebook.com/CidresBayeux"">Facebook</a>","<a href=""https://www.instagram.com/cidrerie_bayeux/"">Instagram</a>","<a href=""https://maps.google.com/?cid=13233255599279949282"">Google</a>",,"<a href=""https://www.tripadvisor.com/Attraction_Review-g187181-d3454062"">TripAdvisor</a>"
2024,Tannin Led Cider,Loïc Raison,Bolée d'Armorique Traditionnel,🥈 Silver,Active,France,"<a href=""https://www.loicraison.fr/"">Website</a>","<a href=""https://www.facebook.com/CidreLoicRaison/"">Facebook</a>","<a href=""https://www.instagram.com/loicraison/"">Instagram</a>","<a href=""https://maps.google.com/?cid=15768587504697904757"">Google</a>",,
2024,Tannin Led Cider,Écusson,Ecusson Doux,🥈 Silver,Active,France,"<a href=""https://www.cidre-ecusson.com/"">Website</a>","<a href=""https://www.facebook.com/CidreEcusson/"">Facebook</a>","<a href=""https://www.instagram.com/cidreecusson/"">Instagram</a>",,,
2024,Tannin Led Cider,Hitchcox Cider,Medium Cider,🥈 Silver,Active,England,"<a href=""https://hitchcoxcider.co.uk/"">Website</a>","<a href=""https://www.facebook.com/HitchcoxCider/"">Facebook</a>","<a href=""https://www.instagram.com/hitchcox_cider/"">Instagram</a>","<a href=""https://maps.google.com/?cid=6038804049112704578"">Google</a>",,
2024,Tannin Led Cider,Mistérios da Quinta,aRRebITa - Sidra da Madeira IG - C4/2021,🥈 Silver,Active,Portugal,,,"<a href=""https://www.instagram.com/sidrariaprazeres/"">Instagram</a>",,,
2024,Tannin Led Cider,Napton Cidery,Recipe No6,🥈 Silver,Active,England,"<a href=""https://www.naptoncidery.co.uk/"">Website</a>","<a href=""https://www.facebook.com/naptoncidery"">Facebook</a>","<a href=""https://www.instagram.com/naptoncidery/"">Instagram</a>","<a href=""https://maps.google.com/?cid=12009368832613245042"">Google</a>","<a href=""https://www.yelp.com/biz/napton-cidery-southam"">Yelp</a>","<a href=""https://www.tripadvisor.co.uk/Attraction_Review-g1763975-d12810677"">TripAdvisor</a>"
2024,Tannin Led Cider,Aston Manor Cider,Malvern Gold,🥉 Bronze,Active,England,"<a href=""https://www.astonmanor.co.uk/"">Website</a>",,,"<a href=""https://maps.google.com/?cid=8328306569280299730"">Google</a>",,
2024,Tannin Led Cider,Bere Cider Company,Yarlington Mill,🥉 Bronze,Active,England,"<a href=""https://www.berecidercompany.com/"">Website</a>","<a href=""https://www.facebook.com/BereCiderCompany/"">Facebook</a>","<a href=""https://www.instagram.com/berecidercompany"">Instagram</a>","<a href=""https://maps.google.com/?cid=12375160692646889429"">Google</a>",,"<a href=""https://www.tripadvisor.com/Attraction_Review-g663809-d8367995"">TripAdvisor</a>"
2024,Tannin Led Cider,BumbleBee Cider,BumbleBee Craft,🥉 Bronze,Active,England,"<a href=""https://bumblebeecider.co.uk/"">Website</a>","<a href=""https://www.facebook.com/BumbleBeeCider/"">Facebook</a>","<a href=""https://www.instagram.com/bbcider/"">Instagram</a>","<a href=""https://maps.google.com/?cid=4431874365897070889"">Google</a>",,
2024,Tannin Led Cider,Cidentro Cider House,Cidentro Dry Cider,🥉 Bronze,Active,England,"<a href=""https://www.cidentro.co.uk/"">Website</a>","<a href=""https://www.facebook.com/Cidentro/"">Facebook</a>","<a href=""https://www.instagram.com/cidentro_cider_house/"">Instagram</a>","<a href=""https://maps.google.com/?cid=5581663823600674011"">Google</a>",,
2024,Tannin Led Cider,Dunkertons Cider and Perry,Organic Black Fox,🥉 Bronze,Active,England,"<a href=""https://www.dunkertonscider.co.uk/"">Website</a>","<a href=""https://www.facebook.com/dunkertonsorganiccider/"">Facebook</a>","<a href=""https://www.instagram.com/dunkertonscider/"">Instagram</a>","<a href=""https://maps.google.com/?cid=4719921113153419800"">Google</a>",,
2024,Tannin Led Cider,Cidre Viard-Bayeux,"Bayeux Guillaume, Le Puissant",🥉 Bronze,Active,France,"<a href=""https://cidrebayeux.com/"">Website</a>","<a href=""https://www.facebook.com/CidresBayeux"">Facebook</a>","<a href=""https://www.instagram.com/cidrerie_bayeux/"">Instagram</a>","<a href=""https://maps.google.com/?cid=13233255599279949282"">Google</a>",,"<a href=""https://www.tripadvisor.com/Attraction_Review-g187181-d3454062"">TripAdvisor</a>"
2024,Tannin Led Cider,Cidre Viard-Bayeux,"Bayeux Odon, L'Inattendu",🥉 Bronze,Active,France,"<a href=""https://cidrebayeux.com/"">Website</a>","<a href=""https://www.facebook.com/CidresBayeux"">Facebook</a>","<a href=""https://www.instagram.com/cidrerie_bayeux/"">Instagram</a>","<a href=""https://maps.google.com/?cid=13233255599279949282"">Google</a>",,"<a href=""https://www.tripadvisor.com/Attraction_Review-g187181-d3454062"">TripAdvisor</a>"
2024,Tannin Led Cider,Loïc Raison,Bolée d'Armorique Brut,🥉 Bronze,Active,France,"<a href=""https://www.loicraison.fr/"">Website</a>","<a href=""https://www.facebook.com/CidreLoicRaison/"">Facebook</a>","<a href=""https://www.instagram.com/loicraison/"">Instagram</a>","<a href=""https://maps.google.com/?cid=15768587504697904757"">Google</a>",,
2024,Tannin Led Cider,Loïc Raison,Bolée d'Armorique Doux,🥉 Bronze,Active,France,"<a href=""https://www.loicraison.fr/"">Website</a>","<a href=""https://www.facebook.com/CidreLoicRaison/"">Facebook</a>","<a href=""https://www.instagram.com/loicraison/"">Instagram</a>","<a href=""https://maps.google.com/?cid=15768587504697904757"">Google</a>",,
2024,Tannin Led Cider,Écusson,Ecusson Brut,🥉 Bronze,Active,France,"<a href=""https://www.cidre-ecusson.com/"">Website</a>","<a href=""https://www.facebook.com/CidreEcusson/"">Facebook</a>","<a href=""https://www.instagram.com/cidreecusson/"">Instagram</a>",,,
2024,Tannin Led Cider,Loïc Raison,Loïc Raison Brut,🥉 Bronze,Active,France,"<a href=""https://www.loicraison.fr/"">Website</a>","<a href=""https://www.facebook.com/CidreLoicRaison/"">Facebook</a>","<a href=""https://www.instagram.com/loicraison/"">Instagram</a>","<a href=""https://maps.google.com/?cid=15768587504697904757"">Google</a>",,
2024,Tannin Led Cider,Loïc Raison,Loïc Raison Dégustation,🥉 Bronze,Active,France,"<a href=""https://www.loicraison.fr/"">Website</a>","<a href=""https://www.facebook.com/CidreLoicRaison/"">Facebook</a>","<a href=""https://www.instagram.com/loicraison/"">Instagram</a>","<a href=""https://maps.google.com/?cid=15768587504697904757"">Google</a>",,
2024,Tannin Led Cider,Loïc Raison,Loïc Raison Doux,🥉 Bronze,Active,France,"<a href=""https://www.loicraison.fr/"">Website</a>","<a href=""https://www.facebook.com/CidreLoicRaison/"">Facebook</a>","<a href=""https://www.instagram.com/loicraison/"">Instagram</a>","<a href=""https://maps.google.com/?cid=15768587504697904757"">Google</a>",,
2024,Tannin Led Cider,Loïc Raison,Loïc Raison Traditionnel,🥉 Bronze,Active,France,"<a href=""https://www.loicraison.fr/"">Website</a>","<a href=""https://www.facebook.com/CidreLoicRaison/"">Facebook</a>","<a href=""https://www.instagram.com/loicraison/"">Instagram</a>","<a href=""https://maps.google.com/?cid=15768587504697904757"">Google</a>",,
2024,Tannin Led Cider,Mistérios da Quinta,aRRebITa - Sidra da Madeira IG - C3/2022~3,🥉 Bronze,Active,Portugal,,,"<a href=""https://www.instagram.com/sidrariaprazeres/"">Instagram</a>",,,
2024,Tannin Led Cider,Napton Cidery,Recipe No4,🥉 Bronze,Active,England,"<a href=""https://www.naptoncidery.co.uk/"">Website</a>","<a href=""https://www.facebook.com/naptoncidery"">Facebook</a>","<a href=""https://www.instagram.com/naptoncidery/"">Instagram</a>","<a href=""https://maps.google.com/?cid=12009368832613245042"">Google</a>","<a href=""https://www.yelp.com/biz/napton-cidery-southam"">Yelp</a>","<a href=""https://www.tripadvisor.co.uk/Attraction_Review-g1763975-d12810677"">TripAdvisor</a>"
2024,Tannin Led Cider,Sandford Orchards,Sandford Reserve,🥉 Bronze,Active,England,"<a href=""https://www.sandfordorchards.co.uk/"">Website</a>","<a href=""https://www.facebook.com/sandfordorchards"">Facebook</a>","<a href=""https://www.instagram.com/sandfordorchards/"">Instagram</a>","<a href=""https://maps.google.com/?cid=2784404680033020235"">Google</a>",,"<a href=""https://www.tripadvisor.com/Attraction_Review-g635675-d14758900"">TripAdvisor</a>"
2024,Tannin Led Cider,Sandford Orchards,The General,🥉 Bronze,Active,England,"<a href=""https://www.sandfordorchards.co.uk/"">Website</a>","<a href=""https://www.facebook.com/sandfordorchards"">Facebook</a>","<a href=""https://www.instagram.com/sandfordorchards/"">Instagram</a>","<a href=""https://maps.google.com/?cid=2784404680033020235"">Google</a>",,"<a href=""https://www.tripadvisor.com/Attraction_Review-g635675-d14758900"">TripAdvisor</a>"
2024,Tannin Led Cider,Thatchers Cider,Thatchers Vintage,🥉 Bronze,Active,England,"<a href=""https://www.thatcherscider.co.uk/"">Website</a>","<a href=""https://www.facebook.com/ThatchersCiderCompany"">Facebook</a>","<a href=""https://www.instagram.com/thatcherscider/"">Instagram</a>","<a href=""https://maps.google.com/?cid=15191093037076298219"">Google</a>",,"<a href=""https://www.tripadvisor.com/Attraction_Review-g4412909-d11019728"">TripAdvisor</a>"
2024,Tannin Led Cider,Westons Cider,Henry Westons Vintage Cider,🥉 Bronze,Active,England,"<a href=""https://www.westons-cider.co.uk/"">Website</a>","<a href=""https://www.facebook.com/WestonsCiderMill"">Facebook</a>","<a href=""https://www.instagram.com/westonscider/"">Instagram</a>","<a href=""https://maps.google.com/?cid=11779156514256391794"">Google</a>",,"<a href=""https://www.tripadvisor.com/Attraction_Review-g186303-d218508"">TripAdvisor</a>"
2024,Wood Aged Cider,Bignose & Beardy,Scraping the Barrel,🥈 Silver,Active,England,"<a href=""https://bignoseandbeardy.com/"">Website</a>","<a href=""https://www.facebook.com/bignoseandbeardy/"">Facebook</a>","<a href=""https://www.instagram.com/bignosebeardy/"">Instagram</a>","<a href=""https://maps.google.com/?cid=15761729958801782355"">Google</a>",,
2024,Wood Aged Cider,Het Hamerstuk,Appel-Peer,🥉 Bronze,Active,Netherlands,"<a href=""https://hethamerstuk.nl/"">Website</a>","<a href=""https://www.facebook.com/HetHamerstuk/"">Facebook</a>","<a href=""https://www.instagram.com/hethamerstuk"">Instagram</a>","<a href=""https://maps.google.com/?cid=11584128023568770529"">Google</a>",,
2024,Wood Aged Cider,Mistérios da Quinta,aRRebITa - Sidra da Madeira - CM,🥉 Bronze,Active,Portugal,,,"<a href=""https://www.instagram.com/sidrariaprazeres/"">Instagram</a>",,,
