WID,ID,Year,Category,Medalist,Product,Award,Region,Country,Status,Website,Facebook,Instagram,Google,Yelp,TripAdvisor,Untappd
67,2,2014,New World Cider,2 Towns Ciderhouse,Traditions Ciderworks 2011 Riverwood Brut,🥇 Gold,Oregon,United States,Active,"<a href=""http://www.2townsciderhouse.com/"">Website</a>","<a href=""https://www.facebook.com/2townsciderhouse"">Facebook</a>","<a href=""https://www.instagram.com/2townscider/"">Instagram</a>","<a href=""https://maps.google.com/?cid=10429935694700508047"">Google</a>","<a href=""https://www.yelp.com/biz/2-towns-ciderhouse-corvallis"">Yelp</a>","<a href=""https://www.tripadvisor.com/Attraction_Review-g51817-d3417221"">TripAdvisor</a>","<a href=""https://untappd.com/w/2-towns-ciderhouse/12975"">Untappd</a>"
87,3,2014,New World Cider,Angry Orchard,Angry Orchard Green Apple,🥈 Silver,New York,United States,Active,"<a href=""https://www.angryorchard.com/"">Website</a>","<a href=""https://www.facebook.com/AngryOrchard/"">Facebook</a>","<a href=""https://www.instagram.com/angryorchard/"">Instagram</a>","<a href=""https://maps.google.com/?cid=17467507983407382578"">Google</a>","<a href=""https://www.yelp.com/biz/angry-orchard-walden-2"">Yelp</a>","<a href=""https://www.tripadvisor.com/Attraction_Review-g48788-d10266026"">TripAdvisor</a>","<a href=""https://untappd.com/w/angry-orchard-cider-company/16455"">Untappd</a>"
1085,4,2014,New World Cider,Sonoma Cider,The Hatchet,🥉 Bronze,California,United States,Active,"<a href=""https://www.sonomacider.com/"">Website</a>","<a href=""https://www.facebook.com/SonomaCider"">Facebook</a>","<a href=""https://www.instagram.com/sonomacider/"">Instagram</a>","<a href=""https://maps.google.com/?cid=17157123449258669495"">Google</a>","<a href=""https://www.yelp.com/biz/full-circle-brewing-company-fresno"">Yelp</a>","<a href=""https://www.tripadvisor.com/Restaurant_Review-g32414-d4441140"">TripAdvisor</a>","<a href=""https://untappd.com/SonomaCider"">Untappd</a>"
87,5,2014,English Cider,Angry Orchard,Angry Orchard Tradtional Cider,🥇 Gold,New York,United States,Active,"<a href=""https://www.angryorchard.com/"">Website</a>","<a href=""https://www.facebook.com/AngryOrchard/"">Facebook</a>","<a href=""https://www.instagram.com/angryorchard/"">Instagram</a>","<a href=""https://maps.google.com/?cid=17467507983407382578"">Google</a>","<a href=""https://www.yelp.com/biz/angry-orchard-walden-2"">Yelp</a>","<a href=""https://www.tripadvisor.com/Attraction_Review-g48788-d10266026"">TripAdvisor</a>","<a href=""https://untappd.com/w/angry-orchard-cider-company/16455"">Untappd</a>"
196,6,2014,English Cider,Ciderboys,Ciderboys First Press,🥈 Silver,Wisconsin,United States,Active,"<a href=""http://www.ciderboys.com/"">Website</a>","<a href=""https://www.facebook.com/Ciderboys"">Facebook</a>","<a href=""https://www.instagram.com/Ciderboys/"">Instagram</a>","<a href=""https://maps.google.com/?cid=1756122992587390562"">Google</a>","<a href=""https://www.yelp.com/biz/stevens-point-brewery-stevens-point"">Yelp</a>","<a href=""https://www.tripadvisor.com/Attraction_Review-g60304-d2265035"">TripAdvisor</a>","<a href=""https://untappd.com/w/ciderboys-hard-cider/44552"">Untappd</a>"
196,7,2014,Specialty,Ciderboys,Ciderboys Peach County,🥇 Gold,Wisconsin,United States,Active,"<a href=""http://www.ciderboys.com/"">Website</a>","<a href=""https://www.facebook.com/Ciderboys"">Facebook</a>","<a href=""https://www.instagram.com/Ciderboys/"">Instagram</a>","<a href=""https://maps.google.com/?cid=1756122992587390562"">Google</a>","<a href=""https://www.yelp.com/biz/stevens-point-brewery-stevens-point"">Yelp</a>","<a href=""https://www.tripadvisor.com/Attraction_Review-g60304-d2265035"">TripAdvisor</a>","<a href=""https://untappd.com/w/ciderboys-hard-cider/44552"">Untappd</a>"
197,8,2014,Specialty,Cigar City Cider & Mead,Cigar City Cider Homemade Apple Pie,🥇 Gold,Florida,United States,Active,"<a href=""http://www.cigarcitycider.com/"">Website</a>","<a href=""https://www.facebook.com/CigarCityCider"">Facebook</a>","<a href=""https://www.instagram.com/cigarcitycider/"">Instagram</a>","<a href=""https://maps.google.com/?cid=105555702494086229"">Google</a>","<a href=""https://www.yelp.com/biz/cigar-city-brewing-tampa"">Yelp</a>","<a href=""https://www.tripadvisor.com/Attraction_Review-g34678-d4508513"">TripAdvisor</a>","<a href=""https://untappd.com/w/cigar-city-cider-and-mead/51632"">Untappd</a>"
3177,9,2014,Specialty,Groupe Geloso,London Calling,🥈 Silver,Quebec,Canada,Active,"<a href=""https://groupegeloso.com/"">Website</a>","<a href=""https://www.facebook.com/groupegeloso/"">Facebook</a>",,"<a href=""https://maps.google.com/?cid=14532853692172548925"">Google</a>",,,"<a href=""https://untappd.com/w/cidre-beaupre-groupe-geloso/21487"">Untappd</a>"
87,10,2014,Specialty,Angry Orchard,Angry Orchard Apple Ginger,🥉 Bronze,New York,United States,Active,"<a href=""https://www.angryorchard.com/"">Website</a>","<a href=""https://www.facebook.com/AngryOrchard/"">Facebook</a>","<a href=""https://www.instagram.com/angryorchard/"">Instagram</a>","<a href=""https://maps.google.com/?cid=17467507983407382578"">Google</a>","<a href=""https://www.yelp.com/biz/angry-orchard-walden-2"">Yelp</a>","<a href=""https://www.tripadvisor.com/Attraction_Review-g48788-d10266026"">TripAdvisor</a>","<a href=""https://untappd.com/w/angry-orchard-cider-company/16455"">Untappd</a>"
67,11,2015,New World Cider,2 Towns Ciderhouse,OutCider,🥇 Gold,Oregon,United States,Active,"<a href=""http://www.2townsciderhouse.com/"">Website</a>","<a href=""https://www.facebook.com/2townsciderhouse"">Facebook</a>","<a href=""https://www.instagram.com/2townscider/"">Instagram</a>","<a href=""https://maps.google.com/?cid=10429935694700508047"">Google</a>","<a href=""https://www.yelp.com/biz/2-towns-ciderhouse-corvallis"">Yelp</a>","<a href=""https://www.tripadvisor.com/Attraction_Review-g51817-d3417221"">TripAdvisor</a>","<a href=""https://untappd.com/w/2-towns-ciderhouse/12975"">Untappd</a>"
87,12,2015,New World Cider,Angry Orchard,Angry Orchard Crisp Apple,🥈 Silver,New York,United States,Active,"<a href=""https://www.angryorchard.com/"">Website</a>","<a href=""https://www.facebook.com/AngryOrchard/"">Facebook</a>","<a href=""https://www.instagram.com/angryorchard/"">Instagram</a>","<a href=""https://maps.google.com/?cid=17467507983407382578"">Google</a>","<a href=""https://www.yelp.com/biz/angry-orchard-walden-2"">Yelp</a>","<a href=""https://www.tripadvisor.com/Attraction_Review-g48788-d10266026"">TripAdvisor</a>","<a href=""https://untappd.com/w/angry-orchard-cider-company/16455"">Untappd</a>"
664,13,2015,New World Cider,Vermont Cider Company,Woodchuck Amber,🥉 Bronze,Vermont,United States,Active,"<a href=""http://www.woodchuck.com/"">Website</a>","<a href=""https://www.facebook.com/WoodchuckCider"">Facebook</a>","<a href=""https://www.instagram.com/woodchuckcider/"">Instagram</a>","<a href=""https://maps.google.com/?cid=9402882086420367798"">Google</a>","<a href=""https://www.yelp.com/biz/woodchuck-hard-cidery-middlebury"">Yelp</a>","<a href=""https://www.tripadvisor.com/Attraction_Review-g57245-d7022345"">TripAdvisor</a>","<a href=""https://untappd.com/w/woodchuck-cidery/611"">Untappd</a>"
1119,14,2015,English Cider,Thatchers Cider,Thatchers Gold,🥇 Gold,Somerset,England,Active,"<a href=""https://www.thatcherscider.co.uk/"">Website</a>","<a href=""https://www.facebook.com/ThatchersCiderCompany"">Facebook</a>","<a href=""https://www.instagram.com/thatcherscider/"">Instagram</a>","<a href=""https://maps.google.com/?cid=15191093037076298219"">Google</a>",,"<a href=""https://www.tripadvisor.com/Attraction_Review-g4412909-d11019728"">TripAdvisor</a>","<a href=""https://untappd.com/brewery/3063"">Untappd</a>"
2252,15,2015,English Cider,Caribé Tropical Hard Cider,Kelly's Traditional Hard Cider,🥈 Silver,Florida,United States,Active,"<a href=""https://caribbreweryusa.com/"">Website</a>","<a href=""https://www.facebook.com/people/Carib-Brewery-USA/100071513900968/"">Facebook</a>",,"<a href=""https://maps.google.com/?cid=5794166466253271261"">Google</a>","<a href=""https://www.yelp.com/biz/carib-brewery-usa-cape-canaveral"">Yelp</a>",,"<a href=""https://untappd.com/floridabeer"">Untappd</a>"
196,16,2015,English Cider,Ciderboys,Ciderboys First Press,🥉 Bronze,Wisconsin,United States,Active,"<a href=""http://www.ciderboys.com/"">Website</a>","<a href=""https://www.facebook.com/Ciderboys"">Facebook</a>","<a href=""https://www.instagram.com/Ciderboys/"">Instagram</a>","<a href=""https://maps.google.com/?cid=1756122992587390562"">Google</a>","<a href=""https://www.yelp.com/biz/stevens-point-brewery-stevens-point"">Yelp</a>","<a href=""https://www.tripadvisor.com/Attraction_Review-g60304-d2265035"">TripAdvisor</a>","<a href=""https://untappd.com/w/ciderboys-hard-cider/44552"">Untappd</a>"
67,17,2015,New England Cider,2 Towns Ciderhouse,Bad Apple,🥇 Gold,Oregon,United States,Active,"<a href=""http://www.2townsciderhouse.com/"">Website</a>","<a href=""https://www.facebook.com/2townsciderhouse"">Facebook</a>","<a href=""https://www.instagram.com/2townscider/"">Instagram</a>","<a href=""https://maps.google.com/?cid=10429935694700508047"">Google</a>","<a href=""https://www.yelp.com/biz/2-towns-ciderhouse-corvallis"">Yelp</a>","<a href=""https://www.tripadvisor.com/Attraction_Review-g51817-d3417221"">TripAdvisor</a>","<a href=""https://untappd.com/w/2-towns-ciderhouse/12975"">Untappd</a>"
87,18,2015,New England Cider,Angry Orchard,Angry Orchard Green Apple,🥈 Silver,New York,United States,Active,"<a href=""https://www.angryorchard.com/"">Website</a>","<a href=""https://www.facebook.com/AngryOrchard/"">Facebook</a>","<a href=""https://www.instagram.com/angryorchard/"">Instagram</a>","<a href=""https://maps.google.com/?cid=17467507983407382578"">Google</a>","<a href=""https://www.yelp.com/biz/angry-orchard-walden-2"">Yelp</a>","<a href=""https://www.tripadvisor.com/Attraction_Review-g48788-d10266026"">TripAdvisor</a>","<a href=""https://untappd.com/w/angry-orchard-cider-company/16455"">Untappd</a>"
197,19,2015,Fruit,Cigar City Cider & Mead,Rambunctious,🥇 Gold,Florida,United States,Active,"<a href=""http://www.cigarcitycider.com/"">Website</a>","<a href=""https://www.facebook.com/CigarCityCider"">Facebook</a>","<a href=""https://www.instagram.com/cigarcitycider/"">Instagram</a>","<a href=""https://maps.google.com/?cid=105555702494086229"">Google</a>","<a href=""https://www.yelp.com/biz/cigar-city-brewing-tampa"">Yelp</a>","<a href=""https://www.tripadvisor.com/Attraction_Review-g34678-d4508513"">TripAdvisor</a>","<a href=""https://untappd.com/w/cigar-city-cider-and-mead/51632"">Untappd</a>"
179,20,2015,Fruit,ACE Cider,Ace Pineapple Hard Cider,🥈 Silver,California,United States,Active,"<a href=""http://www.acecider.com/"">Website</a>","<a href=""https://www.facebook.com/AceCider"">Facebook</a>","<a href=""https://www.instagram.com/acecider/"">Instagram</a>",,"<a href=""https://www.yelp.com/biz/ace-premium-hard-ciders-sebastopol"">Yelp</a>","<a href=""https://www.tripadvisor.com/Attraction_Review-g33069-d3626497"">TripAdvisor</a>","<a href=""https://untappd.com/w/ace-cider-the-california-cider-company/331"">Untappd</a>"
196,21,2015,Fruit,Ciderboys,Ciderboys Grand Mimosa,🥉 Bronze,Wisconsin,United States,Active,"<a href=""http://www.ciderboys.com/"">Website</a>","<a href=""https://www.facebook.com/Ciderboys"">Facebook</a>","<a href=""https://www.instagram.com/Ciderboys/"">Instagram</a>","<a href=""https://maps.google.com/?cid=1756122992587390562"">Google</a>","<a href=""https://www.yelp.com/biz/stevens-point-brewery-stevens-point"">Yelp</a>","<a href=""https://www.tripadvisor.com/Attraction_Review-g60304-d2265035"">TripAdvisor</a>","<a href=""https://untappd.com/w/ciderboys-hard-cider/44552"">Untappd</a>"
229,22,2015,Spiced,d's Wicked Cider,Baked Apple,🥇 Gold,Washington,United States,Active,"<a href=""http://dswickedcider.com/"">Website</a>","<a href=""https://www.facebook.com/dswickedcider/"">Facebook</a>","<a href=""https://www.instagram.com/dswickedciderco/"">Instagram</a>","<a href=""https://maps.google.com/?cid=2860292587896986843"">Google</a>","<a href=""https://www.yelp.com/biz/sun-river-vintners-kennewick"">Yelp</a>","<a href=""https://www.tripadvisor.com/Attraction_Review-g58536-d13007264"">TripAdvisor</a>","<a href=""https://untappd.com/w/ds-wicked-cider/158215"">Untappd</a>"
67,23,2015,Spiced,2 Towns Ciderhouse,Serious Scrump,🥈 Silver,Oregon,United States,Active,"<a href=""http://www.2townsciderhouse.com/"">Website</a>","<a href=""https://www.facebook.com/2townsciderhouse"">Facebook</a>","<a href=""https://www.instagram.com/2townscider/"">Instagram</a>","<a href=""https://maps.google.com/?cid=10429935694700508047"">Google</a>","<a href=""https://www.yelp.com/biz/2-towns-ciderhouse-corvallis"">Yelp</a>","<a href=""https://www.tripadvisor.com/Attraction_Review-g51817-d3417221"">TripAdvisor</a>","<a href=""https://untappd.com/w/2-towns-ciderhouse/12975"">Untappd</a>"
2575,24,2015,Spiced,Jeff Carlson,Westside Sweet Heat,🥉 Bronze,Michigan,United States,Inactive,,,,,,,
664,25,2015,Anything Goes,Vermont Cider Company,Oopsy Daisy,🥇 Gold,Vermont,United States,Active,"<a href=""http://www.woodchuck.com/"">Website</a>","<a href=""https://www.facebook.com/WoodchuckCider"">Facebook</a>","<a href=""https://www.instagram.com/woodchuckcider/"">Instagram</a>","<a href=""https://maps.google.com/?cid=9402882086420367798"">Google</a>","<a href=""https://www.yelp.com/biz/woodchuck-hard-cidery-middlebury"">Yelp</a>","<a href=""https://www.tripadvisor.com/Attraction_Review-g57245-d7022345"">TripAdvisor</a>","<a href=""https://untappd.com/w/woodchuck-cidery/611"">Untappd</a>"
90,26,2015,Anything Goes,Appalachian Mountain Brewery,Cinful Plum,🥈 Silver,North Carolina,United States,Active,"<a href=""https://www.amb.beer/"">Website</a>","<a href=""https://www.facebook.com/appalachianmountain.brewery/"">Facebook</a>","<a href=""https://www.instagram.com/appalachianmountainbrewery/"">Instagram</a>","<a href=""https://maps.google.com/?cid=5564632093346928631"">Google</a>","<a href=""https://www.yelp.com/biz/appalachian-mountain-brewery-boone"">Yelp</a>","<a href=""https://www.tripadvisor.com/Attraction_Review-g48975-d4185372"">TripAdvisor</a>","<a href=""https://untappd.com/w/appalachian-mountain-cidery/199566"">Untappd</a>"
87,27,2015,Anything Goes,Angry Orchard,Muse,🥉 Bronze,New York,United States,Active,"<a href=""https://www.angryorchard.com/"">Website</a>","<a href=""https://www.facebook.com/AngryOrchard/"">Facebook</a>","<a href=""https://www.instagram.com/angryorchard/"">Instagram</a>","<a href=""https://maps.google.com/?cid=17467507983407382578"">Google</a>","<a href=""https://www.yelp.com/biz/angry-orchard-walden-2"">Yelp</a>","<a href=""https://www.tripadvisor.com/Attraction_Review-g48788-d10266026"">TripAdvisor</a>","<a href=""https://untappd.com/w/angry-orchard-cider-company/16455"">Untappd</a>"
179,28,2015,Perry,ACE Cider,Ace Perry Hard Cider,🥇 Gold,California,United States,Active,"<a href=""http://www.acecider.com/"">Website</a>","<a href=""https://www.facebook.com/AceCider"">Facebook</a>","<a href=""https://www.instagram.com/acecider/"">Instagram</a>",,"<a href=""https://www.yelp.com/biz/ace-premium-hard-ciders-sebastopol"">Yelp</a>","<a href=""https://www.tripadvisor.com/Attraction_Review-g33069-d3626497"">TripAdvisor</a>","<a href=""https://untappd.com/w/ace-cider-the-california-cider-company/331"">Untappd</a>"
3177,29,2015,Perry,Groupe Geloso,London Calling Pear,🥈 Silver,Quebec,Canada,Active,"<a href=""https://groupegeloso.com/"">Website</a>","<a href=""https://www.facebook.com/groupegeloso/"">Facebook</a>",,"<a href=""https://maps.google.com/?cid=14532853692172548925"">Google</a>",,,"<a href=""https://untappd.com/w/cidre-beaupre-groupe-geloso/21487"">Untappd</a>"
664,30,2015,Perry,Vermont Cider Company,Wyder's Dry Pear,🥉 Bronze,Vermont,United States,Active,"<a href=""http://www.woodchuck.com/"">Website</a>","<a href=""https://www.facebook.com/WoodchuckCider"">Facebook</a>","<a href=""https://www.instagram.com/woodchuckcider/"">Instagram</a>","<a href=""https://maps.google.com/?cid=9402882086420367798"">Google</a>","<a href=""https://www.yelp.com/biz/woodchuck-hard-cidery-middlebury"">Yelp</a>","<a href=""https://www.tripadvisor.com/Attraction_Review-g57245-d7022345"">TripAdvisor</a>","<a href=""https://untappd.com/w/woodchuck-cidery/611"">Untappd</a>"
87,31,2015,Hopped,Angry Orchard,Angry Orchard Hop'N Mad Apple,🥇 Gold,New York,United States,Active,"<a href=""https://www.angryorchard.com/"">Website</a>","<a href=""https://www.facebook.com/AngryOrchard/"">Facebook</a>","<a href=""https://www.instagram.com/angryorchard/"">Instagram</a>","<a href=""https://maps.google.com/?cid=17467507983407382578"">Google</a>","<a href=""https://www.yelp.com/biz/angry-orchard-walden-2"">Yelp</a>","<a href=""https://www.tripadvisor.com/Attraction_Review-g48788-d10266026"">TripAdvisor</a>","<a href=""https://untappd.com/w/angry-orchard-cider-company/16455"">Untappd</a>"
67,32,2015,Hopped,2 Towns Ciderhouse,Imperial Hop & Stalk,🥈 Silver,Oregon,United States,Active,"<a href=""http://www.2townsciderhouse.com/"">Website</a>","<a href=""https://www.facebook.com/2townsciderhouse"">Facebook</a>","<a href=""https://www.instagram.com/2townscider/"">Instagram</a>","<a href=""https://maps.google.com/?cid=10429935694700508047"">Google</a>","<a href=""https://www.yelp.com/biz/2-towns-ciderhouse-corvallis"">Yelp</a>","<a href=""https://www.tripadvisor.com/Attraction_Review-g51817-d3417221"">TripAdvisor</a>","<a href=""https://untappd.com/w/2-towns-ciderhouse/12975"">Untappd</a>"
664,33,2015,Hopped,Vermont Cider Company,Woodchuck Hopsation,🥉 Bronze,Vermont,United States,Active,"<a href=""http://www.woodchuck.com/"">Website</a>","<a href=""https://www.facebook.com/WoodchuckCider"">Facebook</a>","<a href=""https://www.instagram.com/woodchuckcider/"">Instagram</a>","<a href=""https://maps.google.com/?cid=9402882086420367798"">Google</a>","<a href=""https://www.yelp.com/biz/woodchuck-hard-cidery-middlebury"">Yelp</a>","<a href=""https://www.tripadvisor.com/Attraction_Review-g57245-d7022345"">TripAdvisor</a>","<a href=""https://untappd.com/w/woodchuck-cidery/611"">Untappd</a>"
812,34,2016,New World Cider,Niagara College Teaching Winery,Cider 101,🥇 Gold,Ontario,Canada,Active,"<a href=""https://www.ncteachingwinery.ca/"">Website</a>","<a href=""https://www.facebook.com/nctwinery/"">Facebook</a>","<a href=""https://www.instagram.com/nctwinery/"">Instagram</a>","<a href=""https://maps.google.com/?cid=2529664632400053188"">Google</a>","<a href=""https://www.yelp.com/biz/niagara-college-teaching-winery-niagara-on-the-lake"">Yelp</a>","<a href=""https://www.tripadvisor.com/Attraction_Review-g154999-d2414360"">TripAdvisor</a>","<a href=""https://untappd.com/w/niagara-college-teaching-winery/390649"">Untappd</a>"
789,35,2016,New World Cider,Garage D'or Ciders,Garage D'or Dry Cider,🥈 Silver,Ontario,Canada,Inactive,,,,,,,
128,36,2016,New World Cider,Big Hill Ciderworks,Standard,🥉 Bronze,Pennsylvania,United States,Active,"<a href=""https://www.bighillcider.com/"">Website</a>","<a href=""https://www.facebook.com/BigHillCider/"">Facebook</a>","<a href=""https://www.instagram.com/bighillciderworks"">Instagram</a>","<a href=""https://maps.google.com/?cid=11839293456795799865"">Google</a>","<a href=""https://www.yelp.com/biz/big-hill-ciderworks-gardners"">Yelp</a>","<a href=""https://www.tripadvisor.com/Restaurant_Review-g52702-d24083733"">TripAdvisor</a>","<a href=""https://untappd.com/w/big-hill-ciderworks/126817"">Untappd</a>"
664,37,2016,English Cider,Vermont Cider Company,Gumption Hard Cider,🥇 Gold,Vermont,United States,Active,"<a href=""http://www.woodchuck.com/"">Website</a>","<a href=""https://www.facebook.com/WoodchuckCider"">Facebook</a>","<a href=""https://www.instagram.com/woodchuckcider/"">Instagram</a>","<a href=""https://maps.google.com/?cid=9402882086420367798"">Google</a>","<a href=""https://www.yelp.com/biz/woodchuck-hard-cidery-middlebury"">Yelp</a>","<a href=""https://www.tripadvisor.com/Attraction_Review-g57245-d7022345"">TripAdvisor</a>","<a href=""https://untappd.com/w/woodchuck-cidery/611"">Untappd</a>"
664,38,2016,English Cider,Vermont Cider Company,Magners Original Cider,🥈 Silver,Vermont,United States,Active,"<a href=""http://www.woodchuck.com/"">Website</a>","<a href=""https://www.facebook.com/WoodchuckCider"">Facebook</a>","<a href=""https://www.instagram.com/woodchuckcider/"">Instagram</a>","<a href=""https://maps.google.com/?cid=9402882086420367798"">Google</a>","<a href=""https://www.yelp.com/biz/woodchuck-hard-cidery-middlebury"">Yelp</a>","<a href=""https://www.tripadvisor.com/Attraction_Review-g57245-d7022345"">TripAdvisor</a>","<a href=""https://untappd.com/w/woodchuck-cidery/611"">Untappd</a>"
209,39,2016,English Cider,Colorado Cider Company,Ol' Stumpy,🥉 Bronze,Colorado,United States,Active,"<a href=""http://www.coloradocider.com/"">Website</a>","<a href=""https://www.facebook.com/coloradocider"">Facebook</a>","<a href=""https://www.instagram.com/coloradocidercompany/"">Instagram</a>","<a href=""https://maps.google.com/?cid=9606181927626096546"">Google</a>","<a href=""https://www.yelp.com/biz/colorado-cider-denver"">Yelp</a>","<a href=""https://www.tripadvisor.com/Attraction_Review-g33388-d8505809"">TripAdvisor</a>","<a href=""https://untappd.com/w/colorado-cider-company/11426"">Untappd</a>"
209,40,2016,New World Perry,Colorado Cider Company,Pearnickety,🥇 Gold,Colorado,United States,Active,"<a href=""http://www.coloradocider.com/"">Website</a>","<a href=""https://www.facebook.com/coloradocider"">Facebook</a>","<a href=""https://www.instagram.com/coloradocidercompany/"">Instagram</a>","<a href=""https://maps.google.com/?cid=9606181927626096546"">Google</a>","<a href=""https://www.yelp.com/biz/colorado-cider-denver"">Yelp</a>","<a href=""https://www.tripadvisor.com/Attraction_Review-g33388-d8505809"">TripAdvisor</a>","<a href=""https://untappd.com/w/colorado-cider-company/11426"">Untappd</a>"
2178,41,2016,Traditional Perry,Domaine des 5 D,Cidrerie Daufresne Poire,🥇 Gold,Normandy,France,Active,"<a href=""http://cidreriedaufresne.com/"">Website</a>","<a href=""https://www.facebook.com/profile.php?id=100069411953752"">Facebook</a>",,"<a href=""https://maps.google.com/?cid=8401719320995507859"">Google</a>",,,"<a href=""https://untappd.com/CidrerieDaufresne"">Untappd</a>"
1133,42,2016,Traditional Perry,Dunkertons Cider and Perry,Dunkertons Perry,🥈 Silver,Herefordshire,England,Active,"<a href=""https://www.dunkertonscider.co.uk/"">Website</a>","<a href=""https://www.facebook.com/dunkertonsorganiccider/"">Facebook</a>","<a href=""https://www.instagram.com/dunkertonscider/"">Instagram</a>","<a href=""https://maps.google.com/?cid=4719921113153419800"">Google</a>",,,"<a href=""https://untappd.com/brewery/12988"">Untappd</a>"
664,43,2016,Traditional Perry,Vermont Cider Company,Magners Pear Cider,🥉 Bronze,Vermont,United States,Active,"<a href=""http://www.woodchuck.com/"">Website</a>","<a href=""https://www.facebook.com/WoodchuckCider"">Facebook</a>","<a href=""https://www.instagram.com/woodchuckcider/"">Instagram</a>","<a href=""https://maps.google.com/?cid=9402882086420367798"">Google</a>","<a href=""https://www.yelp.com/biz/woodchuck-hard-cidery-middlebury"">Yelp</a>","<a href=""https://www.tripadvisor.com/Attraction_Review-g57245-d7022345"">TripAdvisor</a>","<a href=""https://untappd.com/w/woodchuck-cidery/611"">Untappd</a>"
67,44,2016,New England Cider,2 Towns Ciderhouse,Bad Apple,🥇 Gold,Oregon,United States,Active,"<a href=""http://www.2townsciderhouse.com/"">Website</a>","<a href=""https://www.facebook.com/2townsciderhouse"">Facebook</a>","<a href=""https://www.instagram.com/2townscider/"">Instagram</a>","<a href=""https://maps.google.com/?cid=10429935694700508047"">Google</a>","<a href=""https://www.yelp.com/biz/2-towns-ciderhouse-corvallis"">Yelp</a>","<a href=""https://www.tripadvisor.com/Attraction_Review-g51817-d3417221"">TripAdvisor</a>","<a href=""https://untappd.com/w/2-towns-ciderhouse/12975"">Untappd</a>"
87,45,2016,New England Cider,Angry Orchard,Walden Hollow,🥈 Silver,New York,United States,Active,"<a href=""https://www.angryorchard.com/"">Website</a>","<a href=""https://www.facebook.com/AngryOrchard/"">Facebook</a>","<a href=""https://www.instagram.com/angryorchard/"">Instagram</a>","<a href=""https://maps.google.com/?cid=17467507983407382578"">Google</a>","<a href=""https://www.yelp.com/biz/angry-orchard-walden-2"">Yelp</a>","<a href=""https://www.tripadvisor.com/Attraction_Review-g48788-d10266026"">TripAdvisor</a>","<a href=""https://untappd.com/w/angry-orchard-cider-company/16455"">Untappd</a>"
179,46,2016,New England Cider,ACE Cider,Ace Space,🥉 Bronze,California,United States,Active,"<a href=""http://www.acecider.com/"">Website</a>","<a href=""https://www.facebook.com/AceCider"">Facebook</a>","<a href=""https://www.instagram.com/acecider/"">Instagram</a>",,"<a href=""https://www.yelp.com/biz/ace-premium-hard-ciders-sebastopol"">Yelp</a>","<a href=""https://www.tripadvisor.com/Attraction_Review-g33069-d3626497"">TripAdvisor</a>","<a href=""https://untappd.com/w/ace-cider-the-california-cider-company/331"">Untappd</a>"
864,47,2016,Fruit,West Avenue Cider,Bohemian Raspberry,🥇 Gold,Ontario,Canada,Active,"<a href=""https://www.westavenue.ca/"">Website</a>","<a href=""https://www.facebook.com/WestAvenueCider"">Facebook</a>","<a href=""https://www.instagram.com/westavenuecider/"">Instagram</a>","<a href=""https://maps.google.com/?cid=2732627738094534556"">Google</a>","<a href=""https://www.yelp.com/biz/west-avenue-cider-house-freelton"">Yelp</a>","<a href=""https://www.tripadvisor.com/Attraction_Review-g154990-d15192590"">TripAdvisor</a>","<a href=""https://untappd.com/w/west-avenue-cider/72499"">Untappd</a>"
104,48,2016,Fruit,Austin Eastciders,Pineapple,🥇 Gold,Texas,United States,Active,"<a href=""http://austineastciders.com/"">Website</a>","<a href=""https://www.facebook.com/eastciders/"">Facebook</a>","<a href=""https://www.instagram.com/eastciders/"">Instagram</a>","<a href=""https://maps.google.com/?cid=14699519440178528476"">Google</a>","<a href=""https://www.yelp.com/biz/austin-eastciders-collaboratory-austin"">Yelp</a>","<a href=""https://www.tripadvisor.com/Attraction_Review-g30196-d8561332"">TripAdvisor</a>","<a href=""https://untappd.com/w/austin-eastciders/18898"">Untappd</a>"
211,49,2016,Fruit,Common Cider Company,Blood Orange Tangerine,🥈 Silver,California,United States,Inactive,,,,,,,
196,50,2016,Fruit,Ciderboys,Pineapple Hula,🥉 Bronze,Wisconsin,United States,Active,"<a href=""http://www.ciderboys.com/"">Website</a>","<a href=""https://www.facebook.com/Ciderboys"">Facebook</a>","<a href=""https://www.instagram.com/Ciderboys/"">Instagram</a>","<a href=""https://maps.google.com/?cid=1756122992587390562"">Google</a>","<a href=""https://www.yelp.com/biz/stevens-point-brewery-stevens-point"">Yelp</a>","<a href=""https://www.tripadvisor.com/Attraction_Review-g60304-d2265035"">TripAdvisor</a>","<a href=""https://untappd.com/w/ciderboys-hard-cider/44552"">Untappd</a>"
345,51,2016,Fruit and Berry,Incline Cider Company,Marionberry,🥇 Gold,Washington,United States,Active,"<a href=""http://www.inclinecider.com/"">Website</a>","<a href=""https://www.facebook.com/inclinecider/"">Facebook</a>","<a href=""https://www.instagram.com/inclinecider/"">Instagram</a>","<a href=""https://maps.google.com/?cid=504944612388443997"">Google</a>","<a href=""https://www.yelp.com/biz/incline-cider-house-tacoma"">Yelp</a>","<a href=""https://www.tripadvisor.com/Attraction_Review-g58775-d22266571"">TripAdvisor</a>","<a href=""https://untappd.com/w/incline-cider-company/249584"">Untappd</a>"
716,52,2016,Fruit and Berry,401 Cider Brewery,Cranberry Apple Cider,🥈 Silver,Ontario,Canada,Active,"<a href=""https://www.401cidercompany.com/"">Website</a>","<a href=""https://www.facebook.com/401CiderBrewery/"">Facebook</a>","<a href=""https://www.instagram.com/401ciderbrewery/"">Instagram</a>","<a href=""https://maps.google.com/?cid=15904679425375007750"">Google</a>","<a href=""https://www.yelp.com/biz/the-big-apple-colborne"">Yelp</a>","<a href=""https://www.tripadvisor.com/Attraction_Review-g5414486-d586711"">TripAdvisor</a>","<a href=""https://untappd.com/w/401-brewery/207707"">Untappd</a>"
306,53,2016,Fruit and Berry,Green Bench Brewing Co.,Raspberry Rooftop,🥉 Bronze,Florida,United States,Active,"<a href=""https://www.greenbenchbrewing.com/"">Website</a>","<a href=""https://www.facebook.com/GreenBenchBrewing/"">Facebook</a>","<a href=""https://www.instagram.com/greenbenchmeadcider/"">Instagram</a>","<a href=""https://maps.google.com/?cid=4473987284585319628"">Google</a>","<a href=""https://www.yelp.com/biz/green-bench-brewing-company-st-petersburg"">Yelp</a>","<a href=""https://www.tripadvisor.com/Attraction_Review-g34607-d8505685"">TripAdvisor</a>","<a href=""https://untappd.com/w/green-bench-mead-cider/184191"">Untappd</a>"
87,54,2016,Applewine,Angry Orchard,The Muse,🥇 Gold,New York,United States,Active,"<a href=""https://www.angryorchard.com/"">Website</a>","<a href=""https://www.facebook.com/AngryOrchard/"">Facebook</a>","<a href=""https://www.instagram.com/angryorchard/"">Instagram</a>","<a href=""https://maps.google.com/?cid=17467507983407382578"">Google</a>","<a href=""https://www.yelp.com/biz/angry-orchard-walden-2"">Yelp</a>","<a href=""https://www.tripadvisor.com/Attraction_Review-g48788-d10266026"">TripAdvisor</a>","<a href=""https://untappd.com/w/angry-orchard-cider-company/16455"">Untappd</a>"
179,55,2016,Applewine,ACE Cider,Ace BlackJack,🥈 Silver,California,United States,Active,"<a href=""http://www.acecider.com/"">Website</a>","<a href=""https://www.facebook.com/AceCider"">Facebook</a>","<a href=""https://www.instagram.com/acecider/"">Instagram</a>",,"<a href=""https://www.yelp.com/biz/ace-premium-hard-ciders-sebastopol"">Yelp</a>","<a href=""https://www.tripadvisor.com/Attraction_Review-g33069-d3626497"">TripAdvisor</a>","<a href=""https://untappd.com/w/ace-cider-the-california-cider-company/331"">Untappd</a>"
152,56,2016,Hopped / Herbal,Bold Rock Hard Cider,Bold Rock IPA,🥇 Gold,North Carolina,United States,Active,"<a href=""https://boldrock.com/"">Website</a>","<a href=""https://www.facebook.com/BoldRockHardCider/"">Facebook</a>","<a href=""https://www.instagram.com/boldrockhardcider/"">Instagram</a>","<a href=""https://maps.google.com/?cid=10604087929796439877"">Google</a>","<a href=""https://www.yelp.com/biz/bold-rock-hard-cider-mills-river-mills-river"">Yelp</a>","<a href=""https://www.tripadvisor.com/Attraction_Review-g1552723-d8862147"">TripAdvisor</a>","<a href=""https://untappd.com/v/bold-rock-mills-river-cidery/3954545"">Untappd</a>"
90,57,2016,Hopped / Herbal,Appalachian Mountain Brewery,Mystic Dragon,🥈 Silver,North Carolina,United States,Active,"<a href=""https://www.amb.beer/"">Website</a>","<a href=""https://www.facebook.com/appalachianmountain.brewery/"">Facebook</a>","<a href=""https://www.instagram.com/appalachianmountainbrewery/"">Instagram</a>","<a href=""https://maps.google.com/?cid=5564632093346928631"">Google</a>","<a href=""https://www.yelp.com/biz/appalachian-mountain-brewery-boone"">Yelp</a>","<a href=""https://www.tripadvisor.com/Attraction_Review-g48975-d4185372"">TripAdvisor</a>","<a href=""https://untappd.com/w/appalachian-mountain-cidery/199566"">Untappd</a>"
126,58,2016,Hopped / Herbal,Big B's Hard Cider,Chester Hoppearcot,🥉 Bronze,Colorado,United States,Active,"<a href=""https://www.bigbs.com/"">Website</a>","<a href=""https://www.facebook.com/visitbigbs"">Facebook</a>","<a href=""https://www.instagram.com/drinkbigbs"">Instagram</a>","<a href=""https://maps.google.com/?cid=78577038036310991"">Google</a>","<a href=""https://www.yelp.com/biz/delicious-orchards-hotchkiss"">Yelp</a>","<a href=""https://www.tripadvisor.com/Restaurant_Review-g33588-d4471856"">TripAdvisor</a>","<a href=""https://untappd.com/w/big-bs-fabulous-juices/100389"">Untappd</a>"
229,59,2016,Apple Pie Spiced,d's Wicked Cider,Baked Apple,🥇 Gold,Washington,United States,Active,"<a href=""http://dswickedcider.com/"">Website</a>","<a href=""https://www.facebook.com/dswickedcider/"">Facebook</a>","<a href=""https://www.instagram.com/dswickedciderco/"">Instagram</a>","<a href=""https://maps.google.com/?cid=2860292587896986843"">Google</a>","<a href=""https://www.yelp.com/biz/sun-river-vintners-kennewick"">Yelp</a>","<a href=""https://www.tripadvisor.com/Attraction_Review-g58536-d13007264"">TripAdvisor</a>","<a href=""https://untappd.com/w/ds-wicked-cider/158215"">Untappd</a>"
664,60,2016,Apple Pie Spiced,Vermont Cider Company,Woodchuck Seasonal Fall Harvest,🥈 Silver,Vermont,United States,Active,"<a href=""http://www.woodchuck.com/"">Website</a>","<a href=""https://www.facebook.com/WoodchuckCider"">Facebook</a>","<a href=""https://www.instagram.com/woodchuckcider/"">Instagram</a>","<a href=""https://maps.google.com/?cid=9402882086420367798"">Google</a>","<a href=""https://www.yelp.com/biz/woodchuck-hard-cidery-middlebury"">Yelp</a>","<a href=""https://www.tripadvisor.com/Attraction_Review-g57245-d7022345"">TripAdvisor</a>","<a href=""https://untappd.com/w/woodchuck-cidery/611"">Untappd</a>"
550,61,2016,Apple Pie Spiced,Schilling Cider,Spiced Chai,🥉 Bronze,Washington,United States,Active,"<a href=""https://schillingcider.com/"">Website</a>","<a href=""https://www.facebook.com/SchillingCider/"">Facebook</a>","<a href=""https://www.instagram.com/schillingcider/"">Instagram</a>","<a href=""https://maps.google.com/?cid=12281308087911884522"">Google</a>",,,"<a href=""https://untappd.com/w/schilling-cider/62413"">Untappd</a>"
67,62,2016,Spiced,2 Towns Ciderhouse,Ginga Ninga,🥇 Gold,Oregon,United States,Active,"<a href=""http://www.2townsciderhouse.com/"">Website</a>","<a href=""https://www.facebook.com/2townsciderhouse"">Facebook</a>","<a href=""https://www.instagram.com/2townscider/"">Instagram</a>","<a href=""https://maps.google.com/?cid=10429935694700508047"">Google</a>","<a href=""https://www.yelp.com/biz/2-towns-ciderhouse-corvallis"">Yelp</a>","<a href=""https://www.tripadvisor.com/Attraction_Review-g51817-d3417221"">TripAdvisor</a>","<a href=""https://untappd.com/w/2-towns-ciderhouse/12975"">Untappd</a>"
87,63,2016,Spiced,Angry Orchard,Cinnful Apple,🥈 Silver,New York,United States,Active,"<a href=""https://www.angryorchard.com/"">Website</a>","<a href=""https://www.facebook.com/AngryOrchard/"">Facebook</a>","<a href=""https://www.instagram.com/angryorchard/"">Instagram</a>","<a href=""https://maps.google.com/?cid=17467507983407382578"">Google</a>","<a href=""https://www.yelp.com/biz/angry-orchard-walden-2"">Yelp</a>","<a href=""https://www.tripadvisor.com/Attraction_Review-g48788-d10266026"">TripAdvisor</a>","<a href=""https://untappd.com/w/angry-orchard-cider-company/16455"">Untappd</a>"
553,64,2016,Spiced,Seattle Cider Company,Three Pepper,🥉 Bronze,Washington,United States,Active,"<a href=""http://www.seattlecidercompany.com/"">Website</a>","<a href=""https://www.facebook.com/SeattleCiderCo"">Facebook</a>","<a href=""https://www.instagram.com/seattleciderco/"">Instagram</a>","<a href=""https://maps.google.com/?cid=10339393864619567754"">Google</a>","<a href=""https://www.yelp.com/biz/seattle-cider-company-seattle"">Yelp</a>",,"<a href=""https://untappd.com/w/seattle-cider-company/75923"">Untappd</a>"
196,65,2016,Spiced,Ciderboys,Mad Bark,🥉 Bronze,Wisconsin,United States,Active,"<a href=""http://www.ciderboys.com/"">Website</a>","<a href=""https://www.facebook.com/Ciderboys"">Facebook</a>","<a href=""https://www.instagram.com/Ciderboys/"">Instagram</a>","<a href=""https://maps.google.com/?cid=1756122992587390562"">Google</a>","<a href=""https://www.yelp.com/biz/stevens-point-brewery-stevens-point"">Yelp</a>","<a href=""https://www.tripadvisor.com/Attraction_Review-g60304-d2265035"">TripAdvisor</a>","<a href=""https://untappd.com/w/ciderboys-hard-cider/44552"">Untappd</a>"
545,66,2016,Wood-Aged,Sapsucker Farms Yellow Belly Cidery,Yellow Belly Barrel Aged,🥇 Gold,Minnesota,United States,Active,"<a href=""https://www.sapsuckerfarms.com/"">Website</a>","<a href=""https://www.facebook.com/YellowBellyCider/"">Facebook</a>","<a href=""https://www.instagram.com/sapsuckerfarms/"">Instagram</a>","<a href=""https://maps.google.com/?cid=10529182272851607589"">Google</a>","<a href=""https://www.yelp.com/biz/sapsucker-farms-yellow-belly-cidery-mora"">Yelp</a>","<a href=""https://www.tripadvisor.com/Attraction_Review-g43337-d15594799"">TripAdvisor</a>","<a href=""https://untappd.com/w/sapsucker-farms/187535"">Untappd</a>"
661,67,2016,Wood-Aged,Urban Tree Hard Cider,Barrel Age,🥈 Silver,Georgia,United States,Active,"<a href=""https://urbantreecidery.com/"">Website</a>","<a href=""https://www.facebook.com/UrbanTreeCider/"">Facebook</a>","<a href=""https://www.instagram.com/urbantreecider/"">Instagram</a>",,,,"<a href=""https://untappd.com/w/urban-tree-cidery/260157"">Untappd</a>"
664,68,2016,Wood-Aged,Vermont Cider Company,Wassail,🥉 Bronze,Vermont,United States,Active,"<a href=""http://www.woodchuck.com/"">Website</a>","<a href=""https://www.facebook.com/WoodchuckCider"">Facebook</a>","<a href=""https://www.instagram.com/woodchuckcider/"">Instagram</a>","<a href=""https://maps.google.com/?cid=9402882086420367798"">Google</a>","<a href=""https://www.yelp.com/biz/woodchuck-hard-cidery-middlebury"">Yelp</a>","<a href=""https://www.tripadvisor.com/Attraction_Review-g57245-d7022345"">TripAdvisor</a>","<a href=""https://untappd.com/w/woodchuck-cidery/611"">Untappd</a>"
199,69,2016,Specialty,Citizen Cider,Dirty Mayor,🥇 Gold,Vermont,United States,Active,"<a href=""https://www.citizencider.com/"">Website</a>","<a href=""https://www.facebook.com/citizencider"">Facebook</a>","<a href=""https://www.instagram.com/citizencider/"">Instagram</a>","<a href=""https://maps.google.com/?cid=705537445817027258"">Google</a>","<a href=""https://www.yelp.com/biz/citizen-cider-burlington"">Yelp</a>","<a href=""https://www.tripadvisor.com/Restaurant_Review-g57201-d6924616"">TripAdvisor</a>","<a href=""https://untappd.com/w/citizen-cider/24209"">Untappd</a>"
87,70,2016,Specialty,Angry Orchard,The Old Fashioned,🥈 Silver,New York,United States,Active,"<a href=""https://www.angryorchard.com/"">Website</a>","<a href=""https://www.facebook.com/AngryOrchard/"">Facebook</a>","<a href=""https://www.instagram.com/angryorchard/"">Instagram</a>","<a href=""https://maps.google.com/?cid=17467507983407382578"">Google</a>","<a href=""https://www.yelp.com/biz/angry-orchard-walden-2"">Yelp</a>","<a href=""https://www.tripadvisor.com/Attraction_Review-g48788-d10266026"">TripAdvisor</a>","<a href=""https://untappd.com/w/angry-orchard-cider-company/16455"">Untappd</a>"
835,71,2016,Specialty,Spirit Tree Estate Cidery,Pumpkin Cider,🥉 Bronze,Ontario,Canada,Active,"<a href=""https://spirittreecider.com/"">Website</a>","<a href=""https://www.facebook.com/spirittreecider/"">Facebook</a>","<a href=""https://www.instagram.com/spirittreecider/"">Instagram</a>","<a href=""https://maps.google.com/?cid=4800485022282341419"">Google</a>","<a href=""https://www.yelp.com/biz/spirit-tree-estate-cidery-caledon"">Yelp</a>","<a href=""https://www.tripadvisor.com/Attraction_Review-g671618-d2173333"">TripAdvisor</a>","<a href=""https://untappd.com/w/spirit-tree-estate-cidery/14271"">Untappd</a>"
152,72,2016,Unlimited,Bold Rock Hard Cider,Virgina Apple,🥇 Gold,North Carolina,United States,Active,"<a href=""https://boldrock.com/"">Website</a>","<a href=""https://www.facebook.com/BoldRockHardCider/"">Facebook</a>","<a href=""https://www.instagram.com/boldrockhardcider/"">Instagram</a>","<a href=""https://maps.google.com/?cid=10604087929796439877"">Google</a>","<a href=""https://www.yelp.com/biz/bold-rock-hard-cider-mills-river-mills-river"">Yelp</a>","<a href=""https://www.tripadvisor.com/Attraction_Review-g1552723-d8862147"">TripAdvisor</a>","<a href=""https://untappd.com/v/bold-rock-mills-river-cidery/3954545"">Untappd</a>"
3342,73,2016,Unlimited,Samuel Smith's Brewery,Organic Cider,🥈 Silver,North Yorkshire,England,Active,"<a href=""https://samuelsmithsbrewery.co.uk/"">Website</a>","<a href=""https://www.facebook.com/samuelsmithsbrewery/"">Facebook</a>","<a href=""https://www.instagram.com/samuelsmithsbrewery/"">Instagram</a>","<a href=""https://maps.google.com/?cid=15178745194059809638"">Google</a>",,,"<a href=""https://untappd.com/SamuelSmiths"">Untappd</a>"
3342,74,2016,Unlimited,Samuel Smith's Brewery,Organic Perry,🥉 Bronze,North Yorkshire,England,Active,"<a href=""https://samuelsmithsbrewery.co.uk/"">Website</a>","<a href=""https://www.facebook.com/samuelsmithsbrewery/"">Facebook</a>","<a href=""https://www.instagram.com/samuelsmithsbrewery/"">Instagram</a>","<a href=""https://maps.google.com/?cid=15178745194059809638"">Google</a>",,,"<a href=""https://untappd.com/SamuelSmiths"">Untappd</a>"
515,75,2016,Anything Goes,Rhinegeist Brewery,Brett,🥇 Gold,Ohio,United States,Active,"<a href=""https://rhinegeist.com/"">Website</a>","<a href=""https://www.facebook.com/rhinegeist"">Facebook</a>","<a href=""https://www.instagram.com/rhinegeist/"">Instagram</a>","<a href=""https://maps.google.com/?cid=4624817204033581156"">Google</a>","<a href=""https://www.yelp.com/biz/rhinegeist-brewery-cincinnati"">Yelp</a>","<a href=""https://www.tripadvisor.com/Attraction_Review-g60993-d8618371"">TripAdvisor</a>","<a href=""https://untappd.com/w/rhinegeist-brewery/69953"">Untappd</a>"
67,76,2016,Anything Goes,2 Towns Ciderhouse,2014 Afton Field,🥈 Silver,Oregon,United States,Active,"<a href=""http://www.2townsciderhouse.com/"">Website</a>","<a href=""https://www.facebook.com/2townsciderhouse"">Facebook</a>","<a href=""https://www.instagram.com/2townscider/"">Instagram</a>","<a href=""https://maps.google.com/?cid=10429935694700508047"">Google</a>","<a href=""https://www.yelp.com/biz/2-towns-ciderhouse-corvallis"">Yelp</a>","<a href=""https://www.tripadvisor.com/Attraction_Review-g51817-d3417221"">TripAdvisor</a>","<a href=""https://untappd.com/w/2-towns-ciderhouse/12975"">Untappd</a>"
87,77,2016,Anything Goes,Angry Orchard,Angry Orchard Strawman,🥉 Bronze,New York,United States,Active,"<a href=""https://www.angryorchard.com/"">Website</a>","<a href=""https://www.facebook.com/AngryOrchard/"">Facebook</a>","<a href=""https://www.instagram.com/angryorchard/"">Instagram</a>","<a href=""https://maps.google.com/?cid=17467507983407382578"">Google</a>","<a href=""https://www.yelp.com/biz/angry-orchard-walden-2"">Yelp</a>","<a href=""https://www.tripadvisor.com/Attraction_Review-g48788-d10266026"">TripAdvisor</a>","<a href=""https://untappd.com/w/angry-orchard-cider-company/16455"">Untappd</a>"
812,78,2017,New World Cider,Niagara College Teaching Winery,Cider 101,🥇 Gold,Ontario,Canada,Active,"<a href=""https://www.ncteachingwinery.ca/"">Website</a>","<a href=""https://www.facebook.com/nctwinery/"">Facebook</a>","<a href=""https://www.instagram.com/nctwinery/"">Instagram</a>","<a href=""https://maps.google.com/?cid=2529664632400053188"">Google</a>","<a href=""https://www.yelp.com/biz/niagara-college-teaching-winery-niagara-on-the-lake"">Yelp</a>","<a href=""https://www.tripadvisor.com/Attraction_Review-g154999-d2414360"">TripAdvisor</a>","<a href=""https://untappd.com/w/niagara-college-teaching-winery/390649"">Untappd</a>"
63,79,2017,New World Cider,Virtue Cider,Michigan Brut,🥈 Silver,Michigan,United States,Active,"<a href=""http://www.virtuecider.com/"">Website</a>","<a href=""https://www.facebook.com/virtuecider"">Facebook</a>","<a href=""https://www.instagram.com/virtuecider/"">Instagram</a>","<a href=""https://maps.google.com/?cid=8731167836057791034"">Google</a>","<a href=""https://www.yelp.com/biz/virtue-farm-fennville"">Yelp</a>","<a href=""https://www.tripadvisor.com/Attraction_Review-g42198-d7159911"">TripAdvisor</a>","<a href=""https://untappd.com/w/virtue-cider/24608"">Untappd</a>"
681,80,2017,New World Cider,White Winter Winery,Northern Highlands Hard Cider,🥉 Bronze,Wisconsin,United States,Active,"<a href=""https://whitewinter.com/"">Website</a>","<a href=""https://www.facebook.com/WhiteWinterWinery/"">Facebook</a>",,"<a href=""https://maps.google.com/?cid=13642608818447326025"">Google</a>","<a href=""https://www.yelp.com/biz/white-winter-winery-iron-river"">Yelp</a>","<a href=""https://www.tripadvisor.com/Attraction_Review-g59986-d2457860"">TripAdvisor</a>","<a href=""https://untappd.com/w/white-winter-winery/1359"">Untappd</a>"
1133,81,2017,English Cider,Dunkertons Cider and Perry,Dunkertons Dry CIder,🥇 Gold,Herefordshire,England,Active,"<a href=""https://www.dunkertonscider.co.uk/"">Website</a>","<a href=""https://www.facebook.com/dunkertonsorganiccider/"">Facebook</a>","<a href=""https://www.instagram.com/dunkertonscider/"">Instagram</a>","<a href=""https://maps.google.com/?cid=4719921113153419800"">Google</a>",,,"<a href=""https://untappd.com/brewery/12988"">Untappd</a>"
664,82,2017,English Cider,Vermont Cider Company,Magners Original Cider,🥈 Silver,Vermont,United States,Active,"<a href=""http://www.woodchuck.com/"">Website</a>","<a href=""https://www.facebook.com/WoodchuckCider"">Facebook</a>","<a href=""https://www.instagram.com/woodchuckcider/"">Instagram</a>","<a href=""https://maps.google.com/?cid=9402882086420367798"">Google</a>","<a href=""https://www.yelp.com/biz/woodchuck-hard-cidery-middlebury"">Yelp</a>","<a href=""https://www.tripadvisor.com/Attraction_Review-g57245-d7022345"">TripAdvisor</a>","<a href=""https://untappd.com/w/woodchuck-cidery/611"">Untappd</a>"
490,83,2017,English Cider,Portland Cider Company,Union Jack,🥉 Bronze,Oregon,United States,Active,"<a href=""http://portlandcider.com/"">Website</a>","<a href=""https://www.facebook.com/portlandcider"">Facebook</a>","<a href=""https://www.instagram.com/portlandcider/"">Instagram</a>","<a href=""https://maps.google.com/?cid=5897814277091816079"">Google</a>","<a href=""https://www.yelp.com/biz/portland-cider-company-clackamas"">Yelp</a>","<a href=""https://www.tripadvisor.com/Restaurant_Review-g51806-d6996793"">TripAdvisor</a>","<a href=""https://untappd.com/w/portland-cider-company/56260"">Untappd</a>"
490,84,2017,New World Perry,Portland Cider Company,Pearfect Perry,🥇 Gold,Oregon,United States,Active,"<a href=""http://portlandcider.com/"">Website</a>","<a href=""https://www.facebook.com/portlandcider"">Facebook</a>","<a href=""https://www.instagram.com/portlandcider/"">Instagram</a>","<a href=""https://maps.google.com/?cid=5897814277091816079"">Google</a>","<a href=""https://www.yelp.com/biz/portland-cider-company-clackamas"">Yelp</a>","<a href=""https://www.tripadvisor.com/Restaurant_Review-g51806-d6996793"">TripAdvisor</a>","<a href=""https://untappd.com/w/portland-cider-company/56260"">Untappd</a>"
2178,85,2017,Traditional Perry,Domaine des 5 D,Daufresne Poire Cidre,🥇 Gold,Normandy,France,Active,"<a href=""http://cidreriedaufresne.com/"">Website</a>","<a href=""https://www.facebook.com/profile.php?id=100069411953752"">Facebook</a>",,"<a href=""https://maps.google.com/?cid=8401719320995507859"">Google</a>",,,"<a href=""https://untappd.com/CidrerieDaufresne"">Untappd</a>"
87,86,2017,Traditional Perry,Angry Orchard,Angry Orchard Perry,🥈 Silver,New York,United States,Active,"<a href=""https://www.angryorchard.com/"">Website</a>","<a href=""https://www.facebook.com/AngryOrchard/"">Facebook</a>","<a href=""https://www.instagram.com/angryorchard/"">Instagram</a>","<a href=""https://maps.google.com/?cid=17467507983407382578"">Google</a>","<a href=""https://www.yelp.com/biz/angry-orchard-walden-2"">Yelp</a>","<a href=""https://www.tripadvisor.com/Attraction_Review-g48788-d10266026"">TripAdvisor</a>","<a href=""https://untappd.com/w/angry-orchard-cider-company/16455"">Untappd</a>"
1133,87,2017,Traditional Perry,Dunkertons Cider and Perry,Dunkertons Perry(Organic),🥉 Bronze,Herefordshire,England,Active,"<a href=""https://www.dunkertonscider.co.uk/"">Website</a>","<a href=""https://www.facebook.com/dunkertonsorganiccider/"">Facebook</a>","<a href=""https://www.instagram.com/dunkertonscider/"">Instagram</a>","<a href=""https://maps.google.com/?cid=4719921113153419800"">Google</a>",,,"<a href=""https://untappd.com/brewery/12988"">Untappd</a>"
790,88,2017,New England Cider,Heritage Estate Winery & Cidery,Heirloom Apple Cider,🥇 Gold,Ontario,Canada,Active,"<a href=""https://heritageestate.ca/"">Website</a>","<a href=""https://www.facebook.com/estateheritage/"">Facebook</a>","<a href=""https://www.instagram.com/estateheritage/"">Instagram</a>","<a href=""https://maps.google.com/?cid=9239224592277777662"">Google</a>",,"<a href=""https://www.tripadvisor.com/Attraction_Review-g154980-d11864452"">TripAdvisor</a>","<a href=""https://untappd.com/w/heritage-estate-winery-cidery/281135"">Untappd</a>"
87,89,2017,New England Cider,Angry Orchard,Walden Hollow,🥈 Silver,New York,United States,Active,"<a href=""https://www.angryorchard.com/"">Website</a>","<a href=""https://www.facebook.com/AngryOrchard/"">Facebook</a>","<a href=""https://www.instagram.com/angryorchard/"">Instagram</a>","<a href=""https://maps.google.com/?cid=17467507983407382578"">Google</a>","<a href=""https://www.yelp.com/biz/angry-orchard-walden-2"">Yelp</a>","<a href=""https://www.tripadvisor.com/Attraction_Review-g48788-d10266026"">TripAdvisor</a>","<a href=""https://untappd.com/w/angry-orchard-cider-company/16455"">Untappd</a>"
67,90,2017,New England Cider,2 Towns Ciderhouse,Bad Apple,🥉 Bronze,Oregon,United States,Active,"<a href=""http://www.2townsciderhouse.com/"">Website</a>","<a href=""https://www.facebook.com/2townsciderhouse"">Facebook</a>","<a href=""https://www.instagram.com/2townscider/"">Instagram</a>","<a href=""https://maps.google.com/?cid=10429935694700508047"">Google</a>","<a href=""https://www.yelp.com/biz/2-towns-ciderhouse-corvallis"">Yelp</a>","<a href=""https://www.tripadvisor.com/Attraction_Review-g51817-d3417221"">TripAdvisor</a>","<a href=""https://untappd.com/w/2-towns-ciderhouse/12975"">Untappd</a>"
179,91,2017,Fruit,ACE Cider,Ace Perry Hard Cider,🥇 Gold,California,United States,Active,"<a href=""http://www.acecider.com/"">Website</a>","<a href=""https://www.facebook.com/AceCider"">Facebook</a>","<a href=""https://www.instagram.com/acecider/"">Instagram</a>",,"<a href=""https://www.yelp.com/biz/ace-premium-hard-ciders-sebastopol"">Yelp</a>","<a href=""https://www.tripadvisor.com/Attraction_Review-g33069-d3626497"">TripAdvisor</a>","<a href=""https://untappd.com/w/ace-cider-the-california-cider-company/331"">Untappd</a>"
789,92,2017,Fruit,Garage D'or Ciders,Hail Storm,🥈 Silver,Ontario,Canada,Inactive,,,,,,,
196,93,2017,Fruit,Ciderboys,Ciderboys Peach County,🥉 Bronze,Wisconsin,United States,Active,"<a href=""http://www.ciderboys.com/"">Website</a>","<a href=""https://www.facebook.com/Ciderboys"">Facebook</a>","<a href=""https://www.instagram.com/Ciderboys/"">Instagram</a>","<a href=""https://maps.google.com/?cid=1756122992587390562"">Google</a>","<a href=""https://www.yelp.com/biz/stevens-point-brewery-stevens-point"">Yelp</a>","<a href=""https://www.tripadvisor.com/Attraction_Review-g60304-d2265035"">TripAdvisor</a>","<a href=""https://untappd.com/w/ciderboys-hard-cider/44552"">Untappd</a>"
550,94,2017,Pineapple,Schilling Cider,Passport,🥇 Gold,Washington,United States,Active,"<a href=""https://schillingcider.com/"">Website</a>","<a href=""https://www.facebook.com/SchillingCider/"">Facebook</a>","<a href=""https://www.instagram.com/schillingcider/"">Instagram</a>","<a href=""https://maps.google.com/?cid=12281308087911884522"">Google</a>",,,"<a href=""https://untappd.com/w/schilling-cider/62413"">Untappd</a>"
2252,95,2017,Pineapple,Caribé Tropical Hard Cider,Carebe Tropical Hard Cider Pineapple,🥈 Silver,Florida,United States,Active,"<a href=""https://caribbreweryusa.com/"">Website</a>","<a href=""https://www.facebook.com/people/Carib-Brewery-USA/100071513900968/"">Facebook</a>",,"<a href=""https://maps.google.com/?cid=5794166466253271261"">Google</a>","<a href=""https://www.yelp.com/biz/carib-brewery-usa-cape-canaveral"">Yelp</a>",,"<a href=""https://untappd.com/floridabeer"">Untappd</a>"
196,96,2017,Pineapple,Ciderboys,Ciderboys Pineapple Hula,🥉 Bronze,Wisconsin,United States,Active,"<a href=""http://www.ciderboys.com/"">Website</a>","<a href=""https://www.facebook.com/Ciderboys"">Facebook</a>","<a href=""https://www.instagram.com/Ciderboys/"">Instagram</a>","<a href=""https://maps.google.com/?cid=1756122992587390562"">Google</a>","<a href=""https://www.yelp.com/biz/stevens-point-brewery-stevens-point"">Yelp</a>","<a href=""https://www.tripadvisor.com/Attraction_Review-g60304-d2265035"">TripAdvisor</a>","<a href=""https://untappd.com/w/ciderboys-hard-cider/44552"">Untappd</a>"
651,97,2017,Pineapple,Turquoise Barn Cider,Apple Pineapple Hard Cider,🥉 Bronze,California,United States,Active,"<a href=""http://www.turquoisebarncider.com/"">Website</a>","<a href=""https://www.facebook.com/turquoisebarncider"">Facebook</a>","<a href=""https://www.instagram.com/turquoisebarncider/"">Instagram</a>","<a href=""https://maps.google.com/?cid=11982641167925504503"">Google</a>","<a href=""https://www.yelp.com/biz/turquoise-barn-cider-ramona"">Yelp</a>",,"<a href=""https://untappd.com/w/turquoise-barn-cider/210564"">Untappd</a>"
661,98,2017,Cherry,Urban Tree Hard Cider,Wild On Cherry,🥇 Gold,Georgia,United States,Active,"<a href=""https://urbantreecidery.com/"">Website</a>","<a href=""https://www.facebook.com/UrbanTreeCider/"">Facebook</a>","<a href=""https://www.instagram.com/urbantreecider/"">Instagram</a>",,,,"<a href=""https://untappd.com/w/urban-tree-cidery/260157"">Untappd</a>"
63,99,2017,Cherry,Virtue Cider,Seedling Orchard Schaerbeek,🥈 Silver,Michigan,United States,Active,"<a href=""http://www.virtuecider.com/"">Website</a>","<a href=""https://www.facebook.com/virtuecider"">Facebook</a>","<a href=""https://www.instagram.com/virtuecider/"">Instagram</a>","<a href=""https://maps.google.com/?cid=8731167836057791034"">Google</a>","<a href=""https://www.yelp.com/biz/virtue-farm-fennville"">Yelp</a>","<a href=""https://www.tripadvisor.com/Attraction_Review-g42198-d7159911"">TripAdvisor</a>","<a href=""https://untappd.com/w/virtue-cider/24608"">Untappd</a>"
1804,100,2017,Cherry,Cider House of Wisconsin,Cherry Flight,🥉 Bronze,Wisconsin,United States,Inactive,,,,,,,
199,101,2017,Cherry,Citizen Cider,Companion,🥉 Bronze,Vermont,United States,Active,"<a href=""https://www.citizencider.com/"">Website</a>","<a href=""https://www.facebook.com/citizencider"">Facebook</a>","<a href=""https://www.instagram.com/citizencider/"">Instagram</a>","<a href=""https://maps.google.com/?cid=705537445817027258"">Google</a>","<a href=""https://www.yelp.com/biz/citizen-cider-burlington"">Yelp</a>","<a href=""https://www.tripadvisor.com/Restaurant_Review-g57201-d6924616"">TripAdvisor</a>","<a href=""https://untappd.com/w/citizen-cider/24209"">Untappd</a>"
196,102,2017,Fruit and Berry,Ciderboys,Ciderboys Strawberry Magic,🥇 Gold,Wisconsin,United States,Active,"<a href=""http://www.ciderboys.com/"">Website</a>","<a href=""https://www.facebook.com/Ciderboys"">Facebook</a>","<a href=""https://www.instagram.com/Ciderboys/"">Instagram</a>","<a href=""https://maps.google.com/?cid=1756122992587390562"">Google</a>","<a href=""https://www.yelp.com/biz/stevens-point-brewery-stevens-point"">Yelp</a>","<a href=""https://www.tripadvisor.com/Attraction_Review-g60304-d2265035"">TripAdvisor</a>","<a href=""https://untappd.com/w/ciderboys-hard-cider/44552"">Untappd</a>"
196,103,2017,Fruit and Berry,Ciderboys,Ciderboys Cranberry Road,🥈 Silver,Wisconsin,United States,Active,"<a href=""http://www.ciderboys.com/"">Website</a>","<a href=""https://www.facebook.com/Ciderboys"">Facebook</a>","<a href=""https://www.instagram.com/Ciderboys/"">Instagram</a>","<a href=""https://maps.google.com/?cid=1756122992587390562"">Google</a>","<a href=""https://www.yelp.com/biz/stevens-point-brewery-stevens-point"">Yelp</a>","<a href=""https://www.tripadvisor.com/Attraction_Review-g60304-d2265035"">TripAdvisor</a>","<a href=""https://untappd.com/w/ciderboys-hard-cider/44552"">Untappd</a>"
550,104,2017,Fruit and Berry,Schilling Cider,Mischief Maker,🥉 Bronze,Washington,United States,Active,"<a href=""https://schillingcider.com/"">Website</a>","<a href=""https://www.facebook.com/SchillingCider/"">Facebook</a>","<a href=""https://www.instagram.com/schillingcider/"">Instagram</a>","<a href=""https://maps.google.com/?cid=12281308087911884522"">Google</a>",,,"<a href=""https://untappd.com/w/schilling-cider/62413"">Untappd</a>"
790,105,2017,Applewine,Heritage Estate Winery & Cidery,Applewine,🥇 Gold,Ontario,Canada,Active,"<a href=""https://heritageestate.ca/"">Website</a>","<a href=""https://www.facebook.com/estateheritage/"">Facebook</a>","<a href=""https://www.instagram.com/estateheritage/"">Instagram</a>","<a href=""https://maps.google.com/?cid=9239224592277777662"">Google</a>",,"<a href=""https://www.tripadvisor.com/Attraction_Review-g154980-d11864452"">TripAdvisor</a>","<a href=""https://untappd.com/w/heritage-estate-winery-cidery/281135"">Untappd</a>"
67,106,2017,Applewine,2 Towns Ciderhouse,Serious Scrump,🥈 Silver,Oregon,United States,Active,"<a href=""http://www.2townsciderhouse.com/"">Website</a>","<a href=""https://www.facebook.com/2townsciderhouse"">Facebook</a>","<a href=""https://www.instagram.com/2townscider/"">Instagram</a>","<a href=""https://maps.google.com/?cid=10429935694700508047"">Google</a>","<a href=""https://www.yelp.com/biz/2-towns-ciderhouse-corvallis"">Yelp</a>","<a href=""https://www.tripadvisor.com/Attraction_Review-g51817-d3417221"">TripAdvisor</a>","<a href=""https://untappd.com/w/2-towns-ciderhouse/12975"">Untappd</a>"
87,107,2017,Applewine,Angry Orchard,The Muse,🥉 Bronze,New York,United States,Active,"<a href=""https://www.angryorchard.com/"">Website</a>","<a href=""https://www.facebook.com/AngryOrchard/"">Facebook</a>","<a href=""https://www.instagram.com/angryorchard/"">Instagram</a>","<a href=""https://maps.google.com/?cid=17467507983407382578"">Google</a>","<a href=""https://www.yelp.com/biz/angry-orchard-walden-2"">Yelp</a>","<a href=""https://www.tripadvisor.com/Attraction_Review-g48788-d10266026"">TripAdvisor</a>","<a href=""https://untappd.com/w/angry-orchard-cider-company/16455"">Untappd</a>"
553,108,2017,Herbal,Seattle Cider Company,Basil Mint,🥇 Gold,Washington,United States,Active,"<a href=""http://www.seattlecidercompany.com/"">Website</a>","<a href=""https://www.facebook.com/SeattleCiderCo"">Facebook</a>","<a href=""https://www.instagram.com/seattleciderco/"">Instagram</a>","<a href=""https://maps.google.com/?cid=10339393864619567754"">Google</a>","<a href=""https://www.yelp.com/biz/seattle-cider-company-seattle"">Yelp</a>",,"<a href=""https://untappd.com/w/seattle-cider-company/75923"">Untappd</a>"
345,109,2017,Herbal,Incline Cider Company,The Legend Lemongrass,🥈 Silver,Washington,United States,Active,"<a href=""http://www.inclinecider.com/"">Website</a>","<a href=""https://www.facebook.com/inclinecider/"">Facebook</a>","<a href=""https://www.instagram.com/inclinecider/"">Instagram</a>","<a href=""https://maps.google.com/?cid=504944612388443997"">Google</a>","<a href=""https://www.yelp.com/biz/incline-cider-house-tacoma"">Yelp</a>","<a href=""https://www.tripadvisor.com/Attraction_Review-g58775-d22266571"">TripAdvisor</a>","<a href=""https://untappd.com/w/incline-cider-company/249584"">Untappd</a>"
90,110,2017,Herbal,Appalachian Mountain Brewery,Mystic Dragon,🥈 Silver,North Carolina,United States,Active,"<a href=""https://www.amb.beer/"">Website</a>","<a href=""https://www.facebook.com/appalachianmountain.brewery/"">Facebook</a>","<a href=""https://www.instagram.com/appalachianmountainbrewery/"">Instagram</a>","<a href=""https://maps.google.com/?cid=5564632093346928631"">Google</a>","<a href=""https://www.yelp.com/biz/appalachian-mountain-brewery-boone"">Yelp</a>","<a href=""https://www.tripadvisor.com/Attraction_Review-g48975-d4185372"">TripAdvisor</a>","<a href=""https://untappd.com/w/appalachian-mountain-cidery/199566"">Untappd</a>"
167,111,2017,Herbal,Broski Ciderworks,Broski Elderflower,🥉 Bronze,Florida,United States,Inactive,,,,,,,
495,112,2017,Hopped,Quantum Leap Winery,Pedaler's Hopped Up Hard Cider,🥇 Gold,Florida,United States,Active,"<a href=""https://quantumleapwinery.com/"">Website</a>","<a href=""https://www.facebook.com/QuantumLeapWinery/"">Facebook</a>","<a href=""https://www.instagram.com/quantumleapwinery/"">Instagram</a>",,,,"<a href=""https://untappd.com/w/quantum-leap-winery/237930"">Untappd</a>"
3177,113,2017,Hopped,Groupe Geloso,Cidre Houblonn,🥈 Silver,Quebec,Canada,Active,"<a href=""https://groupegeloso.com/"">Website</a>","<a href=""https://www.facebook.com/groupegeloso/"">Facebook</a>",,"<a href=""https://maps.google.com/?cid=14532853692172548925"">Google</a>",,,"<a href=""https://untappd.com/w/cidre-beaupre-groupe-geloso/21487"">Untappd</a>"
353,114,2017,Hopped,Atomic Dog Hard Cider,Dry Hopped,🥉 Bronze,Pennsylvania,United States,Active,"<a href=""https://atomicdoghardcider.com/"">Website</a>","<a href=""https://www.facebook.com/atomicdoghardcider"">Facebook</a>",,"<a href=""https://maps.google.com/?cid=7169999648774734369"">Google</a>","<a href=""https://www.yelp.com/biz/the-core-kitchen-at-atomic-dog-cidery-gettysburg"">Yelp</a>",,"<a href=""https://untappd.com/w/atomic-dog-cidery/547121"">Untappd</a>"
490,115,2017,Apple Pie Spiced,Portland Cider Company,Pumpkin Spice,🥇 Gold,Oregon,United States,Active,"<a href=""http://portlandcider.com/"">Website</a>","<a href=""https://www.facebook.com/portlandcider"">Facebook</a>","<a href=""https://www.instagram.com/portlandcider/"">Instagram</a>","<a href=""https://maps.google.com/?cid=5897814277091816079"">Google</a>","<a href=""https://www.yelp.com/biz/portland-cider-company-clackamas"">Yelp</a>","<a href=""https://www.tripadvisor.com/Restaurant_Review-g51806-d6996793"">TripAdvisor</a>","<a href=""https://untappd.com/w/portland-cider-company/56260"">Untappd</a>"
229,116,2017,Apple Pie Spiced,d's Wicked Cider,Baked Apple,🥈 Silver,Washington,United States,Active,"<a href=""http://dswickedcider.com/"">Website</a>","<a href=""https://www.facebook.com/dswickedcider/"">Facebook</a>","<a href=""https://www.instagram.com/dswickedciderco/"">Instagram</a>","<a href=""https://maps.google.com/?cid=2860292587896986843"">Google</a>","<a href=""https://www.yelp.com/biz/sun-river-vintners-kennewick"">Yelp</a>","<a href=""https://www.tripadvisor.com/Attraction_Review-g58536-d13007264"">TripAdvisor</a>","<a href=""https://untappd.com/w/ds-wicked-cider/158215"">Untappd</a>"
353,117,2017,Apple Pie Spiced,Atomic Dog Hard Cider,Fireside,🥉 Bronze,Pennsylvania,United States,Active,"<a href=""https://atomicdoghardcider.com/"">Website</a>","<a href=""https://www.facebook.com/atomicdoghardcider"">Facebook</a>",,"<a href=""https://maps.google.com/?cid=7169999648774734369"">Google</a>","<a href=""https://www.yelp.com/biz/the-core-kitchen-at-atomic-dog-cidery-gettysburg"">Yelp</a>",,"<a href=""https://untappd.com/w/atomic-dog-cidery/547121"">Untappd</a>"
196,118,2017,Spiced,Ciderboys,Mad Bark,🥇 Gold,Wisconsin,United States,Active,"<a href=""http://www.ciderboys.com/"">Website</a>","<a href=""https://www.facebook.com/Ciderboys"">Facebook</a>","<a href=""https://www.instagram.com/Ciderboys/"">Instagram</a>","<a href=""https://maps.google.com/?cid=1756122992587390562"">Google</a>","<a href=""https://www.yelp.com/biz/stevens-point-brewery-stevens-point"">Yelp</a>","<a href=""https://www.tripadvisor.com/Attraction_Review-g60304-d2265035"">TripAdvisor</a>","<a href=""https://untappd.com/w/ciderboys-hard-cider/44552"">Untappd</a>"
229,119,2017,Spiced,d's Wicked Cider,Cider Hammer,🥈 Silver,Washington,United States,Active,"<a href=""http://dswickedcider.com/"">Website</a>","<a href=""https://www.facebook.com/dswickedcider/"">Facebook</a>","<a href=""https://www.instagram.com/dswickedciderco/"">Instagram</a>","<a href=""https://maps.google.com/?cid=2860292587896986843"">Google</a>","<a href=""https://www.yelp.com/biz/sun-river-vintners-kennewick"">Yelp</a>","<a href=""https://www.tripadvisor.com/Attraction_Review-g58536-d13007264"">TripAdvisor</a>","<a href=""https://untappd.com/w/ds-wicked-cider/158215"">Untappd</a>"
553,120,2017,Spiced,Seattle Cider Company,Three Pepper,🥉 Bronze,Washington,United States,Active,"<a href=""http://www.seattlecidercompany.com/"">Website</a>","<a href=""https://www.facebook.com/SeattleCiderCo"">Facebook</a>","<a href=""https://www.instagram.com/seattleciderco/"">Instagram</a>","<a href=""https://maps.google.com/?cid=10339393864619567754"">Google</a>","<a href=""https://www.yelp.com/biz/seattle-cider-company-seattle"">Yelp</a>",,"<a href=""https://untappd.com/w/seattle-cider-company/75923"">Untappd</a>"
389,121,2017,Spiced,Liquid Alchemy Beverages,Deeply-Rooted,🥉 Bronze,Delaware,United States,Active,"<a href=""https://www.liquidalchemybeverages.com/"">Website</a>","<a href=""https://www.facebook.com/LiquidAlchemyBeverages/"">Facebook</a>","<a href=""https://www.instagram.com/liquidalchemybeverages"">Instagram</a>","<a href=""https://maps.google.com/?cid=17392171192902258223"">Google</a>","<a href=""https://www.yelp.com/biz/liquid-alchemy-beverages-wilmington"">Yelp</a>","<a href=""https://www.tripadvisor.com/Attraction_Review-g34059-d12048635"">TripAdvisor</a>","<a href=""https://untappd.com/w/liquid-alchemy-beverages/224415"">Untappd</a>"
63,122,2017,Wood-Aged,Virtue Cider,Percheron,🥇 Gold,Michigan,United States,Active,"<a href=""http://www.virtuecider.com/"">Website</a>","<a href=""https://www.facebook.com/virtuecider"">Facebook</a>","<a href=""https://www.instagram.com/virtuecider/"">Instagram</a>","<a href=""https://maps.google.com/?cid=8731167836057791034"">Google</a>","<a href=""https://www.yelp.com/biz/virtue-farm-fennville"">Yelp</a>","<a href=""https://www.tripadvisor.com/Attraction_Review-g42198-d7159911"">TripAdvisor</a>","<a href=""https://untappd.com/w/virtue-cider/24608"">Untappd</a>"
681,123,2017,Wood-Aged,White Winter Winery,Oak Island Oaked Hard Cider,🥈 Silver,Wisconsin,United States,Active,"<a href=""https://whitewinter.com/"">Website</a>","<a href=""https://www.facebook.com/WhiteWinterWinery/"">Facebook</a>",,"<a href=""https://maps.google.com/?cid=13642608818447326025"">Google</a>","<a href=""https://www.yelp.com/biz/white-winter-winery-iron-river"">Yelp</a>","<a href=""https://www.tripadvisor.com/Attraction_Review-g59986-d2457860"">TripAdvisor</a>","<a href=""https://untappd.com/w/white-winter-winery/1359"">Untappd</a>"
287,124,2017,Wood-Aged,Foxcraft Hard Cider,Foxcraft Cranberry,🥉 Bronze,California,United States,Inactive,,,,,,,
3177,125,2017,Specialty,Groupe Geloso,Verglas,🥇 Gold,Quebec,Canada,Active,"<a href=""https://groupegeloso.com/"">Website</a>","<a href=""https://www.facebook.com/groupegeloso/"">Facebook</a>",,"<a href=""https://maps.google.com/?cid=14532853692172548925"">Google</a>",,,"<a href=""https://untappd.com/w/cidre-beaupre-groupe-geloso/21487"">Untappd</a>"
63,126,2017,Specialty,Virtue Cider,Michigan Honey,🥈 Silver,Michigan,United States,Active,"<a href=""http://www.virtuecider.com/"">Website</a>","<a href=""https://www.facebook.com/virtuecider"">Facebook</a>","<a href=""https://www.instagram.com/virtuecider/"">Instagram</a>","<a href=""https://maps.google.com/?cid=8731167836057791034"">Google</a>","<a href=""https://www.yelp.com/biz/virtue-farm-fennville"">Yelp</a>","<a href=""https://www.tripadvisor.com/Attraction_Review-g42198-d7159911"">TripAdvisor</a>","<a href=""https://untappd.com/w/virtue-cider/24608"">Untappd</a>"
179,127,2017,Specialty,ACE Cider,Ace spACE Bloody Orange,🥉 Bronze,California,United States,Active,"<a href=""http://www.acecider.com/"">Website</a>","<a href=""https://www.facebook.com/AceCider"">Facebook</a>","<a href=""https://www.instagram.com/acecider/"">Instagram</a>",,"<a href=""https://www.yelp.com/biz/ace-premium-hard-ciders-sebastopol"">Yelp</a>","<a href=""https://www.tripadvisor.com/Attraction_Review-g33069-d3626497"">TripAdvisor</a>","<a href=""https://untappd.com/w/ace-cider-the-california-cider-company/331"">Untappd</a>"
306,128,2017,Specialty,Green Bench Brewing Co.,Rooftop Cider,🥉 Bronze,Florida,United States,Active,"<a href=""https://www.greenbenchbrewing.com/"">Website</a>","<a href=""https://www.facebook.com/GreenBenchBrewing/"">Facebook</a>","<a href=""https://www.instagram.com/greenbenchmeadcider/"">Instagram</a>","<a href=""https://maps.google.com/?cid=4473987284585319628"">Google</a>","<a href=""https://www.yelp.com/biz/green-bench-brewing-company-st-petersburg"">Yelp</a>","<a href=""https://www.tripadvisor.com/Attraction_Review-g34607-d8505685"">TripAdvisor</a>","<a href=""https://untappd.com/w/green-bench-mead-cider/184191"">Untappd</a>"
664,129,2017,Unlimited,Vermont Cider Company,Woodchuck Granny Smith,🥇 Gold,Vermont,United States,Active,"<a href=""http://www.woodchuck.com/"">Website</a>","<a href=""https://www.facebook.com/WoodchuckCider"">Facebook</a>","<a href=""https://www.instagram.com/woodchuckcider/"">Instagram</a>","<a href=""https://maps.google.com/?cid=9402882086420367798"">Google</a>","<a href=""https://www.yelp.com/biz/woodchuck-hard-cidery-middlebury"">Yelp</a>","<a href=""https://www.tripadvisor.com/Attraction_Review-g57245-d7022345"">TripAdvisor</a>","<a href=""https://untappd.com/w/woodchuck-cidery/611"">Untappd</a>"
3342,130,2017,Unlimited,Samuel Smith's Brewery,Samuel Smiths Organic Perry,🥈 Silver,North Yorkshire,England,Active,"<a href=""https://samuelsmithsbrewery.co.uk/"">Website</a>","<a href=""https://www.facebook.com/samuelsmithsbrewery/"">Facebook</a>","<a href=""https://www.instagram.com/samuelsmithsbrewery/"">Instagram</a>","<a href=""https://maps.google.com/?cid=15178745194059809638"">Google</a>",,,"<a href=""https://untappd.com/SamuelSmiths"">Untappd</a>"
152,131,2017,Unlimited,Bold Rock Hard Cider,Virgina Apple,🥉 Bronze,North Carolina,United States,Active,"<a href=""https://boldrock.com/"">Website</a>","<a href=""https://www.facebook.com/BoldRockHardCider/"">Facebook</a>","<a href=""https://www.instagram.com/boldrockhardcider/"">Instagram</a>","<a href=""https://maps.google.com/?cid=10604087929796439877"">Google</a>","<a href=""https://www.yelp.com/biz/bold-rock-hard-cider-mills-river-mills-river"">Yelp</a>","<a href=""https://www.tripadvisor.com/Attraction_Review-g1552723-d8862147"">TripAdvisor</a>","<a href=""https://untappd.com/v/bold-rock-mills-river-cidery/3954545"">Untappd</a>"
2053,132,2017,Anything Goes,Vergers de Romilly,Ferme de Romilly Demi-sec,🥇 Gold,Normandy,France,Active,"<a href=""https://vergersderomilly.com/"">Website</a>","<a href=""https://www.facebook.com/romillycidre/"">Facebook</a>","<a href=""https://www.instagram.com/romillycidre/"">Instagram</a>","<a href=""https://maps.google.com/?cid=17784069933896314553"">Google</a>",,"<a href=""https://www.tripadvisor.com/Attraction_Review-g1009737-d2196474"">TripAdvisor</a>","<a href=""https://untappd.com/RomillyFrenchCidre"">Untappd</a>"
165,133,2017,Anything Goes,Brooklyn Cider House,Half Sour,🥈 Silver,New York,United States,Active,"<a href=""https://www.brooklynciderhouse.com/"">Website</a>","<a href=""https://www.facebook.com/brooklynciderhouse"">Facebook</a>","<a href=""https://www.instagram.com/brooklynciderhouse/"">Instagram</a>","<a href=""https://maps.google.com/?cid=3244654366527486527"">Google</a>","<a href=""https://www.yelp.com/biz/brooklyn-cider-house-new-paltz"">Yelp</a>","<a href=""https://www.tripadvisor.com/Attraction_Review-g48245-d8719294"">TripAdvisor</a>","<a href=""https://untappd.com/w/brooklyn-cider-house/234267"">Untappd</a>"
757,134,2017,Anything Goes,Clafeld Cider House,Elderflower,🥉 Bronze,Ontario,Canada,Active,"<a href=""https://www.waupooswinery.com/"">Website</a>","<a href=""https://www.facebook.com/clafeldcider/"">Facebook</a>","<a href=""https://www.instagram.com/clafeldcider/"">Instagram</a>","<a href=""https://maps.google.com/?cid=14335401017140852929"">Google</a>","<a href=""https://www.yelp.com/biz/clafeld-market-prince-edward"">Yelp</a>","<a href=""https://www.tripadvisor.com/Attraction_Review-g3454068-d14194483"">TripAdvisor</a>","<a href=""https://untappd.com/w/clafeld-fruit-winery-market/207242"">Untappd</a>"
661,135,2017,Single Varietal,Urban Tree Hard Cider,Vintage Gala,🥇 Gold,Georgia,United States,Active,"<a href=""https://urbantreecidery.com/"">Website</a>","<a href=""https://www.facebook.com/UrbanTreeCider/"">Facebook</a>","<a href=""https://www.instagram.com/urbantreecider/"">Instagram</a>",,,,"<a href=""https://untappd.com/w/urban-tree-cidery/260157"">Untappd</a>"
128,136,2017,Single Varietal,Big Hill Ciderworks,Dolgo Crabapple,🥈 Silver,Pennsylvania,United States,Active,"<a href=""https://www.bighillcider.com/"">Website</a>","<a href=""https://www.facebook.com/BigHillCider/"">Facebook</a>","<a href=""https://www.instagram.com/bighillciderworks"">Instagram</a>","<a href=""https://maps.google.com/?cid=11839293456795799865"">Google</a>","<a href=""https://www.yelp.com/biz/big-hill-ciderworks-gardners"">Yelp</a>","<a href=""https://www.tripadvisor.com/Restaurant_Review-g52702-d24083733"">TripAdvisor</a>","<a href=""https://untappd.com/w/big-hill-ciderworks/126817"">Untappd</a>"
87,137,2017,Single Varietal,Angry Orchard,Newtown Pippin Vintage 2016,🥉 Bronze,New York,United States,Active,"<a href=""https://www.angryorchard.com/"">Website</a>","<a href=""https://www.facebook.com/AngryOrchard/"">Facebook</a>","<a href=""https://www.instagram.com/angryorchard/"">Instagram</a>","<a href=""https://maps.google.com/?cid=17467507983407382578"">Google</a>","<a href=""https://www.yelp.com/biz/angry-orchard-walden-2"">Yelp</a>","<a href=""https://www.tripadvisor.com/Attraction_Review-g48788-d10266026"">TripAdvisor</a>","<a href=""https://untappd.com/w/angry-orchard-cider-company/16455"">Untappd</a>"
864,138,2017,Ice Cider,West Avenue Cider,North by West,🥇 Gold,Ontario,Canada,Active,"<a href=""https://www.westavenue.ca/"">Website</a>","<a href=""https://www.facebook.com/WestAvenueCider"">Facebook</a>","<a href=""https://www.instagram.com/westavenuecider/"">Instagram</a>","<a href=""https://maps.google.com/?cid=2732627738094534556"">Google</a>","<a href=""https://www.yelp.com/biz/west-avenue-cider-house-freelton"">Yelp</a>","<a href=""https://www.tripadvisor.com/Attraction_Review-g154990-d15192590"">TripAdvisor</a>","<a href=""https://untappd.com/w/west-avenue-cider/72499"">Untappd</a>"
681,139,2017,Ice Cider,White Winter Winery,Eiszider,🥈 Silver,Wisconsin,United States,Active,"<a href=""https://whitewinter.com/"">Website</a>","<a href=""https://www.facebook.com/WhiteWinterWinery/"">Facebook</a>",,"<a href=""https://maps.google.com/?cid=13642608818447326025"">Google</a>","<a href=""https://www.yelp.com/biz/white-winter-winery-iron-river"">Yelp</a>","<a href=""https://www.tripadvisor.com/Attraction_Review-g59986-d2457860"">TripAdvisor</a>","<a href=""https://untappd.com/w/white-winter-winery/1359"">Untappd</a>"
97,140,2018,Modern Cider – Sweet,Arsenal Cider House,Event Blend,🥇 Gold,Pennsylvania,United States,Active,"<a href=""https://www.arsenalciderhouse.com/lawrenceville/"">Website</a>","<a href=""https://www.facebook.com/ArsenalCider"">Facebook</a>","<a href=""https://www.instagram.com/arsenalcider/"">Instagram</a>","<a href=""https://maps.google.com/?cid=3302243150360255083"">Google</a>","<a href=""https://www.yelp.com/biz/arsenal-cider-house-and-wine-cellar-pittsburgh"">Yelp</a>","<a href=""https://www.tripadvisor.com/Attraction_Review-g53449-d4558019"">TripAdvisor</a>","<a href=""https://untappd.com/w/arsenal-cider-house/12282"">Untappd</a>"
179,141,2018,Modern Cider – Sweet,ACE Cider,Ace Apple Craft Cider,🥈 Silver,California,United States,Active,"<a href=""http://www.acecider.com/"">Website</a>","<a href=""https://www.facebook.com/AceCider"">Facebook</a>","<a href=""https://www.instagram.com/acecider/"">Instagram</a>",,"<a href=""https://www.yelp.com/biz/ace-premium-hard-ciders-sebastopol"">Yelp</a>","<a href=""https://www.tripadvisor.com/Attraction_Review-g33069-d3626497"">TripAdvisor</a>","<a href=""https://untappd.com/w/ace-cider-the-california-cider-company/331"">Untappd</a>"
790,142,2018,Modern Cider – Sweet,Heritage Estate Winery & Cidery,Eden's Apple,🥉 Bronze,Ontario,Canada,Active,"<a href=""https://heritageestate.ca/"">Website</a>","<a href=""https://www.facebook.com/estateheritage/"">Facebook</a>","<a href=""https://www.instagram.com/estateheritage/"">Instagram</a>","<a href=""https://maps.google.com/?cid=9239224592277777662"">Google</a>",,"<a href=""https://www.tripadvisor.com/Attraction_Review-g154980-d11864452"">TripAdvisor</a>","<a href=""https://untappd.com/w/heritage-estate-winery-cidery/281135"">Untappd</a>"
3461,143,2018,Modern Cider – Sweet,Rekorderlig,Hard Apple Cider,🥉 Bronze,Kalmar,Sweden,Active,"<a href=""https://www.rekorderlig.se/"">Website</a>",,,"<a href=""https://maps.google.com/?cid=288919773440364044"">Google</a>",,,"<a href=""https://untappd.com/AbroBryggeri"">Untappd</a>"
790,144,2018,Modern Cider – Dry,Heritage Estate Winery & Cidery,Dragon's Gold,🥇 Gold,Ontario,Canada,Active,"<a href=""https://heritageestate.ca/"">Website</a>","<a href=""https://www.facebook.com/estateheritage/"">Facebook</a>","<a href=""https://www.instagram.com/estateheritage/"">Instagram</a>","<a href=""https://maps.google.com/?cid=9239224592277777662"">Google</a>",,"<a href=""https://www.tripadvisor.com/Attraction_Review-g154980-d11864452"">TripAdvisor</a>","<a href=""https://untappd.com/w/heritage-estate-winery-cidery/281135"">Untappd</a>"
2575,145,2018,Modern Cider – Dry,Jeff Carlson,U Jays Modern Cider,🥈 Silver,Michigan,United States,Inactive,,,,,,,
63,146,2018,Modern Cider – Dry,Virtue Cider,Michigan Brut,🥉 Bronze,Michigan,United States,Active,"<a href=""http://www.virtuecider.com/"">Website</a>","<a href=""https://www.facebook.com/virtuecider"">Facebook</a>","<a href=""https://www.instagram.com/virtuecider/"">Instagram</a>","<a href=""https://maps.google.com/?cid=8731167836057791034"">Google</a>","<a href=""https://www.yelp.com/biz/virtue-farm-fennville"">Yelp</a>","<a href=""https://www.tripadvisor.com/Attraction_Review-g42198-d7159911"">TripAdvisor</a>","<a href=""https://untappd.com/w/virtue-cider/24608"">Untappd</a>"
2510,147,2018,Heritage Cider – Sweet,Maeloc,Maeloc Sparkling Organic Cider,🥈 Silver,Galicia,Spain,Active,"<a href=""https://maelocway.com/"">Website</a>","<a href=""https://www.facebook.com/maelocway/"">Facebook</a>","<a href=""https://www.instagram.com/maelocway/"">Instagram</a>","<a href=""https://maps.google.com/?cid=11814015461660737074"">Google</a>",,,"<a href=""https://untappd.com/w/maeloc-cider/140146"">Untappd</a>"
87,148,2018,Heritage Cider – Sweet,Angry Orchard,Albany Post,🥉 Bronze,New York,United States,Active,"<a href=""https://www.angryorchard.com/"">Website</a>","<a href=""https://www.facebook.com/AngryOrchard/"">Facebook</a>","<a href=""https://www.instagram.com/angryorchard/"">Instagram</a>","<a href=""https://maps.google.com/?cid=17467507983407382578"">Google</a>","<a href=""https://www.yelp.com/biz/angry-orchard-walden-2"">Yelp</a>","<a href=""https://www.tripadvisor.com/Attraction_Review-g48788-d10266026"">TripAdvisor</a>","<a href=""https://untappd.com/w/angry-orchard-cider-company/16455"">Untappd</a>"
664,149,2018,Heritage Cider – Dry,Vermont Cider Company,Magners Original Irish Cider,🥇 Gold,Vermont,United States,Active,"<a href=""http://www.woodchuck.com/"">Website</a>","<a href=""https://www.facebook.com/WoodchuckCider"">Facebook</a>","<a href=""https://www.instagram.com/woodchuckcider/"">Instagram</a>","<a href=""https://maps.google.com/?cid=9402882086420367798"">Google</a>","<a href=""https://www.yelp.com/biz/woodchuck-hard-cidery-middlebury"">Yelp</a>","<a href=""https://www.tripadvisor.com/Attraction_Review-g57245-d7022345"">TripAdvisor</a>","<a href=""https://untappd.com/w/woodchuck-cidery/611"">Untappd</a>"
790,150,2018,Heritage Cider – Dry,Heritage Estate Winery & Cidery,Heirloom Cider,🥈 Silver,Ontario,Canada,Active,"<a href=""https://heritageestate.ca/"">Website</a>","<a href=""https://www.facebook.com/estateheritage/"">Facebook</a>","<a href=""https://www.instagram.com/estateheritage/"">Instagram</a>","<a href=""https://maps.google.com/?cid=9239224592277777662"">Google</a>",,"<a href=""https://www.tripadvisor.com/Attraction_Review-g154980-d11864452"">TripAdvisor</a>","<a href=""https://untappd.com/w/heritage-estate-winery-cidery/281135"">Untappd</a>"
2510,151,2018,Heritage Cider – Dry,Maeloc,Maeloc Dry Cider,🥉 Bronze,Galicia,Spain,Active,"<a href=""https://maelocway.com/"">Website</a>","<a href=""https://www.facebook.com/maelocway/"">Facebook</a>","<a href=""https://www.instagram.com/maelocway/"">Instagram</a>","<a href=""https://maps.google.com/?cid=11814015461660737074"">Google</a>",,,"<a href=""https://untappd.com/w/maeloc-cider/140146"">Untappd</a>"
67,152,2018,Traditional Cider – Sweet (French),2 Towns Ciderhouse,2017 Cider Bouch,🥇 Gold,Oregon,United States,Active,"<a href=""http://www.2townsciderhouse.com/"">Website</a>","<a href=""https://www.facebook.com/2townsciderhouse"">Facebook</a>","<a href=""https://www.instagram.com/2townscider/"">Instagram</a>","<a href=""https://maps.google.com/?cid=10429935694700508047"">Google</a>","<a href=""https://www.yelp.com/biz/2-towns-ciderhouse-corvallis"">Yelp</a>","<a href=""https://www.tripadvisor.com/Attraction_Review-g51817-d3417221"">TripAdvisor</a>","<a href=""https://untappd.com/w/2-towns-ciderhouse/12975"">Untappd</a>"
2053,153,2018,Traditional Cider – Sweet (French),Vergers de Romilly,Ferme de Romilly Doux (Sweet) Cidre de Normandie,🥈 Silver,Normandy,France,Active,"<a href=""https://vergersderomilly.com/"">Website</a>","<a href=""https://www.facebook.com/romillycidre/"">Facebook</a>","<a href=""https://www.instagram.com/romillycidre/"">Instagram</a>","<a href=""https://maps.google.com/?cid=17784069933896314553"">Google</a>",,"<a href=""https://www.tripadvisor.com/Attraction_Review-g1009737-d2196474"">TripAdvisor</a>","<a href=""https://untappd.com/RomillyFrenchCidre"">Untappd</a>"
87,154,2018,Traditional Cider – Sweet (French),Angry Orchard,Crisp Apple,🥉 Bronze,New York,United States,Active,"<a href=""https://www.angryorchard.com/"">Website</a>","<a href=""https://www.facebook.com/AngryOrchard/"">Facebook</a>","<a href=""https://www.instagram.com/angryorchard/"">Instagram</a>","<a href=""https://maps.google.com/?cid=17467507983407382578"">Google</a>","<a href=""https://www.yelp.com/biz/angry-orchard-walden-2"">Yelp</a>","<a href=""https://www.tripadvisor.com/Attraction_Review-g48788-d10266026"">TripAdvisor</a>","<a href=""https://untappd.com/w/angry-orchard-cider-company/16455"">Untappd</a>"
2571,155,2018,Traditional Cider – Dry (English),Eva Group,Dry Apple,🥇 Gold,Navarre,Spain,Active,"<a href=""https://www.evasa.com/"">Website</a>",,,"<a href=""https://maps.google.com/?cid=546948451257487120"">Google</a>",,,"<a href=""https://untappd.com/EvaGroup"">Untappd</a>"
664,156,2018,Traditional Cider – Dry (English),Vermont Cider Company,Woodchuck 802 Collection: Lil' Dry,🥇 Gold,Vermont,United States,Active,"<a href=""http://www.woodchuck.com/"">Website</a>","<a href=""https://www.facebook.com/WoodchuckCider"">Facebook</a>","<a href=""https://www.instagram.com/woodchuckcider/"">Instagram</a>","<a href=""https://maps.google.com/?cid=9402882086420367798"">Google</a>","<a href=""https://www.yelp.com/biz/woodchuck-hard-cidery-middlebury"">Yelp</a>","<a href=""https://www.tripadvisor.com/Attraction_Review-g57245-d7022345"">TripAdvisor</a>","<a href=""https://untappd.com/w/woodchuck-cidery/611"">Untappd</a>"
87,157,2018,Traditional Cider – Dry (English),Angry Orchard,Angry Orchard Foranna,🥈 Silver,New York,United States,Active,"<a href=""https://www.angryorchard.com/"">Website</a>","<a href=""https://www.facebook.com/AngryOrchard/"">Facebook</a>","<a href=""https://www.instagram.com/angryorchard/"">Instagram</a>","<a href=""https://maps.google.com/?cid=17467507983407382578"">Google</a>","<a href=""https://www.yelp.com/biz/angry-orchard-walden-2"">Yelp</a>","<a href=""https://www.tripadvisor.com/Attraction_Review-g48788-d10266026"">TripAdvisor</a>","<a href=""https://untappd.com/w/angry-orchard-cider-company/16455"">Untappd</a>"
812,158,2018,Traditional Cider – Dry (English),Niagara College Teaching Winery,Harvest Scrumpy Russet Cider,🥉 Bronze,Ontario,Canada,Active,"<a href=""https://www.ncteachingwinery.ca/"">Website</a>","<a href=""https://www.facebook.com/nctwinery/"">Facebook</a>","<a href=""https://www.instagram.com/nctwinery/"">Instagram</a>","<a href=""https://maps.google.com/?cid=2529664632400053188"">Google</a>","<a href=""https://www.yelp.com/biz/niagara-college-teaching-winery-niagara-on-the-lake"">Yelp</a>","<a href=""https://www.tripadvisor.com/Attraction_Review-g154999-d2414360"">TripAdvisor</a>","<a href=""https://untappd.com/w/niagara-college-teaching-winery/390649"">Untappd</a>"
664,159,2018,Perry,Vermont Cider Company,Magners Pear Irish Cider,🥇 Gold,Vermont,United States,Active,"<a href=""http://www.woodchuck.com/"">Website</a>","<a href=""https://www.facebook.com/WoodchuckCider"">Facebook</a>","<a href=""https://www.instagram.com/woodchuckcider/"">Instagram</a>","<a href=""https://maps.google.com/?cid=9402882086420367798"">Google</a>","<a href=""https://www.yelp.com/biz/woodchuck-hard-cidery-middlebury"">Yelp</a>","<a href=""https://www.tripadvisor.com/Attraction_Review-g57245-d7022345"">TripAdvisor</a>","<a href=""https://untappd.com/w/woodchuck-cidery/611"">Untappd</a>"
87,160,2018,Perry,Angry Orchard,Angry Orchard Perry,🥈 Silver,New York,United States,Active,"<a href=""https://www.angryorchard.com/"">Website</a>","<a href=""https://www.facebook.com/AngryOrchard/"">Facebook</a>","<a href=""https://www.instagram.com/angryorchard/"">Instagram</a>","<a href=""https://maps.google.com/?cid=17467507983407382578"">Google</a>","<a href=""https://www.yelp.com/biz/angry-orchard-walden-2"">Yelp</a>","<a href=""https://www.tripadvisor.com/Attraction_Review-g48788-d10266026"">TripAdvisor</a>","<a href=""https://untappd.com/w/angry-orchard-cider-company/16455"">Untappd</a>"
2571,161,2018,Perry,Eva Group,Pear,🥉 Bronze,Navarre,Spain,Active,"<a href=""https://www.evasa.com/"">Website</a>",,,"<a href=""https://maps.google.com/?cid=546948451257487120"">Google</a>",,,"<a href=""https://untappd.com/EvaGroup"">Untappd</a>"
103,162,2018,Fruit,Avid Cider,Dragon Fruit,🥇 Gold,Oregon,United States,Active,"<a href=""https://avidcider.com/"">Website</a>","<a href=""https://www.facebook.com/AVIDCider/"">Facebook</a>","<a href=""https://www.instagram.com/avidcidercompany/"">Instagram</a>",,"<a href=""https://www.yelp.com/biz/atlas-cider-co-bend-2"">Yelp</a>","<a href=""https://www.tripadvisor.com/Attraction_Review-g51766-d6870614"">TripAdvisor</a>","<a href=""https://untappd.com/w/atlas-cider-company/65739"">Untappd</a>"
196,163,2018,Fruit,Ciderboys,Peach County,🥈 Silver,Wisconsin,United States,Active,"<a href=""http://www.ciderboys.com/"">Website</a>","<a href=""https://www.facebook.com/Ciderboys"">Facebook</a>","<a href=""https://www.instagram.com/Ciderboys/"">Instagram</a>","<a href=""https://maps.google.com/?cid=1756122992587390562"">Google</a>","<a href=""https://www.yelp.com/biz/stevens-point-brewery-stevens-point"">Yelp</a>","<a href=""https://www.tripadvisor.com/Attraction_Review-g60304-d2265035"">TripAdvisor</a>","<a href=""https://untappd.com/w/ciderboys-hard-cider/44552"">Untappd</a>"
211,164,2018,Fruit,Common Cider Company,Blood Orange Tangerine,🥉 Bronze,California,United States,Inactive,,,,,,,
67,165,2018,Pineapple,2 Towns Ciderhouse,Pacific Pineapple,🥇 Gold,Oregon,United States,Active,"<a href=""http://www.2townsciderhouse.com/"">Website</a>","<a href=""https://www.facebook.com/2townsciderhouse"">Facebook</a>","<a href=""https://www.instagram.com/2townscider/"">Instagram</a>","<a href=""https://maps.google.com/?cid=10429935694700508047"">Google</a>","<a href=""https://www.yelp.com/biz/2-towns-ciderhouse-corvallis"">Yelp</a>","<a href=""https://www.tripadvisor.com/Attraction_Review-g51817-d3417221"">TripAdvisor</a>","<a href=""https://untappd.com/w/2-towns-ciderhouse/12975"">Untappd</a>"
2252,166,2018,Pineapple,Caribé Tropical Hard Cider,Caribe Tropical Hard Cider Pineapple,🥈 Silver,Florida,United States,Active,"<a href=""https://caribbreweryusa.com/"">Website</a>","<a href=""https://www.facebook.com/people/Carib-Brewery-USA/100071513900968/"">Facebook</a>",,"<a href=""https://maps.google.com/?cid=5794166466253271261"">Google</a>","<a href=""https://www.yelp.com/biz/carib-brewery-usa-cape-canaveral"">Yelp</a>",,"<a href=""https://untappd.com/floridabeer"">Untappd</a>"
196,167,2018,Pineapple,Ciderboys,Pineapple Hula,🥉 Bronze,Wisconsin,United States,Active,"<a href=""http://www.ciderboys.com/"">Website</a>","<a href=""https://www.facebook.com/Ciderboys"">Facebook</a>","<a href=""https://www.instagram.com/Ciderboys/"">Instagram</a>","<a href=""https://maps.google.com/?cid=1756122992587390562"">Google</a>","<a href=""https://www.yelp.com/biz/stevens-point-brewery-stevens-point"">Yelp</a>","<a href=""https://www.tripadvisor.com/Attraction_Review-g60304-d2265035"">TripAdvisor</a>","<a href=""https://untappd.com/w/ciderboys-hard-cider/44552"">Untappd</a>"
812,168,2018,Cherry,Niagara College Teaching Winery,Cherry on Top,🥇 Gold,Ontario,Canada,Active,"<a href=""https://www.ncteachingwinery.ca/"">Website</a>","<a href=""https://www.facebook.com/nctwinery/"">Facebook</a>","<a href=""https://www.instagram.com/nctwinery/"">Instagram</a>","<a href=""https://maps.google.com/?cid=2529664632400053188"">Google</a>","<a href=""https://www.yelp.com/biz/niagara-college-teaching-winery-niagara-on-the-lake"">Yelp</a>","<a href=""https://www.tripadvisor.com/Attraction_Review-g154999-d2414360"">TripAdvisor</a>","<a href=""https://untappd.com/w/niagara-college-teaching-winery/390649"">Untappd</a>"
63,169,2018,Cherry,Virtue Cider,Michigan Cherry,🥈 Silver,Michigan,United States,Active,"<a href=""http://www.virtuecider.com/"">Website</a>","<a href=""https://www.facebook.com/virtuecider"">Facebook</a>","<a href=""https://www.instagram.com/virtuecider/"">Instagram</a>","<a href=""https://maps.google.com/?cid=8731167836057791034"">Google</a>","<a href=""https://www.yelp.com/biz/virtue-farm-fennville"">Yelp</a>","<a href=""https://www.tripadvisor.com/Attraction_Review-g42198-d7159911"">TripAdvisor</a>","<a href=""https://untappd.com/w/virtue-cider/24608"">Untappd</a>"
661,170,2018,Cherry,Urban Tree Hard Cider,Wild on Cherry,🥉 Bronze,Georgia,United States,Active,"<a href=""https://urbantreecidery.com/"">Website</a>","<a href=""https://www.facebook.com/UrbanTreeCider/"">Facebook</a>","<a href=""https://www.instagram.com/urbantreecider/"">Instagram</a>",,,,"<a href=""https://untappd.com/w/urban-tree-cidery/260157"">Untappd</a>"
497,171,2018,Fruit and Berry,Ragged Hill Cider,Rasé,🥇 Gold,Massachusetts,United States,Active,"<a href=""https://www.raggedhillcider.com/"">Website</a>","<a href=""https://www.facebook.com/RaggedHillCider/"">Facebook</a>","<a href=""https://www.instagram.com/raggedhillcider/"">Instagram</a>","<a href=""https://maps.google.com/?cid=12743756096350248911"">Google</a>","<a href=""https://www.yelp.com/biz/ragged-hill-orchard-west-brookfield"">Yelp</a>","<a href=""https://www.tripadvisor.com/Attraction_Review-g41900-d13976564"">TripAdvisor</a>","<a href=""https://untappd.com/w/ragged-hill-cider-company/339946"">Untappd</a>"
196,172,2018,Fruit and Berry,Ciderboys,Strawberry Magic,🥇 Gold,Wisconsin,United States,Active,"<a href=""http://www.ciderboys.com/"">Website</a>","<a href=""https://www.facebook.com/Ciderboys"">Facebook</a>","<a href=""https://www.instagram.com/Ciderboys/"">Instagram</a>","<a href=""https://maps.google.com/?cid=1756122992587390562"">Google</a>","<a href=""https://www.yelp.com/biz/stevens-point-brewery-stevens-point"">Yelp</a>","<a href=""https://www.tripadvisor.com/Attraction_Review-g60304-d2265035"">TripAdvisor</a>","<a href=""https://untappd.com/w/ciderboys-hard-cider/44552"">Untappd</a>"
345,173,2018,Fruit and Berry,Incline Cider Company,Marionberry Cider,🥈 Silver,Washington,United States,Active,"<a href=""http://www.inclinecider.com/"">Website</a>","<a href=""https://www.facebook.com/inclinecider/"">Facebook</a>","<a href=""https://www.instagram.com/inclinecider/"">Instagram</a>","<a href=""https://maps.google.com/?cid=504944612388443997"">Google</a>","<a href=""https://www.yelp.com/biz/incline-cider-house-tacoma"">Yelp</a>","<a href=""https://www.tripadvisor.com/Attraction_Review-g58775-d22266571"">TripAdvisor</a>","<a href=""https://untappd.com/w/incline-cider-company/249584"">Untappd</a>"
462,174,2018,Fruit and Berry,One Tree Hard Cider,Cranberry Hard Cider,🥈 Silver,Washington,United States,Active,"<a href=""http://www.onetreehardcider.com/"">Website</a>","<a href=""https://www.facebook.com/OneTreeHardCider"">Facebook</a>","<a href=""https://www.instagram.com/onetreecider"">Instagram</a>","<a href=""https://maps.google.com/?cid=3782079883535213089"">Google</a>","<a href=""https://www.yelp.com/biz/one-tree-hard-cider-spokane-valley"">Yelp</a>","<a href=""https://www.tripadvisor.com/Restaurant_Review-g58759-d12802835"">TripAdvisor</a>","<a href=""https://untappd.com/w/one-tree-hard-cider/141397"">Untappd</a>"
229,175,2018,Fruit and Berry,d's Wicked Cider,Troppi Poppi,🥉 Bronze,Washington,United States,Active,"<a href=""http://dswickedcider.com/"">Website</a>","<a href=""https://www.facebook.com/dswickedcider/"">Facebook</a>","<a href=""https://www.instagram.com/dswickedciderco/"">Instagram</a>","<a href=""https://maps.google.com/?cid=2860292587896986843"">Google</a>","<a href=""https://www.yelp.com/biz/sun-river-vintners-kennewick"">Yelp</a>","<a href=""https://www.tripadvisor.com/Attraction_Review-g58536-d13007264"">TripAdvisor</a>","<a href=""https://untappd.com/w/ds-wicked-cider/158215"">Untappd</a>"
790,176,2018,Applewine,Heritage Estate Winery & Cidery,Applewine,🥇 Gold,Ontario,Canada,Active,"<a href=""https://heritageestate.ca/"">Website</a>","<a href=""https://www.facebook.com/estateheritage/"">Facebook</a>","<a href=""https://www.instagram.com/estateheritage/"">Instagram</a>","<a href=""https://maps.google.com/?cid=9239224592277777662"">Google</a>",,"<a href=""https://www.tripadvisor.com/Attraction_Review-g154980-d11864452"">TripAdvisor</a>","<a href=""https://untappd.com/w/heritage-estate-winery-cidery/281135"">Untappd</a>"
490,177,2018,Applewine,Portland Cider Company,The Perfect 10,🥈 Silver,Oregon,United States,Active,"<a href=""http://portlandcider.com/"">Website</a>","<a href=""https://www.facebook.com/portlandcider"">Facebook</a>","<a href=""https://www.instagram.com/portlandcider/"">Instagram</a>","<a href=""https://maps.google.com/?cid=5897814277091816079"">Google</a>","<a href=""https://www.yelp.com/biz/portland-cider-company-clackamas"">Yelp</a>","<a href=""https://www.tripadvisor.com/Restaurant_Review-g51806-d6996793"">TripAdvisor</a>","<a href=""https://untappd.com/w/portland-cider-company/56260"">Untappd</a>"
389,178,2018,Applewine,Liquid Alchemy Beverages,First-State-Cider,🥉 Bronze,Delaware,United States,Active,"<a href=""https://www.liquidalchemybeverages.com/"">Website</a>","<a href=""https://www.facebook.com/LiquidAlchemyBeverages/"">Facebook</a>","<a href=""https://www.instagram.com/liquidalchemybeverages"">Instagram</a>","<a href=""https://maps.google.com/?cid=17392171192902258223"">Google</a>","<a href=""https://www.yelp.com/biz/liquid-alchemy-beverages-wilmington"">Yelp</a>","<a href=""https://www.tripadvisor.com/Attraction_Review-g34059-d12048635"">TripAdvisor</a>","<a href=""https://untappd.com/w/liquid-alchemy-beverages/224415"">Untappd</a>"
2170,179,2018,Herbal,Dingo Dog Brewing Company,Suzie's Honeysuckle Cider,🥇 Gold,North Carolina,United States,Active,"<a href=""https://www.dingodogbrewing.com/"">Website</a>","<a href=""https://www.facebook.com/dingodogbrewing"">Facebook</a>","<a href=""https://www.instagram.com/dingodogbrewing/"">Instagram</a>","<a href=""https://maps.google.com/?cid=855662940419552138"">Google</a>","<a href=""https://www.yelp.com/biz/dingo-dog-brewing-company-carrboro"">Yelp</a>",,"<a href=""https://untappd.com/DingoDogBrewing"">Untappd</a>"
515,180,2018,Herbal,Rhinegeist Brewery,Lemongrass Ginger Cider,🥈 Silver,Ohio,United States,Active,"<a href=""https://rhinegeist.com/"">Website</a>","<a href=""https://www.facebook.com/rhinegeist"">Facebook</a>","<a href=""https://www.instagram.com/rhinegeist/"">Instagram</a>","<a href=""https://maps.google.com/?cid=4624817204033581156"">Google</a>","<a href=""https://www.yelp.com/biz/rhinegeist-brewery-cincinnati"">Yelp</a>","<a href=""https://www.tripadvisor.com/Attraction_Review-g60993-d8618371"">TripAdvisor</a>","<a href=""https://untappd.com/w/rhinegeist-brewery/69953"">Untappd</a>"
664,181,2018,Herbal,Vermont Cider Company,Cucumber Mint,🥈 Silver,Vermont,United States,Active,"<a href=""http://www.woodchuck.com/"">Website</a>","<a href=""https://www.facebook.com/WoodchuckCider"">Facebook</a>","<a href=""https://www.instagram.com/woodchuckcider/"">Instagram</a>","<a href=""https://maps.google.com/?cid=9402882086420367798"">Google</a>","<a href=""https://www.yelp.com/biz/woodchuck-hard-cidery-middlebury"">Yelp</a>","<a href=""https://www.tripadvisor.com/Attraction_Review-g57245-d7022345"">TripAdvisor</a>","<a href=""https://untappd.com/w/woodchuck-cidery/611"">Untappd</a>"
328,182,2018,Herbal,Hidden Cave Cidery,Rose Hip Rosemary,🥉 Bronze,Wisconsin,United States,Active,"<a href=""https://www.hiddencavecidery.com/"">Website</a>","<a href=""https://www.facebook.com/hiddencavecidery/"">Facebook</a>","<a href=""https://www.instagram.com/hiddencavecidery"">Instagram</a>","<a href=""https://maps.google.com/?cid=2326894092775693665"">Google</a>","<a href=""https://www.yelp.com/biz/hidden-cave-cidery-middleton"">Yelp</a>",,"<a href=""https://untappd.com/w/hidden-cave-cidery/395008"">Untappd</a>"
415,183,2018,Hopped,Meriwether Cider Company,Hopshot,🥇 Gold,Idaho,United States,Active,"<a href=""https://www.meriwethercider.com/"">Website</a>","<a href=""https://www.facebook.com/meriwethercider"">Facebook</a>","<a href=""https://www.instagram.com/meriwethercider/"">Instagram</a>","<a href=""https://maps.google.com/?cid=7830741432069672416"">Google</a>","<a href=""https://www.yelp.com/biz/meriwether-cider-company-garden-city-2"">Yelp</a>","<a href=""https://www.tripadvisor.com/Attraction_Review-g35459-d10034505"">TripAdvisor</a>","<a href=""https://untappd.com/w/meriwether-cider-company/222316"">Untappd</a>"
490,184,2018,Hopped,Portland Cider Company,Hop Rageous,🥈 Silver,Oregon,United States,Active,"<a href=""http://portlandcider.com/"">Website</a>","<a href=""https://www.facebook.com/portlandcider"">Facebook</a>","<a href=""https://www.instagram.com/portlandcider/"">Instagram</a>","<a href=""https://maps.google.com/?cid=5897814277091816079"">Google</a>","<a href=""https://www.yelp.com/biz/portland-cider-company-clackamas"">Yelp</a>","<a href=""https://www.tripadvisor.com/Restaurant_Review-g51806-d6996793"">TripAdvisor</a>","<a href=""https://untappd.com/w/portland-cider-company/56260"">Untappd</a>"
67,185,2018,Hopped,2 Towns Ciderhouse,Fresh Hop Hop & Stalk,🥉 Bronze,Oregon,United States,Active,"<a href=""http://www.2townsciderhouse.com/"">Website</a>","<a href=""https://www.facebook.com/2townsciderhouse"">Facebook</a>","<a href=""https://www.instagram.com/2townscider/"">Instagram</a>","<a href=""https://maps.google.com/?cid=10429935694700508047"">Google</a>","<a href=""https://www.yelp.com/biz/2-towns-ciderhouse-corvallis"">Yelp</a>","<a href=""https://www.tripadvisor.com/Attraction_Review-g51817-d3417221"">TripAdvisor</a>","<a href=""https://untappd.com/w/2-towns-ciderhouse/12975"">Untappd</a>"
345,186,2018,Hopped,Incline Cider Company,The Explorer Hopped,🥉 Bronze,Washington,United States,Active,"<a href=""http://www.inclinecider.com/"">Website</a>","<a href=""https://www.facebook.com/inclinecider/"">Facebook</a>","<a href=""https://www.instagram.com/inclinecider/"">Instagram</a>","<a href=""https://maps.google.com/?cid=504944612388443997"">Google</a>","<a href=""https://www.yelp.com/biz/incline-cider-house-tacoma"">Yelp</a>","<a href=""https://www.tripadvisor.com/Attraction_Review-g58775-d22266571"">TripAdvisor</a>","<a href=""https://untappd.com/w/incline-cider-company/249584"">Untappd</a>"
196,187,2018,Apple Pie Spiced,Ciderboys,Mad Bark,🥇 Gold,Wisconsin,United States,Active,"<a href=""http://www.ciderboys.com/"">Website</a>","<a href=""https://www.facebook.com/Ciderboys"">Facebook</a>","<a href=""https://www.instagram.com/Ciderboys/"">Instagram</a>","<a href=""https://maps.google.com/?cid=1756122992587390562"">Google</a>","<a href=""https://www.yelp.com/biz/stevens-point-brewery-stevens-point"">Yelp</a>","<a href=""https://www.tripadvisor.com/Attraction_Review-g60304-d2265035"">TripAdvisor</a>","<a href=""https://untappd.com/w/ciderboys-hard-cider/44552"">Untappd</a>"
97,188,2018,Apple Pie Spiced,Arsenal Cider House,Grant's Flying Pumpkin,🥈 Silver,Pennsylvania,United States,Active,"<a href=""https://www.arsenalciderhouse.com/lawrenceville/"">Website</a>","<a href=""https://www.facebook.com/ArsenalCider"">Facebook</a>","<a href=""https://www.instagram.com/arsenalcider/"">Instagram</a>","<a href=""https://maps.google.com/?cid=3302243150360255083"">Google</a>","<a href=""https://www.yelp.com/biz/arsenal-cider-house-and-wine-cellar-pittsburgh"">Yelp</a>","<a href=""https://www.tripadvisor.com/Attraction_Review-g53449-d4558019"">TripAdvisor</a>","<a href=""https://untappd.com/w/arsenal-cider-house/12282"">Untappd</a>"
651,189,2018,Apple Pie Spiced,Turquoise Barn Cider,Apple Pie a la Mode Hard Cider,🥈 Silver,California,United States,Active,"<a href=""http://www.turquoisebarncider.com/"">Website</a>","<a href=""https://www.facebook.com/turquoisebarncider"">Facebook</a>","<a href=""https://www.instagram.com/turquoisebarncider/"">Instagram</a>","<a href=""https://maps.google.com/?cid=11982641167925504503"">Google</a>","<a href=""https://www.yelp.com/biz/turquoise-barn-cider-ramona"">Yelp</a>",,"<a href=""https://untappd.com/w/turquoise-barn-cider/210564"">Untappd</a>"
167,190,2018,Apple Pie Spiced,Broski Ciderworks,Cardinal Sin,🥉 Bronze,Florida,United States,Inactive,,,,,,,
294,191,2018,Spiced,Glacial Till Vineyard & Winery,Hibiscus Ginger,🥇 Gold,Nebraska,United States,Active,"<a href=""http://www.glacialtillvineyard.com/"">Website</a>","<a href=""https://www.facebook.com/glacialtillvineyard"">Facebook</a>","<a href=""https://www.instagram.com/glacialtillvineyard/"">Instagram</a>","<a href=""https://maps.google.com/?cid=185099829414435279"">Google</a>","<a href=""https://www.yelp.com/biz/glacial-till-tasting-room-ashland"">Yelp</a>","<a href=""https://www.tripadvisor.com/Attraction_Review-g29709-d5832186"">TripAdvisor</a>","<a href=""https://untappd.com/w/glacial-till-vineyard-and-winery/223758"">Untappd</a>"
97,192,2018,Spiced,Arsenal Cider House,Grierson's Ginger,🥈 Silver,Pennsylvania,United States,Active,"<a href=""https://www.arsenalciderhouse.com/lawrenceville/"">Website</a>","<a href=""https://www.facebook.com/ArsenalCider"">Facebook</a>","<a href=""https://www.instagram.com/arsenalcider/"">Instagram</a>","<a href=""https://maps.google.com/?cid=3302243150360255083"">Google</a>","<a href=""https://www.yelp.com/biz/arsenal-cider-house-and-wine-cellar-pittsburgh"">Yelp</a>","<a href=""https://www.tripadvisor.com/Attraction_Review-g53449-d4558019"">TripAdvisor</a>","<a href=""https://untappd.com/w/arsenal-cider-house/12282"">Untappd</a>"
75,193,2018,Spiced,1911 Established,Cider Donut,🥉 Bronze,New York,United States,Active,"<a href=""http://1911established.com/"">Website</a>",,"<a href=""https://www.instagram.com/1911established/"">Instagram</a>","<a href=""https://maps.google.com/?cid=13706571465768596510"">Google</a>","<a href=""https://www.yelp.com/biz/beak-and-skiff-apple-orchards-lafayette"">Yelp</a>","<a href=""https://www.tripadvisor.com/Attraction_Review-g48013-d4954731"">TripAdvisor</a>","<a href=""https://untappd.com/w/beak-and-skiff-apple-orchards/123121"">Untappd</a>"
152,194,2018,Wood-Aged,Bold Rock Hard Cider,Barrel 78,🥇 Gold,North Carolina,United States,Active,"<a href=""https://boldrock.com/"">Website</a>","<a href=""https://www.facebook.com/BoldRockHardCider/"">Facebook</a>","<a href=""https://www.instagram.com/boldrockhardcider/"">Instagram</a>","<a href=""https://maps.google.com/?cid=10604087929796439877"">Google</a>","<a href=""https://www.yelp.com/biz/bold-rock-hard-cider-mills-river-mills-river"">Yelp</a>","<a href=""https://www.tripadvisor.com/Attraction_Review-g1552723-d8862147"">TripAdvisor</a>","<a href=""https://untappd.com/v/bold-rock-mills-river-cidery/3954545"">Untappd</a>"
63,195,2018,Wood-Aged,Virtue Cider,The Mitten,🥈 Silver,Michigan,United States,Active,"<a href=""http://www.virtuecider.com/"">Website</a>","<a href=""https://www.facebook.com/virtuecider"">Facebook</a>","<a href=""https://www.instagram.com/virtuecider/"">Instagram</a>","<a href=""https://maps.google.com/?cid=8731167836057791034"">Google</a>","<a href=""https://www.yelp.com/biz/virtue-farm-fennville"">Yelp</a>","<a href=""https://www.tripadvisor.com/Attraction_Review-g42198-d7159911"">TripAdvisor</a>","<a href=""https://untappd.com/w/virtue-cider/24608"">Untappd</a>"
306,196,2018,Wood-Aged,Green Bench Brewing Co.,I Am Brut,🥉 Bronze,Florida,United States,Active,"<a href=""https://www.greenbenchbrewing.com/"">Website</a>","<a href=""https://www.facebook.com/GreenBenchBrewing/"">Facebook</a>","<a href=""https://www.instagram.com/greenbenchmeadcider/"">Instagram</a>","<a href=""https://maps.google.com/?cid=4473987284585319628"">Google</a>","<a href=""https://www.yelp.com/biz/green-bench-brewing-company-st-petersburg"">Yelp</a>","<a href=""https://www.tripadvisor.com/Attraction_Review-g34607-d8505685"">TripAdvisor</a>","<a href=""https://untappd.com/w/green-bench-mead-cider/184191"">Untappd</a>"
661,197,2018,Specialty,Urban Tree Hard Cider,Perry Good,🥇 Gold,Georgia,United States,Active,"<a href=""https://urbantreecidery.com/"">Website</a>","<a href=""https://www.facebook.com/UrbanTreeCider/"">Facebook</a>","<a href=""https://www.instagram.com/urbantreecider/"">Instagram</a>",,,,"<a href=""https://untappd.com/w/urban-tree-cidery/260157"">Untappd</a>"
126,198,2018,Specialty,Big B's Hard Cider,Hip Hop,🥈 Silver,Colorado,United States,Active,"<a href=""https://www.bigbs.com/"">Website</a>","<a href=""https://www.facebook.com/visitbigbs"">Facebook</a>","<a href=""https://www.instagram.com/drinkbigbs"">Instagram</a>","<a href=""https://maps.google.com/?cid=78577038036310991"">Google</a>","<a href=""https://www.yelp.com/biz/delicious-orchards-hotchkiss"">Yelp</a>","<a href=""https://www.tripadvisor.com/Restaurant_Review-g33588-d4471856"">TripAdvisor</a>","<a href=""https://untappd.com/w/big-bs-fabulous-juices/100389"">Untappd</a>"
179,199,2018,Specialty,ACE Cider,ACE Perry Craft Cider,🥉 Bronze,California,United States,Active,"<a href=""http://www.acecider.com/"">Website</a>","<a href=""https://www.facebook.com/AceCider"">Facebook</a>","<a href=""https://www.instagram.com/acecider/"">Instagram</a>",,"<a href=""https://www.yelp.com/biz/ace-premium-hard-ciders-sebastopol"">Yelp</a>","<a href=""https://www.tripadvisor.com/Attraction_Review-g33069-d3626497"">TripAdvisor</a>","<a href=""https://untappd.com/w/ace-cider-the-california-cider-company/331"">Untappd</a>"
3177,200,2018,Unlimited,Groupe Geloso,Cidre Beaupré Original,🥇 Gold,Quebec,Canada,Active,"<a href=""https://groupegeloso.com/"">Website</a>","<a href=""https://www.facebook.com/groupegeloso/"">Facebook</a>",,"<a href=""https://maps.google.com/?cid=14532853692172548925"">Google</a>",,,"<a href=""https://untappd.com/w/cidre-beaupre-groupe-geloso/21487"">Untappd</a>"
196,201,2018,Unlimited,Ciderboys,First Press,🥈 Silver,Wisconsin,United States,Active,"<a href=""http://www.ciderboys.com/"">Website</a>","<a href=""https://www.facebook.com/Ciderboys"">Facebook</a>","<a href=""https://www.instagram.com/Ciderboys/"">Instagram</a>","<a href=""https://maps.google.com/?cid=1756122992587390562"">Google</a>","<a href=""https://www.yelp.com/biz/stevens-point-brewery-stevens-point"">Yelp</a>","<a href=""https://www.tripadvisor.com/Attraction_Review-g60304-d2265035"">TripAdvisor</a>","<a href=""https://untappd.com/w/ciderboys-hard-cider/44552"">Untappd</a>"
3342,202,2018,Unlimited,Samuel Smith's Brewery,Organic Perry,🥉 Bronze,North Yorkshire,England,Active,"<a href=""https://samuelsmithsbrewery.co.uk/"">Website</a>","<a href=""https://www.facebook.com/samuelsmithsbrewery/"">Facebook</a>","<a href=""https://www.instagram.com/samuelsmithsbrewery/"">Instagram</a>","<a href=""https://maps.google.com/?cid=15178745194059809638"">Google</a>",,,"<a href=""https://untappd.com/SamuelSmiths"">Untappd</a>"
167,203,2018,Anything Goes,Broski Ciderworks,Post Melone,🥇 Gold,Florida,United States,Inactive,,,,,,,
152,204,2018,Anything Goes,Bold Rock Hard Cider,Roast,🥈 Silver,North Carolina,United States,Active,"<a href=""https://boldrock.com/"">Website</a>","<a href=""https://www.facebook.com/BoldRockHardCider/"">Facebook</a>","<a href=""https://www.instagram.com/boldrockhardcider/"">Instagram</a>","<a href=""https://maps.google.com/?cid=10604087929796439877"">Google</a>","<a href=""https://www.yelp.com/biz/bold-rock-hard-cider-mills-river-mills-river"">Yelp</a>","<a href=""https://www.tripadvisor.com/Attraction_Review-g1552723-d8862147"">TripAdvisor</a>","<a href=""https://untappd.com/v/bold-rock-mills-river-cidery/3954545"">Untappd</a>"
790,205,2018,Anything Goes,Heritage Estate Winery & Cidery,Blueberry-Apple Sangria,🥉 Bronze,Ontario,Canada,Active,"<a href=""https://heritageestate.ca/"">Website</a>","<a href=""https://www.facebook.com/estateheritage/"">Facebook</a>","<a href=""https://www.instagram.com/estateheritage/"">Instagram</a>","<a href=""https://maps.google.com/?cid=9239224592277777662"">Google</a>",,"<a href=""https://www.tripadvisor.com/Attraction_Review-g154980-d11864452"">TripAdvisor</a>","<a href=""https://untappd.com/w/heritage-estate-winery-cidery/281135"">Untappd</a>"
97,206,2018,Single Varietal,Arsenal Cider House,Broken Hearts Are for Apples,🥇 Gold,Pennsylvania,United States,Active,"<a href=""https://www.arsenalciderhouse.com/lawrenceville/"">Website</a>","<a href=""https://www.facebook.com/ArsenalCider"">Facebook</a>","<a href=""https://www.instagram.com/arsenalcider/"">Instagram</a>","<a href=""https://maps.google.com/?cid=3302243150360255083"">Google</a>","<a href=""https://www.yelp.com/biz/arsenal-cider-house-and-wine-cellar-pittsburgh"">Yelp</a>","<a href=""https://www.tripadvisor.com/Attraction_Review-g53449-d4558019"">TripAdvisor</a>","<a href=""https://untappd.com/w/arsenal-cider-house/12282"">Untappd</a>"
594,207,2018,Single Varietal,Stoic Cider,Golden Russet,🥈 Silver,Arizona,United States,Active,"<a href=""http://stoiccider.com/"">Website</a>","<a href=""https://www.facebook.com/StoicCider/"">Facebook</a>","<a href=""https://www.instagram.com/stoiccider/"">Instagram</a>","<a href=""https://maps.google.com/?cid=17055851363950061801"">Google</a>",,,"<a href=""https://untappd.com/w/stoic-cider/381562"">Untappd</a>"
664,208,2018,Single Varietal,Vermont Cider Company,Woodchuck Granny Smith,🥉 Bronze,Vermont,United States,Active,"<a href=""http://www.woodchuck.com/"">Website</a>","<a href=""https://www.facebook.com/WoodchuckCider"">Facebook</a>","<a href=""https://www.instagram.com/woodchuckcider/"">Instagram</a>","<a href=""https://maps.google.com/?cid=9402882086420367798"">Google</a>","<a href=""https://www.yelp.com/biz/woodchuck-hard-cidery-middlebury"">Yelp</a>","<a href=""https://www.tripadvisor.com/Attraction_Review-g57245-d7022345"">TripAdvisor</a>","<a href=""https://untappd.com/w/woodchuck-cidery/611"">Untappd</a>"
294,209,2019,Modern Cider – Sweet,Glacial Till Vineyard & Winery,Original,🥇 Gold,Nebraska,United States,Active,"<a href=""http://www.glacialtillvineyard.com/"">Website</a>","<a href=""https://www.facebook.com/glacialtillvineyard"">Facebook</a>","<a href=""https://www.instagram.com/glacialtillvineyard/"">Instagram</a>","<a href=""https://maps.google.com/?cid=185099829414435279"">Google</a>","<a href=""https://www.yelp.com/biz/glacial-till-tasting-room-ashland"">Yelp</a>","<a href=""https://www.tripadvisor.com/Attraction_Review-g29709-d5832186"">TripAdvisor</a>","<a href=""https://untappd.com/w/glacial-till-vineyard-and-winery/223758"">Untappd</a>"
196,210,2019,Modern Cider – Sweet,Ciderboys,First Press,🥈 Silver,Wisconsin,United States,Active,"<a href=""http://www.ciderboys.com/"">Website</a>","<a href=""https://www.facebook.com/Ciderboys"">Facebook</a>","<a href=""https://www.instagram.com/Ciderboys/"">Instagram</a>","<a href=""https://maps.google.com/?cid=1756122992587390562"">Google</a>","<a href=""https://www.yelp.com/biz/stevens-point-brewery-stevens-point"">Yelp</a>","<a href=""https://www.tripadvisor.com/Attraction_Review-g60304-d2265035"">TripAdvisor</a>","<a href=""https://untappd.com/w/ciderboys-hard-cider/44552"">Untappd</a>"
97,211,2019,Modern Cider – Sweet,Arsenal Cider House,Daily Rations,🥉 Bronze,Pennsylvania,United States,Active,"<a href=""https://www.arsenalciderhouse.com/lawrenceville/"">Website</a>","<a href=""https://www.facebook.com/ArsenalCider"">Facebook</a>","<a href=""https://www.instagram.com/arsenalcider/"">Instagram</a>","<a href=""https://maps.google.com/?cid=3302243150360255083"">Google</a>","<a href=""https://www.yelp.com/biz/arsenal-cider-house-and-wine-cellar-pittsburgh"">Yelp</a>","<a href=""https://www.tripadvisor.com/Attraction_Review-g53449-d4558019"">TripAdvisor</a>","<a href=""https://untappd.com/w/arsenal-cider-house/12282"">Untappd</a>"
812,212,2019,Modern Cider – Dry,Niagara College Teaching Winery,Cider 101,🥇 Gold,Ontario,Canada,Active,"<a href=""https://www.ncteachingwinery.ca/"">Website</a>","<a href=""https://www.facebook.com/nctwinery/"">Facebook</a>","<a href=""https://www.instagram.com/nctwinery/"">Instagram</a>","<a href=""https://maps.google.com/?cid=2529664632400053188"">Google</a>","<a href=""https://www.yelp.com/biz/niagara-college-teaching-winery-niagara-on-the-lake"">Yelp</a>","<a href=""https://www.tripadvisor.com/Attraction_Review-g154999-d2414360"">TripAdvisor</a>","<a href=""https://untappd.com/w/niagara-college-teaching-winery/390649"">Untappd</a>"
67,213,2019,Modern Cider – Dry,2 Towns Ciderhouse,BrightCider,🥈 Silver,Oregon,United States,Active,"<a href=""http://www.2townsciderhouse.com/"">Website</a>","<a href=""https://www.facebook.com/2townsciderhouse"">Facebook</a>","<a href=""https://www.instagram.com/2townscider/"">Instagram</a>","<a href=""https://maps.google.com/?cid=10429935694700508047"">Google</a>","<a href=""https://www.yelp.com/biz/2-towns-ciderhouse-corvallis"">Yelp</a>","<a href=""https://www.tripadvisor.com/Attraction_Review-g51817-d3417221"">TripAdvisor</a>","<a href=""https://untappd.com/w/2-towns-ciderhouse/12975"">Untappd</a>"
339,214,2019,Modern Cider – Dry,Houston Cider Company,Dry Cider,🥉 Bronze,Texas,United States,Active,"<a href=""https://www.houstoncidertx.com/"">Website</a>","<a href=""https://www.facebook.com/houstoncidercompany"">Facebook</a>","<a href=""https://www.instagram.com/houstoncider/"">Instagram</a>","<a href=""https://maps.google.com/?cid=9879541345239427997"">Google</a>","<a href=""https://www.yelp.com/biz/town-in-city-brewing-company-houston"">Yelp</a>","<a href=""https://www.tripadvisor.com/Attraction_Review-g56003-d9609375"">TripAdvisor</a>","<a href=""https://untappd.com/w/houston-cider-company/300156"">Untappd</a>"
124,215,2019,Heritage Cider,Bent Ladder,Heirloom,🥇 Gold,Ohio,United States,Active,"<a href=""http://bentladder.com/"">Website</a>","<a href=""https://www.facebook.com/bentladder"">Facebook</a>","<a href=""https://www.instagram.com/bentladder/"">Instagram</a>","<a href=""https://maps.google.com/?cid=5886580381731979881"">Google</a>","<a href=""https://www.yelp.com/biz/rittman-orchard-rittman"">Yelp</a>","<a href=""https://www.tripadvisor.com/Attraction_Review-g50283-d1977165"">TripAdvisor</a>","<a href=""https://untappd.com/w/bent-ladder/295757"">Untappd</a>"
270,216,2019,Heritage Cider,Far From The Tree Cider,Cider Maker Series - Ian,🥈 Silver,Massachusetts,United States,Active,"<a href=""http://www.farfromthetreecider.com/"">Website</a>",,"<a href=""https://www.instagram.com/farfromthetreecider/"">Instagram</a>","<a href=""https://maps.google.com/?cid=4405176089815391594"">Google</a>","<a href=""https://www.yelp.com/biz/far-from-the-tree-cider-salem"">Yelp</a>","<a href=""https://www.tripadvisor.com/Attraction_Review-g60954-d8598457"">TripAdvisor</a>","<a href=""https://untappd.com/w/far-from-the-tree/128798"">Untappd</a>"
126,217,2019,Heritage Cider,Big B's Hard Cider,Harry Masters Jersey,🥉 Bronze,Colorado,United States,Active,"<a href=""https://www.bigbs.com/"">Website</a>","<a href=""https://www.facebook.com/visitbigbs"">Facebook</a>","<a href=""https://www.instagram.com/drinkbigbs"">Instagram</a>","<a href=""https://maps.google.com/?cid=78577038036310991"">Google</a>","<a href=""https://www.yelp.com/biz/delicious-orchards-hotchkiss"">Yelp</a>","<a href=""https://www.tripadvisor.com/Restaurant_Review-g33588-d4471856"">TripAdvisor</a>","<a href=""https://untappd.com/w/big-bs-fabulous-juices/100389"">Untappd</a>"
790,218,2019,Traditional Cider,Heritage Estate Winery & Cidery,Heirloom Cider,🥇 Gold,Ontario,Canada,Active,"<a href=""https://heritageestate.ca/"">Website</a>","<a href=""https://www.facebook.com/estateheritage/"">Facebook</a>","<a href=""https://www.instagram.com/estateheritage/"">Instagram</a>","<a href=""https://maps.google.com/?cid=9239224592277777662"">Google</a>",,"<a href=""https://www.tripadvisor.com/Attraction_Review-g154980-d11864452"">TripAdvisor</a>","<a href=""https://untappd.com/w/heritage-estate-winery-cidery/281135"">Untappd</a>"
1642,219,2019,Traditional Cider,Adams Cider Company,Cooneys Irish Cider,🥈 Silver,Tipperary,Ireland,Active,,"<a href=""https://www.facebook.com/devilsbitcider"">Facebook</a>","<a href=""https://www.instagram.com/devilsbitcider/"">Instagram</a>",,,,"<a href=""https://untappd.com/AdamsCiderCompany"">Untappd</a>"
1642,220,2019,Traditional Cider,Adams Cider Company,Devils Bit Irish Cider,🥉 Bronze,Tipperary,Ireland,Active,,"<a href=""https://www.facebook.com/devilsbitcider"">Facebook</a>","<a href=""https://www.instagram.com/devilsbitcider/"">Instagram</a>",,,,"<a href=""https://untappd.com/AdamsCiderCompany"">Untappd</a>"
63,221,2019,Fruit,Virtue Cider,Brass Ring,🥇 Gold,Michigan,United States,Active,"<a href=""http://www.virtuecider.com/"">Website</a>","<a href=""https://www.facebook.com/virtuecider"">Facebook</a>","<a href=""https://www.instagram.com/virtuecider/"">Instagram</a>","<a href=""https://maps.google.com/?cid=8731167836057791034"">Google</a>","<a href=""https://www.yelp.com/biz/virtue-farm-fennville"">Yelp</a>","<a href=""https://www.tripadvisor.com/Attraction_Review-g42198-d7159911"">TripAdvisor</a>","<a href=""https://untappd.com/w/virtue-cider/24608"">Untappd</a>"
102,222,2019,Fruit,Atlanta Hard Cider Co.,Pomegrante Craft Cider,🥈 Silver,Georgia,United States,Active,"<a href=""https://www.atlantahardcider.com/"">Website</a>","<a href=""https://www.facebook.com/atlantahardcider/"">Facebook</a>","<a href=""https://www.instagram.com/atlantahardcider/"">Instagram</a>","<a href=""https://maps.google.com/?cid=15330589380276964489"">Google</a>",,,"<a href=""https://untappd.com/w/atlanta-hard-cider-co/364060"">Untappd</a>"
462,223,2019,Fruit,One Tree Hard Cider,Staycation,🥉 Bronze,Washington,United States,Active,"<a href=""http://www.onetreehardcider.com/"">Website</a>","<a href=""https://www.facebook.com/OneTreeHardCider"">Facebook</a>","<a href=""https://www.instagram.com/onetreecider"">Instagram</a>","<a href=""https://maps.google.com/?cid=3782079883535213089"">Google</a>","<a href=""https://www.yelp.com/biz/one-tree-hard-cider-spokane-valley"">Yelp</a>","<a href=""https://www.tripadvisor.com/Restaurant_Review-g58759-d12802835"">TripAdvisor</a>","<a href=""https://untappd.com/w/one-tree-hard-cider/141397"">Untappd</a>"
2252,224,2019,Fruit,Caribé Tropical Hard Cider,Caribe Blood Orange Tropical Hard Cider,🥉 Bronze,Florida,United States,Active,"<a href=""https://caribbreweryusa.com/"">Website</a>","<a href=""https://www.facebook.com/people/Carib-Brewery-USA/100071513900968/"">Facebook</a>",,"<a href=""https://maps.google.com/?cid=5794166466253271261"">Google</a>","<a href=""https://www.yelp.com/biz/carib-brewery-usa-cape-canaveral"">Yelp</a>",,"<a href=""https://untappd.com/floridabeer"">Untappd</a>"
3342,225,2019,Perry & Pear Cider,Samuel Smith's Brewery,Organic Perry,🥇 Gold,North Yorkshire,England,Active,"<a href=""https://samuelsmithsbrewery.co.uk/"">Website</a>","<a href=""https://www.facebook.com/samuelsmithsbrewery/"">Facebook</a>","<a href=""https://www.instagram.com/samuelsmithsbrewery/"">Instagram</a>","<a href=""https://maps.google.com/?cid=15178745194059809638"">Google</a>",,,"<a href=""https://untappd.com/SamuelSmiths"">Untappd</a>"
664,226,2019,Perry & Pear Cider,Vermont Cider Company,Wyders Pear,🥈 Silver,Vermont,United States,Active,"<a href=""http://www.woodchuck.com/"">Website</a>","<a href=""https://www.facebook.com/WoodchuckCider"">Facebook</a>","<a href=""https://www.instagram.com/woodchuckcider/"">Instagram</a>","<a href=""https://maps.google.com/?cid=9402882086420367798"">Google</a>","<a href=""https://www.yelp.com/biz/woodchuck-hard-cidery-middlebury"">Yelp</a>","<a href=""https://www.tripadvisor.com/Attraction_Review-g57245-d7022345"">TripAdvisor</a>","<a href=""https://untappd.com/w/woodchuck-cidery/611"">Untappd</a>"
685,227,2019,Perry & Pear Cider,Wild State Cider,Pear,🥉 Bronze,Minnesota,United States,Active,"<a href=""https://www.wildstatecider.com/"">Website</a>","<a href=""https://www.facebook.com/wildstatecider"">Facebook</a>","<a href=""https://www.instagram.com/wildstatecider"">Instagram</a>","<a href=""https://maps.google.com/?cid=9071493292280533216"">Google</a>","<a href=""https://www.yelp.com/biz/wild-state-cider-duluth"">Yelp</a>","<a href=""https://www.tripadvisor.com/Attraction_Review-g43018-d15344648"">TripAdvisor</a>","<a href=""https://untappd.com/WildStateCider"">Untappd</a>"
294,228,2019,Pineapple,Glacial Till Vineyard & Winery,Passion Pineapple,🥇 Gold,Nebraska,United States,Active,"<a href=""http://www.glacialtillvineyard.com/"">Website</a>","<a href=""https://www.facebook.com/glacialtillvineyard"">Facebook</a>","<a href=""https://www.instagram.com/glacialtillvineyard/"">Instagram</a>","<a href=""https://maps.google.com/?cid=185099829414435279"">Google</a>","<a href=""https://www.yelp.com/biz/glacial-till-tasting-room-ashland"">Yelp</a>","<a href=""https://www.tripadvisor.com/Attraction_Review-g29709-d5832186"">TripAdvisor</a>","<a href=""https://untappd.com/w/glacial-till-vineyard-and-winery/223758"">Untappd</a>"
2239,229,2019,Pineapple,Ola Brew,White Pineapple Cider,🥈 Silver,Hawaii,United States,Active,"<a href=""https://www.olabrewco.com/"">Website</a>","<a href=""https://www.facebook.com/OlaBrewCo"">Facebook</a>","<a href=""https://www.instagram.com/olabrewco/"">Instagram</a>","<a href=""https://maps.google.com/?cid=15799959683814156778"">Google</a>","<a href=""https://www.yelp.com/biz/ola-brew-kailua-kona"">Yelp</a>","<a href=""https://www.tripadvisor.com/Attraction_Review-g60872-d13368863"">TripAdvisor</a>","<a href=""https://untappd.com/OlaBrewCompany"">Untappd</a>"
236,230,2019,Pineapple,Diskin Cider,Tiki Tonik,🥉 Bronze,Tennessee,United States,Active,"<a href=""http://www.diskincider.com/"">Website</a>",,"<a href=""https://www.instagram.com/diskincider/"">Instagram</a>","<a href=""https://maps.google.com/?cid=5465208715637137113"">Google</a>",,,"<a href=""https://untappd.com/w/diskin-cider/341259"">Untappd</a>"
664,231,2019,Pineapple,Vermont Cider Company,Wyders Prickly Pineapple,🥉 Bronze,Vermont,United States,Active,"<a href=""http://www.woodchuck.com/"">Website</a>","<a href=""https://www.facebook.com/WoodchuckCider"">Facebook</a>","<a href=""https://www.instagram.com/woodchuckcider/"">Instagram</a>","<a href=""https://maps.google.com/?cid=9402882086420367798"">Google</a>","<a href=""https://www.yelp.com/biz/woodchuck-hard-cidery-middlebury"">Yelp</a>","<a href=""https://www.tripadvisor.com/Attraction_Review-g57245-d7022345"">TripAdvisor</a>","<a href=""https://untappd.com/w/woodchuck-cidery/611"">Untappd</a>"
167,232,2019,Cherry,Broski Ciderworks,Cherish,🥇 Gold,Florida,United States,Inactive,,,,,,,
932,233,2019,Cherry,Two K Farms,Cherry Cider,🥈 Silver,Michigan,United States,Active,"<a href=""https://twokfarms.com/"">Website</a>","<a href=""https://www.facebook.com/twokfarms"">Facebook</a>","<a href=""https://www.instagram.com/twokfarms/"">Instagram</a>","<a href=""https://maps.google.com/?cid=10000035318484135155"">Google</a>","<a href=""https://www.yelp.com/biz/two-k-farms-cidery-and-winery-suttons-bay-10"">Yelp</a>","<a href=""https://www.tripadvisor.com/Attraction_Review-g42743-d15263080"">TripAdvisor</a>","<a href=""https://untappd.com/Two_K_Farms"">Untappd</a>"
236,234,2019,Cherry,Diskin Cider,BTC,🥉 Bronze,Tennessee,United States,Active,"<a href=""http://www.diskincider.com/"">Website</a>",,"<a href=""https://www.instagram.com/diskincider/"">Instagram</a>","<a href=""https://maps.google.com/?cid=5465208715637137113"">Google</a>",,,"<a href=""https://untappd.com/w/diskin-cider/341259"">Untappd</a>"
196,235,2019,Peach,Ciderboys,Peach County,🥇 Gold,Wisconsin,United States,Active,"<a href=""http://www.ciderboys.com/"">Website</a>","<a href=""https://www.facebook.com/Ciderboys"">Facebook</a>","<a href=""https://www.instagram.com/Ciderboys/"">Instagram</a>","<a href=""https://maps.google.com/?cid=1756122992587390562"">Google</a>","<a href=""https://www.yelp.com/biz/stevens-point-brewery-stevens-point"">Yelp</a>","<a href=""https://www.tripadvisor.com/Attraction_Review-g60304-d2265035"">TripAdvisor</a>","<a href=""https://untappd.com/w/ciderboys-hard-cider/44552"">Untappd</a>"
197,236,2019,Peach,Cigar City Cider & Mead,Peach in Cider,🥈 Silver,Florida,United States,Active,"<a href=""http://www.cigarcitycider.com/"">Website</a>","<a href=""https://www.facebook.com/CigarCityCider"">Facebook</a>","<a href=""https://www.instagram.com/cigarcitycider/"">Instagram</a>","<a href=""https://maps.google.com/?cid=105555702494086229"">Google</a>","<a href=""https://www.yelp.com/biz/cigar-city-brewing-tampa"">Yelp</a>","<a href=""https://www.tripadvisor.com/Attraction_Review-g34678-d4508513"">TripAdvisor</a>","<a href=""https://untappd.com/w/cigar-city-cider-and-mead/51632"">Untappd</a>"
408,237,2019,Peach,FX Matt Brewing,McKenzie's Peach Tea Hard Cider,🥉 Bronze,New York,United States,Active,"<a href=""https://www.mckbev.com/"">Website</a>","<a href=""https://www.facebook.com/McKenziesHardCider/"">Facebook</a>","<a href=""https://www.instagram.com/mckenzieshardcider/"">Instagram</a>","<a href=""https://maps.google.com/?cid=16812627050434550372"">Google</a>","<a href=""https://www.yelp.com/biz/f-x-matt-brewing-utica"">Yelp</a>","<a href=""https://www.tripadvisor.com/Attraction_Review-g48759-d534580"">TripAdvisor</a>","<a href=""https://untappd.com/w/mckenzies-hard-cider/10931"">Untappd</a>"
222,238,2019,Sangria,Coyote Hole Craft Beverages,Sangria,🥇 Gold,Virginia,United States,Active,"<a href=""http://www.coyotehole.com/"">Website</a>","<a href=""https://www.facebook.com/CoyoteHole/"">Facebook</a>","<a href=""https://www.instagram.com/CoyoteHole/"">Instagram</a>","<a href=""https://maps.google.com/?cid=3893841626353972834"">Google</a>","<a href=""https://www.yelp.com/biz/coyote-hole-ciderworks-mineral"">Yelp</a>","<a href=""https://www.tripadvisor.com/Attraction_Review-g57973-d12510904"">TripAdvisor</a>","<a href=""https://untappd.com/w/coyote-hole-ciderworks/327669"">Untappd</a>"
664,239,2019,Sangria,Vermont Cider Company,Woodchuck Sangria,🥈 Silver,Vermont,United States,Active,"<a href=""http://www.woodchuck.com/"">Website</a>","<a href=""https://www.facebook.com/WoodchuckCider"">Facebook</a>","<a href=""https://www.instagram.com/woodchuckcider/"">Instagram</a>","<a href=""https://maps.google.com/?cid=9402882086420367798"">Google</a>","<a href=""https://www.yelp.com/biz/woodchuck-hard-cidery-middlebury"">Yelp</a>","<a href=""https://www.tripadvisor.com/Attraction_Review-g57245-d7022345"">TripAdvisor</a>","<a href=""https://untappd.com/w/woodchuck-cidery/611"">Untappd</a>"
415,240,2019,Sangria,Meriwether Cider Company,Sidra Sangria,🥉 Bronze,Idaho,United States,Active,"<a href=""https://www.meriwethercider.com/"">Website</a>","<a href=""https://www.facebook.com/meriwethercider"">Facebook</a>","<a href=""https://www.instagram.com/meriwethercider/"">Instagram</a>","<a href=""https://maps.google.com/?cid=7830741432069672416"">Google</a>","<a href=""https://www.yelp.com/biz/meriwether-cider-company-garden-city-2"">Yelp</a>","<a href=""https://www.tripadvisor.com/Attraction_Review-g35459-d10034505"">TripAdvisor</a>","<a href=""https://untappd.com/w/meriwether-cider-company/222316"">Untappd</a>"
2510,241,2019,Strawberry,Maeloc,Maeloc Strawberry Cider,🥇 Gold,Galicia,Spain,Active,"<a href=""https://maelocway.com/"">Website</a>","<a href=""https://www.facebook.com/maelocway/"">Facebook</a>","<a href=""https://www.instagram.com/maelocway/"">Instagram</a>","<a href=""https://maps.google.com/?cid=11814015461660737074"">Google</a>",,,"<a href=""https://untappd.com/w/maeloc-cider/140146"">Untappd</a>"
196,242,2019,Strawberry,Ciderboys,Strawberry Magic,🥈 Silver,Wisconsin,United States,Active,"<a href=""http://www.ciderboys.com/"">Website</a>","<a href=""https://www.facebook.com/Ciderboys"">Facebook</a>","<a href=""https://www.instagram.com/Ciderboys/"">Instagram</a>","<a href=""https://maps.google.com/?cid=1756122992587390562"">Google</a>","<a href=""https://www.yelp.com/biz/stevens-point-brewery-stevens-point"">Yelp</a>","<a href=""https://www.tripadvisor.com/Attraction_Review-g60304-d2265035"">TripAdvisor</a>","<a href=""https://untappd.com/w/ciderboys-hard-cider/44552"">Untappd</a>"
2571,243,2019,Strawberry,Eva Group,Strawberry,🥉 Bronze,Navarre,Spain,Active,"<a href=""https://www.evasa.com/"">Website</a>",,,"<a href=""https://maps.google.com/?cid=546948451257487120"">Google</a>",,,"<a href=""https://untappd.com/EvaGroup"">Untappd</a>"
495,244,2019,Strawberry,Quantum Leap Winery,Pedaler's Road Rash Strawberry,🥉 Bronze,Florida,United States,Active,"<a href=""https://quantumleapwinery.com/"">Website</a>","<a href=""https://www.facebook.com/QuantumLeapWinery/"">Facebook</a>","<a href=""https://www.instagram.com/quantumleapwinery/"">Instagram</a>",,,,"<a href=""https://untappd.com/w/quantum-leap-winery/237930"">Untappd</a>"
497,245,2019,Fruit and Berry,Ragged Hill Cider,Rasé,🥇 Gold,Massachusetts,United States,Active,"<a href=""https://www.raggedhillcider.com/"">Website</a>","<a href=""https://www.facebook.com/RaggedHillCider/"">Facebook</a>","<a href=""https://www.instagram.com/raggedhillcider/"">Instagram</a>","<a href=""https://maps.google.com/?cid=12743756096350248911"">Google</a>","<a href=""https://www.yelp.com/biz/ragged-hill-orchard-west-brookfield"">Yelp</a>","<a href=""https://www.tripadvisor.com/Attraction_Review-g41900-d13976564"">TripAdvisor</a>","<a href=""https://untappd.com/w/ragged-hill-cider-company/339946"">Untappd</a>"
306,246,2019,Fruit and Berry,Green Bench Brewing Co.,Raspberry Rooftop,🥈 Silver,Florida,United States,Active,"<a href=""https://www.greenbenchbrewing.com/"">Website</a>","<a href=""https://www.facebook.com/GreenBenchBrewing/"">Facebook</a>","<a href=""https://www.instagram.com/greenbenchmeadcider/"">Instagram</a>","<a href=""https://maps.google.com/?cid=4473987284585319628"">Google</a>","<a href=""https://www.yelp.com/biz/green-bench-brewing-company-st-petersburg"">Yelp</a>","<a href=""https://www.tripadvisor.com/Attraction_Review-g34607-d8505685"">TripAdvisor</a>","<a href=""https://untappd.com/w/green-bench-mead-cider/184191"">Untappd</a>"
2571,247,2019,Fruit and Berry,Eva Group,Wild Berry,🥈 Silver,Navarre,Spain,Active,"<a href=""https://www.evasa.com/"">Website</a>",,,"<a href=""https://maps.google.com/?cid=546948451257487120"">Google</a>",,,"<a href=""https://untappd.com/EvaGroup"">Untappd</a>"
167,248,2019,Fruit and Berry,Broski Ciderworks,Blackcurrant,🥉 Bronze,Florida,United States,Inactive,,,,,,,
790,249,2019,Applewine,Heritage Estate Winery & Cidery,Apple Wine,🥇 Gold,Ontario,Canada,Active,"<a href=""https://heritageestate.ca/"">Website</a>","<a href=""https://www.facebook.com/estateheritage/"">Facebook</a>","<a href=""https://www.instagram.com/estateheritage/"">Instagram</a>","<a href=""https://maps.google.com/?cid=9239224592277777662"">Google</a>",,"<a href=""https://www.tripadvisor.com/Attraction_Review-g154980-d11864452"">TripAdvisor</a>","<a href=""https://untappd.com/w/heritage-estate-winery-cidery/281135"">Untappd</a>"
490,250,2019,Applewine,Portland Cider Company,The Perfect 10,🥈 Silver,Oregon,United States,Active,"<a href=""http://portlandcider.com/"">Website</a>","<a href=""https://www.facebook.com/portlandcider"">Facebook</a>","<a href=""https://www.instagram.com/portlandcider/"">Instagram</a>","<a href=""https://maps.google.com/?cid=5897814277091816079"">Google</a>","<a href=""https://www.yelp.com/biz/portland-cider-company-clackamas"">Yelp</a>","<a href=""https://www.tripadvisor.com/Restaurant_Review-g51806-d6996793"">TripAdvisor</a>","<a href=""https://untappd.com/w/portland-cider-company/56260"">Untappd</a>"
405,251,2019,Applewine,March First Brewing,Apfelwein,🥉 Bronze,Ohio,United States,Active,"<a href=""https://www.marchfirstbrewing.com/"">Website</a>","<a href=""https://www.facebook.com/marchfirstbrewing"">Facebook</a>","<a href=""https://www.instagram.com/m1cincy"">Instagram</a>","<a href=""https://maps.google.com/?cid=18349508478239444947"">Google</a>","<a href=""https://www.yelp.com/biz/march-first-brewing-cincinnati"">Yelp</a>","<a href=""https://www.tripadvisor.com/Attraction_Review-g60993-d12382320"">TripAdvisor</a>","<a href=""https://untappd.com/w/march-first-brewing/327077"">Untappd</a>"
462,252,2019,Herbal,One Tree Hard Cider,Lemon Basil,🥇 Gold,Washington,United States,Active,"<a href=""http://www.onetreehardcider.com/"">Website</a>","<a href=""https://www.facebook.com/OneTreeHardCider"">Facebook</a>","<a href=""https://www.instagram.com/onetreecider"">Instagram</a>","<a href=""https://maps.google.com/?cid=3782079883535213089"">Google</a>","<a href=""https://www.yelp.com/biz/one-tree-hard-cider-spokane-valley"">Yelp</a>","<a href=""https://www.tripadvisor.com/Restaurant_Review-g58759-d12802835"">TripAdvisor</a>","<a href=""https://untappd.com/w/one-tree-hard-cider/141397"">Untappd</a>"
515,253,2019,Herbal,Rhinegeist Brewery,Swizzle,🥈 Silver,Ohio,United States,Active,"<a href=""https://rhinegeist.com/"">Website</a>","<a href=""https://www.facebook.com/rhinegeist"">Facebook</a>","<a href=""https://www.instagram.com/rhinegeist/"">Instagram</a>","<a href=""https://maps.google.com/?cid=4624817204033581156"">Google</a>","<a href=""https://www.yelp.com/biz/rhinegeist-brewery-cincinnati"">Yelp</a>","<a href=""https://www.tripadvisor.com/Attraction_Review-g60993-d8618371"">TripAdvisor</a>","<a href=""https://untappd.com/w/rhinegeist-brewery/69953"">Untappd</a>"
545,254,2019,Herbal,Sapsucker Farms Yellow Belly Cidery,Wild Flower,🥉 Bronze,Minnesota,United States,Active,"<a href=""https://www.sapsuckerfarms.com/"">Website</a>","<a href=""https://www.facebook.com/YellowBellyCider/"">Facebook</a>","<a href=""https://www.instagram.com/sapsuckerfarms/"">Instagram</a>","<a href=""https://maps.google.com/?cid=10529182272851607589"">Google</a>","<a href=""https://www.yelp.com/biz/sapsucker-farms-yellow-belly-cidery-mora"">Yelp</a>","<a href=""https://www.tripadvisor.com/Attraction_Review-g43337-d15594799"">TripAdvisor</a>","<a href=""https://untappd.com/w/sapsucker-farms/187535"">Untappd</a>"
211,255,2019,Herbal,Common Cider Company,Hibiscus Saison,🥉 Bronze,California,United States,Inactive,,,,,,,
3456,256,2019,Hopped,Cellar Door Cider,The Grasshopper,🥇 Gold,California,United States,Inactive,,,,,,,
345,257,2019,Hopped,Incline Cider Company,The Explorer Hopped,🥇 Gold,Washington,United States,Active,"<a href=""http://www.inclinecider.com/"">Website</a>","<a href=""https://www.facebook.com/inclinecider/"">Facebook</a>","<a href=""https://www.instagram.com/inclinecider/"">Instagram</a>","<a href=""https://maps.google.com/?cid=504944612388443997"">Google</a>","<a href=""https://www.yelp.com/biz/incline-cider-house-tacoma"">Yelp</a>","<a href=""https://www.tripadvisor.com/Attraction_Review-g58775-d22266571"">TripAdvisor</a>","<a href=""https://untappd.com/w/incline-cider-company/249584"">Untappd</a>"
10,258,2019,Hopped,Blake's Hard Cider Co.,Fido,🥈 Silver,Michigan,United States,Active,"<a href=""http://www.blakeshardcider.com/"">Website</a>","<a href=""https://www.facebook.com/blakeshardciderco"">Facebook</a>","<a href=""https://www.instagram.com/blakeshardciderco/"">Instagram</a>","<a href=""https://maps.google.com/?cid=15855146673119620480"">Google</a>","<a href=""https://www.yelp.com/biz/blakes-ciderhouse-and-winery-armada"">Yelp</a>","<a href=""https://www.tripadvisor.com/Attraction_Review-g29560-d6678501"">TripAdvisor</a>","<a href=""https://untappd.com/w/blakes-hard-cider-company/86334"">Untappd</a>"
262,259,2019,Hopped,ERIS Brewery & Cider House,ERSA,🥉 Bronze,Illinois,United States,Active,"<a href=""https://www.erischicago.com/"">Website</a>","<a href=""https://www.facebook.com/erischicago"">Facebook</a>","<a href=""https://www.instagram.com/erischicago/"">Instagram</a>","<a href=""https://maps.google.com/?cid=8228819364943835803"">Google</a>","<a href=""https://www.yelp.com/biz/eris-brewery-and-cider-house-chicago"">Yelp</a>","<a href=""https://www.tripadvisor.com/Restaurant_Review-g35805-d13418130"">TripAdvisor</a>","<a href=""https://untappd.com/w/eris-brewery-cider-house/379702"">Untappd</a>"
2236,260,2019,Apple Pie Spiced,Sycamore Brewing,Apple Pie Cider,🥇 Gold,North Carolina,United States,Active,"<a href=""https://www.sycamorebrew.com/"">Website</a>","<a href=""https://www.facebook.com/SycamoreBrewing/"">Facebook</a>","<a href=""https://www.instagram.com/sycamorebrewing/"">Instagram</a>","<a href=""https://maps.google.com/?cid=4876898246003691885"">Google</a>","<a href=""https://www.yelp.com/biz/sycamore-brewing-charlotte-2"">Yelp</a>","<a href=""https://www.tripadvisor.com/Attraction_Review-g49022-d7234229"">TripAdvisor</a>","<a href=""https://untappd.com/SycamoreBrewing"">Untappd</a>"
67,261,2019,Apple Pie Spiced,2 Towns Ciderhouse,Hollow Jack'd,🥈 Silver,Oregon,United States,Active,"<a href=""http://www.2townsciderhouse.com/"">Website</a>","<a href=""https://www.facebook.com/2townsciderhouse"">Facebook</a>","<a href=""https://www.instagram.com/2townscider/"">Instagram</a>","<a href=""https://maps.google.com/?cid=10429935694700508047"">Google</a>","<a href=""https://www.yelp.com/biz/2-towns-ciderhouse-corvallis"">Yelp</a>","<a href=""https://www.tripadvisor.com/Attraction_Review-g51817-d3417221"">TripAdvisor</a>","<a href=""https://untappd.com/w/2-towns-ciderhouse/12975"">Untappd</a>"
229,262,2019,Apple Pie Spiced,d's Wicked Cider,Baked Apple,🥉 Bronze,Washington,United States,Active,"<a href=""http://dswickedcider.com/"">Website</a>","<a href=""https://www.facebook.com/dswickedcider/"">Facebook</a>","<a href=""https://www.instagram.com/dswickedciderco/"">Instagram</a>","<a href=""https://maps.google.com/?cid=2860292587896986843"">Google</a>","<a href=""https://www.yelp.com/biz/sun-river-vintners-kennewick"">Yelp</a>","<a href=""https://www.tripadvisor.com/Attraction_Review-g58536-d13007264"">TripAdvisor</a>","<a href=""https://untappd.com/w/ds-wicked-cider/158215"">Untappd</a>"
294,263,2019,Spiced,Glacial Till Vineyard & Winery,Hibiscus Ginger,🥇 Gold,Nebraska,United States,Active,"<a href=""http://www.glacialtillvineyard.com/"">Website</a>","<a href=""https://www.facebook.com/glacialtillvineyard"">Facebook</a>","<a href=""https://www.instagram.com/glacialtillvineyard/"">Instagram</a>","<a href=""https://maps.google.com/?cid=185099829414435279"">Google</a>","<a href=""https://www.yelp.com/biz/glacial-till-tasting-room-ashland"">Yelp</a>","<a href=""https://www.tripadvisor.com/Attraction_Review-g29709-d5832186"">TripAdvisor</a>","<a href=""https://untappd.com/w/glacial-till-vineyard-and-winery/223758"">Untappd</a>"
1757,264,2019,Spiced,Odd Brothers Craft Cider,The Wanderer,🥈 Silver,Michigan,United States,Active,"<a href=""https://www.oddbrotherscider.com/"">Website</a>","<a href=""https://www.facebook.com/Odd-Brothers-Craft-Cider-793647507656990/"">Facebook</a>","<a href=""https://www.instagram.com/oddbrotherscider/"">Instagram</a>",,,,"<a href=""https://untappd.com/OddBrothersCraftCider"">Untappd</a>"
415,265,2019,Spiced,Meriwether Cider Company,Ginger Root,🥉 Bronze,Idaho,United States,Active,"<a href=""https://www.meriwethercider.com/"">Website</a>","<a href=""https://www.facebook.com/meriwethercider"">Facebook</a>","<a href=""https://www.instagram.com/meriwethercider/"">Instagram</a>","<a href=""https://maps.google.com/?cid=7830741432069672416"">Google</a>","<a href=""https://www.yelp.com/biz/meriwether-cider-company-garden-city-2"">Yelp</a>","<a href=""https://www.tripadvisor.com/Attraction_Review-g35459-d10034505"">TripAdvisor</a>","<a href=""https://untappd.com/w/meriwether-cider-company/222316"">Untappd</a>"
97,266,2019,Wood-Aged,Arsenal Cider House,Bootlegger's Bourbon,🥇 Gold,Pennsylvania,United States,Active,"<a href=""https://www.arsenalciderhouse.com/lawrenceville/"">Website</a>","<a href=""https://www.facebook.com/ArsenalCider"">Facebook</a>","<a href=""https://www.instagram.com/arsenalcider/"">Instagram</a>","<a href=""https://maps.google.com/?cid=3302243150360255083"">Google</a>","<a href=""https://www.yelp.com/biz/arsenal-cider-house-and-wine-cellar-pittsburgh"">Yelp</a>","<a href=""https://www.tripadvisor.com/Attraction_Review-g53449-d4558019"">TripAdvisor</a>","<a href=""https://untappd.com/w/arsenal-cider-house/12282"">Untappd</a>"
545,267,2019,Wood-Aged,Sapsucker Farms Yellow Belly Cidery,Yellow Belly Barrel Aged Cider,🥈 Silver,Minnesota,United States,Active,"<a href=""https://www.sapsuckerfarms.com/"">Website</a>","<a href=""https://www.facebook.com/YellowBellyCider/"">Facebook</a>","<a href=""https://www.instagram.com/sapsuckerfarms/"">Instagram</a>","<a href=""https://maps.google.com/?cid=10529182272851607589"">Google</a>","<a href=""https://www.yelp.com/biz/sapsucker-farms-yellow-belly-cidery-mora"">Yelp</a>","<a href=""https://www.tripadvisor.com/Attraction_Review-g43337-d15594799"">TripAdvisor</a>","<a href=""https://untappd.com/w/sapsucker-farms/187535"">Untappd</a>"
3463,268,2019,Wood-Aged,Wicked Barley,It's a barnyard sing along,🥉 Bronze,Florida,United States,Active,"<a href=""https://wickedbarley.com/"">Website</a>","<a href=""https://www.facebook.com/wickedbarleybrewing"">Facebook</a>","<a href=""https://www.instagram.com/wickedbarleybrewing"">Instagram</a>","<a href=""https://maps.google.com/?cid=6159195290257520834"">Google</a>","<a href=""https://www.yelp.com/biz/wicked-barley-brewing-jacksonville-2"">Yelp</a>","<a href=""https://www.tripadvisor.com/Restaurant_Review-g60805-d10770557"">TripAdvisor</a>","<a href=""https://untappd.com/WickedBarley"">Untappd</a>"
915,269,2019,Specialty,Cider Corps,Mango Foxtrot,🥇 Gold,Arizona,United States,Active,"<a href=""https://cidercorpsaz.com/"">Website</a>","<a href=""https://www.facebook.com/cidercorps/"">Facebook</a>","<a href=""https://www.instagram.com/cidercorps/"">Instagram</a>","<a href=""https://maps.google.com/?cid=9593182908980696987"">Google</a>","<a href=""https://www.yelp.com/biz/cider-corps-mesa-5"">Yelp</a>","<a href=""https://www.tripadvisor.com/Attraction_Review-g31281-d13003044"">TripAdvisor</a>","<a href=""https://untappd.com/CiderCorps"">Untappd</a>"
3454,270,2019,Specialty,Ægir Brugghús,Sultuslakur,🥈 Silver,Capital Region,Iceland,Inactive,,,,,,,
515,271,2019,Specialty,Rhinegeist Brewery,Elderflower Pear,🥈 Silver,Ohio,United States,Active,"<a href=""https://rhinegeist.com/"">Website</a>","<a href=""https://www.facebook.com/rhinegeist"">Facebook</a>","<a href=""https://www.instagram.com/rhinegeist/"">Instagram</a>","<a href=""https://maps.google.com/?cid=4624817204033581156"">Google</a>","<a href=""https://www.yelp.com/biz/rhinegeist-brewery-cincinnati"">Yelp</a>","<a href=""https://www.tripadvisor.com/Attraction_Review-g60993-d8618371"">TripAdvisor</a>","<a href=""https://untappd.com/w/rhinegeist-brewery/69953"">Untappd</a>"
716,272,2019,Specialty,401 Cider Brewery,Oh Honey,🥉 Bronze,Ontario,Canada,Active,"<a href=""https://www.401cidercompany.com/"">Website</a>","<a href=""https://www.facebook.com/401CiderBrewery/"">Facebook</a>","<a href=""https://www.instagram.com/401ciderbrewery/"">Instagram</a>","<a href=""https://maps.google.com/?cid=15904679425375007750"">Google</a>","<a href=""https://www.yelp.com/biz/the-big-apple-colborne"">Yelp</a>","<a href=""https://www.tripadvisor.com/Attraction_Review-g5414486-d586711"">TripAdvisor</a>","<a href=""https://untappd.com/w/401-brewery/207707"">Untappd</a>"
3177,273,2019,Unlimited,Groupe Geloso,Original,🥇 Gold,Quebec,Canada,Active,"<a href=""https://groupegeloso.com/"">Website</a>","<a href=""https://www.facebook.com/groupegeloso/"">Facebook</a>",,"<a href=""https://maps.google.com/?cid=14532853692172548925"">Google</a>",,,"<a href=""https://untappd.com/w/cidre-beaupre-groupe-geloso/21487"">Untappd</a>"
3342,274,2019,Unlimited,Samuel Smith's Brewery,Organic Cider,🥈 Silver,North Yorkshire,England,Active,"<a href=""https://samuelsmithsbrewery.co.uk/"">Website</a>","<a href=""https://www.facebook.com/samuelsmithsbrewery/"">Facebook</a>","<a href=""https://www.instagram.com/samuelsmithsbrewery/"">Instagram</a>","<a href=""https://maps.google.com/?cid=15178745194059809638"">Google</a>",,,"<a href=""https://untappd.com/SamuelSmiths"">Untappd</a>"
69,275,2019,Unlimited,5 Penny Hard Cider,Urban Legend,🥉 Bronze,Ohio,United States,Inactive,,,,,,,
250,276,2019,Anything Goes,Duluth Cider,Las Lajas,🥇 Gold,Minnesota,United States,Active,"<a href=""https://duluthcider.com/"">Website</a>","<a href=""https://www.facebook.com/duluth.cider/"">Facebook</a>","<a href=""https://www.instagram.com/duluthcider/"">Instagram</a>","<a href=""https://maps.google.com/?cid=3814310496447641516"">Google</a>","<a href=""https://www.yelp.com/biz/duluth-cider-duluth"">Yelp</a>","<a href=""https://www.tripadvisor.com/Attraction_Review-g43018-d16674091"">TripAdvisor</a>","<a href=""https://untappd.com/DuluthCider"">Untappd</a>"
757,277,2019,Anything Goes,Clafeld Cider House,London Fog,🥈 Silver,Ontario,Canada,Active,"<a href=""https://www.waupooswinery.com/"">Website</a>","<a href=""https://www.facebook.com/clafeldcider/"">Facebook</a>","<a href=""https://www.instagram.com/clafeldcider/"">Instagram</a>","<a href=""https://maps.google.com/?cid=14335401017140852929"">Google</a>","<a href=""https://www.yelp.com/biz/clafeld-market-prince-edward"">Yelp</a>","<a href=""https://www.tripadvisor.com/Attraction_Review-g3454068-d14194483"">TripAdvisor</a>","<a href=""https://untappd.com/w/clafeld-fruit-winery-market/207242"">Untappd</a>"
339,278,2019,Anything Goes,Houston Cider Company,Singapore Sling,🥉 Bronze,Texas,United States,Active,"<a href=""https://www.houstoncidertx.com/"">Website</a>","<a href=""https://www.facebook.com/houstoncidercompany"">Facebook</a>","<a href=""https://www.instagram.com/houstoncider/"">Instagram</a>","<a href=""https://maps.google.com/?cid=9879541345239427997"">Google</a>","<a href=""https://www.yelp.com/biz/town-in-city-brewing-company-houston"">Yelp</a>","<a href=""https://www.tripadvisor.com/Attraction_Review-g56003-d9609375"">TripAdvisor</a>","<a href=""https://untappd.com/w/houston-cider-company/300156"">Untappd</a>"
3458,279,2019,Anything Goes,Cranker's Brewery,Cider Mill Donut,🥉 Bronze,Michigan,United States,Active,"<a href=""https://www.crankersbrewery.com/"">Website</a>","<a href=""https://www.facebook.com/CrankersBeer/"">Facebook</a>","<a href=""https://www.instagram.com/crankersbrewery/"">Instagram</a>","<a href=""https://maps.google.com/?cid=12050324371787893879"">Google</a>","<a href=""https://www.yelp.com/biz/crankers-brewery-big-rapids"">Yelp</a>","<a href=""https://www.tripadvisor.com/Restaurant_Review-g41993-d878175"">TripAdvisor</a>","<a href=""https://untappd.com/CrankersBrewery"">Untappd</a>"
3462,280,2019,Single Varietal,Thomas Brothers Hard Cider,Gravenstein,🥇 Gold,California,United States,Inactive,,,,,,,
97,281,2019,Single Varietal,Arsenal Cider House,Gold Rush,🥈 Silver,Pennsylvania,United States,Active,"<a href=""https://www.arsenalciderhouse.com/lawrenceville/"">Website</a>","<a href=""https://www.facebook.com/ArsenalCider"">Facebook</a>","<a href=""https://www.instagram.com/arsenalcider/"">Instagram</a>","<a href=""https://maps.google.com/?cid=3302243150360255083"">Google</a>","<a href=""https://www.yelp.com/biz/arsenal-cider-house-and-wine-cellar-pittsburgh"">Yelp</a>","<a href=""https://www.tripadvisor.com/Attraction_Review-g53449-d4558019"">TripAdvisor</a>","<a href=""https://untappd.com/w/arsenal-cider-house/12282"">Untappd</a>"
215,282,2019,Single Varietal,Contoocook Cider Company,Johnny B Good,🥉 Bronze,New Hampshire,United States,Active,"<a href=""https://www.contoocookcider.com/"">Website</a>","<a href=""https://www.facebook.com/contoocookcider"">Facebook</a>","<a href=""https://www.instagram.com/contoocook_cider"">Instagram</a>","<a href=""https://maps.google.com/?cid=5608445815929475021"">Google</a>","<a href=""https://www.yelp.com/biz/contoocook-cider-co-contoocook"">Yelp</a>","<a href=""https://www.tripadvisor.com/Attraction_Review-g46053-d3546159"">TripAdvisor</a>","<a href=""https://untappd.com/w/contoocook-cider-company/356350"">Untappd</a>"
757,283,2019,Rosé,Clafeld Cider House,Hey Lady,🥇 Gold,Ontario,Canada,Active,"<a href=""https://www.waupooswinery.com/"">Website</a>","<a href=""https://www.facebook.com/clafeldcider/"">Facebook</a>","<a href=""https://www.instagram.com/clafeldcider/"">Instagram</a>","<a href=""https://maps.google.com/?cid=14335401017140852929"">Google</a>","<a href=""https://www.yelp.com/biz/clafeld-market-prince-edward"">Yelp</a>","<a href=""https://www.tripadvisor.com/Attraction_Review-g3454068-d14194483"">TripAdvisor</a>","<a href=""https://untappd.com/w/clafeld-fruit-winery-market/207242"">Untappd</a>"
236,284,2019,Rosé,Diskin Cider,Daydream,🥈 Silver,Tennessee,United States,Active,"<a href=""http://www.diskincider.com/"">Website</a>",,"<a href=""https://www.instagram.com/diskincider/"">Instagram</a>","<a href=""https://maps.google.com/?cid=5465208715637137113"">Google</a>",,,"<a href=""https://untappd.com/w/diskin-cider/341259"">Untappd</a>"
2096,285,2019,Rosé,Hawkes / BrewDog USA,Doom & Bloom,🥉 Bronze,Ohio,United States,Active,"<a href=""https://www.brewdog.com/usa/brewdog-dogtap-columbus"">Website</a>","<a href=""https://www.facebook.com/DogTapColumbus"">Facebook</a>","<a href=""https://www.instagram.com/ohiodogtap/"">Instagram</a>","<a href=""https://maps.google.com/?cid=3806023017261021678"">Google</a>","<a href=""https://www.yelp.com/biz/brewdog-dogtap-columbus-canal-winchester"">Yelp</a>","<a href=""https://www.tripadvisor.com/Attraction_Review-g50166-d12949852"">TripAdvisor</a>","<a href=""https://untappd.com/BrewDogUSA"">Untappd</a>"
812,286,2019,Brut,Niagara College Teaching Winery,Brut Cider,🥇 Gold,Ontario,Canada,Active,"<a href=""https://www.ncteachingwinery.ca/"">Website</a>","<a href=""https://www.facebook.com/nctwinery/"">Facebook</a>","<a href=""https://www.instagram.com/nctwinery/"">Instagram</a>","<a href=""https://maps.google.com/?cid=2529664632400053188"">Google</a>","<a href=""https://www.yelp.com/biz/niagara-college-teaching-winery-niagara-on-the-lake"">Yelp</a>","<a href=""https://www.tripadvisor.com/Attraction_Review-g154999-d2414360"">TripAdvisor</a>","<a href=""https://untappd.com/w/niagara-college-teaching-winery/390649"">Untappd</a>"
790,287,2019,Brut,Heritage Estate Winery & Cidery,Dragon's Gold,🥈 Silver,Ontario,Canada,Active,"<a href=""https://heritageestate.ca/"">Website</a>","<a href=""https://www.facebook.com/estateheritage/"">Facebook</a>","<a href=""https://www.instagram.com/estateheritage/"">Instagram</a>","<a href=""https://maps.google.com/?cid=9239224592277777662"">Google</a>",,"<a href=""https://www.tripadvisor.com/Attraction_Review-g154980-d11864452"">TripAdvisor</a>","<a href=""https://untappd.com/w/heritage-estate-winery-cidery/281135"">Untappd</a>"
2236,288,2019,Brut,Sycamore Brewing,Wild Blossom Brut,🥉 Bronze,North Carolina,United States,Active,"<a href=""https://www.sycamorebrew.com/"">Website</a>","<a href=""https://www.facebook.com/SycamoreBrewing/"">Facebook</a>","<a href=""https://www.instagram.com/sycamorebrewing/"">Instagram</a>","<a href=""https://maps.google.com/?cid=4876898246003691885"">Google</a>","<a href=""https://www.yelp.com/biz/sycamore-brewing-charlotte-2"">Yelp</a>","<a href=""https://www.tripadvisor.com/Attraction_Review-g49022-d7234229"">TripAdvisor</a>","<a href=""https://untappd.com/SycamoreBrewing"">Untappd</a>"
97,289,2020,Modern Cider – Sweet,Arsenal Cider House,Event Blend,🥇 Gold,Pennsylvania,United States,Active,"<a href=""https://www.arsenalciderhouse.com/lawrenceville/"">Website</a>","<a href=""https://www.facebook.com/ArsenalCider"">Facebook</a>","<a href=""https://www.instagram.com/arsenalcider/"">Instagram</a>","<a href=""https://maps.google.com/?cid=3302243150360255083"">Google</a>","<a href=""https://www.yelp.com/biz/arsenal-cider-house-and-wine-cellar-pittsburgh"">Yelp</a>","<a href=""https://www.tripadvisor.com/Attraction_Review-g53449-d4558019"">TripAdvisor</a>","<a href=""https://untappd.com/w/arsenal-cider-house/12282"">Untappd</a>"
664,290,2020,Modern Cider – Sweet,Vermont Cider Company,Woodchuck Amber,🥈 Silver,Vermont,United States,Active,"<a href=""http://www.woodchuck.com/"">Website</a>","<a href=""https://www.facebook.com/WoodchuckCider"">Facebook</a>","<a href=""https://www.instagram.com/woodchuckcider/"">Instagram</a>","<a href=""https://maps.google.com/?cid=9402882086420367798"">Google</a>","<a href=""https://www.yelp.com/biz/woodchuck-hard-cidery-middlebury"">Yelp</a>","<a href=""https://www.tripadvisor.com/Attraction_Review-g57245-d7022345"">TripAdvisor</a>","<a href=""https://untappd.com/w/woodchuck-cidery/611"">Untappd</a>"
408,291,2020,Modern Cider – Sweet,FX Matt Brewing,McKenzie's Original Hard Cider,🥉 Bronze,New York,United States,Active,"<a href=""https://www.mckbev.com/"">Website</a>","<a href=""https://www.facebook.com/McKenziesHardCider/"">Facebook</a>","<a href=""https://www.instagram.com/mckenzieshardcider/"">Instagram</a>","<a href=""https://maps.google.com/?cid=16812627050434550372"">Google</a>","<a href=""https://www.yelp.com/biz/f-x-matt-brewing-utica"">Yelp</a>","<a href=""https://www.tripadvisor.com/Attraction_Review-g48759-d534580"">TripAdvisor</a>","<a href=""https://untappd.com/w/mckenzies-hard-cider/10931"">Untappd</a>"
757,292,2020,Modern Cider – Dry,Clafeld Cider House,Smashed Cider,🥇 Gold,Ontario,Canada,Active,"<a href=""https://www.waupooswinery.com/"">Website</a>","<a href=""https://www.facebook.com/clafeldcider/"">Facebook</a>","<a href=""https://www.instagram.com/clafeldcider/"">Instagram</a>","<a href=""https://maps.google.com/?cid=14335401017140852929"">Google</a>","<a href=""https://www.yelp.com/biz/clafeld-market-prince-edward"">Yelp</a>","<a href=""https://www.tripadvisor.com/Attraction_Review-g3454068-d14194483"">TripAdvisor</a>","<a href=""https://untappd.com/w/clafeld-fruit-winery-market/207242"">Untappd</a>"
2035,293,2020,Modern Cider – Dry,Covered Bridge Brewing,Arse Dagger Apple Cider,🥇 Gold,Oregon,United States,Inactive,,,,,,,
97,294,2020,Modern Cider – Dry,Arsenal Cider House,Fighting Elleck,🥈 Silver,Pennsylvania,United States,Active,"<a href=""https://www.arsenalciderhouse.com/lawrenceville/"">Website</a>","<a href=""https://www.facebook.com/ArsenalCider"">Facebook</a>","<a href=""https://www.instagram.com/arsenalcider/"">Instagram</a>","<a href=""https://maps.google.com/?cid=3302243150360255083"">Google</a>","<a href=""https://www.yelp.com/biz/arsenal-cider-house-and-wine-cellar-pittsburgh"">Yelp</a>","<a href=""https://www.tripadvisor.com/Attraction_Review-g53449-d4558019"">TripAdvisor</a>","<a href=""https://untappd.com/w/arsenal-cider-house/12282"">Untappd</a>"
3464,295,2020,Modern Cider – Dry,Xaiko Beverages,Kiwi Herman,🥉 Bronze,California,United States,Inactive,,,,,,,
127,296,2020,Heritage Cider,Big Fish Cider Co.,Highland Scrumpy,🥇 Gold,Virginia,United States,Active,"<a href=""http://www.bigfishcider.com/"">Website</a>","<a href=""https://www.facebook.com/BigFishCider/"">Facebook</a>","<a href=""https://www.instagram.com/big_fish_cider/"">Instagram</a>","<a href=""https://maps.google.com/?cid=10686446551531832863"">Google</a>","<a href=""https://www.yelp.com/biz/big-fish-cider-monterey"">Yelp</a>","<a href=""https://www.tripadvisor.com/Attraction_Review-g57982-d10413095"">TripAdvisor</a>","<a href=""https://untappd.com/w/big-fish-cider-co/202963"">Untappd</a>"
1895,297,2020,Heritage Cider,Broken Brix,Wild Scrumpy,🥈 Silver,Illinois,United States,Active,"<a href=""http://homebrewshopltd.com/"">Website</a>","<a href=""https://www.facebook.com/homebrewshopltd"">Facebook</a>","<a href=""https://www.instagram.com/brokenbrix_cidery/"">Instagram</a>","<a href=""https://maps.google.com/?cid=11646904330402367413"">Google</a>",,,"<a href=""https://untappd.com/Broken_Brix"">Untappd</a>"
661,298,2020,Heritage Cider,Urban Tree Hard Cider,Sidra Urbano,🥉 Bronze,Georgia,United States,Active,"<a href=""https://urbantreecidery.com/"">Website</a>","<a href=""https://www.facebook.com/UrbanTreeCider/"">Facebook</a>","<a href=""https://www.instagram.com/urbantreecider/"">Instagram</a>",,,,"<a href=""https://untappd.com/w/urban-tree-cidery/260157"">Untappd</a>"
790,299,2020,Traditional Cider,Heritage Estate Winery & Cidery,Heirloom Apple Cider,🥇 Gold,Ontario,Canada,Active,"<a href=""https://heritageestate.ca/"">Website</a>","<a href=""https://www.facebook.com/estateheritage/"">Facebook</a>","<a href=""https://www.instagram.com/estateheritage/"">Instagram</a>","<a href=""https://maps.google.com/?cid=9239224592277777662"">Google</a>",,"<a href=""https://www.tripadvisor.com/Attraction_Review-g154980-d11864452"">TripAdvisor</a>","<a href=""https://untappd.com/w/heritage-estate-winery-cidery/281135"">Untappd</a>"
2510,300,2020,Traditional Cider,Maeloc,Maeloc Organic Sidra,🥈 Silver,Galicia,Spain,Active,"<a href=""https://maelocway.com/"">Website</a>","<a href=""https://www.facebook.com/maelocway/"">Facebook</a>","<a href=""https://www.instagram.com/maelocway/"">Instagram</a>","<a href=""https://maps.google.com/?cid=11814015461660737074"">Google</a>",,,"<a href=""https://untappd.com/w/maeloc-cider/140146"">Untappd</a>"
3342,301,2020,Perry,Samuel Smith's Brewery,Samuel Smith's Organic Perry,🥇 Gold,North Yorkshire,England,Active,"<a href=""https://samuelsmithsbrewery.co.uk/"">Website</a>","<a href=""https://www.facebook.com/samuelsmithsbrewery/"">Facebook</a>","<a href=""https://www.instagram.com/samuelsmithsbrewery/"">Instagram</a>","<a href=""https://maps.google.com/?cid=15178745194059809638"">Google</a>",,,"<a href=""https://untappd.com/SamuelSmiths"">Untappd</a>"
179,302,2020,Perry,ACE Cider,Ace Perry Craft Cider,🥈 Silver,California,United States,Active,"<a href=""http://www.acecider.com/"">Website</a>","<a href=""https://www.facebook.com/AceCider"">Facebook</a>","<a href=""https://www.instagram.com/acecider/"">Instagram</a>",,"<a href=""https://www.yelp.com/biz/ace-premium-hard-ciders-sebastopol"">Yelp</a>","<a href=""https://www.tripadvisor.com/Attraction_Review-g33069-d3626497"">TripAdvisor</a>","<a href=""https://untappd.com/w/ace-cider-the-california-cider-company/331"">Untappd</a>"
2571,303,2020,Perry,Eva Group,Pear The Good Cider of San Sebastian,🥉 Bronze,Navarre,Spain,Active,"<a href=""https://www.evasa.com/"">Website</a>",,,"<a href=""https://maps.google.com/?cid=546948451257487120"">Google</a>",,,"<a href=""https://untappd.com/EvaGroup"">Untappd</a>"
179,304,2020,Fruit,ACE Cider,Ace Guava Craft Cider,🥇 Gold,California,United States,Active,"<a href=""http://www.acecider.com/"">Website</a>","<a href=""https://www.facebook.com/AceCider"">Facebook</a>","<a href=""https://www.instagram.com/acecider/"">Instagram</a>",,"<a href=""https://www.yelp.com/biz/ace-premium-hard-ciders-sebastopol"">Yelp</a>","<a href=""https://www.tripadvisor.com/Attraction_Review-g33069-d3626497"">TripAdvisor</a>","<a href=""https://untappd.com/w/ace-cider-the-california-cider-company/331"">Untappd</a>"
103,305,2020,Fruit,Avid Cider,Acai Lemonade Hard Cider,🥈 Silver,Oregon,United States,Active,"<a href=""https://avidcider.com/"">Website</a>","<a href=""https://www.facebook.com/AVIDCider/"">Facebook</a>","<a href=""https://www.instagram.com/avidcidercompany/"">Instagram</a>",,"<a href=""https://www.yelp.com/biz/atlas-cider-co-bend-2"">Yelp</a>","<a href=""https://www.tripadvisor.com/Attraction_Review-g51766-d6870614"">TripAdvisor</a>","<a href=""https://untappd.com/w/atlas-cider-company/65739"">Untappd</a>"
757,306,2020,Fruit,Clafeld Cider House,Disco Lemonade,🥈 Silver,Ontario,Canada,Active,"<a href=""https://www.waupooswinery.com/"">Website</a>","<a href=""https://www.facebook.com/clafeldcider/"">Facebook</a>","<a href=""https://www.instagram.com/clafeldcider/"">Instagram</a>","<a href=""https://maps.google.com/?cid=14335401017140852929"">Google</a>","<a href=""https://www.yelp.com/biz/clafeld-market-prince-edward"">Yelp</a>","<a href=""https://www.tripadvisor.com/Attraction_Review-g3454068-d14194483"">TripAdvisor</a>","<a href=""https://untappd.com/w/clafeld-fruit-winery-market/207242"">Untappd</a>"
229,307,2020,Fruit,d's Wicked Cider,Troppi-Poppi,🥉 Bronze,Washington,United States,Active,"<a href=""http://dswickedcider.com/"">Website</a>","<a href=""https://www.facebook.com/dswickedcider/"">Facebook</a>","<a href=""https://www.instagram.com/dswickedciderco/"">Instagram</a>","<a href=""https://maps.google.com/?cid=2860292587896986843"">Google</a>","<a href=""https://www.yelp.com/biz/sun-river-vintners-kennewick"">Yelp</a>","<a href=""https://www.tripadvisor.com/Attraction_Review-g58536-d13007264"">TripAdvisor</a>","<a href=""https://untappd.com/w/ds-wicked-cider/158215"">Untappd</a>"
196,308,2020,Pineapple,Ciderboys,Pineapple Hula,🥇 Gold,Wisconsin,United States,Active,"<a href=""http://www.ciderboys.com/"">Website</a>","<a href=""https://www.facebook.com/Ciderboys"">Facebook</a>","<a href=""https://www.instagram.com/Ciderboys/"">Instagram</a>","<a href=""https://maps.google.com/?cid=1756122992587390562"">Google</a>","<a href=""https://www.yelp.com/biz/stevens-point-brewery-stevens-point"">Yelp</a>","<a href=""https://www.tripadvisor.com/Attraction_Review-g60304-d2265035"">TripAdvisor</a>","<a href=""https://untappd.com/w/ciderboys-hard-cider/44552"">Untappd</a>"
2239,309,2020,Pineapple,Ola Brew,Kona Gold Cider,🥈 Silver,Hawaii,United States,Active,"<a href=""https://www.olabrewco.com/"">Website</a>","<a href=""https://www.facebook.com/OlaBrewCo"">Facebook</a>","<a href=""https://www.instagram.com/olabrewco/"">Instagram</a>","<a href=""https://maps.google.com/?cid=15799959683814156778"">Google</a>","<a href=""https://www.yelp.com/biz/ola-brew-kailua-kona"">Yelp</a>","<a href=""https://www.tripadvisor.com/Attraction_Review-g60872-d13368863"">TripAdvisor</a>","<a href=""https://untappd.com/OlaBrewCompany"">Untappd</a>"
661,310,2020,Pineapple,Urban Tree Hard Cider,Tropic Like it's Hot,🥉 Bronze,Georgia,United States,Active,"<a href=""https://urbantreecidery.com/"">Website</a>","<a href=""https://www.facebook.com/UrbanTreeCider/"">Facebook</a>","<a href=""https://www.instagram.com/urbantreecider/"">Instagram</a>",,,,"<a href=""https://untappd.com/w/urban-tree-cidery/260157"">Untappd</a>"
664,311,2020,Pineapple,Vermont Cider Company,Wyders Prickly Pineapple,🥉 Bronze,Vermont,United States,Active,"<a href=""http://www.woodchuck.com/"">Website</a>","<a href=""https://www.facebook.com/WoodchuckCider"">Facebook</a>","<a href=""https://www.instagram.com/woodchuckcider/"">Instagram</a>","<a href=""https://maps.google.com/?cid=9402882086420367798"">Google</a>","<a href=""https://www.yelp.com/biz/woodchuck-hard-cidery-middlebury"">Yelp</a>","<a href=""https://www.tripadvisor.com/Attraction_Review-g57245-d7022345"">TripAdvisor</a>","<a href=""https://untappd.com/w/woodchuck-cidery/611"">Untappd</a>"
12,312,2020,Cherry,Boss Cider Company,Going North,🥇 Gold,Michigan,United States,Active,"<a href=""https://www.bosscider.com/"">Website</a>","<a href=""https://www.facebook.com/BossCider"">Facebook</a>","<a href=""https://www.instagram.com/bosscider/"">Instagram</a>","<a href=""https://maps.google.com/?cid=1969051789610674635"">Google</a>","<a href=""https://www.yelp.com/biz/boss-cider-leslie"">Yelp</a>",,"<a href=""https://untappd.com/w/boss-cider-company/445688"">Untappd</a>"
102,313,2020,Cherry,Atlanta Hard Cider Co.,Cherry Pie,🥈 Silver,Georgia,United States,Active,"<a href=""https://www.atlantahardcider.com/"">Website</a>","<a href=""https://www.facebook.com/atlantahardcider/"">Facebook</a>","<a href=""https://www.instagram.com/atlantahardcider/"">Instagram</a>","<a href=""https://maps.google.com/?cid=15330589380276964489"">Google</a>",,,"<a href=""https://untappd.com/w/atlanta-hard-cider-co/364060"">Untappd</a>"
215,314,2020,Cherry,Contoocook Cider Company,Cherry Bomb,🥉 Bronze,New Hampshire,United States,Active,"<a href=""https://www.contoocookcider.com/"">Website</a>","<a href=""https://www.facebook.com/contoocookcider"">Facebook</a>","<a href=""https://www.instagram.com/contoocook_cider"">Instagram</a>","<a href=""https://maps.google.com/?cid=5608445815929475021"">Google</a>","<a href=""https://www.yelp.com/biz/contoocook-cider-co-contoocook"">Yelp</a>","<a href=""https://www.tripadvisor.com/Attraction_Review-g46053-d3546159"">TripAdvisor</a>","<a href=""https://untappd.com/w/contoocook-cider-company/356350"">Untappd</a>"
133,315,2020,Peach,Black Apple Hard Cider,Black Apple Peach,🥇 Gold,Arkansas,United States,Active,"<a href=""https://www.blackapplehardcider.com/"">Website</a>","<a href=""https://www.facebook.com/blackapplecrossing/"">Facebook</a>","<a href=""https://www.instagram.com/blackapplehardcider/"">Instagram</a>","<a href=""https://maps.google.com/?cid=5449257929643515916"">Google</a>","<a href=""https://www.yelp.com/biz/black-apple-crossing-springdale"">Yelp</a>","<a href=""https://www.tripadvisor.com/Attraction_Review-g31931-d8814858"">TripAdvisor</a>","<a href=""https://untappd.com/w/black-apple-crossing/211057"">Untappd</a>"
229,316,2020,Peach,d's Wicked Cider,Peach Cobbler,🥈 Silver,Washington,United States,Active,"<a href=""http://dswickedcider.com/"">Website</a>","<a href=""https://www.facebook.com/dswickedcider/"">Facebook</a>","<a href=""https://www.instagram.com/dswickedciderco/"">Instagram</a>","<a href=""https://maps.google.com/?cid=2860292587896986843"">Google</a>","<a href=""https://www.yelp.com/biz/sun-river-vintners-kennewick"">Yelp</a>","<a href=""https://www.tripadvisor.com/Attraction_Review-g58536-d13007264"">TripAdvisor</a>","<a href=""https://untappd.com/w/ds-wicked-cider/158215"">Untappd</a>"
490,317,2020,Peach,Portland Cider Company,Peach Berry,🥉 Bronze,Oregon,United States,Active,"<a href=""http://portlandcider.com/"">Website</a>","<a href=""https://www.facebook.com/portlandcider"">Facebook</a>","<a href=""https://www.instagram.com/portlandcider/"">Instagram</a>","<a href=""https://maps.google.com/?cid=5897814277091816079"">Google</a>","<a href=""https://www.yelp.com/biz/portland-cider-company-clackamas"">Yelp</a>","<a href=""https://www.tripadvisor.com/Restaurant_Review-g51806-d6996793"">TripAdvisor</a>","<a href=""https://untappd.com/w/portland-cider-company/56260"">Untappd</a>"
196,318,2020,Fruit and Berry,Ciderboys,Blackberry Wild,🥇 Gold,Wisconsin,United States,Active,"<a href=""http://www.ciderboys.com/"">Website</a>","<a href=""https://www.facebook.com/Ciderboys"">Facebook</a>","<a href=""https://www.instagram.com/Ciderboys/"">Instagram</a>","<a href=""https://maps.google.com/?cid=1756122992587390562"">Google</a>","<a href=""https://www.yelp.com/biz/stevens-point-brewery-stevens-point"">Yelp</a>","<a href=""https://www.tripadvisor.com/Attraction_Review-g60304-d2265035"">TripAdvisor</a>","<a href=""https://untappd.com/w/ciderboys-hard-cider/44552"">Untappd</a>"
547,319,2020,Fruit and Berry,Saro Cider,Sanibel Grapefruit,🥈 Silver,Nebraska,United States,Active,"<a href=""https://sarocider.com/"">Website</a>","<a href=""https://www.facebook.com/4SaroCider"">Facebook</a>","<a href=""https://www.instagram.com/sarocider/"">Instagram</a>","<a href=""https://maps.google.com/?cid=14239117714929818609"">Google</a>","<a href=""https://www.yelp.com/biz/saro-cider-lincoln"">Yelp</a>","<a href=""https://www.tripadvisor.com/Restaurant_Review-g45667-d15141590"">TripAdvisor</a>","<a href=""https://untappd.com/w/saro-cider/407311"">Untappd</a>"
757,320,2020,Fruit and Berry,Clafeld Cider House,Fruit Cocktail,🥈 Silver,Ontario,Canada,Active,"<a href=""https://www.waupooswinery.com/"">Website</a>","<a href=""https://www.facebook.com/clafeldcider/"">Facebook</a>","<a href=""https://www.instagram.com/clafeldcider/"">Instagram</a>","<a href=""https://maps.google.com/?cid=14335401017140852929"">Google</a>","<a href=""https://www.yelp.com/biz/clafeld-market-prince-edward"">Yelp</a>","<a href=""https://www.tripadvisor.com/Attraction_Review-g3454068-d14194483"">TripAdvisor</a>","<a href=""https://untappd.com/w/clafeld-fruit-winery-market/207242"">Untappd</a>"
167,321,2020,Fruit and Berry,Broski Ciderworks,Black Current,🥉 Bronze,Florida,United States,Inactive,,,,,,,
2571,322,2020,Strawberry,Eva Group,The Good Cider of San Sebastian Strawberry,🥇 Gold,Navarre,Spain,Active,"<a href=""https://www.evasa.com/"">Website</a>",,,"<a href=""https://maps.google.com/?cid=546948451257487120"">Google</a>",,,"<a href=""https://untappd.com/EvaGroup"">Untappd</a>"
495,323,2020,Strawberry,Quantum Leap Winery,Pedaler's Road Rash Hard Cider,🥈 Silver,Florida,United States,Active,"<a href=""https://quantumleapwinery.com/"">Website</a>","<a href=""https://www.facebook.com/QuantumLeapWinery/"">Facebook</a>","<a href=""https://www.instagram.com/quantumleapwinery/"">Instagram</a>",,,,"<a href=""https://untappd.com/w/quantum-leap-winery/237930"">Untappd</a>"
2510,324,2020,Strawberry,Maeloc,Maeloc Strawberry Hard Cider,🥉 Bronze,Galicia,Spain,Active,"<a href=""https://maelocway.com/"">Website</a>","<a href=""https://www.facebook.com/maelocway/"">Facebook</a>","<a href=""https://www.instagram.com/maelocway/"">Instagram</a>","<a href=""https://maps.google.com/?cid=11814015461660737074"">Google</a>",,,"<a href=""https://untappd.com/w/maeloc-cider/140146"">Untappd</a>"
631,325,2020,Cranberry,Thor's Hard Cider,Dry Cranberry,🥇 Gold,Minnesota,United States,Active,"<a href=""https://www.thorshardcider.com/"">Website</a>","<a href=""https://www.facebook.com/thorshardcider/"">Facebook</a>","<a href=""https://www.instagram.com/thorshardcider/"">Instagram</a>","<a href=""https://maps.google.com/?cid=16250618587804183842"">Google</a>","<a href=""https://www.yelp.com/biz/aamodts-apple-farm-stillwater"">Yelp</a>","<a href=""https://www.tripadvisor.com/Attraction_Review-g43552-d7146001"">TripAdvisor</a>","<a href=""https://untappd.com/w/thors-hard-cider/345130"">Untappd</a>"
12,326,2020,Cranberry,Boss Cider Company,Satine,🥈 Silver,Michigan,United States,Active,"<a href=""https://www.bosscider.com/"">Website</a>","<a href=""https://www.facebook.com/BossCider"">Facebook</a>","<a href=""https://www.instagram.com/bosscider/"">Instagram</a>","<a href=""https://maps.google.com/?cid=1969051789610674635"">Google</a>","<a href=""https://www.yelp.com/biz/boss-cider-leslie"">Yelp</a>",,"<a href=""https://untappd.com/w/boss-cider-company/445688"">Untappd</a>"
2170,327,2020,Cranberry,Dingo Dog Brewing Company,Suzie's Cranberry-Pomegranate Cider,🥉 Bronze,North Carolina,United States,Active,"<a href=""https://www.dingodogbrewing.com/"">Website</a>","<a href=""https://www.facebook.com/dingodogbrewing"">Facebook</a>","<a href=""https://www.instagram.com/dingodogbrewing/"">Instagram</a>","<a href=""https://maps.google.com/?cid=855662940419552138"">Google</a>","<a href=""https://www.yelp.com/biz/dingo-dog-brewing-company-carrboro"">Yelp</a>",,"<a href=""https://untappd.com/DingoDogBrewing"">Untappd</a>"
294,328,2020,Applewine / Ice Cider,Glacial Till Vineyard & Winery,Applewine,🥇 Gold,Nebraska,United States,Active,"<a href=""http://www.glacialtillvineyard.com/"">Website</a>","<a href=""https://www.facebook.com/glacialtillvineyard"">Facebook</a>","<a href=""https://www.instagram.com/glacialtillvineyard/"">Instagram</a>","<a href=""https://maps.google.com/?cid=185099829414435279"">Google</a>","<a href=""https://www.yelp.com/biz/glacial-till-tasting-room-ashland"">Yelp</a>","<a href=""https://www.tripadvisor.com/Attraction_Review-g29709-d5832186"">TripAdvisor</a>","<a href=""https://untappd.com/w/glacial-till-vineyard-and-winery/223758"">Untappd</a>"
10,329,2020,Applewine / Ice Cider,Blake's Hard Cider Co.,Amshire,🥇 Gold,Michigan,United States,Active,"<a href=""http://www.blakeshardcider.com/"">Website</a>","<a href=""https://www.facebook.com/blakeshardciderco"">Facebook</a>","<a href=""https://www.instagram.com/blakeshardciderco/"">Instagram</a>","<a href=""https://maps.google.com/?cid=15855146673119620480"">Google</a>","<a href=""https://www.yelp.com/biz/blakes-ciderhouse-and-winery-armada"">Yelp</a>","<a href=""https://www.tripadvisor.com/Attraction_Review-g29560-d6678501"">TripAdvisor</a>","<a href=""https://untappd.com/w/blakes-hard-cider-company/86334"">Untappd</a>"
303,330,2020,Applewine / Ice Cider,Gowan's Heirloom Ciders,Sierra Beaty,🥈 Silver,California,United States,Active,"<a href=""http://www.gowansheirloomcider.com/"">Website</a>","<a href=""https://www.facebook.com/gowanscider/"">Facebook</a>","<a href=""https://www.instagram.com/gowanscider/"">Instagram</a>","<a href=""https://maps.google.com/?cid=14585432541984297394"">Google</a>","<a href=""https://www.yelp.com/biz/gowan-s-cider-philo"">Yelp</a>","<a href=""https://www.tripadvisor.com/Attraction_Review-g32878-d23631277"">TripAdvisor</a>","<a href=""https://untappd.com/w/gowans-hard-cider/200818"">Untappd</a>"
490,331,2020,Applewine / Ice Cider,Portland Cider Company,Perfect 10,🥉 Bronze,Oregon,United States,Active,"<a href=""http://portlandcider.com/"">Website</a>","<a href=""https://www.facebook.com/portlandcider"">Facebook</a>","<a href=""https://www.instagram.com/portlandcider/"">Instagram</a>","<a href=""https://maps.google.com/?cid=5897814277091816079"">Google</a>","<a href=""https://www.yelp.com/biz/portland-cider-company-clackamas"">Yelp</a>","<a href=""https://www.tripadvisor.com/Restaurant_Review-g51806-d6996793"">TripAdvisor</a>","<a href=""https://untappd.com/w/portland-cider-company/56260"">Untappd</a>"
294,332,2020,Herbal,Glacial Till Vineyard & Winery,Honey Lavender,🥇 Gold,Nebraska,United States,Active,"<a href=""http://www.glacialtillvineyard.com/"">Website</a>","<a href=""https://www.facebook.com/glacialtillvineyard"">Facebook</a>","<a href=""https://www.instagram.com/glacialtillvineyard/"">Instagram</a>","<a href=""https://maps.google.com/?cid=185099829414435279"">Google</a>","<a href=""https://www.yelp.com/biz/glacial-till-tasting-room-ashland"">Yelp</a>","<a href=""https://www.tripadvisor.com/Attraction_Review-g29709-d5832186"">TripAdvisor</a>","<a href=""https://untappd.com/w/glacial-till-vineyard-and-winery/223758"">Untappd</a>"
515,333,2020,Herbal,Rhinegeist Brewery,Swizzle Hard Cider,🥈 Silver,Ohio,United States,Active,"<a href=""https://rhinegeist.com/"">Website</a>","<a href=""https://www.facebook.com/rhinegeist"">Facebook</a>","<a href=""https://www.instagram.com/rhinegeist/"">Instagram</a>","<a href=""https://maps.google.com/?cid=4624817204033581156"">Google</a>","<a href=""https://www.yelp.com/biz/rhinegeist-brewery-cincinnati"">Yelp</a>","<a href=""https://www.tripadvisor.com/Attraction_Review-g60993-d8618371"">TripAdvisor</a>","<a href=""https://untappd.com/w/rhinegeist-brewery/69953"">Untappd</a>"
167,334,2020,Herbal,Broski Ciderworks,Elderflower,🥉 Bronze,Florida,United States,Inactive,,,,,,,
250,335,2020,Hopped,Duluth Cider,Greenstone,🥇 Gold,Minnesota,United States,Active,"<a href=""https://duluthcider.com/"">Website</a>","<a href=""https://www.facebook.com/duluth.cider/"">Facebook</a>","<a href=""https://www.instagram.com/duluthcider/"">Instagram</a>","<a href=""https://maps.google.com/?cid=3814310496447641516"">Google</a>","<a href=""https://www.yelp.com/biz/duluth-cider-duluth"">Yelp</a>","<a href=""https://www.tripadvisor.com/Attraction_Review-g43018-d16674091"">TripAdvisor</a>","<a href=""https://untappd.com/DuluthCider"">Untappd</a>"
345,336,2020,Hopped,Incline Cider Company,Hopped,🥈 Silver,Washington,United States,Active,"<a href=""http://www.inclinecider.com/"">Website</a>","<a href=""https://www.facebook.com/inclinecider/"">Facebook</a>","<a href=""https://www.instagram.com/inclinecider/"">Instagram</a>","<a href=""https://maps.google.com/?cid=504944612388443997"">Google</a>","<a href=""https://www.yelp.com/biz/incline-cider-house-tacoma"">Yelp</a>","<a href=""https://www.tripadvisor.com/Attraction_Review-g58775-d22266571"">TripAdvisor</a>","<a href=""https://untappd.com/w/incline-cider-company/249584"">Untappd</a>"
170,337,2020,Hopped,Bryant's Cider,Sumthin Juicy,🥉 Bronze,Virginia,United States,Active,"<a href=""https://bryantscider.com/"">Website</a>","<a href=""https://www.facebook.com/BryantsCiderFarm/"">Facebook</a>","<a href=""https://www.instagram.com/bryantscider/"">Instagram</a>","<a href=""https://maps.google.com/?cid=15598469607243113479"">Google</a>","<a href=""https://www.yelp.com/biz/bryants-cider-roseland"">Yelp</a>","<a href=""https://www.tripadvisor.com/Attraction_Review-g58143-d14196800"">TripAdvisor</a>","<a href=""https://untappd.com/w/bryant-s-cider/374591"">Untappd</a>"
97,338,2020,Apple Pie Spiced,Arsenal Cider House,Grant's Flying Pumpkin,🥇 Gold,Pennsylvania,United States,Active,"<a href=""https://www.arsenalciderhouse.com/lawrenceville/"">Website</a>","<a href=""https://www.facebook.com/ArsenalCider"">Facebook</a>","<a href=""https://www.instagram.com/arsenalcider/"">Instagram</a>","<a href=""https://maps.google.com/?cid=3302243150360255083"">Google</a>","<a href=""https://www.yelp.com/biz/arsenal-cider-house-and-wine-cellar-pittsburgh"">Yelp</a>","<a href=""https://www.tripadvisor.com/Attraction_Review-g53449-d4558019"">TripAdvisor</a>","<a href=""https://untappd.com/w/arsenal-cider-house/12282"">Untappd</a>"
196,339,2020,Apple Pie Spiced,Ciderboys,Mad Bark,🥈 Silver,Wisconsin,United States,Active,"<a href=""http://www.ciderboys.com/"">Website</a>","<a href=""https://www.facebook.com/Ciderboys"">Facebook</a>","<a href=""https://www.instagram.com/Ciderboys/"">Instagram</a>","<a href=""https://maps.google.com/?cid=1756122992587390562"">Google</a>","<a href=""https://www.yelp.com/biz/stevens-point-brewery-stevens-point"">Yelp</a>","<a href=""https://www.tripadvisor.com/Attraction_Review-g60304-d2265035"">TripAdvisor</a>","<a href=""https://untappd.com/w/ciderboys-hard-cider/44552"">Untappd</a>"
167,340,2020,Apple Pie Spiced,Broski Ciderworks,Apple Spice Cider,🥉 Bronze,Florida,United States,Inactive,,,,,,,
515,341,2020,Spiced,Rhinegeist Brewery,Snug,🥇 Gold,Ohio,United States,Active,"<a href=""https://rhinegeist.com/"">Website</a>","<a href=""https://www.facebook.com/rhinegeist"">Facebook</a>","<a href=""https://www.instagram.com/rhinegeist/"">Instagram</a>","<a href=""https://maps.google.com/?cid=4624817204033581156"">Google</a>","<a href=""https://www.yelp.com/biz/rhinegeist-brewery-cincinnati"">Yelp</a>","<a href=""https://www.tripadvisor.com/Attraction_Review-g60993-d8618371"">TripAdvisor</a>","<a href=""https://untappd.com/w/rhinegeist-brewery/69953"">Untappd</a>"
97,342,2020,Spiced,Arsenal Cider House,Grierson's Ginger,🥈 Silver,Pennsylvania,United States,Active,"<a href=""https://www.arsenalciderhouse.com/lawrenceville/"">Website</a>","<a href=""https://www.facebook.com/ArsenalCider"">Facebook</a>","<a href=""https://www.instagram.com/arsenalcider/"">Instagram</a>","<a href=""https://maps.google.com/?cid=3302243150360255083"">Google</a>","<a href=""https://www.yelp.com/biz/arsenal-cider-house-and-wine-cellar-pittsburgh"">Yelp</a>","<a href=""https://www.tripadvisor.com/Attraction_Review-g53449-d4558019"">TripAdvisor</a>","<a href=""https://untappd.com/w/arsenal-cider-house/12282"">Untappd</a>"
631,343,2020,Spiced,Thor's Hard Cider,Ginger Fizz,🥉 Bronze,Minnesota,United States,Active,"<a href=""https://www.thorshardcider.com/"">Website</a>","<a href=""https://www.facebook.com/thorshardcider/"">Facebook</a>","<a href=""https://www.instagram.com/thorshardcider/"">Instagram</a>","<a href=""https://maps.google.com/?cid=16250618587804183842"">Google</a>","<a href=""https://www.yelp.com/biz/aamodts-apple-farm-stillwater"">Yelp</a>","<a href=""https://www.tripadvisor.com/Attraction_Review-g43552-d7146001"">TripAdvisor</a>","<a href=""https://untappd.com/w/thors-hard-cider/345130"">Untappd</a>"
547,344,2020,Wood-Aged,Saro Cider,Pearsecco,🥇 Gold,Nebraska,United States,Active,"<a href=""https://sarocider.com/"">Website</a>","<a href=""https://www.facebook.com/4SaroCider"">Facebook</a>","<a href=""https://www.instagram.com/sarocider/"">Instagram</a>","<a href=""https://maps.google.com/?cid=14239117714929818609"">Google</a>","<a href=""https://www.yelp.com/biz/saro-cider-lincoln"">Yelp</a>","<a href=""https://www.tripadvisor.com/Restaurant_Review-g45667-d15141590"">TripAdvisor</a>","<a href=""https://untappd.com/w/saro-cider/407311"">Untappd</a>"
179,345,2020,Wood-Aged,ACE Cider,ACE Black Jack 21 Premium Craft Cider,🥈 Silver,California,United States,Active,"<a href=""http://www.acecider.com/"">Website</a>","<a href=""https://www.facebook.com/AceCider"">Facebook</a>","<a href=""https://www.instagram.com/acecider/"">Instagram</a>",,"<a href=""https://www.yelp.com/biz/ace-premium-hard-ciders-sebastopol"">Yelp</a>","<a href=""https://www.tripadvisor.com/Attraction_Review-g33069-d3626497"">TripAdvisor</a>","<a href=""https://untappd.com/w/ace-cider-the-california-cider-company/331"">Untappd</a>"
545,346,2020,Wood-Aged,Sapsucker Farms Yellow Belly Cidery,Yellow Belly Barrel Aged Cider,🥉 Bronze,Minnesota,United States,Active,"<a href=""https://www.sapsuckerfarms.com/"">Website</a>","<a href=""https://www.facebook.com/YellowBellyCider/"">Facebook</a>","<a href=""https://www.instagram.com/sapsuckerfarms/"">Instagram</a>","<a href=""https://maps.google.com/?cid=10529182272851607589"">Google</a>","<a href=""https://www.yelp.com/biz/sapsucker-farms-yellow-belly-cidery-mora"">Yelp</a>","<a href=""https://www.tripadvisor.com/Attraction_Review-g43337-d15594799"">TripAdvisor</a>","<a href=""https://untappd.com/w/sapsucker-farms/187535"">Untappd</a>"
167,347,2020,Specialty,Broski Ciderworks,Peach Please,🥇 Gold,Florida,United States,Inactive,,,,,,,
306,348,2020,Specialty,Green Bench Brewing Co.,I am Brut,🥇 Gold,Florida,United States,Active,"<a href=""https://www.greenbenchbrewing.com/"">Website</a>","<a href=""https://www.facebook.com/GreenBenchBrewing/"">Facebook</a>","<a href=""https://www.instagram.com/greenbenchmeadcider/"">Instagram</a>","<a href=""https://maps.google.com/?cid=4473987284585319628"">Google</a>","<a href=""https://www.yelp.com/biz/green-bench-brewing-company-st-petersburg"">Yelp</a>","<a href=""https://www.tripadvisor.com/Attraction_Review-g34607-d8505685"">TripAdvisor</a>","<a href=""https://untappd.com/w/green-bench-mead-cider/184191"">Untappd</a>"
664,349,2020,Specialty,Vermont Cider Company,Woodchuck Mimosa,🥈 Silver,Vermont,United States,Active,"<a href=""http://www.woodchuck.com/"">Website</a>","<a href=""https://www.facebook.com/WoodchuckCider"">Facebook</a>","<a href=""https://www.instagram.com/woodchuckcider/"">Instagram</a>","<a href=""https://maps.google.com/?cid=9402882086420367798"">Google</a>","<a href=""https://www.yelp.com/biz/woodchuck-hard-cidery-middlebury"">Yelp</a>","<a href=""https://www.tripadvisor.com/Attraction_Review-g57245-d7022345"">TripAdvisor</a>","<a href=""https://untappd.com/w/woodchuck-cidery/611"">Untappd</a>"
3342,350,2020,Unlimited,Samuel Smith's Brewery,Samuel Smith's Organic Cider,🥇 Gold,North Yorkshire,England,Active,"<a href=""https://samuelsmithsbrewery.co.uk/"">Website</a>","<a href=""https://www.facebook.com/samuelsmithsbrewery/"">Facebook</a>","<a href=""https://www.instagram.com/samuelsmithsbrewery/"">Instagram</a>","<a href=""https://maps.google.com/?cid=15178745194059809638"">Google</a>",,,"<a href=""https://untappd.com/SamuelSmiths"">Untappd</a>"
197,351,2020,Anything Goes,Cigar City Cider & Mead,Blueberry Crumble,🥇 Gold,Florida,United States,Active,"<a href=""http://www.cigarcitycider.com/"">Website</a>","<a href=""https://www.facebook.com/CigarCityCider"">Facebook</a>","<a href=""https://www.instagram.com/cigarcitycider/"">Instagram</a>","<a href=""https://maps.google.com/?cid=105555702494086229"">Google</a>","<a href=""https://www.yelp.com/biz/cigar-city-brewing-tampa"">Yelp</a>","<a href=""https://www.tripadvisor.com/Attraction_Review-g34678-d4508513"">TripAdvisor</a>","<a href=""https://untappd.com/w/cigar-city-cider-and-mead/51632"">Untappd</a>"
2193,352,2020,Anything Goes,Pacific Grove CiderWorks,Brandipera,🥇 Gold,California,United States,Active,"<a href=""https://pgciderworks.com/"">Website</a>",,,,,,"<a href=""https://untappd.com/w/pacific-grove-ciderworks/480168"">Untappd</a>"
3177,353,2020,Anything Goes,Groupe Geloso,Beaupre Rose,🥈 Silver,Quebec,Canada,Active,"<a href=""https://groupegeloso.com/"">Website</a>","<a href=""https://www.facebook.com/groupegeloso/"">Facebook</a>",,"<a href=""https://maps.google.com/?cid=14532853692172548925"">Google</a>",,,"<a href=""https://untappd.com/w/cidre-beaupre-groupe-geloso/21487"">Untappd</a>"
12,354,2020,Anything Goes,Boss Cider Company,Full Auto,🥉 Bronze,Michigan,United States,Active,"<a href=""https://www.bosscider.com/"">Website</a>","<a href=""https://www.facebook.com/BossCider"">Facebook</a>","<a href=""https://www.instagram.com/bosscider/"">Instagram</a>","<a href=""https://maps.google.com/?cid=1969051789610674635"">Google</a>","<a href=""https://www.yelp.com/biz/boss-cider-leslie"">Yelp</a>",,"<a href=""https://untappd.com/w/boss-cider-company/445688"">Untappd</a>"
3462,355,2020,Single Varietal,Thomas Brothers Hard Cider,Roman Beauty,🥇 Gold,California,United States,Inactive,,,,,,,
303,356,2020,Single Varietal,Gowan's Heirloom Ciders,Gravenstein,🥈 Silver,California,United States,Active,"<a href=""http://www.gowansheirloomcider.com/"">Website</a>","<a href=""https://www.facebook.com/gowanscider/"">Facebook</a>","<a href=""https://www.instagram.com/gowanscider/"">Instagram</a>","<a href=""https://maps.google.com/?cid=14585432541984297394"">Google</a>","<a href=""https://www.yelp.com/biz/gowan-s-cider-philo"">Yelp</a>","<a href=""https://www.tripadvisor.com/Attraction_Review-g32878-d23631277"">TripAdvisor</a>","<a href=""https://untappd.com/w/gowans-hard-cider/200818"">Untappd</a>"
127,357,2020,Single Varietal,Big Fish Cider Co.,Virginia Hewes Crab,🥉 Bronze,Virginia,United States,Active,"<a href=""http://www.bigfishcider.com/"">Website</a>","<a href=""https://www.facebook.com/BigFishCider/"">Facebook</a>","<a href=""https://www.instagram.com/big_fish_cider/"">Instagram</a>","<a href=""https://maps.google.com/?cid=10686446551531832863"">Google</a>","<a href=""https://www.yelp.com/biz/big-fish-cider-monterey"">Yelp</a>","<a href=""https://www.tripadvisor.com/Attraction_Review-g57982-d10413095"">TripAdvisor</a>","<a href=""https://untappd.com/w/big-fish-cider-co/202963"">Untappd</a>"
397,358,2020,Rosé,Lost Giants Cider Company,Rose',🥇 Gold,Washington,United States,Active,"<a href=""https://lostgiantscider.com/"">Website</a>","<a href=""https://www.facebook.com/LostGiantsCider"">Facebook</a>","<a href=""https://www.instagram.com/lostgiantsciderco"">Instagram</a>","<a href=""https://maps.google.com/?cid=3699889965366654678"">Google</a>","<a href=""https://www.yelp.com/biz/lost-giants-cider-company-bellingham"">Yelp</a>",,"<a href=""https://untappd.com/w/lost-giants-cider-company/395484"">Untappd</a>"
661,359,2020,Rosé,Urban Tree Hard Cider,Rose',🥈 Silver,Georgia,United States,Active,"<a href=""https://urbantreecidery.com/"">Website</a>","<a href=""https://www.facebook.com/UrbanTreeCider/"">Facebook</a>","<a href=""https://www.instagram.com/urbantreecider/"">Instagram</a>",,,,"<a href=""https://untappd.com/w/urban-tree-cidery/260157"">Untappd</a>"
236,360,2020,Rosé,Diskin Cider,Babe Magnet,🥉 Bronze,Tennessee,United States,Active,"<a href=""http://www.diskincider.com/"">Website</a>",,"<a href=""https://www.instagram.com/diskincider/"">Instagram</a>","<a href=""https://maps.google.com/?cid=5465208715637137113"">Google</a>",,,"<a href=""https://untappd.com/w/diskin-cider/341259"">Untappd</a>"
790,361,2020,Brut,Heritage Estate Winery & Cidery,Dragon's Gold,🥇 Gold,Ontario,Canada,Active,"<a href=""https://heritageestate.ca/"">Website</a>","<a href=""https://www.facebook.com/estateheritage/"">Facebook</a>","<a href=""https://www.instagram.com/estateheritage/"">Instagram</a>","<a href=""https://maps.google.com/?cid=9239224592277777662"">Google</a>",,"<a href=""https://www.tripadvisor.com/Attraction_Review-g154980-d11864452"">TripAdvisor</a>","<a href=""https://untappd.com/w/heritage-estate-winery-cidery/281135"">Untappd</a>"
790,362,2020,Brut,Heritage Estate Winery & Cidery,Heirloom Apple Cider (2018),🥈 Silver,Ontario,Canada,Active,"<a href=""https://heritageestate.ca/"">Website</a>","<a href=""https://www.facebook.com/estateheritage/"">Facebook</a>","<a href=""https://www.instagram.com/estateheritage/"">Instagram</a>","<a href=""https://maps.google.com/?cid=9239224592277777662"">Google</a>",,"<a href=""https://www.tripadvisor.com/Attraction_Review-g154980-d11864452"">TripAdvisor</a>","<a href=""https://untappd.com/w/heritage-estate-winery-cidery/281135"">Untappd</a>"
170,363,2020,Brut,Bryant's Cider,Brite Good,🥉 Bronze,Virginia,United States,Active,"<a href=""https://bryantscider.com/"">Website</a>","<a href=""https://www.facebook.com/BryantsCiderFarm/"">Facebook</a>","<a href=""https://www.instagram.com/bryantscider/"">Instagram</a>","<a href=""https://maps.google.com/?cid=15598469607243113479"">Google</a>","<a href=""https://www.yelp.com/biz/bryants-cider-roseland"">Yelp</a>","<a href=""https://www.tripadvisor.com/Attraction_Review-g58143-d14196800"">TripAdvisor</a>","<a href=""https://untappd.com/w/bryant-s-cider/374591"">Untappd</a>"
664,364,2020,Sangria,Vermont Cider Company,Woodchuck Sangria,🥇 Gold,Vermont,United States,Active,"<a href=""http://www.woodchuck.com/"">Website</a>","<a href=""https://www.facebook.com/WoodchuckCider"">Facebook</a>","<a href=""https://www.instagram.com/woodchuckcider/"">Instagram</a>","<a href=""https://maps.google.com/?cid=9402882086420367798"">Google</a>","<a href=""https://www.yelp.com/biz/woodchuck-hard-cidery-middlebury"">Yelp</a>","<a href=""https://www.tripadvisor.com/Attraction_Review-g57245-d7022345"">TripAdvisor</a>","<a href=""https://untappd.com/w/woodchuck-cidery/611"">Untappd</a>"
222,365,2020,Sangria,Coyote Hole Craft Beverages,Sister Sangria,🥈 Silver,Virginia,United States,Active,"<a href=""http://www.coyotehole.com/"">Website</a>","<a href=""https://www.facebook.com/CoyoteHole/"">Facebook</a>","<a href=""https://www.instagram.com/CoyoteHole/"">Instagram</a>","<a href=""https://maps.google.com/?cid=3893841626353972834"">Google</a>","<a href=""https://www.yelp.com/biz/coyote-hole-ciderworks-mineral"">Yelp</a>","<a href=""https://www.tripadvisor.com/Attraction_Review-g57973-d12510904"">TripAdvisor</a>","<a href=""https://untappd.com/w/coyote-hole-ciderworks/327669"">Untappd</a>"
222,366,2020,Sangria,Coyote Hole Craft Beverages,Sunset Sangria,🥉 Bronze,Virginia,United States,Active,"<a href=""http://www.coyotehole.com/"">Website</a>","<a href=""https://www.facebook.com/CoyoteHole/"">Facebook</a>","<a href=""https://www.instagram.com/CoyoteHole/"">Instagram</a>","<a href=""https://maps.google.com/?cid=3893841626353972834"">Google</a>","<a href=""https://www.yelp.com/biz/coyote-hole-ciderworks-mineral"">Yelp</a>","<a href=""https://www.tripadvisor.com/Attraction_Review-g57973-d12510904"">TripAdvisor</a>","<a href=""https://untappd.com/w/coyote-hole-ciderworks/327669"">Untappd</a>"
812,367,2021,Modern Cider – Dry,Niagara College Teaching Winery,Cider 101,🥇 Gold,Ontario,Canada,Active,"<a href=""https://www.ncteachingwinery.ca/"">Website</a>","<a href=""https://www.facebook.com/nctwinery/"">Facebook</a>","<a href=""https://www.instagram.com/nctwinery/"">Instagram</a>","<a href=""https://maps.google.com/?cid=2529664632400053188"">Google</a>","<a href=""https://www.yelp.com/biz/niagara-college-teaching-winery-niagara-on-the-lake"">Yelp</a>","<a href=""https://www.tripadvisor.com/Attraction_Review-g154999-d2414360"">TripAdvisor</a>","<a href=""https://untappd.com/w/niagara-college-teaching-winery/390649"">Untappd</a>"
661,368,2021,Modern Cider – Dry,Urban Tree Hard Cider,Harvest Apple,🥇 Gold,Georgia,United States,Active,"<a href=""https://urbantreecidery.com/"">Website</a>","<a href=""https://www.facebook.com/UrbanTreeCider/"">Facebook</a>","<a href=""https://www.instagram.com/urbantreecider/"">Instagram</a>",,,,"<a href=""https://untappd.com/w/urban-tree-cidery/260157"">Untappd</a>"
3177,369,2021,Modern Cider – Dry,Groupe Geloso,Original CB Macintosh,🥈 Silver,Quebec,Canada,Active,"<a href=""https://groupegeloso.com/"">Website</a>","<a href=""https://www.facebook.com/groupegeloso/"">Facebook</a>",,"<a href=""https://maps.google.com/?cid=14532853692172548925"">Google</a>",,,"<a href=""https://untappd.com/w/cidre-beaupre-groupe-geloso/21487"">Untappd</a>"
2035,370,2021,Modern Cider – Dry,Covered Bridge Brewing,Straight Apple Cider,🥉 Bronze,Oregon,United States,Inactive,,,,,,,
2510,371,2021,Heritage Cider,Maeloc,Maeloc Organic Dry Sidra,🥇 Gold,Galicia,Spain,Active,"<a href=""https://maelocway.com/"">Website</a>","<a href=""https://www.facebook.com/maelocway/"">Facebook</a>","<a href=""https://www.instagram.com/maelocway/"">Instagram</a>","<a href=""https://maps.google.com/?cid=11814015461660737074"">Google</a>",,,"<a href=""https://untappd.com/w/maeloc-cider/140146"">Untappd</a>"
1999,372,2021,Heritage Cider,Les Celliers Associés,Galipette Brut,🥈 Silver,Brittany,France,Active,"<a href=""https://www.valderance.com/"">Website</a>","<a href=""https://www.facebook.com/ValdeRance/"">Facebook</a>","<a href=""https://www.instagram.com/lca_coop_cider/"">Instagram</a>","<a href=""https://maps.google.com/?cid=7883069809343472545"">Google</a>",,,"<a href=""https://untappd.com/LesCelliersAssocis"">Untappd</a>"
707,373,2021,Heritage Cider,Muse Orchard,Two George Cyder,🥉 Bronze,Virginia,United States,Active,,,,,,,"<a href=""https://untappd.com/w/widow-s-watch-cider/532630"">Untappd</a>"
1227,374,2021,Traditional Cider,Aspall,Aspall Dry,🥇 Gold,Suffolk,England,Active,"<a href=""https://www.aspall.co.uk/"">Website</a>","<a href=""https://www.facebook.com/AspallUK/"">Facebook</a>","<a href=""https://www.instagram.com/aspalluk/"">Instagram</a>","<a href=""https://maps.google.com/?cid=12281573289882642327"">Google</a>",,,"<a href=""https://untappd.com/brewery/3468"">Untappd</a>"
1999,375,2021,Traditional Cider,Les Celliers Associés,Galipette Biologique,🥈 Silver,Brittany,France,Active,"<a href=""https://www.valderance.com/"">Website</a>","<a href=""https://www.facebook.com/ValdeRance/"">Facebook</a>","<a href=""https://www.instagram.com/lca_coop_cider/"">Instagram</a>","<a href=""https://maps.google.com/?cid=7883069809343472545"">Google</a>",,,"<a href=""https://untappd.com/LesCelliersAssocis"">Untappd</a>"
124,376,2021,Traditional Cider,Bent Ladder,Farmstead,🥉 Bronze,Ohio,United States,Active,"<a href=""http://bentladder.com/"">Website</a>","<a href=""https://www.facebook.com/bentladder"">Facebook</a>","<a href=""https://www.instagram.com/bentladder/"">Instagram</a>","<a href=""https://maps.google.com/?cid=5886580381731979881"">Google</a>","<a href=""https://www.yelp.com/biz/rittman-orchard-rittman"">Yelp</a>","<a href=""https://www.tripadvisor.com/Attraction_Review-g50283-d1977165"">TripAdvisor</a>","<a href=""https://untappd.com/w/bent-ladder/295757"">Untappd</a>"
97,377,2021,Perry,Arsenal Cider House,Alfred's Pear Son,🥇 Gold,Pennsylvania,United States,Active,"<a href=""https://www.arsenalciderhouse.com/lawrenceville/"">Website</a>","<a href=""https://www.facebook.com/ArsenalCider"">Facebook</a>","<a href=""https://www.instagram.com/arsenalcider/"">Instagram</a>","<a href=""https://maps.google.com/?cid=3302243150360255083"">Google</a>","<a href=""https://www.yelp.com/biz/arsenal-cider-house-and-wine-cellar-pittsburgh"">Yelp</a>","<a href=""https://www.tripadvisor.com/Attraction_Review-g53449-d4558019"">TripAdvisor</a>","<a href=""https://untappd.com/w/arsenal-cider-house/12282"">Untappd</a>"
3459,378,2021,Perry,Kopparberg,Kopparberg Pear,🥈 Silver,Örebro,Sweden,Active,"<a href=""https://kopparberg.com/"">Website</a>",,,"<a href=""https://maps.google.com/?cid=9190022698371839045"">Google</a>",,,"<a href=""https://untappd.com/w/kopparbergs-bryggeri/6350"">Untappd</a>"
179,379,2021,Perry,ACE Cider,ACE Perry Craft Cider,🥉 Bronze,California,United States,Active,"<a href=""http://www.acecider.com/"">Website</a>","<a href=""https://www.facebook.com/AceCider"">Facebook</a>","<a href=""https://www.instagram.com/acecider/"">Instagram</a>",,"<a href=""https://www.yelp.com/biz/ace-premium-hard-ciders-sebastopol"">Yelp</a>","<a href=""https://www.tripadvisor.com/Attraction_Review-g33069-d3626497"">TripAdvisor</a>","<a href=""https://untappd.com/w/ace-cider-the-california-cider-company/331"">Untappd</a>"
10,380,2021,Fruit,Blake's Hard Cider Co.,Blake's Grapefruit,🥇 Gold,Michigan,United States,Active,"<a href=""http://www.blakeshardcider.com/"">Website</a>","<a href=""https://www.facebook.com/blakeshardciderco"">Facebook</a>","<a href=""https://www.instagram.com/blakeshardciderco/"">Instagram</a>","<a href=""https://maps.google.com/?cid=15855146673119620480"">Google</a>","<a href=""https://www.yelp.com/biz/blakes-ciderhouse-and-winery-armada"">Yelp</a>","<a href=""https://www.tripadvisor.com/Attraction_Review-g29560-d6678501"">TripAdvisor</a>","<a href=""https://untappd.com/w/blakes-hard-cider-company/86334"">Untappd</a>"
97,381,2021,Fruit,Arsenal Cider House,Steel City Sunrise,🥈 Silver,Pennsylvania,United States,Active,"<a href=""https://www.arsenalciderhouse.com/lawrenceville/"">Website</a>","<a href=""https://www.facebook.com/ArsenalCider"">Facebook</a>","<a href=""https://www.instagram.com/arsenalcider/"">Instagram</a>","<a href=""https://maps.google.com/?cid=3302243150360255083"">Google</a>","<a href=""https://www.yelp.com/biz/arsenal-cider-house-and-wine-cellar-pittsburgh"">Yelp</a>","<a href=""https://www.tripadvisor.com/Attraction_Review-g53449-d4558019"">TripAdvisor</a>","<a href=""https://untappd.com/w/arsenal-cider-house/12282"">Untappd</a>"
2510,382,2021,Fruit,Maeloc,Maeloc Pineapple and Pear Sidra,🥉 Bronze,Galicia,Spain,Active,"<a href=""https://maelocway.com/"">Website</a>","<a href=""https://www.facebook.com/maelocway/"">Facebook</a>","<a href=""https://www.instagram.com/maelocway/"">Instagram</a>","<a href=""https://maps.google.com/?cid=11814015461660737074"">Google</a>",,,"<a href=""https://untappd.com/w/maeloc-cider/140146"">Untappd</a>"
179,383,2021,Pineapple,ACE Cider,ACE Pineapple Cider,🥇 Gold,California,United States,Active,"<a href=""http://www.acecider.com/"">Website</a>","<a href=""https://www.facebook.com/AceCider"">Facebook</a>","<a href=""https://www.instagram.com/acecider/"">Instagram</a>",,"<a href=""https://www.yelp.com/biz/ace-premium-hard-ciders-sebastopol"">Yelp</a>","<a href=""https://www.tripadvisor.com/Attraction_Review-g33069-d3626497"">TripAdvisor</a>","<a href=""https://untappd.com/w/ace-cider-the-california-cider-company/331"">Untappd</a>"
10,384,2021,Pineapple,Blake's Hard Cider Co.,Blake's Tropical Pineapple,🥈 Silver,Michigan,United States,Active,"<a href=""http://www.blakeshardcider.com/"">Website</a>","<a href=""https://www.facebook.com/blakeshardciderco"">Facebook</a>","<a href=""https://www.instagram.com/blakeshardciderco/"">Instagram</a>","<a href=""https://maps.google.com/?cid=15855146673119620480"">Google</a>","<a href=""https://www.yelp.com/biz/blakes-ciderhouse-and-winery-armada"">Yelp</a>","<a href=""https://www.tripadvisor.com/Attraction_Review-g29560-d6678501"">TripAdvisor</a>","<a href=""https://untappd.com/w/blakes-hard-cider-company/86334"">Untappd</a>"
196,385,2021,Pineapple,Ciderboys,Pineapple Hula,🥉 Bronze,Wisconsin,United States,Active,"<a href=""http://www.ciderboys.com/"">Website</a>","<a href=""https://www.facebook.com/Ciderboys"">Facebook</a>","<a href=""https://www.instagram.com/Ciderboys/"">Instagram</a>","<a href=""https://maps.google.com/?cid=1756122992587390562"">Google</a>","<a href=""https://www.yelp.com/biz/stevens-point-brewery-stevens-point"">Yelp</a>","<a href=""https://www.tripadvisor.com/Attraction_Review-g60304-d2265035"">TripAdvisor</a>","<a href=""https://untappd.com/w/ciderboys-hard-cider/44552"">Untappd</a>"
167,386,2021,Cherry,Broski Ciderworks,Tart Cherry,🥇 Gold,Florida,United States,Inactive,,,,,,,
408,387,2021,Cherry,FX Matt Brewing,McKenzie's Black Cherry Hard Cider,🥈 Silver,New York,United States,Active,"<a href=""https://www.mckbev.com/"">Website</a>","<a href=""https://www.facebook.com/McKenziesHardCider/"">Facebook</a>","<a href=""https://www.instagram.com/mckenzieshardcider/"">Instagram</a>","<a href=""https://maps.google.com/?cid=16812627050434550372"">Google</a>","<a href=""https://www.yelp.com/biz/f-x-matt-brewing-utica"">Yelp</a>","<a href=""https://www.tripadvisor.com/Attraction_Review-g48759-d534580"">TripAdvisor</a>","<a href=""https://untappd.com/w/mckenzies-hard-cider/10931"">Untappd</a>"
26,388,2021,Cherry,Blackgrass Ciderworks,Cheap Cran Cherrykee,🥉 Bronze,Michigan,United States,Active,"<a href=""https://www.blackgrasscider.com/"">Website</a>","<a href=""https://www.facebook.com/blackgrasscider"">Facebook</a>","<a href=""https://www.instagram.com/BlackgrassCider/"">Instagram</a>","<a href=""https://maps.google.com/?cid=706094858439654713"">Google</a>","<a href=""https://www.yelp.com/biz/griffin-claw-brewing-company-birmingham"">Yelp</a>","<a href=""https://www.tripadvisor.com/Restaurant_Review-g41996-d4565497"">TripAdvisor</a>","<a href=""https://untappd.com/BlackgrassCiderworks"">Untappd</a>"
93,389,2021,Peach,Apple Valley Cider Company,Peach,🥇 Gold,Colorado,United States,Active,"<a href=""http://www.applevalleycider.com/"">Website</a>","<a href=""https://www.facebook.com/applevalleycider/"">Facebook</a>","<a href=""https://www.instagram.com/applevalleyciderco/"">Instagram</a>","<a href=""https://maps.google.com/?cid=8798456079688966999"">Google</a>",,,"<a href=""https://untappd.com/w/apple-valley-cider-company/382129"">Untappd</a>"
133,390,2021,Peach,Black Apple Hard Cider,Peach,🥈 Silver,Arkansas,United States,Active,"<a href=""https://www.blackapplehardcider.com/"">Website</a>","<a href=""https://www.facebook.com/blackapplecrossing/"">Facebook</a>","<a href=""https://www.instagram.com/blackapplehardcider/"">Instagram</a>","<a href=""https://maps.google.com/?cid=5449257929643515916"">Google</a>","<a href=""https://www.yelp.com/biz/black-apple-crossing-springdale"">Yelp</a>","<a href=""https://www.tripadvisor.com/Attraction_Review-g31931-d8814858"">TripAdvisor</a>","<a href=""https://untappd.com/w/black-apple-crossing/211057"">Untappd</a>"
196,391,2021,Peach,Ciderboys,Peach County,🥉 Bronze,Wisconsin,United States,Active,"<a href=""http://www.ciderboys.com/"">Website</a>","<a href=""https://www.facebook.com/Ciderboys"">Facebook</a>","<a href=""https://www.instagram.com/Ciderboys/"">Instagram</a>","<a href=""https://maps.google.com/?cid=1756122992587390562"">Google</a>","<a href=""https://www.yelp.com/biz/stevens-point-brewery-stevens-point"">Yelp</a>","<a href=""https://www.tripadvisor.com/Attraction_Review-g60304-d2265035"">TripAdvisor</a>","<a href=""https://untappd.com/w/ciderboys-hard-cider/44552"">Untappd</a>"
229,392,2021,Cranberry,d's Wicked Cider,Cranny Granny,🥇 Gold,Washington,United States,Active,"<a href=""http://dswickedcider.com/"">Website</a>","<a href=""https://www.facebook.com/dswickedcider/"">Facebook</a>","<a href=""https://www.instagram.com/dswickedciderco/"">Instagram</a>","<a href=""https://maps.google.com/?cid=2860292587896986843"">Google</a>","<a href=""https://www.yelp.com/biz/sun-river-vintners-kennewick"">Yelp</a>","<a href=""https://www.tripadvisor.com/Attraction_Review-g58536-d13007264"">TripAdvisor</a>","<a href=""https://untappd.com/w/ds-wicked-cider/158215"">Untappd</a>"
220,393,2021,Cranberry,Country Boy Brewing,Cranberry Cider,🥈 Silver,Kentucky,United States,Active,"<a href=""http://countryboybrewing.com/"">Website</a>","<a href=""https://www.facebook.com/CountryBoyBrewing"">Facebook</a>","<a href=""https://www.instagram.com/CountryBoybrewing/"">Instagram</a>","<a href=""https://maps.google.com/?cid=7007349802683802072"">Google</a>","<a href=""https://www.yelp.com/biz/country-boy-brewing-lexington"">Yelp</a>","<a href=""https://www.tripadvisor.com/Attraction_Review-g39588-d2661465"">TripAdvisor</a>","<a href=""https://untappd.com/w/country-boy-brewing/23693"">Untappd</a>"
631,394,2021,Cranberry,Thor's Hard Cider,Dry Cranberry,🥉 Bronze,Minnesota,United States,Active,"<a href=""https://www.thorshardcider.com/"">Website</a>","<a href=""https://www.facebook.com/thorshardcider/"">Facebook</a>","<a href=""https://www.instagram.com/thorshardcider/"">Instagram</a>","<a href=""https://maps.google.com/?cid=16250618587804183842"">Google</a>","<a href=""https://www.yelp.com/biz/aamodts-apple-farm-stillwater"">Yelp</a>","<a href=""https://www.tripadvisor.com/Attraction_Review-g43552-d7146001"">TripAdvisor</a>","<a href=""https://untappd.com/w/thors-hard-cider/345130"">Untappd</a>"
661,395,2021,Blueberry,Urban Tree Hard Cider,SoGa Blue,🥇 Gold,Georgia,United States,Active,"<a href=""https://urbantreecidery.com/"">Website</a>","<a href=""https://www.facebook.com/UrbanTreeCider/"">Facebook</a>","<a href=""https://www.instagram.com/urbantreecider/"">Instagram</a>",,,,"<a href=""https://untappd.com/w/urban-tree-cidery/260157"">Untappd</a>"
133,396,2021,Blueberry,Black Apple Hard Cider,Blueberry,🥈 Silver,Arkansas,United States,Active,"<a href=""https://www.blackapplehardcider.com/"">Website</a>","<a href=""https://www.facebook.com/blackapplecrossing/"">Facebook</a>","<a href=""https://www.instagram.com/blackapplehardcider/"">Instagram</a>","<a href=""https://maps.google.com/?cid=5449257929643515916"">Google</a>","<a href=""https://www.yelp.com/biz/black-apple-crossing-springdale"">Yelp</a>","<a href=""https://www.tripadvisor.com/Attraction_Review-g31931-d8814858"">TripAdvisor</a>","<a href=""https://untappd.com/w/black-apple-crossing/211057"">Untappd</a>"
989,397,2021,Blueberry,KingView Mead,Blue in Cider,🥉 Bronze,Pennsylvania,United States,Active,"<a href=""https://www.kingviewmead.com/"">Website</a>","<a href=""https://www.facebook.com/kingviewmead/"">Facebook</a>","<a href=""https://www.instagram.com/KingViewMead/"">Instagram</a>","<a href=""https://maps.google.com/?cid=18105143648040517879"">Google</a>","<a href=""https://www.yelp.com/biz/kingview-meadhouse-and-winery-no-title"">Yelp</a>",,"<a href=""https://untappd.com/KingView"">Untappd</a>"
3459,398,2021,Fruit and Berry,Kopparberg,Kopparberg with Strawberry & Lime,🥇 Gold,Örebro,Sweden,Active,"<a href=""https://kopparberg.com/"">Website</a>",,,"<a href=""https://maps.google.com/?cid=9190022698371839045"">Google</a>",,,"<a href=""https://untappd.com/w/kopparbergs-bryggeri/6350"">Untappd</a>"
812,399,2021,Fruit and Berry,Niagara College Teaching Winery,Les Marmitons,🥈 Silver,Ontario,Canada,Active,"<a href=""https://www.ncteachingwinery.ca/"">Website</a>","<a href=""https://www.facebook.com/nctwinery/"">Facebook</a>","<a href=""https://www.instagram.com/nctwinery/"">Instagram</a>","<a href=""https://maps.google.com/?cid=2529664632400053188"">Google</a>","<a href=""https://www.yelp.com/biz/niagara-college-teaching-winery-niagara-on-the-lake"">Yelp</a>","<a href=""https://www.tripadvisor.com/Attraction_Review-g154999-d2414360"">TripAdvisor</a>","<a href=""https://untappd.com/w/niagara-college-teaching-winery/390649"">Untappd</a>"
294,400,2021,Fruit and Berry,Glacial Till Vineyard & Winery,Cider Patch Punch,🥈 Silver,Nebraska,United States,Active,"<a href=""http://www.glacialtillvineyard.com/"">Website</a>","<a href=""https://www.facebook.com/glacialtillvineyard"">Facebook</a>","<a href=""https://www.instagram.com/glacialtillvineyard/"">Instagram</a>","<a href=""https://maps.google.com/?cid=185099829414435279"">Google</a>","<a href=""https://www.yelp.com/biz/glacial-till-tasting-room-ashland"">Yelp</a>","<a href=""https://www.tripadvisor.com/Attraction_Review-g29709-d5832186"">TripAdvisor</a>","<a href=""https://untappd.com/w/glacial-till-vineyard-and-winery/223758"">Untappd</a>"
196,401,2021,Fruit and Berry,Ciderboys,Strawberry Magic,🥉 Bronze,Wisconsin,United States,Active,"<a href=""http://www.ciderboys.com/"">Website</a>","<a href=""https://www.facebook.com/Ciderboys"">Facebook</a>","<a href=""https://www.instagram.com/Ciderboys/"">Instagram</a>","<a href=""https://maps.google.com/?cid=1756122992587390562"">Google</a>","<a href=""https://www.yelp.com/biz/stevens-point-brewery-stevens-point"">Yelp</a>","<a href=""https://www.tripadvisor.com/Attraction_Review-g60304-d2265035"">TripAdvisor</a>","<a href=""https://untappd.com/w/ciderboys-hard-cider/44552"">Untappd</a>"
167,402,2021,Black Currant,Broski Ciderworks,Black Currant,🥇 Gold,Florida,United States,Inactive,,,,,,,
692,403,2021,Black Currant,Winchester Ciderworks,522 Blackcurrant,🥈 Silver,Virginia,United States,Active,"<a href=""https://winchesterciderworks.com/"">Website</a>","<a href=""https://www.facebook.com/WinchesterCiderworks/"">Facebook</a>","<a href=""https://www.instagram.com/winchester_ciderworks/"">Instagram</a>","<a href=""https://maps.google.com/?cid=14098240591647193063"">Google</a>","<a href=""https://www.yelp.com/biz/winchester-ciderworks-winchester"">Yelp</a>","<a href=""https://www.tripadvisor.com/Attraction_Review-g58318-d12692853"">TripAdvisor</a>","<a href=""https://untappd.com/w/winchester-ciderworks/61540"">Untappd</a>"
93,404,2021,Black Currant,Apple Valley Cider Company,Black Currant,🥉 Bronze,Colorado,United States,Active,"<a href=""http://www.applevalleycider.com/"">Website</a>","<a href=""https://www.facebook.com/applevalleycider/"">Facebook</a>","<a href=""https://www.instagram.com/applevalleyciderco/"">Instagram</a>","<a href=""https://maps.google.com/?cid=8798456079688966999"">Google</a>",,,"<a href=""https://untappd.com/w/apple-valley-cider-company/382129"">Untappd</a>"
490,405,2021,Applewine / Ice Cider,Portland Cider Company,Perfect 10,🥇 Gold,Oregon,United States,Active,"<a href=""http://portlandcider.com/"">Website</a>","<a href=""https://www.facebook.com/portlandcider"">Facebook</a>","<a href=""https://www.instagram.com/portlandcider/"">Instagram</a>","<a href=""https://maps.google.com/?cid=5897814277091816079"">Google</a>","<a href=""https://www.yelp.com/biz/portland-cider-company-clackamas"">Yelp</a>","<a href=""https://www.tripadvisor.com/Restaurant_Review-g51806-d6996793"">TripAdvisor</a>","<a href=""https://untappd.com/w/portland-cider-company/56260"">Untappd</a>"
10,406,2021,Applewine / Ice Cider,Blake's Hard Cider Co.,Amshire Iced Cider,🥈 Silver,Michigan,United States,Active,"<a href=""http://www.blakeshardcider.com/"">Website</a>","<a href=""https://www.facebook.com/blakeshardciderco"">Facebook</a>","<a href=""https://www.instagram.com/blakeshardciderco/"">Instagram</a>","<a href=""https://maps.google.com/?cid=15855146673119620480"">Google</a>","<a href=""https://www.yelp.com/biz/blakes-ciderhouse-and-winery-armada"">Yelp</a>","<a href=""https://www.tripadvisor.com/Attraction_Review-g29560-d6678501"">TripAdvisor</a>","<a href=""https://untappd.com/w/blakes-hard-cider-company/86334"">Untappd</a>"
932,407,2021,Applewine / Ice Cider,Two K Farms,Heirloom Ice,🥉 Bronze,Michigan,United States,Active,"<a href=""https://twokfarms.com/"">Website</a>","<a href=""https://www.facebook.com/twokfarms"">Facebook</a>","<a href=""https://www.instagram.com/twokfarms/"">Instagram</a>","<a href=""https://maps.google.com/?cid=10000035318484135155"">Google</a>","<a href=""https://www.yelp.com/biz/two-k-farms-cidery-and-winery-suttons-bay-10"">Yelp</a>","<a href=""https://www.tripadvisor.com/Attraction_Review-g42743-d15263080"">TripAdvisor</a>","<a href=""https://untappd.com/Two_K_Farms"">Untappd</a>"
294,408,2021,Herbal,Glacial Till Vineyard & Winery,Honey Lavender,🥇 Gold,Nebraska,United States,Active,"<a href=""http://www.glacialtillvineyard.com/"">Website</a>","<a href=""https://www.facebook.com/glacialtillvineyard"">Facebook</a>","<a href=""https://www.instagram.com/glacialtillvineyard/"">Instagram</a>","<a href=""https://maps.google.com/?cid=185099829414435279"">Google</a>","<a href=""https://www.yelp.com/biz/glacial-till-tasting-room-ashland"">Yelp</a>","<a href=""https://www.tripadvisor.com/Attraction_Review-g29709-d5832186"">TripAdvisor</a>","<a href=""https://untappd.com/w/glacial-till-vineyard-and-winery/223758"">Untappd</a>"
1074,409,2021,Herbal,Papa Moon Vineyards & Winery,Peach & Spruce,🥈 Silver,Nebraska,United States,Active,"<a href=""https://www.papamoonvineyards.com/"">Website</a>","<a href=""https://www.facebook.com/Papamoonwines"">Facebook</a>","<a href=""https://www.instagram.com/papamoonciders/"">Instagram</a>","<a href=""https://maps.google.com/?cid=16564507604611639866"">Google</a>","<a href=""https://www.yelp.com/biz/papa-moon-vineyards-and-winery-scottsbluff"">Yelp</a>",,"<a href=""https://untappd.com/w/papa-moon-vineyards-winery-and-cider-house/472128"">Untappd</a>"
650,410,2021,Herbal,Tumbling Creek Cider Company,Whitetop Spruce Cider,🥉 Bronze,Virginia,United States,Active,"<a href=""https://tumblingcreekcider.com/"">Website</a>","<a href=""https://www.facebook.com/TumblingCreekCider"">Facebook</a>","<a href=""https://www.instagram.com/tumblingcreekcider/"">Instagram</a>","<a href=""https://maps.google.com/?cid=8196003782694988545"">Google</a>",,,"<a href=""https://untappd.com/w/tumbling-creek-cider-company/447864"">Untappd</a>"
1074,411,2021,Hopped,Papa Moon Vineyards & Winery,Hopped,🥇 Gold,Nebraska,United States,Active,"<a href=""https://www.papamoonvineyards.com/"">Website</a>","<a href=""https://www.facebook.com/Papamoonwines"">Facebook</a>","<a href=""https://www.instagram.com/papamoonciders/"">Instagram</a>","<a href=""https://maps.google.com/?cid=16564507604611639866"">Google</a>","<a href=""https://www.yelp.com/biz/papa-moon-vineyards-and-winery-scottsbluff"">Yelp</a>",,"<a href=""https://untappd.com/w/papa-moon-vineyards-winery-and-cider-house/472128"">Untappd</a>"
661,412,2021,Hopped,Urban Tree Hard Cider,Hopped,🥈 Silver,Georgia,United States,Active,"<a href=""https://urbantreecidery.com/"">Website</a>","<a href=""https://www.facebook.com/UrbanTreeCider/"">Facebook</a>","<a href=""https://www.instagram.com/urbantreecider/"">Instagram</a>",,,,"<a href=""https://untappd.com/w/urban-tree-cidery/260157"">Untappd</a>"
250,413,2021,Hopped,Duluth Cider,Greenstone,🥉 Bronze,Minnesota,United States,Active,"<a href=""https://duluthcider.com/"">Website</a>","<a href=""https://www.facebook.com/duluth.cider/"">Facebook</a>","<a href=""https://www.instagram.com/duluthcider/"">Instagram</a>","<a href=""https://maps.google.com/?cid=3814310496447641516"">Google</a>","<a href=""https://www.yelp.com/biz/duluth-cider-duluth"">Yelp</a>","<a href=""https://www.tripadvisor.com/Attraction_Review-g43018-d16674091"">TripAdvisor</a>","<a href=""https://untappd.com/DuluthCider"">Untappd</a>"
10,414,2021,Apple/Pumpkin Pie Spiced,Blake's Hard Cider Co.,Apple Pie,🥇 Gold,Michigan,United States,Active,"<a href=""http://www.blakeshardcider.com/"">Website</a>","<a href=""https://www.facebook.com/blakeshardciderco"">Facebook</a>","<a href=""https://www.instagram.com/blakeshardciderco/"">Instagram</a>","<a href=""https://maps.google.com/?cid=15855146673119620480"">Google</a>","<a href=""https://www.yelp.com/biz/blakes-ciderhouse-and-winery-armada"">Yelp</a>","<a href=""https://www.tripadvisor.com/Attraction_Review-g29560-d6678501"">TripAdvisor</a>","<a href=""https://untappd.com/w/blakes-hard-cider-company/86334"">Untappd</a>"
932,415,2021,Apple/Pumpkin Pie Spiced,Two K Farms,Apple Pie Cider,🥈 Silver,Michigan,United States,Active,"<a href=""https://twokfarms.com/"">Website</a>","<a href=""https://www.facebook.com/twokfarms"">Facebook</a>","<a href=""https://www.instagram.com/twokfarms/"">Instagram</a>","<a href=""https://maps.google.com/?cid=10000035318484135155"">Google</a>","<a href=""https://www.yelp.com/biz/two-k-farms-cidery-and-winery-suttons-bay-10"">Yelp</a>","<a href=""https://www.tripadvisor.com/Attraction_Review-g42743-d15263080"">TripAdvisor</a>","<a href=""https://untappd.com/Two_K_Farms"">Untappd</a>"
97,416,2021,Apple/Pumpkin Pie Spiced,Arsenal Cider House,Grant's Flying Pumpkin,🥉 Bronze,Pennsylvania,United States,Active,"<a href=""https://www.arsenalciderhouse.com/lawrenceville/"">Website</a>","<a href=""https://www.facebook.com/ArsenalCider"">Facebook</a>","<a href=""https://www.instagram.com/arsenalcider/"">Instagram</a>","<a href=""https://maps.google.com/?cid=3302243150360255083"">Google</a>","<a href=""https://www.yelp.com/biz/arsenal-cider-house-and-wine-cellar-pittsburgh"">Yelp</a>","<a href=""https://www.tripadvisor.com/Attraction_Review-g53449-d4558019"">TripAdvisor</a>","<a href=""https://untappd.com/w/arsenal-cider-house/12282"">Untappd</a>"
330,417,2021,Spiced,High Limb Hard Cider,Pumpkin Spice,🥇 Gold,Massachusetts,United States,Active,"<a href=""https://www.highlimbcider.com/"">Website</a>","<a href=""https://www.facebook.com/highlimbcider/"">Facebook</a>","<a href=""https://www.instagram.com/highlimbcider/"">Instagram</a>","<a href=""https://maps.google.com/?cid=11042855047844464741"">Google</a>","<a href=""https://www.yelp.com/biz/high-limb-cider-plymouth"">Yelp</a>","<a href=""https://www.tripadvisor.com/Attraction_Review-g41773-d21723351"">TripAdvisor</a>","<a href=""https://untappd.com/w/high-limb-hard-cider/108620"">Untappd</a>"
547,418,2021,Spiced,Saro Cider,Ardennes,🥈 Silver,Nebraska,United States,Active,"<a href=""https://sarocider.com/"">Website</a>","<a href=""https://www.facebook.com/4SaroCider"">Facebook</a>","<a href=""https://www.instagram.com/sarocider/"">Instagram</a>","<a href=""https://maps.google.com/?cid=14239117714929818609"">Google</a>","<a href=""https://www.yelp.com/biz/saro-cider-lincoln"">Yelp</a>","<a href=""https://www.tripadvisor.com/Restaurant_Review-g45667-d15141590"">TripAdvisor</a>","<a href=""https://untappd.com/w/saro-cider/407311"">Untappd</a>"
515,419,2021,Spiced,Rhinegeist Brewery,Snug,🥉 Bronze,Ohio,United States,Active,"<a href=""https://rhinegeist.com/"">Website</a>","<a href=""https://www.facebook.com/rhinegeist"">Facebook</a>","<a href=""https://www.instagram.com/rhinegeist/"">Instagram</a>","<a href=""https://maps.google.com/?cid=4624817204033581156"">Google</a>","<a href=""https://www.yelp.com/biz/rhinegeist-brewery-cincinnati"">Yelp</a>","<a href=""https://www.tripadvisor.com/Attraction_Review-g60993-d8618371"">TripAdvisor</a>","<a href=""https://untappd.com/w/rhinegeist-brewery/69953"">Untappd</a>"
167,420,2021,Wood-Aged,Broski Ciderworks,Sir Dickens,🥇 Gold,Florida,United States,Inactive,,,,,,,
782,421,2021,Wood-Aged,Duxbury Cider Company,Bourbon Vanilla,🥈 Silver,Ontario,Canada,Active,"<a href=""https://www.theduxburyciderco.ca/"">Website</a>","<a href=""https://www.facebook.com/DuxburyCider/"">Facebook</a>","<a href=""https://www.instagram.com/duxburycider/"">Instagram</a>","<a href=""https://maps.google.com/?cid=18178962492954171012"">Google</a>",,,"<a href=""https://untappd.com/w/duxbury-cider-company/87748"">Untappd</a>"
661,422,2021,Wood-Aged,Urban Tree Hard Cider,Bourbon Barrel Buzz,🥉 Bronze,Georgia,United States,Active,"<a href=""https://urbantreecidery.com/"">Website</a>","<a href=""https://www.facebook.com/UrbanTreeCider/"">Facebook</a>","<a href=""https://www.instagram.com/urbantreecider/"">Instagram</a>",,,,"<a href=""https://untappd.com/w/urban-tree-cidery/260157"">Untappd</a>"
294,423,2021,Specialty,Glacial Till Vineyard & Winery,Caramel Apple,🥇 Gold,Nebraska,United States,Active,"<a href=""http://www.glacialtillvineyard.com/"">Website</a>","<a href=""https://www.facebook.com/glacialtillvineyard"">Facebook</a>","<a href=""https://www.instagram.com/glacialtillvineyard/"">Instagram</a>","<a href=""https://maps.google.com/?cid=185099829414435279"">Google</a>","<a href=""https://www.yelp.com/biz/glacial-till-tasting-room-ashland"">Yelp</a>","<a href=""https://www.tripadvisor.com/Attraction_Review-g29709-d5832186"">TripAdvisor</a>","<a href=""https://untappd.com/w/glacial-till-vineyard-and-winery/223758"">Untappd</a>"
229,424,2021,Specialty,d's Wicked Cider,It's Pomegranate-Thyme,🥈 Silver,Washington,United States,Active,"<a href=""http://dswickedcider.com/"">Website</a>","<a href=""https://www.facebook.com/dswickedcider/"">Facebook</a>","<a href=""https://www.instagram.com/dswickedciderco/"">Instagram</a>","<a href=""https://maps.google.com/?cid=2860292587896986843"">Google</a>","<a href=""https://www.yelp.com/biz/sun-river-vintners-kennewick"">Yelp</a>","<a href=""https://www.tripadvisor.com/Attraction_Review-g58536-d13007264"">TripAdvisor</a>","<a href=""https://untappd.com/w/ds-wicked-cider/158215"">Untappd</a>"
664,425,2021,Specialty,Vermont Cider Company,Mimosa,🥉 Bronze,Vermont,United States,Active,"<a href=""http://www.woodchuck.com/"">Website</a>","<a href=""https://www.facebook.com/WoodchuckCider"">Facebook</a>","<a href=""https://www.instagram.com/woodchuckcider/"">Instagram</a>","<a href=""https://maps.google.com/?cid=9402882086420367798"">Google</a>","<a href=""https://www.yelp.com/biz/woodchuck-hard-cidery-middlebury"">Yelp</a>","<a href=""https://www.tripadvisor.com/Attraction_Review-g57245-d7022345"">TripAdvisor</a>","<a href=""https://untappd.com/w/woodchuck-cidery/611"">Untappd</a>"
545,426,2021,Anything Goes,Sapsucker Farms Yellow Belly Cidery,Cayenne Cider,🥇 Gold,Minnesota,United States,Active,"<a href=""https://www.sapsuckerfarms.com/"">Website</a>","<a href=""https://www.facebook.com/YellowBellyCider/"">Facebook</a>","<a href=""https://www.instagram.com/sapsuckerfarms/"">Instagram</a>","<a href=""https://maps.google.com/?cid=10529182272851607589"">Google</a>","<a href=""https://www.yelp.com/biz/sapsucker-farms-yellow-belly-cidery-mora"">Yelp</a>","<a href=""https://www.tripadvisor.com/Attraction_Review-g43337-d15594799"">TripAdvisor</a>","<a href=""https://untappd.com/w/sapsucker-farms/187535"">Untappd</a>"
3177,427,2021,Anything Goes,Groupe Geloso,Beaupre Framboise Rhubarb,🥇 Gold,Quebec,Canada,Active,"<a href=""https://groupegeloso.com/"">Website</a>","<a href=""https://www.facebook.com/groupegeloso/"">Facebook</a>",,"<a href=""https://maps.google.com/?cid=14532853692172548925"">Google</a>",,,"<a href=""https://untappd.com/w/cidre-beaupre-groupe-geloso/21487"">Untappd</a>"
631,428,2021,Anything Goes,Thor's Hard Cider,El Thoro,🥉 Bronze,Minnesota,United States,Active,"<a href=""https://www.thorshardcider.com/"">Website</a>","<a href=""https://www.facebook.com/thorshardcider/"">Facebook</a>","<a href=""https://www.instagram.com/thorshardcider/"">Instagram</a>","<a href=""https://maps.google.com/?cid=16250618587804183842"">Google</a>","<a href=""https://www.yelp.com/biz/aamodts-apple-farm-stillwater"">Yelp</a>","<a href=""https://www.tripadvisor.com/Attraction_Review-g43552-d7146001"">TripAdvisor</a>","<a href=""https://untappd.com/w/thors-hard-cider/345130"">Untappd</a>"
1908,429,2021,Single Varietal,Mount Diablo Cider Company,Cox Orange Pippin,🥇 Gold,California,United States,Active,"<a href=""https://www.mountdiablocider.com/"">Website</a>","<a href=""https://www.facebook.com/mountdiablocider"">Facebook</a>","<a href=""https://www.instagram.com/mountdiablocider/"">Instagram</a>",,,,"<a href=""https://untappd.com/w/mount-diablo-cider-company/527606"">Untappd</a>"
932,430,2021,Single Varietal,Two K Farms,Honeycrisp Ice,🥈 Silver,Michigan,United States,Active,"<a href=""https://twokfarms.com/"">Website</a>","<a href=""https://www.facebook.com/twokfarms"">Facebook</a>","<a href=""https://www.instagram.com/twokfarms/"">Instagram</a>","<a href=""https://maps.google.com/?cid=10000035318484135155"">Google</a>","<a href=""https://www.yelp.com/biz/two-k-farms-cidery-and-winery-suttons-bay-10"">Yelp</a>","<a href=""https://www.tripadvisor.com/Attraction_Review-g42743-d15263080"">TripAdvisor</a>","<a href=""https://untappd.com/Two_K_Farms"">Untappd</a>"
222,431,2021,Single Varietal,Coyote Hole Craft Beverages,Bel-Hole,🥉 Bronze,Virginia,United States,Active,"<a href=""http://www.coyotehole.com/"">Website</a>","<a href=""https://www.facebook.com/CoyoteHole/"">Facebook</a>","<a href=""https://www.instagram.com/CoyoteHole/"">Instagram</a>","<a href=""https://maps.google.com/?cid=3893841626353972834"">Google</a>","<a href=""https://www.yelp.com/biz/coyote-hole-ciderworks-mineral"">Yelp</a>","<a href=""https://www.tripadvisor.com/Attraction_Review-g57973-d12510904"">TripAdvisor</a>","<a href=""https://untappd.com/w/coyote-hole-ciderworks/327669"">Untappd</a>"
236,432,2021,Rosé,Diskin Cider,Daydream,🥇 Gold,Tennessee,United States,Active,"<a href=""http://www.diskincider.com/"">Website</a>",,"<a href=""https://www.instagram.com/diskincider/"">Instagram</a>","<a href=""https://maps.google.com/?cid=5465208715637137113"">Google</a>",,,"<a href=""https://untappd.com/w/diskin-cider/341259"">Untappd</a>"
631,433,2021,Rosé,Thor's Hard Cider,Artic Rose,🥈 Silver,Minnesota,United States,Active,"<a href=""https://www.thorshardcider.com/"">Website</a>","<a href=""https://www.facebook.com/thorshardcider/"">Facebook</a>","<a href=""https://www.instagram.com/thorshardcider/"">Instagram</a>","<a href=""https://maps.google.com/?cid=16250618587804183842"">Google</a>","<a href=""https://www.yelp.com/biz/aamodts-apple-farm-stillwater"">Yelp</a>","<a href=""https://www.tripadvisor.com/Attraction_Review-g43552-d7146001"">TripAdvisor</a>","<a href=""https://untappd.com/w/thors-hard-cider/345130"">Untappd</a>"
932,434,2021,Rosé,Two K Farms,Rose' Cider,🥉 Bronze,Michigan,United States,Active,"<a href=""https://twokfarms.com/"">Website</a>","<a href=""https://www.facebook.com/twokfarms"">Facebook</a>","<a href=""https://www.instagram.com/twokfarms/"">Instagram</a>","<a href=""https://maps.google.com/?cid=10000035318484135155"">Google</a>","<a href=""https://www.yelp.com/biz/two-k-farms-cidery-and-winery-suttons-bay-10"">Yelp</a>","<a href=""https://www.tripadvisor.com/Attraction_Review-g42743-d15263080"">TripAdvisor</a>","<a href=""https://untappd.com/Two_K_Farms"">Untappd</a>"
124,435,2021,Rosé,Bent Ladder,Rosé Gold,🥉 Bronze,Ohio,United States,Active,"<a href=""http://bentladder.com/"">Website</a>","<a href=""https://www.facebook.com/bentladder"">Facebook</a>","<a href=""https://www.instagram.com/bentladder/"">Instagram</a>","<a href=""https://maps.google.com/?cid=5886580381731979881"">Google</a>","<a href=""https://www.yelp.com/biz/rittman-orchard-rittman"">Yelp</a>","<a href=""https://www.tripadvisor.com/Attraction_Review-g50283-d1977165"">TripAdvisor</a>","<a href=""https://untappd.com/w/bent-ladder/295757"">Untappd</a>"
170,436,2021,Brut,Bryant's Cider,Brite Good,🥇 Gold,Virginia,United States,Active,"<a href=""https://bryantscider.com/"">Website</a>","<a href=""https://www.facebook.com/BryantsCiderFarm/"">Facebook</a>","<a href=""https://www.instagram.com/bryantscider/"">Instagram</a>","<a href=""https://maps.google.com/?cid=15598469607243113479"">Google</a>","<a href=""https://www.yelp.com/biz/bryants-cider-roseland"">Yelp</a>","<a href=""https://www.tripadvisor.com/Attraction_Review-g58143-d14196800"">TripAdvisor</a>","<a href=""https://untappd.com/w/bryant-s-cider/374591"">Untappd</a>"
707,437,2021,Brut,Muse Orchard,BRUT Virginia Sparkling Apple Wine,🥈 Silver,Virginia,United States,Active,,,,,,,"<a href=""https://untappd.com/w/widow-s-watch-cider/532630"">Untappd</a>"
97,438,2021,Brut,Arsenal Cider House,Picket Bone Dry,🥉 Bronze,Pennsylvania,United States,Active,"<a href=""https://www.arsenalciderhouse.com/lawrenceville/"">Website</a>","<a href=""https://www.facebook.com/ArsenalCider"">Facebook</a>","<a href=""https://www.instagram.com/arsenalcider/"">Instagram</a>","<a href=""https://maps.google.com/?cid=3302243150360255083"">Google</a>","<a href=""https://www.yelp.com/biz/arsenal-cider-house-and-wine-cellar-pittsburgh"">Yelp</a>","<a href=""https://www.tripadvisor.com/Attraction_Review-g53449-d4558019"">TripAdvisor</a>","<a href=""https://untappd.com/w/arsenal-cider-house/12282"">Untappd</a>"
664,439,2021,Sangria,Vermont Cider Company,Woodchuck Sangria,🥇 Gold,Vermont,United States,Active,"<a href=""http://www.woodchuck.com/"">Website</a>","<a href=""https://www.facebook.com/WoodchuckCider"">Facebook</a>","<a href=""https://www.instagram.com/woodchuckcider/"">Instagram</a>","<a href=""https://maps.google.com/?cid=9402882086420367798"">Google</a>","<a href=""https://www.yelp.com/biz/woodchuck-hard-cidery-middlebury"">Yelp</a>","<a href=""https://www.tripadvisor.com/Attraction_Review-g57245-d7022345"">TripAdvisor</a>","<a href=""https://untappd.com/w/woodchuck-cidery/611"">Untappd</a>"
222,440,2021,Sangria,Coyote Hole Craft Beverages,Sister Sangria,🥈 Silver,Virginia,United States,Active,"<a href=""http://www.coyotehole.com/"">Website</a>","<a href=""https://www.facebook.com/CoyoteHole/"">Facebook</a>","<a href=""https://www.instagram.com/CoyoteHole/"">Instagram</a>","<a href=""https://maps.google.com/?cid=3893841626353972834"">Google</a>","<a href=""https://www.yelp.com/biz/coyote-hole-ciderworks-mineral"">Yelp</a>","<a href=""https://www.tripadvisor.com/Attraction_Review-g57973-d12510904"">TripAdvisor</a>","<a href=""https://untappd.com/w/coyote-hole-ciderworks/327669"">Untappd</a>"
222,441,2021,Sangria,Coyote Hole Craft Beverages,Sunset Sangria,🥉 Bronze,Virginia,United States,Active,"<a href=""http://www.coyotehole.com/"">Website</a>","<a href=""https://www.facebook.com/CoyoteHole/"">Facebook</a>","<a href=""https://www.instagram.com/CoyoteHole/"">Instagram</a>","<a href=""https://maps.google.com/?cid=3893841626353972834"">Google</a>","<a href=""https://www.yelp.com/biz/coyote-hole-ciderworks-mineral"">Yelp</a>","<a href=""https://www.tripadvisor.com/Attraction_Review-g57973-d12510904"">TripAdvisor</a>","<a href=""https://untappd.com/w/coyote-hole-ciderworks/327669"">Untappd</a>"
294,442,2022,Modern Cider – Sweet,Glacial Till Vineyard & Winery,Original,🥇 Gold,Nebraska,United States,Active,"<a href=""http://www.glacialtillvineyard.com/"">Website</a>","<a href=""https://www.facebook.com/glacialtillvineyard"">Facebook</a>","<a href=""https://www.instagram.com/glacialtillvineyard/"">Instagram</a>","<a href=""https://maps.google.com/?cid=185099829414435279"">Google</a>","<a href=""https://www.yelp.com/biz/glacial-till-tasting-room-ashland"">Yelp</a>","<a href=""https://www.tripadvisor.com/Attraction_Review-g29709-d5832186"">TripAdvisor</a>","<a href=""https://untappd.com/w/glacial-till-vineyard-and-winery/223758"">Untappd</a>"
152,443,2022,Modern Cider – Sweet,Bold Rock Hard Cider,Apple,🥈 Silver,North Carolina,United States,Active,"<a href=""https://boldrock.com/"">Website</a>","<a href=""https://www.facebook.com/BoldRockHardCider/"">Facebook</a>","<a href=""https://www.instagram.com/boldrockhardcider/"">Instagram</a>","<a href=""https://maps.google.com/?cid=10604087929796439877"">Google</a>","<a href=""https://www.yelp.com/biz/bold-rock-hard-cider-mills-river-mills-river"">Yelp</a>","<a href=""https://www.tripadvisor.com/Attraction_Review-g1552723-d8862147"">TripAdvisor</a>","<a href=""https://untappd.com/v/bold-rock-mills-river-cidery/3954545"">Untappd</a>"
812,444,2022,Modern Cider – Sweet,Niagara College Teaching Winery,Cider 101,🥉 Bronze,Ontario,Canada,Active,"<a href=""https://www.ncteachingwinery.ca/"">Website</a>","<a href=""https://www.facebook.com/nctwinery/"">Facebook</a>","<a href=""https://www.instagram.com/nctwinery/"">Instagram</a>","<a href=""https://maps.google.com/?cid=2529664632400053188"">Google</a>","<a href=""https://www.yelp.com/biz/niagara-college-teaching-winery-niagara-on-the-lake"">Yelp</a>","<a href=""https://www.tripadvisor.com/Attraction_Review-g154999-d2414360"">TripAdvisor</a>","<a href=""https://untappd.com/w/niagara-college-teaching-winery/390649"">Untappd</a>"
664,445,2022,Modern Cider – Sweet,Vermont Cider Company,Amber,🥉 Bronze,Vermont,United States,Active,"<a href=""http://www.woodchuck.com/"">Website</a>","<a href=""https://www.facebook.com/WoodchuckCider"">Facebook</a>","<a href=""https://www.instagram.com/woodchuckcider/"">Instagram</a>","<a href=""https://maps.google.com/?cid=9402882086420367798"">Google</a>","<a href=""https://www.yelp.com/biz/woodchuck-hard-cidery-middlebury"">Yelp</a>","<a href=""https://www.tripadvisor.com/Attraction_Review-g57245-d7022345"">TripAdvisor</a>","<a href=""https://untappd.com/w/woodchuck-cidery/611"">Untappd</a>"
698,446,2022,Modern Cider – Dry,Wölffer Estate Vineyard,Wölffer No. 139 Dry White Cider,🥇 Gold,New York,United States,Active,"<a href=""http://www.wolffer.com/"">Website</a>",,,"<a href=""https://maps.google.com/?cid=10690409208604454007"">Google</a>","<a href=""https://www.yelp.com/biz/wolffer-estate-vineyard-sagaponack"">Yelp</a>","<a href=""https://www.tripadvisor.com/Attraction_Review-g48542-d593572"">TripAdvisor</a>","<a href=""https://untappd.com/w/wolffer-estate-vineyard/79243"">Untappd</a>"
102,447,2022,Modern Cider – Dry,Atlanta Hard Cider Co.,Crisp Apple,🥈 Silver,Georgia,United States,Active,"<a href=""https://www.atlantahardcider.com/"">Website</a>","<a href=""https://www.facebook.com/atlantahardcider/"">Facebook</a>","<a href=""https://www.instagram.com/atlantahardcider/"">Instagram</a>","<a href=""https://maps.google.com/?cid=15330589380276964489"">Google</a>",,,"<a href=""https://untappd.com/w/atlanta-hard-cider-co/364060"">Untappd</a>"
294,448,2022,Modern Cider – Dry,Glacial Till Vineyard & Winery,Dry,🥉 Bronze,Nebraska,United States,Active,"<a href=""http://www.glacialtillvineyard.com/"">Website</a>","<a href=""https://www.facebook.com/glacialtillvineyard"">Facebook</a>","<a href=""https://www.instagram.com/glacialtillvineyard/"">Instagram</a>","<a href=""https://maps.google.com/?cid=185099829414435279"">Google</a>","<a href=""https://www.yelp.com/biz/glacial-till-tasting-room-ashland"">Yelp</a>","<a href=""https://www.tripadvisor.com/Attraction_Review-g29709-d5832186"">TripAdvisor</a>","<a href=""https://untappd.com/w/glacial-till-vineyard-and-winery/223758"">Untappd</a>"
3457,449,2022,Modern Cider – Dry,Colfax CiderWorks,Dry Saison,🥉 Bronze,California,United States,Inactive,,,,,,,
650,450,2022,Heritage Cider,Tumbling Creek Cider Company,Springhouse Semi-Sweet,🥇 Gold,Virginia,United States,Active,"<a href=""https://tumblingcreekcider.com/"">Website</a>","<a href=""https://www.facebook.com/TumblingCreekCider"">Facebook</a>","<a href=""https://www.instagram.com/tumblingcreekcider/"">Instagram</a>","<a href=""https://maps.google.com/?cid=8196003782694988545"">Google</a>",,,"<a href=""https://untappd.com/w/tumbling-creek-cider-company/447864"">Untappd</a>"
812,451,2022,Heritage Cider,Niagara College Teaching Winery,Cidre Fermier,🥇 Gold,Ontario,Canada,Active,"<a href=""https://www.ncteachingwinery.ca/"">Website</a>","<a href=""https://www.facebook.com/nctwinery/"">Facebook</a>","<a href=""https://www.instagram.com/nctwinery/"">Instagram</a>","<a href=""https://maps.google.com/?cid=2529664632400053188"">Google</a>","<a href=""https://www.yelp.com/biz/niagara-college-teaching-winery-niagara-on-the-lake"">Yelp</a>","<a href=""https://www.tripadvisor.com/Attraction_Review-g154999-d2414360"">TripAdvisor</a>","<a href=""https://untappd.com/w/niagara-college-teaching-winery/390649"">Untappd</a>"
1052,452,2022,Heritage Cider,Easthampton Cider Project,The Vintage Blend 2021,🥈 Silver,Massachusetts,United States,Active,"<a href=""http://easthamptoncider.com/"">Website</a>","<a href=""https://www.facebook.com/easthamptonciderproject/"">Facebook</a>","<a href=""https://www.instagram.com/easthamptonciderproject/"">Instagram</a>","<a href=""https://maps.google.com/?cid=12789807318568837247"">Google</a>",,,"<a href=""https://untappd.com/w/easthampton-cider-project/486302"">Untappd</a>"
1999,453,2022,Heritage Cider,Les Celliers Associés,Galipette Brut,🥉 Bronze,Brittany,France,Active,"<a href=""https://www.valderance.com/"">Website</a>","<a href=""https://www.facebook.com/ValdeRance/"">Facebook</a>","<a href=""https://www.instagram.com/lca_coop_cider/"">Instagram</a>","<a href=""https://maps.google.com/?cid=7883069809343472545"">Google</a>",,,"<a href=""https://untappd.com/LesCelliersAssocis"">Untappd</a>"
87,454,2022,Traditional Cider,Angry Orchard,Beginnings Without End,🥇 Gold,New York,United States,Active,"<a href=""https://www.angryorchard.com/"">Website</a>","<a href=""https://www.facebook.com/AngryOrchard/"">Facebook</a>","<a href=""https://www.instagram.com/angryorchard/"">Instagram</a>","<a href=""https://maps.google.com/?cid=17467507983407382578"">Google</a>","<a href=""https://www.yelp.com/biz/angry-orchard-walden-2"">Yelp</a>","<a href=""https://www.tripadvisor.com/Attraction_Review-g48788-d10266026"">TripAdvisor</a>","<a href=""https://untappd.com/w/angry-orchard-cider-company/16455"">Untappd</a>"
330,455,2022,Traditional Cider,High Limb Hard Cider,The OG,🥈 Silver,Massachusetts,United States,Active,"<a href=""https://www.highlimbcider.com/"">Website</a>","<a href=""https://www.facebook.com/highlimbcider/"">Facebook</a>","<a href=""https://www.instagram.com/highlimbcider/"">Instagram</a>","<a href=""https://maps.google.com/?cid=11042855047844464741"">Google</a>","<a href=""https://www.yelp.com/biz/high-limb-cider-plymouth"">Yelp</a>","<a href=""https://www.tripadvisor.com/Attraction_Review-g41773-d21723351"">TripAdvisor</a>","<a href=""https://untappd.com/w/high-limb-hard-cider/108620"">Untappd</a>"
1999,456,2022,Traditional Cider,Les Celliers Associés,Galipette Biologique,🥈 Silver,Brittany,France,Active,"<a href=""https://www.valderance.com/"">Website</a>","<a href=""https://www.facebook.com/ValdeRance/"">Facebook</a>","<a href=""https://www.instagram.com/lca_coop_cider/"">Instagram</a>","<a href=""https://maps.google.com/?cid=7883069809343472545"">Google</a>",,,"<a href=""https://untappd.com/LesCelliersAssocis"">Untappd</a>"
152,457,2022,Traditional Cider,Bold Rock Hard Cider,Saison,🥉 Bronze,North Carolina,United States,Active,"<a href=""https://boldrock.com/"">Website</a>","<a href=""https://www.facebook.com/BoldRockHardCider/"">Facebook</a>","<a href=""https://www.instagram.com/boldrockhardcider/"">Instagram</a>","<a href=""https://maps.google.com/?cid=10604087929796439877"">Google</a>","<a href=""https://www.yelp.com/biz/bold-rock-hard-cider-mills-river-mills-river"">Yelp</a>","<a href=""https://www.tripadvisor.com/Attraction_Review-g1552723-d8862147"">TripAdvisor</a>","<a href=""https://untappd.com/v/bold-rock-mills-river-cidery/3954545"">Untappd</a>"
179,458,2022,Perry & Pear Cider,ACE Cider,ACE Perry Craft Cider,🥇 Gold,California,United States,Active,"<a href=""http://www.acecider.com/"">Website</a>","<a href=""https://www.facebook.com/AceCider"">Facebook</a>","<a href=""https://www.instagram.com/acecider/"">Instagram</a>",,"<a href=""https://www.yelp.com/biz/ace-premium-hard-ciders-sebastopol"">Yelp</a>","<a href=""https://www.tripadvisor.com/Attraction_Review-g33069-d3626497"">TripAdvisor</a>","<a href=""https://untappd.com/w/ace-cider-the-california-cider-company/331"">Untappd</a>"
2193,459,2022,Perry & Pear Cider,Pacific Grove CiderWorks,Sparkling Perry,🥈 Silver,California,United States,Active,"<a href=""https://pgciderworks.com/"">Website</a>",,,,,,"<a href=""https://untappd.com/w/pacific-grove-ciderworks/480168"">Untappd</a>"
3121,460,2022,Perry & Pear Cider,Missing Falls Brewery,Nice Pear,🥉 Bronze,Ohio,United States,Active,"<a href=""https://www.missingfalls.com/"">Website</a>","<a href=""https://www.facebook.com/MissingFallsBrewery/"">Facebook</a>","<a href=""https://www.instagram.com/missingfallsbrewery/"">Instagram</a>","<a href=""https://maps.google.com/?cid=16469758948621365687"">Google</a>","<a href=""https://www.yelp.com/biz/missing-falls-brewery-akron"">Yelp</a>","<a href=""https://www.tripadvisor.com/Restaurant_Review-g29912-d23413493"">TripAdvisor</a>","<a href=""https://untappd.com/MissingFalls"">Untappd</a>"
1074,461,2022,Fruit,Papa Moon Vineyards & Winery,MoonMosa,🥇 Gold,Nebraska,United States,Active,"<a href=""https://www.papamoonvineyards.com/"">Website</a>","<a href=""https://www.facebook.com/Papamoonwines"">Facebook</a>","<a href=""https://www.instagram.com/papamoonciders/"">Instagram</a>","<a href=""https://maps.google.com/?cid=16564507604611639866"">Google</a>","<a href=""https://www.yelp.com/biz/papa-moon-vineyards-and-winery-scottsbluff"">Yelp</a>",,"<a href=""https://untappd.com/w/papa-moon-vineyards-winery-and-cider-house/472128"">Untappd</a>"
67,462,2022,Fruit,2 Towns Ciderhouse,Tropical Cosmic Crisp,🥈 Silver,Oregon,United States,Active,"<a href=""http://www.2townsciderhouse.com/"">Website</a>","<a href=""https://www.facebook.com/2townsciderhouse"">Facebook</a>","<a href=""https://www.instagram.com/2townscider/"">Instagram</a>","<a href=""https://maps.google.com/?cid=10429935694700508047"">Google</a>","<a href=""https://www.yelp.com/biz/2-towns-ciderhouse-corvallis"">Yelp</a>","<a href=""https://www.tripadvisor.com/Attraction_Review-g51817-d3417221"">TripAdvisor</a>","<a href=""https://untappd.com/w/2-towns-ciderhouse/12975"">Untappd</a>"
2035,463,2022,Fruit,Covered Bridge Brewing,Nectarine Cider,🥉 Bronze,Oregon,United States,Inactive,,,,,,,
1757,464,2022,Mimosa,Odd Brothers Craft Cider,Ecto Cider,🥇 Gold,Michigan,United States,Active,"<a href=""https://www.oddbrotherscider.com/"">Website</a>","<a href=""https://www.facebook.com/Odd-Brothers-Craft-Cider-793647507656990/"">Facebook</a>","<a href=""https://www.instagram.com/oddbrotherscider/"">Instagram</a>",,,,"<a href=""https://untappd.com/OddBrothersCraftCider"">Untappd</a>"
664,465,2022,Mimosa,Vermont Cider Company,Mimosa,🥈 Silver,Vermont,United States,Active,"<a href=""http://www.woodchuck.com/"">Website</a>","<a href=""https://www.facebook.com/WoodchuckCider"">Facebook</a>","<a href=""https://www.instagram.com/woodchuckcider/"">Instagram</a>","<a href=""https://maps.google.com/?cid=9402882086420367798"">Google</a>","<a href=""https://www.yelp.com/biz/woodchuck-hard-cidery-middlebury"">Yelp</a>","<a href=""https://www.tripadvisor.com/Attraction_Review-g57245-d7022345"">TripAdvisor</a>","<a href=""https://untappd.com/w/woodchuck-cidery/611"">Untappd</a>"
196,466,2022,Mimosa,Ciderboys,Grand Mimosa,🥉 Bronze,Wisconsin,United States,Active,"<a href=""http://www.ciderboys.com/"">Website</a>","<a href=""https://www.facebook.com/Ciderboys"">Facebook</a>","<a href=""https://www.instagram.com/Ciderboys/"">Instagram</a>","<a href=""https://maps.google.com/?cid=1756122992587390562"">Google</a>","<a href=""https://www.yelp.com/biz/stevens-point-brewery-stevens-point"">Yelp</a>","<a href=""https://www.tripadvisor.com/Attraction_Review-g60304-d2265035"">TripAdvisor</a>","<a href=""https://untappd.com/w/ciderboys-hard-cider/44552"">Untappd</a>"
250,467,2022,Pineapple,Duluth Cider,Pineapple Sour,🥇 Gold,Minnesota,United States,Active,"<a href=""https://duluthcider.com/"">Website</a>","<a href=""https://www.facebook.com/duluth.cider/"">Facebook</a>","<a href=""https://www.instagram.com/duluthcider/"">Instagram</a>","<a href=""https://maps.google.com/?cid=3814310496447641516"">Google</a>","<a href=""https://www.yelp.com/biz/duluth-cider-duluth"">Yelp</a>","<a href=""https://www.tripadvisor.com/Attraction_Review-g43018-d16674091"">TripAdvisor</a>","<a href=""https://untappd.com/DuluthCider"">Untappd</a>"
196,468,2022,Pineapple,Ciderboys,Ciderboys Pineapple Hula,🥇 Gold,Wisconsin,United States,Active,"<a href=""http://www.ciderboys.com/"">Website</a>","<a href=""https://www.facebook.com/Ciderboys"">Facebook</a>","<a href=""https://www.instagram.com/Ciderboys/"">Instagram</a>","<a href=""https://maps.google.com/?cid=1756122992587390562"">Google</a>","<a href=""https://www.yelp.com/biz/stevens-point-brewery-stevens-point"">Yelp</a>","<a href=""https://www.tripadvisor.com/Attraction_Review-g60304-d2265035"">TripAdvisor</a>","<a href=""https://untappd.com/w/ciderboys-hard-cider/44552"">Untappd</a>"
2239,469,2022,Pineapple,Ola Brew,Kona Gold,🥈 Silver,Hawaii,United States,Active,"<a href=""https://www.olabrewco.com/"">Website</a>","<a href=""https://www.facebook.com/OlaBrewCo"">Facebook</a>","<a href=""https://www.instagram.com/olabrewco/"">Instagram</a>","<a href=""https://maps.google.com/?cid=15799959683814156778"">Google</a>","<a href=""https://www.yelp.com/biz/ola-brew-kailua-kona"">Yelp</a>","<a href=""https://www.tripadvisor.com/Attraction_Review-g60872-d13368863"">TripAdvisor</a>","<a href=""https://untappd.com/OlaBrewCompany"">Untappd</a>"
67,470,2022,Pineapple,2 Towns Ciderhouse,Pacific Pineapple,🥉 Bronze,Oregon,United States,Active,"<a href=""http://www.2townsciderhouse.com/"">Website</a>","<a href=""https://www.facebook.com/2townsciderhouse"">Facebook</a>","<a href=""https://www.instagram.com/2townscider/"">Instagram</a>","<a href=""https://maps.google.com/?cid=10429935694700508047"">Google</a>","<a href=""https://www.yelp.com/biz/2-towns-ciderhouse-corvallis"">Yelp</a>","<a href=""https://www.tripadvisor.com/Attraction_Review-g51817-d3417221"">TripAdvisor</a>","<a href=""https://untappd.com/w/2-towns-ciderhouse/12975"">Untappd</a>"
712,471,2022,Cherry,Five Maidens Cider Company,Valance,🥇 Gold,Pennsylvania,United States,Active,"<a href=""https://5mcider.com/"">Website</a>","<a href=""https://www.facebook.com/5MCider/"">Facebook</a>","<a href=""https://www.instagram.com/5mcider/"">Instagram</a>","<a href=""https://maps.google.com/?cid=17669165397330541520"">Google</a>","<a href=""https://www.yelp.com/biz/five-maidens-cider-bethlehem"">Yelp</a>",,"<a href=""https://untappd.com/FiveMaidensCiderCo"">Untappd</a>"
67,472,2022,Cherry,2 Towns Ciderhouse,Cherry Sublime,🥈 Silver,Oregon,United States,Active,"<a href=""http://www.2townsciderhouse.com/"">Website</a>","<a href=""https://www.facebook.com/2townsciderhouse"">Facebook</a>","<a href=""https://www.instagram.com/2townscider/"">Instagram</a>","<a href=""https://maps.google.com/?cid=10429935694700508047"">Google</a>","<a href=""https://www.yelp.com/biz/2-towns-ciderhouse-corvallis"">Yelp</a>","<a href=""https://www.tripadvisor.com/Attraction_Review-g51817-d3417221"">TripAdvisor</a>","<a href=""https://untappd.com/w/2-towns-ciderhouse/12975"">Untappd</a>"
87,473,2022,Cherry,Angry Orchard,Fruits from Flowers,🥈 Silver,New York,United States,Active,"<a href=""https://www.angryorchard.com/"">Website</a>","<a href=""https://www.facebook.com/AngryOrchard/"">Facebook</a>","<a href=""https://www.instagram.com/angryorchard/"">Instagram</a>","<a href=""https://maps.google.com/?cid=17467507983407382578"">Google</a>","<a href=""https://www.yelp.com/biz/angry-orchard-walden-2"">Yelp</a>","<a href=""https://www.tripadvisor.com/Attraction_Review-g48788-d10266026"">TripAdvisor</a>","<a href=""https://untappd.com/w/angry-orchard-cider-company/16455"">Untappd</a>"
631,474,2022,Cherry,Thor's Hard Cider,Pom-Cheri,🥉 Bronze,Minnesota,United States,Active,"<a href=""https://www.thorshardcider.com/"">Website</a>","<a href=""https://www.facebook.com/thorshardcider/"">Facebook</a>","<a href=""https://www.instagram.com/thorshardcider/"">Instagram</a>","<a href=""https://maps.google.com/?cid=16250618587804183842"">Google</a>","<a href=""https://www.yelp.com/biz/aamodts-apple-farm-stillwater"">Yelp</a>","<a href=""https://www.tripadvisor.com/Attraction_Review-g43552-d7146001"">TripAdvisor</a>","<a href=""https://untappd.com/w/thors-hard-cider/345130"">Untappd</a>"
196,475,2022,Peach,Ciderboys,Ciderboys Peach County,🥇 Gold,Wisconsin,United States,Active,"<a href=""http://www.ciderboys.com/"">Website</a>","<a href=""https://www.facebook.com/Ciderboys"">Facebook</a>","<a href=""https://www.instagram.com/Ciderboys/"">Instagram</a>","<a href=""https://maps.google.com/?cid=1756122992587390562"">Google</a>","<a href=""https://www.yelp.com/biz/stevens-point-brewery-stevens-point"">Yelp</a>","<a href=""https://www.tripadvisor.com/Attraction_Review-g60304-d2265035"">TripAdvisor</a>","<a href=""https://untappd.com/w/ciderboys-hard-cider/44552"">Untappd</a>"
1757,476,2022,Peach,Odd Brothers Craft Cider,Millions of Peaches,🥈 Silver,Michigan,United States,Active,"<a href=""https://www.oddbrotherscider.com/"">Website</a>","<a href=""https://www.facebook.com/Odd-Brothers-Craft-Cider-793647507656990/"">Facebook</a>","<a href=""https://www.instagram.com/oddbrotherscider/"">Instagram</a>",,,,"<a href=""https://untappd.com/OddBrothersCraftCider"">Untappd</a>"
345,477,2022,Peach,Incline Cider Company,White Peach,🥉 Bronze,Washington,United States,Active,"<a href=""http://www.inclinecider.com/"">Website</a>","<a href=""https://www.facebook.com/inclinecider/"">Facebook</a>","<a href=""https://www.instagram.com/inclinecider/"">Instagram</a>","<a href=""https://maps.google.com/?cid=504944612388443997"">Google</a>","<a href=""https://www.yelp.com/biz/incline-cider-house-tacoma"">Yelp</a>","<a href=""https://www.tripadvisor.com/Attraction_Review-g58775-d22266571"">TripAdvisor</a>","<a href=""https://untappd.com/w/incline-cider-company/249584"">Untappd</a>"
345,478,2022,Cranberry,Incline Cider Company,Cranberry,🥇 Gold,Washington,United States,Active,"<a href=""http://www.inclinecider.com/"">Website</a>","<a href=""https://www.facebook.com/inclinecider/"">Facebook</a>","<a href=""https://www.instagram.com/inclinecider/"">Instagram</a>","<a href=""https://maps.google.com/?cid=504944612388443997"">Google</a>","<a href=""https://www.yelp.com/biz/incline-cider-house-tacoma"">Yelp</a>","<a href=""https://www.tripadvisor.com/Attraction_Review-g58775-d22266571"">TripAdvisor</a>","<a href=""https://untappd.com/w/incline-cider-company/249584"">Untappd</a>"
220,479,2022,Cranberry,Country Boy Brewing,Cranberry Cider,🥈 Silver,Kentucky,United States,Active,"<a href=""http://countryboybrewing.com/"">Website</a>","<a href=""https://www.facebook.com/CountryBoyBrewing"">Facebook</a>","<a href=""https://www.instagram.com/CountryBoybrewing/"">Instagram</a>","<a href=""https://maps.google.com/?cid=7007349802683802072"">Google</a>","<a href=""https://www.yelp.com/biz/country-boy-brewing-lexington"">Yelp</a>","<a href=""https://www.tripadvisor.com/Attraction_Review-g39588-d2661465"">TripAdvisor</a>","<a href=""https://untappd.com/w/country-boy-brewing/23693"">Untappd</a>"
67,480,2022,Cranberry,2 Towns Ciderhouse,Crimson Bliss,🥉 Bronze,Oregon,United States,Active,"<a href=""http://www.2townsciderhouse.com/"">Website</a>","<a href=""https://www.facebook.com/2townsciderhouse"">Facebook</a>","<a href=""https://www.instagram.com/2townscider/"">Instagram</a>","<a href=""https://maps.google.com/?cid=10429935694700508047"">Google</a>","<a href=""https://www.yelp.com/biz/2-towns-ciderhouse-corvallis"">Yelp</a>","<a href=""https://www.tripadvisor.com/Attraction_Review-g51817-d3417221"">TripAdvisor</a>","<a href=""https://untappd.com/w/2-towns-ciderhouse/12975"">Untappd</a>"
196,481,2022,Fruit and Berry,Ciderboys,Ciderboys Strawberry Magic,🥇 Gold,Wisconsin,United States,Active,"<a href=""http://www.ciderboys.com/"">Website</a>","<a href=""https://www.facebook.com/Ciderboys"">Facebook</a>","<a href=""https://www.instagram.com/Ciderboys/"">Instagram</a>","<a href=""https://maps.google.com/?cid=1756122992587390562"">Google</a>","<a href=""https://www.yelp.com/biz/stevens-point-brewery-stevens-point"">Yelp</a>","<a href=""https://www.tripadvisor.com/Attraction_Review-g60304-d2265035"">TripAdvisor</a>","<a href=""https://untappd.com/w/ciderboys-hard-cider/44552"">Untappd</a>"
220,482,2022,Fruit and Berry,Country Boy Brewing,Raspberry Lemon Cider,🥈 Silver,Kentucky,United States,Active,"<a href=""http://countryboybrewing.com/"">Website</a>","<a href=""https://www.facebook.com/CountryBoyBrewing"">Facebook</a>","<a href=""https://www.instagram.com/CountryBoybrewing/"">Instagram</a>","<a href=""https://maps.google.com/?cid=7007349802683802072"">Google</a>","<a href=""https://www.yelp.com/biz/country-boy-brewing-lexington"">Yelp</a>","<a href=""https://www.tripadvisor.com/Attraction_Review-g39588-d2661465"">TripAdvisor</a>","<a href=""https://untappd.com/w/country-boy-brewing/23693"">Untappd</a>"
915,483,2022,Fruit and Berry,Cider Corps,Blueberry Pie,🥉 Bronze,Arizona,United States,Active,"<a href=""https://cidercorpsaz.com/"">Website</a>","<a href=""https://www.facebook.com/cidercorps/"">Facebook</a>","<a href=""https://www.instagram.com/cidercorps/"">Instagram</a>","<a href=""https://maps.google.com/?cid=9593182908980696987"">Google</a>","<a href=""https://www.yelp.com/biz/cider-corps-mesa-5"">Yelp</a>","<a href=""https://www.tripadvisor.com/Attraction_Review-g31281-d13003044"">TripAdvisor</a>","<a href=""https://untappd.com/CiderCorps"">Untappd</a>"
124,484,2022,Applewine / Ice Cider / Imperial Cider,Bent Ladder,Winter Crisp,🥇 Gold,Ohio,United States,Active,"<a href=""http://bentladder.com/"">Website</a>","<a href=""https://www.facebook.com/bentladder"">Facebook</a>","<a href=""https://www.instagram.com/bentladder/"">Instagram</a>","<a href=""https://maps.google.com/?cid=5886580381731979881"">Google</a>","<a href=""https://www.yelp.com/biz/rittman-orchard-rittman"">Yelp</a>","<a href=""https://www.tripadvisor.com/Attraction_Review-g50283-d1977165"">TripAdvisor</a>","<a href=""https://untappd.com/w/bent-ladder/295757"">Untappd</a>"
490,485,2022,Applewine / Ice Cider / Imperial Cider,Portland Cider Company,Imperial Peach Tea,🥈 Silver,Oregon,United States,Active,"<a href=""http://portlandcider.com/"">Website</a>","<a href=""https://www.facebook.com/portlandcider"">Facebook</a>","<a href=""https://www.instagram.com/portlandcider/"">Instagram</a>","<a href=""https://maps.google.com/?cid=5897814277091816079"">Google</a>","<a href=""https://www.yelp.com/biz/portland-cider-company-clackamas"">Yelp</a>","<a href=""https://www.tripadvisor.com/Restaurant_Review-g51806-d6996793"">TripAdvisor</a>","<a href=""https://untappd.com/w/portland-cider-company/56260"">Untappd</a>"
152,486,2022,Applewine / Ice Cider / Imperial Cider,Bold Rock Hard Cider,Imperial Cider,🥉 Bronze,North Carolina,United States,Active,"<a href=""https://boldrock.com/"">Website</a>","<a href=""https://www.facebook.com/BoldRockHardCider/"">Facebook</a>","<a href=""https://www.instagram.com/boldrockhardcider/"">Instagram</a>","<a href=""https://maps.google.com/?cid=10604087929796439877"">Google</a>","<a href=""https://www.yelp.com/biz/bold-rock-hard-cider-mills-river-mills-river"">Yelp</a>","<a href=""https://www.tripadvisor.com/Attraction_Review-g1552723-d8862147"">TripAdvisor</a>","<a href=""https://untappd.com/v/bold-rock-mills-river-cidery/3954545"">Untappd</a>"
10,487,2022,Applewine / Ice Cider / Imperial Cider,Blake's Hard Cider Co.,Amshire,🥉 Bronze,Michigan,United States,Active,"<a href=""http://www.blakeshardcider.com/"">Website</a>","<a href=""https://www.facebook.com/blakeshardciderco"">Facebook</a>","<a href=""https://www.instagram.com/blakeshardciderco/"">Instagram</a>","<a href=""https://maps.google.com/?cid=15855146673119620480"">Google</a>","<a href=""https://www.yelp.com/biz/blakes-ciderhouse-and-winery-armada"">Yelp</a>","<a href=""https://www.tripadvisor.com/Attraction_Review-g29560-d6678501"">TripAdvisor</a>","<a href=""https://untappd.com/w/blakes-hard-cider-company/86334"">Untappd</a>"
1074,488,2022,Herbal,Papa Moon Vineyards & Winery,Honey Lavender,🥇 Gold,Nebraska,United States,Active,"<a href=""https://www.papamoonvineyards.com/"">Website</a>","<a href=""https://www.facebook.com/Papamoonwines"">Facebook</a>","<a href=""https://www.instagram.com/papamoonciders/"">Instagram</a>","<a href=""https://maps.google.com/?cid=16564507604611639866"">Google</a>","<a href=""https://www.yelp.com/biz/papa-moon-vineyards-and-winery-scottsbluff"">Yelp</a>",,"<a href=""https://untappd.com/w/papa-moon-vineyards-winery-and-cider-house/472128"">Untappd</a>"
541,489,2022,Herbal,Sandia Hard Cider,Lavender,🥈 Silver,New Mexico,United States,Active,,"<a href=""https://www.facebook.com/sandiahardcider/"">Facebook</a>","<a href=""https://www.instagram.com/sandiahardcider/"">Instagram</a>","<a href=""https://maps.google.com/?cid=10960141526376680070"">Google</a>","<a href=""https://www.yelp.com/biz/the-craftroom-albuquerque"">Yelp</a>",,"<a href=""https://untappd.com/w/sandia-hard-cider/286813"">Untappd</a>"
2170,490,2022,Herbal,Dingo Dog Brewing Company,Suzie's Honeysuckle Cider,🥉 Bronze,North Carolina,United States,Active,"<a href=""https://www.dingodogbrewing.com/"">Website</a>","<a href=""https://www.facebook.com/dingodogbrewing"">Facebook</a>","<a href=""https://www.instagram.com/dingodogbrewing/"">Instagram</a>","<a href=""https://maps.google.com/?cid=855662940419552138"">Google</a>","<a href=""https://www.yelp.com/biz/dingo-dog-brewing-company-carrboro"">Yelp</a>",,"<a href=""https://untappd.com/DingoDogBrewing"">Untappd</a>"
631,491,2022,Herbal,Thor's Hard Cider,Sitron Tee,🥉 Bronze,Minnesota,United States,Active,"<a href=""https://www.thorshardcider.com/"">Website</a>","<a href=""https://www.facebook.com/thorshardcider/"">Facebook</a>","<a href=""https://www.instagram.com/thorshardcider/"">Instagram</a>","<a href=""https://maps.google.com/?cid=16250618587804183842"">Google</a>","<a href=""https://www.yelp.com/biz/aamodts-apple-farm-stillwater"">Yelp</a>","<a href=""https://www.tripadvisor.com/Attraction_Review-g43552-d7146001"">TripAdvisor</a>","<a href=""https://untappd.com/w/thors-hard-cider/345130"">Untappd</a>"
661,492,2022,Pepper,Urban Tree Hard Cider,Sweet Heat Haze,🥇 Gold,Georgia,United States,Active,"<a href=""https://urbantreecidery.com/"">Website</a>","<a href=""https://www.facebook.com/UrbanTreeCider/"">Facebook</a>","<a href=""https://www.instagram.com/urbantreecider/"">Instagram</a>",,,,"<a href=""https://untappd.com/w/urban-tree-cidery/260157"">Untappd</a>"
631,493,2022,Pepper,Thor's Hard Cider,El Thoro,🥇 Gold,Minnesota,United States,Active,"<a href=""https://www.thorshardcider.com/"">Website</a>","<a href=""https://www.facebook.com/thorshardcider/"">Facebook</a>","<a href=""https://www.instagram.com/thorshardcider/"">Instagram</a>","<a href=""https://maps.google.com/?cid=16250618587804183842"">Google</a>","<a href=""https://www.yelp.com/biz/aamodts-apple-farm-stillwater"">Yelp</a>","<a href=""https://www.tripadvisor.com/Attraction_Review-g43552-d7146001"">TripAdvisor</a>","<a href=""https://untappd.com/w/thors-hard-cider/345130"">Untappd</a>"
545,494,2022,Pepper,Sapsucker Farms Yellow Belly Cidery,Yellow Belly Cayenne Cider,🥈 Silver,Minnesota,United States,Active,"<a href=""https://www.sapsuckerfarms.com/"">Website</a>","<a href=""https://www.facebook.com/YellowBellyCider/"">Facebook</a>","<a href=""https://www.instagram.com/sapsuckerfarms/"">Instagram</a>","<a href=""https://maps.google.com/?cid=10529182272851607589"">Google</a>","<a href=""https://www.yelp.com/biz/sapsucker-farms-yellow-belly-cidery-mora"">Yelp</a>","<a href=""https://www.tripadvisor.com/Attraction_Review-g43337-d15594799"">TripAdvisor</a>","<a href=""https://untappd.com/w/sapsucker-farms/187535"">Untappd</a>"
464,495,2022,Pepper,Orchard Girls,Chantico,🥉 Bronze,Maine,United States,Active,"<a href=""http://orchardgirls.com/"">Website</a>","<a href=""https://www.facebook.com/orchardgirlscider/"">Facebook</a>","<a href=""https://www.instagram.com/orchardgirlscider"">Instagram</a>","<a href=""https://maps.google.com/?cid=2486607221948549190"">Google</a>","<a href=""https://www.yelp.com/biz/orchard-girls-cidery-kingfield"">Yelp</a>",,"<a href=""https://untappd.com/w/orchard-girls/420976"">Untappd</a>"
712,496,2022,Hopped,Five Maidens Cider Company,India Bound,🥇 Gold,Pennsylvania,United States,Active,"<a href=""https://5mcider.com/"">Website</a>","<a href=""https://www.facebook.com/5MCider/"">Facebook</a>","<a href=""https://www.instagram.com/5mcider/"">Instagram</a>","<a href=""https://maps.google.com/?cid=17669165397330541520"">Google</a>","<a href=""https://www.yelp.com/biz/five-maidens-cider-bethlehem"">Yelp</a>",,"<a href=""https://untappd.com/FiveMaidensCiderCo"">Untappd</a>"
197,497,2022,Hopped,Cigar City Cider & Mead,Dat Juice,🥈 Silver,Florida,United States,Active,"<a href=""http://www.cigarcitycider.com/"">Website</a>","<a href=""https://www.facebook.com/CigarCityCider"">Facebook</a>","<a href=""https://www.instagram.com/cigarcitycider/"">Instagram</a>","<a href=""https://maps.google.com/?cid=105555702494086229"">Google</a>","<a href=""https://www.yelp.com/biz/cigar-city-brewing-tampa"">Yelp</a>","<a href=""https://www.tripadvisor.com/Attraction_Review-g34678-d4508513"">TripAdvisor</a>","<a href=""https://untappd.com/w/cigar-city-cider-and-mead/51632"">Untappd</a>"
432,498,2022,Hopped,Mountain West Cider Company,Cottonwood,🥈 Silver,Utah,United States,Active,"<a href=""http://mountainwestcider.com/"">Website</a>","<a href=""https://www.facebook.com/MountainWestHardCider/"">Facebook</a>","<a href=""https://www.instagram.com/mountainwestcider/"">Instagram</a>","<a href=""https://maps.google.com/?cid=16538924633378887108"">Google</a>","<a href=""https://www.yelp.com/biz/mountain-west-cider-salt-lake-city"">Yelp</a>",,"<a href=""https://untappd.com/w/mountain-west-hard-cider/235312"">Untappd</a>"
661,499,2022,Hopped,Urban Tree Hard Cider,Orange U and IPA?,🥈 Silver,Georgia,United States,Active,"<a href=""https://urbantreecidery.com/"">Website</a>","<a href=""https://www.facebook.com/UrbanTreeCider/"">Facebook</a>","<a href=""https://www.instagram.com/urbantreecider/"">Instagram</a>",,,,"<a href=""https://untappd.com/w/urban-tree-cidery/260157"">Untappd</a>"
220,500,2022,Apple Pie Spiced,Country Boy Brewing,Apple Pie Cider,🥇 Gold,Kentucky,United States,Active,"<a href=""http://countryboybrewing.com/"">Website</a>","<a href=""https://www.facebook.com/CountryBoyBrewing"">Facebook</a>","<a href=""https://www.instagram.com/CountryBoybrewing/"">Instagram</a>","<a href=""https://maps.google.com/?cid=7007349802683802072"">Google</a>","<a href=""https://www.yelp.com/biz/country-boy-brewing-lexington"">Yelp</a>","<a href=""https://www.tripadvisor.com/Attraction_Review-g39588-d2661465"">TripAdvisor</a>","<a href=""https://untappd.com/w/country-boy-brewing/23693"">Untappd</a>"
10,501,2022,Apple Pie Spiced,Blake's Hard Cider Co.,Apple Pie,🥇 Gold,Michigan,United States,Active,"<a href=""http://www.blakeshardcider.com/"">Website</a>","<a href=""https://www.facebook.com/blakeshardciderco"">Facebook</a>","<a href=""https://www.instagram.com/blakeshardciderco/"">Instagram</a>","<a href=""https://maps.google.com/?cid=15855146673119620480"">Google</a>","<a href=""https://www.yelp.com/biz/blakes-ciderhouse-and-winery-armada"">Yelp</a>","<a href=""https://www.tripadvisor.com/Attraction_Review-g29560-d6678501"">TripAdvisor</a>","<a href=""https://untappd.com/w/blakes-hard-cider-company/86334"">Untappd</a>"
3121,502,2022,Apple Pie Spiced,Missing Falls Brewery,How Bout Dem Apples,🥈 Silver,Ohio,United States,Active,"<a href=""https://www.missingfalls.com/"">Website</a>","<a href=""https://www.facebook.com/MissingFallsBrewery/"">Facebook</a>","<a href=""https://www.instagram.com/missingfallsbrewery/"">Instagram</a>","<a href=""https://maps.google.com/?cid=16469758948621365687"">Google</a>","<a href=""https://www.yelp.com/biz/missing-falls-brewery-akron"">Yelp</a>","<a href=""https://www.tripadvisor.com/Restaurant_Review-g29912-d23413493"">TripAdvisor</a>","<a href=""https://untappd.com/MissingFalls"">Untappd</a>"
1757,503,2022,Apple Pie Spiced,Odd Brothers Craft Cider,The Wanderer,🥉 Bronze,Michigan,United States,Active,"<a href=""https://www.oddbrotherscider.com/"">Website</a>","<a href=""https://www.facebook.com/Odd-Brothers-Craft-Cider-793647507656990/"">Facebook</a>","<a href=""https://www.instagram.com/oddbrotherscider/"">Instagram</a>",,,,"<a href=""https://untappd.com/OddBrothersCraftCider"">Untappd</a>"
408,504,2022,Spiced,FX Matt Brewing,Mckenzie's Pumpkin Jack,🥇 Gold,New York,United States,Active,"<a href=""https://www.mckbev.com/"">Website</a>","<a href=""https://www.facebook.com/McKenziesHardCider/"">Facebook</a>","<a href=""https://www.instagram.com/mckenzieshardcider/"">Instagram</a>","<a href=""https://maps.google.com/?cid=16812627050434550372"">Google</a>","<a href=""https://www.yelp.com/biz/f-x-matt-brewing-utica"">Yelp</a>","<a href=""https://www.tripadvisor.com/Attraction_Review-g48759-d534580"">TripAdvisor</a>","<a href=""https://untappd.com/w/mckenzies-hard-cider/10931"">Untappd</a>"
170,505,2022,Spiced,Bryant's Cider,Punkin Spice,🥈 Silver,Virginia,United States,Active,"<a href=""https://bryantscider.com/"">Website</a>","<a href=""https://www.facebook.com/BryantsCiderFarm/"">Facebook</a>","<a href=""https://www.instagram.com/bryantscider/"">Instagram</a>","<a href=""https://maps.google.com/?cid=15598469607243113479"">Google</a>","<a href=""https://www.yelp.com/biz/bryants-cider-roseland"">Yelp</a>","<a href=""https://www.tripadvisor.com/Attraction_Review-g58143-d14196800"">TripAdvisor</a>","<a href=""https://untappd.com/w/bryant-s-cider/374591"">Untappd</a>"
93,506,2022,Spiced,Apple Valley Cider Company,Honey Cinnamon,🥉 Bronze,Colorado,United States,Active,"<a href=""http://www.applevalleycider.com/"">Website</a>","<a href=""https://www.facebook.com/applevalleycider/"">Facebook</a>","<a href=""https://www.instagram.com/applevalleyciderco/"">Instagram</a>","<a href=""https://maps.google.com/?cid=8798456079688966999"">Google</a>",,,"<a href=""https://untappd.com/w/apple-valley-cider-company/382129"">Untappd</a>"
179,507,2022,Wood-Aged,ACE Cider,ACE Blackjack 30th Anniversary,🥇 Gold,California,United States,Active,"<a href=""http://www.acecider.com/"">Website</a>","<a href=""https://www.facebook.com/AceCider"">Facebook</a>","<a href=""https://www.instagram.com/acecider/"">Instagram</a>",,"<a href=""https://www.yelp.com/biz/ace-premium-hard-ciders-sebastopol"">Yelp</a>","<a href=""https://www.tripadvisor.com/Attraction_Review-g33069-d3626497"">TripAdvisor</a>","<a href=""https://untappd.com/w/ace-cider-the-california-cider-company/331"">Untappd</a>"
294,508,2022,Wood-Aged,Glacial Till Vineyard & Winery,Wild Mulberry,🥈 Silver,Nebraska,United States,Active,"<a href=""http://www.glacialtillvineyard.com/"">Website</a>","<a href=""https://www.facebook.com/glacialtillvineyard"">Facebook</a>","<a href=""https://www.instagram.com/glacialtillvineyard/"">Instagram</a>","<a href=""https://maps.google.com/?cid=185099829414435279"">Google</a>","<a href=""https://www.yelp.com/biz/glacial-till-tasting-room-ashland"">Yelp</a>","<a href=""https://www.tripadvisor.com/Attraction_Review-g29709-d5832186"">TripAdvisor</a>","<a href=""https://untappd.com/w/glacial-till-vineyard-and-winery/223758"">Untappd</a>"
712,509,2022,Wood-Aged,Five Maidens Cider Company,The Bung is Too Big,🥉 Bronze,Pennsylvania,United States,Active,"<a href=""https://5mcider.com/"">Website</a>","<a href=""https://www.facebook.com/5MCider/"">Facebook</a>","<a href=""https://www.instagram.com/5mcider/"">Instagram</a>","<a href=""https://maps.google.com/?cid=17669165397330541520"">Google</a>","<a href=""https://www.yelp.com/biz/five-maidens-cider-bethlehem"">Yelp</a>",,"<a href=""https://untappd.com/FiveMaidensCiderCo"">Untappd</a>"
250,510,2022,Specialty,Duluth Cider,Las Lajas,🥇 Gold,Minnesota,United States,Active,"<a href=""https://duluthcider.com/"">Website</a>","<a href=""https://www.facebook.com/duluth.cider/"">Facebook</a>","<a href=""https://www.instagram.com/duluthcider/"">Instagram</a>","<a href=""https://maps.google.com/?cid=3814310496447641516"">Google</a>","<a href=""https://www.yelp.com/biz/duluth-cider-duluth"">Yelp</a>","<a href=""https://www.tripadvisor.com/Attraction_Review-g43018-d16674091"">TripAdvisor</a>","<a href=""https://untappd.com/DuluthCider"">Untappd</a>"
58,511,2022,Specialty,Thornapple Brewing Company,Ginger Peach,🥇 Gold,Michigan,United States,Active,"<a href=""https://www.thornapplebrewing.com/"">Website</a>","<a href=""https://www.facebook.com/ThornappleBrewingCompany"">Facebook</a>","<a href=""https://www.instagram.com/thornapplebrewing/"">Instagram</a>","<a href=""https://maps.google.com/?cid=9646788014435304722"">Google</a>","<a href=""https://www.yelp.com/biz/thornapple-brewing-grand-rapids"">Yelp</a>","<a href=""https://www.tripadvisor.com/Restaurant_Review-g19275776-d12838215"">TripAdvisor</a>","<a href=""https://untappd.com/w/thornapple-brewing-co/344603"">Untappd</a>"
294,512,2022,Specialty,Glacial Till Vineyard & Winery,Caramel Apple,🥈 Silver,Nebraska,United States,Active,"<a href=""http://www.glacialtillvineyard.com/"">Website</a>","<a href=""https://www.facebook.com/glacialtillvineyard"">Facebook</a>","<a href=""https://www.instagram.com/glacialtillvineyard/"">Instagram</a>","<a href=""https://maps.google.com/?cid=185099829414435279"">Google</a>","<a href=""https://www.yelp.com/biz/glacial-till-tasting-room-ashland"">Yelp</a>","<a href=""https://www.tripadvisor.com/Attraction_Review-g29709-d5832186"">TripAdvisor</a>","<a href=""https://untappd.com/w/glacial-till-vineyard-and-winery/223758"">Untappd</a>"
515,513,2022,Specialty,Rhinegeist Brewery,Beezy,🥉 Bronze,Ohio,United States,Active,"<a href=""https://rhinegeist.com/"">Website</a>","<a href=""https://www.facebook.com/rhinegeist"">Facebook</a>","<a href=""https://www.instagram.com/rhinegeist/"">Instagram</a>","<a href=""https://maps.google.com/?cid=4624817204033581156"">Google</a>","<a href=""https://www.yelp.com/biz/rhinegeist-brewery-cincinnati"">Yelp</a>","<a href=""https://www.tripadvisor.com/Attraction_Review-g60993-d8618371"">TripAdvisor</a>","<a href=""https://untappd.com/w/rhinegeist-brewery/69953"">Untappd</a>"
545,514,2022,Anything Goes,Sapsucker Farms Yellow Belly Cidery,Yellow Belly Wildflower,🥇 Gold,Minnesota,United States,Active,"<a href=""https://www.sapsuckerfarms.com/"">Website</a>","<a href=""https://www.facebook.com/YellowBellyCider/"">Facebook</a>","<a href=""https://www.instagram.com/sapsuckerfarms/"">Instagram</a>","<a href=""https://maps.google.com/?cid=10529182272851607589"">Google</a>","<a href=""https://www.yelp.com/biz/sapsucker-farms-yellow-belly-cidery-mora"">Yelp</a>","<a href=""https://www.tripadvisor.com/Attraction_Review-g43337-d15594799"">TripAdvisor</a>","<a href=""https://untappd.com/w/sapsucker-farms/187535"">Untappd</a>"
67,515,2022,Anything Goes,2 Towns Ciderhouse,Hollow Jack,🥈 Silver,Oregon,United States,Active,"<a href=""http://www.2townsciderhouse.com/"">Website</a>","<a href=""https://www.facebook.com/2townsciderhouse"">Facebook</a>","<a href=""https://www.instagram.com/2townscider/"">Instagram</a>","<a href=""https://maps.google.com/?cid=10429935694700508047"">Google</a>","<a href=""https://www.yelp.com/biz/2-towns-ciderhouse-corvallis"">Yelp</a>","<a href=""https://www.tripadvisor.com/Attraction_Review-g51817-d3417221"">TripAdvisor</a>","<a href=""https://untappd.com/w/2-towns-ciderhouse/12975"">Untappd</a>"
328,516,2022,Anything Goes,Hidden Cave Cidery,Sweet Potato Casserole,🥉 Bronze,Wisconsin,United States,Active,"<a href=""https://www.hiddencavecidery.com/"">Website</a>","<a href=""https://www.facebook.com/hiddencavecidery/"">Facebook</a>","<a href=""https://www.instagram.com/hiddencavecidery"">Instagram</a>","<a href=""https://maps.google.com/?cid=2326894092775693665"">Google</a>","<a href=""https://www.yelp.com/biz/hidden-cave-cidery-middleton"">Yelp</a>",,"<a href=""https://untappd.com/w/hidden-cave-cidery/395008"">Untappd</a>"
490,517,2022,Single Varietal,Portland Cider Company,Kermerrien,🥇 Gold,Oregon,United States,Active,"<a href=""http://portlandcider.com/"">Website</a>","<a href=""https://www.facebook.com/portlandcider"">Facebook</a>","<a href=""https://www.instagram.com/portlandcider/"">Instagram</a>","<a href=""https://maps.google.com/?cid=5897814277091816079"">Google</a>","<a href=""https://www.yelp.com/biz/portland-cider-company-clackamas"">Yelp</a>","<a href=""https://www.tripadvisor.com/Restaurant_Review-g51806-d6996793"">TripAdvisor</a>","<a href=""https://untappd.com/w/portland-cider-company/56260"">Untappd</a>"
1908,518,2022,Single Varietal,Mount Diablo Cider Company,Sidra California,🥇 Gold,California,United States,Active,"<a href=""https://www.mountdiablocider.com/"">Website</a>","<a href=""https://www.facebook.com/mountdiablocider"">Facebook</a>","<a href=""https://www.instagram.com/mountdiablocider/"">Instagram</a>",,,,"<a href=""https://untappd.com/w/mount-diablo-cider-company/527606"">Untappd</a>"
908,519,2022,Single Varietal,Union Hill Cider Co.,Redheart,🥈 Silver,Washington,United States,Active,"<a href=""https://www.unionhillciderco.com/"">Website</a>","<a href=""https://www.facebook.com/UnionHillCiderCo/"">Facebook</a>","<a href=""https://www.instagram.com/unionhillciderco/"">Instagram</a>","<a href=""https://maps.google.com/?cid=15999164221517255413"">Google</a>","<a href=""https://www.yelp.com/biz/union-hill-cider-east-wenatchee"">Yelp</a>",,"<a href=""https://untappd.com/UnionHillCiderCo"">Untappd</a>"
2121,520,2022,Single Varietal,Back Bay Brew House,Black Twig,🥉 Bronze,Virginia,United States,Active,"<a href=""https://backbayfarmhouse.com/"">Website</a>","<a href=""https://www.facebook.com/backbayfarmhouse"">Facebook</a>","<a href=""https://www.instagram.com/backbayfarmhouse/"">Instagram</a>","<a href=""https://maps.google.com/?cid=720468098893736903"">Google</a>","<a href=""https://www.yelp.com/biz/back-bays-farmhouse-brewing-co-virginia-beach-2"">Yelp</a>",,"<a href=""https://untappd.com/BackBayFarmhouseBrewingCo"">Untappd</a>"
698,521,2022,Rosé,Wölffer Estate Vineyard,Cider,🥇 Gold,New York,United States,Active,"<a href=""http://www.wolffer.com/"">Website</a>",,,"<a href=""https://maps.google.com/?cid=10690409208604454007"">Google</a>","<a href=""https://www.yelp.com/biz/wolffer-estate-vineyard-sagaponack"">Yelp</a>","<a href=""https://www.tripadvisor.com/Attraction_Review-g48542-d593572"">TripAdvisor</a>","<a href=""https://untappd.com/w/wolffer-estate-vineyard/79243"">Untappd</a>"
102,522,2022,Rosé,Atlanta Hard Cider Co.,Rosé,🥈 Silver,Georgia,United States,Active,"<a href=""https://www.atlantahardcider.com/"">Website</a>","<a href=""https://www.facebook.com/atlantahardcider/"">Facebook</a>","<a href=""https://www.instagram.com/atlantahardcider/"">Instagram</a>","<a href=""https://maps.google.com/?cid=15330589380276964489"">Google</a>",,,"<a href=""https://untappd.com/w/atlanta-hard-cider-co/364060"">Untappd</a>"
3177,523,2022,Rosé,Groupe Geloso,Beaupré Rosé,🥉 Bronze,Quebec,Canada,Active,"<a href=""https://groupegeloso.com/"">Website</a>","<a href=""https://www.facebook.com/groupegeloso/"">Facebook</a>",,"<a href=""https://maps.google.com/?cid=14532853692172548925"">Google</a>",,,"<a href=""https://untappd.com/w/cidre-beaupre-groupe-geloso/21487"">Untappd</a>"
353,524,2022,Rosé,Atomic Dog Hard Cider,Rosé,🥉 Bronze,Pennsylvania,United States,Active,"<a href=""https://atomicdoghardcider.com/"">Website</a>","<a href=""https://www.facebook.com/atomicdoghardcider"">Facebook</a>",,"<a href=""https://maps.google.com/?cid=7169999648774734369"">Google</a>","<a href=""https://www.yelp.com/biz/the-core-kitchen-at-atomic-dog-cidery-gettysburg"">Yelp</a>",,"<a href=""https://untappd.com/w/atomic-dog-cidery/547121"">Untappd</a>"
707,525,2022,Brut,Muse Orchard,BRUT Virginia Sparkling Apple,🥇 Gold,Virginia,United States,Active,,,,,,,"<a href=""https://untappd.com/w/widow-s-watch-cider/532630"">Untappd</a>"
698,526,2022,Brut,Wölffer Estate Vineyard,Wölffer No. 139 Brut Cuvee Cider,🥈 Silver,New York,United States,Active,"<a href=""http://www.wolffer.com/"">Website</a>",,,"<a href=""https://maps.google.com/?cid=10690409208604454007"">Google</a>","<a href=""https://www.yelp.com/biz/wolffer-estate-vineyard-sagaponack"">Yelp</a>","<a href=""https://www.tripadvisor.com/Attraction_Review-g48542-d593572"">TripAdvisor</a>","<a href=""https://untappd.com/w/wolffer-estate-vineyard/79243"">Untappd</a>"
170,527,2022,Brut,Bryant's Cider,Brite Good,🥉 Bronze,Virginia,United States,Active,"<a href=""https://bryantscider.com/"">Website</a>","<a href=""https://www.facebook.com/BryantsCiderFarm/"">Facebook</a>","<a href=""https://www.instagram.com/bryantscider/"">Instagram</a>","<a href=""https://maps.google.com/?cid=15598469607243113479"">Google</a>","<a href=""https://www.yelp.com/biz/bryants-cider-roseland"">Yelp</a>","<a href=""https://www.tripadvisor.com/Attraction_Review-g58143-d14196800"">TripAdvisor</a>","<a href=""https://untappd.com/w/bryant-s-cider/374591"">Untappd</a>"
3460,528,2022,Brut,Parsons North Brewing Co.,2020 Hugus Farms Local Cider,🥉 Bronze,Ohio,United States,Active,"<a href=""https://www.parsonsnorth.com/"">Website</a>","<a href=""https://www.facebook.com/ParsonsNorthBeer"">Facebook</a>","<a href=""https://www.instagram.com/parsons_north/"">Instagram</a>","<a href=""https://maps.google.com/?cid=4884628808325036382"">Google</a>","<a href=""https://www.yelp.com/biz/parsons-north-brewing-columbus-5"">Yelp</a>","<a href=""https://www.tripadvisor.com/Attraction_Review-g50226-d20109253"">TripAdvisor</a>","<a href=""https://untappd.com/Parsons_North_Brewing_Company"">Untappd</a>"
167,529,2022,Sangria,Broski Ciderworks,Primavera,🥇 Gold,Florida,United States,Inactive,,,,,,,
222,530,2022,Sangria,Coyote Hole Craft Beverages,Sangria,🥈 Silver,Virginia,United States,Active,"<a href=""http://www.coyotehole.com/"">Website</a>","<a href=""https://www.facebook.com/CoyoteHole/"">Facebook</a>","<a href=""https://www.instagram.com/CoyoteHole/"">Instagram</a>","<a href=""https://maps.google.com/?cid=3893841626353972834"">Google</a>","<a href=""https://www.yelp.com/biz/coyote-hole-ciderworks-mineral"">Yelp</a>","<a href=""https://www.tripadvisor.com/Attraction_Review-g57973-d12510904"">TripAdvisor</a>","<a href=""https://untappd.com/w/coyote-hole-ciderworks/327669"">Untappd</a>"
541,531,2022,Sangria,Sandia Hard Cider,Sangria,🥉 Bronze,New Mexico,United States,Active,,"<a href=""https://www.facebook.com/sandiahardcider/"">Facebook</a>","<a href=""https://www.instagram.com/sandiahardcider/"">Instagram</a>","<a href=""https://maps.google.com/?cid=10960141526376680070"">Google</a>","<a href=""https://www.yelp.com/biz/the-craftroom-albuquerque"">Yelp</a>",,"<a href=""https://untappd.com/w/sandia-hard-cider/286813"">Untappd</a>"
222,532,2022,Sangria,Coyote Hole Craft Beverages,Sunset Sangria,🥉 Bronze,Virginia,United States,Active,"<a href=""http://www.coyotehole.com/"">Website</a>","<a href=""https://www.facebook.com/CoyoteHole/"">Facebook</a>","<a href=""https://www.instagram.com/CoyoteHole/"">Instagram</a>","<a href=""https://maps.google.com/?cid=3893841626353972834"">Google</a>","<a href=""https://www.yelp.com/biz/coyote-hole-ciderworks-mineral"">Yelp</a>","<a href=""https://www.tripadvisor.com/Attraction_Review-g57973-d12510904"">TripAdvisor</a>","<a href=""https://untappd.com/w/coyote-hole-ciderworks/327669"">Untappd</a>"
152,533,2023,Modern Cider – Sweet,Bold Rock Hard Cider,Apple,🥇 Gold,North Carolina,United States,Active,"<a href=""https://boldrock.com/"">Website</a>","<a href=""https://www.facebook.com/BoldRockHardCider/"">Facebook</a>","<a href=""https://www.instagram.com/boldrockhardcider/"">Instagram</a>","<a href=""https://maps.google.com/?cid=10604087929796439877"">Google</a>","<a href=""https://www.yelp.com/biz/bold-rock-hard-cider-mills-river-mills-river"">Yelp</a>","<a href=""https://www.tripadvisor.com/Attraction_Review-g1552723-d8862147"">TripAdvisor</a>","<a href=""https://untappd.com/v/bold-rock-mills-river-cidery/3954545"">Untappd</a>"
408,534,2023,Modern Cider – Sweet,FX Matt Brewing,McKenzie's Original,🥈 Silver,New York,United States,Active,"<a href=""https://www.mckbev.com/"">Website</a>","<a href=""https://www.facebook.com/McKenziesHardCider/"">Facebook</a>","<a href=""https://www.instagram.com/mckenzieshardcider/"">Instagram</a>","<a href=""https://maps.google.com/?cid=16812627050434550372"">Google</a>","<a href=""https://www.yelp.com/biz/f-x-matt-brewing-utica"">Yelp</a>","<a href=""https://www.tripadvisor.com/Attraction_Review-g48759-d534580"">TripAdvisor</a>","<a href=""https://untappd.com/w/mckenzies-hard-cider/10931"">Untappd</a>"
841,535,2023,Modern Cider – Sweet,Thornbury Craft Co.,Thornbury Premium Apple Cider,🥈 Silver,Ontario,Canada,Active,"<a href=""https://thornburycraft.com/"">Website</a>","<a href=""https://www.facebook.com/thornburycraft"">Facebook</a>","<a href=""https://www.instagram.com/thornburycraft/"">Instagram</a>","<a href=""https://maps.google.com/?cid=17950053116977107226"">Google</a>","<a href=""https://www.yelp.com/biz/thornbury-village-cider-house-the-blue-mountains"">Yelp</a>","<a href=""https://www.tripadvisor.com/Attraction_Review-g676258-d12453165"">TripAdvisor</a>","<a href=""https://untappd.com/w/thornbury-village-cidery-and-brewery/10936"">Untappd</a>"
145,536,2023,Modern Cider – Sweet,Blue Barn Cidery,The Westcider,🥉 Bronze,New York,United States,Active,"<a href=""https://www.bluebarncidery.com/"">Website</a>",,,"<a href=""https://maps.google.com/?cid=8104758114885529003"">Google</a>","<a href=""https://www.yelp.com/biz/blue-barn-cidery-hilton"">Yelp</a>",,"<a href=""https://untappd.com/BlueBarnCidery"">Untappd</a>"
550,537,2023,Modern Cider – Dry,Schilling Cider,London Dry,🥇 Gold,Washington,United States,Active,"<a href=""https://schillingcider.com/"">Website</a>","<a href=""https://www.facebook.com/SchillingCider/"">Facebook</a>","<a href=""https://www.instagram.com/schillingcider/"">Instagram</a>","<a href=""https://maps.google.com/?cid=12281308087911884522"">Google</a>",,,"<a href=""https://untappd.com/w/schilling-cider/62413"">Untappd</a>"
1055,538,2023,Modern Cider – Dry,Vala's Orchard Cider,Goldrush Dry,🥈 Silver,Nebraska,United States,Active,"<a href=""https://www.valasappleorchard.com/"">Website</a>","<a href=""https://www.facebook.com/ValasPumpkinPatch/"">Facebook</a>","<a href=""https://www.instagram.com/valaspumpkinpatch/"">Instagram</a>","<a href=""https://maps.google.com/?cid=15056510891597103165"">Google</a>","<a href=""https://www.yelp.com/biz/valas-pumpkin-patch-gretna"">Yelp</a>","<a href=""https://www.tripadvisor.com/Attraction_Review-g45597-d1932171"">TripAdvisor</a>","<a href=""https://untappd.com/w/vala-s-pumpkin-patch/478866"">Untappd</a>"
2193,539,2023,Modern Cider – Dry,Pacific Grove CiderWorks,Roll with the Punches Hard Cider,🥉 Bronze,California,United States,Active,"<a href=""https://pgciderworks.com/"">Website</a>",,,,,,"<a href=""https://untappd.com/w/pacific-grove-ciderworks/480168"">Untappd</a>"
294,540,2023,Modern Cider – Dry,Glacial Till Vineyard & Winery,Dry,🥉 Bronze,Nebraska,United States,Active,"<a href=""http://www.glacialtillvineyard.com/"">Website</a>","<a href=""https://www.facebook.com/glacialtillvineyard"">Facebook</a>","<a href=""https://www.instagram.com/glacialtillvineyard/"">Instagram</a>","<a href=""https://maps.google.com/?cid=185099829414435279"">Google</a>","<a href=""https://www.yelp.com/biz/glacial-till-tasting-room-ashland"">Yelp</a>","<a href=""https://www.tripadvisor.com/Attraction_Review-g29709-d5832186"">TripAdvisor</a>","<a href=""https://untappd.com/w/glacial-till-vineyard-and-winery/223758"">Untappd</a>"
124,541,2023,Heritage Cider,Bent Ladder,Russet,🥇 Gold,Ohio,United States,Active,"<a href=""http://bentladder.com/"">Website</a>","<a href=""https://www.facebook.com/bentladder"">Facebook</a>","<a href=""https://www.instagram.com/bentladder/"">Instagram</a>","<a href=""https://maps.google.com/?cid=5886580381731979881"">Google</a>","<a href=""https://www.yelp.com/biz/rittman-orchard-rittman"">Yelp</a>","<a href=""https://www.tripadvisor.com/Attraction_Review-g50283-d1977165"">TripAdvisor</a>","<a href=""https://untappd.com/w/bent-ladder/295757"">Untappd</a>"
782,542,2023,Heritage Cider,Duxbury Cider Company,Heritage 1650 Dry Cider,🥈 Silver,Ontario,Canada,Active,"<a href=""https://www.theduxburyciderco.ca/"">Website</a>","<a href=""https://www.facebook.com/DuxburyCider/"">Facebook</a>","<a href=""https://www.instagram.com/duxburycider/"">Instagram</a>","<a href=""https://maps.google.com/?cid=18178962492954171012"">Google</a>",,,"<a href=""https://untappd.com/w/duxbury-cider-company/87748"">Untappd</a>"
550,543,2023,Heritage Cider,Schilling Cider,Excelsior Imperial Apple,🥈 Silver,Washington,United States,Active,"<a href=""https://schillingcider.com/"">Website</a>","<a href=""https://www.facebook.com/SchillingCider/"">Facebook</a>","<a href=""https://www.instagram.com/schillingcider/"">Instagram</a>","<a href=""https://maps.google.com/?cid=12281308087911884522"">Google</a>",,,"<a href=""https://untappd.com/w/schilling-cider/62413"">Untappd</a>"
3122,544,2023,Heritage Cider,Penn Brewery,Penn Cider Apple,🥉 Bronze,Pennsylvania,United States,Active,"<a href=""https://www.pennbrew.com/"">Website</a>","<a href=""https://www.facebook.com/PennBrewery"">Facebook</a>","<a href=""https://www.instagram.com/PennBrewery"">Instagram</a>","<a href=""https://maps.google.com/?cid=2498749404751387893"">Google</a>","<a href=""https://www.yelp.com/biz/penn-brewery-pittsburgh"">Yelp</a>","<a href=""https://www.tripadvisor.com/Restaurant_Review-g53449-d400956"">TripAdvisor</a>","<a href=""https://untappd.com/PennBrewery"">Untappd</a>"
330,545,2023,Traditional Cider,High Limb Hard Cider,Core,🥇 Gold,Massachusetts,United States,Active,"<a href=""https://www.highlimbcider.com/"">Website</a>","<a href=""https://www.facebook.com/highlimbcider/"">Facebook</a>","<a href=""https://www.instagram.com/highlimbcider/"">Instagram</a>","<a href=""https://maps.google.com/?cid=11042855047844464741"">Google</a>","<a href=""https://www.yelp.com/biz/high-limb-cider-plymouth"">Yelp</a>","<a href=""https://www.tripadvisor.com/Attraction_Review-g41773-d21723351"">TripAdvisor</a>","<a href=""https://untappd.com/w/high-limb-hard-cider/108620"">Untappd</a>"
432,546,2023,Traditional Cider,Mountain West Cider Company,Green Urban Lunch Box,🥈 Silver,Utah,United States,Active,"<a href=""http://mountainwestcider.com/"">Website</a>","<a href=""https://www.facebook.com/MountainWestHardCider/"">Facebook</a>","<a href=""https://www.instagram.com/mountainwestcider/"">Instagram</a>","<a href=""https://maps.google.com/?cid=16538924633378887108"">Google</a>","<a href=""https://www.yelp.com/biz/mountain-west-cider-salt-lake-city"">Yelp</a>",,"<a href=""https://untappd.com/w/mountain-west-hard-cider/235312"">Untappd</a>"
3113,547,2023,Traditional Cider,Andover Cider Co.,Andover Cider,🥉 Bronze,Massachusetts,United States,Active,"<a href=""https://andoverciderco.com/"">Website</a>",,"<a href=""https://www.instagram.com/andoverciderco/"">Instagram</a>",,,,"<a href=""https://untappd.com/w/andover-cider-co/556487"">Untappd</a>"
2170,548,2023,Perry,Dingo Dog Brewing Company,Ben & Jacks Perry,🥇 Gold,North Carolina,United States,Active,"<a href=""https://www.dingodogbrewing.com/"">Website</a>","<a href=""https://www.facebook.com/dingodogbrewing"">Facebook</a>","<a href=""https://www.instagram.com/dingodogbrewing/"">Instagram</a>","<a href=""https://maps.google.com/?cid=855662940419552138"">Google</a>","<a href=""https://www.yelp.com/biz/dingo-dog-brewing-company-carrboro"">Yelp</a>",,"<a href=""https://untappd.com/DingoDogBrewing"">Untappd</a>"
999,549,2023,Perry,Doc Waters Cidery,Lady Kay Perry,🥈 Silver,Maryland,United States,Active,"<a href=""https://www.docwaterscidery.com/"">Website</a>","<a href=""https://www.facebook.com/docwaterscidery"">Facebook</a>","<a href=""https://www.instagram.com/docwaterscidery/"">Instagram</a>","<a href=""https://maps.google.com/?cid=5897969821393799631"">Google</a>","<a href=""https://www.yelp.com/biz/doc-waters-cidery-germantown-3"">Yelp</a>",,"<a href=""https://untappd.com/w/doc-waters-cidery/408791"">Untappd</a>"
2193,550,2023,Perry,Pacific Grove CiderWorks,Sparkling Perry,🥉 Bronze,California,United States,Active,"<a href=""https://pgciderworks.com/"">Website</a>",,,,,,"<a href=""https://untappd.com/w/pacific-grove-ciderworks/480168"">Untappd</a>"
664,551,2023,Fruit,Vermont Cider Company,Wyders Imperial Grapefruit,🥇 Gold,Vermont,United States,Active,"<a href=""http://www.woodchuck.com/"">Website</a>","<a href=""https://www.facebook.com/WoodchuckCider"">Facebook</a>","<a href=""https://www.instagram.com/woodchuckcider/"">Instagram</a>","<a href=""https://maps.google.com/?cid=9402882086420367798"">Google</a>","<a href=""https://www.yelp.com/biz/woodchuck-hard-cidery-middlebury"">Yelp</a>","<a href=""https://www.tripadvisor.com/Attraction_Review-g57245-d7022345"">TripAdvisor</a>","<a href=""https://untappd.com/w/woodchuck-cidery/611"">Untappd</a>"
664,552,2023,Fruit,Vermont Cider Company,Wyders Prickly Pineapple,🥈 Silver,Vermont,United States,Active,"<a href=""http://www.woodchuck.com/"">Website</a>","<a href=""https://www.facebook.com/WoodchuckCider"">Facebook</a>","<a href=""https://www.instagram.com/woodchuckcider/"">Instagram</a>","<a href=""https://maps.google.com/?cid=9402882086420367798"">Google</a>","<a href=""https://www.yelp.com/biz/woodchuck-hard-cidery-middlebury"">Yelp</a>","<a href=""https://www.tripadvisor.com/Attraction_Review-g57245-d7022345"">TripAdvisor</a>","<a href=""https://untappd.com/w/woodchuck-cidery/611"">Untappd</a>"
550,553,2023,Fruit,Schilling Cider,Excelsior Imperial Mango,🥉 Bronze,Washington,United States,Active,"<a href=""https://schillingcider.com/"">Website</a>","<a href=""https://www.facebook.com/SchillingCider/"">Facebook</a>","<a href=""https://www.instagram.com/schillingcider/"">Instagram</a>","<a href=""https://maps.google.com/?cid=12281308087911884522"">Google</a>",,,"<a href=""https://untappd.com/w/schilling-cider/62413"">Untappd</a>"
664,554,2023,Fruit,Vermont Cider Company,Woodchuck Hard Cider Bellini,🥉 Bronze,Vermont,United States,Active,"<a href=""http://www.woodchuck.com/"">Website</a>","<a href=""https://www.facebook.com/WoodchuckCider"">Facebook</a>","<a href=""https://www.instagram.com/woodchuckcider/"">Instagram</a>","<a href=""https://maps.google.com/?cid=9402882086420367798"">Google</a>","<a href=""https://www.yelp.com/biz/woodchuck-hard-cidery-middlebury"">Yelp</a>","<a href=""https://www.tripadvisor.com/Attraction_Review-g57245-d7022345"">TripAdvisor</a>","<a href=""https://untappd.com/w/woodchuck-cidery/611"">Untappd</a>"
2286,555,2023,Grape,Apple Barrel Orchards,Northern Concord,🥇 Gold,New York,United States,Active,"<a href=""https://applebarrelorchards.com/"">Website</a>","<a href=""https://www.facebook.com/applebarrelorchards"">Facebook</a>","<a href=""https://www.instagram.com/applebarrelorchards"">Instagram</a>","<a href=""https://maps.google.com/?cid=6734152269443403352"">Google</a>","<a href=""https://www.yelp.com/biz/apple-barrel-orchards-penn-yan"">Yelp</a>","<a href=""https://www.tripadvisor.com/Attraction_Review-g48378-d7187340"">TripAdvisor</a>","<a href=""https://untappd.com/w/apple-barrel-orchards/549035"">Untappd</a>"
698,556,2023,Grape,Wölffer Estate Vineyard,Red Cider,🥈 Silver,New York,United States,Active,"<a href=""http://www.wolffer.com/"">Website</a>",,,"<a href=""https://maps.google.com/?cid=10690409208604454007"">Google</a>","<a href=""https://www.yelp.com/biz/wolffer-estate-vineyard-sagaponack"">Yelp</a>","<a href=""https://www.tripadvisor.com/Attraction_Review-g48542-d593572"">TripAdvisor</a>","<a href=""https://untappd.com/w/wolffer-estate-vineyard/79243"">Untappd</a>"
2170,557,2023,Grape,Dingo Dog Brewing Company,Izzie Belle's Sauv Blanc Cider,🥉 Bronze,North Carolina,United States,Active,"<a href=""https://www.dingodogbrewing.com/"">Website</a>","<a href=""https://www.facebook.com/dingodogbrewing"">Facebook</a>","<a href=""https://www.instagram.com/dingodogbrewing/"">Instagram</a>","<a href=""https://maps.google.com/?cid=855662940419552138"">Google</a>","<a href=""https://www.yelp.com/biz/dingo-dog-brewing-company-carrboro"">Yelp</a>",,"<a href=""https://untappd.com/DingoDogBrewing"">Untappd</a>"
664,558,2023,Pear,Vermont Cider Company,Wyders Pear,🥇 Gold,Vermont,United States,Active,"<a href=""http://www.woodchuck.com/"">Website</a>","<a href=""https://www.facebook.com/WoodchuckCider"">Facebook</a>","<a href=""https://www.instagram.com/woodchuckcider/"">Instagram</a>","<a href=""https://maps.google.com/?cid=9402882086420367798"">Google</a>","<a href=""https://www.yelp.com/biz/woodchuck-hard-cidery-middlebury"">Yelp</a>","<a href=""https://www.tripadvisor.com/Attraction_Review-g57245-d7022345"">TripAdvisor</a>","<a href=""https://untappd.com/w/woodchuck-cidery/611"">Untappd</a>"
1829,559,2023,Pear,Convergence Cider Works,Moonglow Ginger Pear,🥈 Silver,Iowa,United States,Active,"<a href=""https://www.convergencecider.com/"">Website</a>","<a href=""https://www.facebook.com/convergencecider"">Facebook</a>","<a href=""https://www.instagram.com/convergence_ciderworks/"">Instagram</a>","<a href=""https://maps.google.com/?cid=3180343174506280077"">Google</a>","<a href=""https://www.yelp.com/biz/convergence-ciderworks-decorah-2"">Yelp</a>","<a href=""https://www.tripadvisor.com/Restaurant_Review-g37822-d23574179"">TripAdvisor</a>","<a href=""https://untappd.com/ConvergenceCiderWorks"">Untappd</a>"
2170,560,2023,Pear,Dingo Dog Brewing Company,Jack and Ben's Apple and Pear Cider,🥉 Bronze,North Carolina,United States,Active,"<a href=""https://www.dingodogbrewing.com/"">Website</a>","<a href=""https://www.facebook.com/dingodogbrewing"">Facebook</a>","<a href=""https://www.instagram.com/dingodogbrewing/"">Instagram</a>","<a href=""https://maps.google.com/?cid=855662940419552138"">Google</a>","<a href=""https://www.yelp.com/biz/dingo-dog-brewing-company-carrboro"">Yelp</a>",,"<a href=""https://untappd.com/DingoDogBrewing"">Untappd</a>"
294,561,2023,Tropical,Glacial Till Vineyard & Winery,Pink Guava,🥇 Gold,Nebraska,United States,Active,"<a href=""http://www.glacialtillvineyard.com/"">Website</a>","<a href=""https://www.facebook.com/glacialtillvineyard"">Facebook</a>","<a href=""https://www.instagram.com/glacialtillvineyard/"">Instagram</a>","<a href=""https://maps.google.com/?cid=185099829414435279"">Google</a>","<a href=""https://www.yelp.com/biz/glacial-till-tasting-room-ashland"">Yelp</a>","<a href=""https://www.tripadvisor.com/Attraction_Review-g29709-d5832186"">TripAdvisor</a>","<a href=""https://untappd.com/w/glacial-till-vineyard-and-winery/223758"">Untappd</a>"
947,562,2023,Tropical,Beach Bee Meadery,Passion Cherry,🥈 Silver,New Jersey,United States,Active,"<a href=""https://www.beachbeemeadery.com/"">Website</a>","<a href=""https://www.facebook.com/beachbeemeadery/"">Facebook</a>","<a href=""https://www.instagram.com/drinkbeachbee/"">Instagram</a>","<a href=""https://maps.google.com/?cid=3925888969412189535"">Google</a>","<a href=""https://www.yelp.com/biz/beach-bee-meadery-long-branch"">Yelp</a>","<a href=""https://www.tripadvisor.com/Attraction_Review-g46582-d21226866"">TripAdvisor</a>","<a href=""https://untappd.com/w/beach-bee-meadery/452564"">Untappd</a>"
220,563,2023,Tropical,Country Boy Brewing,POG Cider,🥉 Bronze,Kentucky,United States,Active,"<a href=""http://countryboybrewing.com/"">Website</a>","<a href=""https://www.facebook.com/CountryBoyBrewing"">Facebook</a>","<a href=""https://www.instagram.com/CountryBoybrewing/"">Instagram</a>","<a href=""https://maps.google.com/?cid=7007349802683802072"">Google</a>","<a href=""https://www.yelp.com/biz/country-boy-brewing-lexington"">Yelp</a>","<a href=""https://www.tripadvisor.com/Attraction_Review-g39588-d2661465"">TripAdvisor</a>","<a href=""https://untappd.com/w/country-boy-brewing/23693"">Untappd</a>"
133,564,2023,Blackberry,Black Apple Hard Cider,Blackberry,🥇 Gold,Arkansas,United States,Active,"<a href=""https://www.blackapplehardcider.com/"">Website</a>","<a href=""https://www.facebook.com/blackapplecrossing/"">Facebook</a>","<a href=""https://www.instagram.com/blackapplehardcider/"">Instagram</a>","<a href=""https://maps.google.com/?cid=5449257929643515916"">Google</a>","<a href=""https://www.yelp.com/biz/black-apple-crossing-springdale"">Yelp</a>","<a href=""https://www.tripadvisor.com/Attraction_Review-g31931-d8814858"">TripAdvisor</a>","<a href=""https://untappd.com/w/black-apple-crossing/211057"">Untappd</a>"
152,565,2023,Blackberry,Bold Rock Hard Cider,Blackberry,🥈 Silver,North Carolina,United States,Active,"<a href=""https://boldrock.com/"">Website</a>","<a href=""https://www.facebook.com/BoldRockHardCider/"">Facebook</a>","<a href=""https://www.instagram.com/boldrockhardcider/"">Instagram</a>","<a href=""https://maps.google.com/?cid=10604087929796439877"">Google</a>","<a href=""https://www.yelp.com/biz/bold-rock-hard-cider-mills-river-mills-river"">Yelp</a>","<a href=""https://www.tripadvisor.com/Attraction_Review-g1552723-d8862147"">TripAdvisor</a>","<a href=""https://untappd.com/v/bold-rock-mills-river-cidery/3954545"">Untappd</a>"
196,566,2023,Blackberry,Ciderboys,Blackberry Wild,🥉 Bronze,Wisconsin,United States,Active,"<a href=""http://www.ciderboys.com/"">Website</a>","<a href=""https://www.facebook.com/Ciderboys"">Facebook</a>","<a href=""https://www.instagram.com/Ciderboys/"">Instagram</a>","<a href=""https://maps.google.com/?cid=1756122992587390562"">Google</a>","<a href=""https://www.yelp.com/biz/stevens-point-brewery-stevens-point"">Yelp</a>","<a href=""https://www.tripadvisor.com/Attraction_Review-g60304-d2265035"">TripAdvisor</a>","<a href=""https://untappd.com/w/ciderboys-hard-cider/44552"">Untappd</a>"
133,567,2023,Strawberry,Black Apple Hard Cider,Strawberry,🥇 Gold,Arkansas,United States,Active,"<a href=""https://www.blackapplehardcider.com/"">Website</a>","<a href=""https://www.facebook.com/blackapplecrossing/"">Facebook</a>","<a href=""https://www.instagram.com/blackapplehardcider/"">Instagram</a>","<a href=""https://maps.google.com/?cid=5449257929643515916"">Google</a>","<a href=""https://www.yelp.com/biz/black-apple-crossing-springdale"">Yelp</a>","<a href=""https://www.tripadvisor.com/Attraction_Review-g31931-d8814858"">TripAdvisor</a>","<a href=""https://untappd.com/w/black-apple-crossing/211057"">Untappd</a>"
196,568,2023,Strawberry,Ciderboys,Ciderboys Strawberry Magic,🥈 Silver,Wisconsin,United States,Active,"<a href=""http://www.ciderboys.com/"">Website</a>","<a href=""https://www.facebook.com/Ciderboys"">Facebook</a>","<a href=""https://www.instagram.com/Ciderboys/"">Instagram</a>","<a href=""https://maps.google.com/?cid=1756122992587390562"">Google</a>","<a href=""https://www.yelp.com/biz/stevens-point-brewery-stevens-point"">Yelp</a>","<a href=""https://www.tripadvisor.com/Attraction_Review-g60304-d2265035"">TripAdvisor</a>","<a href=""https://untappd.com/w/ciderboys-hard-cider/44552"">Untappd</a>"
294,569,2023,Strawberry,Glacial Till Vineyard & Winery,Strawberry Rhubarb,🥉 Bronze,Nebraska,United States,Active,"<a href=""http://www.glacialtillvineyard.com/"">Website</a>","<a href=""https://www.facebook.com/glacialtillvineyard"">Facebook</a>","<a href=""https://www.instagram.com/glacialtillvineyard/"">Instagram</a>","<a href=""https://maps.google.com/?cid=185099829414435279"">Google</a>","<a href=""https://www.yelp.com/biz/glacial-till-tasting-room-ashland"">Yelp</a>","<a href=""https://www.tripadvisor.com/Attraction_Review-g29709-d5832186"">TripAdvisor</a>","<a href=""https://untappd.com/w/glacial-till-vineyard-and-winery/223758"">Untappd</a>"
196,570,2023,Pineapple,Ciderboys,Ciderboys Pineapple Hula,🥇 Gold,Wisconsin,United States,Active,"<a href=""http://www.ciderboys.com/"">Website</a>","<a href=""https://www.facebook.com/Ciderboys"">Facebook</a>","<a href=""https://www.instagram.com/Ciderboys/"">Instagram</a>","<a href=""https://maps.google.com/?cid=1756122992587390562"">Google</a>","<a href=""https://www.yelp.com/biz/stevens-point-brewery-stevens-point"">Yelp</a>","<a href=""https://www.tripadvisor.com/Attraction_Review-g60304-d2265035"">TripAdvisor</a>","<a href=""https://untappd.com/w/ciderboys-hard-cider/44552"">Untappd</a>"
152,571,2023,Pineapple,Bold Rock Hard Cider,Pineapple,🥈 Silver,North Carolina,United States,Active,"<a href=""https://boldrock.com/"">Website</a>","<a href=""https://www.facebook.com/BoldRockHardCider/"">Facebook</a>","<a href=""https://www.instagram.com/boldrockhardcider/"">Instagram</a>","<a href=""https://maps.google.com/?cid=10604087929796439877"">Google</a>","<a href=""https://www.yelp.com/biz/bold-rock-hard-cider-mills-river-mills-river"">Yelp</a>","<a href=""https://www.tripadvisor.com/Attraction_Review-g1552723-d8862147"">TripAdvisor</a>","<a href=""https://untappd.com/v/bold-rock-mills-river-cidery/3954545"">Untappd</a>"
550,572,2023,Pineapple,Schilling Cider,Excelsior Imperial Pineapple,🥉 Bronze,Washington,United States,Active,"<a href=""https://schillingcider.com/"">Website</a>","<a href=""https://www.facebook.com/SchillingCider/"">Facebook</a>","<a href=""https://www.instagram.com/schillingcider/"">Instagram</a>","<a href=""https://maps.google.com/?cid=12281308087911884522"">Google</a>",,,"<a href=""https://untappd.com/w/schilling-cider/62413"">Untappd</a>"
345,573,2023,Cherry,Incline Cider Company,Incline Imperial Tart Cherry,🥇 Gold,Washington,United States,Active,"<a href=""http://www.inclinecider.com/"">Website</a>","<a href=""https://www.facebook.com/inclinecider/"">Facebook</a>","<a href=""https://www.instagram.com/inclinecider/"">Instagram</a>","<a href=""https://maps.google.com/?cid=504944612388443997"">Google</a>","<a href=""https://www.yelp.com/biz/incline-cider-house-tacoma"">Yelp</a>","<a href=""https://www.tripadvisor.com/Attraction_Review-g58775-d22266571"">TripAdvisor</a>","<a href=""https://untappd.com/w/incline-cider-company/249584"">Untappd</a>"
1055,574,2023,Cherry,Vala's Orchard Cider,Cherry Fizz,🥈 Silver,Nebraska,United States,Active,"<a href=""https://www.valasappleorchard.com/"">Website</a>","<a href=""https://www.facebook.com/ValasPumpkinPatch/"">Facebook</a>","<a href=""https://www.instagram.com/valaspumpkinpatch/"">Instagram</a>","<a href=""https://maps.google.com/?cid=15056510891597103165"">Google</a>","<a href=""https://www.yelp.com/biz/valas-pumpkin-patch-gretna"">Yelp</a>","<a href=""https://www.tripadvisor.com/Attraction_Review-g45597-d1932171"">TripAdvisor</a>","<a href=""https://untappd.com/w/vala-s-pumpkin-patch/478866"">Untappd</a>"
712,575,2023,Cherry,Five Maidens Cider Company,Valance,🥉 Bronze,Pennsylvania,United States,Active,"<a href=""https://5mcider.com/"">Website</a>","<a href=""https://www.facebook.com/5MCider/"">Facebook</a>","<a href=""https://www.instagram.com/5mcider/"">Instagram</a>","<a href=""https://maps.google.com/?cid=17669165397330541520"">Google</a>","<a href=""https://www.yelp.com/biz/five-maidens-cider-bethlehem"">Yelp</a>",,"<a href=""https://untappd.com/FiveMaidensCiderCo"">Untappd</a>"
345,576,2023,Peach,Incline Cider Company,White Peach,🥇 Gold,Washington,United States,Active,"<a href=""http://www.inclinecider.com/"">Website</a>","<a href=""https://www.facebook.com/inclinecider/"">Facebook</a>","<a href=""https://www.instagram.com/inclinecider/"">Instagram</a>","<a href=""https://maps.google.com/?cid=504944612388443997"">Google</a>","<a href=""https://www.yelp.com/biz/incline-cider-house-tacoma"">Yelp</a>","<a href=""https://www.tripadvisor.com/Attraction_Review-g58775-d22266571"">TripAdvisor</a>","<a href=""https://untappd.com/w/incline-cider-company/249584"">Untappd</a>"
3123,577,2023,Peach,Windmill Ridge Acres,Apple-Peach,🥇 Gold,Ontario,Canada,Active,"<a href=""https://www.windmillridge.ca/"">Website</a>","<a href=""https://www.facebook.com/windmillridgeacres/"">Facebook</a>","<a href=""https://www.instagram.com/windmillridgeacres/"">Instagram</a>","<a href=""https://maps.google.com/?cid=15963586865573618177"">Google</a>",,,"<a href=""https://untappd.com/w/windmill-ridge-craft-brew/539150"">Untappd</a>"
93,578,2023,Peach,Apple Valley Cider Company,Peach,🥈 Silver,Colorado,United States,Active,"<a href=""http://www.applevalleycider.com/"">Website</a>","<a href=""https://www.facebook.com/applevalleycider/"">Facebook</a>","<a href=""https://www.instagram.com/applevalleyciderco/"">Instagram</a>","<a href=""https://maps.google.com/?cid=8798456079688966999"">Google</a>",,,"<a href=""https://untappd.com/w/apple-valley-cider-company/382129"">Untappd</a>"
2181,579,2023,Peach,Ponderosa Cider Co.,Peach Ginger,🥉 Bronze,California,United States,Active,"<a href=""https://www.ponderosacider.com/"">Website</a>","<a href=""https://www.facebook.com/Ponderosacider/"">Facebook</a>","<a href=""https://www.instagram.com/ponderosacider/"">Instagram</a>","<a href=""https://maps.google.com/?cid=8393289263225208220"">Google</a>","<a href=""https://www.yelp.com/biz/ponderosa-cider-auburn"">Yelp</a>",,"<a href=""https://untappd.com/PonderosaCiderCo"">Untappd</a>"
3116,580,2023,Cranberry,Cherry Street Brewing,Cranberry Star,🥇 Gold,Georgia,United States,Active,"<a href=""https://cherrystreetbrewing.com/"">Website</a>","<a href=""https://www.facebook.com/cherrystreetbrewing/"">Facebook</a>","<a href=""https://www.instagram.com/cherrystreetbrewing/"">Instagram</a>","<a href=""https://maps.google.com/?cid=16068754441412803212"">Google</a>","<a href=""https://www.yelp.com/biz/cherry-street-brewing-cooperative-cumming"">Yelp</a>","<a href=""https://www.tripadvisor.com/Attraction_Review-g34877-d10428081"">TripAdvisor</a>","<a href=""https://untappd.com/CherryStreetBrewing"">Untappd</a>"
462,581,2023,Cranberry,One Tree Hard Cider,One Tree Hard Cider Cranberry,🥈 Silver,Washington,United States,Active,"<a href=""http://www.onetreehardcider.com/"">Website</a>","<a href=""https://www.facebook.com/OneTreeHardCider"">Facebook</a>","<a href=""https://www.instagram.com/onetreecider"">Instagram</a>","<a href=""https://maps.google.com/?cid=3782079883535213089"">Google</a>","<a href=""https://www.yelp.com/biz/one-tree-hard-cider-spokane-valley"">Yelp</a>","<a href=""https://www.tripadvisor.com/Restaurant_Review-g58759-d12802835"">TripAdvisor</a>","<a href=""https://untappd.com/w/one-tree-hard-cider/141397"">Untappd</a>"
196,582,2023,Cranberry,Ciderboys,Ciderboys Cranberry Razz,🥉 Bronze,Wisconsin,United States,Active,"<a href=""http://www.ciderboys.com/"">Website</a>","<a href=""https://www.facebook.com/Ciderboys"">Facebook</a>","<a href=""https://www.instagram.com/Ciderboys/"">Instagram</a>","<a href=""https://maps.google.com/?cid=1756122992587390562"">Google</a>","<a href=""https://www.yelp.com/biz/stevens-point-brewery-stevens-point"">Yelp</a>","<a href=""https://www.tripadvisor.com/Attraction_Review-g60304-d2265035"">TripAdvisor</a>","<a href=""https://untappd.com/w/ciderboys-hard-cider/44552"">Untappd</a>"
841,583,2023,Cranberry,Thornbury Craft Co.,Thornbury Cranberry Apple Cider,🥉 Bronze,Ontario,Canada,Active,"<a href=""https://thornburycraft.com/"">Website</a>","<a href=""https://www.facebook.com/thornburycraft"">Facebook</a>","<a href=""https://www.instagram.com/thornburycraft/"">Instagram</a>","<a href=""https://maps.google.com/?cid=17950053116977107226"">Google</a>","<a href=""https://www.yelp.com/biz/thornbury-village-cider-house-the-blue-mountains"">Yelp</a>","<a href=""https://www.tripadvisor.com/Attraction_Review-g676258-d12453165"">TripAdvisor</a>","<a href=""https://untappd.com/w/thornbury-village-cidery-and-brewery/10936"">Untappd</a>"
841,584,2023,Fruit and Berry,Thornbury Craft Co.,Thornbury Wild Blueberry Elderflower Apple Cider,🥇 Gold,Ontario,Canada,Active,"<a href=""https://thornburycraft.com/"">Website</a>","<a href=""https://www.facebook.com/thornburycraft"">Facebook</a>","<a href=""https://www.instagram.com/thornburycraft/"">Instagram</a>","<a href=""https://maps.google.com/?cid=17950053116977107226"">Google</a>","<a href=""https://www.yelp.com/biz/thornbury-village-cider-house-the-blue-mountains"">Yelp</a>","<a href=""https://www.tripadvisor.com/Attraction_Review-g676258-d12453165"">TripAdvisor</a>","<a href=""https://untappd.com/w/thornbury-village-cidery-and-brewery/10936"">Untappd</a>"
664,585,2023,Fruit and Berry,Vermont Cider Company,Wyders Raspberry,🥈 Silver,Vermont,United States,Active,"<a href=""http://www.woodchuck.com/"">Website</a>","<a href=""https://www.facebook.com/WoodchuckCider"">Facebook</a>","<a href=""https://www.instagram.com/woodchuckcider/"">Instagram</a>","<a href=""https://maps.google.com/?cid=9402882086420367798"">Google</a>","<a href=""https://www.yelp.com/biz/woodchuck-hard-cidery-middlebury"">Yelp</a>","<a href=""https://www.tripadvisor.com/Attraction_Review-g57245-d7022345"">TripAdvisor</a>","<a href=""https://untappd.com/w/woodchuck-cidery/611"">Untappd</a>"
408,586,2023,Fruit and Berry,FX Matt Brewing,McKenzie's Blueberry Blast,🥈 Silver,New York,United States,Active,"<a href=""https://www.mckbev.com/"">Website</a>","<a href=""https://www.facebook.com/McKenziesHardCider/"">Facebook</a>","<a href=""https://www.instagram.com/mckenzieshardcider/"">Instagram</a>","<a href=""https://maps.google.com/?cid=16812627050434550372"">Google</a>","<a href=""https://www.yelp.com/biz/f-x-matt-brewing-utica"">Yelp</a>","<a href=""https://www.tripadvisor.com/Attraction_Review-g48759-d534580"">TripAdvisor</a>","<a href=""https://untappd.com/w/mckenzies-hard-cider/10931"">Untappd</a>"
462,587,2023,Fruit and Berry,One Tree Hard Cider,One Tree Hard Cider Huckleberry,🥉 Bronze,Washington,United States,Active,"<a href=""http://www.onetreehardcider.com/"">Website</a>","<a href=""https://www.facebook.com/OneTreeHardCider"">Facebook</a>","<a href=""https://www.instagram.com/onetreecider"">Instagram</a>","<a href=""https://maps.google.com/?cid=3782079883535213089"">Google</a>","<a href=""https://www.yelp.com/biz/one-tree-hard-cider-spokane-valley"">Yelp</a>","<a href=""https://www.tripadvisor.com/Restaurant_Review-g58759-d12802835"">TripAdvisor</a>","<a href=""https://untappd.com/w/one-tree-hard-cider/141397"">Untappd</a>"
294,588,2023,Applewine / Ice Cider,Glacial Till Vineyard & Winery,Ice Cider,🥇 Gold,Nebraska,United States,Active,"<a href=""http://www.glacialtillvineyard.com/"">Website</a>","<a href=""https://www.facebook.com/glacialtillvineyard"">Facebook</a>","<a href=""https://www.instagram.com/glacialtillvineyard/"">Instagram</a>","<a href=""https://maps.google.com/?cid=185099829414435279"">Google</a>","<a href=""https://www.yelp.com/biz/glacial-till-tasting-room-ashland"">Yelp</a>","<a href=""https://www.tripadvisor.com/Attraction_Review-g29709-d5832186"">TripAdvisor</a>","<a href=""https://untappd.com/w/glacial-till-vineyard-and-winery/223758"">Untappd</a>"
10,589,2023,Applewine / Ice Cider,Blake's Hard Cider Co.,Amshire,🥈 Silver,Michigan,United States,Active,"<a href=""http://www.blakeshardcider.com/"">Website</a>","<a href=""https://www.facebook.com/blakeshardciderco"">Facebook</a>","<a href=""https://www.instagram.com/blakeshardciderco/"">Instagram</a>","<a href=""https://maps.google.com/?cid=15855146673119620480"">Google</a>","<a href=""https://www.yelp.com/biz/blakes-ciderhouse-and-winery-armada"">Yelp</a>","<a href=""https://www.tripadvisor.com/Attraction_Review-g29560-d6678501"">TripAdvisor</a>","<a href=""https://untappd.com/w/blakes-hard-cider-company/86334"">Untappd</a>"
152,590,2023,Applewine / Ice Cider,Bold Rock Hard Cider,Imperial Cider,🥉 Bronze,North Carolina,United States,Active,"<a href=""https://boldrock.com/"">Website</a>","<a href=""https://www.facebook.com/BoldRockHardCider/"">Facebook</a>","<a href=""https://www.instagram.com/boldrockhardcider/"">Instagram</a>","<a href=""https://maps.google.com/?cid=10604087929796439877"">Google</a>","<a href=""https://www.yelp.com/biz/bold-rock-hard-cider-mills-river-mills-river"">Yelp</a>","<a href=""https://www.tripadvisor.com/Attraction_Review-g1552723-d8862147"">TripAdvisor</a>","<a href=""https://untappd.com/v/bold-rock-mills-river-cidery/3954545"">Untappd</a>"
3121,591,2023,Herbal,Missing Falls Brewery,How Bout Dem Apples: Akron Palmer,🥇 Gold,Ohio,United States,Active,"<a href=""https://www.missingfalls.com/"">Website</a>","<a href=""https://www.facebook.com/MissingFallsBrewery/"">Facebook</a>","<a href=""https://www.instagram.com/missingfallsbrewery/"">Instagram</a>","<a href=""https://maps.google.com/?cid=16469758948621365687"">Google</a>","<a href=""https://www.yelp.com/biz/missing-falls-brewery-akron"">Yelp</a>","<a href=""https://www.tripadvisor.com/Restaurant_Review-g29912-d23413493"">TripAdvisor</a>","<a href=""https://untappd.com/MissingFalls"">Untappd</a>"
1074,592,2023,Herbal,Papa Moon Vineyards & Winery,Honey Lavender,🥈 Silver,Nebraska,United States,Active,"<a href=""https://www.papamoonvineyards.com/"">Website</a>","<a href=""https://www.facebook.com/Papamoonwines"">Facebook</a>","<a href=""https://www.instagram.com/papamoonciders/"">Instagram</a>","<a href=""https://maps.google.com/?cid=16564507604611639866"">Google</a>","<a href=""https://www.yelp.com/biz/papa-moon-vineyards-and-winery-scottsbluff"">Yelp</a>",,"<a href=""https://untappd.com/w/papa-moon-vineyards-winery-and-cider-house/472128"">Untappd</a>"
545,593,2023,Herbal,Sapsucker Farms Yellow Belly Cidery,Yellow Belly Wildflower Cider,🥉 Bronze,Minnesota,United States,Active,"<a href=""https://www.sapsuckerfarms.com/"">Website</a>","<a href=""https://www.facebook.com/YellowBellyCider/"">Facebook</a>","<a href=""https://www.instagram.com/sapsuckerfarms/"">Instagram</a>","<a href=""https://maps.google.com/?cid=10529182272851607589"">Google</a>","<a href=""https://www.yelp.com/biz/sapsucker-farms-yellow-belly-cidery-mora"">Yelp</a>","<a href=""https://www.tripadvisor.com/Attraction_Review-g43337-d15594799"">TripAdvisor</a>","<a href=""https://untappd.com/w/sapsucker-farms/187535"">Untappd</a>"
712,594,2023,Hopped,Five Maidens Cider Company,Charlie!!! Goes to Idaho,🥇 Gold,Pennsylvania,United States,Active,"<a href=""https://5mcider.com/"">Website</a>","<a href=""https://www.facebook.com/5MCider/"">Facebook</a>","<a href=""https://www.instagram.com/5mcider/"">Instagram</a>","<a href=""https://maps.google.com/?cid=17669165397330541520"">Google</a>","<a href=""https://www.yelp.com/biz/five-maidens-cider-bethlehem"">Yelp</a>",,"<a href=""https://untappd.com/FiveMaidensCiderCo"">Untappd</a>"
650,595,2023,Hopped,Tumbling Creek Cider Company,Hellbender Hopped,🥈 Silver,Virginia,United States,Active,"<a href=""https://tumblingcreekcider.com/"">Website</a>","<a href=""https://www.facebook.com/TumblingCreekCider"">Facebook</a>","<a href=""https://www.instagram.com/tumblingcreekcider/"">Instagram</a>","<a href=""https://maps.google.com/?cid=8196003782694988545"">Google</a>",,,"<a href=""https://untappd.com/w/tumbling-creek-cider-company/447864"">Untappd</a>"
712,596,2023,Hopped,Five Maidens Cider Company,Charlie!!!,🥉 Bronze,Pennsylvania,United States,Active,"<a href=""https://5mcider.com/"">Website</a>","<a href=""https://www.facebook.com/5MCider/"">Facebook</a>","<a href=""https://www.instagram.com/5mcider/"">Instagram</a>","<a href=""https://maps.google.com/?cid=17669165397330541520"">Google</a>","<a href=""https://www.yelp.com/biz/five-maidens-cider-bethlehem"">Yelp</a>",,"<a href=""https://untappd.com/FiveMaidensCiderCo"">Untappd</a>"
782,597,2023,Hopped,Duxbury Cider Company,Tilted Barn Hopped,🥉 Bronze,Ontario,Canada,Active,"<a href=""https://www.theduxburyciderco.ca/"">Website</a>","<a href=""https://www.facebook.com/DuxburyCider/"">Facebook</a>","<a href=""https://www.instagram.com/duxburycider/"">Instagram</a>","<a href=""https://maps.google.com/?cid=18178962492954171012"">Google</a>",,,"<a href=""https://untappd.com/w/duxbury-cider-company/87748"">Untappd</a>"
915,598,2023,Apple Pie Spiced,Cider Corps,American Apple Pie,🥇 Gold,Arizona,United States,Active,"<a href=""https://cidercorpsaz.com/"">Website</a>","<a href=""https://www.facebook.com/cidercorps/"">Facebook</a>","<a href=""https://www.instagram.com/cidercorps/"">Instagram</a>","<a href=""https://maps.google.com/?cid=9593182908980696987"">Google</a>","<a href=""https://www.yelp.com/biz/cider-corps-mesa-5"">Yelp</a>","<a href=""https://www.tripadvisor.com/Attraction_Review-g31281-d13003044"">TripAdvisor</a>","<a href=""https://untappd.com/CiderCorps"">Untappd</a>"
550,599,2023,Apple Pie Spiced,Schilling Cider,Excelsior Imperial Apple Pie,🥈 Silver,Washington,United States,Active,"<a href=""https://schillingcider.com/"">Website</a>","<a href=""https://www.facebook.com/SchillingCider/"">Facebook</a>","<a href=""https://www.instagram.com/schillingcider/"">Instagram</a>","<a href=""https://maps.google.com/?cid=12281308087911884522"">Google</a>",,,"<a href=""https://untappd.com/w/schilling-cider/62413"">Untappd</a>"
10,600,2023,Apple Pie Spiced,Blake's Hard Cider Co.,Apple Pie,🥉 Bronze,Michigan,United States,Active,"<a href=""http://www.blakeshardcider.com/"">Website</a>","<a href=""https://www.facebook.com/blakeshardciderco"">Facebook</a>","<a href=""https://www.instagram.com/blakeshardciderco/"">Instagram</a>","<a href=""https://maps.google.com/?cid=15855146673119620480"">Google</a>","<a href=""https://www.yelp.com/biz/blakes-ciderhouse-and-winery-armada"">Yelp</a>","<a href=""https://www.tripadvisor.com/Attraction_Review-g29560-d6678501"">TripAdvisor</a>","<a href=""https://untappd.com/w/blakes-hard-cider-company/86334"">Untappd</a>"
408,601,2023,Spiced,FX Matt Brewing,McKenzie's Pumpkin Jack,🥇 Gold,New York,United States,Active,"<a href=""https://www.mckbev.com/"">Website</a>","<a href=""https://www.facebook.com/McKenziesHardCider/"">Facebook</a>","<a href=""https://www.instagram.com/mckenzieshardcider/"">Instagram</a>","<a href=""https://maps.google.com/?cid=16812627050434550372"">Google</a>","<a href=""https://www.yelp.com/biz/f-x-matt-brewing-utica"">Yelp</a>","<a href=""https://www.tripadvisor.com/Attraction_Review-g48759-d534580"">TripAdvisor</a>","<a href=""https://untappd.com/w/mckenzies-hard-cider/10931"">Untappd</a>"
196,602,2023,Spiced,Ciderboys,Caramel Apple,🥈 Silver,Wisconsin,United States,Active,"<a href=""http://www.ciderboys.com/"">Website</a>","<a href=""https://www.facebook.com/Ciderboys"">Facebook</a>","<a href=""https://www.instagram.com/Ciderboys/"">Instagram</a>","<a href=""https://maps.google.com/?cid=1756122992587390562"">Google</a>","<a href=""https://www.yelp.com/biz/stevens-point-brewery-stevens-point"">Yelp</a>","<a href=""https://www.tripadvisor.com/Attraction_Review-g60304-d2265035"">TripAdvisor</a>","<a href=""https://untappd.com/w/ciderboys-hard-cider/44552"">Untappd</a>"
294,603,2023,Spiced,Glacial Till Vineyard & Winery,Apple Cider Donut,🥉 Bronze,Nebraska,United States,Active,"<a href=""http://www.glacialtillvineyard.com/"">Website</a>","<a href=""https://www.facebook.com/glacialtillvineyard"">Facebook</a>","<a href=""https://www.instagram.com/glacialtillvineyard/"">Instagram</a>","<a href=""https://maps.google.com/?cid=185099829414435279"">Google</a>","<a href=""https://www.yelp.com/biz/glacial-till-tasting-room-ashland"">Yelp</a>","<a href=""https://www.tripadvisor.com/Attraction_Review-g29709-d5832186"">TripAdvisor</a>","<a href=""https://untappd.com/w/glacial-till-vineyard-and-winery/223758"">Untappd</a>"
124,604,2023,Wood-Aged,Bent Ladder,Black Gold,🥇 Gold,Ohio,United States,Active,"<a href=""http://bentladder.com/"">Website</a>","<a href=""https://www.facebook.com/bentladder"">Facebook</a>","<a href=""https://www.instagram.com/bentladder/"">Instagram</a>","<a href=""https://maps.google.com/?cid=5886580381731979881"">Google</a>","<a href=""https://www.yelp.com/biz/rittman-orchard-rittman"">Yelp</a>","<a href=""https://www.tripadvisor.com/Attraction_Review-g50283-d1977165"">TripAdvisor</a>","<a href=""https://untappd.com/w/bent-ladder/295757"">Untappd</a>"
3121,605,2023,Wood-Aged,Missing Falls Brewery,Apple Brandy Barrel Aged How Bout Dem Apples,🥈 Silver,Ohio,United States,Active,"<a href=""https://www.missingfalls.com/"">Website</a>","<a href=""https://www.facebook.com/MissingFallsBrewery/"">Facebook</a>","<a href=""https://www.instagram.com/missingfallsbrewery/"">Instagram</a>","<a href=""https://maps.google.com/?cid=16469758948621365687"">Google</a>","<a href=""https://www.yelp.com/biz/missing-falls-brewery-akron"">Yelp</a>","<a href=""https://www.tripadvisor.com/Restaurant_Review-g29912-d23413493"">TripAdvisor</a>","<a href=""https://untappd.com/MissingFalls"">Untappd</a>"
712,606,2023,Wood-Aged,Five Maidens Cider Company,The Bung is Too Big,🥉 Bronze,Pennsylvania,United States,Active,"<a href=""https://5mcider.com/"">Website</a>","<a href=""https://www.facebook.com/5MCider/"">Facebook</a>","<a href=""https://www.instagram.com/5mcider/"">Instagram</a>","<a href=""https://maps.google.com/?cid=17669165397330541520"">Google</a>","<a href=""https://www.yelp.com/biz/five-maidens-cider-bethlehem"">Yelp</a>",,"<a href=""https://untappd.com/FiveMaidensCiderCo"">Untappd</a>"
545,607,2023,Specialty,Sapsucker Farms Yellow Belly Cidery,Yellow Belly Maple Bourbon Cider,🥇 Gold,Minnesota,United States,Active,"<a href=""https://www.sapsuckerfarms.com/"">Website</a>","<a href=""https://www.facebook.com/YellowBellyCider/"">Facebook</a>","<a href=""https://www.instagram.com/sapsuckerfarms/"">Instagram</a>","<a href=""https://maps.google.com/?cid=10529182272851607589"">Google</a>","<a href=""https://www.yelp.com/biz/sapsucker-farms-yellow-belly-cidery-mora"">Yelp</a>","<a href=""https://www.tripadvisor.com/Attraction_Review-g43337-d15594799"">TripAdvisor</a>","<a href=""https://untappd.com/w/sapsucker-farms/187535"">Untappd</a>"
294,608,2023,Specialty,Glacial Till Vineyard & Winery,Caramel Apple,🥈 Silver,Nebraska,United States,Active,"<a href=""http://www.glacialtillvineyard.com/"">Website</a>","<a href=""https://www.facebook.com/glacialtillvineyard"">Facebook</a>","<a href=""https://www.instagram.com/glacialtillvineyard/"">Instagram</a>","<a href=""https://maps.google.com/?cid=185099829414435279"">Google</a>","<a href=""https://www.yelp.com/biz/glacial-till-tasting-room-ashland"">Yelp</a>","<a href=""https://www.tripadvisor.com/Attraction_Review-g29709-d5832186"">TripAdvisor</a>","<a href=""https://untappd.com/w/glacial-till-vineyard-and-winery/223758"">Untappd</a>"
10,609,2023,Specialty,Blake's Hard Cider Co.,Caramel Apple,🥉 Bronze,Michigan,United States,Active,"<a href=""http://www.blakeshardcider.com/"">Website</a>","<a href=""https://www.facebook.com/blakeshardciderco"">Facebook</a>","<a href=""https://www.instagram.com/blakeshardciderco/"">Instagram</a>","<a href=""https://maps.google.com/?cid=15855146673119620480"">Google</a>","<a href=""https://www.yelp.com/biz/blakes-ciderhouse-and-winery-armada"">Yelp</a>","<a href=""https://www.tripadvisor.com/Attraction_Review-g29560-d6678501"">TripAdvisor</a>","<a href=""https://untappd.com/w/blakes-hard-cider-company/86334"">Untappd</a>"
220,610,2023,Anything Goes,Country Boy Brewing,Cherry Pie Cider,🥇 Gold,Kentucky,United States,Active,"<a href=""http://countryboybrewing.com/"">Website</a>","<a href=""https://www.facebook.com/CountryBoyBrewing"">Facebook</a>","<a href=""https://www.instagram.com/CountryBoybrewing/"">Instagram</a>","<a href=""https://maps.google.com/?cid=7007349802683802072"">Google</a>","<a href=""https://www.yelp.com/biz/country-boy-brewing-lexington"">Yelp</a>","<a href=""https://www.tripadvisor.com/Attraction_Review-g39588-d2661465"">TripAdvisor</a>","<a href=""https://untappd.com/w/country-boy-brewing/23693"">Untappd</a>"
220,611,2023,Anything Goes,Country Boy Brewing,Orange Cream Cider,🥈 Silver,Kentucky,United States,Active,"<a href=""http://countryboybrewing.com/"">Website</a>","<a href=""https://www.facebook.com/CountryBoyBrewing"">Facebook</a>","<a href=""https://www.instagram.com/CountryBoybrewing/"">Instagram</a>","<a href=""https://maps.google.com/?cid=7007349802683802072"">Google</a>","<a href=""https://www.yelp.com/biz/country-boy-brewing-lexington"">Yelp</a>","<a href=""https://www.tripadvisor.com/Attraction_Review-g39588-d2661465"">TripAdvisor</a>","<a href=""https://untappd.com/w/country-boy-brewing/23693"">Untappd</a>"
345,612,2023,Anything Goes,Incline Cider Company,Incline Jalapeno Cucumber,🥉 Bronze,Washington,United States,Active,"<a href=""http://www.inclinecider.com/"">Website</a>","<a href=""https://www.facebook.com/inclinecider/"">Facebook</a>","<a href=""https://www.instagram.com/inclinecider/"">Instagram</a>","<a href=""https://maps.google.com/?cid=504944612388443997"">Google</a>","<a href=""https://www.yelp.com/biz/incline-cider-house-tacoma"">Yelp</a>","<a href=""https://www.tripadvisor.com/Attraction_Review-g58775-d22266571"">TripAdvisor</a>","<a href=""https://untappd.com/w/incline-cider-company/249584"">Untappd</a>"
782,613,2023,Anything Goes,Duxbury Cider Company,Dukes Limelight,🥉 Bronze,Ontario,Canada,Active,"<a href=""https://www.theduxburyciderco.ca/"">Website</a>","<a href=""https://www.facebook.com/DuxburyCider/"">Facebook</a>","<a href=""https://www.instagram.com/duxburycider/"">Instagram</a>","<a href=""https://maps.google.com/?cid=18178962492954171012"">Google</a>",,,"<a href=""https://untappd.com/w/duxbury-cider-company/87748"">Untappd</a>"
664,614,2023,Single Varietal,Vermont Cider Company,Granny Smith,🥇 Gold,Vermont,United States,Active,"<a href=""http://www.woodchuck.com/"">Website</a>","<a href=""https://www.facebook.com/WoodchuckCider"">Facebook</a>","<a href=""https://www.instagram.com/woodchuckcider/"">Instagram</a>","<a href=""https://maps.google.com/?cid=9402882086420367798"">Google</a>","<a href=""https://www.yelp.com/biz/woodchuck-hard-cidery-middlebury"">Yelp</a>","<a href=""https://www.tripadvisor.com/Attraction_Review-g57245-d7022345"">TripAdvisor</a>","<a href=""https://untappd.com/w/woodchuck-cidery/611"">Untappd</a>"
841,615,2023,Single Varietal,Thornbury Craft Co.,Thornbury Honeycrisp Apple Cider,🥇 Gold,Ontario,Canada,Active,"<a href=""https://thornburycraft.com/"">Website</a>","<a href=""https://www.facebook.com/thornburycraft"">Facebook</a>","<a href=""https://www.instagram.com/thornburycraft/"">Instagram</a>","<a href=""https://maps.google.com/?cid=17950053116977107226"">Google</a>","<a href=""https://www.yelp.com/biz/thornbury-village-cider-house-the-blue-mountains"">Yelp</a>","<a href=""https://www.tripadvisor.com/Attraction_Review-g676258-d12453165"">TripAdvisor</a>","<a href=""https://untappd.com/w/thornbury-village-cidery-and-brewery/10936"">Untappd</a>"
1055,616,2023,Single Varietal,Vala's Orchard Cider,Harvest Honeycrisp,🥈 Silver,Nebraska,United States,Active,"<a href=""https://www.valasappleorchard.com/"">Website</a>","<a href=""https://www.facebook.com/ValasPumpkinPatch/"">Facebook</a>","<a href=""https://www.instagram.com/valaspumpkinpatch/"">Instagram</a>","<a href=""https://maps.google.com/?cid=15056510891597103165"">Google</a>","<a href=""https://www.yelp.com/biz/valas-pumpkin-patch-gretna"">Yelp</a>","<a href=""https://www.tripadvisor.com/Attraction_Review-g45597-d1932171"">TripAdvisor</a>","<a href=""https://untappd.com/w/vala-s-pumpkin-patch/478866"">Untappd</a>"
432,617,2023,Single Varietal,Mountain West Cider Company,Johnny Gold,🥉 Bronze,Utah,United States,Active,"<a href=""http://mountainwestcider.com/"">Website</a>","<a href=""https://www.facebook.com/MountainWestHardCider/"">Facebook</a>","<a href=""https://www.instagram.com/mountainwestcider/"">Instagram</a>","<a href=""https://maps.google.com/?cid=16538924633378887108"">Google</a>","<a href=""https://www.yelp.com/biz/mountain-west-cider-salt-lake-city"">Yelp</a>",,"<a href=""https://untappd.com/w/mountain-west-hard-cider/235312"">Untappd</a>"
698,618,2023,Rosé,Wölffer Estate Vineyard,Wölffer No. 139 Dry Rosé Cider,🥇 Gold,New York,United States,Active,"<a href=""http://www.wolffer.com/"">Website</a>",,,"<a href=""https://maps.google.com/?cid=10690409208604454007"">Google</a>","<a href=""https://www.yelp.com/biz/wolffer-estate-vineyard-sagaponack"">Yelp</a>","<a href=""https://www.tripadvisor.com/Attraction_Review-g48542-d593572"">TripAdvisor</a>","<a href=""https://untappd.com/w/wolffer-estate-vineyard/79243"">Untappd</a>"
841,619,2023,Rosé,Thornbury Craft Co.,Thornbury Rosé Cider,🥈 Silver,Ontario,Canada,Active,"<a href=""https://thornburycraft.com/"">Website</a>","<a href=""https://www.facebook.com/thornburycraft"">Facebook</a>","<a href=""https://www.instagram.com/thornburycraft/"">Instagram</a>","<a href=""https://maps.google.com/?cid=17950053116977107226"">Google</a>","<a href=""https://www.yelp.com/biz/thornbury-village-cider-house-the-blue-mountains"">Yelp</a>","<a href=""https://www.tripadvisor.com/Attraction_Review-g676258-d12453165"">TripAdvisor</a>","<a href=""https://untappd.com/w/thornbury-village-cidery-and-brewery/10936"">Untappd</a>"
133,620,2023,Rosé,Black Apple Hard Cider,Hibiscus,🥉 Bronze,Arkansas,United States,Active,"<a href=""https://www.blackapplehardcider.com/"">Website</a>","<a href=""https://www.facebook.com/blackapplecrossing/"">Facebook</a>","<a href=""https://www.instagram.com/blackapplehardcider/"">Instagram</a>","<a href=""https://maps.google.com/?cid=5449257929643515916"">Google</a>","<a href=""https://www.yelp.com/biz/black-apple-crossing-springdale"">Yelp</a>","<a href=""https://www.tripadvisor.com/Attraction_Review-g31931-d8814858"">TripAdvisor</a>","<a href=""https://untappd.com/w/black-apple-crossing/211057"">Untappd</a>"
698,621,2023,Brut,Wölffer Estate Vineyard,Wölffer No. 139 Brut Cuvée Cider,🥇 Gold,New York,United States,Active,"<a href=""http://www.wolffer.com/"">Website</a>",,,"<a href=""https://maps.google.com/?cid=10690409208604454007"">Google</a>","<a href=""https://www.yelp.com/biz/wolffer-estate-vineyard-sagaponack"">Yelp</a>","<a href=""https://www.tripadvisor.com/Attraction_Review-g48542-d593572"">TripAdvisor</a>","<a href=""https://untappd.com/w/wolffer-estate-vineyard/79243"">Untappd</a>"
133,622,2023,Brut,Black Apple Hard Cider,Dry Me!,🥈 Silver,Arkansas,United States,Active,"<a href=""https://www.blackapplehardcider.com/"">Website</a>","<a href=""https://www.facebook.com/blackapplecrossing/"">Facebook</a>","<a href=""https://www.instagram.com/blackapplehardcider/"">Instagram</a>","<a href=""https://maps.google.com/?cid=5449257929643515916"">Google</a>","<a href=""https://www.yelp.com/biz/black-apple-crossing-springdale"">Yelp</a>","<a href=""https://www.tripadvisor.com/Attraction_Review-g31931-d8814858"">TripAdvisor</a>","<a href=""https://untappd.com/w/black-apple-crossing/211057"">Untappd</a>"
915,623,2023,Sangria,Cider Corps,Sangin Sangria,🥇 Gold,Arizona,United States,Active,"<a href=""https://cidercorpsaz.com/"">Website</a>","<a href=""https://www.facebook.com/cidercorps/"">Facebook</a>","<a href=""https://www.instagram.com/cidercorps/"">Instagram</a>","<a href=""https://maps.google.com/?cid=9593182908980696987"">Google</a>","<a href=""https://www.yelp.com/biz/cider-corps-mesa-5"">Yelp</a>","<a href=""https://www.tripadvisor.com/Attraction_Review-g31281-d13003044"">TripAdvisor</a>","<a href=""https://untappd.com/CiderCorps"">Untappd</a>"
222,624,2023,Sangria,Coyote Hole Craft Beverages,Good Old Sangria,🥇 Gold,Virginia,United States,Active,"<a href=""http://www.coyotehole.com/"">Website</a>","<a href=""https://www.facebook.com/CoyoteHole/"">Facebook</a>","<a href=""https://www.instagram.com/CoyoteHole/"">Instagram</a>","<a href=""https://maps.google.com/?cid=3893841626353972834"">Google</a>","<a href=""https://www.yelp.com/biz/coyote-hole-ciderworks-mineral"">Yelp</a>","<a href=""https://www.tripadvisor.com/Attraction_Review-g57973-d12510904"">TripAdvisor</a>","<a href=""https://untappd.com/w/coyote-hole-ciderworks/327669"">Untappd</a>"
222,625,2023,Sangria,Coyote Hole Craft Beverages,Sister Sangria,🥈 Silver,Virginia,United States,Active,"<a href=""http://www.coyotehole.com/"">Website</a>","<a href=""https://www.facebook.com/CoyoteHole/"">Facebook</a>","<a href=""https://www.instagram.com/CoyoteHole/"">Instagram</a>","<a href=""https://maps.google.com/?cid=3893841626353972834"">Google</a>","<a href=""https://www.yelp.com/biz/coyote-hole-ciderworks-mineral"">Yelp</a>","<a href=""https://www.tripadvisor.com/Attraction_Review-g57973-d12510904"">TripAdvisor</a>","<a href=""https://untappd.com/w/coyote-hole-ciderworks/327669"">Untappd</a>"
93,626,2024,Modern Cider – Sweet,Apple Valley Cider Company,Semi-Sweet,🥇 Gold,Colorado,United States,Active,"<a href=""http://www.applevalleycider.com/"">Website</a>","<a href=""https://www.facebook.com/applevalleycider/"">Facebook</a>","<a href=""https://www.instagram.com/applevalleyciderco/"">Instagram</a>","<a href=""https://maps.google.com/?cid=8798456079688966999"">Google</a>",,,"<a href=""https://untappd.com/w/apple-valley-cider-company/382129"">Untappd</a>"
97,627,2024,Modern Cider – Sweet,Arsenal Cider House,Grime’s,🥈 Silver,Pennsylvania,United States,Active,"<a href=""https://www.arsenalciderhouse.com/lawrenceville/"">Website</a>","<a href=""https://www.facebook.com/ArsenalCider"">Facebook</a>","<a href=""https://www.instagram.com/arsenalcider/"">Instagram</a>","<a href=""https://maps.google.com/?cid=3302243150360255083"">Google</a>","<a href=""https://www.yelp.com/biz/arsenal-cider-house-and-wine-cellar-pittsburgh"">Yelp</a>","<a href=""https://www.tripadvisor.com/Attraction_Review-g53449-d4558019"">TripAdvisor</a>","<a href=""https://untappd.com/w/arsenal-cider-house/12282"">Untappd</a>"
408,628,2024,Modern Cider – Sweet,FX Matt Brewing,McKenzie’s Original,🥉 Bronze,New York,United States,Active,"<a href=""https://www.mckbev.com/"">Website</a>","<a href=""https://www.facebook.com/McKenziesHardCider/"">Facebook</a>","<a href=""https://www.instagram.com/mckenzieshardcider/"">Instagram</a>","<a href=""https://maps.google.com/?cid=16812627050434550372"">Google</a>","<a href=""https://www.yelp.com/biz/f-x-matt-brewing-utica"">Yelp</a>","<a href=""https://www.tripadvisor.com/Attraction_Review-g48759-d534580"">TripAdvisor</a>","<a href=""https://untappd.com/w/mckenzies-hard-cider/10931"">Untappd</a>"
841,629,2024,Modern Cider – Dry,Thornbury Craft Co.,Road Apples Cider,🥇 Gold,Ontario,Canada,Active,"<a href=""https://thornburycraft.com/"">Website</a>","<a href=""https://www.facebook.com/thornburycraft"">Facebook</a>","<a href=""https://www.instagram.com/thornburycraft/"">Instagram</a>","<a href=""https://maps.google.com/?cid=17950053116977107226"">Google</a>","<a href=""https://www.yelp.com/biz/thornbury-village-cider-house-the-blue-mountains"">Yelp</a>","<a href=""https://www.tripadvisor.com/Attraction_Review-g676258-d12453165"">TripAdvisor</a>","<a href=""https://untappd.com/w/thornbury-village-cidery-and-brewery/10936"">Untappd</a>"
97,630,2024,Modern Cider – Dry,Arsenal Cider House,Granny,🥈 Silver,Pennsylvania,United States,Active,"<a href=""https://www.arsenalciderhouse.com/lawrenceville/"">Website</a>","<a href=""https://www.facebook.com/ArsenalCider"">Facebook</a>","<a href=""https://www.instagram.com/arsenalcider/"">Instagram</a>","<a href=""https://maps.google.com/?cid=3302243150360255083"">Google</a>","<a href=""https://www.yelp.com/biz/arsenal-cider-house-and-wine-cellar-pittsburgh"">Yelp</a>","<a href=""https://www.tripadvisor.com/Attraction_Review-g53449-d4558019"">TripAdvisor</a>","<a href=""https://untappd.com/w/arsenal-cider-house/12282"">Untappd</a>"
664,631,2024,Modern Cider – Dry,Vermont Cider Company,Pearsecco,🥈 Silver,Vermont,United States,Active,"<a href=""http://www.woodchuck.com/"">Website</a>","<a href=""https://www.facebook.com/WoodchuckCider"">Facebook</a>","<a href=""https://www.instagram.com/woodchuckcider/"">Instagram</a>","<a href=""https://maps.google.com/?cid=9402882086420367798"">Google</a>","<a href=""https://www.yelp.com/biz/woodchuck-hard-cidery-middlebury"">Yelp</a>","<a href=""https://www.tripadvisor.com/Attraction_Review-g57245-d7022345"">TripAdvisor</a>","<a href=""https://untappd.com/w/woodchuck-cidery/611"">Untappd</a>"
67,632,2024,Modern Cider – Dry,2 Towns Ciderhouse,BrightCider,🥉 Bronze,Oregon,United States,Active,"<a href=""http://www.2townsciderhouse.com/"">Website</a>","<a href=""https://www.facebook.com/2townsciderhouse"">Facebook</a>","<a href=""https://www.instagram.com/2townscider/"">Instagram</a>","<a href=""https://maps.google.com/?cid=10429935694700508047"">Google</a>","<a href=""https://www.yelp.com/biz/2-towns-ciderhouse-corvallis"">Yelp</a>","<a href=""https://www.tripadvisor.com/Attraction_Review-g51817-d3417221"">TripAdvisor</a>","<a href=""https://untappd.com/w/2-towns-ciderhouse/12975"">Untappd</a>"
67,633,2024,Heritage Cider – Sweet,2 Towns Ciderhouse,10th Anniversary,🥇 Gold,Oregon,United States,Active,"<a href=""http://www.2townsciderhouse.com/"">Website</a>","<a href=""https://www.facebook.com/2townsciderhouse"">Facebook</a>","<a href=""https://www.instagram.com/2townscider/"">Instagram</a>","<a href=""https://maps.google.com/?cid=10429935694700508047"">Google</a>","<a href=""https://www.yelp.com/biz/2-towns-ciderhouse-corvallis"">Yelp</a>","<a href=""https://www.tripadvisor.com/Attraction_Review-g51817-d3417221"">TripAdvisor</a>","<a href=""https://untappd.com/w/2-towns-ciderhouse/12975"">Untappd</a>"
3489,634,2024,Heritage Cider – Sweet,Trump Cidery,Donny Appleseed,🥈 Silver,Virginia,United States,Active,"<a href=""https://www.trumpwinery.com/cidery/"">Website</a>","<a href=""https://www.facebook.com/profile.php?id=61556781914582"">Facebook</a>","<a href=""https://www.instagram.com/trumpcidery/"">Instagram</a>","<a href=""https://maps.google.com/?cid=5076746479216071156"">Google</a>","<a href=""https://www.yelp.com/biz/trump-cidery-no-title"">Yelp</a>","<a href=""https://www.tripadvisor.com/Restaurant_Review-g57592-d27958022"">TripAdvisor</a>","<a href=""https://untappd.com/w/trump-cidery/560673"">Untappd</a>"
124,635,2024,Heritage Cider – Sweet,Bent Ladder,Russet,🥉 Bronze,Ohio,United States,Active,"<a href=""http://bentladder.com/"">Website</a>","<a href=""https://www.facebook.com/bentladder"">Facebook</a>","<a href=""https://www.instagram.com/bentladder/"">Instagram</a>","<a href=""https://maps.google.com/?cid=5886580381731979881"">Google</a>","<a href=""https://www.yelp.com/biz/rittman-orchard-rittman"">Yelp</a>","<a href=""https://www.tripadvisor.com/Attraction_Review-g50283-d1977165"">TripAdvisor</a>","<a href=""https://untappd.com/w/bent-ladder/295757"">Untappd</a>"
782,636,2024,Heritage Cider – Dry,Duxbury Cider Company,Heritage 1650 Dry Cider,🥇 Gold,Ontario,Canada,Active,"<a href=""https://www.theduxburyciderco.ca/"">Website</a>","<a href=""https://www.facebook.com/DuxburyCider/"">Facebook</a>","<a href=""https://www.instagram.com/duxburycider/"">Instagram</a>","<a href=""https://maps.google.com/?cid=18178962492954171012"">Google</a>",,,"<a href=""https://untappd.com/w/duxbury-cider-company/87748"">Untappd</a>"
67,637,2024,Heritage Cider – Dry,2 Towns Ciderhouse,14th Anniversary,🥈 Silver,Oregon,United States,Active,"<a href=""http://www.2townsciderhouse.com/"">Website</a>","<a href=""https://www.facebook.com/2townsciderhouse"">Facebook</a>","<a href=""https://www.instagram.com/2townscider/"">Instagram</a>","<a href=""https://maps.google.com/?cid=10429935694700508047"">Google</a>","<a href=""https://www.yelp.com/biz/2-towns-ciderhouse-corvallis"">Yelp</a>","<a href=""https://www.tripadvisor.com/Attraction_Review-g51817-d3417221"">TripAdvisor</a>","<a href=""https://untappd.com/w/2-towns-ciderhouse/12975"">Untappd</a>"
1055,638,2024,Heritage Cider – Dry,Vala's Orchard Cider,Autumn’s Harvest,🥉 Bronze,Nebraska,United States,Active,"<a href=""https://www.valasappleorchard.com/"">Website</a>","<a href=""https://www.facebook.com/ValasPumpkinPatch/"">Facebook</a>","<a href=""https://www.instagram.com/valaspumpkinpatch/"">Instagram</a>","<a href=""https://maps.google.com/?cid=15056510891597103165"">Google</a>","<a href=""https://www.yelp.com/biz/valas-pumpkin-patch-gretna"">Yelp</a>","<a href=""https://www.tripadvisor.com/Attraction_Review-g45597-d1932171"">TripAdvisor</a>","<a href=""https://untappd.com/w/vala-s-pumpkin-patch/478866"">Untappd</a>"
290,639,2024,Traditional Cider,Freewater Cider and Wine Company,Fuji,🥇 Gold,Oregon,United States,Active,"<a href=""http://www.freewatercider.com/"">Website</a>",,,"<a href=""https://maps.google.com/?cid=3598112635185277642"">Google</a>",,"<a href=""https://www.tripadvisor.com/Attraction_Review-g51971-d23305550"">TripAdvisor</a>","<a href=""https://untappd.com/w/freewater-cider-co/419915"">Untappd</a>"
3722,640,2024,Traditional Cider,James Werner,Driftless French,🥈 Silver,Wisconsin,United States,Inactive,,,,,,,
812,641,2024,Traditional Cider,Niagara College Teaching Winery,Cider 101,🥈 Silver,Ontario,Canada,Active,"<a href=""https://www.ncteachingwinery.ca/"">Website</a>","<a href=""https://www.facebook.com/nctwinery/"">Facebook</a>","<a href=""https://www.instagram.com/nctwinery/"">Instagram</a>","<a href=""https://maps.google.com/?cid=2529664632400053188"">Google</a>","<a href=""https://www.yelp.com/biz/niagara-college-teaching-winery-niagara-on-the-lake"">Yelp</a>","<a href=""https://www.tripadvisor.com/Attraction_Review-g154999-d2414360"">TripAdvisor</a>","<a href=""https://untappd.com/w/niagara-college-teaching-winery/390649"">Untappd</a>"
841,642,2024,Traditional Cider,Thornbury Craft Co.,The Jonah,🥉 Bronze,Ontario,Canada,Active,"<a href=""https://thornburycraft.com/"">Website</a>","<a href=""https://www.facebook.com/thornburycraft"">Facebook</a>","<a href=""https://www.instagram.com/thornburycraft/"">Instagram</a>","<a href=""https://maps.google.com/?cid=17950053116977107226"">Google</a>","<a href=""https://www.yelp.com/biz/thornbury-village-cider-house-the-blue-mountains"">Yelp</a>","<a href=""https://www.tripadvisor.com/Attraction_Review-g676258-d12453165"">TripAdvisor</a>","<a href=""https://untappd.com/w/thornbury-village-cidery-and-brewery/10936"">Untappd</a>"
97,643,2024,Perry,Arsenal Cider House,Alfred’s Pear - Son!,🥇 Gold,Pennsylvania,United States,Active,"<a href=""https://www.arsenalciderhouse.com/lawrenceville/"">Website</a>","<a href=""https://www.facebook.com/ArsenalCider"">Facebook</a>","<a href=""https://www.instagram.com/arsenalcider/"">Instagram</a>","<a href=""https://maps.google.com/?cid=3302243150360255083"">Google</a>","<a href=""https://www.yelp.com/biz/arsenal-cider-house-and-wine-cellar-pittsburgh"">Yelp</a>","<a href=""https://www.tripadvisor.com/Attraction_Review-g53449-d4558019"">TripAdvisor</a>","<a href=""https://untappd.com/w/arsenal-cider-house/12282"">Untappd</a>"
3121,644,2024,Perry,Missing Falls Brewery,Nice Pear,🥇 Gold,Ohio,United States,Active,"<a href=""https://www.missingfalls.com/"">Website</a>","<a href=""https://www.facebook.com/MissingFallsBrewery/"">Facebook</a>","<a href=""https://www.instagram.com/missingfallsbrewery/"">Instagram</a>","<a href=""https://maps.google.com/?cid=16469758948621365687"">Google</a>","<a href=""https://www.yelp.com/biz/missing-falls-brewery-akron"">Yelp</a>","<a href=""https://www.tripadvisor.com/Restaurant_Review-g29912-d23413493"">TripAdvisor</a>","<a href=""https://untappd.com/MissingFalls"">Untappd</a>"
2575,645,2024,Perry,Jeff Carlson,PrimeTime Perry,🥈 Silver,Michigan,United States,Inactive,,,,,,,
179,646,2024,Fruit,ACE Cider,ACE High Peach,🥇 Gold,California,United States,Active,"<a href=""http://www.acecider.com/"">Website</a>","<a href=""https://www.facebook.com/AceCider"">Facebook</a>","<a href=""https://www.instagram.com/acecider/"">Instagram</a>",,"<a href=""https://www.yelp.com/biz/ace-premium-hard-ciders-sebastopol"">Yelp</a>","<a href=""https://www.tripadvisor.com/Attraction_Review-g33069-d3626497"">TripAdvisor</a>","<a href=""https://untappd.com/w/ace-cider-the-california-cider-company/331"">Untappd</a>"
67,647,2024,Fruit,2 Towns Ciderhouse,Raspberry Cosmic Crisp,🥈 Silver,Oregon,United States,Active,"<a href=""http://www.2townsciderhouse.com/"">Website</a>","<a href=""https://www.facebook.com/2townsciderhouse"">Facebook</a>","<a href=""https://www.instagram.com/2townscider/"">Instagram</a>","<a href=""https://maps.google.com/?cid=10429935694700508047"">Google</a>","<a href=""https://www.yelp.com/biz/2-towns-ciderhouse-corvallis"">Yelp</a>","<a href=""https://www.tripadvisor.com/Attraction_Review-g51817-d3417221"">TripAdvisor</a>","<a href=""https://untappd.com/w/2-towns-ciderhouse/12975"">Untappd</a>"
104,648,2024,Fruit,Austin Eastciders,Imperial Watermelon,🥉 Bronze,Texas,United States,Active,"<a href=""http://austineastciders.com/"">Website</a>","<a href=""https://www.facebook.com/eastciders/"">Facebook</a>","<a href=""https://www.instagram.com/eastciders/"">Instagram</a>","<a href=""https://maps.google.com/?cid=14699519440178528476"">Google</a>","<a href=""https://www.yelp.com/biz/austin-eastciders-collaboratory-austin"">Yelp</a>","<a href=""https://www.tripadvisor.com/Attraction_Review-g30196-d8561332"">TripAdvisor</a>","<a href=""https://untappd.com/w/austin-eastciders/18898"">Untappd</a>"
408,649,2024,Pineapple,FX Matt Brewing,McKenzie’s Pineapple,🥇 Gold,New York,United States,Active,"<a href=""https://www.mckbev.com/"">Website</a>","<a href=""https://www.facebook.com/McKenziesHardCider/"">Facebook</a>","<a href=""https://www.instagram.com/mckenzieshardcider/"">Instagram</a>","<a href=""https://maps.google.com/?cid=16812627050434550372"">Google</a>","<a href=""https://www.yelp.com/biz/f-x-matt-brewing-utica"">Yelp</a>","<a href=""https://www.tripadvisor.com/Attraction_Review-g48759-d534580"">TripAdvisor</a>","<a href=""https://untappd.com/w/mckenzies-hard-cider/10931"">Untappd</a>"
67,650,2024,Pineapple,2 Towns Ciderhouse,Pacific Pineapple,🥈 Silver,Oregon,United States,Active,"<a href=""http://www.2townsciderhouse.com/"">Website</a>","<a href=""https://www.facebook.com/2townsciderhouse"">Facebook</a>","<a href=""https://www.instagram.com/2townscider/"">Instagram</a>","<a href=""https://maps.google.com/?cid=10429935694700508047"">Google</a>","<a href=""https://www.yelp.com/biz/2-towns-ciderhouse-corvallis"">Yelp</a>","<a href=""https://www.tripadvisor.com/Attraction_Review-g51817-d3417221"">TripAdvisor</a>","<a href=""https://untappd.com/w/2-towns-ciderhouse/12975"">Untappd</a>"
294,651,2024,Pineapple,Glacial Till Vineyard & Winery,Passion Pineapple,🥉 Bronze,Nebraska,United States,Active,"<a href=""http://www.glacialtillvineyard.com/"">Website</a>","<a href=""https://www.facebook.com/glacialtillvineyard"">Facebook</a>","<a href=""https://www.instagram.com/glacialtillvineyard/"">Instagram</a>","<a href=""https://maps.google.com/?cid=185099829414435279"">Google</a>","<a href=""https://www.yelp.com/biz/glacial-till-tasting-room-ashland"">Yelp</a>","<a href=""https://www.tripadvisor.com/Attraction_Review-g29709-d5832186"">TripAdvisor</a>","<a href=""https://untappd.com/w/glacial-till-vineyard-and-winery/223758"">Untappd</a>"
196,652,2024,Cherry,Ciderboys,Cherry Jubilee,🥇 Gold,Wisconsin,United States,Active,"<a href=""http://www.ciderboys.com/"">Website</a>","<a href=""https://www.facebook.com/Ciderboys"">Facebook</a>","<a href=""https://www.instagram.com/Ciderboys/"">Instagram</a>","<a href=""https://maps.google.com/?cid=1756122992587390562"">Google</a>","<a href=""https://www.yelp.com/biz/stevens-point-brewery-stevens-point"">Yelp</a>","<a href=""https://www.tripadvisor.com/Attraction_Review-g60304-d2265035"">TripAdvisor</a>","<a href=""https://untappd.com/w/ciderboys-hard-cider/44552"">Untappd</a>"
2286,653,2024,Cherry,Apple Barrel Orchards,Tart Cherry,🥈 Silver,New York,United States,Active,"<a href=""https://applebarrelorchards.com/"">Website</a>","<a href=""https://www.facebook.com/applebarrelorchards"">Facebook</a>","<a href=""https://www.instagram.com/applebarrelorchards"">Instagram</a>","<a href=""https://maps.google.com/?cid=6734152269443403352"">Google</a>","<a href=""https://www.yelp.com/biz/apple-barrel-orchards-penn-yan"">Yelp</a>","<a href=""https://www.tripadvisor.com/Attraction_Review-g48378-d7187340"">TripAdvisor</a>","<a href=""https://untappd.com/w/apple-barrel-orchards/549035"">Untappd</a>"
408,654,2024,Cherry,FX Matt Brewing,McKenzie’s Black Cherry,🥉 Bronze,New York,United States,Active,"<a href=""https://www.mckbev.com/"">Website</a>","<a href=""https://www.facebook.com/McKenziesHardCider/"">Facebook</a>","<a href=""https://www.instagram.com/mckenzieshardcider/"">Instagram</a>","<a href=""https://maps.google.com/?cid=16812627050434550372"">Google</a>","<a href=""https://www.yelp.com/biz/f-x-matt-brewing-utica"">Yelp</a>","<a href=""https://www.tripadvisor.com/Attraction_Review-g48759-d534580"">TripAdvisor</a>","<a href=""https://untappd.com/w/mckenzies-hard-cider/10931"">Untappd</a>"
3123,655,2024,Peach,Windmill Ridge Acres,Peach-Apple Cider,🥇 Gold,Ontario,Canada,Active,"<a href=""https://www.windmillridge.ca/"">Website</a>","<a href=""https://www.facebook.com/windmillridgeacres/"">Facebook</a>","<a href=""https://www.instagram.com/windmillridgeacres/"">Instagram</a>","<a href=""https://maps.google.com/?cid=15963586865573618177"">Google</a>",,,"<a href=""https://untappd.com/w/windmill-ridge-craft-brew/539150"">Untappd</a>"
10,656,2024,Peach,Blake's Hard Cider Co.,Peach Party,🥈 Silver,Michigan,United States,Active,"<a href=""http://www.blakeshardcider.com/"">Website</a>","<a href=""https://www.facebook.com/blakeshardciderco"">Facebook</a>","<a href=""https://www.instagram.com/blakeshardciderco/"">Instagram</a>","<a href=""https://maps.google.com/?cid=15855146673119620480"">Google</a>","<a href=""https://www.yelp.com/biz/blakes-ciderhouse-and-winery-armada"">Yelp</a>","<a href=""https://www.tripadvisor.com/Attraction_Review-g29560-d6678501"">TripAdvisor</a>","<a href=""https://untappd.com/w/blakes-hard-cider-company/86334"">Untappd</a>"
196,657,2024,Peach,Ciderboys,Peach County,🥉 Bronze,Wisconsin,United States,Active,"<a href=""http://www.ciderboys.com/"">Website</a>","<a href=""https://www.facebook.com/Ciderboys"">Facebook</a>","<a href=""https://www.instagram.com/Ciderboys/"">Instagram</a>","<a href=""https://maps.google.com/?cid=1756122992587390562"">Google</a>","<a href=""https://www.yelp.com/biz/stevens-point-brewery-stevens-point"">Yelp</a>","<a href=""https://www.tripadvisor.com/Attraction_Review-g60304-d2265035"">TripAdvisor</a>","<a href=""https://untappd.com/w/ciderboys-hard-cider/44552"">Untappd</a>"
294,658,2024,Cranberry,Glacial Till Vineyard & Winery,Cranberry,🥇 Gold,Nebraska,United States,Active,"<a href=""http://www.glacialtillvineyard.com/"">Website</a>","<a href=""https://www.facebook.com/glacialtillvineyard"">Facebook</a>","<a href=""https://www.instagram.com/glacialtillvineyard/"">Instagram</a>","<a href=""https://maps.google.com/?cid=185099829414435279"">Google</a>","<a href=""https://www.yelp.com/biz/glacial-till-tasting-room-ashland"">Yelp</a>","<a href=""https://www.tripadvisor.com/Attraction_Review-g29709-d5832186"">TripAdvisor</a>","<a href=""https://untappd.com/w/glacial-till-vineyard-and-winery/223758"">Untappd</a>"
712,659,2024,Cranberry,Five Maidens Cider Company,Cranberry Cider,🥈 Silver,Pennsylvania,United States,Active,"<a href=""https://5mcider.com/"">Website</a>","<a href=""https://www.facebook.com/5MCider/"">Facebook</a>","<a href=""https://www.instagram.com/5mcider/"">Instagram</a>","<a href=""https://maps.google.com/?cid=17669165397330541520"">Google</a>","<a href=""https://www.yelp.com/biz/five-maidens-cider-bethlehem"">Yelp</a>",,"<a href=""https://untappd.com/FiveMaidensCiderCo"">Untappd</a>"
3116,660,2024,Cranberry,Cherry Street Brewing,Cranberry Star,🥉 Bronze,Georgia,United States,Active,"<a href=""https://cherrystreetbrewing.com/"">Website</a>","<a href=""https://www.facebook.com/cherrystreetbrewing/"">Facebook</a>","<a href=""https://www.instagram.com/cherrystreetbrewing/"">Instagram</a>","<a href=""https://maps.google.com/?cid=16068754441412803212"">Google</a>","<a href=""https://www.yelp.com/biz/cherry-street-brewing-cooperative-cumming"">Yelp</a>","<a href=""https://www.tripadvisor.com/Attraction_Review-g34877-d10428081"">TripAdvisor</a>","<a href=""https://untappd.com/CherryStreetBrewing"">Untappd</a>"
196,661,2024,Fruit and Berry,Ciderboys,Strawberry Magic,🥇 Gold,Wisconsin,United States,Active,"<a href=""http://www.ciderboys.com/"">Website</a>","<a href=""https://www.facebook.com/Ciderboys"">Facebook</a>","<a href=""https://www.instagram.com/Ciderboys/"">Instagram</a>","<a href=""https://maps.google.com/?cid=1756122992587390562"">Google</a>","<a href=""https://www.yelp.com/biz/stevens-point-brewery-stevens-point"">Yelp</a>","<a href=""https://www.tripadvisor.com/Attraction_Review-g60304-d2265035"">TripAdvisor</a>","<a href=""https://untappd.com/w/ciderboys-hard-cider/44552"">Untappd</a>"
10,662,2024,Fruit and Berry,Blake's Hard Cider Co.,American Berry,🥈 Silver,Michigan,United States,Active,"<a href=""http://www.blakeshardcider.com/"">Website</a>","<a href=""https://www.facebook.com/blakeshardciderco"">Facebook</a>","<a href=""https://www.instagram.com/blakeshardciderco/"">Instagram</a>","<a href=""https://maps.google.com/?cid=15855146673119620480"">Google</a>","<a href=""https://www.yelp.com/biz/blakes-ciderhouse-and-winery-armada"">Yelp</a>","<a href=""https://www.tripadvisor.com/Attraction_Review-g29560-d6678501"">TripAdvisor</a>","<a href=""https://untappd.com/w/blakes-hard-cider-company/86334"">Untappd</a>"
3719,663,2024,Fruit and Berry,Inside the Five Brewing Co.,Inside the Orchard - Blueberry,🥉 Bronze,Ohio,United States,Active,"<a href=""https://www.insidethefivebrewing.com/"">Website</a>","<a href=""https://www.facebook.com/insidethefivebrewing"">Facebook</a>","<a href=""https://www.instagram.com/insidethefivebrewing"">Instagram</a>","<a href=""https://maps.google.com/?cid=10962149761049532364"">Google</a>","<a href=""https://www.yelp.com/biz/inside-the-five-fieldhouse-toledo"">Yelp</a>",,"<a href=""https://untappd.com/InsideTheFiveBrewingCompany"">Untappd</a>"
294,664,2024,Ice Cider / Apple Wine,Glacial Till Vineyard & Winery,Ice Cider,🥇 Gold,Nebraska,United States,Active,"<a href=""http://www.glacialtillvineyard.com/"">Website</a>","<a href=""https://www.facebook.com/glacialtillvineyard"">Facebook</a>","<a href=""https://www.instagram.com/glacialtillvineyard/"">Instagram</a>","<a href=""https://maps.google.com/?cid=185099829414435279"">Google</a>","<a href=""https://www.yelp.com/biz/glacial-till-tasting-room-ashland"">Yelp</a>","<a href=""https://www.tripadvisor.com/Attraction_Review-g29709-d5832186"">TripAdvisor</a>","<a href=""https://untappd.com/w/glacial-till-vineyard-and-winery/223758"">Untappd</a>"
681,665,2024,Ice Cider / Apple Wine,White Winter Winery,Cyser,🥉 Bronze,Wisconsin,United States,Active,"<a href=""https://whitewinter.com/"">Website</a>","<a href=""https://www.facebook.com/WhiteWinterWinery/"">Facebook</a>",,"<a href=""https://maps.google.com/?cid=13642608818447326025"">Google</a>","<a href=""https://www.yelp.com/biz/white-winter-winery-iron-river"">Yelp</a>","<a href=""https://www.tripadvisor.com/Attraction_Review-g59986-d2457860"">TripAdvisor</a>","<a href=""https://untappd.com/w/white-winter-winery/1359"">Untappd</a>"
104,666,2024,Herbal,Austin Eastciders,Strawberry Hibiscus Fresca,🥇 Gold,Texas,United States,Active,"<a href=""http://austineastciders.com/"">Website</a>","<a href=""https://www.facebook.com/eastciders/"">Facebook</a>","<a href=""https://www.instagram.com/eastciders/"">Instagram</a>","<a href=""https://maps.google.com/?cid=14699519440178528476"">Google</a>","<a href=""https://www.yelp.com/biz/austin-eastciders-collaboratory-austin"">Yelp</a>","<a href=""https://www.tripadvisor.com/Attraction_Review-g30196-d8561332"">TripAdvisor</a>","<a href=""https://untappd.com/w/austin-eastciders/18898"">Untappd</a>"
698,667,2024,Herbal,Wölffer Estate Vineyard,Wölffer No. 139 Hibiscus Cider,🥈 Silver,New York,United States,Active,"<a href=""http://www.wolffer.com/"">Website</a>",,,"<a href=""https://maps.google.com/?cid=10690409208604454007"">Google</a>","<a href=""https://www.yelp.com/biz/wolffer-estate-vineyard-sagaponack"">Yelp</a>","<a href=""https://www.tripadvisor.com/Attraction_Review-g48542-d593572"">TripAdvisor</a>","<a href=""https://untappd.com/w/wolffer-estate-vineyard/79243"">Untappd</a>"
698,668,2024,Herbal,Wölffer Estate Vineyard,Wölffer No. 139 Botanical Cider,🥉 Bronze,New York,United States,Active,"<a href=""http://www.wolffer.com/"">Website</a>",,,"<a href=""https://maps.google.com/?cid=10690409208604454007"">Google</a>","<a href=""https://www.yelp.com/biz/wolffer-estate-vineyard-sagaponack"">Yelp</a>","<a href=""https://www.tripadvisor.com/Attraction_Review-g48542-d593572"">TripAdvisor</a>","<a href=""https://untappd.com/w/wolffer-estate-vineyard/79243"">Untappd</a>"
999,669,2024,Hopped,Doc Waters Cidery,Hopped Carbonated,🥇 Gold,Maryland,United States,Active,"<a href=""https://www.docwaterscidery.com/"">Website</a>","<a href=""https://www.facebook.com/docwaterscidery"">Facebook</a>","<a href=""https://www.instagram.com/docwaterscidery/"">Instagram</a>","<a href=""https://maps.google.com/?cid=5897969821393799631"">Google</a>","<a href=""https://www.yelp.com/biz/doc-waters-cidery-germantown-3"">Yelp</a>",,"<a href=""https://untappd.com/w/doc-waters-cidery/408791"">Untappd</a>"
464,670,2024,Hopped,Orchard Girls,Lindsay,🥈 Silver,Maine,United States,Active,"<a href=""http://orchardgirls.com/"">Website</a>","<a href=""https://www.facebook.com/orchardgirlscider/"">Facebook</a>","<a href=""https://www.instagram.com/orchardgirlscider"">Instagram</a>","<a href=""https://maps.google.com/?cid=2486607221948549190"">Google</a>","<a href=""https://www.yelp.com/biz/orchard-girls-cidery-kingfield"">Yelp</a>",,"<a href=""https://untappd.com/w/orchard-girls/420976"">Untappd</a>"
2286,671,2024,Hopped,Apple Barrel Orchards,Dry Hopped,🥉 Bronze,New York,United States,Active,"<a href=""https://applebarrelorchards.com/"">Website</a>","<a href=""https://www.facebook.com/applebarrelorchards"">Facebook</a>","<a href=""https://www.instagram.com/applebarrelorchards"">Instagram</a>","<a href=""https://maps.google.com/?cid=6734152269443403352"">Google</a>","<a href=""https://www.yelp.com/biz/apple-barrel-orchards-penn-yan"">Yelp</a>","<a href=""https://www.tripadvisor.com/Attraction_Review-g48378-d7187340"">TripAdvisor</a>","<a href=""https://untappd.com/w/apple-barrel-orchards/549035"">Untappd</a>"
545,672,2024,Apple Pie Spiced,Sapsucker Farms Yellow Belly Cidery,Yellow Belly Apple Pie Cider,🥇 Gold,Minnesota,United States,Active,"<a href=""https://www.sapsuckerfarms.com/"">Website</a>","<a href=""https://www.facebook.com/YellowBellyCider/"">Facebook</a>","<a href=""https://www.instagram.com/sapsuckerfarms/"">Instagram</a>","<a href=""https://maps.google.com/?cid=10529182272851607589"">Google</a>","<a href=""https://www.yelp.com/biz/sapsucker-farms-yellow-belly-cidery-mora"">Yelp</a>","<a href=""https://www.tripadvisor.com/Attraction_Review-g43337-d15594799"">TripAdvisor</a>","<a href=""https://untappd.com/w/sapsucker-farms/187535"">Untappd</a>"
915,673,2024,Apple Pie Spiced,Cider Corps,We The People Apple Pie,🥈 Silver,Arizona,United States,Active,"<a href=""https://cidercorpsaz.com/"">Website</a>","<a href=""https://www.facebook.com/cidercorps/"">Facebook</a>","<a href=""https://www.instagram.com/cidercorps/"">Instagram</a>","<a href=""https://maps.google.com/?cid=9593182908980696987"">Google</a>","<a href=""https://www.yelp.com/biz/cider-corps-mesa-5"">Yelp</a>","<a href=""https://www.tripadvisor.com/Attraction_Review-g31281-d13003044"">TripAdvisor</a>","<a href=""https://untappd.com/CiderCorps"">Untappd</a>"
2044,674,2024,Apple Pie Spiced,Williamson Mead and Brewing,Cinder Dragon,🥉 Bronze,North Carolina,United States,Active,"<a href=""https://williamsonbrewing.com/"">Website</a>","<a href=""https://www.facebook.com/WilliamsonBrewing/"">Facebook</a>","<a href=""https://www.instagram.com/williamsonmeadandbrewing/"">Instagram</a>","<a href=""https://maps.google.com/?cid=9398213946413041794"">Google</a>","<a href=""https://www.yelp.com/biz/williamson-mead-and-brewing-glade-valley"">Yelp</a>",,
545,675,2024,Spiced,Sapsucker Farms Yellow Belly Cidery,Yellow Belly Caramel Apple Cider,🥇 Gold,Minnesota,United States,Active,"<a href=""https://www.sapsuckerfarms.com/"">Website</a>","<a href=""https://www.facebook.com/YellowBellyCider/"">Facebook</a>","<a href=""https://www.instagram.com/sapsuckerfarms/"">Instagram</a>","<a href=""https://maps.google.com/?cid=10529182272851607589"">Google</a>","<a href=""https://www.yelp.com/biz/sapsucker-farms-yellow-belly-cidery-mora"">Yelp</a>","<a href=""https://www.tripadvisor.com/Attraction_Review-g43337-d15594799"">TripAdvisor</a>","<a href=""https://untappd.com/w/sapsucker-farms/187535"">Untappd</a>"
445,676,2024,Spiced,Newtopia Cyder,Blue Dream,🥈 Silver,California,United States,Active,"<a href=""http://www.drinknewtopia.com/"">Website</a>","<a href=""https://www.facebook.com/NewtopiaCyder"">Facebook</a>","<a href=""https://www.instagram.com/newtopiacyder/"">Instagram</a>","<a href=""https://maps.google.com/?cid=12830879160117035367"">Google</a>",,,
97,677,2024,Spiced,Arsenal Cider House,Snowbound Cinnamon,🥉 Bronze,Pennsylvania,United States,Active,"<a href=""https://www.arsenalciderhouse.com/lawrenceville/"">Website</a>","<a href=""https://www.facebook.com/ArsenalCider"">Facebook</a>","<a href=""https://www.instagram.com/arsenalcider/"">Instagram</a>","<a href=""https://maps.google.com/?cid=3302243150360255083"">Google</a>","<a href=""https://www.yelp.com/biz/arsenal-cider-house-and-wine-cellar-pittsburgh"">Yelp</a>","<a href=""https://www.tripadvisor.com/Attraction_Review-g53449-d4558019"">TripAdvisor</a>","<a href=""https://untappd.com/w/arsenal-cider-house/12282"">Untappd</a>"
1055,678,2024,Wood-Aged,Vala's Orchard Cider,Imperial Cherry,🥇 Gold,Nebraska,United States,Active,"<a href=""https://www.valasappleorchard.com/"">Website</a>","<a href=""https://www.facebook.com/ValasPumpkinPatch/"">Facebook</a>","<a href=""https://www.instagram.com/valaspumpkinpatch/"">Instagram</a>","<a href=""https://maps.google.com/?cid=15056510891597103165"">Google</a>","<a href=""https://www.yelp.com/biz/valas-pumpkin-patch-gretna"">Yelp</a>","<a href=""https://www.tripadvisor.com/Attraction_Review-g45597-d1932171"">TripAdvisor</a>","<a href=""https://untappd.com/w/vala-s-pumpkin-patch/478866"">Untappd</a>"
545,679,2024,Wood-Aged,Sapsucker Farms Yellow Belly Cidery,Yellow Belly Maple Bourbon,🥈 Silver,Minnesota,United States,Active,"<a href=""https://www.sapsuckerfarms.com/"">Website</a>","<a href=""https://www.facebook.com/YellowBellyCider/"">Facebook</a>","<a href=""https://www.instagram.com/sapsuckerfarms/"">Instagram</a>","<a href=""https://maps.google.com/?cid=10529182272851607589"">Google</a>","<a href=""https://www.yelp.com/biz/sapsucker-farms-yellow-belly-cidery-mora"">Yelp</a>","<a href=""https://www.tripadvisor.com/Attraction_Review-g43337-d15594799"">TripAdvisor</a>","<a href=""https://untappd.com/w/sapsucker-farms/187535"">Untappd</a>"
1055,680,2024,Wood-Aged,Vala's Orchard Cider,Vanilla Rye Peach Pie,🥉 Bronze,Nebraska,United States,Active,"<a href=""https://www.valasappleorchard.com/"">Website</a>","<a href=""https://www.facebook.com/ValasPumpkinPatch/"">Facebook</a>","<a href=""https://www.instagram.com/valaspumpkinpatch/"">Instagram</a>","<a href=""https://maps.google.com/?cid=15056510891597103165"">Google</a>","<a href=""https://www.yelp.com/biz/valas-pumpkin-patch-gretna"">Yelp</a>","<a href=""https://www.tripadvisor.com/Attraction_Review-g45597-d1932171"">TripAdvisor</a>","<a href=""https://untappd.com/w/vala-s-pumpkin-patch/478866"">Untappd</a>"
915,681,2024,Specialty,Cider Corps,Mango Foxtrot,🥇 Gold,Arizona,United States,Active,"<a href=""https://cidercorpsaz.com/"">Website</a>","<a href=""https://www.facebook.com/cidercorps/"">Facebook</a>","<a href=""https://www.instagram.com/cidercorps/"">Instagram</a>","<a href=""https://maps.google.com/?cid=9593182908980696987"">Google</a>","<a href=""https://www.yelp.com/biz/cider-corps-mesa-5"">Yelp</a>","<a href=""https://www.tripadvisor.com/Attraction_Review-g31281-d13003044"">TripAdvisor</a>","<a href=""https://untappd.com/CiderCorps"">Untappd</a>"
1074,682,2024,Specialty,Papa Moon Vineyards & Winery,Salted Caramel,🥈 Silver,Nebraska,United States,Active,"<a href=""https://www.papamoonvineyards.com/"">Website</a>","<a href=""https://www.facebook.com/Papamoonwines"">Facebook</a>","<a href=""https://www.instagram.com/papamoonciders/"">Instagram</a>","<a href=""https://maps.google.com/?cid=16564507604611639866"">Google</a>","<a href=""https://www.yelp.com/biz/papa-moon-vineyards-and-winery-scottsbluff"">Yelp</a>",,"<a href=""https://untappd.com/w/papa-moon-vineyards-winery-and-cider-house/472128"">Untappd</a>"
67,683,2024,Specialty,2 Towns Ciderhouse,Hollow Jack,🥉 Bronze,Oregon,United States,Active,"<a href=""http://www.2townsciderhouse.com/"">Website</a>","<a href=""https://www.facebook.com/2townsciderhouse"">Facebook</a>","<a href=""https://www.instagram.com/2townscider/"">Instagram</a>","<a href=""https://maps.google.com/?cid=10429935694700508047"">Google</a>","<a href=""https://www.yelp.com/biz/2-towns-ciderhouse-corvallis"">Yelp</a>","<a href=""https://www.tripadvisor.com/Attraction_Review-g51817-d3417221"">TripAdvisor</a>","<a href=""https://untappd.com/w/2-towns-ciderhouse/12975"">Untappd</a>"
294,684,2024,Anything Goes,Glacial Till Vineyard & Winery,Barrel Aged Blueberry Pancake,🥇 Gold,Nebraska,United States,Active,"<a href=""http://www.glacialtillvineyard.com/"">Website</a>","<a href=""https://www.facebook.com/glacialtillvineyard"">Facebook</a>","<a href=""https://www.instagram.com/glacialtillvineyard/"">Instagram</a>","<a href=""https://maps.google.com/?cid=185099829414435279"">Google</a>","<a href=""https://www.yelp.com/biz/glacial-till-tasting-room-ashland"">Yelp</a>","<a href=""https://www.tripadvisor.com/Attraction_Review-g29709-d5832186"">TripAdvisor</a>","<a href=""https://untappd.com/w/glacial-till-vineyard-and-winery/223758"">Untappd</a>"
1055,685,2024,Anything Goes,Vala's Orchard Cider,Habanango,🥈 Silver,Nebraska,United States,Active,"<a href=""https://www.valasappleorchard.com/"">Website</a>","<a href=""https://www.facebook.com/ValasPumpkinPatch/"">Facebook</a>","<a href=""https://www.instagram.com/valaspumpkinpatch/"">Instagram</a>","<a href=""https://maps.google.com/?cid=15056510891597103165"">Google</a>","<a href=""https://www.yelp.com/biz/valas-pumpkin-patch-gretna"">Yelp</a>","<a href=""https://www.tripadvisor.com/Attraction_Review-g45597-d1932171"">TripAdvisor</a>","<a href=""https://untappd.com/w/vala-s-pumpkin-patch/478866"">Untappd</a>"
220,686,2024,Anything Goes,Country Boy Brewing,Orange Cream Cider,🥉 Bronze,Kentucky,United States,Active,"<a href=""http://countryboybrewing.com/"">Website</a>","<a href=""https://www.facebook.com/CountryBoyBrewing"">Facebook</a>","<a href=""https://www.instagram.com/CountryBoybrewing/"">Instagram</a>","<a href=""https://maps.google.com/?cid=7007349802683802072"">Google</a>","<a href=""https://www.yelp.com/biz/country-boy-brewing-lexington"">Yelp</a>","<a href=""https://www.tripadvisor.com/Attraction_Review-g39588-d2661465"">TripAdvisor</a>","<a href=""https://untappd.com/w/country-boy-brewing/23693"">Untappd</a>"
712,687,2024,Single Varietal,Five Maidens Cider Company,Ms. Jackson,🥇 Gold,Pennsylvania,United States,Active,"<a href=""https://5mcider.com/"">Website</a>","<a href=""https://www.facebook.com/5MCider/"">Facebook</a>","<a href=""https://www.instagram.com/5mcider/"">Instagram</a>","<a href=""https://maps.google.com/?cid=17669165397330541520"">Google</a>","<a href=""https://www.yelp.com/biz/five-maidens-cider-bethlehem"">Yelp</a>",,"<a href=""https://untappd.com/FiveMaidensCiderCo"">Untappd</a>"
97,688,2024,Single Varietal,Arsenal Cider House,Redfield,🥈 Silver,Pennsylvania,United States,Active,"<a href=""https://www.arsenalciderhouse.com/lawrenceville/"">Website</a>","<a href=""https://www.facebook.com/ArsenalCider"">Facebook</a>","<a href=""https://www.instagram.com/arsenalcider/"">Instagram</a>","<a href=""https://maps.google.com/?cid=3302243150360255083"">Google</a>","<a href=""https://www.yelp.com/biz/arsenal-cider-house-and-wine-cellar-pittsburgh"">Yelp</a>","<a href=""https://www.tripadvisor.com/Attraction_Review-g53449-d4558019"">TripAdvisor</a>","<a href=""https://untappd.com/w/arsenal-cider-house/12282"">Untappd</a>"
999,689,2024,Single Varietal,Doc Waters Cidery,Golden Russet,🥉 Bronze,Maryland,United States,Active,"<a href=""https://www.docwaterscidery.com/"">Website</a>","<a href=""https://www.facebook.com/docwaterscidery"">Facebook</a>","<a href=""https://www.instagram.com/docwaterscidery/"">Instagram</a>","<a href=""https://maps.google.com/?cid=5897969821393799631"">Google</a>","<a href=""https://www.yelp.com/biz/doc-waters-cidery-germantown-3"">Yelp</a>",,"<a href=""https://untappd.com/w/doc-waters-cidery/408791"">Untappd</a>"
841,690,2024,Rosé / Brut,Thornbury Craft Co.,Rose Apple Cider,🥇 Gold,Ontario,Canada,Active,"<a href=""https://thornburycraft.com/"">Website</a>","<a href=""https://www.facebook.com/thornburycraft"">Facebook</a>","<a href=""https://www.instagram.com/thornburycraft/"">Instagram</a>","<a href=""https://maps.google.com/?cid=17950053116977107226"">Google</a>","<a href=""https://www.yelp.com/biz/thornbury-village-cider-house-the-blue-mountains"">Yelp</a>","<a href=""https://www.tripadvisor.com/Attraction_Review-g676258-d12453165"">TripAdvisor</a>","<a href=""https://untappd.com/w/thornbury-village-cidery-and-brewery/10936"">Untappd</a>"
698,691,2024,Rosé / Brut,Wölffer Estate Vineyard,Wölffer No. 139 Brut Cuvée Cider,🥈 Silver,New York,United States,Active,"<a href=""http://www.wolffer.com/"">Website</a>",,,"<a href=""https://maps.google.com/?cid=10690409208604454007"">Google</a>","<a href=""https://www.yelp.com/biz/wolffer-estate-vineyard-sagaponack"">Yelp</a>","<a href=""https://www.tripadvisor.com/Attraction_Review-g48542-d593572"">TripAdvisor</a>","<a href=""https://untappd.com/w/wolffer-estate-vineyard/79243"">Untappd</a>"
698,692,2024,Rosé / Brut,Wölffer Estate Vineyard,Wölffer No. 139 Brut Cuvée Cider,🥉 Bronze,New York,United States,Active,"<a href=""http://www.wolffer.com/"">Website</a>",,,"<a href=""https://maps.google.com/?cid=10690409208604454007"">Google</a>","<a href=""https://www.yelp.com/biz/wolffer-estate-vineyard-sagaponack"">Yelp</a>","<a href=""https://www.tripadvisor.com/Attraction_Review-g48542-d593572"">TripAdvisor</a>","<a href=""https://untappd.com/w/wolffer-estate-vineyard/79243"">Untappd</a>"
2219,693,2024,Black Currant,Quartz Rock Vineyard,Apple Currant,🥇 Gold,New York,United States,Active,"<a href=""https://quartzrockvineyard.com/"">Website</a>","<a href=""https://www.facebook.com/QuartzRockVineyard"">Facebook</a>","<a href=""https://www.instagram.com/bedrockcidery/"">Instagram</a>","<a href=""https://maps.google.com/?cid=1886322759965400402"">Google</a>","<a href=""https://www.yelp.com/biz/quartz-rock-vineyard-marlboro-2"">Yelp</a>","<a href=""https://www.tripadvisor.com/Attraction_Review-g48121-d3404475"">TripAdvisor</a>","<a href=""https://untappd.com/w/quartz-rock/537568"">Untappd</a>"
93,694,2024,Black Currant,Apple Valley Cider Company,Black Currant,🥈 Silver,Colorado,United States,Active,"<a href=""http://www.applevalleycider.com/"">Website</a>","<a href=""https://www.facebook.com/applevalleycider/"">Facebook</a>","<a href=""https://www.instagram.com/applevalleyciderco/"">Instagram</a>","<a href=""https://maps.google.com/?cid=8798456079688966999"">Google</a>",,,"<a href=""https://untappd.com/w/apple-valley-cider-company/382129"">Untappd</a>"
145,695,2024,Black Currant,Blue Barn Cidery,Jostaberry Jam,🥉 Bronze,New York,United States,Active,"<a href=""https://www.bluebarncidery.com/"">Website</a>",,,"<a href=""https://maps.google.com/?cid=8104758114885529003"">Google</a>","<a href=""https://www.yelp.com/biz/blue-barn-cidery-hilton"">Yelp</a>",,"<a href=""https://untappd.com/BlueBarnCidery"">Untappd</a>"
841,696,2024,Raspberry,Thornbury Craft Co.,Raspberry Apple Cider,🥇 Gold,Ontario,Canada,Active,"<a href=""https://thornburycraft.com/"">Website</a>","<a href=""https://www.facebook.com/thornburycraft"">Facebook</a>","<a href=""https://www.instagram.com/thornburycraft/"">Instagram</a>","<a href=""https://maps.google.com/?cid=17950053116977107226"">Google</a>","<a href=""https://www.yelp.com/biz/thornbury-village-cider-house-the-blue-mountains"">Yelp</a>","<a href=""https://www.tripadvisor.com/Attraction_Review-g676258-d12453165"">TripAdvisor</a>","<a href=""https://untappd.com/w/thornbury-village-cidery-and-brewery/10936"">Untappd</a>"
664,697,2024,Raspberry,Vermont Cider Company,Raspberry,🥈 Silver,Vermont,United States,Active,"<a href=""http://www.woodchuck.com/"">Website</a>","<a href=""https://www.facebook.com/WoodchuckCider"">Facebook</a>","<a href=""https://www.instagram.com/woodchuckcider/"">Instagram</a>","<a href=""https://maps.google.com/?cid=9402882086420367798"">Google</a>","<a href=""https://www.yelp.com/biz/woodchuck-hard-cidery-middlebury"">Yelp</a>","<a href=""https://www.tripadvisor.com/Attraction_Review-g57245-d7022345"">TripAdvisor</a>","<a href=""https://untappd.com/w/woodchuck-cidery/611"">Untappd</a>"
3721,698,2024,Raspberry,Wise Man Brewing,Wisest Pursuit Raspberry,🥉 Bronze,North Carolina,United States,Active,"<a href=""https://www.wisemanbrewing.com/"">Website</a>","<a href=""https://www.facebook.com/wisemanbrewing/"">Facebook</a>","<a href=""https://www.instagram.com/wisemanbeer/"">Instagram</a>","<a href=""https://maps.google.com/?cid=13467140978540966884"">Google</a>","<a href=""https://www.yelp.com/biz/wise-man-brewing-winston-salem-3"">Yelp</a>","<a href=""https://www.tripadvisor.com/Attraction_Review-g49680-d12221328"">TripAdvisor</a>","<a href=""https://untappd.com/WiseManBrewing"">Untappd</a>"
664,699,2024,Pear,Vermont Cider Company,Pear,🥇 Gold,Vermont,United States,Active,"<a href=""http://www.woodchuck.com/"">Website</a>","<a href=""https://www.facebook.com/WoodchuckCider"">Facebook</a>","<a href=""https://www.instagram.com/woodchuckcider/"">Instagram</a>","<a href=""https://maps.google.com/?cid=9402882086420367798"">Google</a>","<a href=""https://www.yelp.com/biz/woodchuck-hard-cidery-middlebury"">Yelp</a>","<a href=""https://www.tripadvisor.com/Attraction_Review-g57245-d7022345"">TripAdvisor</a>","<a href=""https://untappd.com/w/woodchuck-cidery/611"">Untappd</a>"
3123,700,2024,Pear,Windmill Ridge Acres,Pear Cider,🥈 Silver,Ontario,Canada,Active,"<a href=""https://www.windmillridge.ca/"">Website</a>","<a href=""https://www.facebook.com/windmillridgeacres/"">Facebook</a>","<a href=""https://www.instagram.com/windmillridgeacres/"">Instagram</a>","<a href=""https://maps.google.com/?cid=15963586865573618177"">Google</a>",,,"<a href=""https://untappd.com/w/windmill-ridge-craft-brew/539150"">Untappd</a>"
97,701,2024,Pear,Arsenal Cider House,For the Love of Thumper,🥉 Bronze,Pennsylvania,United States,Active,"<a href=""https://www.arsenalciderhouse.com/lawrenceville/"">Website</a>","<a href=""https://www.facebook.com/ArsenalCider"">Facebook</a>","<a href=""https://www.instagram.com/arsenalcider/"">Instagram</a>","<a href=""https://maps.google.com/?cid=3302243150360255083"">Google</a>","<a href=""https://www.yelp.com/biz/arsenal-cider-house-and-wine-cellar-pittsburgh"">Yelp</a>","<a href=""https://www.tripadvisor.com/Attraction_Review-g53449-d4558019"">TripAdvisor</a>","<a href=""https://untappd.com/w/arsenal-cider-house/12282"">Untappd</a>"
2170,702,2024,Blackberry,Dingo Dog Brewing Company,Suzie’s Blackberry Cider,🥇 Gold,North Carolina,United States,Active,"<a href=""https://www.dingodogbrewing.com/"">Website</a>","<a href=""https://www.facebook.com/dingodogbrewing"">Facebook</a>","<a href=""https://www.instagram.com/dingodogbrewing/"">Instagram</a>","<a href=""https://maps.google.com/?cid=855662940419552138"">Google</a>","<a href=""https://www.yelp.com/biz/dingo-dog-brewing-company-carrboro"">Yelp</a>",,"<a href=""https://untappd.com/DingoDogBrewing"">Untappd</a>"
152,703,2024,Blackberry,Bold Rock Hard Cider,Blackberry,🥈 Silver,North Carolina,United States,Active,"<a href=""https://boldrock.com/"">Website</a>","<a href=""https://www.facebook.com/BoldRockHardCider/"">Facebook</a>","<a href=""https://www.instagram.com/boldrockhardcider/"">Instagram</a>","<a href=""https://maps.google.com/?cid=10604087929796439877"">Google</a>","<a href=""https://www.yelp.com/biz/bold-rock-hard-cider-mills-river-mills-river"">Yelp</a>","<a href=""https://www.tripadvisor.com/Attraction_Review-g1552723-d8862147"">TripAdvisor</a>","<a href=""https://untappd.com/v/bold-rock-mills-river-cidery/3954545"">Untappd</a>"
10,704,2024,Blackberry,Blake's Hard Cider Co.,Triple Jam,🥉 Bronze,Michigan,United States,Active,"<a href=""http://www.blakeshardcider.com/"">Website</a>","<a href=""https://www.facebook.com/blakeshardciderco"">Facebook</a>","<a href=""https://www.instagram.com/blakeshardciderco/"">Instagram</a>","<a href=""https://maps.google.com/?cid=15855146673119620480"">Google</a>","<a href=""https://www.yelp.com/biz/blakes-ciderhouse-and-winery-armada"">Yelp</a>","<a href=""https://www.tripadvisor.com/Attraction_Review-g29560-d6678501"">TripAdvisor</a>","<a href=""https://untappd.com/w/blakes-hard-cider-company/86334"">Untappd</a>"
3720,705,2024,Blackberry,New Realm Brewing Company,Blackberry Cider,🥉 Bronze,Georgia,United States,Active,"<a href=""https://newrealmbrewing.com/"">Website</a>","<a href=""https://www.facebook.com/newrealmbrewing"">Facebook</a>","<a href=""https://www.instagram.com/newrealmbrewing/"">Instagram</a>","<a href=""https://maps.google.com/?cid=16933059652984821271"">Google</a>","<a href=""https://www.yelp.com/biz/new-realm-brewing-atlanta-3"">Yelp</a>","<a href=""https://www.tripadvisor.com/Restaurant_Review-g60898-d13370394"">TripAdvisor</a>","<a href=""https://untappd.com/NewRealmBrewingCompany"">Untappd</a>"
841,706,2024,Blueberry,Thornbury Craft Co.,Wild Blueberry Elderflower Cider,🥇 Gold,Ontario,Canada,Active,"<a href=""https://thornburycraft.com/"">Website</a>","<a href=""https://www.facebook.com/thornburycraft"">Facebook</a>","<a href=""https://www.instagram.com/thornburycraft/"">Instagram</a>","<a href=""https://maps.google.com/?cid=17950053116977107226"">Google</a>","<a href=""https://www.yelp.com/biz/thornbury-village-cider-house-the-blue-mountains"">Yelp</a>","<a href=""https://www.tripadvisor.com/Attraction_Review-g676258-d12453165"">TripAdvisor</a>","<a href=""https://untappd.com/w/thornbury-village-cidery-and-brewery/10936"">Untappd</a>"
545,707,2024,Blueberry,Sapsucker Farms Yellow Belly Cidery,Yellow Belly Blue Betcha Blueberry Cider,🥈 Silver,Minnesota,United States,Active,"<a href=""https://www.sapsuckerfarms.com/"">Website</a>","<a href=""https://www.facebook.com/YellowBellyCider/"">Facebook</a>","<a href=""https://www.instagram.com/sapsuckerfarms/"">Instagram</a>","<a href=""https://maps.google.com/?cid=10529182272851607589"">Google</a>","<a href=""https://www.yelp.com/biz/sapsucker-farms-yellow-belly-cidery-mora"">Yelp</a>","<a href=""https://www.tripadvisor.com/Attraction_Review-g43337-d15594799"">TripAdvisor</a>","<a href=""https://untappd.com/w/sapsucker-farms/187535"">Untappd</a>"
3721,708,2024,Blueberry,Wise Man Brewing,Wisest Pursuit Blueberry,🥉 Bronze,North Carolina,United States,Active,"<a href=""https://www.wisemanbrewing.com/"">Website</a>","<a href=""https://www.facebook.com/wisemanbrewing/"">Facebook</a>","<a href=""https://www.instagram.com/wisemanbeer/"">Instagram</a>","<a href=""https://maps.google.com/?cid=13467140978540966884"">Google</a>","<a href=""https://www.yelp.com/biz/wise-man-brewing-winston-salem-3"">Yelp</a>","<a href=""https://www.tripadvisor.com/Attraction_Review-g49680-d12221328"">TripAdvisor</a>","<a href=""https://untappd.com/WiseManBrewing"">Untappd</a>"
3489,709,2024,Mango,Trump Cidery,Two To Mango,🥇 Gold,Virginia,United States,Active,"<a href=""https://www.trumpwinery.com/cidery/"">Website</a>","<a href=""https://www.facebook.com/profile.php?id=61556781914582"">Facebook</a>","<a href=""https://www.instagram.com/trumpcidery/"">Instagram</a>","<a href=""https://maps.google.com/?cid=5076746479216071156"">Google</a>","<a href=""https://www.yelp.com/biz/trump-cidery-no-title"">Yelp</a>","<a href=""https://www.tripadvisor.com/Restaurant_Review-g57592-d27958022"">TripAdvisor</a>","<a href=""https://untappd.com/w/trump-cidery/560673"">Untappd</a>"
10,710,2024,Mango,Blake's Hard Cider Co.,Tropical Mango,🥈 Silver,Michigan,United States,Active,"<a href=""http://www.blakeshardcider.com/"">Website</a>","<a href=""https://www.facebook.com/blakeshardciderco"">Facebook</a>","<a href=""https://www.instagram.com/blakeshardciderco/"">Instagram</a>","<a href=""https://maps.google.com/?cid=15855146673119620480"">Google</a>","<a href=""https://www.yelp.com/biz/blakes-ciderhouse-and-winery-armada"">Yelp</a>","<a href=""https://www.tripadvisor.com/Attraction_Review-g29560-d6678501"">TripAdvisor</a>","<a href=""https://untappd.com/w/blakes-hard-cider-company/86334"">Untappd</a>"
408,711,2024,Mango,FX Matt Brewing,McKenzie’s Peach Mango,🥉 Bronze,New York,United States,Active,"<a href=""https://www.mckbev.com/"">Website</a>","<a href=""https://www.facebook.com/McKenziesHardCider/"">Facebook</a>","<a href=""https://www.instagram.com/mckenzieshardcider/"">Instagram</a>","<a href=""https://maps.google.com/?cid=16812627050434550372"">Google</a>","<a href=""https://www.yelp.com/biz/f-x-matt-brewing-utica"">Yelp</a>","<a href=""https://www.tripadvisor.com/Attraction_Review-g48759-d534580"">TripAdvisor</a>","<a href=""https://untappd.com/w/mckenzies-hard-cider/10931"">Untappd</a>"
10,712,2024,Apple Cider Donut,Blake's Hard Cider Co.,Cider Mill Donut,🥇 Gold,Michigan,United States,Active,"<a href=""http://www.blakeshardcider.com/"">Website</a>","<a href=""https://www.facebook.com/blakeshardciderco"">Facebook</a>","<a href=""https://www.instagram.com/blakeshardciderco/"">Instagram</a>","<a href=""https://maps.google.com/?cid=15855146673119620480"">Google</a>","<a href=""https://www.yelp.com/biz/blakes-ciderhouse-and-winery-armada"">Yelp</a>","<a href=""https://www.tripadvisor.com/Attraction_Review-g29560-d6678501"">TripAdvisor</a>","<a href=""https://untappd.com/w/blakes-hard-cider-company/86334"">Untappd</a>"
294,713,2024,Apple Cider Donut,Glacial Till Vineyard & Winery,Apple Cider Donut,🥈 Silver,Nebraska,United States,Active,"<a href=""http://www.glacialtillvineyard.com/"">Website</a>","<a href=""https://www.facebook.com/glacialtillvineyard"">Facebook</a>","<a href=""https://www.instagram.com/glacialtillvineyard/"">Instagram</a>","<a href=""https://maps.google.com/?cid=185099829414435279"">Google</a>","<a href=""https://www.yelp.com/biz/glacial-till-tasting-room-ashland"">Yelp</a>","<a href=""https://www.tripadvisor.com/Attraction_Review-g29709-d5832186"">TripAdvisor</a>","<a href=""https://untappd.com/w/glacial-till-vineyard-and-winery/223758"">Untappd</a>"
712,714,2024,Apple Cider Donut,Five Maidens Cider Company,Cider Donut,🥉 Bronze,Pennsylvania,United States,Active,"<a href=""https://5mcider.com/"">Website</a>","<a href=""https://www.facebook.com/5MCider/"">Facebook</a>","<a href=""https://www.instagram.com/5mcider/"">Instagram</a>","<a href=""https://maps.google.com/?cid=17669165397330541520"">Google</a>","<a href=""https://www.yelp.com/biz/five-maidens-cider-bethlehem"">Yelp</a>",,"<a href=""https://untappd.com/FiveMaidensCiderCo"">Untappd</a>"
664,715,2024,Passionfruit,Vermont Cider Company,Wild Tropics,🥇 Gold,Vermont,United States,Active,"<a href=""http://www.woodchuck.com/"">Website</a>","<a href=""https://www.facebook.com/WoodchuckCider"">Facebook</a>","<a href=""https://www.instagram.com/woodchuckcider/"">Instagram</a>","<a href=""https://maps.google.com/?cid=9402882086420367798"">Google</a>","<a href=""https://www.yelp.com/biz/woodchuck-hard-cidery-middlebury"">Yelp</a>","<a href=""https://www.tripadvisor.com/Attraction_Review-g57245-d7022345"">TripAdvisor</a>","<a href=""https://untappd.com/w/woodchuck-cidery/611"">Untappd</a>"
949,716,2024,Passionfruit,Armageddon Brewing,Circe,🥈 Silver,New Jersey,United States,Active,"<a href=""https://www.armageddon-brewing.com/"">Website</a>","<a href=""https://www.facebook.com/armageddonbrewing"">Facebook</a>","<a href=""https://www.instagram.com/armageddonbrewing/"">Instagram</a>","<a href=""https://maps.google.com/?cid=14423006988471622028"">Google</a>","<a href=""https://www.yelp.com/biz/armageddon-brewing-somerdale"">Yelp</a>",,"<a href=""https://untappd.com/ArmageddonBrewing"">Untappd</a>"
97,717,2024,Pineapple,Arsenal Cider House,Grant’s Flying Pumpkin,🥇 Gold,Pennsylvania,United States,Active,"<a href=""https://www.arsenalciderhouse.com/lawrenceville/"">Website</a>","<a href=""https://www.facebook.com/ArsenalCider"">Facebook</a>","<a href=""https://www.instagram.com/arsenalcider/"">Instagram</a>","<a href=""https://maps.google.com/?cid=3302243150360255083"">Google</a>","<a href=""https://www.yelp.com/biz/arsenal-cider-house-and-wine-cellar-pittsburgh"">Yelp</a>","<a href=""https://www.tripadvisor.com/Attraction_Review-g53449-d4558019"">TripAdvisor</a>","<a href=""https://untappd.com/w/arsenal-cider-house/12282"">Untappd</a>"
949,718,2024,Pineapple,Armageddon Brewing,Ichabod’s Bane,🥈 Silver,New Jersey,United States,Active,"<a href=""https://www.armageddon-brewing.com/"">Website</a>","<a href=""https://www.facebook.com/armageddonbrewing"">Facebook</a>","<a href=""https://www.instagram.com/armageddonbrewing/"">Instagram</a>","<a href=""https://maps.google.com/?cid=14423006988471622028"">Google</a>","<a href=""https://www.yelp.com/biz/armageddon-brewing-somerdale"">Yelp</a>",,"<a href=""https://untappd.com/ArmageddonBrewing"">Untappd</a>"
330,719,2024,Pineapple,High Limb Hard Cider,Skeleton Grin,🥈 Silver,Massachusetts,United States,Active,"<a href=""https://www.highlimbcider.com/"">Website</a>","<a href=""https://www.facebook.com/highlimbcider/"">Facebook</a>","<a href=""https://www.instagram.com/highlimbcider/"">Instagram</a>","<a href=""https://maps.google.com/?cid=11042855047844464741"">Google</a>","<a href=""https://www.yelp.com/biz/high-limb-cider-plymouth"">Yelp</a>","<a href=""https://www.tripadvisor.com/Attraction_Review-g41773-d21723351"">TripAdvisor</a>","<a href=""https://untappd.com/w/high-limb-hard-cider/108620"">Untappd</a>"
2247,720,2024,Pineapple,Punx Cider Worx,Pumpkutawney,🥉 Bronze,Pennsylvania,United States,Active,,"<a href=""https://www.facebook.com/p/Punx-Cider-Worx-100089111281003/"">Facebook</a>","<a href=""https://www.instagram.com/punxciderworx/"">Instagram</a>",,,,"<a href=""https://untappd.com/w/punx-cider-worx/536367"">Untappd</a>"
915,721,2024,Pie/Cobbler,Cider Corps,We The People Blueberry Pie,🥇 Gold,Arizona,United States,Active,"<a href=""https://cidercorpsaz.com/"">Website</a>","<a href=""https://www.facebook.com/cidercorps/"">Facebook</a>","<a href=""https://www.instagram.com/cidercorps/"">Instagram</a>","<a href=""https://maps.google.com/?cid=9593182908980696987"">Google</a>","<a href=""https://www.yelp.com/biz/cider-corps-mesa-5"">Yelp</a>","<a href=""https://www.tripadvisor.com/Attraction_Review-g31281-d13003044"">TripAdvisor</a>","<a href=""https://untappd.com/CiderCorps"">Untappd</a>"
104,722,2024,Pie/Cobbler,Austin Eastciders,Peach Cobbler,🥈 Silver,Texas,United States,Active,"<a href=""http://austineastciders.com/"">Website</a>","<a href=""https://www.facebook.com/eastciders/"">Facebook</a>","<a href=""https://www.instagram.com/eastciders/"">Instagram</a>","<a href=""https://maps.google.com/?cid=14699519440178528476"">Google</a>","<a href=""https://www.yelp.com/biz/austin-eastciders-collaboratory-austin"">Yelp</a>","<a href=""https://www.tripadvisor.com/Attraction_Review-g30196-d8561332"">TripAdvisor</a>","<a href=""https://untappd.com/w/austin-eastciders/18898"">Untappd</a>"
294,723,2024,Pie/Cobbler,Glacial Till Vineyard & Winery,Barrel Aged Key Lime Pie,🥉 Bronze,Nebraska,United States,Active,"<a href=""http://www.glacialtillvineyard.com/"">Website</a>","<a href=""https://www.facebook.com/glacialtillvineyard"">Facebook</a>","<a href=""https://www.instagram.com/glacialtillvineyard/"">Instagram</a>","<a href=""https://maps.google.com/?cid=185099829414435279"">Google</a>","<a href=""https://www.yelp.com/biz/glacial-till-tasting-room-ashland"">Yelp</a>","<a href=""https://www.tripadvisor.com/Attraction_Review-g29709-d5832186"">TripAdvisor</a>","<a href=""https://untappd.com/w/glacial-till-vineyard-and-winery/223758"">Untappd</a>"
