ID,Year,Category,Award,Medalist_Original,Entry,Region,Country,Region_Original,WID,Status,Medalist,Website,Facebook,Instagram,Google,Yelp,TripAdvisor,Untappd,Latitude,Longitude,Transparency
2,2014,New World Cider,🥇 Gold,2 Towns Ciderhouse,Traditions Ciderworks 2011 Riverwood Brut,Oregon,United States,Oregon,67,Active,2 Towns Ciderhouse,http://www.2townsciderhouse.com/,https://www.facebook.com/2townsciderhouse,https://www.instagram.com/2townscider/,https://maps.google.com/?cid=10429935694700508047,https://www.yelp.com/biz/2-towns-ciderhouse-corvallis,https://www.tripadvisor.com/Attraction_Review-g51817-d3417221,https://untappd.com/w/2-towns-ciderhouse/12975,44.563505,-123.226185,0
3,2014,New World Cider,🥈 Silver,Boston Beer Company,Angry Orchard Green Apple,New York,United States,Massachusetts,87,Active,Angry Orchard,https://www.angryorchard.com/,https://www.facebook.com/AngryOrchard/,https://www.instagram.com/angryorchard/,https://maps.google.com/?cid=17467507983407382578,https://www.yelp.com/biz/angry-orchard-walden-2,https://www.tripadvisor.com/Attraction_Review-g48788-d10266026,https://untappd.com/w/angry-orchard-cider-company/16455,41.587128,-74.221692,0
4,2014,New World Cider,🥉 Bronze,Sonoma Cider,The Hatchet,California,United States,California,1085,Active,Sonoma Cider,https://www.sonomacider.com/,https://www.facebook.com/SonomaCider,https://www.instagram.com/sonomacider/,https://maps.google.com/?cid=17157123449258669495,https://www.yelp.com/biz/full-circle-brewing-company-fresno,https://www.tripadvisor.com/Restaurant_Review-g32414-d4441140,https://untappd.com/SonomaCider,36.7270581,-119.7906887,0
5,2014,English Cider,🥇 Gold,Boston Beer Company,Angry Orchard Tradtional Cider,New York,United States,Massachusetts,87,Active,Angry Orchard,https://www.angryorchard.com/,https://www.facebook.com/AngryOrchard/,https://www.instagram.com/angryorchard/,https://maps.google.com/?cid=17467507983407382578,https://www.yelp.com/biz/angry-orchard-walden-2,https://www.tripadvisor.com/Attraction_Review-g48788-d10266026,https://untappd.com/w/angry-orchard-cider-company/16455,41.587128,-74.221692,0
6,2014,English Cider,🥈 Silver,Stevens Point Brewing,Ciderboys First Press,Wisconsin,United States,Wisconsin,196,Active,Ciderboys,http://www.ciderboys.com/,https://www.facebook.com/Ciderboys,https://www.instagram.com/Ciderboys/,https://maps.google.com/?cid=1756122992587390562,https://www.yelp.com/biz/stevens-point-brewery-stevens-point,https://www.tripadvisor.com/Attraction_Review-g60304-d2265035,https://untappd.com/w/ciderboys-hard-cider/44552,44.510454,-89.573583,0
7,2014,Specialty,🥇 Gold,Stevens Point Brewing,Ciderboys Peach County,Wisconsin,United States,Wisconsin,196,Active,Ciderboys,http://www.ciderboys.com/,https://www.facebook.com/Ciderboys,https://www.instagram.com/Ciderboys/,https://maps.google.com/?cid=1756122992587390562,https://www.yelp.com/biz/stevens-point-brewery-stevens-point,https://www.tripadvisor.com/Attraction_Review-g60304-d2265035,https://untappd.com/w/ciderboys-hard-cider/44552,44.510454,-89.573583,0
8,2014,Specialty,🥇 Gold,Cigar City Cider and Mead,Cigar City Cider Homemade Apple Pie,Florida,United States,Florida,197,Active,Cigar City Cider & Mead,http://www.cigarcitycider.com/,https://www.facebook.com/CigarCityCider,https://www.instagram.com/cigarcitycider/,https://maps.google.com/?cid=105555702494086229,https://www.yelp.com/biz/cigar-city-brewing-tampa,https://www.tripadvisor.com/Attraction_Review-g34678-d4508513,https://untappd.com/w/cigar-city-cider-and-mead/51632,27.960748,-82.443199,0
9,2014,Specialty,🥈 Silver,9041-5522 Quebec,London Calling,Quebec,Canada,Canada,3177,Active,Groupe Geloso,https://groupegeloso.com/,https://www.facebook.com/groupegeloso/,,https://maps.google.com/?cid=14532853692172548925,,,https://untappd.com/w/cidre-beaupre-groupe-geloso/21487,45.6109278,-73.6737069,0
10,2014,Specialty,🥉 Bronze,Boston Beer Company,Angry Orchard Apple Ginger,New York,United States,Massachusetts,87,Active,Angry Orchard,https://www.angryorchard.com/,https://www.facebook.com/AngryOrchard/,https://www.instagram.com/angryorchard/,https://maps.google.com/?cid=17467507983407382578,https://www.yelp.com/biz/angry-orchard-walden-2,https://www.tripadvisor.com/Attraction_Review-g48788-d10266026,https://untappd.com/w/angry-orchard-cider-company/16455,41.587128,-74.221692,0
11,2015,New World Cider,🥇 Gold,2 Towns Ciderhouse,OutCider,Oregon,United States,Oregon,67,Active,2 Towns Ciderhouse,http://www.2townsciderhouse.com/,https://www.facebook.com/2townsciderhouse,https://www.instagram.com/2townscider/,https://maps.google.com/?cid=10429935694700508047,https://www.yelp.com/biz/2-towns-ciderhouse-corvallis,https://www.tripadvisor.com/Attraction_Review-g51817-d3417221,https://untappd.com/w/2-towns-ciderhouse/12975,44.563505,-123.226185,0
12,2015,New World Cider,🥈 Silver,Angry Orchard,Angry Orchard Crisp Apple,New York,United States,Massachusetts,87,Active,Angry Orchard,https://www.angryorchard.com/,https://www.facebook.com/AngryOrchard/,https://www.instagram.com/angryorchard/,https://maps.google.com/?cid=17467507983407382578,https://www.yelp.com/biz/angry-orchard-walden-2,https://www.tripadvisor.com/Attraction_Review-g48788-d10266026,https://untappd.com/w/angry-orchard-cider-company/16455,41.587128,-74.221692,0
13,2015,New World Cider,🥉 Bronze,Vermont Hard Cider,Woodchuck Amber,Vermont,United States,Vermont,664,Active,Vermont Cider Company,http://www.woodchuck.com/,https://www.facebook.com/WoodchuckCider,https://www.instagram.com/woodchuckcider/,https://maps.google.com/?cid=9402882086420367798,https://www.yelp.com/biz/woodchuck-hard-cidery-middlebury,https://www.tripadvisor.com/Attraction_Review-g57245-d7022345,https://untappd.com/w/woodchuck-cidery/611,44.034072,-73.172778,0
14,2015,English Cider,🥇 Gold,Thatchers Cider,Thatchers Gold,Somerset,England,United Kingdom,1119,Active,Thatchers Cider,https://www.thatcherscider.co.uk/,https://www.facebook.com/ThatchersCiderCompany,https://www.instagram.com/thatcherscider/,https://maps.google.com/?cid=15191093037076298219,,https://www.tripadvisor.com/Attraction_Review-g4412909-d11019728,https://untappd.com/brewery/3063,51.3328274,-2.8330779,0
15,2015,English Cider,🥈 Silver,Florida Beer Company,Kelly's Traditional Hard Cider,Florida,United States,Florida,2252,Active,Caribé Tropical Hard Cider,https://caribbreweryusa.com/,https://www.facebook.com/people/Carib-Brewery-USA/100071513900968/,,https://maps.google.com/?cid=5794166466253271261,https://www.yelp.com/biz/carib-brewery-usa-cape-canaveral,,https://untappd.com/floridabeer,28.3989852,-80.6114347,0
16,2015,English Cider,🥉 Bronze,Stevens Point Brewing,Ciderboys First Press,Wisconsin,United States,Wisconsin,196,Active,Ciderboys,http://www.ciderboys.com/,https://www.facebook.com/Ciderboys,https://www.instagram.com/Ciderboys/,https://maps.google.com/?cid=1756122992587390562,https://www.yelp.com/biz/stevens-point-brewery-stevens-point,https://www.tripadvisor.com/Attraction_Review-g60304-d2265035,https://untappd.com/w/ciderboys-hard-cider/44552,44.510454,-89.573583,0
17,2015,New England Cider,🥇 Gold,2 Towns Ciderhouse,Bad Apple,Oregon,United States,Oregon,67,Active,2 Towns Ciderhouse,http://www.2townsciderhouse.com/,https://www.facebook.com/2townsciderhouse,https://www.instagram.com/2townscider/,https://maps.google.com/?cid=10429935694700508047,https://www.yelp.com/biz/2-towns-ciderhouse-corvallis,https://www.tripadvisor.com/Attraction_Review-g51817-d3417221,https://untappd.com/w/2-towns-ciderhouse/12975,44.563505,-123.226185,0
18,2015,New England Cider,🥈 Silver,Angry Orchard,Angry Orchard Green Apple,New York,United States,Massachusetts,87,Active,Angry Orchard,https://www.angryorchard.com/,https://www.facebook.com/AngryOrchard/,https://www.instagram.com/angryorchard/,https://maps.google.com/?cid=17467507983407382578,https://www.yelp.com/biz/angry-orchard-walden-2,https://www.tripadvisor.com/Attraction_Review-g48788-d10266026,https://untappd.com/w/angry-orchard-cider-company/16455,41.587128,-74.221692,0
19,2015,Fruit,🥇 Gold,Cigar City Cider,Rambunctious,Florida,United States,Florida,197,Active,Cigar City Cider & Mead,http://www.cigarcitycider.com/,https://www.facebook.com/CigarCityCider,https://www.instagram.com/cigarcitycider/,https://maps.google.com/?cid=105555702494086229,https://www.yelp.com/biz/cigar-city-brewing-tampa,https://www.tripadvisor.com/Attraction_Review-g34678-d4508513,https://untappd.com/w/cigar-city-cider-and-mead/51632,27.960748,-82.443199,0
20,2015,Fruit,🥈 Silver,California Cider,Ace Pineapple Hard Cider,California,United States,California,179,Active,ACE Cider,http://www.acecider.com/,https://www.facebook.com/AceCider,https://www.instagram.com/acecider/,,https://www.yelp.com/biz/ace-premium-hard-ciders-sebastopol,https://www.tripadvisor.com/Attraction_Review-g33069-d3626497,https://untappd.com/w/ace-cider-the-california-cider-company/331,38.423506,-122.849754,0
21,2015,Fruit,🥉 Bronze,Stevens Point Brewing,Ciderboys Grand Mimosa,Wisconsin,United States,Wisconsin,196,Active,Ciderboys,http://www.ciderboys.com/,https://www.facebook.com/Ciderboys,https://www.instagram.com/Ciderboys/,https://maps.google.com/?cid=1756122992587390562,https://www.yelp.com/biz/stevens-point-brewery-stevens-point,https://www.tripadvisor.com/Attraction_Review-g60304-d2265035,https://untappd.com/w/ciderboys-hard-cider/44552,44.510454,-89.573583,0
22,2015,Spiced,🥇 Gold,d's Wicked Cider,Baked Apple,Washington,United States,Washington,229,Active,d's Wicked Cider,http://dswickedcider.com/,https://www.facebook.com/dswickedcider/,https://www.instagram.com/dswickedciderco/,https://maps.google.com/?cid=2860292587896986843,https://www.yelp.com/biz/sun-river-vintners-kennewick,https://www.tripadvisor.com/Attraction_Review-g58536-d13007264,https://untappd.com/w/ds-wicked-cider/158215,46.20084,-119.246466,0
23,2015,Spiced,🥈 Silver,2 Towns Ciderhouse,Serious Scrump,Oregon,United States,Oregon,67,Active,2 Towns Ciderhouse,http://www.2townsciderhouse.com/,https://www.facebook.com/2townsciderhouse,https://www.instagram.com/2townscider/,https://maps.google.com/?cid=10429935694700508047,https://www.yelp.com/biz/2-towns-ciderhouse-corvallis,https://www.tripadvisor.com/Attraction_Review-g51817-d3417221,https://untappd.com/w/2-towns-ciderhouse/12975,44.563505,-123.226185,0
24,2015,Spiced,🥉 Bronze,Jeff Carlson,Westside Sweet Heat,Michigan,United States,Michigan,2575,Inactive,Jeff Carlson,,,,,,,,42.97887,-85.71474,1
25,2015,Anything Goes,🥇 Gold,Vermont Hard Cider,Oopsy Daisy,Vermont,United States,Vermont,664,Active,Vermont Cider Company,http://www.woodchuck.com/,https://www.facebook.com/WoodchuckCider,https://www.instagram.com/woodchuckcider/,https://maps.google.com/?cid=9402882086420367798,https://www.yelp.com/biz/woodchuck-hard-cidery-middlebury,https://www.tripadvisor.com/Attraction_Review-g57245-d7022345,https://untappd.com/w/woodchuck-cidery/611,44.034072,-73.172778,0
26,2015,Anything Goes,🥈 Silver,Appalachian Mountain Brewing,Cinful Plum,North Carolina,United States,North Carolina,90,Active,Appalachian Mountain Brewery,https://www.amb.beer/,https://www.facebook.com/appalachianmountain.brewery/,https://www.instagram.com/appalachianmountainbrewery/,https://maps.google.com/?cid=5564632093346928631,https://www.yelp.com/biz/appalachian-mountain-brewery-boone,https://www.tripadvisor.com/Attraction_Review-g48975-d4185372,https://untappd.com/w/appalachian-mountain-cidery/199566,36.203368,-81.668439,0
27,2015,Anything Goes,🥉 Bronze,Angry Orchard,Muse,New York,United States,Massachusetts,87,Active,Angry Orchard,https://www.angryorchard.com/,https://www.facebook.com/AngryOrchard/,https://www.instagram.com/angryorchard/,https://maps.google.com/?cid=17467507983407382578,https://www.yelp.com/biz/angry-orchard-walden-2,https://www.tripadvisor.com/Attraction_Review-g48788-d10266026,https://untappd.com/w/angry-orchard-cider-company/16455,41.587128,-74.221692,0
28,2015,Perry,🥇 Gold,California Cider,Ace Perry Hard Cider,California,United States,California,179,Active,ACE Cider,http://www.acecider.com/,https://www.facebook.com/AceCider,https://www.instagram.com/acecider/,,https://www.yelp.com/biz/ace-premium-hard-ciders-sebastopol,https://www.tripadvisor.com/Attraction_Review-g33069-d3626497,https://untappd.com/w/ace-cider-the-california-cider-company/331,38.423506,-122.849754,0
29,2015,Perry,🥈 Silver,9041-5522 Quebec,London Calling Pear,Quebec,Canada,Canada,3177,Active,Groupe Geloso,https://groupegeloso.com/,https://www.facebook.com/groupegeloso/,,https://maps.google.com/?cid=14532853692172548925,,,https://untappd.com/w/cidre-beaupre-groupe-geloso/21487,45.6109278,-73.6737069,0
30,2015,Perry,🥉 Bronze,Vermont Hard Cider,Wyder's Dry Pear,Vermont,United States,Vermont,664,Active,Vermont Cider Company,http://www.woodchuck.com/,https://www.facebook.com/WoodchuckCider,https://www.instagram.com/woodchuckcider/,https://maps.google.com/?cid=9402882086420367798,https://www.yelp.com/biz/woodchuck-hard-cidery-middlebury,https://www.tripadvisor.com/Attraction_Review-g57245-d7022345,https://untappd.com/w/woodchuck-cidery/611,44.034072,-73.172778,0
31,2015,Hopped,🥇 Gold,Angry Orchard,Angry Orchard Hop'N Mad Apple,New York,United States,Massachusetts,87,Active,Angry Orchard,https://www.angryorchard.com/,https://www.facebook.com/AngryOrchard/,https://www.instagram.com/angryorchard/,https://maps.google.com/?cid=17467507983407382578,https://www.yelp.com/biz/angry-orchard-walden-2,https://www.tripadvisor.com/Attraction_Review-g48788-d10266026,https://untappd.com/w/angry-orchard-cider-company/16455,41.587128,-74.221692,0
32,2015,Hopped,🥈 Silver,2 Towns Ciderhouse,Imperial Hop & Stalk,Oregon,United States,Oregon,67,Active,2 Towns Ciderhouse,http://www.2townsciderhouse.com/,https://www.facebook.com/2townsciderhouse,https://www.instagram.com/2townscider/,https://maps.google.com/?cid=10429935694700508047,https://www.yelp.com/biz/2-towns-ciderhouse-corvallis,https://www.tripadvisor.com/Attraction_Review-g51817-d3417221,https://untappd.com/w/2-towns-ciderhouse/12975,44.563505,-123.226185,0
33,2015,Hopped,🥉 Bronze,Vermont Hard Cider,Woodchuck Hopsation,Vermont,United States,Vermont,664,Active,Vermont Cider Company,http://www.woodchuck.com/,https://www.facebook.com/WoodchuckCider,https://www.instagram.com/woodchuckcider/,https://maps.google.com/?cid=9402882086420367798,https://www.yelp.com/biz/woodchuck-hard-cidery-middlebury,https://www.tripadvisor.com/Attraction_Review-g57245-d7022345,https://untappd.com/w/woodchuck-cidery/611,44.034072,-73.172778,0
34,2016,New World Cider,🥇 Gold,Niagara College Teaching Winery,Cider 101,Ontario,Canada,Canada,812,Active,Niagara College Teaching Winery,https://www.ncteachingwinery.ca/,https://www.facebook.com/nctwinery/,https://www.instagram.com/nctwinery/,https://maps.google.com/?cid=2529664632400053188,https://www.yelp.com/biz/niagara-college-teaching-winery-niagara-on-the-lake,https://www.tripadvisor.com/Attraction_Review-g154999-d2414360,https://untappd.com/w/niagara-college-teaching-winery/390649,43.150451,-79.165647,0
35,2016,New World Cider,🥈 Silver,Garage D'or Ciders,Garage D'or Dry Cider,Ontario,Canada,Canada,789,Inactive,Garage D'or Ciders,,,,,,,,43.045335,-79.285449,1
36,2016,New World Cider,🥉 Bronze,Big Hill Ciderworks,Standard,Pennsylvania,United States,Pennsylvania,128,Active,Big Hill Ciderworks,https://www.bighillcider.com/,https://www.facebook.com/BigHillCider/,https://www.instagram.com/bighillciderworks,https://maps.google.com/?cid=11839293456795799865,https://www.yelp.com/biz/big-hill-ciderworks-gardners,https://www.tripadvisor.com/Restaurant_Review-g52702-d24083733,https://untappd.com/w/big-hill-ciderworks/126817,40.0277976,-77.2135009,0
37,2016,English Cider,🥇 Gold,Vermont Cider Company,Gumption Hard Cider,Vermont,United States,Vermont,664,Active,Vermont Cider Company,http://www.woodchuck.com/,https://www.facebook.com/WoodchuckCider,https://www.instagram.com/woodchuckcider/,https://maps.google.com/?cid=9402882086420367798,https://www.yelp.com/biz/woodchuck-hard-cidery-middlebury,https://www.tripadvisor.com/Attraction_Review-g57245-d7022345,https://untappd.com/w/woodchuck-cidery/611,44.034072,-73.172778,0
38,2016,English Cider,🥈 Silver,Vermont Cider Company,Magners Original Cider,Vermont,United States,Vermont,664,Active,Vermont Cider Company,http://www.woodchuck.com/,https://www.facebook.com/WoodchuckCider,https://www.instagram.com/woodchuckcider/,https://maps.google.com/?cid=9402882086420367798,https://www.yelp.com/biz/woodchuck-hard-cidery-middlebury,https://www.tripadvisor.com/Attraction_Review-g57245-d7022345,https://untappd.com/w/woodchuck-cidery/611,44.034072,-73.172778,0
39,2016,English Cider,🥉 Bronze,Colorado Cider Company,Ol' Stumpy,Colorado,United States,Colorado,209,Active,Colorado Cider Company,http://www.coloradocider.com/,https://www.facebook.com/coloradocider,https://www.instagram.com/coloradocidercompany/,https://maps.google.com/?cid=9606181927626096546,https://www.yelp.com/biz/colorado-cider-denver,https://www.tripadvisor.com/Attraction_Review-g33388-d8505809,https://untappd.com/w/colorado-cider-company/11426,39.71898,-105.01961,0
40,2016,New World Perry,🥇 Gold,Colorado Cider Company,Pearnickety,Colorado,United States,Colorado,209,Active,Colorado Cider Company,http://www.coloradocider.com/,https://www.facebook.com/coloradocider,https://www.instagram.com/coloradocidercompany/,https://maps.google.com/?cid=9606181927626096546,https://www.yelp.com/biz/colorado-cider-denver,https://www.tripadvisor.com/Attraction_Review-g33388-d8505809,https://untappd.com/w/colorado-cider-company/11426,39.71898,-105.01961,0
41,2016,Traditional Perry,🥇 Gold,Cidrerie Daufresne,Cidrerie Daufresne Poire,Normandy,France,Canada,2178,Active,Domaine des 5 D,http://cidreriedaufresne.com/,https://www.facebook.com/profile.php?id=100069411953752,,https://maps.google.com/?cid=8401719320995507859,,,https://untappd.com/CidrerieDaufresne,49.1786404,0.2045199,0
42,2016,Traditional Perry,🥈 Silver,Dunkerton's,Dunkertons Perry,Herefordshire,England,England,1133,Active,Dunkertons Cider and Perry,https://www.dunkertonscider.co.uk/,https://www.facebook.com/dunkertonsorganiccider/,https://www.instagram.com/dunkertonscider/,https://maps.google.com/?cid=4719921113153419800,,,https://untappd.com/brewery/12988,51.8771374,-2.0279869,0
43,2016,Traditional Perry,🥉 Bronze,Vermont Cider Company,Magners Pear Cider,Vermont,United States,Vermont,664,Active,Vermont Cider Company,http://www.woodchuck.com/,https://www.facebook.com/WoodchuckCider,https://www.instagram.com/woodchuckcider/,https://maps.google.com/?cid=9402882086420367798,https://www.yelp.com/biz/woodchuck-hard-cidery-middlebury,https://www.tripadvisor.com/Attraction_Review-g57245-d7022345,https://untappd.com/w/woodchuck-cidery/611,44.034072,-73.172778,0
44,2016,New England Cider,🥇 Gold,2 Towns Ciderhouse,Bad Apple,Oregon,United States,Oregon,67,Active,2 Towns Ciderhouse,http://www.2townsciderhouse.com/,https://www.facebook.com/2townsciderhouse,https://www.instagram.com/2townscider/,https://maps.google.com/?cid=10429935694700508047,https://www.yelp.com/biz/2-towns-ciderhouse-corvallis,https://www.tripadvisor.com/Attraction_Review-g51817-d3417221,https://untappd.com/w/2-towns-ciderhouse/12975,44.563505,-123.226185,0
45,2016,New England Cider,🥈 Silver,Angry Orchard Cider Company,Walden Hollow,New York,United States,Massachusetts,87,Active,Angry Orchard,https://www.angryorchard.com/,https://www.facebook.com/AngryOrchard/,https://www.instagram.com/angryorchard/,https://maps.google.com/?cid=17467507983407382578,https://www.yelp.com/biz/angry-orchard-walden-2,https://www.tripadvisor.com/Attraction_Review-g48788-d10266026,https://untappd.com/w/angry-orchard-cider-company/16455,41.587128,-74.221692,0
46,2016,New England Cider,🥉 Bronze,Ace Cider,Ace Space,California,United States,California,179,Active,ACE Cider,http://www.acecider.com/,https://www.facebook.com/AceCider,https://www.instagram.com/acecider/,,https://www.yelp.com/biz/ace-premium-hard-ciders-sebastopol,https://www.tripadvisor.com/Attraction_Review-g33069-d3626497,https://untappd.com/w/ace-cider-the-california-cider-company/331,38.423506,-122.849754,0
47,2016,Fruit,🥇 Gold,West Avenue Cider,Bohemian Raspberry,Ontario,Canada,Canada,864,Active,West Avenue Cider,https://www.westavenue.ca/,https://www.facebook.com/WestAvenueCider,https://www.instagram.com/westavenuecider/,https://maps.google.com/?cid=2732627738094534556,https://www.yelp.com/biz/west-avenue-cider-house-freelton,https://www.tripadvisor.com/Attraction_Review-g154990-d15192590,https://untappd.com/w/west-avenue-cider/72499,43.3699543,-79.9815735,0
48,2016,Fruit,🥇 Gold,Austin Eastciders,Pineapple,Texas,United States,Texas,104,Active,Austin Eastciders,http://austineastciders.com/,https://www.facebook.com/eastciders/,https://www.instagram.com/eastciders/,https://maps.google.com/?cid=14699519440178528476,https://www.yelp.com/biz/austin-eastciders-collaboratory-austin,https://www.tripadvisor.com/Attraction_Review-g30196-d8561332,https://untappd.com/w/austin-eastciders/18898,30.211595,-97.7404707,0
49,2016,Fruit,🥈 Silver,Common Cider Company,Blood Orange Tangerine,California,United States,California,211,Inactive,Common Cider Company,,,,,,,,38.950812,-121.084227,1
50,2016,Fruit,🥉 Bronze,Ciderboys,Pineapple Hula,Wisconsin,United States,Wisconsin,196,Active,Ciderboys,http://www.ciderboys.com/,https://www.facebook.com/Ciderboys,https://www.instagram.com/Ciderboys/,https://maps.google.com/?cid=1756122992587390562,https://www.yelp.com/biz/stevens-point-brewery-stevens-point,https://www.tripadvisor.com/Attraction_Review-g60304-d2265035,https://untappd.com/w/ciderboys-hard-cider/44552,44.510454,-89.573583,0
51,2016,Fruit and Berry,🥇 Gold,Incline Cider,Marionberry,Washington,United States,Washington,345,Active,Incline Cider Company,http://www.inclinecider.com/,https://www.facebook.com/inclinecider/,https://www.instagram.com/inclinecider/,https://maps.google.com/?cid=504944612388443997,https://www.yelp.com/biz/incline-cider-house-tacoma,https://www.tripadvisor.com/Attraction_Review-g58775-d22266571,https://untappd.com/w/incline-cider-company/249584,47.307323,-122.228453,0
52,2016,Fruit and Berry,🥈 Silver,401 Brewery,Cranberry Apple Cider,Ontario,Canada,Canada,716,Active,401 Cider Brewery,https://www.401cidercompany.com/,https://www.facebook.com/401CiderBrewery/,https://www.instagram.com/401ciderbrewery/,https://maps.google.com/?cid=15904679425375007750,https://www.yelp.com/biz/the-big-apple-colborne,https://www.tripadvisor.com/Attraction_Review-g5414486-d586711,https://untappd.com/w/401-brewery/207707,44.0219637,-77.9059336,0
53,2016,Fruit and Berry,🥉 Bronze,Green Bench Mead & Cider,Raspberry Rooftop,Florida,United States,Florida,306,Active,Green Bench Brewing Co.,https://www.greenbenchbrewing.com/,https://www.facebook.com/GreenBenchBrewing/,https://www.instagram.com/greenbenchmeadcider/,https://maps.google.com/?cid=4473987284585319628,https://www.yelp.com/biz/green-bench-brewing-company-st-petersburg,https://www.tripadvisor.com/Attraction_Review-g34607-d8505685,https://untappd.com/w/green-bench-mead-cider/184191,27.771864,-82.650644,0
54,2016,Applewine,🥇 Gold,Angry Orchard Cider Company,The Muse,New York,United States,Massachusetts,87,Active,Angry Orchard,https://www.angryorchard.com/,https://www.facebook.com/AngryOrchard/,https://www.instagram.com/angryorchard/,https://maps.google.com/?cid=17467507983407382578,https://www.yelp.com/biz/angry-orchard-walden-2,https://www.tripadvisor.com/Attraction_Review-g48788-d10266026,https://untappd.com/w/angry-orchard-cider-company/16455,41.587128,-74.221692,0
55,2016,Applewine,🥈 Silver,Ace Cider,Ace BlackJack,California,United States,California,179,Active,ACE Cider,http://www.acecider.com/,https://www.facebook.com/AceCider,https://www.instagram.com/acecider/,,https://www.yelp.com/biz/ace-premium-hard-ciders-sebastopol,https://www.tripadvisor.com/Attraction_Review-g33069-d3626497,https://untappd.com/w/ace-cider-the-california-cider-company/331,38.423506,-122.849754,0
56,2016,Hopped / Herbal,🥇 Gold,Bold Rock Cider,Bold Rock IPA,North Carolina,United States,Virginia,152,Active,Bold Rock Hard Cider,https://boldrock.com/,https://www.facebook.com/BoldRockHardCider/,https://www.instagram.com/boldrockhardcider/,https://maps.google.com/?cid=10604087929796439877,https://www.yelp.com/biz/bold-rock-hard-cider-mills-river-mills-river,https://www.tripadvisor.com/Attraction_Review-g1552723-d8862147,https://untappd.com/v/bold-rock-mills-river-cidery/3954545,35.376397,-82.559219,0
57,2016,Hopped / Herbal,🥈 Silver,Appalachian Mountain Cidery,Mystic Dragon,North Carolina,United States,North Carolina,90,Active,Appalachian Mountain Brewery,https://www.amb.beer/,https://www.facebook.com/appalachianmountain.brewery/,https://www.instagram.com/appalachianmountainbrewery/,https://maps.google.com/?cid=5564632093346928631,https://www.yelp.com/biz/appalachian-mountain-brewery-boone,https://www.tripadvisor.com/Attraction_Review-g48975-d4185372,https://untappd.com/w/appalachian-mountain-cidery/199566,36.203368,-81.668439,0
58,2016,Hopped / Herbal,🥉 Bronze,Big B's Fabulous Juices,Chester Hoppearcot,Colorado,United States,Colorado,126,Active,Big B's Hard Cider,https://www.bigbs.com/,https://www.facebook.com/visitbigbs,https://www.instagram.com/drinkbigbs,https://maps.google.com/?cid=78577038036310991,https://www.yelp.com/biz/delicious-orchards-hotchkiss,https://www.tripadvisor.com/Restaurant_Review-g33588-d4471856,https://untappd.com/w/big-bs-fabulous-juices/100389,38.860785,-107.626061,0
59,2016,Apple Pie Spiced,🥇 Gold,d's Wicked Cider,Baked Apple,Washington,United States,Washington,229,Active,d's Wicked Cider,http://dswickedcider.com/,https://www.facebook.com/dswickedcider/,https://www.instagram.com/dswickedciderco/,https://maps.google.com/?cid=2860292587896986843,https://www.yelp.com/biz/sun-river-vintners-kennewick,https://www.tripadvisor.com/Attraction_Review-g58536-d13007264,https://untappd.com/w/ds-wicked-cider/158215,46.20084,-119.246466,0
60,2016,Apple Pie Spiced,🥈 Silver,Vermont Cider Company,Woodchuck Seasonal Fall Harvest,Vermont,United States,Vermont,664,Active,Vermont Cider Company,http://www.woodchuck.com/,https://www.facebook.com/WoodchuckCider,https://www.instagram.com/woodchuckcider/,https://maps.google.com/?cid=9402882086420367798,https://www.yelp.com/biz/woodchuck-hard-cidery-middlebury,https://www.tripadvisor.com/Attraction_Review-g57245-d7022345,https://untappd.com/w/woodchuck-cidery/611,44.034072,-73.172778,0
61,2016,Apple Pie Spiced,🥉 Bronze,Schillings Cider,Spiced Chai,Washington,United States,Washington,550,Active,Schilling Cider,https://schillingcider.com/,https://www.facebook.com/SchillingCider/,https://www.instagram.com/schillingcider/,https://maps.google.com/?cid=12281308087911884522,,,https://untappd.com/w/schilling-cider/62413,47.347243,-122.233995,0
62,2016,Spiced,🥇 Gold,2 Towns Ciderhouse,Ginga Ninga,Oregon,United States,Oregon,67,Active,2 Towns Ciderhouse,http://www.2townsciderhouse.com/,https://www.facebook.com/2townsciderhouse,https://www.instagram.com/2townscider/,https://maps.google.com/?cid=10429935694700508047,https://www.yelp.com/biz/2-towns-ciderhouse-corvallis,https://www.tripadvisor.com/Attraction_Review-g51817-d3417221,https://untappd.com/w/2-towns-ciderhouse/12975,44.563505,-123.226185,0
63,2016,Spiced,🥈 Silver,Angry Orchard Cider Company,Cinnful Apple,New York,United States,Massachusetts,87,Active,Angry Orchard,https://www.angryorchard.com/,https://www.facebook.com/AngryOrchard/,https://www.instagram.com/angryorchard/,https://maps.google.com/?cid=17467507983407382578,https://www.yelp.com/biz/angry-orchard-walden-2,https://www.tripadvisor.com/Attraction_Review-g48788-d10266026,https://untappd.com/w/angry-orchard-cider-company/16455,41.587128,-74.221692,0
64,2016,Spiced,🥉 Bronze,Seattle Cider Company,Three Pepper,Washington,United States,Washington,553,Active,Seattle Cider Company,http://www.seattlecidercompany.com/,https://www.facebook.com/SeattleCiderCo,https://www.instagram.com/seattleciderco/,https://maps.google.com/?cid=10339393864619567754,https://www.yelp.com/biz/seattle-cider-company-seattle,,https://untappd.com/w/seattle-cider-company/75923,47.560327,-122.337605,0
65,2016,Spiced,🥉 Bronze,Ciderboys Hard Cider,Mad Bark,Wisconsin,United States,Wisconsin,196,Active,Ciderboys,http://www.ciderboys.com/,https://www.facebook.com/Ciderboys,https://www.instagram.com/Ciderboys/,https://maps.google.com/?cid=1756122992587390562,https://www.yelp.com/biz/stevens-point-brewery-stevens-point,https://www.tripadvisor.com/Attraction_Review-g60304-d2265035,https://untappd.com/w/ciderboys-hard-cider/44552,44.510454,-89.573583,0
66,2016,Wood-Aged,🥇 Gold,Sapsucker Farms,Yellow Belly Barrel Aged,Minnesota,United States,Minnesota,545,Active,Sapsucker Farms Yellow Belly Cidery,https://www.sapsuckerfarms.com/,https://www.facebook.com/YellowBellyCider/,https://www.instagram.com/sapsuckerfarms/,https://maps.google.com/?cid=10529182272851607589,https://www.yelp.com/biz/sapsucker-farms-yellow-belly-cidery-mora,https://www.tripadvisor.com/Attraction_Review-g43337-d15594799,https://untappd.com/w/sapsucker-farms/187535,45.8970174,-93.152247,0
67,2016,Wood-Aged,🥈 Silver,Urban Tree Hard Cider,Barrel Age,Georgia,United States,Georgia,661,Active,Urban Tree Hard Cider,https://urbantreecidery.com/,https://www.facebook.com/UrbanTreeCider/,https://www.instagram.com/urbantreecider/,,,,https://untappd.com/w/urban-tree-cidery/260157,33.794905,-84.414797,0
68,2016,Wood-Aged,🥉 Bronze,Vermont Cider Company,Wassail,Vermont,United States,Vermont,664,Active,Vermont Cider Company,http://www.woodchuck.com/,https://www.facebook.com/WoodchuckCider,https://www.instagram.com/woodchuckcider/,https://maps.google.com/?cid=9402882086420367798,https://www.yelp.com/biz/woodchuck-hard-cidery-middlebury,https://www.tripadvisor.com/Attraction_Review-g57245-d7022345,https://untappd.com/w/woodchuck-cidery/611,44.034072,-73.172778,0
69,2016,Specialty,🥇 Gold,Citizen Cider,Dirty Mayor,Vermont,United States,Vermont,199,Active,Citizen Cider,https://www.citizencider.com/,https://www.facebook.com/citizencider,https://www.instagram.com/citizencider/,https://maps.google.com/?cid=705537445817027258,https://www.yelp.com/biz/citizen-cider-burlington,https://www.tripadvisor.com/Restaurant_Review-g57201-d6924616,https://untappd.com/w/citizen-cider/24209,44.470722,-73.214282,0
70,2016,Specialty,🥈 Silver,Angry Orchard Cider Company,The Old Fashioned,New York,United States,Massachusetts,87,Active,Angry Orchard,https://www.angryorchard.com/,https://www.facebook.com/AngryOrchard/,https://www.instagram.com/angryorchard/,https://maps.google.com/?cid=17467507983407382578,https://www.yelp.com/biz/angry-orchard-walden-2,https://www.tripadvisor.com/Attraction_Review-g48788-d10266026,https://untappd.com/w/angry-orchard-cider-company/16455,41.587128,-74.221692,0
71,2016,Specialty,🥉 Bronze,Spirit Tree Estate Cidery,Pumpkin Cider,Ontario,Canada,Canada,835,Active,Spirit Tree Estate Cidery,https://spirittreecider.com/,https://www.facebook.com/spirittreecider/,https://www.instagram.com/spirittreecider/,https://maps.google.com/?cid=4800485022282341419,https://www.yelp.com/biz/spirit-tree-estate-cidery-caledon,https://www.tripadvisor.com/Attraction_Review-g671618-d2173333,https://untappd.com/w/spirit-tree-estate-cidery/14271,43.757858,-79.9424878,0
72,2016,Unlimited,🥇 Gold,Bold Rock Cider,Virgina Apple,North Carolina,United States,Virginia,152,Active,Bold Rock Hard Cider,https://boldrock.com/,https://www.facebook.com/BoldRockHardCider/,https://www.instagram.com/boldrockhardcider/,https://maps.google.com/?cid=10604087929796439877,https://www.yelp.com/biz/bold-rock-hard-cider-mills-river-mills-river,https://www.tripadvisor.com/Attraction_Review-g1552723-d8862147,https://untappd.com/v/bold-rock-mills-river-cidery/3954545,35.376397,-82.559219,0
73,2016,Unlimited,🥈 Silver,Samuel Smiths,Organic Cider,North Yorkshire,England,England,3342,Active,Samuel Smith's Brewery,https://samuelsmithsbrewery.co.uk/,https://www.facebook.com/samuelsmithsbrewery/,https://www.instagram.com/samuelsmithsbrewery/,https://maps.google.com/?cid=15178745194059809638,,,https://untappd.com/SamuelSmiths,53.883796,-1.261378,0
74,2016,Unlimited,🥉 Bronze,Samuel Smiths,Organic Perry,North Yorkshire,England,England,3342,Active,Samuel Smith's Brewery,https://samuelsmithsbrewery.co.uk/,https://www.facebook.com/samuelsmithsbrewery/,https://www.instagram.com/samuelsmithsbrewery/,https://maps.google.com/?cid=15178745194059809638,,,https://untappd.com/SamuelSmiths,53.883796,-1.261378,0
75,2016,Anything Goes,🥇 Gold,Cidergeist,Brett,Ohio,United States,Ohio,515,Active,Rhinegeist Brewery,https://rhinegeist.com/,https://www.facebook.com/rhinegeist,https://www.instagram.com/rhinegeist/,https://maps.google.com/?cid=4624817204033581156,https://www.yelp.com/biz/rhinegeist-brewery-cincinnati,https://www.tripadvisor.com/Attraction_Review-g60993-d8618371,https://untappd.com/w/rhinegeist-brewery/69953,39.117266,-84.520101,0
76,2016,Anything Goes,🥈 Silver,2 Towns Ciderhouse,2014 Afton Field,Oregon,United States,Oregon,67,Active,2 Towns Ciderhouse,http://www.2townsciderhouse.com/,https://www.facebook.com/2townsciderhouse,https://www.instagram.com/2townscider/,https://maps.google.com/?cid=10429935694700508047,https://www.yelp.com/biz/2-towns-ciderhouse-corvallis,https://www.tripadvisor.com/Attraction_Review-g51817-d3417221,https://untappd.com/w/2-towns-ciderhouse/12975,44.563505,-123.226185,0
77,2016,Anything Goes,🥉 Bronze,Angry Orchard Cider Company,Angry Orchard Strawman,New York,United States,Massachusetts,87,Active,Angry Orchard,https://www.angryorchard.com/,https://www.facebook.com/AngryOrchard/,https://www.instagram.com/angryorchard/,https://maps.google.com/?cid=17467507983407382578,https://www.yelp.com/biz/angry-orchard-walden-2,https://www.tripadvisor.com/Attraction_Review-g48788-d10266026,https://untappd.com/w/angry-orchard-cider-company/16455,41.587128,-74.221692,0
78,2017,New World Cider,🥇 Gold,Niagara College Teaching Winery,Cider 101,Ontario,Canada,Canada,812,Active,Niagara College Teaching Winery,https://www.ncteachingwinery.ca/,https://www.facebook.com/nctwinery/,https://www.instagram.com/nctwinery/,https://maps.google.com/?cid=2529664632400053188,https://www.yelp.com/biz/niagara-college-teaching-winery-niagara-on-the-lake,https://www.tripadvisor.com/Attraction_Review-g154999-d2414360,https://untappd.com/w/niagara-college-teaching-winery/390649,43.150451,-79.165647,0
79,2017,New World Cider,🥈 Silver,Virtue Cider,Michigan Brut,Michigan,United States,Michigan,63,Active,Virtue Cider,http://www.virtuecider.com/,https://www.facebook.com/virtuecider,https://www.instagram.com/virtuecider/,https://maps.google.com/?cid=8731167836057791034,https://www.yelp.com/biz/virtue-farm-fennville,https://www.tripadvisor.com/Attraction_Review-g42198-d7159911,https://untappd.com/w/virtue-cider/24608,42.57688,-86.15187,0
80,2017,New World Cider,🥉 Bronze,White Winter Winery,Northern Highlands Hard Cider,Wisconsin,United States,Wisconsin,681,Active,White Winter Winery,https://whitewinter.com/,https://www.facebook.com/WhiteWinterWinery/,,https://maps.google.com/?cid=13642608818447326025,https://www.yelp.com/biz/white-winter-winery-iron-river,https://www.tripadvisor.com/Attraction_Review-g59986-d2457860,https://untappd.com/w/white-winter-winery/1359,46.565581,-91.418129,0
81,2017,English Cider,🥇 Gold,Winesellers Ltd,Dunkertons Dry CIder,Herefordshire,England,United Kingdon,1133,Active,Dunkertons Cider and Perry,https://www.dunkertonscider.co.uk/,https://www.facebook.com/dunkertonsorganiccider/,https://www.instagram.com/dunkertonscider/,https://maps.google.com/?cid=4719921113153419800,,,https://untappd.com/brewery/12988,51.8771374,-2.0279869,0
82,2017,English Cider,🥈 Silver,Vermont Cider Company,Magners Original Cider,Vermont,United States,Vermont,664,Active,Vermont Cider Company,http://www.woodchuck.com/,https://www.facebook.com/WoodchuckCider,https://www.instagram.com/woodchuckcider/,https://maps.google.com/?cid=9402882086420367798,https://www.yelp.com/biz/woodchuck-hard-cidery-middlebury,https://www.tripadvisor.com/Attraction_Review-g57245-d7022345,https://untappd.com/w/woodchuck-cidery/611,44.034072,-73.172778,0
83,2017,English Cider,🥉 Bronze,Portland Cider Company,Union Jack,Oregon,United States,Oregon,490,Active,Portland Cider Company,http://portlandcider.com/,https://www.facebook.com/portlandcider,https://www.instagram.com/portlandcider/,https://maps.google.com/?cid=5897814277091816079,https://www.yelp.com/biz/portland-cider-company-clackamas,https://www.tripadvisor.com/Restaurant_Review-g51806-d6996793,https://untappd.com/w/portland-cider-company/56260,45.415288,-122.572714,0
84,2017,New World Perry,🥇 Gold,Portland Cider Company,Pearfect Perry,Oregon,United States,Oregon,490,Active,Portland Cider Company,http://portlandcider.com/,https://www.facebook.com/portlandcider,https://www.instagram.com/portlandcider/,https://maps.google.com/?cid=5897814277091816079,https://www.yelp.com/biz/portland-cider-company-clackamas,https://www.tripadvisor.com/Restaurant_Review-g51806-d6996793,https://untappd.com/w/portland-cider-company/56260,45.415288,-122.572714,0
85,2017,Traditional Perry,🥇 Gold,Cidrerie Daufresne,Daufresne Poire Cidre,Normandy,France,France,2178,Active,Domaine des 5 D,http://cidreriedaufresne.com/,https://www.facebook.com/profile.php?id=100069411953752,,https://maps.google.com/?cid=8401719320995507859,,,https://untappd.com/CidrerieDaufresne,49.1786404,0.2045199,0
86,2017,Traditional Perry,🥈 Silver,Angry Orchard Cider Company,Angry Orchard Perry,New York,United States,New York,87,Active,Angry Orchard,https://www.angryorchard.com/,https://www.facebook.com/AngryOrchard/,https://www.instagram.com/angryorchard/,https://maps.google.com/?cid=17467507983407382578,https://www.yelp.com/biz/angry-orchard-walden-2,https://www.tripadvisor.com/Attraction_Review-g48788-d10266026,https://untappd.com/w/angry-orchard-cider-company/16455,41.587128,-74.221692,0
87,2017,Traditional Perry,🥉 Bronze,Dunkerton's,Dunkertons Perry(Organic),Herefordshire,England,England,1133,Active,Dunkertons Cider and Perry,https://www.dunkertonscider.co.uk/,https://www.facebook.com/dunkertonsorganiccider/,https://www.instagram.com/dunkertonscider/,https://maps.google.com/?cid=4719921113153419800,,,https://untappd.com/brewery/12988,51.8771374,-2.0279869,0
88,2017,New England Cider,🥇 Gold,Heritage Estate Winery & Cidery,Heirloom Apple Cider,Ontario,Canada,Canada,790,Active,Heritage Estate Winery & Cidery,https://heritageestate.ca/,https://www.facebook.com/estateheritage/,https://www.instagram.com/estateheritage/,https://maps.google.com/?cid=9239224592277777662,,https://www.tripadvisor.com/Attraction_Review-g154980-d11864452,https://untappd.com/w/heritage-estate-winery-cidery/281135,44.421019,-79.643167,0
89,2017,New England Cider,🥈 Silver,Angry Orchard Cider Company,Walden Hollow,New York,United States,New York,87,Active,Angry Orchard,https://www.angryorchard.com/,https://www.facebook.com/AngryOrchard/,https://www.instagram.com/angryorchard/,https://maps.google.com/?cid=17467507983407382578,https://www.yelp.com/biz/angry-orchard-walden-2,https://www.tripadvisor.com/Attraction_Review-g48788-d10266026,https://untappd.com/w/angry-orchard-cider-company/16455,41.587128,-74.221692,0
90,2017,New England Cider,🥉 Bronze,2 Towns Ciderhouse,Bad Apple,Oregon,United States,Oregon,67,Active,2 Towns Ciderhouse,http://www.2townsciderhouse.com/,https://www.facebook.com/2townsciderhouse,https://www.instagram.com/2townscider/,https://maps.google.com/?cid=10429935694700508047,https://www.yelp.com/biz/2-towns-ciderhouse-corvallis,https://www.tripadvisor.com/Attraction_Review-g51817-d3417221,https://untappd.com/w/2-towns-ciderhouse/12975,44.563505,-123.226185,0
91,2017,Fruit,🥇 Gold,California Cider Company,Ace Perry Hard Cider,California,United States,California,179,Active,ACE Cider,http://www.acecider.com/,https://www.facebook.com/AceCider,https://www.instagram.com/acecider/,,https://www.yelp.com/biz/ace-premium-hard-ciders-sebastopol,https://www.tripadvisor.com/Attraction_Review-g33069-d3626497,https://untappd.com/w/ace-cider-the-california-cider-company/331,38.423506,-122.849754,0
92,2017,Fruit,🥈 Silver,Garage D'or Ciders,Hail Storm,Ontario,Canada,Canada,789,Inactive,Garage D'or Ciders,,,,,,,,43.045335,-79.285449,1
93,2017,Fruit,🥉 Bronze,Ciderboys Cider Co.,Ciderboys Peach County,Wisconsin,United States,Wisconsin,196,Active,Ciderboys,http://www.ciderboys.com/,https://www.facebook.com/Ciderboys,https://www.instagram.com/Ciderboys/,https://maps.google.com/?cid=1756122992587390562,https://www.yelp.com/biz/stevens-point-brewery-stevens-point,https://www.tripadvisor.com/Attraction_Review-g60304-d2265035,https://untappd.com/w/ciderboys-hard-cider/44552,44.510454,-89.573583,0
94,2017,Pineapple,🥇 Gold,Schilling Cider,Passport,Washington,United States,Washington,550,Active,Schilling Cider,https://schillingcider.com/,https://www.facebook.com/SchillingCider/,https://www.instagram.com/schillingcider/,https://maps.google.com/?cid=12281308087911884522,,,https://untappd.com/w/schilling-cider/62413,47.347243,-122.233995,0
95,2017,Pineapple,🥈 Silver,Florida Beer Company,Carebe Tropical Hard Cider Pineapple,Florida,United States,Florida,2252,Active,Caribé Tropical Hard Cider,https://caribbreweryusa.com/,https://www.facebook.com/people/Carib-Brewery-USA/100071513900968/,,https://maps.google.com/?cid=5794166466253271261,https://www.yelp.com/biz/carib-brewery-usa-cape-canaveral,,https://untappd.com/floridabeer,28.3989852,-80.6114347,0
96,2017,Pineapple,🥉 Bronze,Ciderboy Cider Co.,Ciderboys Pineapple Hula,Wisconsin,United States,Wisconsin,196,Active,Ciderboys,http://www.ciderboys.com/,https://www.facebook.com/Ciderboys,https://www.instagram.com/Ciderboys/,https://maps.google.com/?cid=1756122992587390562,https://www.yelp.com/biz/stevens-point-brewery-stevens-point,https://www.tripadvisor.com/Attraction_Review-g60304-d2265035,https://untappd.com/w/ciderboys-hard-cider/44552,44.510454,-89.573583,0
97,2017,Pineapple,🥉 Bronze,Turquoise Barn Cider,Apple Pineapple Hard Cider,California,United States,California,651,Active,Turquoise Barn Cider,http://www.turquoisebarncider.com/,https://www.facebook.com/turquoisebarncider,https://www.instagram.com/turquoisebarncider/,https://maps.google.com/?cid=11982641167925504503,https://www.yelp.com/biz/turquoise-barn-cider-ramona,,https://untappd.com/w/turquoise-barn-cider/210564,33.052195,-116.874474,0
98,2017,Cherry,🥇 Gold,Urban Tree Hard Cider,Wild On Cherry,Georgia,United States,Georgia,661,Active,Urban Tree Hard Cider,https://urbantreecidery.com/,https://www.facebook.com/UrbanTreeCider/,https://www.instagram.com/urbantreecider/,,,,https://untappd.com/w/urban-tree-cidery/260157,33.794905,-84.414797,0
99,2017,Cherry,🥈 Silver,Virtue Cider,Seedling Orchard Schaerbeek,Michigan,United States,Michigan,63,Active,Virtue Cider,http://www.virtuecider.com/,https://www.facebook.com/virtuecider,https://www.instagram.com/virtuecider/,https://maps.google.com/?cid=8731167836057791034,https://www.yelp.com/biz/virtue-farm-fennville,https://www.tripadvisor.com/Attraction_Review-g42198-d7159911,https://untappd.com/w/virtue-cider/24608,42.57688,-86.15187,0
100,2017,Cherry,🥉 Bronze,Cider House of Wisconsin,Cherry Flight,Wisconsin,United States,Wisconsin,1804,Inactive,Cider House of Wisconsin,,,,,,,,42.982849,-89.329972,1
101,2017,Cherry,🥉 Bronze,Citizen Cider,Companion,Vermont,United States,Vermont,199,Active,Citizen Cider,https://www.citizencider.com/,https://www.facebook.com/citizencider,https://www.instagram.com/citizencider/,https://maps.google.com/?cid=705537445817027258,https://www.yelp.com/biz/citizen-cider-burlington,https://www.tripadvisor.com/Restaurant_Review-g57201-d6924616,https://untappd.com/w/citizen-cider/24209,44.470722,-73.214282,0
102,2017,Fruit and Berry,🥇 Gold,Ciderboys Cider Co.,Ciderboys Strawberry Magic,Wisconsin,United States,Wisconsin,196,Active,Ciderboys,http://www.ciderboys.com/,https://www.facebook.com/Ciderboys,https://www.instagram.com/Ciderboys/,https://maps.google.com/?cid=1756122992587390562,https://www.yelp.com/biz/stevens-point-brewery-stevens-point,https://www.tripadvisor.com/Attraction_Review-g60304-d2265035,https://untappd.com/w/ciderboys-hard-cider/44552,44.510454,-89.573583,0
103,2017,Fruit and Berry,🥈 Silver,Ciderboys Cider Co.,Ciderboys Cranberry Road,Wisconsin,United States,Wisconsin,196,Active,Ciderboys,http://www.ciderboys.com/,https://www.facebook.com/Ciderboys,https://www.instagram.com/Ciderboys/,https://maps.google.com/?cid=1756122992587390562,https://www.yelp.com/biz/stevens-point-brewery-stevens-point,https://www.tripadvisor.com/Attraction_Review-g60304-d2265035,https://untappd.com/w/ciderboys-hard-cider/44552,44.510454,-89.573583,0
104,2017,Fruit and Berry,🥉 Bronze,Schilling Cider,Mischief Maker,Washington,United States,Washingon,550,Active,Schilling Cider,https://schillingcider.com/,https://www.facebook.com/SchillingCider/,https://www.instagram.com/schillingcider/,https://maps.google.com/?cid=12281308087911884522,,,https://untappd.com/w/schilling-cider/62413,47.347243,-122.233995,0
105,2017,Applewine,🥇 Gold,Heritage Estate Winery and Cidery,Applewine,Ontario,Canada,Canada,790,Active,Heritage Estate Winery & Cidery,https://heritageestate.ca/,https://www.facebook.com/estateheritage/,https://www.instagram.com/estateheritage/,https://maps.google.com/?cid=9239224592277777662,,https://www.tripadvisor.com/Attraction_Review-g154980-d11864452,https://untappd.com/w/heritage-estate-winery-cidery/281135,44.421019,-79.643167,0
106,2017,Applewine,🥈 Silver,2 Towns Ciderhouse,Serious Scrump,Oregon,United States,Oregon,67,Active,2 Towns Ciderhouse,http://www.2townsciderhouse.com/,https://www.facebook.com/2townsciderhouse,https://www.instagram.com/2townscider/,https://maps.google.com/?cid=10429935694700508047,https://www.yelp.com/biz/2-towns-ciderhouse-corvallis,https://www.tripadvisor.com/Attraction_Review-g51817-d3417221,https://untappd.com/w/2-towns-ciderhouse/12975,44.563505,-123.226185,0
107,2017,Applewine,🥉 Bronze,Angry Orchard Cider Company,The Muse,New York,United States,New York,87,Active,Angry Orchard,https://www.angryorchard.com/,https://www.facebook.com/AngryOrchard/,https://www.instagram.com/angryorchard/,https://maps.google.com/?cid=17467507983407382578,https://www.yelp.com/biz/angry-orchard-walden-2,https://www.tripadvisor.com/Attraction_Review-g48788-d10266026,https://untappd.com/w/angry-orchard-cider-company/16455,41.587128,-74.221692,0
108,2017,Herbal,🥇 Gold,Seattle Cider Company,Basil Mint,Washington,United States,Washington,553,Active,Seattle Cider Company,http://www.seattlecidercompany.com/,https://www.facebook.com/SeattleCiderCo,https://www.instagram.com/seattleciderco/,https://maps.google.com/?cid=10339393864619567754,https://www.yelp.com/biz/seattle-cider-company-seattle,,https://untappd.com/w/seattle-cider-company/75923,47.560327,-122.337605,0
109,2017,Herbal,🥈 Silver,Incline Cider Company,The Legend Lemongrass,Washington,United States,Washington,345,Active,Incline Cider Company,http://www.inclinecider.com/,https://www.facebook.com/inclinecider/,https://www.instagram.com/inclinecider/,https://maps.google.com/?cid=504944612388443997,https://www.yelp.com/biz/incline-cider-house-tacoma,https://www.tripadvisor.com/Attraction_Review-g58775-d22266571,https://untappd.com/w/incline-cider-company/249584,47.307323,-122.228453,0
110,2017,Herbal,🥈 Silver,Appalachian Mountain Cidery,Mystic Dragon,North Carolina,United States,North Carolina,90,Active,Appalachian Mountain Brewery,https://www.amb.beer/,https://www.facebook.com/appalachianmountain.brewery/,https://www.instagram.com/appalachianmountainbrewery/,https://maps.google.com/?cid=5564632093346928631,https://www.yelp.com/biz/appalachian-mountain-brewery-boone,https://www.tripadvisor.com/Attraction_Review-g48975-d4185372,https://untappd.com/w/appalachian-mountain-cidery/199566,36.203368,-81.668439,0
111,2017,Herbal,🥉 Bronze,Broski Ciderworks,Broski Elderflower,Florida,United States,Florida,167,Inactive,Broski Ciderworks,,,,,,,,26.222228,-80.142524,1
112,2017,Hopped,🥇 Gold,Quantum Leap Winery,Pedaler's Hopped Up Hard Cider,Florida,United States,Florida,495,Active,Quantum Leap Winery,https://quantumleapwinery.com/,https://www.facebook.com/QuantumLeapWinery/,https://www.instagram.com/quantumleapwinery/,,,,https://untappd.com/w/quantum-leap-winery/237930,28.563136,-81.365641,0
113,2017,Hopped,🥈 Silver,Cidrerie Beaupre,Cidre Houblonn,Quebec,Canada,Canada,3177,Active,Groupe Geloso,https://groupegeloso.com/,https://www.facebook.com/groupegeloso/,,https://maps.google.com/?cid=14532853692172548925,,,https://untappd.com/w/cidre-beaupre-groupe-geloso/21487,45.6109278,-73.6737069,0
114,2017,Hopped,🥉 Bronze,Jack's Hard Cider,Dry Hopped,Pennsylvania,United States,Pennsylvania,353,Active,Atomic Dog Hard Cider,https://atomicdoghardcider.com/,https://www.facebook.com/atomicdoghardcider,,https://maps.google.com/?cid=7169999648774734369,https://www.yelp.com/biz/the-core-kitchen-at-atomic-dog-cidery-gettysburg,,https://untappd.com/w/atomic-dog-cidery/547121,39.7911774,-77.2006855,0
115,2017,Apple Pie Spiced,🥇 Gold,Portland Cider Company,Pumpkin Spice,Oregon,United States,Oregon,490,Active,Portland Cider Company,http://portlandcider.com/,https://www.facebook.com/portlandcider,https://www.instagram.com/portlandcider/,https://maps.google.com/?cid=5897814277091816079,https://www.yelp.com/biz/portland-cider-company-clackamas,https://www.tripadvisor.com/Restaurant_Review-g51806-d6996793,https://untappd.com/w/portland-cider-company/56260,45.415288,-122.572714,0
116,2017,Apple Pie Spiced,🥈 Silver,d's Wicked Cider,Baked Apple,Washington,United States,Washington,229,Active,d's Wicked Cider,http://dswickedcider.com/,https://www.facebook.com/dswickedcider/,https://www.instagram.com/dswickedciderco/,https://maps.google.com/?cid=2860292587896986843,https://www.yelp.com/biz/sun-river-vintners-kennewick,https://www.tripadvisor.com/Attraction_Review-g58536-d13007264,https://untappd.com/w/ds-wicked-cider/158215,46.20084,-119.246466,0
117,2017,Apple Pie Spiced,🥉 Bronze,Jack's Hard Cider,Fireside,Pennsylvania,United States,Pennsylvania,353,Active,Atomic Dog Hard Cider,https://atomicdoghardcider.com/,https://www.facebook.com/atomicdoghardcider,,https://maps.google.com/?cid=7169999648774734369,https://www.yelp.com/biz/the-core-kitchen-at-atomic-dog-cidery-gettysburg,,https://untappd.com/w/atomic-dog-cidery/547121,39.7911774,-77.2006855,0
118,2017,Spiced,🥇 Gold,Ciderboys Cider Co.,Mad Bark,Wisconsin,United States,Wisconsin,196,Active,Ciderboys,http://www.ciderboys.com/,https://www.facebook.com/Ciderboys,https://www.instagram.com/Ciderboys/,https://maps.google.com/?cid=1756122992587390562,https://www.yelp.com/biz/stevens-point-brewery-stevens-point,https://www.tripadvisor.com/Attraction_Review-g60304-d2265035,https://untappd.com/w/ciderboys-hard-cider/44552,44.510454,-89.573583,0
119,2017,Spiced,🥈 Silver,d's Wicked Cider,Cider Hammer,Washington,United States,Washington,229,Active,d's Wicked Cider,http://dswickedcider.com/,https://www.facebook.com/dswickedcider/,https://www.instagram.com/dswickedciderco/,https://maps.google.com/?cid=2860292587896986843,https://www.yelp.com/biz/sun-river-vintners-kennewick,https://www.tripadvisor.com/Attraction_Review-g58536-d13007264,https://untappd.com/w/ds-wicked-cider/158215,46.20084,-119.246466,0
120,2017,Spiced,🥉 Bronze,Seattle Cider Company,Three Pepper,Washington,United States,Washington,553,Active,Seattle Cider Company,http://www.seattlecidercompany.com/,https://www.facebook.com/SeattleCiderCo,https://www.instagram.com/seattleciderco/,https://maps.google.com/?cid=10339393864619567754,https://www.yelp.com/biz/seattle-cider-company-seattle,,https://untappd.com/w/seattle-cider-company/75923,47.560327,-122.337605,0
121,2017,Spiced,🥉 Bronze,Liquid Alchemy Beverages,Deeply-Rooted,Delaware,United States,Delaware,389,Active,Liquid Alchemy Beverages,https://www.liquidalchemybeverages.com/,https://www.facebook.com/LiquidAlchemyBeverages/,https://www.instagram.com/liquidalchemybeverages,https://maps.google.com/?cid=17392171192902258223,https://www.yelp.com/biz/liquid-alchemy-beverages-wilmington,https://www.tripadvisor.com/Attraction_Review-g34059-d12048635,https://untappd.com/w/liquid-alchemy-beverages/224415,39.729206,-75.580718,0
122,2017,Wood-Aged,🥇 Gold,Virtue Cider,Percheron,Michigan,United States,Michigan,63,Active,Virtue Cider,http://www.virtuecider.com/,https://www.facebook.com/virtuecider,https://www.instagram.com/virtuecider/,https://maps.google.com/?cid=8731167836057791034,https://www.yelp.com/biz/virtue-farm-fennville,https://www.tripadvisor.com/Attraction_Review-g42198-d7159911,https://untappd.com/w/virtue-cider/24608,42.57688,-86.15187,0
123,2017,Wood-Aged,🥈 Silver,White Winter Winery,Oak Island Oaked Hard Cider,Wisconsin,United States,Wisconsin,681,Active,White Winter Winery,https://whitewinter.com/,https://www.facebook.com/WhiteWinterWinery/,,https://maps.google.com/?cid=13642608818447326025,https://www.yelp.com/biz/white-winter-winery-iron-river,https://www.tripadvisor.com/Attraction_Review-g59986-d2457860,https://untappd.com/w/white-winter-winery/1359,46.565581,-91.418129,0
124,2017,Wood-Aged,🥉 Bronze,Foxcraft Hard Cider,Foxcraft Cranberry,California,United States,California,287,Inactive,Foxcraft Hard Cider,,,,,,,,38.441272,-122.714998,1
125,2017,Specialty,🥇 Gold,Cidrerie Beaupre',Verglas,Quebec,Canada,Canada,3177,Active,Groupe Geloso,https://groupegeloso.com/,https://www.facebook.com/groupegeloso/,,https://maps.google.com/?cid=14532853692172548925,,,https://untappd.com/w/cidre-beaupre-groupe-geloso/21487,45.6109278,-73.6737069,0
126,2017,Specialty,🥈 Silver,Virtue Cider,Michigan Honey,Michigan,United States,Michigan,63,Active,Virtue Cider,http://www.virtuecider.com/,https://www.facebook.com/virtuecider,https://www.instagram.com/virtuecider/,https://maps.google.com/?cid=8731167836057791034,https://www.yelp.com/biz/virtue-farm-fennville,https://www.tripadvisor.com/Attraction_Review-g42198-d7159911,https://untappd.com/w/virtue-cider/24608,42.57688,-86.15187,0
127,2017,Specialty,🥉 Bronze,California Cider Company,Ace spACE Bloody Orange,California,United States,California,179,Active,ACE Cider,http://www.acecider.com/,https://www.facebook.com/AceCider,https://www.instagram.com/acecider/,,https://www.yelp.com/biz/ace-premium-hard-ciders-sebastopol,https://www.tripadvisor.com/Attraction_Review-g33069-d3626497,https://untappd.com/w/ace-cider-the-california-cider-company/331,38.423506,-122.849754,0
128,2017,Specialty,🥉 Bronze,Green Bench Mead & Cider,Rooftop Cider,Florida,United States,Florida,306,Active,Green Bench Brewing Co.,https://www.greenbenchbrewing.com/,https://www.facebook.com/GreenBenchBrewing/,https://www.instagram.com/greenbenchmeadcider/,https://maps.google.com/?cid=4473987284585319628,https://www.yelp.com/biz/green-bench-brewing-company-st-petersburg,https://www.tripadvisor.com/Attraction_Review-g34607-d8505685,https://untappd.com/w/green-bench-mead-cider/184191,27.771864,-82.650644,0
129,2017,Unlimited,🥇 Gold,Vermont Cider,Woodchuck Granny Smith,Vermont,United States,Vermont,664,Active,Vermont Cider Company,http://www.woodchuck.com/,https://www.facebook.com/WoodchuckCider,https://www.instagram.com/woodchuckcider/,https://maps.google.com/?cid=9402882086420367798,https://www.yelp.com/biz/woodchuck-hard-cidery-middlebury,https://www.tripadvisor.com/Attraction_Review-g57245-d7022345,https://untappd.com/w/woodchuck-cidery/611,44.034072,-73.172778,0
130,2017,Unlimited,🥈 Silver,Samuel Smiths,Samuel Smiths Organic Perry,North Yorkshire,England,England,3342,Active,Samuel Smith's Brewery,https://samuelsmithsbrewery.co.uk/,https://www.facebook.com/samuelsmithsbrewery/,https://www.instagram.com/samuelsmithsbrewery/,https://maps.google.com/?cid=15178745194059809638,,,https://untappd.com/SamuelSmiths,53.883796,-1.261378,0
131,2017,Unlimited,🥉 Bronze,Bold Rock Cider,Virgina Apple,North Carolina,United States,Virginia,152,Active,Bold Rock Hard Cider,https://boldrock.com/,https://www.facebook.com/BoldRockHardCider/,https://www.instagram.com/boldrockhardcider/,https://maps.google.com/?cid=10604087929796439877,https://www.yelp.com/biz/bold-rock-hard-cider-mills-river-mills-river,https://www.tripadvisor.com/Attraction_Review-g1552723-d8862147,https://untappd.com/v/bold-rock-mills-river-cidery/3954545,35.376397,-82.559219,0
132,2017,Anything Goes,🥇 Gold,Ferme de Romilly,Ferme de Romilly Demi-sec,Normandy,France,France,2053,Active,Vergers de Romilly,https://vergersderomilly.com/,https://www.facebook.com/romillycidre/,https://www.instagram.com/romillycidre/,https://maps.google.com/?cid=17784069933896314553,,https://www.tripadvisor.com/Attraction_Review-g1009737-d2196474,https://untappd.com/RomillyFrenchCidre,49.3382641,-1.0293343,0
133,2017,Anything Goes,🥈 Silver,Brooklyn Cider House,Half Sour,New York,United States,New York,165,Active,Brooklyn Cider House,https://www.brooklynciderhouse.com/,https://www.facebook.com/brooklynciderhouse,https://www.instagram.com/brooklynciderhouse/,https://maps.google.com/?cid=3244654366527486527,https://www.yelp.com/biz/brooklyn-cider-house-new-paltz,https://www.tripadvisor.com/Attraction_Review-g48245-d8719294,https://untappd.com/w/brooklyn-cider-house/234267,41.757256,-74.04958,0
134,2017,Anything Goes,🥉 Bronze,Clafeld Fruit Winery and Ciderhouse,Elderflower,Ontario,Canada,Ontario,757,Active,Clafeld Cider House,https://www.waupooswinery.com/,https://www.facebook.com/clafeldcider/,https://www.instagram.com/clafeldcider/,https://maps.google.com/?cid=14335401017140852929,https://www.yelp.com/biz/clafeld-market-prince-edward,https://www.tripadvisor.com/Attraction_Review-g3454068-d14194483,https://untappd.com/w/clafeld-fruit-winery-market/207242,44.014915,-76.972342,0
135,2017,Single Varietal,🥇 Gold,Urban Tree Hard Cider,Vintage Gala,Georgia,United States,Georgia,661,Active,Urban Tree Hard Cider,https://urbantreecidery.com/,https://www.facebook.com/UrbanTreeCider/,https://www.instagram.com/urbantreecider/,,,,https://untappd.com/w/urban-tree-cidery/260157,33.794905,-84.414797,0
136,2017,Single Varietal,🥈 Silver,Big Hill Ciderworks,Dolgo Crabapple,Pennsylvania,United States,Pennsylvania,128,Active,Big Hill Ciderworks,https://www.bighillcider.com/,https://www.facebook.com/BigHillCider/,https://www.instagram.com/bighillciderworks,https://maps.google.com/?cid=11839293456795799865,https://www.yelp.com/biz/big-hill-ciderworks-gardners,https://www.tripadvisor.com/Restaurant_Review-g52702-d24083733,https://untappd.com/w/big-hill-ciderworks/126817,40.0277976,-77.2135009,0
137,2017,Single Varietal,🥉 Bronze,Angry Orchard,Newtown Pippin Vintage 2016,New York,United States,New York,87,Active,Angry Orchard,https://www.angryorchard.com/,https://www.facebook.com/AngryOrchard/,https://www.instagram.com/angryorchard/,https://maps.google.com/?cid=17467507983407382578,https://www.yelp.com/biz/angry-orchard-walden-2,https://www.tripadvisor.com/Attraction_Review-g48788-d10266026,https://untappd.com/w/angry-orchard-cider-company/16455,41.587128,-74.221692,0
138,2017,Ice Cider,🥇 Gold,West Avenue Cider,North by West,Ontario,Canada,Ontario,864,Active,West Avenue Cider,https://www.westavenue.ca/,https://www.facebook.com/WestAvenueCider,https://www.instagram.com/westavenuecider/,https://maps.google.com/?cid=2732627738094534556,https://www.yelp.com/biz/west-avenue-cider-house-freelton,https://www.tripadvisor.com/Attraction_Review-g154990-d15192590,https://untappd.com/w/west-avenue-cider/72499,43.3699543,-79.9815735,0
139,2017,Ice Cider,🥈 Silver,White Winter Winery,Eiszider,Wisconsin,United States,Wisconsin,681,Active,White Winter Winery,https://whitewinter.com/,https://www.facebook.com/WhiteWinterWinery/,,https://maps.google.com/?cid=13642608818447326025,https://www.yelp.com/biz/white-winter-winery-iron-river,https://www.tripadvisor.com/Attraction_Review-g59986-d2457860,https://untappd.com/w/white-winter-winery/1359,46.565581,-91.418129,0
140,2018,Modern Cider – Sweet,🥇 Gold,Arsenal Cider House,Event Blend,Pennsylvania,United States,,97,Active,Arsenal Cider House,https://www.arsenalciderhouse.com/lawrenceville/,https://www.facebook.com/ArsenalCider,https://www.instagram.com/arsenalcider/,https://maps.google.com/?cid=3302243150360255083,https://www.yelp.com/biz/arsenal-cider-house-and-wine-cellar-pittsburgh,https://www.tripadvisor.com/Attraction_Review-g53449-d4558019,https://untappd.com/w/arsenal-cider-house/12282,40.465108,-79.96092,0
141,2018,Modern Cider – Sweet,🥈 Silver,California Cider Company,Ace Apple Craft Cider,California,United States,,179,Active,ACE Cider,http://www.acecider.com/,https://www.facebook.com/AceCider,https://www.instagram.com/acecider/,,https://www.yelp.com/biz/ace-premium-hard-ciders-sebastopol,https://www.tripadvisor.com/Attraction_Review-g33069-d3626497,https://untappd.com/w/ace-cider-the-california-cider-company/331,38.423506,-122.849754,0
142,2018,Modern Cider – Sweet,🥉 Bronze,Heritage Estate Winery and Cidery,Eden's Apple,Ontario,Canada,,790,Active,Heritage Estate Winery & Cidery,https://heritageestate.ca/,https://www.facebook.com/estateheritage/,https://www.instagram.com/estateheritage/,https://maps.google.com/?cid=9239224592277777662,,https://www.tripadvisor.com/Attraction_Review-g154980-d11864452,https://untappd.com/w/heritage-estate-winery-cidery/281135,44.421019,-79.643167,0
143,2018,Modern Cider – Sweet,🥉 Bronze,Rekorderling Hard Cider,Hard Apple Cider,Kalmar,Sweden,,3461,Active,Rekorderlig,https://www.rekorderlig.se/,,,https://maps.google.com/?cid=288919773440364044,,,https://untappd.com/AbroBryggeri,57.6702576,15.8313602,0
144,2018,Modern Cider – Dry,🥇 Gold,Heritage Estate Winery and Cidery,Dragon's Gold,Ontario,Canada,,790,Active,Heritage Estate Winery & Cidery,https://heritageestate.ca/,https://www.facebook.com/estateheritage/,https://www.instagram.com/estateheritage/,https://maps.google.com/?cid=9239224592277777662,,https://www.tripadvisor.com/Attraction_Review-g154980-d11864452,https://untappd.com/w/heritage-estate-winery-cidery/281135,44.421019,-79.643167,0
145,2018,Modern Cider – Dry,🥈 Silver,Jeffrey Carlson,U Jays Modern Cider,Michigan,United States,,2575,Inactive,Jeff Carlson,,,,,,,,42.97887,-85.71474,1
146,2018,Modern Cider – Dry,🥉 Bronze,Virtue Cider,Michigan Brut,Michigan,United States,,63,Active,Virtue Cider,http://www.virtuecider.com/,https://www.facebook.com/virtuecider,https://www.instagram.com/virtuecider/,https://maps.google.com/?cid=8731167836057791034,https://www.yelp.com/biz/virtue-farm-fennville,https://www.tripadvisor.com/Attraction_Review-g42198-d7159911,https://untappd.com/w/virtue-cider/24608,42.57688,-86.15187,0
147,2018,Heritage Cider – Sweet,🥈 Silver,Maeloc Cider,Maeloc Sparkling Organic Cider,Galicia,Spain,,2510,Active,Maeloc,https://maelocway.com/,https://www.facebook.com/maelocway/,https://www.instagram.com/maelocway/,https://maps.google.com/?cid=11814015461660737074,,,https://untappd.com/w/maeloc-cider/140146,42.5868096,-7.7764782,0
148,2018,Heritage Cider – Sweet,🥉 Bronze,Angry Orchard,Albany Post,New York,United States,,87,Active,Angry Orchard,https://www.angryorchard.com/,https://www.facebook.com/AngryOrchard/,https://www.instagram.com/angryorchard/,https://maps.google.com/?cid=17467507983407382578,https://www.yelp.com/biz/angry-orchard-walden-2,https://www.tripadvisor.com/Attraction_Review-g48788-d10266026,https://untappd.com/w/angry-orchard-cider-company/16455,41.587128,-74.221692,0
149,2018,Heritage Cider – Dry,🥇 Gold,Vermont Cider Company,Magners Original Irish Cider,Vermont,United States,,664,Active,Vermont Cider Company,http://www.woodchuck.com/,https://www.facebook.com/WoodchuckCider,https://www.instagram.com/woodchuckcider/,https://maps.google.com/?cid=9402882086420367798,https://www.yelp.com/biz/woodchuck-hard-cidery-middlebury,https://www.tripadvisor.com/Attraction_Review-g57245-d7022345,https://untappd.com/w/woodchuck-cidery/611,44.034072,-73.172778,0
150,2018,Heritage Cider – Dry,🥈 Silver,Heritage Estate Winery and Cidery,Heirloom Cider,Ontario,Canada,,790,Active,Heritage Estate Winery & Cidery,https://heritageestate.ca/,https://www.facebook.com/estateheritage/,https://www.instagram.com/estateheritage/,https://maps.google.com/?cid=9239224592277777662,,https://www.tripadvisor.com/Attraction_Review-g154980-d11864452,https://untappd.com/w/heritage-estate-winery-cidery/281135,44.421019,-79.643167,0
151,2018,Heritage Cider – Dry,🥉 Bronze,Maeloc Cider,Maeloc Dry Cider,Galicia,Spain,,2510,Active,Maeloc,https://maelocway.com/,https://www.facebook.com/maelocway/,https://www.instagram.com/maelocway/,https://maps.google.com/?cid=11814015461660737074,,,https://untappd.com/w/maeloc-cider/140146,42.5868096,-7.7764782,0
152,2018,Traditional Cider – Sweet (French),🥇 Gold,2 Towns Ciderhouse,2017 Cider Bouch,Oregon,United States,,67,Active,2 Towns Ciderhouse,http://www.2townsciderhouse.com/,https://www.facebook.com/2townsciderhouse,https://www.instagram.com/2townscider/,https://maps.google.com/?cid=10429935694700508047,https://www.yelp.com/biz/2-towns-ciderhouse-corvallis,https://www.tripadvisor.com/Attraction_Review-g51817-d3417221,https://untappd.com/w/2-towns-ciderhouse/12975,44.563505,-123.226185,0
153,2018,Traditional Cider – Sweet (French),🥈 Silver,Ferme de Romilly,Ferme de Romilly Doux (Sweet) Cidre de Normandie,Normandy,France,,2053,Active,Vergers de Romilly,https://vergersderomilly.com/,https://www.facebook.com/romillycidre/,https://www.instagram.com/romillycidre/,https://maps.google.com/?cid=17784069933896314553,,https://www.tripadvisor.com/Attraction_Review-g1009737-d2196474,https://untappd.com/RomillyFrenchCidre,49.3382641,-1.0293343,0
154,2018,Traditional Cider – Sweet (French),🥉 Bronze,Angry Orchard Cider,Crisp Apple,New York,United States,,87,Active,Angry Orchard,https://www.angryorchard.com/,https://www.facebook.com/AngryOrchard/,https://www.instagram.com/angryorchard/,https://maps.google.com/?cid=17467507983407382578,https://www.yelp.com/biz/angry-orchard-walden-2,https://www.tripadvisor.com/Attraction_Review-g48788-d10266026,https://untappd.com/w/angry-orchard-cider-company/16455,41.587128,-74.221692,0
155,2018,Traditional Cider – Dry (English),🥇 Gold,The Good Cider of San Sebastian,Dry Apple,Navarre,Spain,,2571,Active,Eva Group,https://www.evasa.com/,,,https://maps.google.com/?cid=546948451257487120,,,https://untappd.com/EvaGroup,43.0042839,-1.91068,0
156,2018,Traditional Cider – Dry (English),🥇 Gold,Vermont Cider Company,Woodchuck 802 Collection: Lil' Dry,Vermont,United States,,664,Active,Vermont Cider Company,http://www.woodchuck.com/,https://www.facebook.com/WoodchuckCider,https://www.instagram.com/woodchuckcider/,https://maps.google.com/?cid=9402882086420367798,https://www.yelp.com/biz/woodchuck-hard-cidery-middlebury,https://www.tripadvisor.com/Attraction_Review-g57245-d7022345,https://untappd.com/w/woodchuck-cidery/611,44.034072,-73.172778,0
157,2018,Traditional Cider – Dry (English),🥈 Silver,Angry Orchard Cider Co.,Angry Orchard Foranna,New York,United States,,87,Active,Angry Orchard,https://www.angryorchard.com/,https://www.facebook.com/AngryOrchard/,https://www.instagram.com/angryorchard/,https://maps.google.com/?cid=17467507983407382578,https://www.yelp.com/biz/angry-orchard-walden-2,https://www.tripadvisor.com/Attraction_Review-g48788-d10266026,https://untappd.com/w/angry-orchard-cider-company/16455,41.587128,-74.221692,0
158,2018,Traditional Cider – Dry (English),🥉 Bronze,Niagara College Teaching Cidery,Harvest Scrumpy Russet Cider,Ontario,Canada,,812,Active,Niagara College Teaching Winery,https://www.ncteachingwinery.ca/,https://www.facebook.com/nctwinery/,https://www.instagram.com/nctwinery/,https://maps.google.com/?cid=2529664632400053188,https://www.yelp.com/biz/niagara-college-teaching-winery-niagara-on-the-lake,https://www.tripadvisor.com/Attraction_Review-g154999-d2414360,https://untappd.com/w/niagara-college-teaching-winery/390649,43.150451,-79.165647,0
159,2018,Perry,🥇 Gold,Vermont Cider Company,Magners Pear Irish Cider,Vermont,United States,,664,Active,Vermont Cider Company,http://www.woodchuck.com/,https://www.facebook.com/WoodchuckCider,https://www.instagram.com/woodchuckcider/,https://maps.google.com/?cid=9402882086420367798,https://www.yelp.com/biz/woodchuck-hard-cidery-middlebury,https://www.tripadvisor.com/Attraction_Review-g57245-d7022345,https://untappd.com/w/woodchuck-cidery/611,44.034072,-73.172778,0
160,2018,Perry,🥈 Silver,Angry Orchard Cider Co.,Angry Orchard Perry,New York,United States,,87,Active,Angry Orchard,https://www.angryorchard.com/,https://www.facebook.com/AngryOrchard/,https://www.instagram.com/angryorchard/,https://maps.google.com/?cid=17467507983407382578,https://www.yelp.com/biz/angry-orchard-walden-2,https://www.tripadvisor.com/Attraction_Review-g48788-d10266026,https://untappd.com/w/angry-orchard-cider-company/16455,41.587128,-74.221692,0
161,2018,Perry,🥉 Bronze,The Good Cider of San Sebastian,Pear,Navarre,Spain,,2571,Active,Eva Group,https://www.evasa.com/,,,https://maps.google.com/?cid=546948451257487120,,,https://untappd.com/EvaGroup,43.0042839,-1.91068,0
162,2018,Fruit,🥇 Gold,AVID Cider Company,Dragon Fruit,Oregon,United States,,103,Active,Avid Cider,https://avidcider.com/,https://www.facebook.com/AVIDCider/,https://www.instagram.com/avidcidercompany/,,https://www.yelp.com/biz/atlas-cider-co-bend-2,https://www.tripadvisor.com/Attraction_Review-g51766-d6870614,https://untappd.com/w/atlas-cider-company/65739,44.0509307,-121.3144074,0
163,2018,Fruit,🥈 Silver,Ciderboys Hard Cider,Peach County,Wisconsin,United States,,196,Active,Ciderboys,http://www.ciderboys.com/,https://www.facebook.com/Ciderboys,https://www.instagram.com/Ciderboys/,https://maps.google.com/?cid=1756122992587390562,https://www.yelp.com/biz/stevens-point-brewery-stevens-point,https://www.tripadvisor.com/Attraction_Review-g60304-d2265035,https://untappd.com/w/ciderboys-hard-cider/44552,44.510454,-89.573583,0
164,2018,Fruit,🥉 Bronze,Common Cider Company,Blood Orange Tangerine,California,United States,,211,Inactive,Common Cider Company,,,,,,,,38.950812,-121.084227,1
165,2018,Pineapple,🥇 Gold,2 Towns Ciderhouse,Pacific Pineapple,Oregon,United States,,67,Active,2 Towns Ciderhouse,http://www.2townsciderhouse.com/,https://www.facebook.com/2townsciderhouse,https://www.instagram.com/2townscider/,https://maps.google.com/?cid=10429935694700508047,https://www.yelp.com/biz/2-towns-ciderhouse-corvallis,https://www.tripadvisor.com/Attraction_Review-g51817-d3417221,https://untappd.com/w/2-towns-ciderhouse/12975,44.563505,-123.226185,0
166,2018,Pineapple,🥈 Silver,Florida Beer Company,Caribe Tropical Hard Cider Pineapple,Florida,United States,,2252,Active,Caribé Tropical Hard Cider,https://caribbreweryusa.com/,https://www.facebook.com/people/Carib-Brewery-USA/100071513900968/,,https://maps.google.com/?cid=5794166466253271261,https://www.yelp.com/biz/carib-brewery-usa-cape-canaveral,,https://untappd.com/floridabeer,28.3989852,-80.6114347,0
167,2018,Pineapple,🥉 Bronze,Ciderboys Hard Cider,Pineapple Hula,Wisconsin,United States,,196,Active,Ciderboys,http://www.ciderboys.com/,https://www.facebook.com/Ciderboys,https://www.instagram.com/Ciderboys/,https://maps.google.com/?cid=1756122992587390562,https://www.yelp.com/biz/stevens-point-brewery-stevens-point,https://www.tripadvisor.com/Attraction_Review-g60304-d2265035,https://untappd.com/w/ciderboys-hard-cider/44552,44.510454,-89.573583,0
168,2018,Cherry,🥇 Gold,Niagara College Teaching Cider,Cherry on Top,Ontario,Canada,,812,Active,Niagara College Teaching Winery,https://www.ncteachingwinery.ca/,https://www.facebook.com/nctwinery/,https://www.instagram.com/nctwinery/,https://maps.google.com/?cid=2529664632400053188,https://www.yelp.com/biz/niagara-college-teaching-winery-niagara-on-the-lake,https://www.tripadvisor.com/Attraction_Review-g154999-d2414360,https://untappd.com/w/niagara-college-teaching-winery/390649,43.150451,-79.165647,0
169,2018,Cherry,🥈 Silver,Virtue Cider,Michigan Cherry,Michigan,United States,,63,Active,Virtue Cider,http://www.virtuecider.com/,https://www.facebook.com/virtuecider,https://www.instagram.com/virtuecider/,https://maps.google.com/?cid=8731167836057791034,https://www.yelp.com/biz/virtue-farm-fennville,https://www.tripadvisor.com/Attraction_Review-g42198-d7159911,https://untappd.com/w/virtue-cider/24608,42.57688,-86.15187,0
170,2018,Cherry,🥉 Bronze,Urban Tree Hard Cider,Wild on Cherry,Georgia,United States,,661,Active,Urban Tree Hard Cider,https://urbantreecidery.com/,https://www.facebook.com/UrbanTreeCider/,https://www.instagram.com/urbantreecider/,,,,https://untappd.com/w/urban-tree-cidery/260157,33.794905,-84.414797,0
171,2018,Fruit and Berry,🥇 Gold,Ragged Hill Cider Company,Rasé,Massachusetts,United States,,497,Active,Ragged Hill Cider,https://www.raggedhillcider.com/,https://www.facebook.com/RaggedHillCider/,https://www.instagram.com/raggedhillcider/,https://maps.google.com/?cid=12743756096350248911,https://www.yelp.com/biz/ragged-hill-orchard-west-brookfield,https://www.tripadvisor.com/Attraction_Review-g41900-d13976564,https://untappd.com/w/ragged-hill-cider-company/339946,42.269444,-72.168979,0
172,2018,Fruit and Berry,🥇 Gold,Ciderboys Hard Cider,Strawberry Magic,Wisconsin,United States,,196,Active,Ciderboys,http://www.ciderboys.com/,https://www.facebook.com/Ciderboys,https://www.instagram.com/Ciderboys/,https://maps.google.com/?cid=1756122992587390562,https://www.yelp.com/biz/stevens-point-brewery-stevens-point,https://www.tripadvisor.com/Attraction_Review-g60304-d2265035,https://untappd.com/w/ciderboys-hard-cider/44552,44.510454,-89.573583,0
173,2018,Fruit and Berry,🥈 Silver,Incline Cider Company,Marionberry Cider,Washington,United States,,345,Active,Incline Cider Company,http://www.inclinecider.com/,https://www.facebook.com/inclinecider/,https://www.instagram.com/inclinecider/,https://maps.google.com/?cid=504944612388443997,https://www.yelp.com/biz/incline-cider-house-tacoma,https://www.tripadvisor.com/Attraction_Review-g58775-d22266571,https://untappd.com/w/incline-cider-company/249584,47.307323,-122.228453,0
174,2018,Fruit and Berry,🥈 Silver,One Tree Hard Cider,Cranberry Hard Cider,Washington,United States,,462,Active,One Tree Hard Cider,http://www.onetreehardcider.com/,https://www.facebook.com/OneTreeHardCider,https://www.instagram.com/onetreecider,https://maps.google.com/?cid=3782079883535213089,https://www.yelp.com/biz/one-tree-hard-cider-spokane-valley,https://www.tripadvisor.com/Restaurant_Review-g58759-d12802835,https://untappd.com/w/one-tree-hard-cider/141397,47.6560711,-117.4278764,0
175,2018,Fruit and Berry,🥉 Bronze,d's Wicked Cider,Troppi Poppi,Washington,United States,,229,Active,d's Wicked Cider,http://dswickedcider.com/,https://www.facebook.com/dswickedcider/,https://www.instagram.com/dswickedciderco/,https://maps.google.com/?cid=2860292587896986843,https://www.yelp.com/biz/sun-river-vintners-kennewick,https://www.tripadvisor.com/Attraction_Review-g58536-d13007264,https://untappd.com/w/ds-wicked-cider/158215,46.20084,-119.246466,0
176,2018,Applewine,🥇 Gold,Heritage Estate Winery and Cidery,Applewine,Ontario,Canada,,790,Active,Heritage Estate Winery & Cidery,https://heritageestate.ca/,https://www.facebook.com/estateheritage/,https://www.instagram.com/estateheritage/,https://maps.google.com/?cid=9239224592277777662,,https://www.tripadvisor.com/Attraction_Review-g154980-d11864452,https://untappd.com/w/heritage-estate-winery-cidery/281135,44.421019,-79.643167,0
177,2018,Applewine,🥈 Silver,Portland Cider Company,The Perfect 10,Oregon,United States,,490,Active,Portland Cider Company,http://portlandcider.com/,https://www.facebook.com/portlandcider,https://www.instagram.com/portlandcider/,https://maps.google.com/?cid=5897814277091816079,https://www.yelp.com/biz/portland-cider-company-clackamas,https://www.tripadvisor.com/Restaurant_Review-g51806-d6996793,https://untappd.com/w/portland-cider-company/56260,45.415288,-122.572714,0
178,2018,Applewine,🥉 Bronze,Liquid Alchemy Ciderworks,First-State-Cider,Delaware,United States,,389,Active,Liquid Alchemy Beverages,https://www.liquidalchemybeverages.com/,https://www.facebook.com/LiquidAlchemyBeverages/,https://www.instagram.com/liquidalchemybeverages,https://maps.google.com/?cid=17392171192902258223,https://www.yelp.com/biz/liquid-alchemy-beverages-wilmington,https://www.tripadvisor.com/Attraction_Review-g34059-d12048635,https://untappd.com/w/liquid-alchemy-beverages/224415,39.729206,-75.580718,0
179,2018,Herbal,🥇 Gold,Ding Dog Brewing,Suzie's Honeysuckle Cider,North Carolina,United States,,2170,Active,Dingo Dog Brewing Company,https://www.dingodogbrewing.com/,https://www.facebook.com/dingodogbrewing,https://www.instagram.com/dingodogbrewing/,https://maps.google.com/?cid=855662940419552138,https://www.yelp.com/biz/dingo-dog-brewing-company-carrboro,,https://untappd.com/DingoDogBrewing,35.9140913,-79.0720655,0
180,2018,Herbal,🥈 Silver,Rhinegeist Cidergeist,Lemongrass Ginger Cider,Ohio,United States,,515,Active,Rhinegeist Brewery,https://rhinegeist.com/,https://www.facebook.com/rhinegeist,https://www.instagram.com/rhinegeist/,https://maps.google.com/?cid=4624817204033581156,https://www.yelp.com/biz/rhinegeist-brewery-cincinnati,https://www.tripadvisor.com/Attraction_Review-g60993-d8618371,https://untappd.com/w/rhinegeist-brewery/69953,39.117266,-84.520101,0
181,2018,Herbal,🥈 Silver,Vermont Cider Company,Cucumber Mint,Vermont,United States,,664,Active,Vermont Cider Company,http://www.woodchuck.com/,https://www.facebook.com/WoodchuckCider,https://www.instagram.com/woodchuckcider/,https://maps.google.com/?cid=9402882086420367798,https://www.yelp.com/biz/woodchuck-hard-cidery-middlebury,https://www.tripadvisor.com/Attraction_Review-g57245-d7022345,https://untappd.com/w/woodchuck-cidery/611,44.034072,-73.172778,0
182,2018,Herbal,🥉 Bronze,Hidden Cave Cider,Rose Hip Rosemary,Wisconsin,United States,,328,Active,Hidden Cave Cidery,https://www.hiddencavecidery.com/,https://www.facebook.com/hiddencavecidery/,https://www.instagram.com/hiddencavecidery,https://maps.google.com/?cid=2326894092775693665,https://www.yelp.com/biz/hidden-cave-cidery-middleton,,https://untappd.com/w/hidden-cave-cidery/395008,43.1036669,-89.5369882,0
183,2018,Hopped,🥇 Gold,Meriwether Cider Company,Hopshot,Idaho,United States,,415,Active,Meriwether Cider Company,https://www.meriwethercider.com/,https://www.facebook.com/meriwethercider,https://www.instagram.com/meriwethercider/,https://maps.google.com/?cid=7830741432069672416,https://www.yelp.com/biz/meriwether-cider-company-garden-city-2,https://www.tripadvisor.com/Attraction_Review-g35459-d10034505,https://untappd.com/w/meriwether-cider-company/222316,43.645176,-116.271227,0
184,2018,Hopped,🥈 Silver,Portland Cider Company,Hop Rageous,Oregon,United States,,490,Active,Portland Cider Company,http://portlandcider.com/,https://www.facebook.com/portlandcider,https://www.instagram.com/portlandcider/,https://maps.google.com/?cid=5897814277091816079,https://www.yelp.com/biz/portland-cider-company-clackamas,https://www.tripadvisor.com/Restaurant_Review-g51806-d6996793,https://untappd.com/w/portland-cider-company/56260,45.415288,-122.572714,0
185,2018,Hopped,🥉 Bronze,2 Towns Ciderhouse,Fresh Hop Hop & Stalk,Oregon,United States,,67,Active,2 Towns Ciderhouse,http://www.2townsciderhouse.com/,https://www.facebook.com/2townsciderhouse,https://www.instagram.com/2townscider/,https://maps.google.com/?cid=10429935694700508047,https://www.yelp.com/biz/2-towns-ciderhouse-corvallis,https://www.tripadvisor.com/Attraction_Review-g51817-d3417221,https://untappd.com/w/2-towns-ciderhouse/12975,44.563505,-123.226185,0
186,2018,Hopped,🥉 Bronze,Incline Cider Company,The Explorer Hopped,Washington,United States,,345,Active,Incline Cider Company,http://www.inclinecider.com/,https://www.facebook.com/inclinecider/,https://www.instagram.com/inclinecider/,https://maps.google.com/?cid=504944612388443997,https://www.yelp.com/biz/incline-cider-house-tacoma,https://www.tripadvisor.com/Attraction_Review-g58775-d22266571,https://untappd.com/w/incline-cider-company/249584,47.307323,-122.228453,0
187,2018,Apple Pie Spiced,🥇 Gold,Ciderboys Hard Cider,Mad Bark,Wisconsin,United States,,196,Active,Ciderboys,http://www.ciderboys.com/,https://www.facebook.com/Ciderboys,https://www.instagram.com/Ciderboys/,https://maps.google.com/?cid=1756122992587390562,https://www.yelp.com/biz/stevens-point-brewery-stevens-point,https://www.tripadvisor.com/Attraction_Review-g60304-d2265035,https://untappd.com/w/ciderboys-hard-cider/44552,44.510454,-89.573583,0
188,2018,Apple Pie Spiced,🥈 Silver,Arsenal Cider House,Grant's Flying Pumpkin,Pennsylvania,United States,,97,Active,Arsenal Cider House,https://www.arsenalciderhouse.com/lawrenceville/,https://www.facebook.com/ArsenalCider,https://www.instagram.com/arsenalcider/,https://maps.google.com/?cid=3302243150360255083,https://www.yelp.com/biz/arsenal-cider-house-and-wine-cellar-pittsburgh,https://www.tripadvisor.com/Attraction_Review-g53449-d4558019,https://untappd.com/w/arsenal-cider-house/12282,40.465108,-79.96092,0
189,2018,Apple Pie Spiced,🥈 Silver,Turquoise Barn Cider,Apple Pie a la Mode Hard Cider,California,United States,,651,Active,Turquoise Barn Cider,http://www.turquoisebarncider.com/,https://www.facebook.com/turquoisebarncider,https://www.instagram.com/turquoisebarncider/,https://maps.google.com/?cid=11982641167925504503,https://www.yelp.com/biz/turquoise-barn-cider-ramona,,https://untappd.com/w/turquoise-barn-cider/210564,33.052195,-116.874474,0
190,2018,Apple Pie Spiced,🥉 Bronze,Broski Ciderworks,Cardinal Sin,Florida,United States,Florida,167,Inactive,Broski Ciderworks,,,,,,,,26.222228,-80.142524,1
191,2018,Spiced,🥇 Gold,Glacial Till Vineyard & Winery,Hibiscus Ginger,Nebraska,United States,,294,Active,Glacial Till Vineyard & Winery,http://www.glacialtillvineyard.com/,https://www.facebook.com/glacialtillvineyard,https://www.instagram.com/glacialtillvineyard/,https://maps.google.com/?cid=185099829414435279,https://www.yelp.com/biz/glacial-till-tasting-room-ashland,https://www.tripadvisor.com/Attraction_Review-g29709-d5832186,https://untappd.com/w/glacial-till-vineyard-and-winery/223758,41.038896,-96.368951,0
192,2018,Spiced,🥈 Silver,Arsenal Cider House,Grierson's Ginger,Pennsylvania,United States,,97,Active,Arsenal Cider House,https://www.arsenalciderhouse.com/lawrenceville/,https://www.facebook.com/ArsenalCider,https://www.instagram.com/arsenalcider/,https://maps.google.com/?cid=3302243150360255083,https://www.yelp.com/biz/arsenal-cider-house-and-wine-cellar-pittsburgh,https://www.tripadvisor.com/Attraction_Review-g53449-d4558019,https://untappd.com/w/arsenal-cider-house/12282,40.465108,-79.96092,0
193,2018,Spiced,🥉 Bronze,1911 Established,Cider Donut,New York,United States,,75,Active,1911 Established,http://1911established.com/,,https://www.instagram.com/1911established/,https://maps.google.com/?cid=13706571465768596510,https://www.yelp.com/biz/beak-and-skiff-apple-orchards-lafayette,https://www.tripadvisor.com/Attraction_Review-g48013-d4954731,https://untappd.com/w/beak-and-skiff-apple-orchards/123121,42.903744,-76.22158,0
194,2018,Wood-Aged,🥇 Gold,Bold Rock Hard Cider,Barrel 78,North Carolina,United States,,152,Active,Bold Rock Hard Cider,https://boldrock.com/,https://www.facebook.com/BoldRockHardCider/,https://www.instagram.com/boldrockhardcider/,https://maps.google.com/?cid=10604087929796439877,https://www.yelp.com/biz/bold-rock-hard-cider-mills-river-mills-river,https://www.tripadvisor.com/Attraction_Review-g1552723-d8862147,https://untappd.com/v/bold-rock-mills-river-cidery/3954545,35.376397,-82.559219,0
195,2018,Wood-Aged,🥈 Silver,Virtue Cider,The Mitten,Michigan,United States,,63,Active,Virtue Cider,http://www.virtuecider.com/,https://www.facebook.com/virtuecider,https://www.instagram.com/virtuecider/,https://maps.google.com/?cid=8731167836057791034,https://www.yelp.com/biz/virtue-farm-fennville,https://www.tripadvisor.com/Attraction_Review-g42198-d7159911,https://untappd.com/w/virtue-cider/24608,42.57688,-86.15187,0
196,2018,Wood-Aged,🥉 Bronze,Green Bench Mead and Cider,I Am Brut,Florida,United States,,306,Active,Green Bench Brewing Co.,https://www.greenbenchbrewing.com/,https://www.facebook.com/GreenBenchBrewing/,https://www.instagram.com/greenbenchmeadcider/,https://maps.google.com/?cid=4473987284585319628,https://www.yelp.com/biz/green-bench-brewing-company-st-petersburg,https://www.tripadvisor.com/Attraction_Review-g34607-d8505685,https://untappd.com/w/green-bench-mead-cider/184191,27.771864,-82.650644,0
197,2018,Specialty,🥇 Gold,Urban Tree Hard Cider,Perry Good,Georgia,United States,,661,Active,Urban Tree Hard Cider,https://urbantreecidery.com/,https://www.facebook.com/UrbanTreeCider/,https://www.instagram.com/urbantreecider/,,,,https://untappd.com/w/urban-tree-cidery/260157,33.794905,-84.414797,0
198,2018,Specialty,🥈 Silver,Big B's Hard Cider,Hip Hop,Colorado,United States,,126,Active,Big B's Hard Cider,https://www.bigbs.com/,https://www.facebook.com/visitbigbs,https://www.instagram.com/drinkbigbs,https://maps.google.com/?cid=78577038036310991,https://www.yelp.com/biz/delicious-orchards-hotchkiss,https://www.tripadvisor.com/Restaurant_Review-g33588-d4471856,https://untappd.com/w/big-bs-fabulous-juices/100389,38.860785,-107.626061,0
199,2018,Specialty,🥉 Bronze,California Cider Company,ACE Perry Craft Cider,California,United States,,179,Active,ACE Cider,http://www.acecider.com/,https://www.facebook.com/AceCider,https://www.instagram.com/acecider/,,https://www.yelp.com/biz/ace-premium-hard-ciders-sebastopol,https://www.tripadvisor.com/Attraction_Review-g33069-d3626497,https://untappd.com/w/ace-cider-the-california-cider-company/331,38.423506,-122.849754,0
200,2018,Unlimited,🥇 Gold,Cidrerie Beaupré,Cidre Beaupré Original,Quebec,Canada,,3177,Active,Groupe Geloso,https://groupegeloso.com/,https://www.facebook.com/groupegeloso/,,https://maps.google.com/?cid=14532853692172548925,,,https://untappd.com/w/cidre-beaupre-groupe-geloso/21487,45.6109278,-73.6737069,0
201,2018,Unlimited,🥈 Silver,Ciderboys Hard Cider,First Press,Wisconsin,United States,,196,Active,Ciderboys,http://www.ciderboys.com/,https://www.facebook.com/Ciderboys,https://www.instagram.com/Ciderboys/,https://maps.google.com/?cid=1756122992587390562,https://www.yelp.com/biz/stevens-point-brewery-stevens-point,https://www.tripadvisor.com/Attraction_Review-g60304-d2265035,https://untappd.com/w/ciderboys-hard-cider/44552,44.510454,-89.573583,0
202,2018,Unlimited,🥉 Bronze,Samuel Smith's Brewery,Organic Perry,North Yorkshire,England,,3342,Active,Samuel Smith's Brewery,https://samuelsmithsbrewery.co.uk/,https://www.facebook.com/samuelsmithsbrewery/,https://www.instagram.com/samuelsmithsbrewery/,https://maps.google.com/?cid=15178745194059809638,,,https://untappd.com/SamuelSmiths,53.883796,-1.261378,0
203,2018,Anything Goes,🥇 Gold,Broski Ciderworks,Post Melone,Florida,United States,Florida,167,Inactive,Broski Ciderworks,,,,,,,,26.222228,-80.142524,1
204,2018,Anything Goes,🥈 Silver,Bold Rock Hard Cider,Roast,North Carolina,United States,,152,Active,Bold Rock Hard Cider,https://boldrock.com/,https://www.facebook.com/BoldRockHardCider/,https://www.instagram.com/boldrockhardcider/,https://maps.google.com/?cid=10604087929796439877,https://www.yelp.com/biz/bold-rock-hard-cider-mills-river-mills-river,https://www.tripadvisor.com/Attraction_Review-g1552723-d8862147,https://untappd.com/v/bold-rock-mills-river-cidery/3954545,35.376397,-82.559219,0
205,2018,Anything Goes,🥉 Bronze,Heritage Estate Winery & Cidery,Blueberry-Apple Sangria,Ontario,Canada,,790,Active,Heritage Estate Winery & Cidery,https://heritageestate.ca/,https://www.facebook.com/estateheritage/,https://www.instagram.com/estateheritage/,https://maps.google.com/?cid=9239224592277777662,,https://www.tripadvisor.com/Attraction_Review-g154980-d11864452,https://untappd.com/w/heritage-estate-winery-cidery/281135,44.421019,-79.643167,0
206,2018,Single Varietal,🥇 Gold,Arsenal Cider House,Broken Hearts Are for Apples,Pennsylvania,United States,,97,Active,Arsenal Cider House,https://www.arsenalciderhouse.com/lawrenceville/,https://www.facebook.com/ArsenalCider,https://www.instagram.com/arsenalcider/,https://maps.google.com/?cid=3302243150360255083,https://www.yelp.com/biz/arsenal-cider-house-and-wine-cellar-pittsburgh,https://www.tripadvisor.com/Attraction_Review-g53449-d4558019,https://untappd.com/w/arsenal-cider-house/12282,40.465108,-79.96092,0
207,2018,Single Varietal,🥈 Silver,Stoic Cider,Golden Russet,Arizona,United States,,594,Active,Stoic Cider,http://stoiccider.com/,https://www.facebook.com/StoicCider/,https://www.instagram.com/stoiccider/,https://maps.google.com/?cid=17055851363950061801,,,https://untappd.com/w/stoic-cider/381562,34.748157,-112.670676,0
208,2018,Single Varietal,🥉 Bronze,Vermont Cider Company,Woodchuck Granny Smith,Vermont,United States,,664,Active,Vermont Cider Company,http://www.woodchuck.com/,https://www.facebook.com/WoodchuckCider,https://www.instagram.com/woodchuckcider/,https://maps.google.com/?cid=9402882086420367798,https://www.yelp.com/biz/woodchuck-hard-cidery-middlebury,https://www.tripadvisor.com/Attraction_Review-g57245-d7022345,https://untappd.com/w/woodchuck-cidery/611,44.034072,-73.172778,0
209,2019,Modern Cider – Sweet,🥇 Gold,Glacial Till Vineyard & Winery,Original,Nebraska,United States,Nebraska,294,Active,Glacial Till Vineyard & Winery,http://www.glacialtillvineyard.com/,https://www.facebook.com/glacialtillvineyard,https://www.instagram.com/glacialtillvineyard/,https://maps.google.com/?cid=185099829414435279,https://www.yelp.com/biz/glacial-till-tasting-room-ashland,https://www.tripadvisor.com/Attraction_Review-g29709-d5832186,https://untappd.com/w/glacial-till-vineyard-and-winery/223758,41.038896,-96.368951,0
210,2019,Modern Cider – Sweet,🥈 Silver,Ciderboys Hard Cider,First Press,Wisconsin,United States,Wisconsin,196,Active,Ciderboys,http://www.ciderboys.com/,https://www.facebook.com/Ciderboys,https://www.instagram.com/Ciderboys/,https://maps.google.com/?cid=1756122992587390562,https://www.yelp.com/biz/stevens-point-brewery-stevens-point,https://www.tripadvisor.com/Attraction_Review-g60304-d2265035,https://untappd.com/w/ciderboys-hard-cider/44552,44.510454,-89.573583,0
211,2019,Modern Cider – Sweet,🥉 Bronze,Arsenal Cider House,Daily Rations,Pennsylvania,United States,Pennsylvania,97,Active,Arsenal Cider House,https://www.arsenalciderhouse.com/lawrenceville/,https://www.facebook.com/ArsenalCider,https://www.instagram.com/arsenalcider/,https://maps.google.com/?cid=3302243150360255083,https://www.yelp.com/biz/arsenal-cider-house-and-wine-cellar-pittsburgh,https://www.tripadvisor.com/Attraction_Review-g53449-d4558019,https://untappd.com/w/arsenal-cider-house/12282,40.465108,-79.96092,0
212,2019,Modern Cider – Dry,🥇 Gold,Niagara College Teaching Cidery,Cider 101,Ontario,Canada,Ontario,812,Active,Niagara College Teaching Winery,https://www.ncteachingwinery.ca/,https://www.facebook.com/nctwinery/,https://www.instagram.com/nctwinery/,https://maps.google.com/?cid=2529664632400053188,https://www.yelp.com/biz/niagara-college-teaching-winery-niagara-on-the-lake,https://www.tripadvisor.com/Attraction_Review-g154999-d2414360,https://untappd.com/w/niagara-college-teaching-winery/390649,43.150451,-79.165647,0
213,2019,Modern Cider – Dry,🥈 Silver,2 Towns Ciderhouse,BrightCider,Oregon,United States,Oregon,67,Active,2 Towns Ciderhouse,http://www.2townsciderhouse.com/,https://www.facebook.com/2townsciderhouse,https://www.instagram.com/2townscider/,https://maps.google.com/?cid=10429935694700508047,https://www.yelp.com/biz/2-towns-ciderhouse-corvallis,https://www.tripadvisor.com/Attraction_Review-g51817-d3417221,https://untappd.com/w/2-towns-ciderhouse/12975,44.563505,-123.226185,0
214,2019,Modern Cider – Dry,🥉 Bronze,Houston Cider Company,Dry Cider,Texas,United States,Texas,339,Active,Houston Cider Company,https://www.houstoncidertx.com/,https://www.facebook.com/houstoncidercompany,https://www.instagram.com/houstoncider/,https://maps.google.com/?cid=9879541345239427997,https://www.yelp.com/biz/town-in-city-brewing-company-houston,https://www.tripadvisor.com/Attraction_Review-g56003-d9609375,https://untappd.com/w/houston-cider-company/300156,29.803677,-95.386979,0
215,2019,Heritage Cider,🥇 Gold,Bent Ladder,Heirloom,Ohio,United States,Ohio,124,Active,Bent Ladder,http://bentladder.com/,https://www.facebook.com/bentladder,https://www.instagram.com/bentladder/,https://maps.google.com/?cid=5886580381731979881,https://www.yelp.com/biz/rittman-orchard-rittman,https://www.tripadvisor.com/Attraction_Review-g50283-d1977165,https://untappd.com/w/bent-ladder/295757,40.9646071,-81.739989,0
216,2019,Heritage Cider,🥈 Silver,Far from the Tree,Cider Maker Series - Ian,Massachusetts,United States,Massachusetts,270,Active,Far From The Tree Cider,http://www.farfromthetreecider.com/,,https://www.instagram.com/farfromthetreecider/,https://maps.google.com/?cid=4405176089815391594,https://www.yelp.com/biz/far-from-the-tree-cider-salem,https://www.tripadvisor.com/Attraction_Review-g60954-d8598457,https://untappd.com/w/far-from-the-tree/128798,42.514793,-70.899726,0
217,2019,Heritage Cider,🥉 Bronze,Big B's Hard Cider,Harry Masters Jersey,Colorado,United States,Colorado,126,Active,Big B's Hard Cider,https://www.bigbs.com/,https://www.facebook.com/visitbigbs,https://www.instagram.com/drinkbigbs,https://maps.google.com/?cid=78577038036310991,https://www.yelp.com/biz/delicious-orchards-hotchkiss,https://www.tripadvisor.com/Restaurant_Review-g33588-d4471856,https://untappd.com/w/big-bs-fabulous-juices/100389,38.860785,-107.626061,0
218,2019,Traditional Cider,🥇 Gold,Heritage Estate Winery & Cidery,Heirloom Cider,Ontario,Canada,Ontario,790,Active,Heritage Estate Winery & Cidery,https://heritageestate.ca/,https://www.facebook.com/estateheritage/,https://www.instagram.com/estateheritage/,https://maps.google.com/?cid=9239224592277777662,,https://www.tripadvisor.com/Attraction_Review-g154980-d11864452,https://untappd.com/w/heritage-estate-winery-cidery/281135,44.421019,-79.643167,0
219,2019,Traditional Cider,🥈 Silver,Adams Cider Company,Cooneys Irish Cider,Tipperary,Ireland,Ireland,1642,Active,Adams Cider Company,,https://www.facebook.com/devilsbitcider,https://www.instagram.com/devilsbitcider/,,,,https://untappd.com/AdamsCiderCompany,52.752526,-7.957888,0
220,2019,Traditional Cider,🥉 Bronze,Adams Cider Company,Devils Bit Irish Cider,Tipperary,Ireland,Ireland,1642,Active,Adams Cider Company,,https://www.facebook.com/devilsbitcider,https://www.instagram.com/devilsbitcider/,,,,https://untappd.com/AdamsCiderCompany,52.752526,-7.957888,0
221,2019,Fruit,🥇 Gold,Virtue Cider,Brass Ring,Michigan,United States,Michigan,63,Active,Virtue Cider,http://www.virtuecider.com/,https://www.facebook.com/virtuecider,https://www.instagram.com/virtuecider/,https://maps.google.com/?cid=8731167836057791034,https://www.yelp.com/biz/virtue-farm-fennville,https://www.tripadvisor.com/Attraction_Review-g42198-d7159911,https://untappd.com/w/virtue-cider/24608,42.57688,-86.15187,0
222,2019,Fruit,🥈 Silver,Atlanta Hard Cider,Pomegrante Craft Cider,Georgia,United States,Georgia,102,Active,Atlanta Hard Cider Co.,https://www.atlantahardcider.com/,https://www.facebook.com/atlantahardcider/,https://www.instagram.com/atlantahardcider/,https://maps.google.com/?cid=15330589380276964489,,,https://untappd.com/w/atlanta-hard-cider-co/364060,33.9507273,-84.52255,0
223,2019,Fruit,🥉 Bronze,One Tree Hard Cider,Staycation,Washington,United States,Washington,462,Active,One Tree Hard Cider,http://www.onetreehardcider.com/,https://www.facebook.com/OneTreeHardCider,https://www.instagram.com/onetreecider,https://maps.google.com/?cid=3782079883535213089,https://www.yelp.com/biz/one-tree-hard-cider-spokane-valley,https://www.tripadvisor.com/Restaurant_Review-g58759-d12802835,https://untappd.com/w/one-tree-hard-cider/141397,47.6560711,-117.4278764,0
224,2019,Fruit,🥉 Bronze,Florida Beer Co.,Caribe Blood Orange Tropical Hard Cider,Florida,United States,Florida,2252,Active,Caribé Tropical Hard Cider,https://caribbreweryusa.com/,https://www.facebook.com/people/Carib-Brewery-USA/100071513900968/,,https://maps.google.com/?cid=5794166466253271261,https://www.yelp.com/biz/carib-brewery-usa-cape-canaveral,,https://untappd.com/floridabeer,28.3989852,-80.6114347,0
225,2019,Perry & Pear Cider,🥇 Gold,Samuel Smith's Brewery,Organic Perry,North Yorkshire,England,England,3342,Active,Samuel Smith's Brewery,https://samuelsmithsbrewery.co.uk/,https://www.facebook.com/samuelsmithsbrewery/,https://www.instagram.com/samuelsmithsbrewery/,https://maps.google.com/?cid=15178745194059809638,,,https://untappd.com/SamuelSmiths,53.883796,-1.261378,0
226,2019,Perry & Pear Cider,🥈 Silver,Vermont Cider,Wyders Pear,Vermont,United States,Vermont,664,Active,Vermont Cider Company,http://www.woodchuck.com/,https://www.facebook.com/WoodchuckCider,https://www.instagram.com/woodchuckcider/,https://maps.google.com/?cid=9402882086420367798,https://www.yelp.com/biz/woodchuck-hard-cidery-middlebury,https://www.tripadvisor.com/Attraction_Review-g57245-d7022345,https://untappd.com/w/woodchuck-cidery/611,44.034072,-73.172778,0
227,2019,Perry & Pear Cider,🥉 Bronze,Wild State Cider,Pear,Minnesota,United States,Minnesota,685,Active,Wild State Cider,https://www.wildstatecider.com/,https://www.facebook.com/wildstatecider,https://www.instagram.com/wildstatecider,https://maps.google.com/?cid=9071493292280533216,https://www.yelp.com/biz/wild-state-cider-duluth,https://www.tripadvisor.com/Attraction_Review-g43018-d15344648,https://untappd.com/WildStateCider,46.762891,-92.130134,0
228,2019,Pineapple,🥇 Gold,Glacial Till Vineyard & Winery,Passion Pineapple,Nebraska,United States,Nebraska,294,Active,Glacial Till Vineyard & Winery,http://www.glacialtillvineyard.com/,https://www.facebook.com/glacialtillvineyard,https://www.instagram.com/glacialtillvineyard/,https://maps.google.com/?cid=185099829414435279,https://www.yelp.com/biz/glacial-till-tasting-room-ashland,https://www.tripadvisor.com/Attraction_Review-g29709-d5832186,https://untappd.com/w/glacial-till-vineyard-and-winery/223758,41.038896,-96.368951,0
229,2019,Pineapple,🥈 Silver,Ola Brew Co.,White Pineapple Cider,Hawaii,United States,Hawaii,2239,Active,Ola Brew,https://www.olabrewco.com/,https://www.facebook.com/OlaBrewCo,https://www.instagram.com/olabrewco/,https://maps.google.com/?cid=15799959683814156778,https://www.yelp.com/biz/ola-brew-kailua-kona,https://www.tripadvisor.com/Attraction_Review-g60872-d13368863,https://untappd.com/OlaBrewCompany,19.6467059,-155.9981111,0
230,2019,Pineapple,🥉 Bronze,Diskin Cider,Tiki Tonik,Tennessee,United States,Tennessee,236,Active,Diskin Cider,http://www.diskincider.com/,,https://www.instagram.com/diskincider/,https://maps.google.com/?cid=5465208715637137113,,,https://untappd.com/w/diskin-cider/341259,36.140849,-86.769778,0
231,2019,Pineapple,🥉 Bronze,Vermont Cider Company,Wyders Prickly Pineapple,Vermont,United States,Vermont,664,Active,Vermont Cider Company,http://www.woodchuck.com/,https://www.facebook.com/WoodchuckCider,https://www.instagram.com/woodchuckcider/,https://maps.google.com/?cid=9402882086420367798,https://www.yelp.com/biz/woodchuck-hard-cidery-middlebury,https://www.tripadvisor.com/Attraction_Review-g57245-d7022345,https://untappd.com/w/woodchuck-cidery/611,44.034072,-73.172778,0
232,2019,Cherry,🥇 Gold,Broski Ciderworks,Cherish,Florida,United States,Florida,167,Inactive,Broski Ciderworks,,,,,,,,26.222228,-80.142524,1
233,2019,Cherry,🥈 Silver,Two K Farms,Cherry Cider,Michigan,United States,Michigan,932,Active,Two K Farms,https://twokfarms.com/,https://www.facebook.com/twokfarms,https://www.instagram.com/twokfarms/,https://maps.google.com/?cid=10000035318484135155,https://www.yelp.com/biz/two-k-farms-cidery-and-winery-suttons-bay-10,https://www.tripadvisor.com/Attraction_Review-g42743-d15263080,https://untappd.com/Two_K_Farms,44.922709,-85.626569,0
234,2019,Cherry,🥉 Bronze,Diskin Cider,BTC,Tennessee,United States,Tennessee,236,Active,Diskin Cider,http://www.diskincider.com/,,https://www.instagram.com/diskincider/,https://maps.google.com/?cid=5465208715637137113,,,https://untappd.com/w/diskin-cider/341259,36.140849,-86.769778,0
235,2019,Peach,🥇 Gold,Ciderboys,Peach County,Wisconsin,United States,Wisconsin,196,Active,Ciderboys,http://www.ciderboys.com/,https://www.facebook.com/Ciderboys,https://www.instagram.com/Ciderboys/,https://maps.google.com/?cid=1756122992587390562,https://www.yelp.com/biz/stevens-point-brewery-stevens-point,https://www.tripadvisor.com/Attraction_Review-g60304-d2265035,https://untappd.com/w/ciderboys-hard-cider/44552,44.510454,-89.573583,0
236,2019,Peach,🥈 Silver,Cigar City Cidery,Peach in Cider,Florida,United States,Florida,197,Active,Cigar City Cider & Mead,http://www.cigarcitycider.com/,https://www.facebook.com/CigarCityCider,https://www.instagram.com/cigarcitycider/,https://maps.google.com/?cid=105555702494086229,https://www.yelp.com/biz/cigar-city-brewing-tampa,https://www.tripadvisor.com/Attraction_Review-g34678-d4508513,https://untappd.com/w/cigar-city-cider-and-mead/51632,27.960748,-82.443199,0
237,2019,Peach,🥉 Bronze,McKenzie's Hard Cider,McKenzie's Peach Tea Hard Cider,New York,United States,New York,408,Active,FX Matt Brewing,https://www.mckbev.com/,https://www.facebook.com/McKenziesHardCider/,https://www.instagram.com/mckenzieshardcider/,https://maps.google.com/?cid=16812627050434550372,https://www.yelp.com/biz/f-x-matt-brewing-utica,https://www.tripadvisor.com/Attraction_Review-g48759-d534580,https://untappd.com/w/mckenzies-hard-cider/10931,43.1044459,-75.2455361,0
238,2019,Sangria,🥇 Gold,Coyote Hole Ciderworks,Sangria,Virginia,United States,Virginia,222,Active,Coyote Hole Craft Beverages,http://www.coyotehole.com/,https://www.facebook.com/CoyoteHole/,https://www.instagram.com/CoyoteHole/,https://maps.google.com/?cid=3893841626353972834,https://www.yelp.com/biz/coyote-hole-ciderworks-mineral,https://www.tripadvisor.com/Attraction_Review-g57973-d12510904,https://untappd.com/w/coyote-hole-ciderworks/327669,38.085727,-77.851857,0
239,2019,Sangria,🥈 Silver,Vermont Cider,Woodchuck Sangria,Vermont,United States,Vermont,664,Active,Vermont Cider Company,http://www.woodchuck.com/,https://www.facebook.com/WoodchuckCider,https://www.instagram.com/woodchuckcider/,https://maps.google.com/?cid=9402882086420367798,https://www.yelp.com/biz/woodchuck-hard-cidery-middlebury,https://www.tripadvisor.com/Attraction_Review-g57245-d7022345,https://untappd.com/w/woodchuck-cidery/611,44.034072,-73.172778,0
240,2019,Sangria,🥉 Bronze,Meriwether Cider,Sidra Sangria,Idaho,United States,Idaho,415,Active,Meriwether Cider Company,https://www.meriwethercider.com/,https://www.facebook.com/meriwethercider,https://www.instagram.com/meriwethercider/,https://maps.google.com/?cid=7830741432069672416,https://www.yelp.com/biz/meriwether-cider-company-garden-city-2,https://www.tripadvisor.com/Attraction_Review-g35459-d10034505,https://untappd.com/w/meriwether-cider-company/222316,43.645176,-116.271227,0
241,2019,Strawberry,🥇 Gold,Maeloc Hard Ciders,Maeloc Strawberry Cider,Galicia,Spain,Spain,2510,Active,Maeloc,https://maelocway.com/,https://www.facebook.com/maelocway/,https://www.instagram.com/maelocway/,https://maps.google.com/?cid=11814015461660737074,,,https://untappd.com/w/maeloc-cider/140146,42.5868096,-7.7764782,0
242,2019,Strawberry,🥈 Silver,Ciderboys,Strawberry Magic,Wisconsin,United States,Wisconsin,196,Active,Ciderboys,http://www.ciderboys.com/,https://www.facebook.com/Ciderboys,https://www.instagram.com/Ciderboys/,https://maps.google.com/?cid=1756122992587390562,https://www.yelp.com/biz/stevens-point-brewery-stevens-point,https://www.tripadvisor.com/Attraction_Review-g60304-d2265035,https://untappd.com/w/ciderboys-hard-cider/44552,44.510454,-89.573583,0
243,2019,Strawberry,🥉 Bronze,The Good Cider,Strawberry,Navarre,Spain,Spain,2571,Active,Eva Group,https://www.evasa.com/,,,https://maps.google.com/?cid=546948451257487120,,,https://untappd.com/EvaGroup,43.0042839,-1.91068,0
244,2019,Strawberry,🥉 Bronze,Quantum Leap Winery,Pedaler's Road Rash Strawberry,Florida,United States,Florida,495,Active,Quantum Leap Winery,https://quantumleapwinery.com/,https://www.facebook.com/QuantumLeapWinery/,https://www.instagram.com/quantumleapwinery/,,,,https://untappd.com/w/quantum-leap-winery/237930,28.563136,-81.365641,0
245,2019,Fruit and Berry,🥇 Gold,Ragged Hill Cider Company,Rasé,Massachusetts,United States,Massachusetts,497,Active,Ragged Hill Cider,https://www.raggedhillcider.com/,https://www.facebook.com/RaggedHillCider/,https://www.instagram.com/raggedhillcider/,https://maps.google.com/?cid=12743756096350248911,https://www.yelp.com/biz/ragged-hill-orchard-west-brookfield,https://www.tripadvisor.com/Attraction_Review-g41900-d13976564,https://untappd.com/w/ragged-hill-cider-company/339946,42.269444,-72.168979,0
246,2019,Fruit and Berry,🥈 Silver,Green Bench Mead & Cider,Raspberry Rooftop,Florida,United States,Florida,306,Active,Green Bench Brewing Co.,https://www.greenbenchbrewing.com/,https://www.facebook.com/GreenBenchBrewing/,https://www.instagram.com/greenbenchmeadcider/,https://maps.google.com/?cid=4473987284585319628,https://www.yelp.com/biz/green-bench-brewing-company-st-petersburg,https://www.tripadvisor.com/Attraction_Review-g34607-d8505685,https://untappd.com/w/green-bench-mead-cider/184191,27.771864,-82.650644,0
247,2019,Fruit and Berry,🥈 Silver,The Good Cider of San Sebastian,Wild Berry,Navarre,Spain,Spain,2571,Active,Eva Group,https://www.evasa.com/,,,https://maps.google.com/?cid=546948451257487120,,,https://untappd.com/EvaGroup,43.0042839,-1.91068,0
248,2019,Fruit and Berry,🥉 Bronze,Broski Ciderworks,Blackcurrant,Florida,United States,Florida,167,Inactive,Broski Ciderworks,,,,,,,,26.222228,-80.142524,1
249,2019,Applewine,🥇 Gold,Heritage Estate Winery & Cidery,Apple Wine,Ontario,Canada,Ontario,790,Active,Heritage Estate Winery & Cidery,https://heritageestate.ca/,https://www.facebook.com/estateheritage/,https://www.instagram.com/estateheritage/,https://maps.google.com/?cid=9239224592277777662,,https://www.tripadvisor.com/Attraction_Review-g154980-d11864452,https://untappd.com/w/heritage-estate-winery-cidery/281135,44.421019,-79.643167,0
250,2019,Applewine,🥈 Silver,Portland Cider Company,The Perfect 10,Oregon,United States,Oregon,490,Active,Portland Cider Company,http://portlandcider.com/,https://www.facebook.com/portlandcider,https://www.instagram.com/portlandcider/,https://maps.google.com/?cid=5897814277091816079,https://www.yelp.com/biz/portland-cider-company-clackamas,https://www.tripadvisor.com/Restaurant_Review-g51806-d6996793,https://untappd.com/w/portland-cider-company/56260,45.415288,-122.572714,0
251,2019,Applewine,🥉 Bronze,March First Brewing,Apfelwein,Ohio,United States,Ohio,405,Active,March First Brewing,https://www.marchfirstbrewing.com/,https://www.facebook.com/marchfirstbrewing,https://www.instagram.com/m1cincy,https://maps.google.com/?cid=18349508478239444947,https://www.yelp.com/biz/march-first-brewing-cincinnati,https://www.tripadvisor.com/Attraction_Review-g60993-d12382320,https://untappd.com/w/march-first-brewing/327077,39.279219,-84.34893,0
252,2019,Herbal,🥇 Gold,One Tree Hard Cider,Lemon Basil,Washington,United States,Washington,462,Active,One Tree Hard Cider,http://www.onetreehardcider.com/,https://www.facebook.com/OneTreeHardCider,https://www.instagram.com/onetreecider,https://maps.google.com/?cid=3782079883535213089,https://www.yelp.com/biz/one-tree-hard-cider-spokane-valley,https://www.tripadvisor.com/Restaurant_Review-g58759-d12802835,https://untappd.com/w/one-tree-hard-cider/141397,47.6560711,-117.4278764,0
253,2019,Herbal,🥈 Silver,Rhinegeist Cidergeist,Swizzle,Ohio,United States,Ohio,515,Active,Rhinegeist Brewery,https://rhinegeist.com/,https://www.facebook.com/rhinegeist,https://www.instagram.com/rhinegeist/,https://maps.google.com/?cid=4624817204033581156,https://www.yelp.com/biz/rhinegeist-brewery-cincinnati,https://www.tripadvisor.com/Attraction_Review-g60993-d8618371,https://untappd.com/w/rhinegeist-brewery/69953,39.117266,-84.520101,0
254,2019,Herbal,🥉 Bronze,Sapsucker Farms Yellow Belly Cidery,Wild Flower,Minnesota,United States,Minnesota,545,Active,Sapsucker Farms Yellow Belly Cidery,https://www.sapsuckerfarms.com/,https://www.facebook.com/YellowBellyCider/,https://www.instagram.com/sapsuckerfarms/,https://maps.google.com/?cid=10529182272851607589,https://www.yelp.com/biz/sapsucker-farms-yellow-belly-cidery-mora,https://www.tripadvisor.com/Attraction_Review-g43337-d15594799,https://untappd.com/w/sapsucker-farms/187535,45.8970174,-93.152247,0
255,2019,Herbal,🥉 Bronze,Common Cider Company,Hibiscus Saison,California,United States,California,211,Inactive,Common Cider Company,,,,,,,,38.950812,-121.084227,1
256,2019,Hopped,🥇 Gold,Cellar Door Cider,The Grasshopper,California,United States,California,3456,Inactive,Cellar Door Cider,,,,,,,,39.7142274,-121.8218347,1
257,2019,Hopped,🥇 Gold,Incline Cider Company,The Explorer Hopped,Washington,United States,Washington,345,Active,Incline Cider Company,http://www.inclinecider.com/,https://www.facebook.com/inclinecider/,https://www.instagram.com/inclinecider/,https://maps.google.com/?cid=504944612388443997,https://www.yelp.com/biz/incline-cider-house-tacoma,https://www.tripadvisor.com/Attraction_Review-g58775-d22266571,https://untappd.com/w/incline-cider-company/249584,47.307323,-122.228453,0
258,2019,Hopped,🥈 Silver,Blake's Hard Cider,Fido,Michigan,United States,Michigan,10,Active,Blake's Hard Cider Co.,http://www.blakeshardcider.com/,https://www.facebook.com/blakeshardciderco,https://www.instagram.com/blakeshardciderco/,https://maps.google.com/?cid=15855146673119620480,https://www.yelp.com/biz/blakes-ciderhouse-and-winery-armada,https://www.tripadvisor.com/Attraction_Review-g29560-d6678501,https://untappd.com/w/blakes-hard-cider-company/86334,42.8503113,-82.9513855,0
259,2019,Hopped,🥉 Bronze,ERIS Brewery and Ciderhouse,ERSA,Illinois,United States,Illinois,262,Active,ERIS Brewery & Cider House,https://www.erischicago.com/,https://www.facebook.com/erischicago,https://www.instagram.com/erischicago/,https://maps.google.com/?cid=8228819364943835803,https://www.yelp.com/biz/eris-brewery-and-cider-house-chicago,https://www.tripadvisor.com/Restaurant_Review-g35805-d13418130,https://untappd.com/w/eris-brewery-cider-house/379702,41.953873,-87.734239,0
260,2019,Apple Pie Spiced,🥇 Gold,Wild Blossom Cider by Sycamore,Apple Pie Cider,North Carolina,United States,North Carolina,2236,Active,Sycamore Brewing,https://www.sycamorebrew.com/,https://www.facebook.com/SycamoreBrewing/,https://www.instagram.com/sycamorebrewing/,https://maps.google.com/?cid=4876898246003691885,https://www.yelp.com/biz/sycamore-brewing-charlotte-2,https://www.tripadvisor.com/Attraction_Review-g49022-d7234229,https://untappd.com/SycamoreBrewing,35.2089475,-80.8620811,0
261,2019,Apple Pie Spiced,🥈 Silver,2 Towns Ciderhouse,Hollow Jack'd,Oregon,United States,Oregon,67,Active,2 Towns Ciderhouse,http://www.2townsciderhouse.com/,https://www.facebook.com/2townsciderhouse,https://www.instagram.com/2townscider/,https://maps.google.com/?cid=10429935694700508047,https://www.yelp.com/biz/2-towns-ciderhouse-corvallis,https://www.tripadvisor.com/Attraction_Review-g51817-d3417221,https://untappd.com/w/2-towns-ciderhouse/12975,44.563505,-123.226185,0
262,2019,Apple Pie Spiced,🥉 Bronze,ds Wicked Cider,Baked Apple,Washington,United States,Washington,229,Active,d's Wicked Cider,http://dswickedcider.com/,https://www.facebook.com/dswickedcider/,https://www.instagram.com/dswickedciderco/,https://maps.google.com/?cid=2860292587896986843,https://www.yelp.com/biz/sun-river-vintners-kennewick,https://www.tripadvisor.com/Attraction_Review-g58536-d13007264,https://untappd.com/w/ds-wicked-cider/158215,46.20084,-119.246466,0
263,2019,Spiced,🥇 Gold,Glacial Till Vineyard & Winery,Hibiscus Ginger,Nebraska,United States,Nebraska,294,Active,Glacial Till Vineyard & Winery,http://www.glacialtillvineyard.com/,https://www.facebook.com/glacialtillvineyard,https://www.instagram.com/glacialtillvineyard/,https://maps.google.com/?cid=185099829414435279,https://www.yelp.com/biz/glacial-till-tasting-room-ashland,https://www.tripadvisor.com/Attraction_Review-g29709-d5832186,https://untappd.com/w/glacial-till-vineyard-and-winery/223758,41.038896,-96.368951,0
264,2019,Spiced,🥈 Silver,Odd Brothers Craft Cider,The Wanderer,Michigan,United States,Michigan,1757,Active,Odd Brothers Craft Cider,https://www.oddbrotherscider.com/,https://www.facebook.com/Odd-Brothers-Craft-Cider-793647507656990/,https://www.instagram.com/oddbrotherscider/,,,,https://untappd.com/OddBrothersCraftCider,42.1364887,-84.8664378,0
265,2019,Spiced,🥉 Bronze,Meriwether Cider,Ginger Root,Idaho,United States,Idaho,415,Active,Meriwether Cider Company,https://www.meriwethercider.com/,https://www.facebook.com/meriwethercider,https://www.instagram.com/meriwethercider/,https://maps.google.com/?cid=7830741432069672416,https://www.yelp.com/biz/meriwether-cider-company-garden-city-2,https://www.tripadvisor.com/Attraction_Review-g35459-d10034505,https://untappd.com/w/meriwether-cider-company/222316,43.645176,-116.271227,0
266,2019,Wood-Aged,🥇 Gold,Arsenal Cider House,Bootlegger's Bourbon,Pennsylvania,United States,Pennsylvania,97,Active,Arsenal Cider House,https://www.arsenalciderhouse.com/lawrenceville/,https://www.facebook.com/ArsenalCider,https://www.instagram.com/arsenalcider/,https://maps.google.com/?cid=3302243150360255083,https://www.yelp.com/biz/arsenal-cider-house-and-wine-cellar-pittsburgh,https://www.tripadvisor.com/Attraction_Review-g53449-d4558019,https://untappd.com/w/arsenal-cider-house/12282,40.465108,-79.96092,0
267,2019,Wood-Aged,🥈 Silver,Sapsucker Farms Yellow Belly Cidery,Yellow Belly Barrel Aged Cider,Minnesota,United States,Minnesota,545,Active,Sapsucker Farms Yellow Belly Cidery,https://www.sapsuckerfarms.com/,https://www.facebook.com/YellowBellyCider/,https://www.instagram.com/sapsuckerfarms/,https://maps.google.com/?cid=10529182272851607589,https://www.yelp.com/biz/sapsucker-farms-yellow-belly-cidery-mora,https://www.tripadvisor.com/Attraction_Review-g43337-d15594799,https://untappd.com/w/sapsucker-farms/187535,45.8970174,-93.152247,0
268,2019,Wood-Aged,🥉 Bronze,Wicked Barley Brewing,It's a barnyard sing along,Florida,United States,Florida,3463,Active,Wicked Barley,https://wickedbarley.com/,https://www.facebook.com/wickedbarleybrewing,https://www.instagram.com/wickedbarleybrewing,https://maps.google.com/?cid=6159195290257520834,https://www.yelp.com/biz/wicked-barley-brewing-jacksonville-2,https://www.tripadvisor.com/Restaurant_Review-g60805-d10770557,https://untappd.com/WickedBarley,30.2183694,-81.6112862,0
269,2019,Specialty,🥇 Gold,Cider Corps,Mango Foxtrot,Arizona,United States,Arizona,915,Active,Cider Corps,https://cidercorpsaz.com/,https://www.facebook.com/cidercorps/,https://www.instagram.com/cidercorps/,https://maps.google.com/?cid=9593182908980696987,https://www.yelp.com/biz/cider-corps-mesa-5,https://www.tripadvisor.com/Attraction_Review-g31281-d13003044,https://untappd.com/CiderCorps,33.4141147,-111.8364706,0
270,2019,Specialty,🥈 Silver,Ægir Brugghús,Sultuslakur,Capital Region,Iceland,Iceland,3454,Inactive,Ægir Brugghús,,,,,,,,64.146325,-21.9326516,1
271,2019,Specialty,🥈 Silver,Rhinegeist Cidergeist,Elderflower Pear,Ohio,United States,Ohio,515,Active,Rhinegeist Brewery,https://rhinegeist.com/,https://www.facebook.com/rhinegeist,https://www.instagram.com/rhinegeist/,https://maps.google.com/?cid=4624817204033581156,https://www.yelp.com/biz/rhinegeist-brewery-cincinnati,https://www.tripadvisor.com/Attraction_Review-g60993-d8618371,https://untappd.com/w/rhinegeist-brewery/69953,39.117266,-84.520101,0
272,2019,Specialty,🥉 Bronze,The 401 Cider Brewery,Oh Honey,Ontario,Canada,Ontario,716,Active,401 Cider Brewery,https://www.401cidercompany.com/,https://www.facebook.com/401CiderBrewery/,https://www.instagram.com/401ciderbrewery/,https://maps.google.com/?cid=15904679425375007750,https://www.yelp.com/biz/the-big-apple-colborne,https://www.tripadvisor.com/Attraction_Review-g5414486-d586711,https://untappd.com/w/401-brewery/207707,44.0219637,-77.9059336,0
273,2019,Unlimited,🥇 Gold,Cidre Beaupré,Original,Quebec,Canada,Quebec,3177,Active,Groupe Geloso,https://groupegeloso.com/,https://www.facebook.com/groupegeloso/,,https://maps.google.com/?cid=14532853692172548925,,,https://untappd.com/w/cidre-beaupre-groupe-geloso/21487,45.6109278,-73.6737069,0
274,2019,Unlimited,🥈 Silver,Samuel Smith's Brewery,Organic Cider,North Yorkshire,England,England,3342,Active,Samuel Smith's Brewery,https://samuelsmithsbrewery.co.uk/,https://www.facebook.com/samuelsmithsbrewery/,https://www.instagram.com/samuelsmithsbrewery/,https://maps.google.com/?cid=15178745194059809638,,,https://untappd.com/SamuelSmiths,53.883796,-1.261378,0
275,2019,Unlimited,🥉 Bronze,5 Penny Hard Cider,Urban Legend,Ohio,United States,Ohio,69,Inactive,5 Penny Hard Cider,,,,,,,,40.76436,-82.610672,1
276,2019,Anything Goes,🥇 Gold,Duluth Cider,Las Lajas,Minnesota,United States,Minnesota,250,Active,Duluth Cider,https://duluthcider.com/,https://www.facebook.com/duluth.cider/,https://www.instagram.com/duluthcider/,https://maps.google.com/?cid=3814310496447641516,https://www.yelp.com/biz/duluth-cider-duluth,https://www.tripadvisor.com/Attraction_Review-g43018-d16674091,https://untappd.com/DuluthCider,46.764947,-92.127394,0
277,2019,Anything Goes,🥈 Silver,Clafeld Fruit Winery,London Fog,Ontario,Canada,Ontario,757,Active,Clafeld Cider House,https://www.waupooswinery.com/,https://www.facebook.com/clafeldcider/,https://www.instagram.com/clafeldcider/,https://maps.google.com/?cid=14335401017140852929,https://www.yelp.com/biz/clafeld-market-prince-edward,https://www.tripadvisor.com/Attraction_Review-g3454068-d14194483,https://untappd.com/w/clafeld-fruit-winery-market/207242,44.014915,-76.972342,0
278,2019,Anything Goes,🥉 Bronze,Houston Cider Company,Singapore Sling,Texas,United States,Texas,339,Active,Houston Cider Company,https://www.houstoncidertx.com/,https://www.facebook.com/houstoncidercompany,https://www.instagram.com/houstoncider/,https://maps.google.com/?cid=9879541345239427997,https://www.yelp.com/biz/town-in-city-brewing-company-houston,https://www.tripadvisor.com/Attraction_Review-g56003-d9609375,https://untappd.com/w/houston-cider-company/300156,29.803677,-95.386979,0
279,2019,Anything Goes,🥉 Bronze,Cranker's Brewery,Cider Mill Donut,Michigan,United States,Michigan,3458,Active,Cranker's Brewery,https://www.crankersbrewery.com/,https://www.facebook.com/CrankersBeer/,https://www.instagram.com/crankersbrewery/,https://maps.google.com/?cid=12050324371787893879,https://www.yelp.com/biz/crankers-brewery-big-rapids,https://www.tripadvisor.com/Restaurant_Review-g41993-d878175,https://untappd.com/CrankersBrewery,43.6963462,-85.4836393,0
280,2019,Single Varietal,🥇 Gold,Thomas Brothers Hard Cider,Gravenstein,California,United States,California,3462,Inactive,Thomas Brothers Hard Cider,,,,,,,,37.8622593,-122.2979617,1
281,2019,Single Varietal,🥈 Silver,Arsenal Cider House,Gold Rush,Pennsylvania,United States,Pennsylvania,97,Active,Arsenal Cider House,https://www.arsenalciderhouse.com/lawrenceville/,https://www.facebook.com/ArsenalCider,https://www.instagram.com/arsenalcider/,https://maps.google.com/?cid=3302243150360255083,https://www.yelp.com/biz/arsenal-cider-house-and-wine-cellar-pittsburgh,https://www.tripadvisor.com/Attraction_Review-g53449-d4558019,https://untappd.com/w/arsenal-cider-house/12282,40.465108,-79.96092,0
282,2019,Single Varietal,🥉 Bronze,Contoocook Cider,Johnny B Good,New Hampshire,United States,New Hampshire,215,Active,Contoocook Cider Company,https://www.contoocookcider.com/,https://www.facebook.com/contoocookcider,https://www.instagram.com/contoocook_cider,https://maps.google.com/?cid=5608445815929475021,https://www.yelp.com/biz/contoocook-cider-co-contoocook,https://www.tripadvisor.com/Attraction_Review-g46053-d3546159,https://untappd.com/w/contoocook-cider-company/356350,43.2211079,-71.6894147,0
283,2019,Rosé,🥇 Gold,Clafeld Fruit Winery,Hey Lady,Ontario,Canada,Ontario,757,Active,Clafeld Cider House,https://www.waupooswinery.com/,https://www.facebook.com/clafeldcider/,https://www.instagram.com/clafeldcider/,https://maps.google.com/?cid=14335401017140852929,https://www.yelp.com/biz/clafeld-market-prince-edward,https://www.tripadvisor.com/Attraction_Review-g3454068-d14194483,https://untappd.com/w/clafeld-fruit-winery-market/207242,44.014915,-76.972342,0
284,2019,Rosé,🥈 Silver,Diskin Cider,Daydream,Tennessee,United States,Tennessee,236,Active,Diskin Cider,http://www.diskincider.com/,,https://www.instagram.com/diskincider/,https://maps.google.com/?cid=5465208715637137113,,,https://untappd.com/w/diskin-cider/341259,36.140849,-86.769778,0
285,2019,Rosé,🥉 Bronze,Brewdog Brewing,Doom & Bloom,Ohio,United States,Ohio,2096,Active,Hawkes / BrewDog USA,https://www.brewdog.com/usa/brewdog-dogtap-columbus,https://www.facebook.com/DogTapColumbus,https://www.instagram.com/ohiodogtap/,https://maps.google.com/?cid=3806023017261021678,https://www.yelp.com/biz/brewdog-dogtap-columbus-canal-winchester,https://www.tripadvisor.com/Attraction_Review-g50166-d12949852,https://untappd.com/BrewDogUSA,39.8472128,-82.8257715,0
286,2019,Brut,🥇 Gold,Niagara College Teaching Cidery,Brut Cider,Ontario,Canada,Ontario,812,Active,Niagara College Teaching Winery,https://www.ncteachingwinery.ca/,https://www.facebook.com/nctwinery/,https://www.instagram.com/nctwinery/,https://maps.google.com/?cid=2529664632400053188,https://www.yelp.com/biz/niagara-college-teaching-winery-niagara-on-the-lake,https://www.tripadvisor.com/Attraction_Review-g154999-d2414360,https://untappd.com/w/niagara-college-teaching-winery/390649,43.150451,-79.165647,0
287,2019,Brut,🥈 Silver,Heritage Estate Winery & Cidery,Dragon's Gold,Ontario,Canada,Ontario,790,Active,Heritage Estate Winery & Cidery,https://heritageestate.ca/,https://www.facebook.com/estateheritage/,https://www.instagram.com/estateheritage/,https://maps.google.com/?cid=9239224592277777662,,https://www.tripadvisor.com/Attraction_Review-g154980-d11864452,https://untappd.com/w/heritage-estate-winery-cidery/281135,44.421019,-79.643167,0
288,2019,Brut,🥉 Bronze,Wild Blossom Cider by Sycamore,Wild Blossom Brut,North Carolina,United States,North Carolina,2236,Active,Sycamore Brewing,https://www.sycamorebrew.com/,https://www.facebook.com/SycamoreBrewing/,https://www.instagram.com/sycamorebrewing/,https://maps.google.com/?cid=4876898246003691885,https://www.yelp.com/biz/sycamore-brewing-charlotte-2,https://www.tripadvisor.com/Attraction_Review-g49022-d7234229,https://untappd.com/SycamoreBrewing,35.2089475,-80.8620811,0
289,2020,Modern Cider – Sweet,🥇 Gold,Arsenal Cider House & Wine Cellar,Event Blend,Pennsylvania,United States,Pennsylvania,97,Active,Arsenal Cider House,https://www.arsenalciderhouse.com/lawrenceville/,https://www.facebook.com/ArsenalCider,https://www.instagram.com/arsenalcider/,https://maps.google.com/?cid=3302243150360255083,https://www.yelp.com/biz/arsenal-cider-house-and-wine-cellar-pittsburgh,https://www.tripadvisor.com/Attraction_Review-g53449-d4558019,https://untappd.com/w/arsenal-cider-house/12282,40.465108,-79.96092,0
290,2020,Modern Cider – Sweet,🥈 Silver,Vermont Cider Company,Woodchuck Amber,Vermont,United States,Vermont,664,Active,Vermont Cider Company,http://www.woodchuck.com/,https://www.facebook.com/WoodchuckCider,https://www.instagram.com/woodchuckcider/,https://maps.google.com/?cid=9402882086420367798,https://www.yelp.com/biz/woodchuck-hard-cidery-middlebury,https://www.tripadvisor.com/Attraction_Review-g57245-d7022345,https://untappd.com/w/woodchuck-cidery/611,44.034072,-73.172778,0
291,2020,Modern Cider – Sweet,🥉 Bronze,McKenzie's Beverages,McKenzie's Original Hard Cider,New York,United States,New York,408,Active,FX Matt Brewing,https://www.mckbev.com/,https://www.facebook.com/McKenziesHardCider/,https://www.instagram.com/mckenzieshardcider/,https://maps.google.com/?cid=16812627050434550372,https://www.yelp.com/biz/f-x-matt-brewing-utica,https://www.tripadvisor.com/Attraction_Review-g48759-d534580,https://untappd.com/w/mckenzies-hard-cider/10931,43.1044459,-75.2455361,0
292,2020,Modern Cider – Dry,🥇 Gold,Clafeld Fruit Winery,Smashed Cider,Ontario,Canada,Ontario,757,Active,Clafeld Cider House,https://www.waupooswinery.com/,https://www.facebook.com/clafeldcider/,https://www.instagram.com/clafeldcider/,https://maps.google.com/?cid=14335401017140852929,https://www.yelp.com/biz/clafeld-market-prince-edward,https://www.tripadvisor.com/Attraction_Review-g3454068-d14194483,https://untappd.com/w/clafeld-fruit-winery-market/207242,44.014915,-76.972342,0
293,2020,Modern Cider – Dry,🥇 Gold,Covered Bridge Brewing,Arse Dagger Apple Cider,Oregon,United States,Oregon,2035,Inactive,Covered Bridge Brewing,,,,,,,,43.7975203,-123.0584655,1
294,2020,Modern Cider – Dry,🥈 Silver,Arsenal Cider House & Wine Cellar,Fighting Elleck,Pennsylvania,United States,Pennsylvania,97,Active,Arsenal Cider House,https://www.arsenalciderhouse.com/lawrenceville/,https://www.facebook.com/ArsenalCider,https://www.instagram.com/arsenalcider/,https://maps.google.com/?cid=3302243150360255083,https://www.yelp.com/biz/arsenal-cider-house-and-wine-cellar-pittsburgh,https://www.tripadvisor.com/Attraction_Review-g53449-d4558019,https://untappd.com/w/arsenal-cider-house/12282,40.465108,-79.96092,0
295,2020,Modern Cider – Dry,🥉 Bronze,Xaiko Beverages,Kiwi Herman,California,United States,California,3464,Inactive,Xaiko Beverages,,,,,,,,37.6581212,-121.8768489,1
296,2020,Heritage Cider,🥇 Gold,Big Fish Cider Company,Highland Scrumpy,Virginia,United States,Virginia,127,Active,Big Fish Cider Co.,http://www.bigfishcider.com/,https://www.facebook.com/BigFishCider/,https://www.instagram.com/big_fish_cider/,https://maps.google.com/?cid=10686446551531832863,https://www.yelp.com/biz/big-fish-cider-monterey,https://www.tripadvisor.com/Attraction_Review-g57982-d10413095,https://untappd.com/w/big-fish-cider-co/202963,38.412304,-79.58293,0
297,2020,Heritage Cider,🥈 Silver,Broken Brix Winery,Wild Scrumpy,Illinois,United States,Illinois,1895,Active,Broken Brix,http://homebrewshopltd.com/,https://www.facebook.com/homebrewshopltd,https://www.instagram.com/brokenbrix_cidery/,https://maps.google.com/?cid=11646904330402367413,,,https://untappd.com/Broken_Brix,41.9130721,-88.3165378,0
298,2020,Heritage Cider,🥉 Bronze,Urban Tree Hard Cider,Sidra Urbano,Georgia,United States,Georgia,661,Active,Urban Tree Hard Cider,https://urbantreecidery.com/,https://www.facebook.com/UrbanTreeCider/,https://www.instagram.com/urbantreecider/,,,,https://untappd.com/w/urban-tree-cidery/260157,33.794905,-84.414797,0
299,2020,Traditional Cider,🥇 Gold,Heritage Estate Winery & Cidery,Heirloom Apple Cider,Ontario,Canada,Ontario,790,Active,Heritage Estate Winery & Cidery,https://heritageestate.ca/,https://www.facebook.com/estateheritage/,https://www.instagram.com/estateheritage/,https://maps.google.com/?cid=9239224592277777662,,https://www.tripadvisor.com/Attraction_Review-g154980-d11864452,https://untappd.com/w/heritage-estate-winery-cidery/281135,44.421019,-79.643167,0
300,2020,Traditional Cider,🥈 Silver,Maeloc Hard Cider,Maeloc Organic Sidra,Galicia,Spain,Spain,2510,Active,Maeloc,https://maelocway.com/,https://www.facebook.com/maelocway/,https://www.instagram.com/maelocway/,https://maps.google.com/?cid=11814015461660737074,,,https://untappd.com/w/maeloc-cider/140146,42.5868096,-7.7764782,0
301,2020,Perry,🥇 Gold,Samuel Smith's,Samuel Smith's Organic Perry,North Yorkshire,England,England,3342,Active,Samuel Smith's Brewery,https://samuelsmithsbrewery.co.uk/,https://www.facebook.com/samuelsmithsbrewery/,https://www.instagram.com/samuelsmithsbrewery/,https://maps.google.com/?cid=15178745194059809638,,,https://untappd.com/SamuelSmiths,53.883796,-1.261378,0
302,2020,Perry,🥈 Silver,California Cider Company,Ace Perry Craft Cider,California,United States,California,179,Active,ACE Cider,http://www.acecider.com/,https://www.facebook.com/AceCider,https://www.instagram.com/acecider/,,https://www.yelp.com/biz/ace-premium-hard-ciders-sebastopol,https://www.tripadvisor.com/Attraction_Review-g33069-d3626497,https://untappd.com/w/ace-cider-the-california-cider-company/331,38.423506,-122.849754,0
303,2020,Perry,🥉 Bronze,Envasados Eva,Pear The Good Cider of San Sebastian,Navarre,Spain,Spain,2571,Active,Eva Group,https://www.evasa.com/,,,https://maps.google.com/?cid=546948451257487120,,,https://untappd.com/EvaGroup,43.0042839,-1.91068,0
304,2020,Fruit,🥇 Gold,California Cider Company,Ace Guava Craft Cider,California,United States,California,179,Active,ACE Cider,http://www.acecider.com/,https://www.facebook.com/AceCider,https://www.instagram.com/acecider/,,https://www.yelp.com/biz/ace-premium-hard-ciders-sebastopol,https://www.tripadvisor.com/Attraction_Review-g33069-d3626497,https://untappd.com/w/ace-cider-the-california-cider-company/331,38.423506,-122.849754,0
305,2020,Fruit,🥈 Silver,Avid Cider Comany,Acai Lemonade Hard Cider,Oregon,United States,Oregion,103,Active,Avid Cider,https://avidcider.com/,https://www.facebook.com/AVIDCider/,https://www.instagram.com/avidcidercompany/,,https://www.yelp.com/biz/atlas-cider-co-bend-2,https://www.tripadvisor.com/Attraction_Review-g51766-d6870614,https://untappd.com/w/atlas-cider-company/65739,44.0509307,-121.3144074,0
306,2020,Fruit,🥈 Silver,Clafeld Fruit Winery,Disco Lemonade,Ontario,Canada,Ontario,757,Active,Clafeld Cider House,https://www.waupooswinery.com/,https://www.facebook.com/clafeldcider/,https://www.instagram.com/clafeldcider/,https://maps.google.com/?cid=14335401017140852929,https://www.yelp.com/biz/clafeld-market-prince-edward,https://www.tripadvisor.com/Attraction_Review-g3454068-d14194483,https://untappd.com/w/clafeld-fruit-winery-market/207242,44.014915,-76.972342,0
307,2020,Fruit,🥉 Bronze,d's Wicked Cider Company,Troppi-Poppi,Washington,United States,Washington,229,Active,d's Wicked Cider,http://dswickedcider.com/,https://www.facebook.com/dswickedcider/,https://www.instagram.com/dswickedciderco/,https://maps.google.com/?cid=2860292587896986843,https://www.yelp.com/biz/sun-river-vintners-kennewick,https://www.tripadvisor.com/Attraction_Review-g58536-d13007264,https://untappd.com/w/ds-wicked-cider/158215,46.20084,-119.246466,0
308,2020,Pineapple,🥇 Gold,Ciderboys Hard Cider,Pineapple Hula,Wisconsin,United States,Wisconsin,196,Active,Ciderboys,http://www.ciderboys.com/,https://www.facebook.com/Ciderboys,https://www.instagram.com/Ciderboys/,https://maps.google.com/?cid=1756122992587390562,https://www.yelp.com/biz/stevens-point-brewery-stevens-point,https://www.tripadvisor.com/Attraction_Review-g60304-d2265035,https://untappd.com/w/ciderboys-hard-cider/44552,44.510454,-89.573583,0
309,2020,Pineapple,🥈 Silver,Ola Brew Company & Cidery,Kona Gold Cider,Hawaii,United States,Hawaii,2239,Active,Ola Brew,https://www.olabrewco.com/,https://www.facebook.com/OlaBrewCo,https://www.instagram.com/olabrewco/,https://maps.google.com/?cid=15799959683814156778,https://www.yelp.com/biz/ola-brew-kailua-kona,https://www.tripadvisor.com/Attraction_Review-g60872-d13368863,https://untappd.com/OlaBrewCompany,19.6467059,-155.9981111,0
310,2020,Pineapple,🥉 Bronze,Urban Tree Hard Cider,Tropic Like it's Hot,Georgia,United States,Georgia,661,Active,Urban Tree Hard Cider,https://urbantreecidery.com/,https://www.facebook.com/UrbanTreeCider/,https://www.instagram.com/urbantreecider/,,,,https://untappd.com/w/urban-tree-cidery/260157,33.794905,-84.414797,0
311,2020,Pineapple,🥉 Bronze,Vermont Cider Company,Wyders Prickly Pineapple,Vermont,United States,Vermont,664,Active,Vermont Cider Company,http://www.woodchuck.com/,https://www.facebook.com/WoodchuckCider,https://www.instagram.com/woodchuckcider/,https://maps.google.com/?cid=9402882086420367798,https://www.yelp.com/biz/woodchuck-hard-cidery-middlebury,https://www.tripadvisor.com/Attraction_Review-g57245-d7022345,https://untappd.com/w/woodchuck-cidery/611,44.034072,-73.172778,0
312,2020,Cherry,🥇 Gold,Boss Cider Company,Going North,Michigan,United States,Michigan,12,Active,Boss Cider Company,https://www.bosscider.com/,https://www.facebook.com/BossCider,https://www.instagram.com/bosscider/,https://maps.google.com/?cid=1969051789610674635,https://www.yelp.com/biz/boss-cider-leslie,,https://untappd.com/w/boss-cider-company/445688,42.450331,-84.431688,0
313,2020,Cherry,🥈 Silver,Atlanta Hard Cider Co.,Cherry Pie,Georgia,United States,Georgia,102,Active,Atlanta Hard Cider Co.,https://www.atlantahardcider.com/,https://www.facebook.com/atlantahardcider/,https://www.instagram.com/atlantahardcider/,https://maps.google.com/?cid=15330589380276964489,,,https://untappd.com/w/atlanta-hard-cider-co/364060,33.9507273,-84.52255,0
314,2020,Cherry,🥉 Bronze,Contoocook Cider Company,Cherry Bomb,New Hampshire,United States,New Hampshire,215,Active,Contoocook Cider Company,https://www.contoocookcider.com/,https://www.facebook.com/contoocookcider,https://www.instagram.com/contoocook_cider,https://maps.google.com/?cid=5608445815929475021,https://www.yelp.com/biz/contoocook-cider-co-contoocook,https://www.tripadvisor.com/Attraction_Review-g46053-d3546159,https://untappd.com/w/contoocook-cider-company/356350,43.2211079,-71.6894147,0
315,2020,Peach,🥇 Gold,Black Apple,Black Apple Peach,Arkansas,United States,Arkansas,133,Active,Black Apple Hard Cider,https://www.blackapplehardcider.com/,https://www.facebook.com/blackapplecrossing/,https://www.instagram.com/blackapplehardcider/,https://maps.google.com/?cid=5449257929643515916,https://www.yelp.com/biz/black-apple-crossing-springdale,https://www.tripadvisor.com/Attraction_Review-g31931-d8814858,https://untappd.com/w/black-apple-crossing/211057,36.18487,-94.127403,0
316,2020,Peach,🥈 Silver,d's Wicked Cider,Peach Cobbler,Washington,United States,Washington,229,Active,d's Wicked Cider,http://dswickedcider.com/,https://www.facebook.com/dswickedcider/,https://www.instagram.com/dswickedciderco/,https://maps.google.com/?cid=2860292587896986843,https://www.yelp.com/biz/sun-river-vintners-kennewick,https://www.tripadvisor.com/Attraction_Review-g58536-d13007264,https://untappd.com/w/ds-wicked-cider/158215,46.20084,-119.246466,0
317,2020,Peach,🥉 Bronze,Portland Cider Company,Peach Berry,Oregon,United States,Oregon,490,Active,Portland Cider Company,http://portlandcider.com/,https://www.facebook.com/portlandcider,https://www.instagram.com/portlandcider/,https://maps.google.com/?cid=5897814277091816079,https://www.yelp.com/biz/portland-cider-company-clackamas,https://www.tripadvisor.com/Restaurant_Review-g51806-d6996793,https://untappd.com/w/portland-cider-company/56260,45.415288,-122.572714,0
318,2020,Fruit and Berry,🥇 Gold,Ciderboys Hard Cider,Blackberry Wild,Wisconsin,United States,Wisconsin,196,Active,Ciderboys,http://www.ciderboys.com/,https://www.facebook.com/Ciderboys,https://www.instagram.com/Ciderboys/,https://maps.google.com/?cid=1756122992587390562,https://www.yelp.com/biz/stevens-point-brewery-stevens-point,https://www.tripadvisor.com/Attraction_Review-g60304-d2265035,https://untappd.com/w/ciderboys-hard-cider/44552,44.510454,-89.573583,0
319,2020,Fruit and Berry,🥈 Silver,Saro Cider,Sanibel Grapefruit,Nebraska,United States,Nebraska,547,Active,Saro Cider,https://sarocider.com/,https://www.facebook.com/4SaroCider,https://www.instagram.com/sarocider/,https://maps.google.com/?cid=14239117714929818609,https://www.yelp.com/biz/saro-cider-lincoln,https://www.tripadvisor.com/Restaurant_Review-g45667-d15141590,https://untappd.com/w/saro-cider/407311,40.812684,-96.695605,0
320,2020,Fruit and Berry,🥈 Silver,Clafeld Fruit Winery,Fruit Cocktail,Ontario,Canada,Ontario,757,Active,Clafeld Cider House,https://www.waupooswinery.com/,https://www.facebook.com/clafeldcider/,https://www.instagram.com/clafeldcider/,https://maps.google.com/?cid=14335401017140852929,https://www.yelp.com/biz/clafeld-market-prince-edward,https://www.tripadvisor.com/Attraction_Review-g3454068-d14194483,https://untappd.com/w/clafeld-fruit-winery-market/207242,44.014915,-76.972342,0
321,2020,Fruit and Berry,🥉 Bronze,Broski Cider Works,Black Current,Florida,United States,Florida,167,Inactive,Broski Ciderworks,,,,,,,,26.222228,-80.142524,1
322,2020,Strawberry,🥇 Gold,Envasados Eva,The Good Cider of San Sebastian Strawberry,Navarre,Spain,Spain,2571,Active,Eva Group,https://www.evasa.com/,,,https://maps.google.com/?cid=546948451257487120,,,https://untappd.com/EvaGroup,43.0042839,-1.91068,0
323,2020,Strawberry,🥈 Silver,Quantum Leap Winery,Pedaler's Road Rash Hard Cider,Florida,United States,Florida,495,Active,Quantum Leap Winery,https://quantumleapwinery.com/,https://www.facebook.com/QuantumLeapWinery/,https://www.instagram.com/quantumleapwinery/,,,,https://untappd.com/w/quantum-leap-winery/237930,28.563136,-81.365641,0
324,2020,Strawberry,🥉 Bronze,Maeloc Hard Ciders,Maeloc Strawberry Hard Cider,Galicia,Spain,Spain,2510,Active,Maeloc,https://maelocway.com/,https://www.facebook.com/maelocway/,https://www.instagram.com/maelocway/,https://maps.google.com/?cid=11814015461660737074,,,https://untappd.com/w/maeloc-cider/140146,42.5868096,-7.7764782,0
325,2020,Cranberry,🥇 Gold,Thor's Hard Cider,Dry Cranberry,Minnesota,United States,Minnesota,631,Active,Thor's Hard Cider,https://www.thorshardcider.com/,https://www.facebook.com/thorshardcider/,https://www.instagram.com/thorshardcider/,https://maps.google.com/?cid=16250618587804183842,https://www.yelp.com/biz/aamodts-apple-farm-stillwater,https://www.tripadvisor.com/Attraction_Review-g43552-d7146001,https://untappd.com/w/thors-hard-cider/345130,45.042138,-92.865744,0
326,2020,Cranberry,🥈 Silver,Boss Cider Company,Satine,Michigan,United States,Michigan,12,Active,Boss Cider Company,https://www.bosscider.com/,https://www.facebook.com/BossCider,https://www.instagram.com/bosscider/,https://maps.google.com/?cid=1969051789610674635,https://www.yelp.com/biz/boss-cider-leslie,,https://untappd.com/w/boss-cider-company/445688,42.450331,-84.431688,0
327,2020,Cranberry,🥉 Bronze,Dingo Dog Brewing,Suzie's Cranberry-Pomegranate Cider,North Carolina,United States,North Carolina,2170,Active,Dingo Dog Brewing Company,https://www.dingodogbrewing.com/,https://www.facebook.com/dingodogbrewing,https://www.instagram.com/dingodogbrewing/,https://maps.google.com/?cid=855662940419552138,https://www.yelp.com/biz/dingo-dog-brewing-company-carrboro,,https://untappd.com/DingoDogBrewing,35.9140913,-79.0720655,0
328,2020,Applewine / Ice Cider,🥇 Gold,Glacial Till Vineyard,Applewine,Nebraska,United States,Nebraska,294,Active,Glacial Till Vineyard & Winery,http://www.glacialtillvineyard.com/,https://www.facebook.com/glacialtillvineyard,https://www.instagram.com/glacialtillvineyard/,https://maps.google.com/?cid=185099829414435279,https://www.yelp.com/biz/glacial-till-tasting-room-ashland,https://www.tripadvisor.com/Attraction_Review-g29709-d5832186,https://untappd.com/w/glacial-till-vineyard-and-winery/223758,41.038896,-96.368951,0
329,2020,Applewine / Ice Cider,🥇 Gold,Blake's Orchard and Winery,Amshire,Michigan,United States,Michigan,10,Active,Blake's Hard Cider Co.,http://www.blakeshardcider.com/,https://www.facebook.com/blakeshardciderco,https://www.instagram.com/blakeshardciderco/,https://maps.google.com/?cid=15855146673119620480,https://www.yelp.com/biz/blakes-ciderhouse-and-winery-armada,https://www.tripadvisor.com/Attraction_Review-g29560-d6678501,https://untappd.com/w/blakes-hard-cider-company/86334,42.8503113,-82.9513855,0
330,2020,Applewine / Ice Cider,🥈 Silver,Gowans Heirloom Cider,Sierra Beaty,California,United States,California,303,Active,Gowan's Heirloom Ciders,http://www.gowansheirloomcider.com/,https://www.facebook.com/gowanscider/,https://www.instagram.com/gowanscider/,https://maps.google.com/?cid=14585432541984297394,https://www.yelp.com/biz/gowan-s-cider-philo,https://www.tripadvisor.com/Attraction_Review-g32878-d23631277,https://untappd.com/w/gowans-hard-cider/200818,39.0869042,-123.4751758,0
331,2020,Applewine / Ice Cider,🥉 Bronze,Portland Cider Co.,Perfect 10,Oregon,United States,Oregon,490,Active,Portland Cider Company,http://portlandcider.com/,https://www.facebook.com/portlandcider,https://www.instagram.com/portlandcider/,https://maps.google.com/?cid=5897814277091816079,https://www.yelp.com/biz/portland-cider-company-clackamas,https://www.tripadvisor.com/Restaurant_Review-g51806-d6996793,https://untappd.com/w/portland-cider-company/56260,45.415288,-122.572714,0
332,2020,Herbal,🥇 Gold,Glacial Till Vineyard,Honey Lavender,Nebraska,United States,Nebraska,294,Active,Glacial Till Vineyard & Winery,http://www.glacialtillvineyard.com/,https://www.facebook.com/glacialtillvineyard,https://www.instagram.com/glacialtillvineyard/,https://maps.google.com/?cid=185099829414435279,https://www.yelp.com/biz/glacial-till-tasting-room-ashland,https://www.tripadvisor.com/Attraction_Review-g29709-d5832186,https://untappd.com/w/glacial-till-vineyard-and-winery/223758,41.038896,-96.368951,0
333,2020,Herbal,🥈 Silver,Cidergeist,Swizzle Hard Cider,Ohio,United States,Ohio,515,Active,Rhinegeist Brewery,https://rhinegeist.com/,https://www.facebook.com/rhinegeist,https://www.instagram.com/rhinegeist/,https://maps.google.com/?cid=4624817204033581156,https://www.yelp.com/biz/rhinegeist-brewery-cincinnati,https://www.tripadvisor.com/Attraction_Review-g60993-d8618371,https://untappd.com/w/rhinegeist-brewery/69953,39.117266,-84.520101,0
334,2020,Herbal,🥉 Bronze,Broski Ciderworks,Elderflower,Florida,United States,Florida,167,Inactive,Broski Ciderworks,,,,,,,,26.222228,-80.142524,1
335,2020,Hopped,🥇 Gold,Duluth Cider,Greenstone,Minnesota,United States,Minnesota,250,Active,Duluth Cider,https://duluthcider.com/,https://www.facebook.com/duluth.cider/,https://www.instagram.com/duluthcider/,https://maps.google.com/?cid=3814310496447641516,https://www.yelp.com/biz/duluth-cider-duluth,https://www.tripadvisor.com/Attraction_Review-g43018-d16674091,https://untappd.com/DuluthCider,46.764947,-92.127394,0
336,2020,Hopped,🥈 Silver,Incline Cider,Hopped,Washington,United States,Washington,345,Active,Incline Cider Company,http://www.inclinecider.com/,https://www.facebook.com/inclinecider/,https://www.instagram.com/inclinecider/,https://maps.google.com/?cid=504944612388443997,https://www.yelp.com/biz/incline-cider-house-tacoma,https://www.tripadvisor.com/Attraction_Review-g58775-d22266571,https://untappd.com/w/incline-cider-company/249584,47.307323,-122.228453,0
337,2020,Hopped,🥉 Bronze,Bryants Cider,Sumthin Juicy,Virginia,United States,Virginia,170,Active,Bryant's Cider,https://bryantscider.com/,https://www.facebook.com/BryantsCiderFarm/,https://www.instagram.com/bryantscider/,https://maps.google.com/?cid=15598469607243113479,https://www.yelp.com/biz/bryants-cider-roseland,https://www.tripadvisor.com/Attraction_Review-g58143-d14196800,https://untappd.com/w/bryant-s-cider/374591,37.797413,-78.939801,0
338,2020,Apple Pie Spiced,🥇 Gold,Arsenal Cider House & Wine Cellar,Grant's Flying Pumpkin,Pennsylvania,United States,Pennsylvania,97,Active,Arsenal Cider House,https://www.arsenalciderhouse.com/lawrenceville/,https://www.facebook.com/ArsenalCider,https://www.instagram.com/arsenalcider/,https://maps.google.com/?cid=3302243150360255083,https://www.yelp.com/biz/arsenal-cider-house-and-wine-cellar-pittsburgh,https://www.tripadvisor.com/Attraction_Review-g53449-d4558019,https://untappd.com/w/arsenal-cider-house/12282,40.465108,-79.96092,0
339,2020,Apple Pie Spiced,🥈 Silver,Ciderboys Hard Cider,Mad Bark,Wisconsin,United States,Wisconsin,196,Active,Ciderboys,http://www.ciderboys.com/,https://www.facebook.com/Ciderboys,https://www.instagram.com/Ciderboys/,https://maps.google.com/?cid=1756122992587390562,https://www.yelp.com/biz/stevens-point-brewery-stevens-point,https://www.tripadvisor.com/Attraction_Review-g60304-d2265035,https://untappd.com/w/ciderboys-hard-cider/44552,44.510454,-89.573583,0
340,2020,Apple Pie Spiced,🥉 Bronze,Broski Ciderworks,Apple Spice Cider,Florida,United States,Florida,167,Inactive,Broski Ciderworks,,,,,,,,26.222228,-80.142524,1
341,2020,Spiced,🥇 Gold,Rhinegeist Cidergeist,Snug,Ohio,United States,Ohio,515,Active,Rhinegeist Brewery,https://rhinegeist.com/,https://www.facebook.com/rhinegeist,https://www.instagram.com/rhinegeist/,https://maps.google.com/?cid=4624817204033581156,https://www.yelp.com/biz/rhinegeist-brewery-cincinnati,https://www.tripadvisor.com/Attraction_Review-g60993-d8618371,https://untappd.com/w/rhinegeist-brewery/69953,39.117266,-84.520101,0
342,2020,Spiced,🥈 Silver,Arsenal Cider House & Wine Cellar,Grierson's Ginger,Pennsylvania,United States,Pennsylvania,97,Active,Arsenal Cider House,https://www.arsenalciderhouse.com/lawrenceville/,https://www.facebook.com/ArsenalCider,https://www.instagram.com/arsenalcider/,https://maps.google.com/?cid=3302243150360255083,https://www.yelp.com/biz/arsenal-cider-house-and-wine-cellar-pittsburgh,https://www.tripadvisor.com/Attraction_Review-g53449-d4558019,https://untappd.com/w/arsenal-cider-house/12282,40.465108,-79.96092,0
343,2020,Spiced,🥉 Bronze,Thor's Hard Cider,Ginger Fizz,Minnesota,United States,Minnesota,631,Active,Thor's Hard Cider,https://www.thorshardcider.com/,https://www.facebook.com/thorshardcider/,https://www.instagram.com/thorshardcider/,https://maps.google.com/?cid=16250618587804183842,https://www.yelp.com/biz/aamodts-apple-farm-stillwater,https://www.tripadvisor.com/Attraction_Review-g43552-d7146001,https://untappd.com/w/thors-hard-cider/345130,45.042138,-92.865744,0
344,2020,Wood-Aged,🥇 Gold,Saro Cider,Pearsecco,Nebraska,United States,Nebraska,547,Active,Saro Cider,https://sarocider.com/,https://www.facebook.com/4SaroCider,https://www.instagram.com/sarocider/,https://maps.google.com/?cid=14239117714929818609,https://www.yelp.com/biz/saro-cider-lincoln,https://www.tripadvisor.com/Restaurant_Review-g45667-d15141590,https://untappd.com/w/saro-cider/407311,40.812684,-96.695605,0
345,2020,Wood-Aged,🥈 Silver,California Cider Company,ACE Black Jack 21 Premium Craft Cider,California,United States,California,179,Active,ACE Cider,http://www.acecider.com/,https://www.facebook.com/AceCider,https://www.instagram.com/acecider/,,https://www.yelp.com/biz/ace-premium-hard-ciders-sebastopol,https://www.tripadvisor.com/Attraction_Review-g33069-d3626497,https://untappd.com/w/ace-cider-the-california-cider-company/331,38.423506,-122.849754,0
346,2020,Wood-Aged,🥉 Bronze,Sapsucker Farms Yellow Belly Cidery,Yellow Belly Barrel Aged Cider,Minnesota,United States,Minnesota,545,Active,Sapsucker Farms Yellow Belly Cidery,https://www.sapsuckerfarms.com/,https://www.facebook.com/YellowBellyCider/,https://www.instagram.com/sapsuckerfarms/,https://maps.google.com/?cid=10529182272851607589,https://www.yelp.com/biz/sapsucker-farms-yellow-belly-cidery-mora,https://www.tripadvisor.com/Attraction_Review-g43337-d15594799,https://untappd.com/w/sapsucker-farms/187535,45.8970174,-93.152247,0
347,2020,Specialty,🥇 Gold,Broski Ciderworks,Peach Please,Florida,United States,Florida,167,Inactive,Broski Ciderworks,,,,,,,,26.222228,-80.142524,1
348,2020,Specialty,🥇 Gold,Green Bench Mead and Cider,I am Brut,Florida,United States,Florida,306,Active,Green Bench Brewing Co.,https://www.greenbenchbrewing.com/,https://www.facebook.com/GreenBenchBrewing/,https://www.instagram.com/greenbenchmeadcider/,https://maps.google.com/?cid=4473987284585319628,https://www.yelp.com/biz/green-bench-brewing-company-st-petersburg,https://www.tripadvisor.com/Attraction_Review-g34607-d8505685,https://untappd.com/w/green-bench-mead-cider/184191,27.771864,-82.650644,0
349,2020,Specialty,🥈 Silver,Vermont Cider Company,Woodchuck Mimosa,Vermont,United States,Vermont,664,Active,Vermont Cider Company,http://www.woodchuck.com/,https://www.facebook.com/WoodchuckCider,https://www.instagram.com/woodchuckcider/,https://maps.google.com/?cid=9402882086420367798,https://www.yelp.com/biz/woodchuck-hard-cidery-middlebury,https://www.tripadvisor.com/Attraction_Review-g57245-d7022345,https://untappd.com/w/woodchuck-cidery/611,44.034072,-73.172778,0
350,2020,Unlimited,🥇 Gold,Samuel Smith's,Samuel Smith's Organic Cider,North Yorkshire,England,England,3342,Active,Samuel Smith's Brewery,https://samuelsmithsbrewery.co.uk/,https://www.facebook.com/samuelsmithsbrewery/,https://www.instagram.com/samuelsmithsbrewery/,https://maps.google.com/?cid=15178745194059809638,,,https://untappd.com/SamuelSmiths,53.883796,-1.261378,0
351,2020,Anything Goes,🥇 Gold,Cigar City Cider and Mead,Blueberry Crumble,Florida,United States,Florida,197,Active,Cigar City Cider & Mead,http://www.cigarcitycider.com/,https://www.facebook.com/CigarCityCider,https://www.instagram.com/cigarcitycider/,https://maps.google.com/?cid=105555702494086229,https://www.yelp.com/biz/cigar-city-brewing-tampa,https://www.tripadvisor.com/Attraction_Review-g34678-d4508513,https://untappd.com/w/cigar-city-cider-and-mead/51632,27.960748,-82.443199,0
352,2020,Anything Goes,🥇 Gold,Pacific Grove Ciderworks,Brandipera,California,United States,California,2193,Active,Pacific Grove CiderWorks,https://pgciderworks.com/,,,,,,https://untappd.com/w/pacific-grove-ciderworks/480168,36.6152808,-121.934671,0
353,2020,Anything Goes,🥈 Silver,Cidrerie Beaupré,Beaupre Rose,Quebec,Canada,Quebec,3177,Active,Groupe Geloso,https://groupegeloso.com/,https://www.facebook.com/groupegeloso/,,https://maps.google.com/?cid=14532853692172548925,,,https://untappd.com/w/cidre-beaupre-groupe-geloso/21487,45.6109278,-73.6737069,0
354,2020,Anything Goes,🥉 Bronze,Boss Cider Company,Full Auto,Michigan,United States,Michigan,12,Active,Boss Cider Company,https://www.bosscider.com/,https://www.facebook.com/BossCider,https://www.instagram.com/bosscider/,https://maps.google.com/?cid=1969051789610674635,https://www.yelp.com/biz/boss-cider-leslie,,https://untappd.com/w/boss-cider-company/445688,42.450331,-84.431688,0
355,2020,Single Varietal,🥇 Gold,Thomas Brothers Hard Cider,Roman Beauty,California,United States,California,3462,Inactive,Thomas Brothers Hard Cider,,,,,,,,37.8622593,-122.2979617,1
356,2020,Single Varietal,🥈 Silver,Gowans Heirloom Cider,Gravenstein,California,United States,California,303,Active,Gowan's Heirloom Ciders,http://www.gowansheirloomcider.com/,https://www.facebook.com/gowanscider/,https://www.instagram.com/gowanscider/,https://maps.google.com/?cid=14585432541984297394,https://www.yelp.com/biz/gowan-s-cider-philo,https://www.tripadvisor.com/Attraction_Review-g32878-d23631277,https://untappd.com/w/gowans-hard-cider/200818,39.0869042,-123.4751758,0
357,2020,Single Varietal,🥉 Bronze,Big Fish Cider Company,Virginia Hewes Crab,Virginia,United States,Virginia,127,Active,Big Fish Cider Co.,http://www.bigfishcider.com/,https://www.facebook.com/BigFishCider/,https://www.instagram.com/big_fish_cider/,https://maps.google.com/?cid=10686446551531832863,https://www.yelp.com/biz/big-fish-cider-monterey,https://www.tripadvisor.com/Attraction_Review-g57982-d10413095,https://untappd.com/w/big-fish-cider-co/202963,38.412304,-79.58293,0
358,2020,Rosé,🥇 Gold,Lost Giants Cider,Rose',Washington,United States,Washington,397,Active,Lost Giants Cider Company,https://lostgiantscider.com/,https://www.facebook.com/LostGiantsCider,https://www.instagram.com/lostgiantsciderco,https://maps.google.com/?cid=3699889965366654678,https://www.yelp.com/biz/lost-giants-cider-company-bellingham,,https://untappd.com/w/lost-giants-cider-company/395484,48.752457,-122.459354,0
359,2020,Rosé,🥈 Silver,Urbantree Cidery,Rose',Georgia,United States,Georgia,661,Active,Urban Tree Hard Cider,https://urbantreecidery.com/,https://www.facebook.com/UrbanTreeCider/,https://www.instagram.com/urbantreecider/,,,,https://untappd.com/w/urban-tree-cidery/260157,33.794905,-84.414797,0
360,2020,Rosé,🥉 Bronze,Diskin Cider,Babe Magnet,Tennessee,United States,Tennessee,236,Active,Diskin Cider,http://www.diskincider.com/,,https://www.instagram.com/diskincider/,https://maps.google.com/?cid=5465208715637137113,,,https://untappd.com/w/diskin-cider/341259,36.140849,-86.769778,0
361,2020,Brut,🥇 Gold,Heritage Estate Winery & Cidery,Dragon's Gold,Ontario,Canada,Ontario,790,Active,Heritage Estate Winery & Cidery,https://heritageestate.ca/,https://www.facebook.com/estateheritage/,https://www.instagram.com/estateheritage/,https://maps.google.com/?cid=9239224592277777662,,https://www.tripadvisor.com/Attraction_Review-g154980-d11864452,https://untappd.com/w/heritage-estate-winery-cidery/281135,44.421019,-79.643167,0
362,2020,Brut,🥈 Silver,Heritage Estate Winery & Cidery,Heirloom Apple Cider (2018),Ontario,Canada,Ontario,790,Active,Heritage Estate Winery & Cidery,https://heritageestate.ca/,https://www.facebook.com/estateheritage/,https://www.instagram.com/estateheritage/,https://maps.google.com/?cid=9239224592277777662,,https://www.tripadvisor.com/Attraction_Review-g154980-d11864452,https://untappd.com/w/heritage-estate-winery-cidery/281135,44.421019,-79.643167,0
363,2020,Brut,🥉 Bronze,Bryants Cider,Brite Good,Virginia,United States,Virginia,170,Active,Bryant's Cider,https://bryantscider.com/,https://www.facebook.com/BryantsCiderFarm/,https://www.instagram.com/bryantscider/,https://maps.google.com/?cid=15598469607243113479,https://www.yelp.com/biz/bryants-cider-roseland,https://www.tripadvisor.com/Attraction_Review-g58143-d14196800,https://untappd.com/w/bryant-s-cider/374591,37.797413,-78.939801,0
364,2020,Sangria,🥇 Gold,Vermont Cider Company,Woodchuck Sangria,Vermont,United States,Vermont,664,Active,Vermont Cider Company,http://www.woodchuck.com/,https://www.facebook.com/WoodchuckCider,https://www.instagram.com/woodchuckcider/,https://maps.google.com/?cid=9402882086420367798,https://www.yelp.com/biz/woodchuck-hard-cidery-middlebury,https://www.tripadvisor.com/Attraction_Review-g57245-d7022345,https://untappd.com/w/woodchuck-cidery/611,44.034072,-73.172778,0
365,2020,Sangria,🥈 Silver,Coyote Hole Cider,Sister Sangria,Virginia,United States,Virginia,222,Active,Coyote Hole Craft Beverages,http://www.coyotehole.com/,https://www.facebook.com/CoyoteHole/,https://www.instagram.com/CoyoteHole/,https://maps.google.com/?cid=3893841626353972834,https://www.yelp.com/biz/coyote-hole-ciderworks-mineral,https://www.tripadvisor.com/Attraction_Review-g57973-d12510904,https://untappd.com/w/coyote-hole-ciderworks/327669,38.085727,-77.851857,0
366,2020,Sangria,🥉 Bronze,Coyote Hole Cider,Sunset Sangria,Virginia,United States,Virginia,222,Active,Coyote Hole Craft Beverages,http://www.coyotehole.com/,https://www.facebook.com/CoyoteHole/,https://www.instagram.com/CoyoteHole/,https://maps.google.com/?cid=3893841626353972834,https://www.yelp.com/biz/coyote-hole-ciderworks-mineral,https://www.tripadvisor.com/Attraction_Review-g57973-d12510904,https://untappd.com/w/coyote-hole-ciderworks/327669,38.085727,-77.851857,0
367,2021,Modern Cider – Dry,🥇 Gold,Niagara College,Cider 101,Ontario,Canada,Ontario,812,Active,Niagara College Teaching Winery,https://www.ncteachingwinery.ca/,https://www.facebook.com/nctwinery/,https://www.instagram.com/nctwinery/,https://maps.google.com/?cid=2529664632400053188,https://www.yelp.com/biz/niagara-college-teaching-winery-niagara-on-the-lake,https://www.tripadvisor.com/Attraction_Review-g154999-d2414360,https://untappd.com/w/niagara-college-teaching-winery/390649,43.150451,-79.165647,0
368,2021,Modern Cider – Dry,🥇 Gold,Urban Tree Hard Cider,Harvest Apple,Georgia,United States,Georgia,661,Active,Urban Tree Hard Cider,https://urbantreecidery.com/,https://www.facebook.com/UrbanTreeCider/,https://www.instagram.com/urbantreecider/,,,,https://untappd.com/w/urban-tree-cidery/260157,33.794905,-84.414797,0
369,2021,Modern Cider – Dry,🥈 Silver,Ciderie Beaupre,Original CB Macintosh,Quebec,Canada,Quebec,3177,Active,Groupe Geloso,https://groupegeloso.com/,https://www.facebook.com/groupegeloso/,,https://maps.google.com/?cid=14532853692172548925,,,https://untappd.com/w/cidre-beaupre-groupe-geloso/21487,45.6109278,-73.6737069,0
370,2021,Modern Cider – Dry,🥉 Bronze,Covered Bridge Brewing,Straight Apple Cider,Oregon,United States,Oregon,2035,Inactive,Covered Bridge Brewing,,,,,,,,43.7975203,-123.0584655,1
371,2021,Heritage Cider,🥇 Gold,Maeloc Ciders,Maeloc Organic Dry Sidra,Galicia,Spain,Spain,2510,Active,Maeloc,https://maelocway.com/,https://www.facebook.com/maelocway/,https://www.instagram.com/maelocway/,https://maps.google.com/?cid=11814015461660737074,,,https://untappd.com/w/maeloc-cider/140146,42.5868096,-7.7764782,0
372,2021,Heritage Cider,🥈 Silver,Galipette Cidre,Galipette Brut,Brittany,France,France,1999,Active,Les Celliers Associés,https://www.valderance.com/,https://www.facebook.com/ValdeRance/,https://www.instagram.com/lca_coop_cider/,https://maps.google.com/?cid=7883069809343472545,,,https://untappd.com/LesCelliersAssocis,48.5085682,-1.9533612,0
373,2021,Heritage Cider,🥉 Bronze,Widow's Watch Cidery,Two George Cyder,Virginia,United States,Virginia,707,Active,Muse Orchard,,,,,,,https://untappd.com/w/widow-s-watch-cider/532630,38.8202977,-78.6011459,0
374,2021,Traditional Cider,🥇 Gold,Aspall Cider House,Aspall Dry,Suffolk,England,England,1227,Active,Aspall,https://www.aspall.co.uk/,https://www.facebook.com/AspallUK/,https://www.instagram.com/aspalluk/,https://maps.google.com/?cid=12281573289882642327,,,https://untappd.com/brewery/3468,52.2435749,1.1787641,0
375,2021,Traditional Cider,🥈 Silver,Galipette Cidre,Galipette Biologique,Brittany,France,France,1999,Active,Les Celliers Associés,https://www.valderance.com/,https://www.facebook.com/ValdeRance/,https://www.instagram.com/lca_coop_cider/,https://maps.google.com/?cid=7883069809343472545,,,https://untappd.com/LesCelliersAssocis,48.5085682,-1.9533612,0
376,2021,Traditional Cider,🥉 Bronze,Bent Ladder,Farmstead,Ohio,United States,Ohio,124,Active,Bent Ladder,http://bentladder.com/,https://www.facebook.com/bentladder,https://www.instagram.com/bentladder/,https://maps.google.com/?cid=5886580381731979881,https://www.yelp.com/biz/rittman-orchard-rittman,https://www.tripadvisor.com/Attraction_Review-g50283-d1977165,https://untappd.com/w/bent-ladder/295757,40.9646071,-81.739989,0
377,2021,Perry,🥇 Gold,Arsenal Cider House,Alfred's Pear Son,Pennsylvania,United States,Pennsylvania,97,Active,Arsenal Cider House,https://www.arsenalciderhouse.com/lawrenceville/,https://www.facebook.com/ArsenalCider,https://www.instagram.com/arsenalcider/,https://maps.google.com/?cid=3302243150360255083,https://www.yelp.com/biz/arsenal-cider-house-and-wine-cellar-pittsburgh,https://www.tripadvisor.com/Attraction_Review-g53449-d4558019,https://untappd.com/w/arsenal-cider-house/12282,40.465108,-79.96092,0
378,2021,Perry,🥈 Silver,Kopparberg,Kopparberg Pear,Örebro,Sweden,New York,3459,Active,Kopparberg,https://kopparberg.com/,,,https://maps.google.com/?cid=9190022698371839045,,,https://untappd.com/w/kopparbergs-bryggeri/6350,59.8798404,15.0069847,0
379,2021,Perry,🥉 Bronze,California Cider Company,ACE Perry Craft Cider,California,United States,California,179,Active,ACE Cider,http://www.acecider.com/,https://www.facebook.com/AceCider,https://www.instagram.com/acecider/,,https://www.yelp.com/biz/ace-premium-hard-ciders-sebastopol,https://www.tripadvisor.com/Attraction_Review-g33069-d3626497,https://untappd.com/w/ace-cider-the-california-cider-company/331,38.423506,-122.849754,0
380,2021,Fruit,🥇 Gold,Blake's Hard Cider,Blake's Grapefruit,Michigan,United States,Michigan,10,Active,Blake's Hard Cider Co.,http://www.blakeshardcider.com/,https://www.facebook.com/blakeshardciderco,https://www.instagram.com/blakeshardciderco/,https://maps.google.com/?cid=15855146673119620480,https://www.yelp.com/biz/blakes-ciderhouse-and-winery-armada,https://www.tripadvisor.com/Attraction_Review-g29560-d6678501,https://untappd.com/w/blakes-hard-cider-company/86334,42.8503113,-82.9513855,0
381,2021,Fruit,🥈 Silver,Arsenal Cider House,Steel City Sunrise,Pennsylvania,United States,Pennsylvania,97,Active,Arsenal Cider House,https://www.arsenalciderhouse.com/lawrenceville/,https://www.facebook.com/ArsenalCider,https://www.instagram.com/arsenalcider/,https://maps.google.com/?cid=3302243150360255083,https://www.yelp.com/biz/arsenal-cider-house-and-wine-cellar-pittsburgh,https://www.tripadvisor.com/Attraction_Review-g53449-d4558019,https://untappd.com/w/arsenal-cider-house/12282,40.465108,-79.96092,0
382,2021,Fruit,🥉 Bronze,Maeloc Ciders,Maeloc Pineapple and Pear Sidra,Galicia,Spain,Spain,2510,Active,Maeloc,https://maelocway.com/,https://www.facebook.com/maelocway/,https://www.instagram.com/maelocway/,https://maps.google.com/?cid=11814015461660737074,,,https://untappd.com/w/maeloc-cider/140146,42.5868096,-7.7764782,0
383,2021,Pineapple,🥇 Gold,California Cider Company,ACE Pineapple Cider,California,United States,California,179,Active,ACE Cider,http://www.acecider.com/,https://www.facebook.com/AceCider,https://www.instagram.com/acecider/,,https://www.yelp.com/biz/ace-premium-hard-ciders-sebastopol,https://www.tripadvisor.com/Attraction_Review-g33069-d3626497,https://untappd.com/w/ace-cider-the-california-cider-company/331,38.423506,-122.849754,0
384,2021,Pineapple,🥈 Silver,Blake's Hard Cider,Blake's Tropical Pineapple,Michigan,United States,Michigan,10,Active,Blake's Hard Cider Co.,http://www.blakeshardcider.com/,https://www.facebook.com/blakeshardciderco,https://www.instagram.com/blakeshardciderco/,https://maps.google.com/?cid=15855146673119620480,https://www.yelp.com/biz/blakes-ciderhouse-and-winery-armada,https://www.tripadvisor.com/Attraction_Review-g29560-d6678501,https://untappd.com/w/blakes-hard-cider-company/86334,42.8503113,-82.9513855,0
385,2021,Pineapple,🥉 Bronze,Ciderboys Hard Cider,Pineapple Hula,Wisconsin,United States,Wisconsin,196,Active,Ciderboys,http://www.ciderboys.com/,https://www.facebook.com/Ciderboys,https://www.instagram.com/Ciderboys/,https://maps.google.com/?cid=1756122992587390562,https://www.yelp.com/biz/stevens-point-brewery-stevens-point,https://www.tripadvisor.com/Attraction_Review-g60304-d2265035,https://untappd.com/w/ciderboys-hard-cider/44552,44.510454,-89.573583,0
386,2021,Cherry,🥇 Gold,Broski Ciderworks,Tart Cherry,Florida,United States,Florida,167,Inactive,Broski Ciderworks,,,,,,,,26.222228,-80.142524,1
387,2021,Cherry,🥈 Silver,Saranac Brewery,McKenzie's Black Cherry Hard Cider,New York,United States,New York,408,Active,FX Matt Brewing,https://www.mckbev.com/,https://www.facebook.com/McKenziesHardCider/,https://www.instagram.com/mckenzieshardcider/,https://maps.google.com/?cid=16812627050434550372,https://www.yelp.com/biz/f-x-matt-brewing-utica,https://www.tripadvisor.com/Attraction_Review-g48759-d534580,https://untappd.com/w/mckenzies-hard-cider/10931,43.1044459,-75.2455361,0
388,2021,Cherry,🥉 Bronze,Blackgrass Ciderworks,Cheap Cran Cherrykee,Michigan,United States,Michigan,26,Active,Blackgrass Ciderworks,https://www.blackgrasscider.com/,https://www.facebook.com/blackgrasscider,https://www.instagram.com/BlackgrassCider/,https://maps.google.com/?cid=706094858439654713,https://www.yelp.com/biz/griffin-claw-brewing-company-birmingham,https://www.tripadvisor.com/Restaurant_Review-g41996-d4565497,https://untappd.com/BlackgrassCiderworks,42.543611,-83.195536,0
389,2021,Peach,🥇 Gold,Apple Valley Cider Company,Peach,Colorado,United States,Colorado,93,Active,Apple Valley Cider Company,http://www.applevalleycider.com/,https://www.facebook.com/applevalleycider/,https://www.instagram.com/applevalleyciderco/,https://maps.google.com/?cid=8798456079688966999,,,https://untappd.com/w/apple-valley-cider-company/382129,38.425243,-105.026257,0
390,2021,Peach,🥈 Silver,Black Apple,Peach,Arkansas,United States,Arkansas,133,Active,Black Apple Hard Cider,https://www.blackapplehardcider.com/,https://www.facebook.com/blackapplecrossing/,https://www.instagram.com/blackapplehardcider/,https://maps.google.com/?cid=5449257929643515916,https://www.yelp.com/biz/black-apple-crossing-springdale,https://www.tripadvisor.com/Attraction_Review-g31931-d8814858,https://untappd.com/w/black-apple-crossing/211057,36.18487,-94.127403,0
391,2021,Peach,🥉 Bronze,Ciderboys Hard Cider,Peach County,Wisconsin,United States,Wisconsin,196,Active,Ciderboys,http://www.ciderboys.com/,https://www.facebook.com/Ciderboys,https://www.instagram.com/Ciderboys/,https://maps.google.com/?cid=1756122992587390562,https://www.yelp.com/biz/stevens-point-brewery-stevens-point,https://www.tripadvisor.com/Attraction_Review-g60304-d2265035,https://untappd.com/w/ciderboys-hard-cider/44552,44.510454,-89.573583,0
392,2021,Cranberry,🥇 Gold,d'S Wicked Cider,Cranny Granny,Washington,United States,Washington,229,Active,d's Wicked Cider,http://dswickedcider.com/,https://www.facebook.com/dswickedcider/,https://www.instagram.com/dswickedciderco/,https://maps.google.com/?cid=2860292587896986843,https://www.yelp.com/biz/sun-river-vintners-kennewick,https://www.tripadvisor.com/Attraction_Review-g58536-d13007264,https://untappd.com/w/ds-wicked-cider/158215,46.20084,-119.246466,0
393,2021,Cranberry,🥈 Silver,Country Boy Brewing,Cranberry Cider,Kentucky,United States,Kentucky,220,Active,Country Boy Brewing,http://countryboybrewing.com/,https://www.facebook.com/CountryBoyBrewing,https://www.instagram.com/CountryBoybrewing/,https://maps.google.com/?cid=7007349802683802072,https://www.yelp.com/biz/country-boy-brewing-lexington,https://www.tripadvisor.com/Attraction_Review-g39588-d2661465,https://untappd.com/w/country-boy-brewing/23693,38.043952,-84.509269,0
394,2021,Cranberry,🥉 Bronze,Thor's Hard Cider,Dry Cranberry,Minnesota,United States,Minnesota,631,Active,Thor's Hard Cider,https://www.thorshardcider.com/,https://www.facebook.com/thorshardcider/,https://www.instagram.com/thorshardcider/,https://maps.google.com/?cid=16250618587804183842,https://www.yelp.com/biz/aamodts-apple-farm-stillwater,https://www.tripadvisor.com/Attraction_Review-g43552-d7146001,https://untappd.com/w/thors-hard-cider/345130,45.042138,-92.865744,0
395,2021,Blueberry,🥇 Gold,Urban Tree Hard Cider,SoGa Blue,Georgia,United States,Georgia,661,Active,Urban Tree Hard Cider,https://urbantreecidery.com/,https://www.facebook.com/UrbanTreeCider/,https://www.instagram.com/urbantreecider/,,,,https://untappd.com/w/urban-tree-cidery/260157,33.794905,-84.414797,0
396,2021,Blueberry,🥈 Silver,Black Apple,Blueberry,Arkansas,United States,Arkansas,133,Active,Black Apple Hard Cider,https://www.blackapplehardcider.com/,https://www.facebook.com/blackapplecrossing/,https://www.instagram.com/blackapplehardcider/,https://maps.google.com/?cid=5449257929643515916,https://www.yelp.com/biz/black-apple-crossing-springdale,https://www.tripadvisor.com/Attraction_Review-g31931-d8814858,https://untappd.com/w/black-apple-crossing/211057,36.18487,-94.127403,0
397,2021,Blueberry,🥉 Bronze,"KingView Mead, Wine, Cider",Blue in Cider,Pennsylvania,United States,Pennsylvania,989,Active,KingView Mead,https://www.kingviewmead.com/,https://www.facebook.com/kingviewmead/,https://www.instagram.com/KingViewMead/,https://maps.google.com/?cid=18105143648040517879,https://www.yelp.com/biz/kingview-meadhouse-and-winery-no-title,,https://untappd.com/KingView,40.3933635,-80.0463102,0
398,2021,Fruit and Berry,🥇 Gold,Kopparberg,Kopparberg with Strawberry & Lime,Örebro,Sweden,Sweden,3459,Active,Kopparberg,https://kopparberg.com/,,,https://maps.google.com/?cid=9190022698371839045,,,https://untappd.com/w/kopparbergs-bryggeri/6350,59.8798404,15.0069847,0
399,2021,Fruit and Berry,🥈 Silver,Niagara College,Les Marmitons,Ontario,Canada,Ontario,812,Active,Niagara College Teaching Winery,https://www.ncteachingwinery.ca/,https://www.facebook.com/nctwinery/,https://www.instagram.com/nctwinery/,https://maps.google.com/?cid=2529664632400053188,https://www.yelp.com/biz/niagara-college-teaching-winery-niagara-on-the-lake,https://www.tripadvisor.com/Attraction_Review-g154999-d2414360,https://untappd.com/w/niagara-college-teaching-winery/390649,43.150451,-79.165647,0
400,2021,Fruit and Berry,🥈 Silver,Glacial Till Vineyard,Cider Patch Punch,Nebraska,United States,Nebraska,294,Active,Glacial Till Vineyard & Winery,http://www.glacialtillvineyard.com/,https://www.facebook.com/glacialtillvineyard,https://www.instagram.com/glacialtillvineyard/,https://maps.google.com/?cid=185099829414435279,https://www.yelp.com/biz/glacial-till-tasting-room-ashland,https://www.tripadvisor.com/Attraction_Review-g29709-d5832186,https://untappd.com/w/glacial-till-vineyard-and-winery/223758,41.038896,-96.368951,0
401,2021,Fruit and Berry,🥉 Bronze,Ciderboys Hard Cider,Strawberry Magic,Wisconsin,United States,Wisconsin,196,Active,Ciderboys,http://www.ciderboys.com/,https://www.facebook.com/Ciderboys,https://www.instagram.com/Ciderboys/,https://maps.google.com/?cid=1756122992587390562,https://www.yelp.com/biz/stevens-point-brewery-stevens-point,https://www.tripadvisor.com/Attraction_Review-g60304-d2265035,https://untappd.com/w/ciderboys-hard-cider/44552,44.510454,-89.573583,0
402,2021,Black Currant,🥇 Gold,Broski Ciderworks,Black Currant,Florida,United States,Florida,167,Inactive,Broski Ciderworks,,,,,,,,26.222228,-80.142524,1
403,2021,Black Currant,🥈 Silver,Winchester Ciderworks,522 Blackcurrant,Virginia,United States,Virginia,692,Active,Winchester Ciderworks,https://winchesterciderworks.com/,https://www.facebook.com/WinchesterCiderworks/,https://www.instagram.com/winchester_ciderworks/,https://maps.google.com/?cid=14098240591647193063,https://www.yelp.com/biz/winchester-ciderworks-winchester,https://www.tripadvisor.com/Attraction_Review-g58318-d12692853,https://untappd.com/w/winchester-ciderworks/61540,39.1863782,-78.1637775,0
404,2021,Black Currant,🥉 Bronze,Apple Valley Cider Co,Black Currant,Colorado,United States,Tennessee,93,Active,Apple Valley Cider Company,http://www.applevalleycider.com/,https://www.facebook.com/applevalleycider/,https://www.instagram.com/applevalleyciderco/,https://maps.google.com/?cid=8798456079688966999,,,https://untappd.com/w/apple-valley-cider-company/382129,38.425243,-105.026257,0
405,2021,Applewine / Ice Cider,🥇 Gold,Portland Cider,Perfect 10,Oregon,United States,Oregon,490,Active,Portland Cider Company,http://portlandcider.com/,https://www.facebook.com/portlandcider,https://www.instagram.com/portlandcider/,https://maps.google.com/?cid=5897814277091816079,https://www.yelp.com/biz/portland-cider-company-clackamas,https://www.tripadvisor.com/Restaurant_Review-g51806-d6996793,https://untappd.com/w/portland-cider-company/56260,45.415288,-122.572714,0
406,2021,Applewine / Ice Cider,🥈 Silver,Blake's Hard Cider,Amshire Iced Cider,Michigan,United States,Michigan,10,Active,Blake's Hard Cider Co.,http://www.blakeshardcider.com/,https://www.facebook.com/blakeshardciderco,https://www.instagram.com/blakeshardciderco/,https://maps.google.com/?cid=15855146673119620480,https://www.yelp.com/biz/blakes-ciderhouse-and-winery-armada,https://www.tripadvisor.com/Attraction_Review-g29560-d6678501,https://untappd.com/w/blakes-hard-cider-company/86334,42.8503113,-82.9513855,0
407,2021,Applewine / Ice Cider,🥉 Bronze,Two K Farms,Heirloom Ice,Michigan,United States,Michigan,932,Active,Two K Farms,https://twokfarms.com/,https://www.facebook.com/twokfarms,https://www.instagram.com/twokfarms/,https://maps.google.com/?cid=10000035318484135155,https://www.yelp.com/biz/two-k-farms-cidery-and-winery-suttons-bay-10,https://www.tripadvisor.com/Attraction_Review-g42743-d15263080,https://untappd.com/Two_K_Farms,44.922709,-85.626569,0
408,2021,Herbal,🥇 Gold,Glacial Till Vineyard,Honey Lavender,Nebraska,United States,Nebraska,294,Active,Glacial Till Vineyard & Winery,http://www.glacialtillvineyard.com/,https://www.facebook.com/glacialtillvineyard,https://www.instagram.com/glacialtillvineyard/,https://maps.google.com/?cid=185099829414435279,https://www.yelp.com/biz/glacial-till-tasting-room-ashland,https://www.tripadvisor.com/Attraction_Review-g29709-d5832186,https://untappd.com/w/glacial-till-vineyard-and-winery/223758,41.038896,-96.368951,0
409,2021,Herbal,🥈 Silver,Papa Moon Ciders,Peach & Spruce,Nebraska,United States,Nebraska,1074,Active,Papa Moon Vineyards & Winery,https://www.papamoonvineyards.com/,https://www.facebook.com/Papamoonwines,https://www.instagram.com/papamoonciders/,https://maps.google.com/?cid=16564507604611639866,https://www.yelp.com/biz/papa-moon-vineyards-and-winery-scottsbluff,,https://untappd.com/w/papa-moon-vineyards-winery-and-cider-house/472128,41.8877158,-103.6176699,0
410,2021,Herbal,🥉 Bronze,Tumbling Creek Cider,Whitetop Spruce Cider,Virginia,United States,Virginia,650,Active,Tumbling Creek Cider Company,https://tumblingcreekcider.com/,https://www.facebook.com/TumblingCreekCider,https://www.instagram.com/tumblingcreekcider/,https://maps.google.com/?cid=8196003782694988545,,,https://untappd.com/w/tumbling-creek-cider-company/447864,36.810628,-81.828587,0
411,2021,Hopped,🥇 Gold,Papa Moon Ciders,Hopped,Nebraska,United States,Nebraska,1074,Active,Papa Moon Vineyards & Winery,https://www.papamoonvineyards.com/,https://www.facebook.com/Papamoonwines,https://www.instagram.com/papamoonciders/,https://maps.google.com/?cid=16564507604611639866,https://www.yelp.com/biz/papa-moon-vineyards-and-winery-scottsbluff,,https://untappd.com/w/papa-moon-vineyards-winery-and-cider-house/472128,41.8877158,-103.6176699,0
412,2021,Hopped,🥈 Silver,Urban Tree Hard Cider,Hopped,Georgia,United States,Georgia,661,Active,Urban Tree Hard Cider,https://urbantreecidery.com/,https://www.facebook.com/UrbanTreeCider/,https://www.instagram.com/urbantreecider/,,,,https://untappd.com/w/urban-tree-cidery/260157,33.794905,-84.414797,0
413,2021,Hopped,🥉 Bronze,Duluth Cider,Greenstone,Minnesota,United States,Minnesota,250,Active,Duluth Cider,https://duluthcider.com/,https://www.facebook.com/duluth.cider/,https://www.instagram.com/duluthcider/,https://maps.google.com/?cid=3814310496447641516,https://www.yelp.com/biz/duluth-cider-duluth,https://www.tripadvisor.com/Attraction_Review-g43018-d16674091,https://untappd.com/DuluthCider,46.764947,-92.127394,0
414,2021,Apple/Pumpkin Pie Spiced,🥇 Gold,Blake's Hard Cider,Apple Pie,Michigan,United States,Michigan,10,Active,Blake's Hard Cider Co.,http://www.blakeshardcider.com/,https://www.facebook.com/blakeshardciderco,https://www.instagram.com/blakeshardciderco/,https://maps.google.com/?cid=15855146673119620480,https://www.yelp.com/biz/blakes-ciderhouse-and-winery-armada,https://www.tripadvisor.com/Attraction_Review-g29560-d6678501,https://untappd.com/w/blakes-hard-cider-company/86334,42.8503113,-82.9513855,0
415,2021,Apple/Pumpkin Pie Spiced,🥈 Silver,Two K Farms,Apple Pie Cider,Michigan,United States,Michigan,932,Active,Two K Farms,https://twokfarms.com/,https://www.facebook.com/twokfarms,https://www.instagram.com/twokfarms/,https://maps.google.com/?cid=10000035318484135155,https://www.yelp.com/biz/two-k-farms-cidery-and-winery-suttons-bay-10,https://www.tripadvisor.com/Attraction_Review-g42743-d15263080,https://untappd.com/Two_K_Farms,44.922709,-85.626569,0
416,2021,Apple/Pumpkin Pie Spiced,🥉 Bronze,Arsenal Cider House,Grant's Flying Pumpkin,Pennsylvania,United States,Pennsylvania,97,Active,Arsenal Cider House,https://www.arsenalciderhouse.com/lawrenceville/,https://www.facebook.com/ArsenalCider,https://www.instagram.com/arsenalcider/,https://maps.google.com/?cid=3302243150360255083,https://www.yelp.com/biz/arsenal-cider-house-and-wine-cellar-pittsburgh,https://www.tripadvisor.com/Attraction_Review-g53449-d4558019,https://untappd.com/w/arsenal-cider-house/12282,40.465108,-79.96092,0
417,2021,Spiced,🥇 Gold,High Limb Cider,Pumpkin Spice,Massachusetts,United States,Massachusetts,330,Active,High Limb Hard Cider,https://www.highlimbcider.com/,https://www.facebook.com/highlimbcider/,https://www.instagram.com/highlimbcider/,https://maps.google.com/?cid=11042855047844464741,https://www.yelp.com/biz/high-limb-cider-plymouth,https://www.tripadvisor.com/Attraction_Review-g41773-d21723351,https://untappd.com/w/high-limb-hard-cider/108620,41.9434465,-70.7111477,0
418,2021,Spiced,🥈 Silver,Saro Cider,Ardennes,Nebraska,United States,Nebraska,547,Active,Saro Cider,https://sarocider.com/,https://www.facebook.com/4SaroCider,https://www.instagram.com/sarocider/,https://maps.google.com/?cid=14239117714929818609,https://www.yelp.com/biz/saro-cider-lincoln,https://www.tripadvisor.com/Restaurant_Review-g45667-d15141590,https://untappd.com/w/saro-cider/407311,40.812684,-96.695605,0
419,2021,Spiced,🥉 Bronze,Rhinegiest,Snug,Ohio,United States,Ohio,515,Active,Rhinegeist Brewery,https://rhinegeist.com/,https://www.facebook.com/rhinegeist,https://www.instagram.com/rhinegeist/,https://maps.google.com/?cid=4624817204033581156,https://www.yelp.com/biz/rhinegeist-brewery-cincinnati,https://www.tripadvisor.com/Attraction_Review-g60993-d8618371,https://untappd.com/w/rhinegeist-brewery/69953,39.117266,-84.520101,0
420,2021,Wood-Aged,🥇 Gold,Broski Ciderworks,Sir Dickens,Florida,United States,Florida,167,Inactive,Broski Ciderworks,,,,,,,,26.222228,-80.142524,1
421,2021,Wood-Aged,🥈 Silver,The Duxbury Cider Co.,Bourbon Vanilla,Ontario,Canada,Ontario,782,Active,Duxbury Cider Company,https://www.theduxburyciderco.ca/,https://www.facebook.com/DuxburyCider/,https://www.instagram.com/duxburycider/,https://maps.google.com/?cid=18178962492954171012,,,https://untappd.com/w/duxbury-cider-company/87748,44.6435777,-80.6511492,0
422,2021,Wood-Aged,🥉 Bronze,Urban Tree Hard Cider,Bourbon Barrel Buzz,Georgia,United States,Georgia,661,Active,Urban Tree Hard Cider,https://urbantreecidery.com/,https://www.facebook.com/UrbanTreeCider/,https://www.instagram.com/urbantreecider/,,,,https://untappd.com/w/urban-tree-cidery/260157,33.794905,-84.414797,0
423,2021,Specialty,🥇 Gold,Glacial Till Vineyard,Caramel Apple,Nebraska,United States,Nebraska,294,Active,Glacial Till Vineyard & Winery,http://www.glacialtillvineyard.com/,https://www.facebook.com/glacialtillvineyard,https://www.instagram.com/glacialtillvineyard/,https://maps.google.com/?cid=185099829414435279,https://www.yelp.com/biz/glacial-till-tasting-room-ashland,https://www.tripadvisor.com/Attraction_Review-g29709-d5832186,https://untappd.com/w/glacial-till-vineyard-and-winery/223758,41.038896,-96.368951,0
424,2021,Specialty,🥈 Silver,d'S Wicked Cider,It's Pomegranate-Thyme,Washington,United States,Washington,229,Active,d's Wicked Cider,http://dswickedcider.com/,https://www.facebook.com/dswickedcider/,https://www.instagram.com/dswickedciderco/,https://maps.google.com/?cid=2860292587896986843,https://www.yelp.com/biz/sun-river-vintners-kennewick,https://www.tripadvisor.com/Attraction_Review-g58536-d13007264,https://untappd.com/w/ds-wicked-cider/158215,46.20084,-119.246466,0
425,2021,Specialty,🥉 Bronze,Vermont Cider Company,Mimosa,Vermont,United States,Vermont,664,Active,Vermont Cider Company,http://www.woodchuck.com/,https://www.facebook.com/WoodchuckCider,https://www.instagram.com/woodchuckcider/,https://maps.google.com/?cid=9402882086420367798,https://www.yelp.com/biz/woodchuck-hard-cidery-middlebury,https://www.tripadvisor.com/Attraction_Review-g57245-d7022345,https://untappd.com/w/woodchuck-cidery/611,44.034072,-73.172778,0
426,2021,Anything Goes,🥇 Gold,Sapsucker Farms Yellow Belly Cidery,Cayenne Cider,Minnesota,United States,Minnesota,545,Active,Sapsucker Farms Yellow Belly Cidery,https://www.sapsuckerfarms.com/,https://www.facebook.com/YellowBellyCider/,https://www.instagram.com/sapsuckerfarms/,https://maps.google.com/?cid=10529182272851607589,https://www.yelp.com/biz/sapsucker-farms-yellow-belly-cidery-mora,https://www.tripadvisor.com/Attraction_Review-g43337-d15594799,https://untappd.com/w/sapsucker-farms/187535,45.8970174,-93.152247,0
427,2021,Anything Goes,🥇 Gold,Ciderie Beaupre,Beaupre Framboise Rhubarb,Quebec,Canada,Quebec,3177,Active,Groupe Geloso,https://groupegeloso.com/,https://www.facebook.com/groupegeloso/,,https://maps.google.com/?cid=14532853692172548925,,,https://untappd.com/w/cidre-beaupre-groupe-geloso/21487,45.6109278,-73.6737069,0
428,2021,Anything Goes,🥉 Bronze,Thor's Hard Cider,El Thoro,Minnesota,United States,Minnesota,631,Active,Thor's Hard Cider,https://www.thorshardcider.com/,https://www.facebook.com/thorshardcider/,https://www.instagram.com/thorshardcider/,https://maps.google.com/?cid=16250618587804183842,https://www.yelp.com/biz/aamodts-apple-farm-stillwater,https://www.tripadvisor.com/Attraction_Review-g43552-d7146001,https://untappd.com/w/thors-hard-cider/345130,45.042138,-92.865744,0
429,2021,Single Varietal,🥇 Gold,Mount Diablo Cider Company,Cox Orange Pippin,California,United States,California,1908,Active,Mount Diablo Cider Company,https://www.mountdiablocider.com/,https://www.facebook.com/mountdiablocider,https://www.instagram.com/mountdiablocider/,,,,https://untappd.com/w/mount-diablo-cider-company/527606,37.9025575,-122.0944769,0
430,2021,Single Varietal,🥈 Silver,Two K Farms,Honeycrisp Ice,Michigan,United States,Michigan,932,Active,Two K Farms,https://twokfarms.com/,https://www.facebook.com/twokfarms,https://www.instagram.com/twokfarms/,https://maps.google.com/?cid=10000035318484135155,https://www.yelp.com/biz/two-k-farms-cidery-and-winery-suttons-bay-10,https://www.tripadvisor.com/Attraction_Review-g42743-d15263080,https://untappd.com/Two_K_Farms,44.922709,-85.626569,0
431,2021,Single Varietal,🥉 Bronze,Coyote Hole Ciderworks,Bel-Hole,Virginia,United States,Virginia,222,Active,Coyote Hole Craft Beverages,http://www.coyotehole.com/,https://www.facebook.com/CoyoteHole/,https://www.instagram.com/CoyoteHole/,https://maps.google.com/?cid=3893841626353972834,https://www.yelp.com/biz/coyote-hole-ciderworks-mineral,https://www.tripadvisor.com/Attraction_Review-g57973-d12510904,https://untappd.com/w/coyote-hole-ciderworks/327669,38.085727,-77.851857,0
432,2021,Rosé,🥇 Gold,Diskin Cider,Daydream,Tennessee,United States,Tennessee,236,Active,Diskin Cider,http://www.diskincider.com/,,https://www.instagram.com/diskincider/,https://maps.google.com/?cid=5465208715637137113,,,https://untappd.com/w/diskin-cider/341259,36.140849,-86.769778,0
433,2021,Rosé,🥈 Silver,Thor's Hard Cider,Artic Rose,Minnesota,United States,Minnesota,631,Active,Thor's Hard Cider,https://www.thorshardcider.com/,https://www.facebook.com/thorshardcider/,https://www.instagram.com/thorshardcider/,https://maps.google.com/?cid=16250618587804183842,https://www.yelp.com/biz/aamodts-apple-farm-stillwater,https://www.tripadvisor.com/Attraction_Review-g43552-d7146001,https://untappd.com/w/thors-hard-cider/345130,45.042138,-92.865744,0
434,2021,Rosé,🥉 Bronze,Two K Farms,Rose' Cider,Michigan,United States,Michigan,932,Active,Two K Farms,https://twokfarms.com/,https://www.facebook.com/twokfarms,https://www.instagram.com/twokfarms/,https://maps.google.com/?cid=10000035318484135155,https://www.yelp.com/biz/two-k-farms-cidery-and-winery-suttons-bay-10,https://www.tripadvisor.com/Attraction_Review-g42743-d15263080,https://untappd.com/Two_K_Farms,44.922709,-85.626569,0
435,2021,Rosé,🥉 Bronze,Bent Ladder,Rosé Gold,Ohio,United States,Ohio,124,Active,Bent Ladder,http://bentladder.com/,https://www.facebook.com/bentladder,https://www.instagram.com/bentladder/,https://maps.google.com/?cid=5886580381731979881,https://www.yelp.com/biz/rittman-orchard-rittman,https://www.tripadvisor.com/Attraction_Review-g50283-d1977165,https://untappd.com/w/bent-ladder/295757,40.9646071,-81.739989,0
436,2021,Brut,🥇 Gold,Bryant's Cider,Brite Good,Virginia,United States,Virginia,170,Active,Bryant's Cider,https://bryantscider.com/,https://www.facebook.com/BryantsCiderFarm/,https://www.instagram.com/bryantscider/,https://maps.google.com/?cid=15598469607243113479,https://www.yelp.com/biz/bryants-cider-roseland,https://www.tripadvisor.com/Attraction_Review-g58143-d14196800,https://untappd.com/w/bryant-s-cider/374591,37.797413,-78.939801,0
437,2021,Brut,🥈 Silver,Widow's Watch Cidery,BRUT Virginia Sparkling Apple Wine,Virginia,United States,Virginia,707,Active,Muse Orchard,,,,,,,https://untappd.com/w/widow-s-watch-cider/532630,38.8202977,-78.6011459,0
438,2021,Brut,🥉 Bronze,Arsenal Ciderhouse,Picket Bone Dry,Pennsylvania,United States,Pennsylvania,97,Active,Arsenal Cider House,https://www.arsenalciderhouse.com/lawrenceville/,https://www.facebook.com/ArsenalCider,https://www.instagram.com/arsenalcider/,https://maps.google.com/?cid=3302243150360255083,https://www.yelp.com/biz/arsenal-cider-house-and-wine-cellar-pittsburgh,https://www.tripadvisor.com/Attraction_Review-g53449-d4558019,https://untappd.com/w/arsenal-cider-house/12282,40.465108,-79.96092,0
439,2021,Sangria,🥇 Gold,Vermont Cider Company,Woodchuck Sangria,Vermont,United States,Vermont,664,Active,Vermont Cider Company,http://www.woodchuck.com/,https://www.facebook.com/WoodchuckCider,https://www.instagram.com/woodchuckcider/,https://maps.google.com/?cid=9402882086420367798,https://www.yelp.com/biz/woodchuck-hard-cidery-middlebury,https://www.tripadvisor.com/Attraction_Review-g57245-d7022345,https://untappd.com/w/woodchuck-cidery/611,44.034072,-73.172778,0
440,2021,Sangria,🥈 Silver,Coyote Hole Cider,Sister Sangria,Virginia,United States,Virginia,222,Active,Coyote Hole Craft Beverages,http://www.coyotehole.com/,https://www.facebook.com/CoyoteHole/,https://www.instagram.com/CoyoteHole/,https://maps.google.com/?cid=3893841626353972834,https://www.yelp.com/biz/coyote-hole-ciderworks-mineral,https://www.tripadvisor.com/Attraction_Review-g57973-d12510904,https://untappd.com/w/coyote-hole-ciderworks/327669,38.085727,-77.851857,0
441,2021,Sangria,🥉 Bronze,Coyote Hole Cider,Sunset Sangria,Virginia,United States,Virginia,222,Active,Coyote Hole Craft Beverages,http://www.coyotehole.com/,https://www.facebook.com/CoyoteHole/,https://www.instagram.com/CoyoteHole/,https://maps.google.com/?cid=3893841626353972834,https://www.yelp.com/biz/coyote-hole-ciderworks-mineral,https://www.tripadvisor.com/Attraction_Review-g57973-d12510904,https://untappd.com/w/coyote-hole-ciderworks/327669,38.085727,-77.851857,0
442,2022,Modern Cider – Sweet,🥇 Gold,Glacial Till Vineyard,Original,Nebraska,United States,Nebraska,294,Active,Glacial Till Vineyard & Winery,http://www.glacialtillvineyard.com/,https://www.facebook.com/glacialtillvineyard,https://www.instagram.com/glacialtillvineyard/,https://maps.google.com/?cid=185099829414435279,https://www.yelp.com/biz/glacial-till-tasting-room-ashland,https://www.tripadvisor.com/Attraction_Review-g29709-d5832186,https://untappd.com/w/glacial-till-vineyard-and-winery/223758,41.038896,-96.368951,0
443,2022,Modern Cider – Sweet,🥈 Silver,Bold Rock Hard Cider,Apple,North Carolina,United States,North Carolina,152,Active,Bold Rock Hard Cider,https://boldrock.com/,https://www.facebook.com/BoldRockHardCider/,https://www.instagram.com/boldrockhardcider/,https://maps.google.com/?cid=10604087929796439877,https://www.yelp.com/biz/bold-rock-hard-cider-mills-river-mills-river,https://www.tripadvisor.com/Attraction_Review-g1552723-d8862147,https://untappd.com/v/bold-rock-mills-river-cidery/3954545,35.376397,-82.559219,0
444,2022,Modern Cider – Sweet,🥉 Bronze,Niagara College,Cider 101,Ontario,Canada,Ontario,812,Active,Niagara College Teaching Winery,https://www.ncteachingwinery.ca/,https://www.facebook.com/nctwinery/,https://www.instagram.com/nctwinery/,https://maps.google.com/?cid=2529664632400053188,https://www.yelp.com/biz/niagara-college-teaching-winery-niagara-on-the-lake,https://www.tripadvisor.com/Attraction_Review-g154999-d2414360,https://untappd.com/w/niagara-college-teaching-winery/390649,43.150451,-79.165647,0
445,2022,Modern Cider – Sweet,🥉 Bronze,Vermont Hard Cider,Amber,Vermont,United States,Vermont,664,Active,Vermont Cider Company,http://www.woodchuck.com/,https://www.facebook.com/WoodchuckCider,https://www.instagram.com/woodchuckcider/,https://maps.google.com/?cid=9402882086420367798,https://www.yelp.com/biz/woodchuck-hard-cidery-middlebury,https://www.tripadvisor.com/Attraction_Review-g57245-d7022345,https://untappd.com/w/woodchuck-cidery/611,44.034072,-73.172778,0
446,2022,Modern Cider – Dry,🥇 Gold,Wölffer Estate Vineyard,Wölffer No. 139 Dry White Cider,New York,United States,New York,698,Active,Wölffer Estate Vineyard,http://www.wolffer.com/,,,https://maps.google.com/?cid=10690409208604454007,https://www.yelp.com/biz/wolffer-estate-vineyard-sagaponack,https://www.tripadvisor.com/Attraction_Review-g48542-d593572,https://untappd.com/w/wolffer-estate-vineyard/79243,40.945028,-72.27747,0
447,2022,Modern Cider – Dry,🥈 Silver,Atlanta Hard Cider,Crisp Apple,Georgia,United States,Georgia,102,Active,Atlanta Hard Cider Co.,https://www.atlantahardcider.com/,https://www.facebook.com/atlantahardcider/,https://www.instagram.com/atlantahardcider/,https://maps.google.com/?cid=15330589380276964489,,,https://untappd.com/w/atlanta-hard-cider-co/364060,33.9507273,-84.52255,0
448,2022,Modern Cider – Dry,🥉 Bronze,Glacial Till Vineyard,Dry,Nebraska,United States,Nebraska,294,Active,Glacial Till Vineyard & Winery,http://www.glacialtillvineyard.com/,https://www.facebook.com/glacialtillvineyard,https://www.instagram.com/glacialtillvineyard/,https://maps.google.com/?cid=185099829414435279,https://www.yelp.com/biz/glacial-till-tasting-room-ashland,https://www.tripadvisor.com/Attraction_Review-g29709-d5832186,https://untappd.com/w/glacial-till-vineyard-and-winery/223758,41.038896,-96.368951,0
449,2022,Modern Cider – Dry,🥉 Bronze,Colfax CiderWorks,Dry Saison,California,United States,California,3457,Inactive,Colfax CiderWorks,,,,,,,,39.2066929,-120.83861,1
450,2022,Heritage Cider,🥇 Gold,Tumbling Creek Cider,Springhouse Semi-Sweet,Virginia,United States,Virginia,650,Active,Tumbling Creek Cider Company,https://tumblingcreekcider.com/,https://www.facebook.com/TumblingCreekCider,https://www.instagram.com/tumblingcreekcider/,https://maps.google.com/?cid=8196003782694988545,,,https://untappd.com/w/tumbling-creek-cider-company/447864,36.810628,-81.828587,0
451,2022,Heritage Cider,🥇 Gold,Niagara College,Cidre Fermier,Ontario,Canada,Ontario,812,Active,Niagara College Teaching Winery,https://www.ncteachingwinery.ca/,https://www.facebook.com/nctwinery/,https://www.instagram.com/nctwinery/,https://maps.google.com/?cid=2529664632400053188,https://www.yelp.com/biz/niagara-college-teaching-winery-niagara-on-the-lake,https://www.tripadvisor.com/Attraction_Review-g154999-d2414360,https://untappd.com/w/niagara-college-teaching-winery/390649,43.150451,-79.165647,0
452,2022,Heritage Cider,🥈 Silver,Easthampton Cider Project,The Vintage Blend 2021,Massachusetts,United States,Massachusetts,1052,Active,Easthampton Cider Project,http://easthamptoncider.com/,https://www.facebook.com/easthamptonciderproject/,https://www.instagram.com/easthamptonciderproject/,https://maps.google.com/?cid=12789807318568837247,,,https://untappd.com/w/easthampton-cider-project/486302,42.1811873,-72.3601327,0
453,2022,Heritage Cider,🥉 Bronze,Galipette Cidre,Galipette Brut,Brittany,France,France,1999,Active,Les Celliers Associés,https://www.valderance.com/,https://www.facebook.com/ValdeRance/,https://www.instagram.com/lca_coop_cider/,https://maps.google.com/?cid=7883069809343472545,,,https://untappd.com/LesCelliersAssocis,48.5085682,-1.9533612,0
454,2022,Traditional Cider,🥇 Gold,Angry Orchard,Beginnings Without End,New York,United States,New York,87,Active,Angry Orchard,https://www.angryorchard.com/,https://www.facebook.com/AngryOrchard/,https://www.instagram.com/angryorchard/,https://maps.google.com/?cid=17467507983407382578,https://www.yelp.com/biz/angry-orchard-walden-2,https://www.tripadvisor.com/Attraction_Review-g48788-d10266026,https://untappd.com/w/angry-orchard-cider-company/16455,41.587128,-74.221692,0
455,2022,Traditional Cider,🥈 Silver,High Limb Cider,The OG,Massachusetts,United States,Massachusetts,330,Active,High Limb Hard Cider,https://www.highlimbcider.com/,https://www.facebook.com/highlimbcider/,https://www.instagram.com/highlimbcider/,https://maps.google.com/?cid=11042855047844464741,https://www.yelp.com/biz/high-limb-cider-plymouth,https://www.tripadvisor.com/Attraction_Review-g41773-d21723351,https://untappd.com/w/high-limb-hard-cider/108620,41.9434465,-70.7111477,0
456,2022,Traditional Cider,🥈 Silver,Galipette Cidre,Galipette Biologique,Brittany,France,France,1999,Active,Les Celliers Associés,https://www.valderance.com/,https://www.facebook.com/ValdeRance/,https://www.instagram.com/lca_coop_cider/,https://maps.google.com/?cid=7883069809343472545,,,https://untappd.com/LesCelliersAssocis,48.5085682,-1.9533612,0
457,2022,Traditional Cider,🥉 Bronze,Bold Rock Hard Cider,Saison,North Carolina,United States,North Carolina,152,Active,Bold Rock Hard Cider,https://boldrock.com/,https://www.facebook.com/BoldRockHardCider/,https://www.instagram.com/boldrockhardcider/,https://maps.google.com/?cid=10604087929796439877,https://www.yelp.com/biz/bold-rock-hard-cider-mills-river-mills-river,https://www.tripadvisor.com/Attraction_Review-g1552723-d8862147,https://untappd.com/v/bold-rock-mills-river-cidery/3954545,35.376397,-82.559219,0
458,2022,Perry & Pear Cider,🥇 Gold,California Cider Co.,ACE Perry Craft Cider,California,United States,California,179,Active,ACE Cider,http://www.acecider.com/,https://www.facebook.com/AceCider,https://www.instagram.com/acecider/,,https://www.yelp.com/biz/ace-premium-hard-ciders-sebastopol,https://www.tripadvisor.com/Attraction_Review-g33069-d3626497,https://untappd.com/w/ace-cider-the-california-cider-company/331,38.423506,-122.849754,0
459,2022,Perry & Pear Cider,🥈 Silver,Lee Ranch Cellars,Sparkling Perry,California,United States,California,2193,Active,Pacific Grove CiderWorks,https://pgciderworks.com/,,,,,,https://untappd.com/w/pacific-grove-ciderworks/480168,36.6152808,-121.934671,0
460,2022,Perry & Pear Cider,🥉 Bronze,Missing Falls Brewing,Nice Pear,Ohio,United States,Ohio,3121,Active,Missing Falls Brewery,https://www.missingfalls.com/,https://www.facebook.com/MissingFallsBrewery/,https://www.instagram.com/missingfallsbrewery/,https://maps.google.com/?cid=16469758948621365687,https://www.yelp.com/biz/missing-falls-brewery-akron,https://www.tripadvisor.com/Restaurant_Review-g29912-d23413493,https://untappd.com/MissingFalls,41.0705056,-81.5267931,0
461,2022,Fruit,🥇 Gold,Papa Moon Ciders,MoonMosa,Nebraska,United States,Nebraska,1074,Active,Papa Moon Vineyards & Winery,https://www.papamoonvineyards.com/,https://www.facebook.com/Papamoonwines,https://www.instagram.com/papamoonciders/,https://maps.google.com/?cid=16564507604611639866,https://www.yelp.com/biz/papa-moon-vineyards-and-winery-scottsbluff,,https://untappd.com/w/papa-moon-vineyards-winery-and-cider-house/472128,41.8877158,-103.6176699,0
462,2022,Fruit,🥈 Silver,2 Towns Ciderhouse,Tropical Cosmic Crisp,Oregon,United States,Oregon,67,Active,2 Towns Ciderhouse,http://www.2townsciderhouse.com/,https://www.facebook.com/2townsciderhouse,https://www.instagram.com/2townscider/,https://maps.google.com/?cid=10429935694700508047,https://www.yelp.com/biz/2-towns-ciderhouse-corvallis,https://www.tripadvisor.com/Attraction_Review-g51817-d3417221,https://untappd.com/w/2-towns-ciderhouse/12975,44.563505,-123.226185,0
463,2022,Fruit,🥉 Bronze,Covered Bridge Brewery,Nectarine Cider,Oregon,United States,Oregon,2035,Inactive,Covered Bridge Brewing,,,,,,,,43.7975203,-123.0584655,1
464,2022,Mimosa,🥇 Gold,Odd Brothers Craft Cider,Ecto Cider,Michigan,United States,Michigan,1757,Active,Odd Brothers Craft Cider,https://www.oddbrotherscider.com/,https://www.facebook.com/Odd-Brothers-Craft-Cider-793647507656990/,https://www.instagram.com/oddbrotherscider/,,,,https://untappd.com/OddBrothersCraftCider,42.1364887,-84.8664378,0
465,2022,Mimosa,🥈 Silver,Vermont Hard Cider,Mimosa,Vermont,United States,Vermont,664,Active,Vermont Cider Company,http://www.woodchuck.com/,https://www.facebook.com/WoodchuckCider,https://www.instagram.com/woodchuckcider/,https://maps.google.com/?cid=9402882086420367798,https://www.yelp.com/biz/woodchuck-hard-cidery-middlebury,https://www.tripadvisor.com/Attraction_Review-g57245-d7022345,https://untappd.com/w/woodchuck-cidery/611,44.034072,-73.172778,0
466,2022,Mimosa,🥉 Bronze,Ciderboys Cider Co.,Grand Mimosa,Wisconsin,United States,Wisconsin,196,Active,Ciderboys,http://www.ciderboys.com/,https://www.facebook.com/Ciderboys,https://www.instagram.com/Ciderboys/,https://maps.google.com/?cid=1756122992587390562,https://www.yelp.com/biz/stevens-point-brewery-stevens-point,https://www.tripadvisor.com/Attraction_Review-g60304-d2265035,https://untappd.com/w/ciderboys-hard-cider/44552,44.510454,-89.573583,0
467,2022,Pineapple,🥇 Gold,Duluth Cider,Pineapple Sour,Minnesota,United States,Minnesota,250,Active,Duluth Cider,https://duluthcider.com/,https://www.facebook.com/duluth.cider/,https://www.instagram.com/duluthcider/,https://maps.google.com/?cid=3814310496447641516,https://www.yelp.com/biz/duluth-cider-duluth,https://www.tripadvisor.com/Attraction_Review-g43018-d16674091,https://untappd.com/DuluthCider,46.764947,-92.127394,0
468,2022,Pineapple,🥇 Gold,Ciderboys Cider Co.,Ciderboys Pineapple Hula,Wisconsin,United States,Wisconsin,196,Active,Ciderboys,http://www.ciderboys.com/,https://www.facebook.com/Ciderboys,https://www.instagram.com/Ciderboys/,https://maps.google.com/?cid=1756122992587390562,https://www.yelp.com/biz/stevens-point-brewery-stevens-point,https://www.tripadvisor.com/Attraction_Review-g60304-d2265035,https://untappd.com/w/ciderboys-hard-cider/44552,44.510454,-89.573583,0
469,2022,Pineapple,🥈 Silver,Ola Brew,Kona Gold,Hawaii,United States,Hawaii,2239,Active,Ola Brew,https://www.olabrewco.com/,https://www.facebook.com/OlaBrewCo,https://www.instagram.com/olabrewco/,https://maps.google.com/?cid=15799959683814156778,https://www.yelp.com/biz/ola-brew-kailua-kona,https://www.tripadvisor.com/Attraction_Review-g60872-d13368863,https://untappd.com/OlaBrewCompany,19.6467059,-155.9981111,0
470,2022,Pineapple,🥉 Bronze,2 Towns Ciderhouse,Pacific Pineapple,Oregon,United States,Oregon,67,Active,2 Towns Ciderhouse,http://www.2townsciderhouse.com/,https://www.facebook.com/2townsciderhouse,https://www.instagram.com/2townscider/,https://maps.google.com/?cid=10429935694700508047,https://www.yelp.com/biz/2-towns-ciderhouse-corvallis,https://www.tripadvisor.com/Attraction_Review-g51817-d3417221,https://untappd.com/w/2-towns-ciderhouse/12975,44.563505,-123.226185,0
471,2022,Cherry,🥇 Gold,Five Maidens Cider,Valance,Pennsylvania,United States,Pennsylvania,712,Active,Five Maidens Cider Company,https://5mcider.com/,https://www.facebook.com/5MCider/,https://www.instagram.com/5mcider/,https://maps.google.com/?cid=17669165397330541520,https://www.yelp.com/biz/five-maidens-cider-bethlehem,,https://untappd.com/FiveMaidensCiderCo,40.6109554,-75.373349,0
472,2022,Cherry,🥈 Silver,2 Towns Ciderhouse,Cherry Sublime,Oregon,United States,Oregon,67,Active,2 Towns Ciderhouse,http://www.2townsciderhouse.com/,https://www.facebook.com/2townsciderhouse,https://www.instagram.com/2townscider/,https://maps.google.com/?cid=10429935694700508047,https://www.yelp.com/biz/2-towns-ciderhouse-corvallis,https://www.tripadvisor.com/Attraction_Review-g51817-d3417221,https://untappd.com/w/2-towns-ciderhouse/12975,44.563505,-123.226185,0
473,2022,Cherry,🥈 Silver,Angry Orchard,Fruits from Flowers,New York,United States,New York,87,Active,Angry Orchard,https://www.angryorchard.com/,https://www.facebook.com/AngryOrchard/,https://www.instagram.com/angryorchard/,https://maps.google.com/?cid=17467507983407382578,https://www.yelp.com/biz/angry-orchard-walden-2,https://www.tripadvisor.com/Attraction_Review-g48788-d10266026,https://untappd.com/w/angry-orchard-cider-company/16455,41.587128,-74.221692,0
474,2022,Cherry,🥉 Bronze,Thor's Hard Cider,Pom-Cheri,Minnesota,United States,Minnesota,631,Active,Thor's Hard Cider,https://www.thorshardcider.com/,https://www.facebook.com/thorshardcider/,https://www.instagram.com/thorshardcider/,https://maps.google.com/?cid=16250618587804183842,https://www.yelp.com/biz/aamodts-apple-farm-stillwater,https://www.tripadvisor.com/Attraction_Review-g43552-d7146001,https://untappd.com/w/thors-hard-cider/345130,45.042138,-92.865744,0
475,2022,Peach,🥇 Gold,Ciderboys Cider Co.,Ciderboys Peach County,Wisconsin,United States,Wisconsin,196,Active,Ciderboys,http://www.ciderboys.com/,https://www.facebook.com/Ciderboys,https://www.instagram.com/Ciderboys/,https://maps.google.com/?cid=1756122992587390562,https://www.yelp.com/biz/stevens-point-brewery-stevens-point,https://www.tripadvisor.com/Attraction_Review-g60304-d2265035,https://untappd.com/w/ciderboys-hard-cider/44552,44.510454,-89.573583,0
476,2022,Peach,🥈 Silver,Odd Brothers Craft Cider,Millions of Peaches,Michigan,United States,Michigan,1757,Active,Odd Brothers Craft Cider,https://www.oddbrotherscider.com/,https://www.facebook.com/Odd-Brothers-Craft-Cider-793647507656990/,https://www.instagram.com/oddbrotherscider/,,,,https://untappd.com/OddBrothersCraftCider,42.1364887,-84.8664378,0
477,2022,Peach,🥉 Bronze,Incline Cider Company,White Peach,Washington,United States,Washington,345,Active,Incline Cider Company,http://www.inclinecider.com/,https://www.facebook.com/inclinecider/,https://www.instagram.com/inclinecider/,https://maps.google.com/?cid=504944612388443997,https://www.yelp.com/biz/incline-cider-house-tacoma,https://www.tripadvisor.com/Attraction_Review-g58775-d22266571,https://untappd.com/w/incline-cider-company/249584,47.307323,-122.228453,0
478,2022,Cranberry,🥇 Gold,Incline Cider Company,Cranberry,Washington,United States,Washington,345,Active,Incline Cider Company,http://www.inclinecider.com/,https://www.facebook.com/inclinecider/,https://www.instagram.com/inclinecider/,https://maps.google.com/?cid=504944612388443997,https://www.yelp.com/biz/incline-cider-house-tacoma,https://www.tripadvisor.com/Attraction_Review-g58775-d22266571,https://untappd.com/w/incline-cider-company/249584,47.307323,-122.228453,0
479,2022,Cranberry,🥈 Silver,Country Boy Brewing,Cranberry Cider,Kentucky,United States,Kentucky,220,Active,Country Boy Brewing,http://countryboybrewing.com/,https://www.facebook.com/CountryBoyBrewing,https://www.instagram.com/CountryBoybrewing/,https://maps.google.com/?cid=7007349802683802072,https://www.yelp.com/biz/country-boy-brewing-lexington,https://www.tripadvisor.com/Attraction_Review-g39588-d2661465,https://untappd.com/w/country-boy-brewing/23693,38.043952,-84.509269,0
480,2022,Cranberry,🥉 Bronze,2 Towns Ciderhouse,Crimson Bliss,Oregon,United States,Oregon,67,Active,2 Towns Ciderhouse,http://www.2townsciderhouse.com/,https://www.facebook.com/2townsciderhouse,https://www.instagram.com/2townscider/,https://maps.google.com/?cid=10429935694700508047,https://www.yelp.com/biz/2-towns-ciderhouse-corvallis,https://www.tripadvisor.com/Attraction_Review-g51817-d3417221,https://untappd.com/w/2-towns-ciderhouse/12975,44.563505,-123.226185,0
481,2022,Fruit and Berry,🥇 Gold,Ciderboys Cider Co.,Ciderboys Strawberry Magic,Wisconsin,United States,Wisconsin,196,Active,Ciderboys,http://www.ciderboys.com/,https://www.facebook.com/Ciderboys,https://www.instagram.com/Ciderboys/,https://maps.google.com/?cid=1756122992587390562,https://www.yelp.com/biz/stevens-point-brewery-stevens-point,https://www.tripadvisor.com/Attraction_Review-g60304-d2265035,https://untappd.com/w/ciderboys-hard-cider/44552,44.510454,-89.573583,0
482,2022,Fruit and Berry,🥈 Silver,Country Boy Brewing,Raspberry Lemon Cider,Kentucky,United States,Kentucky,220,Active,Country Boy Brewing,http://countryboybrewing.com/,https://www.facebook.com/CountryBoyBrewing,https://www.instagram.com/CountryBoybrewing/,https://maps.google.com/?cid=7007349802683802072,https://www.yelp.com/biz/country-boy-brewing-lexington,https://www.tripadvisor.com/Attraction_Review-g39588-d2661465,https://untappd.com/w/country-boy-brewing/23693,38.043952,-84.509269,0
483,2022,Fruit and Berry,🥉 Bronze,Cider Corps,Blueberry Pie,Arizona,United States,Arizona,915,Active,Cider Corps,https://cidercorpsaz.com/,https://www.facebook.com/cidercorps/,https://www.instagram.com/cidercorps/,https://maps.google.com/?cid=9593182908980696987,https://www.yelp.com/biz/cider-corps-mesa-5,https://www.tripadvisor.com/Attraction_Review-g31281-d13003044,https://untappd.com/CiderCorps,33.4141147,-111.8364706,0
484,2022,Applewine / Ice Cider / Imperial Cider,🥇 Gold,Bent Ladder,Winter Crisp,Ohio,United States,Ohio,124,Active,Bent Ladder,http://bentladder.com/,https://www.facebook.com/bentladder,https://www.instagram.com/bentladder/,https://maps.google.com/?cid=5886580381731979881,https://www.yelp.com/biz/rittman-orchard-rittman,https://www.tripadvisor.com/Attraction_Review-g50283-d1977165,https://untappd.com/w/bent-ladder/295757,40.9646071,-81.739989,0
485,2022,Applewine / Ice Cider / Imperial Cider,🥈 Silver,Portland Cider Company,Imperial Peach Tea,Oregon,United States,Oregon,490,Active,Portland Cider Company,http://portlandcider.com/,https://www.facebook.com/portlandcider,https://www.instagram.com/portlandcider/,https://maps.google.com/?cid=5897814277091816079,https://www.yelp.com/biz/portland-cider-company-clackamas,https://www.tripadvisor.com/Restaurant_Review-g51806-d6996793,https://untappd.com/w/portland-cider-company/56260,45.415288,-122.572714,0
486,2022,Applewine / Ice Cider / Imperial Cider,🥉 Bronze,Bold Rock Hard Cider,Imperial Cider,North Carolina,United States,North Carolina,152,Active,Bold Rock Hard Cider,https://boldrock.com/,https://www.facebook.com/BoldRockHardCider/,https://www.instagram.com/boldrockhardcider/,https://maps.google.com/?cid=10604087929796439877,https://www.yelp.com/biz/bold-rock-hard-cider-mills-river-mills-river,https://www.tripadvisor.com/Attraction_Review-g1552723-d8862147,https://untappd.com/v/bold-rock-mills-river-cidery/3954545,35.376397,-82.559219,0
487,2022,Applewine / Ice Cider / Imperial Cider,🥉 Bronze,Blakes Hard Cider,Amshire,Michigan,United States,Michigan,10,Active,Blake's Hard Cider Co.,http://www.blakeshardcider.com/,https://www.facebook.com/blakeshardciderco,https://www.instagram.com/blakeshardciderco/,https://maps.google.com/?cid=15855146673119620480,https://www.yelp.com/biz/blakes-ciderhouse-and-winery-armada,https://www.tripadvisor.com/Attraction_Review-g29560-d6678501,https://untappd.com/w/blakes-hard-cider-company/86334,42.8503113,-82.9513855,0
488,2022,Herbal,🥇 Gold,Papa Moon Ciders,Honey Lavender,Nebraska,United States,Nebraska,1074,Active,Papa Moon Vineyards & Winery,https://www.papamoonvineyards.com/,https://www.facebook.com/Papamoonwines,https://www.instagram.com/papamoonciders/,https://maps.google.com/?cid=16564507604611639866,https://www.yelp.com/biz/papa-moon-vineyards-and-winery-scottsbluff,,https://untappd.com/w/papa-moon-vineyards-winery-and-cider-house/472128,41.8877158,-103.6176699,0
489,2022,Herbal,🥈 Silver,Sandia Hard Cider,Lavender,New Mexico,United States,New Mexico,541,Active,Sandia Hard Cider,,https://www.facebook.com/sandiahardcider/,https://www.instagram.com/sandiahardcider/,https://maps.google.com/?cid=10960141526376680070,https://www.yelp.com/biz/the-craftroom-albuquerque,,https://untappd.com/w/sandia-hard-cider/286813,35.113025,-106.629521,0
490,2022,Herbal,🥉 Bronze,Dingo Dog Brewing,Suzie's Honeysuckle Cider,North Carolina,United States,North Carolina,2170,Active,Dingo Dog Brewing Company,https://www.dingodogbrewing.com/,https://www.facebook.com/dingodogbrewing,https://www.instagram.com/dingodogbrewing/,https://maps.google.com/?cid=855662940419552138,https://www.yelp.com/biz/dingo-dog-brewing-company-carrboro,,https://untappd.com/DingoDogBrewing,35.9140913,-79.0720655,0
491,2022,Herbal,🥉 Bronze,Thor's Hard Cider,Sitron Tee,Minnesota,United States,Minnesota,631,Active,Thor's Hard Cider,https://www.thorshardcider.com/,https://www.facebook.com/thorshardcider/,https://www.instagram.com/thorshardcider/,https://maps.google.com/?cid=16250618587804183842,https://www.yelp.com/biz/aamodts-apple-farm-stillwater,https://www.tripadvisor.com/Attraction_Review-g43552-d7146001,https://untappd.com/w/thors-hard-cider/345130,45.042138,-92.865744,0
492,2022,Pepper,🥇 Gold,Urban Tree Hard Cider,Sweet Heat Haze,Georgia,United States,Georgia,661,Active,Urban Tree Hard Cider,https://urbantreecidery.com/,https://www.facebook.com/UrbanTreeCider/,https://www.instagram.com/urbantreecider/,,,,https://untappd.com/w/urban-tree-cidery/260157,33.794905,-84.414797,0
493,2022,Pepper,🥇 Gold,Thor's Hard Cider,El Thoro,Minnesota,United States,Minnesota,631,Active,Thor's Hard Cider,https://www.thorshardcider.com/,https://www.facebook.com/thorshardcider/,https://www.instagram.com/thorshardcider/,https://maps.google.com/?cid=16250618587804183842,https://www.yelp.com/biz/aamodts-apple-farm-stillwater,https://www.tripadvisor.com/Attraction_Review-g43552-d7146001,https://untappd.com/w/thors-hard-cider/345130,45.042138,-92.865744,0
494,2022,Pepper,🥈 Silver,Sapsucker Farms,Yellow Belly Cayenne Cider,Minnesota,United States,Minnesota,545,Active,Sapsucker Farms Yellow Belly Cidery,https://www.sapsuckerfarms.com/,https://www.facebook.com/YellowBellyCider/,https://www.instagram.com/sapsuckerfarms/,https://maps.google.com/?cid=10529182272851607589,https://www.yelp.com/biz/sapsucker-farms-yellow-belly-cidery-mora,https://www.tripadvisor.com/Attraction_Review-g43337-d15594799,https://untappd.com/w/sapsucker-farms/187535,45.8970174,-93.152247,0
495,2022,Pepper,🥉 Bronze,Orchard Girls Cidery,Chantico,Maine,United States,Maine,464,Active,Orchard Girls,http://orchardgirls.com/,https://www.facebook.com/orchardgirlscider/,https://www.instagram.com/orchardgirlscider,https://maps.google.com/?cid=2486607221948549190,https://www.yelp.com/biz/orchard-girls-cidery-kingfield,,https://untappd.com/w/orchard-girls/420976,44.964862,-70.162268,0
496,2022,Hopped,🥇 Gold,Five Maidens Cider,India Bound,Pennsylvania,United States,Pennsylvania,712,Active,Five Maidens Cider Company,https://5mcider.com/,https://www.facebook.com/5MCider/,https://www.instagram.com/5mcider/,https://maps.google.com/?cid=17669165397330541520,https://www.yelp.com/biz/five-maidens-cider-bethlehem,,https://untappd.com/FiveMaidensCiderCo,40.6109554,-75.373349,0
497,2022,Hopped,🥈 Silver,Cigar City Cider & Mead,Dat Juice,Florida,United States,Florida,197,Active,Cigar City Cider & Mead,http://www.cigarcitycider.com/,https://www.facebook.com/CigarCityCider,https://www.instagram.com/cigarcitycider/,https://maps.google.com/?cid=105555702494086229,https://www.yelp.com/biz/cigar-city-brewing-tampa,https://www.tripadvisor.com/Attraction_Review-g34678-d4508513,https://untappd.com/w/cigar-city-cider-and-mead/51632,27.960748,-82.443199,0
498,2022,Hopped,🥈 Silver,Mountain West Cider,Cottonwood,Utah,United States,Utah,432,Active,Mountain West Cider Company,http://mountainwestcider.com/,https://www.facebook.com/MountainWestHardCider/,https://www.instagram.com/mountainwestcider/,https://maps.google.com/?cid=16538924633378887108,https://www.yelp.com/biz/mountain-west-cider-salt-lake-city,,https://untappd.com/w/mountain-west-hard-cider/235312,40.778772,-111.903037,0
499,2022,Hopped,🥈 Silver,Urban Tree Hard Cider,Orange U and IPA?,Georgia,United States,Georgia,661,Active,Urban Tree Hard Cider,https://urbantreecidery.com/,https://www.facebook.com/UrbanTreeCider/,https://www.instagram.com/urbantreecider/,,,,https://untappd.com/w/urban-tree-cidery/260157,33.794905,-84.414797,0
500,2022,Apple Pie Spiced,🥇 Gold,Country Boy Brewing,Apple Pie Cider,Kentucky,United States,Kentucky,220,Active,Country Boy Brewing,http://countryboybrewing.com/,https://www.facebook.com/CountryBoyBrewing,https://www.instagram.com/CountryBoybrewing/,https://maps.google.com/?cid=7007349802683802072,https://www.yelp.com/biz/country-boy-brewing-lexington,https://www.tripadvisor.com/Attraction_Review-g39588-d2661465,https://untappd.com/w/country-boy-brewing/23693,38.043952,-84.509269,0
501,2022,Apple Pie Spiced,🥇 Gold,Blakes Hard Cider,Apple Pie,Michigan,United States,Michican,10,Active,Blake's Hard Cider Co.,http://www.blakeshardcider.com/,https://www.facebook.com/blakeshardciderco,https://www.instagram.com/blakeshardciderco/,https://maps.google.com/?cid=15855146673119620480,https://www.yelp.com/biz/blakes-ciderhouse-and-winery-armada,https://www.tripadvisor.com/Attraction_Review-g29560-d6678501,https://untappd.com/w/blakes-hard-cider-company/86334,42.8503113,-82.9513855,0
502,2022,Apple Pie Spiced,🥈 Silver,Missing Falls Brewery,How Bout Dem Apples,Ohio,United States,Ohio,3121,Active,Missing Falls Brewery,https://www.missingfalls.com/,https://www.facebook.com/MissingFallsBrewery/,https://www.instagram.com/missingfallsbrewery/,https://maps.google.com/?cid=16469758948621365687,https://www.yelp.com/biz/missing-falls-brewery-akron,https://www.tripadvisor.com/Restaurant_Review-g29912-d23413493,https://untappd.com/MissingFalls,41.0705056,-81.5267931,0
503,2022,Apple Pie Spiced,🥉 Bronze,Odd Brothers Craft Cider,The Wanderer,Michigan,United States,Michigan,1757,Active,Odd Brothers Craft Cider,https://www.oddbrotherscider.com/,https://www.facebook.com/Odd-Brothers-Craft-Cider-793647507656990/,https://www.instagram.com/oddbrotherscider/,,,,https://untappd.com/OddBrothersCraftCider,42.1364887,-84.8664378,0
504,2022,Spiced,🥇 Gold,F.X. Matt Brewing,Mckenzie's Pumpkin Jack,New York,United States,Ohio,408,Active,FX Matt Brewing,https://www.mckbev.com/,https://www.facebook.com/McKenziesHardCider/,https://www.instagram.com/mckenzieshardcider/,https://maps.google.com/?cid=16812627050434550372,https://www.yelp.com/biz/f-x-matt-brewing-utica,https://www.tripadvisor.com/Attraction_Review-g48759-d534580,https://untappd.com/w/mckenzies-hard-cider/10931,43.1044459,-75.2455361,0
505,2022,Spiced,🥈 Silver,Bryant's Cider,Punkin Spice,Virginia,United States,Virginia,170,Active,Bryant's Cider,https://bryantscider.com/,https://www.facebook.com/BryantsCiderFarm/,https://www.instagram.com/bryantscider/,https://maps.google.com/?cid=15598469607243113479,https://www.yelp.com/biz/bryants-cider-roseland,https://www.tripadvisor.com/Attraction_Review-g58143-d14196800,https://untappd.com/w/bryant-s-cider/374591,37.797413,-78.939801,0
506,2022,Spiced,🥉 Bronze,Apple Valley Cider,Honey Cinnamon,Colorado,United States,Colorado,93,Active,Apple Valley Cider Company,http://www.applevalleycider.com/,https://www.facebook.com/applevalleycider/,https://www.instagram.com/applevalleyciderco/,https://maps.google.com/?cid=8798456079688966999,,,https://untappd.com/w/apple-valley-cider-company/382129,38.425243,-105.026257,0
507,2022,Wood-Aged,🥇 Gold,California Cider,ACE Blackjack 30th Anniversary,California,United States,California,179,Active,ACE Cider,http://www.acecider.com/,https://www.facebook.com/AceCider,https://www.instagram.com/acecider/,,https://www.yelp.com/biz/ace-premium-hard-ciders-sebastopol,https://www.tripadvisor.com/Attraction_Review-g33069-d3626497,https://untappd.com/w/ace-cider-the-california-cider-company/331,38.423506,-122.849754,0
508,2022,Wood-Aged,🥈 Silver,Glacial Till Vineyard,Wild Mulberry,Nebraska,United States,Nebraska,294,Active,Glacial Till Vineyard & Winery,http://www.glacialtillvineyard.com/,https://www.facebook.com/glacialtillvineyard,https://www.instagram.com/glacialtillvineyard/,https://maps.google.com/?cid=185099829414435279,https://www.yelp.com/biz/glacial-till-tasting-room-ashland,https://www.tripadvisor.com/Attraction_Review-g29709-d5832186,https://untappd.com/w/glacial-till-vineyard-and-winery/223758,41.038896,-96.368951,0
509,2022,Wood-Aged,🥉 Bronze,Five Maidens Cider Company,The Bung is Too Big,Pennsylvania,United States,Pennsylvania,712,Active,Five Maidens Cider Company,https://5mcider.com/,https://www.facebook.com/5MCider/,https://www.instagram.com/5mcider/,https://maps.google.com/?cid=17669165397330541520,https://www.yelp.com/biz/five-maidens-cider-bethlehem,,https://untappd.com/FiveMaidensCiderCo,40.6109554,-75.373349,0
510,2022,Specialty,🥇 Gold,Duluth Cider,Las Lajas,Minnesota,United States,Minnesota,250,Active,Duluth Cider,https://duluthcider.com/,https://www.facebook.com/duluth.cider/,https://www.instagram.com/duluthcider/,https://maps.google.com/?cid=3814310496447641516,https://www.yelp.com/biz/duluth-cider-duluth,https://www.tripadvisor.com/Attraction_Review-g43018-d16674091,https://untappd.com/DuluthCider,46.764947,-92.127394,0
511,2022,Specialty,🥇 Gold,Thornapple Brewing,Ginger Peach,Michigan,United States,Michigan,58,Active,Thornapple Brewing Company,https://www.thornapplebrewing.com/,https://www.facebook.com/ThornappleBrewingCompany,https://www.instagram.com/thornapplebrewing/,https://maps.google.com/?cid=9646788014435304722,https://www.yelp.com/biz/thornapple-brewing-grand-rapids,https://www.tripadvisor.com/Restaurant_Review-g19275776-d12838215,https://untappd.com/w/thornapple-brewing-co/344603,42.912347,-85.512693,0
512,2022,Specialty,🥈 Silver,Glacial Till Vineyard,Caramel Apple,Nebraska,United States,Nebraska,294,Active,Glacial Till Vineyard & Winery,http://www.glacialtillvineyard.com/,https://www.facebook.com/glacialtillvineyard,https://www.instagram.com/glacialtillvineyard/,https://maps.google.com/?cid=185099829414435279,https://www.yelp.com/biz/glacial-till-tasting-room-ashland,https://www.tripadvisor.com/Attraction_Review-g29709-d5832186,https://untappd.com/w/glacial-till-vineyard-and-winery/223758,41.038896,-96.368951,0
513,2022,Specialty,🥉 Bronze,Rhinegeist Cidergeist,Beezy,Ohio,United States,Ohio,515,Active,Rhinegeist Brewery,https://rhinegeist.com/,https://www.facebook.com/rhinegeist,https://www.instagram.com/rhinegeist/,https://maps.google.com/?cid=4624817204033581156,https://www.yelp.com/biz/rhinegeist-brewery-cincinnati,https://www.tripadvisor.com/Attraction_Review-g60993-d8618371,https://untappd.com/w/rhinegeist-brewery/69953,39.117266,-84.520101,0
514,2022,Anything Goes,🥇 Gold,Sapsucker Farms Yellow Belly Cidery,Yellow Belly Wildflower,Minnesota,United States,Minnesota,545,Active,Sapsucker Farms Yellow Belly Cidery,https://www.sapsuckerfarms.com/,https://www.facebook.com/YellowBellyCider/,https://www.instagram.com/sapsuckerfarms/,https://maps.google.com/?cid=10529182272851607589,https://www.yelp.com/biz/sapsucker-farms-yellow-belly-cidery-mora,https://www.tripadvisor.com/Attraction_Review-g43337-d15594799,https://untappd.com/w/sapsucker-farms/187535,45.8970174,-93.152247,0
515,2022,Anything Goes,🥈 Silver,2 Towns Ciderhouse,Hollow Jack,Oregon,United States,Oregon,67,Active,2 Towns Ciderhouse,http://www.2townsciderhouse.com/,https://www.facebook.com/2townsciderhouse,https://www.instagram.com/2townscider/,https://maps.google.com/?cid=10429935694700508047,https://www.yelp.com/biz/2-towns-ciderhouse-corvallis,https://www.tripadvisor.com/Attraction_Review-g51817-d3417221,https://untappd.com/w/2-towns-ciderhouse/12975,44.563505,-123.226185,0
516,2022,Anything Goes,🥉 Bronze,Hidden Cave Cidery,Sweet Potato Casserole,Wisconsin,United States,Wisconsin,328,Active,Hidden Cave Cidery,https://www.hiddencavecidery.com/,https://www.facebook.com/hiddencavecidery/,https://www.instagram.com/hiddencavecidery,https://maps.google.com/?cid=2326894092775693665,https://www.yelp.com/biz/hidden-cave-cidery-middleton,,https://untappd.com/w/hidden-cave-cidery/395008,43.1036669,-89.5369882,0
517,2022,Single Varietal,🥇 Gold,Portland Cider Company,Kermerrien,Oregon,United States,Oregon,490,Active,Portland Cider Company,http://portlandcider.com/,https://www.facebook.com/portlandcider,https://www.instagram.com/portlandcider/,https://maps.google.com/?cid=5897814277091816079,https://www.yelp.com/biz/portland-cider-company-clackamas,https://www.tripadvisor.com/Restaurant_Review-g51806-d6996793,https://untappd.com/w/portland-cider-company/56260,45.415288,-122.572714,0
518,2022,Single Varietal,🥇 Gold,Mount Diablo Cider,Sidra California,California,United States,California,1908,Active,Mount Diablo Cider Company,https://www.mountdiablocider.com/,https://www.facebook.com/mountdiablocider,https://www.instagram.com/mountdiablocider/,,,,https://untappd.com/w/mount-diablo-cider-company/527606,37.9025575,-122.0944769,0
519,2022,Single Varietal,🥈 Silver,Union Hill Cider Co.,Redheart,Washington,United States,Washington,908,Active,Union Hill Cider Co.,https://www.unionhillciderco.com/,https://www.facebook.com/UnionHillCiderCo/,https://www.instagram.com/unionhillciderco/,https://maps.google.com/?cid=15999164221517255413,https://www.yelp.com/biz/union-hill-cider-east-wenatchee,,https://untappd.com/UnionHillCiderCo,47.3880763,-120.2207316,0
520,2022,Single Varietal,🥉 Bronze,Back Bay's Farmhouse Brewery,Black Twig,Virginia,United States,Virginia,2121,Active,Back Bay Brew House,https://backbayfarmhouse.com/,https://www.facebook.com/backbayfarmhouse,https://www.instagram.com/backbayfarmhouse/,https://maps.google.com/?cid=720468098893736903,https://www.yelp.com/biz/back-bays-farmhouse-brewing-co-virginia-beach-2,,https://untappd.com/BackBayFarmhouseBrewingCo,36.7828111,-76.1908064,0
521,2022,Rosé,🥇 Gold,Wölffer Estate Vineyard,Cider,New York,United States,New York,698,Active,Wölffer Estate Vineyard,http://www.wolffer.com/,,,https://maps.google.com/?cid=10690409208604454007,https://www.yelp.com/biz/wolffer-estate-vineyard-sagaponack,https://www.tripadvisor.com/Attraction_Review-g48542-d593572,https://untappd.com/w/wolffer-estate-vineyard/79243,40.945028,-72.27747,0
522,2022,Rosé,🥈 Silver,Atlanta Hard Cider,Rosé,Georgia,United States,Georgia,102,Active,Atlanta Hard Cider Co.,https://www.atlantahardcider.com/,https://www.facebook.com/atlantahardcider/,https://www.instagram.com/atlantahardcider/,https://maps.google.com/?cid=15330589380276964489,,,https://untappd.com/w/atlanta-hard-cider-co/364060,33.9507273,-84.52255,0
523,2022,Rosé,🥉 Bronze,Cidrerie Beaupré,Beaupré Rosé,Quebec,Canada,Quebec,3177,Active,Groupe Geloso,https://groupegeloso.com/,https://www.facebook.com/groupegeloso/,,https://maps.google.com/?cid=14532853692172548925,,,https://untappd.com/w/cidre-beaupre-groupe-geloso/21487,45.6109278,-73.6737069,0
524,2022,Rosé,🥉 Bronze,Jack's Hard Cider,Rosé,Pennsylvania,United States,Pennsylvania,353,Active,Atomic Dog Hard Cider,https://atomicdoghardcider.com/,https://www.facebook.com/atomicdoghardcider,,https://maps.google.com/?cid=7169999648774734369,https://www.yelp.com/biz/the-core-kitchen-at-atomic-dog-cidery-gettysburg,,https://untappd.com/w/atomic-dog-cidery/547121,39.7911774,-77.2006855,0
525,2022,Brut,🥇 Gold,Muse Orchard/Widow's Watch Cider,BRUT Virginia Sparkling Apple,Virginia,United States,Virgina,707,Active,Muse Orchard,,,,,,,https://untappd.com/w/widow-s-watch-cider/532630,38.8202977,-78.6011459,0
526,2022,Brut,🥈 Silver,Wölffer Estate Vineyard,Wölffer No. 139 Brut Cuvee Cider,New York,United States,New York,698,Active,Wölffer Estate Vineyard,http://www.wolffer.com/,,,https://maps.google.com/?cid=10690409208604454007,https://www.yelp.com/biz/wolffer-estate-vineyard-sagaponack,https://www.tripadvisor.com/Attraction_Review-g48542-d593572,https://untappd.com/w/wolffer-estate-vineyard/79243,40.945028,-72.27747,0
527,2022,Brut,🥉 Bronze,Bryant's Cider,Brite Good,Virginia,United States,Virginia,170,Active,Bryant's Cider,https://bryantscider.com/,https://www.facebook.com/BryantsCiderFarm/,https://www.instagram.com/bryantscider/,https://maps.google.com/?cid=15598469607243113479,https://www.yelp.com/biz/bryants-cider-roseland,https://www.tripadvisor.com/Attraction_Review-g58143-d14196800,https://untappd.com/w/bryant-s-cider/374591,37.797413,-78.939801,0
528,2022,Brut,🥉 Bronze,Parsons North Brewing,2020 Hugus Farms Local Cider,Ohio,United States,Ohio,3460,Active,Parsons North Brewing Co.,https://www.parsonsnorth.com/,https://www.facebook.com/ParsonsNorthBeer,https://www.instagram.com/parsons_north/,https://maps.google.com/?cid=4884628808325036382,https://www.yelp.com/biz/parsons-north-brewing-columbus-5,https://www.tripadvisor.com/Attraction_Review-g50226-d20109253,https://untappd.com/Parsons_North_Brewing_Company,39.9498804,-82.9827221,0
529,2022,Sangria,🥇 Gold,Broski Ciderworks,Primavera,Florida,United States,Florida,167,Inactive,Broski Ciderworks,,,,,,,,26.222228,-80.142524,1
530,2022,Sangria,🥈 Silver,Coyote Hole Ciderworks,Sangria,Virginia,United States,Virginia,222,Active,Coyote Hole Craft Beverages,http://www.coyotehole.com/,https://www.facebook.com/CoyoteHole/,https://www.instagram.com/CoyoteHole/,https://maps.google.com/?cid=3893841626353972834,https://www.yelp.com/biz/coyote-hole-ciderworks-mineral,https://www.tripadvisor.com/Attraction_Review-g57973-d12510904,https://untappd.com/w/coyote-hole-ciderworks/327669,38.085727,-77.851857,0
531,2022,Sangria,🥉 Bronze,Sandia Hard Cider,Sangria,New Mexico,United States,New Mexico,541,Active,Sandia Hard Cider,,https://www.facebook.com/sandiahardcider/,https://www.instagram.com/sandiahardcider/,https://maps.google.com/?cid=10960141526376680070,https://www.yelp.com/biz/the-craftroom-albuquerque,,https://untappd.com/w/sandia-hard-cider/286813,35.113025,-106.629521,0
532,2022,Sangria,🥉 Bronze,Coyote Hole Ciderworks,Sunset Sangria,Virginia,United States,Virginia,222,Active,Coyote Hole Craft Beverages,http://www.coyotehole.com/,https://www.facebook.com/CoyoteHole/,https://www.instagram.com/CoyoteHole/,https://maps.google.com/?cid=3893841626353972834,https://www.yelp.com/biz/coyote-hole-ciderworks-mineral,https://www.tripadvisor.com/Attraction_Review-g57973-d12510904,https://untappd.com/w/coyote-hole-ciderworks/327669,38.085727,-77.851857,0
533,2023,Modern Cider – Sweet,🥇 Gold,Bold Rock Hard Cider,Apple,North Carolina,United States,North Carolina,152,Active,Bold Rock Hard Cider,https://boldrock.com/,https://www.facebook.com/BoldRockHardCider/,https://www.instagram.com/boldrockhardcider/,https://maps.google.com/?cid=10604087929796439877,https://www.yelp.com/biz/bold-rock-hard-cider-mills-river-mills-river,https://www.tripadvisor.com/Attraction_Review-g1552723-d8862147,https://untappd.com/v/bold-rock-mills-river-cidery/3954545,35.376397,-82.559219,0
534,2023,Modern Cider – Sweet,🥈 Silver,FX Matt Brewing Company,McKenzie's Original,New York,United States,New York,408,Active,FX Matt Brewing,https://www.mckbev.com/,https://www.facebook.com/McKenziesHardCider/,https://www.instagram.com/mckenzieshardcider/,https://maps.google.com/?cid=16812627050434550372,https://www.yelp.com/biz/f-x-matt-brewing-utica,https://www.tripadvisor.com/Attraction_Review-g48759-d534580,https://untappd.com/w/mckenzies-hard-cider/10931,43.1044459,-75.2455361,0
535,2023,Modern Cider – Sweet,🥈 Silver,Thornbury Craft Co.,Thornbury Premium Apple Cider,Ontario,Canada,Ontario,841,Active,Thornbury Craft Co.,https://thornburycraft.com/,https://www.facebook.com/thornburycraft,https://www.instagram.com/thornburycraft/,https://maps.google.com/?cid=17950053116977107226,https://www.yelp.com/biz/thornbury-village-cider-house-the-blue-mountains,https://www.tripadvisor.com/Attraction_Review-g676258-d12453165,https://untappd.com/w/thornbury-village-cidery-and-brewery/10936,44.5596898,-80.4459884,0
536,2023,Modern Cider – Sweet,🥉 Bronze,Blue Barn Cidery,The Westcider,New York,United States,New York,145,Active,Blue Barn Cidery,https://www.bluebarncidery.com/,,,https://maps.google.com/?cid=8104758114885529003,https://www.yelp.com/biz/blue-barn-cidery-hilton,,https://untappd.com/BlueBarnCidery,43.272706,-77.749524,0
537,2023,Modern Cider – Dry,🥇 Gold,Schilling Cider,London Dry,Washington,United States,Washington,550,Active,Schilling Cider,https://schillingcider.com/,https://www.facebook.com/SchillingCider/,https://www.instagram.com/schillingcider/,https://maps.google.com/?cid=12281308087911884522,,,https://untappd.com/w/schilling-cider/62413,47.347243,-122.233995,0
538,2023,Modern Cider – Dry,🥈 Silver,Vala's Orchard Cider Co.,Goldrush Dry,Nebraska,United States,Nebraska,1055,Active,Vala's Orchard Cider,https://www.valasappleorchard.com/,https://www.facebook.com/ValasPumpkinPatch/,https://www.instagram.com/valaspumpkinpatch/,https://maps.google.com/?cid=15056510891597103165,https://www.yelp.com/biz/valas-pumpkin-patch-gretna,https://www.tripadvisor.com/Attraction_Review-g45597-d1932171,https://untappd.com/w/vala-s-pumpkin-patch/478866,41.1285802,-96.1989432,0
539,2023,Modern Cider – Dry,🥉 Bronze,Pacific Grove CiderWorks,Roll with the Punches Hard Cider,California,United States,California,2193,Active,Pacific Grove CiderWorks,https://pgciderworks.com/,,,,,,https://untappd.com/w/pacific-grove-ciderworks/480168,36.6152808,-121.934671,0
540,2023,Modern Cider – Dry,🥉 Bronze,Glacial Till Winery,Dry,Nebraska,United States,Nebraska,294,Active,Glacial Till Vineyard & Winery,http://www.glacialtillvineyard.com/,https://www.facebook.com/glacialtillvineyard,https://www.instagram.com/glacialtillvineyard/,https://maps.google.com/?cid=185099829414435279,https://www.yelp.com/biz/glacial-till-tasting-room-ashland,https://www.tripadvisor.com/Attraction_Review-g29709-d5832186,https://untappd.com/w/glacial-till-vineyard-and-winery/223758,41.038896,-96.368951,0
541,2023,Heritage Cider,🥇 Gold,Bent Ladder,Russet,Ohio,United States,Ohio,124,Active,Bent Ladder,http://bentladder.com/,https://www.facebook.com/bentladder,https://www.instagram.com/bentladder/,https://maps.google.com/?cid=5886580381731979881,https://www.yelp.com/biz/rittman-orchard-rittman,https://www.tripadvisor.com/Attraction_Review-g50283-d1977165,https://untappd.com/w/bent-ladder/295757,40.9646071,-81.739989,0
542,2023,Heritage Cider,🥈 Silver,The Duxbury Cider Co.,Heritage 1650 Dry Cider,Ontario,Canada,Ontario,782,Active,Duxbury Cider Company,https://www.theduxburyciderco.ca/,https://www.facebook.com/DuxburyCider/,https://www.instagram.com/duxburycider/,https://maps.google.com/?cid=18178962492954171012,,,https://untappd.com/w/duxbury-cider-company/87748,44.6435777,-80.6511492,0
543,2023,Heritage Cider,🥈 Silver,Schilling Cider,Excelsior Imperial Apple,Washington,United States,Washington,550,Active,Schilling Cider,https://schillingcider.com/,https://www.facebook.com/SchillingCider/,https://www.instagram.com/schillingcider/,https://maps.google.com/?cid=12281308087911884522,,,https://untappd.com/w/schilling-cider/62413,47.347243,-122.233995,0
544,2023,Heritage Cider,🥉 Bronze,Penn Brewery,Penn Cider Apple,Pennsylvania,United States,Pennsylvania,3122,Active,Penn Brewery,https://www.pennbrew.com/,https://www.facebook.com/PennBrewery,https://www.instagram.com/PennBrewery,https://maps.google.com/?cid=2498749404751387893,https://www.yelp.com/biz/penn-brewery-pittsburgh,https://www.tripadvisor.com/Restaurant_Review-g53449-d400956,https://untappd.com/PennBrewery,40.4571715,-79.9915052,0
545,2023,Traditional Cider,🥇 Gold,High Limb Cider,Core,Massachusetts,United States,Massachusetts,330,Active,High Limb Hard Cider,https://www.highlimbcider.com/,https://www.facebook.com/highlimbcider/,https://www.instagram.com/highlimbcider/,https://maps.google.com/?cid=11042855047844464741,https://www.yelp.com/biz/high-limb-cider-plymouth,https://www.tripadvisor.com/Attraction_Review-g41773-d21723351,https://untappd.com/w/high-limb-hard-cider/108620,41.9434465,-70.7111477,0
546,2023,Traditional Cider,🥈 Silver,Mountain West Hard Cider,Green Urban Lunch Box,Utah,United States,Utah,432,Active,Mountain West Cider Company,http://mountainwestcider.com/,https://www.facebook.com/MountainWestHardCider/,https://www.instagram.com/mountainwestcider/,https://maps.google.com/?cid=16538924633378887108,https://www.yelp.com/biz/mountain-west-cider-salt-lake-city,,https://untappd.com/w/mountain-west-hard-cider/235312,40.778772,-111.903037,0
547,2023,Traditional Cider,🥉 Bronze,Andover Cider Co,Andover Cider,Massachusetts,United States,Massachusetts,3113,Active,Andover Cider Co.,https://andoverciderco.com/,,https://www.instagram.com/andoverciderco/,,,,https://untappd.com/w/andover-cider-co/556487,42.6583356,-71.1367953,0
548,2023,Perry,🥇 Gold,Dingo Dog Brewing Company,Ben & Jacks Perry,North Carolina,United States,North Carolina,2170,Active,Dingo Dog Brewing Company,https://www.dingodogbrewing.com/,https://www.facebook.com/dingodogbrewing,https://www.instagram.com/dingodogbrewing/,https://maps.google.com/?cid=855662940419552138,https://www.yelp.com/biz/dingo-dog-brewing-company-carrboro,,https://untappd.com/DingoDogBrewing,35.9140913,-79.0720655,0
549,2023,Perry,🥈 Silver,Doc Waters Cidery,Lady Kay Perry,Maryland,United States,Maryland,999,Active,Doc Waters Cidery,https://www.docwaterscidery.com/,https://www.facebook.com/docwaterscidery,https://www.instagram.com/docwaterscidery/,https://maps.google.com/?cid=5897969821393799631,https://www.yelp.com/biz/doc-waters-cidery-germantown-3,,https://untappd.com/w/doc-waters-cidery/408791,39.2244834,-77.2013931,0
550,2023,Perry,🥉 Bronze,Pacific Grove CiderWorks,Sparkling Perry,California,United States,California,2193,Active,Pacific Grove CiderWorks,https://pgciderworks.com/,,,,,,https://untappd.com/w/pacific-grove-ciderworks/480168,36.6152808,-121.934671,0
551,2023,Fruit,🥇 Gold,Vermont Cider Co.,Wyders Imperial Grapefruit,Vermont,United States,Vermont,664,Active,Vermont Cider Company,http://www.woodchuck.com/,https://www.facebook.com/WoodchuckCider,https://www.instagram.com/woodchuckcider/,https://maps.google.com/?cid=9402882086420367798,https://www.yelp.com/biz/woodchuck-hard-cidery-middlebury,https://www.tripadvisor.com/Attraction_Review-g57245-d7022345,https://untappd.com/w/woodchuck-cidery/611,44.034072,-73.172778,0
552,2023,Fruit,🥈 Silver,Vermont Cider Co.,Wyders Prickly Pineapple,Vermont,United States,Vermont,664,Active,Vermont Cider Company,http://www.woodchuck.com/,https://www.facebook.com/WoodchuckCider,https://www.instagram.com/woodchuckcider/,https://maps.google.com/?cid=9402882086420367798,https://www.yelp.com/biz/woodchuck-hard-cidery-middlebury,https://www.tripadvisor.com/Attraction_Review-g57245-d7022345,https://untappd.com/w/woodchuck-cidery/611,44.034072,-73.172778,0
553,2023,Fruit,🥉 Bronze,Schilling Cider,Excelsior Imperial Mango,Washington,United States,Washington,550,Active,Schilling Cider,https://schillingcider.com/,https://www.facebook.com/SchillingCider/,https://www.instagram.com/schillingcider/,https://maps.google.com/?cid=12281308087911884522,,,https://untappd.com/w/schilling-cider/62413,47.347243,-122.233995,0
554,2023,Fruit,🥉 Bronze,Vermont Cider Co.,Woodchuck Hard Cider Bellini,Vermont,United States,Vermont,664,Active,Vermont Cider Company,http://www.woodchuck.com/,https://www.facebook.com/WoodchuckCider,https://www.instagram.com/woodchuckcider/,https://maps.google.com/?cid=9402882086420367798,https://www.yelp.com/biz/woodchuck-hard-cidery-middlebury,https://www.tripadvisor.com/Attraction_Review-g57245-d7022345,https://untappd.com/w/woodchuck-cidery/611,44.034072,-73.172778,0
555,2023,Grape,🥇 Gold,Apple Barrel Orchards,Northern Concord,New York,United States,New York,2286,Active,Apple Barrel Orchards,https://applebarrelorchards.com/,https://www.facebook.com/applebarrelorchards,https://www.instagram.com/applebarrelorchards,https://maps.google.com/?cid=6734152269443403352,https://www.yelp.com/biz/apple-barrel-orchards-penn-yan,https://www.tripadvisor.com/Attraction_Review-g48378-d7187340,https://untappd.com/w/apple-barrel-orchards/549035,42.6601021,-77.0848636,0
556,2023,Grape,🥈 Silver,Wölffer Estate Vineyard,Red Cider,New York,United States,New York,698,Active,Wölffer Estate Vineyard,http://www.wolffer.com/,,,https://maps.google.com/?cid=10690409208604454007,https://www.yelp.com/biz/wolffer-estate-vineyard-sagaponack,https://www.tripadvisor.com/Attraction_Review-g48542-d593572,https://untappd.com/w/wolffer-estate-vineyard/79243,40.945028,-72.27747,0
557,2023,Grape,🥉 Bronze,Dingo Dog Brewing Company,Izzie Belle's Sauv Blanc Cider,North Carolina,United States,North Carolina,2170,Active,Dingo Dog Brewing Company,https://www.dingodogbrewing.com/,https://www.facebook.com/dingodogbrewing,https://www.instagram.com/dingodogbrewing/,https://maps.google.com/?cid=855662940419552138,https://www.yelp.com/biz/dingo-dog-brewing-company-carrboro,,https://untappd.com/DingoDogBrewing,35.9140913,-79.0720655,0
558,2023,Pear,🥇 Gold,Vermont Cider Co.,Wyders Pear,Vermont,United States,Vermont,664,Active,Vermont Cider Company,http://www.woodchuck.com/,https://www.facebook.com/WoodchuckCider,https://www.instagram.com/woodchuckcider/,https://maps.google.com/?cid=9402882086420367798,https://www.yelp.com/biz/woodchuck-hard-cidery-middlebury,https://www.tripadvisor.com/Attraction_Review-g57245-d7022345,https://untappd.com/w/woodchuck-cidery/611,44.034072,-73.172778,0
559,2023,Pear,🥈 Silver,Convergence CiderWorks,Moonglow Ginger Pear,Iowa,United States,Iowa,1829,Active,Convergence Cider Works,https://www.convergencecider.com/,https://www.facebook.com/convergencecider,https://www.instagram.com/convergence_ciderworks/,https://maps.google.com/?cid=3180343174506280077,https://www.yelp.com/biz/convergence-ciderworks-decorah-2,https://www.tripadvisor.com/Restaurant_Review-g37822-d23574179,https://untappd.com/ConvergenceCiderWorks,43.3021054,-91.7857231,0
560,2023,Pear,🥉 Bronze,Dingo Dog Brewing Company,Jack and Ben's Apple and Pear Cider,North Carolina,United States,North Carolina,2170,Active,Dingo Dog Brewing Company,https://www.dingodogbrewing.com/,https://www.facebook.com/dingodogbrewing,https://www.instagram.com/dingodogbrewing/,https://maps.google.com/?cid=855662940419552138,https://www.yelp.com/biz/dingo-dog-brewing-company-carrboro,,https://untappd.com/DingoDogBrewing,35.9140913,-79.0720655,0
561,2023,Tropical,🥇 Gold,Glacial Till Winery,Pink Guava,Nebraska,United States,Nebraska,294,Active,Glacial Till Vineyard & Winery,http://www.glacialtillvineyard.com/,https://www.facebook.com/glacialtillvineyard,https://www.instagram.com/glacialtillvineyard/,https://maps.google.com/?cid=185099829414435279,https://www.yelp.com/biz/glacial-till-tasting-room-ashland,https://www.tripadvisor.com/Attraction_Review-g29709-d5832186,https://untappd.com/w/glacial-till-vineyard-and-winery/223758,41.038896,-96.368951,0
562,2023,Tropical,🥈 Silver,Beach Bee Meadery,Passion Cherry,New Jersey,United States,New Jersey,947,Active,Beach Bee Meadery,https://www.beachbeemeadery.com/,https://www.facebook.com/beachbeemeadery/,https://www.instagram.com/drinkbeachbee/,https://maps.google.com/?cid=3925888969412189535,https://www.yelp.com/biz/beach-bee-meadery-long-branch,https://www.tripadvisor.com/Attraction_Review-g46582-d21226866,https://untappd.com/w/beach-bee-meadery/452564,40.3090937,-73.98298,0
563,2023,Tropical,🥉 Bronze,Country Boy Brewing,POG Cider,Kentucky,United States,Kentucky,220,Active,Country Boy Brewing,http://countryboybrewing.com/,https://www.facebook.com/CountryBoyBrewing,https://www.instagram.com/CountryBoybrewing/,https://maps.google.com/?cid=7007349802683802072,https://www.yelp.com/biz/country-boy-brewing-lexington,https://www.tripadvisor.com/Attraction_Review-g39588-d2661465,https://untappd.com/w/country-boy-brewing/23693,38.043952,-84.509269,0
564,2023,Blackberry,🥇 Gold,Black Apple Hard Cider,Blackberry,Arkansas,United States,Arkansas,133,Active,Black Apple Hard Cider,https://www.blackapplehardcider.com/,https://www.facebook.com/blackapplecrossing/,https://www.instagram.com/blackapplehardcider/,https://maps.google.com/?cid=5449257929643515916,https://www.yelp.com/biz/black-apple-crossing-springdale,https://www.tripadvisor.com/Attraction_Review-g31931-d8814858,https://untappd.com/w/black-apple-crossing/211057,36.18487,-94.127403,0
565,2023,Blackberry,🥈 Silver,Bold Rock Hard Cider,Blackberry,North Carolina,United States,North Carolina,152,Active,Bold Rock Hard Cider,https://boldrock.com/,https://www.facebook.com/BoldRockHardCider/,https://www.instagram.com/boldrockhardcider/,https://maps.google.com/?cid=10604087929796439877,https://www.yelp.com/biz/bold-rock-hard-cider-mills-river-mills-river,https://www.tripadvisor.com/Attraction_Review-g1552723-d8862147,https://untappd.com/v/bold-rock-mills-river-cidery/3954545,35.376397,-82.559219,0
566,2023,Blackberry,🥉 Bronze,Ciderboys Cider Co.,Blackberry Wild,Wisconsin,United States,Wisconsin,196,Active,Ciderboys,http://www.ciderboys.com/,https://www.facebook.com/Ciderboys,https://www.instagram.com/Ciderboys/,https://maps.google.com/?cid=1756122992587390562,https://www.yelp.com/biz/stevens-point-brewery-stevens-point,https://www.tripadvisor.com/Attraction_Review-g60304-d2265035,https://untappd.com/w/ciderboys-hard-cider/44552,44.510454,-89.573583,0
567,2023,Strawberry,🥇 Gold,Black Apple Hard Cider,Strawberry,Arkansas,United States,Arkansas,133,Active,Black Apple Hard Cider,https://www.blackapplehardcider.com/,https://www.facebook.com/blackapplecrossing/,https://www.instagram.com/blackapplehardcider/,https://maps.google.com/?cid=5449257929643515916,https://www.yelp.com/biz/black-apple-crossing-springdale,https://www.tripadvisor.com/Attraction_Review-g31931-d8814858,https://untappd.com/w/black-apple-crossing/211057,36.18487,-94.127403,0
568,2023,Strawberry,🥈 Silver,Ciderboys Cider Co.,Ciderboys Strawberry Magic,Wisconsin,United States,Wisconsin,196,Active,Ciderboys,http://www.ciderboys.com/,https://www.facebook.com/Ciderboys,https://www.instagram.com/Ciderboys/,https://maps.google.com/?cid=1756122992587390562,https://www.yelp.com/biz/stevens-point-brewery-stevens-point,https://www.tripadvisor.com/Attraction_Review-g60304-d2265035,https://untappd.com/w/ciderboys-hard-cider/44552,44.510454,-89.573583,0
569,2023,Strawberry,🥉 Bronze,Glacial Till Winery,Strawberry Rhubarb,Nebraska,United States,Nebraska,294,Active,Glacial Till Vineyard & Winery,http://www.glacialtillvineyard.com/,https://www.facebook.com/glacialtillvineyard,https://www.instagram.com/glacialtillvineyard/,https://maps.google.com/?cid=185099829414435279,https://www.yelp.com/biz/glacial-till-tasting-room-ashland,https://www.tripadvisor.com/Attraction_Review-g29709-d5832186,https://untappd.com/w/glacial-till-vineyard-and-winery/223758,41.038896,-96.368951,0
570,2023,Pineapple,🥇 Gold,Ciderboys Cider Co.,Ciderboys Pineapple Hula,Wisconsin,United States,Wisconsin,196,Active,Ciderboys,http://www.ciderboys.com/,https://www.facebook.com/Ciderboys,https://www.instagram.com/Ciderboys/,https://maps.google.com/?cid=1756122992587390562,https://www.yelp.com/biz/stevens-point-brewery-stevens-point,https://www.tripadvisor.com/Attraction_Review-g60304-d2265035,https://untappd.com/w/ciderboys-hard-cider/44552,44.510454,-89.573583,0
571,2023,Pineapple,🥈 Silver,Bold Rock Hard Cider,Pineapple,North Carolina,United States,North Carolina,152,Active,Bold Rock Hard Cider,https://boldrock.com/,https://www.facebook.com/BoldRockHardCider/,https://www.instagram.com/boldrockhardcider/,https://maps.google.com/?cid=10604087929796439877,https://www.yelp.com/biz/bold-rock-hard-cider-mills-river-mills-river,https://www.tripadvisor.com/Attraction_Review-g1552723-d8862147,https://untappd.com/v/bold-rock-mills-river-cidery/3954545,35.376397,-82.559219,0
572,2023,Pineapple,🥉 Bronze,Schilling Cider,Excelsior Imperial Pineapple,Washington,United States,Washington,550,Active,Schilling Cider,https://schillingcider.com/,https://www.facebook.com/SchillingCider/,https://www.instagram.com/schillingcider/,https://maps.google.com/?cid=12281308087911884522,,,https://untappd.com/w/schilling-cider/62413,47.347243,-122.233995,0
573,2023,Cherry,🥇 Gold,Incline Cider,Incline Imperial Tart Cherry,Washington,United States,Washington,345,Active,Incline Cider Company,http://www.inclinecider.com/,https://www.facebook.com/inclinecider/,https://www.instagram.com/inclinecider/,https://maps.google.com/?cid=504944612388443997,https://www.yelp.com/biz/incline-cider-house-tacoma,https://www.tripadvisor.com/Attraction_Review-g58775-d22266571,https://untappd.com/w/incline-cider-company/249584,47.307323,-122.228453,0
574,2023,Cherry,🥈 Silver,Vala's Orchard Cider Co.,Cherry Fizz,Nebraska,United States,Nebraska,1055,Active,Vala's Orchard Cider,https://www.valasappleorchard.com/,https://www.facebook.com/ValasPumpkinPatch/,https://www.instagram.com/valaspumpkinpatch/,https://maps.google.com/?cid=15056510891597103165,https://www.yelp.com/biz/valas-pumpkin-patch-gretna,https://www.tripadvisor.com/Attraction_Review-g45597-d1932171,https://untappd.com/w/vala-s-pumpkin-patch/478866,41.1285802,-96.1989432,0
575,2023,Cherry,🥉 Bronze,Five Maidens Cider,Valance,Pennsylvania,United States,Pennsylvania,712,Active,Five Maidens Cider Company,https://5mcider.com/,https://www.facebook.com/5MCider/,https://www.instagram.com/5mcider/,https://maps.google.com/?cid=17669165397330541520,https://www.yelp.com/biz/five-maidens-cider-bethlehem,,https://untappd.com/FiveMaidensCiderCo,40.6109554,-75.373349,0
576,2023,Peach,🥇 Gold,Incline Cider,White Peach,Washington,United States,Washington,345,Active,Incline Cider Company,http://www.inclinecider.com/,https://www.facebook.com/inclinecider/,https://www.instagram.com/inclinecider/,https://maps.google.com/?cid=504944612388443997,https://www.yelp.com/biz/incline-cider-house-tacoma,https://www.tripadvisor.com/Attraction_Review-g58775-d22266571,https://untappd.com/w/incline-cider-company/249584,47.307323,-122.228453,0
577,2023,Peach,🥇 Gold,Windmill Ridge Acres,Apple-Peach,Ontario,Canada,Ontario,3123,Active,Windmill Ridge Acres,https://www.windmillridge.ca/,https://www.facebook.com/windmillridgeacres/,https://www.instagram.com/windmillridgeacres/,https://maps.google.com/?cid=15963586865573618177,,,https://untappd.com/w/windmill-ridge-craft-brew/539150,42.0073007,-82.8803437,0
578,2023,Peach,🥈 Silver,Apple Valley Cider Co.,Peach,Colorado,United States,Colorado,93,Active,Apple Valley Cider Company,http://www.applevalleycider.com/,https://www.facebook.com/applevalleycider/,https://www.instagram.com/applevalleyciderco/,https://maps.google.com/?cid=8798456079688966999,,,https://untappd.com/w/apple-valley-cider-company/382129,38.425243,-105.026257,0
579,2023,Peach,🥉 Bronze,Ponderosa Cider Co.,Peach Ginger,California,United States,California,2181,Active,Ponderosa Cider Co.,https://www.ponderosacider.com/,https://www.facebook.com/Ponderosacider/,https://www.instagram.com/ponderosacider/,https://maps.google.com/?cid=8393289263225208220,https://www.yelp.com/biz/ponderosa-cider-auburn,,https://untappd.com/PonderosaCiderCo,38.8916572,-121.0684595,0
580,2023,Cranberry,🥇 Gold,Cherry Street Brewing,Cranberry Star,Georgia,United States,Georgia,3116,Active,Cherry Street Brewing,https://cherrystreetbrewing.com/,https://www.facebook.com/cherrystreetbrewing/,https://www.instagram.com/cherrystreetbrewing/,https://maps.google.com/?cid=16068754441412803212,https://www.yelp.com/biz/cherry-street-brewing-cooperative-cumming,https://www.tripadvisor.com/Attraction_Review-g34877-d10428081,https://untappd.com/CherryStreetBrewing,34.1822849,-84.218978,0
581,2023,Cranberry,🥈 Silver,One Tree Hard Cider,One Tree Hard Cider Cranberry,Washington,United States,Washington,462,Active,One Tree Hard Cider,http://www.onetreehardcider.com/,https://www.facebook.com/OneTreeHardCider,https://www.instagram.com/onetreecider,https://maps.google.com/?cid=3782079883535213089,https://www.yelp.com/biz/one-tree-hard-cider-spokane-valley,https://www.tripadvisor.com/Restaurant_Review-g58759-d12802835,https://untappd.com/w/one-tree-hard-cider/141397,47.6560711,-117.4278764,0
582,2023,Cranberry,🥉 Bronze,Ciderboys Cider Co.,Ciderboys Cranberry Razz,Wisconsin,United States,Wisconsin,196,Active,Ciderboys,http://www.ciderboys.com/,https://www.facebook.com/Ciderboys,https://www.instagram.com/Ciderboys/,https://maps.google.com/?cid=1756122992587390562,https://www.yelp.com/biz/stevens-point-brewery-stevens-point,https://www.tripadvisor.com/Attraction_Review-g60304-d2265035,https://untappd.com/w/ciderboys-hard-cider/44552,44.510454,-89.573583,0
583,2023,Cranberry,🥉 Bronze,Thornbury Craft Co.,Thornbury Cranberry Apple Cider,Ontario,Canada,Ontario,841,Active,Thornbury Craft Co.,https://thornburycraft.com/,https://www.facebook.com/thornburycraft,https://www.instagram.com/thornburycraft/,https://maps.google.com/?cid=17950053116977107226,https://www.yelp.com/biz/thornbury-village-cider-house-the-blue-mountains,https://www.tripadvisor.com/Attraction_Review-g676258-d12453165,https://untappd.com/w/thornbury-village-cidery-and-brewery/10936,44.5596898,-80.4459884,0
584,2023,Fruit and Berry,🥇 Gold,Thornbury Craft Co.,Thornbury Wild Blueberry Elderflower Apple Cider,Ontario,Canada,Ontario,841,Active,Thornbury Craft Co.,https://thornburycraft.com/,https://www.facebook.com/thornburycraft,https://www.instagram.com/thornburycraft/,https://maps.google.com/?cid=17950053116977107226,https://www.yelp.com/biz/thornbury-village-cider-house-the-blue-mountains,https://www.tripadvisor.com/Attraction_Review-g676258-d12453165,https://untappd.com/w/thornbury-village-cidery-and-brewery/10936,44.5596898,-80.4459884,0
585,2023,Fruit and Berry,🥈 Silver,Vermont Cider Co.,Wyders Raspberry,Vermont,United States,Vermont,664,Active,Vermont Cider Company,http://www.woodchuck.com/,https://www.facebook.com/WoodchuckCider,https://www.instagram.com/woodchuckcider/,https://maps.google.com/?cid=9402882086420367798,https://www.yelp.com/biz/woodchuck-hard-cidery-middlebury,https://www.tripadvisor.com/Attraction_Review-g57245-d7022345,https://untappd.com/w/woodchuck-cidery/611,44.034072,-73.172778,0
586,2023,Fruit and Berry,🥈 Silver,FX Matt Brewing Company,McKenzie's Blueberry Blast,New York,United States,New York,408,Active,FX Matt Brewing,https://www.mckbev.com/,https://www.facebook.com/McKenziesHardCider/,https://www.instagram.com/mckenzieshardcider/,https://maps.google.com/?cid=16812627050434550372,https://www.yelp.com/biz/f-x-matt-brewing-utica,https://www.tripadvisor.com/Attraction_Review-g48759-d534580,https://untappd.com/w/mckenzies-hard-cider/10931,43.1044459,-75.2455361,0
587,2023,Fruit and Berry,🥉 Bronze,One Tree Hard Cider,One Tree Hard Cider Huckleberry,Washington,United States,Washington,462,Active,One Tree Hard Cider,http://www.onetreehardcider.com/,https://www.facebook.com/OneTreeHardCider,https://www.instagram.com/onetreecider,https://maps.google.com/?cid=3782079883535213089,https://www.yelp.com/biz/one-tree-hard-cider-spokane-valley,https://www.tripadvisor.com/Restaurant_Review-g58759-d12802835,https://untappd.com/w/one-tree-hard-cider/141397,47.6560711,-117.4278764,0
588,2023,Applewine / Ice Cider,🥇 Gold,Glacial Till Winery,Ice Cider,Nebraska,United States,Nebraska,294,Active,Glacial Till Vineyard & Winery,http://www.glacialtillvineyard.com/,https://www.facebook.com/glacialtillvineyard,https://www.instagram.com/glacialtillvineyard/,https://maps.google.com/?cid=185099829414435279,https://www.yelp.com/biz/glacial-till-tasting-room-ashland,https://www.tripadvisor.com/Attraction_Review-g29709-d5832186,https://untappd.com/w/glacial-till-vineyard-and-winery/223758,41.038896,-96.368951,0
589,2023,Applewine / Ice Cider,🥈 Silver,Blake Farms Hard Apple Cider,Amshire,Michigan,United States,Michigan,10,Active,Blake's Hard Cider Co.,http://www.blakeshardcider.com/,https://www.facebook.com/blakeshardciderco,https://www.instagram.com/blakeshardciderco/,https://maps.google.com/?cid=15855146673119620480,https://www.yelp.com/biz/blakes-ciderhouse-and-winery-armada,https://www.tripadvisor.com/Attraction_Review-g29560-d6678501,https://untappd.com/w/blakes-hard-cider-company/86334,42.8503113,-82.9513855,0
590,2023,Applewine / Ice Cider,🥉 Bronze,Bold Rock Hard Cider,Imperial Cider,North Carolina,United States,North Carolina,152,Active,Bold Rock Hard Cider,https://boldrock.com/,https://www.facebook.com/BoldRockHardCider/,https://www.instagram.com/boldrockhardcider/,https://maps.google.com/?cid=10604087929796439877,https://www.yelp.com/biz/bold-rock-hard-cider-mills-river-mills-river,https://www.tripadvisor.com/Attraction_Review-g1552723-d8862147,https://untappd.com/v/bold-rock-mills-river-cidery/3954545,35.376397,-82.559219,0
591,2023,Herbal,🥇 Gold,Missing Falls Brewery,How Bout Dem Apples: Akron Palmer,Ohio,United States,Ohio,3121,Active,Missing Falls Brewery,https://www.missingfalls.com/,https://www.facebook.com/MissingFallsBrewery/,https://www.instagram.com/missingfallsbrewery/,https://maps.google.com/?cid=16469758948621365687,https://www.yelp.com/biz/missing-falls-brewery-akron,https://www.tripadvisor.com/Restaurant_Review-g29912-d23413493,https://untappd.com/MissingFalls,41.0705056,-81.5267931,0
592,2023,Herbal,🥈 Silver,Papa Moon Ciders,Honey Lavender,Nebraska,United States,Nebraska,1074,Active,Papa Moon Vineyards & Winery,https://www.papamoonvineyards.com/,https://www.facebook.com/Papamoonwines,https://www.instagram.com/papamoonciders/,https://maps.google.com/?cid=16564507604611639866,https://www.yelp.com/biz/papa-moon-vineyards-and-winery-scottsbluff,,https://untappd.com/w/papa-moon-vineyards-winery-and-cider-house/472128,41.8877158,-103.6176699,0
593,2023,Herbal,🥉 Bronze,Sapsucker Farms Yellow Belly Cidery,Yellow Belly Wildflower Cider,Minnesota,United States,Minnesota,545,Active,Sapsucker Farms Yellow Belly Cidery,https://www.sapsuckerfarms.com/,https://www.facebook.com/YellowBellyCider/,https://www.instagram.com/sapsuckerfarms/,https://maps.google.com/?cid=10529182272851607589,https://www.yelp.com/biz/sapsucker-farms-yellow-belly-cidery-mora,https://www.tripadvisor.com/Attraction_Review-g43337-d15594799,https://untappd.com/w/sapsucker-farms/187535,45.8970174,-93.152247,0
594,2023,Hopped,🥇 Gold,Five Maidens Cider,Charlie!!! Goes to Idaho,Pennsylvania,United States,Pennsylvania,712,Active,Five Maidens Cider Company,https://5mcider.com/,https://www.facebook.com/5MCider/,https://www.instagram.com/5mcider/,https://maps.google.com/?cid=17669165397330541520,https://www.yelp.com/biz/five-maidens-cider-bethlehem,,https://untappd.com/FiveMaidensCiderCo,40.6109554,-75.373349,0
595,2023,Hopped,🥈 Silver,Tumbling Creek Cider Company,Hellbender Hopped,Virginia,United States,Virginia,650,Active,Tumbling Creek Cider Company,https://tumblingcreekcider.com/,https://www.facebook.com/TumblingCreekCider,https://www.instagram.com/tumblingcreekcider/,https://maps.google.com/?cid=8196003782694988545,,,https://untappd.com/w/tumbling-creek-cider-company/447864,36.810628,-81.828587,0
596,2023,Hopped,🥉 Bronze,Five Maidens Cider,Charlie!!!,Pennsylvania,United States,Pennsylvania,712,Active,Five Maidens Cider Company,https://5mcider.com/,https://www.facebook.com/5MCider/,https://www.instagram.com/5mcider/,https://maps.google.com/?cid=17669165397330541520,https://www.yelp.com/biz/five-maidens-cider-bethlehem,,https://untappd.com/FiveMaidensCiderCo,40.6109554,-75.373349,0
597,2023,Hopped,🥉 Bronze,The Duxbury Cider Co.,Tilted Barn Hopped,Ontario,Canada,Ontario,782,Active,Duxbury Cider Company,https://www.theduxburyciderco.ca/,https://www.facebook.com/DuxburyCider/,https://www.instagram.com/duxburycider/,https://maps.google.com/?cid=18178962492954171012,,,https://untappd.com/w/duxbury-cider-company/87748,44.6435777,-80.6511492,0
598,2023,Apple Pie Spiced,🥇 Gold,Cider Corps,American Apple Pie,Arizona,United States,Arizona,915,Active,Cider Corps,https://cidercorpsaz.com/,https://www.facebook.com/cidercorps/,https://www.instagram.com/cidercorps/,https://maps.google.com/?cid=9593182908980696987,https://www.yelp.com/biz/cider-corps-mesa-5,https://www.tripadvisor.com/Attraction_Review-g31281-d13003044,https://untappd.com/CiderCorps,33.4141147,-111.8364706,0
599,2023,Apple Pie Spiced,🥈 Silver,Schilling Cider,Excelsior Imperial Apple Pie,Washington,United States,Washington,550,Active,Schilling Cider,https://schillingcider.com/,https://www.facebook.com/SchillingCider/,https://www.instagram.com/schillingcider/,https://maps.google.com/?cid=12281308087911884522,,,https://untappd.com/w/schilling-cider/62413,47.347243,-122.233995,0
600,2023,Apple Pie Spiced,🥉 Bronze,Blake Farms Hard Apple Cider,Apple Pie,Michigan,United States,Michigan,10,Active,Blake's Hard Cider Co.,http://www.blakeshardcider.com/,https://www.facebook.com/blakeshardciderco,https://www.instagram.com/blakeshardciderco/,https://maps.google.com/?cid=15855146673119620480,https://www.yelp.com/biz/blakes-ciderhouse-and-winery-armada,https://www.tripadvisor.com/Attraction_Review-g29560-d6678501,https://untappd.com/w/blakes-hard-cider-company/86334,42.8503113,-82.9513855,0
601,2023,Spiced,🥇 Gold,FX Matt Brewing Company,McKenzie's Pumpkin Jack,New York,United States,New York,408,Active,FX Matt Brewing,https://www.mckbev.com/,https://www.facebook.com/McKenziesHardCider/,https://www.instagram.com/mckenzieshardcider/,https://maps.google.com/?cid=16812627050434550372,https://www.yelp.com/biz/f-x-matt-brewing-utica,https://www.tripadvisor.com/Attraction_Review-g48759-d534580,https://untappd.com/w/mckenzies-hard-cider/10931,43.1044459,-75.2455361,0
602,2023,Spiced,🥈 Silver,Ciderboys Cider Co.,Caramel Apple,Wisconsin,United States,Wisconsin,196,Active,Ciderboys,http://www.ciderboys.com/,https://www.facebook.com/Ciderboys,https://www.instagram.com/Ciderboys/,https://maps.google.com/?cid=1756122992587390562,https://www.yelp.com/biz/stevens-point-brewery-stevens-point,https://www.tripadvisor.com/Attraction_Review-g60304-d2265035,https://untappd.com/w/ciderboys-hard-cider/44552,44.510454,-89.573583,0
603,2023,Spiced,🥉 Bronze,Glacial Till Winery,Apple Cider Donut,Nebraska,United States,Nebraska,294,Active,Glacial Till Vineyard & Winery,http://www.glacialtillvineyard.com/,https://www.facebook.com/glacialtillvineyard,https://www.instagram.com/glacialtillvineyard/,https://maps.google.com/?cid=185099829414435279,https://www.yelp.com/biz/glacial-till-tasting-room-ashland,https://www.tripadvisor.com/Attraction_Review-g29709-d5832186,https://untappd.com/w/glacial-till-vineyard-and-winery/223758,41.038896,-96.368951,0
604,2023,Wood-Aged,🥇 Gold,Bent Ladder,Black Gold,Ohio,United States,Ohio,124,Active,Bent Ladder,http://bentladder.com/,https://www.facebook.com/bentladder,https://www.instagram.com/bentladder/,https://maps.google.com/?cid=5886580381731979881,https://www.yelp.com/biz/rittman-orchard-rittman,https://www.tripadvisor.com/Attraction_Review-g50283-d1977165,https://untappd.com/w/bent-ladder/295757,40.9646071,-81.739989,0
605,2023,Wood-Aged,🥈 Silver,Missing Falls Brewery,Apple Brandy Barrel Aged How Bout Dem Apples,Ohio,United States,Ohio,3121,Active,Missing Falls Brewery,https://www.missingfalls.com/,https://www.facebook.com/MissingFallsBrewery/,https://www.instagram.com/missingfallsbrewery/,https://maps.google.com/?cid=16469758948621365687,https://www.yelp.com/biz/missing-falls-brewery-akron,https://www.tripadvisor.com/Restaurant_Review-g29912-d23413493,https://untappd.com/MissingFalls,41.0705056,-81.5267931,0
606,2023,Wood-Aged,🥉 Bronze,Five Maidens Cider,The Bung is Too Big,Pennsylvania,United States,Pennsylvania,712,Active,Five Maidens Cider Company,https://5mcider.com/,https://www.facebook.com/5MCider/,https://www.instagram.com/5mcider/,https://maps.google.com/?cid=17669165397330541520,https://www.yelp.com/biz/five-maidens-cider-bethlehem,,https://untappd.com/FiveMaidensCiderCo,40.6109554,-75.373349,0
607,2023,Specialty,🥇 Gold,Sapsucker Farms Yellow Belly Cidery,Yellow Belly Maple Bourbon Cider,Minnesota,United States,Minnesota,545,Active,Sapsucker Farms Yellow Belly Cidery,https://www.sapsuckerfarms.com/,https://www.facebook.com/YellowBellyCider/,https://www.instagram.com/sapsuckerfarms/,https://maps.google.com/?cid=10529182272851607589,https://www.yelp.com/biz/sapsucker-farms-yellow-belly-cidery-mora,https://www.tripadvisor.com/Attraction_Review-g43337-d15594799,https://untappd.com/w/sapsucker-farms/187535,45.8970174,-93.152247,0
608,2023,Specialty,🥈 Silver,Glacial Till Winery,Caramel Apple,Nebraska,United States,Nebraska,294,Active,Glacial Till Vineyard & Winery,http://www.glacialtillvineyard.com/,https://www.facebook.com/glacialtillvineyard,https://www.instagram.com/glacialtillvineyard/,https://maps.google.com/?cid=185099829414435279,https://www.yelp.com/biz/glacial-till-tasting-room-ashland,https://www.tripadvisor.com/Attraction_Review-g29709-d5832186,https://untappd.com/w/glacial-till-vineyard-and-winery/223758,41.038896,-96.368951,0
609,2023,Specialty,🥉 Bronze,Blake Farms Hard Apple Cider,Caramel Apple,Michigan,United States,Michigan,10,Active,Blake's Hard Cider Co.,http://www.blakeshardcider.com/,https://www.facebook.com/blakeshardciderco,https://www.instagram.com/blakeshardciderco/,https://maps.google.com/?cid=15855146673119620480,https://www.yelp.com/biz/blakes-ciderhouse-and-winery-armada,https://www.tripadvisor.com/Attraction_Review-g29560-d6678501,https://untappd.com/w/blakes-hard-cider-company/86334,42.8503113,-82.9513855,0
610,2023,Anything Goes,🥇 Gold,Country Boy Brewing,Cherry Pie Cider,Kentucky,United States,Kentucky,220,Active,Country Boy Brewing,http://countryboybrewing.com/,https://www.facebook.com/CountryBoyBrewing,https://www.instagram.com/CountryBoybrewing/,https://maps.google.com/?cid=7007349802683802072,https://www.yelp.com/biz/country-boy-brewing-lexington,https://www.tripadvisor.com/Attraction_Review-g39588-d2661465,https://untappd.com/w/country-boy-brewing/23693,38.043952,-84.509269,0
611,2023,Anything Goes,🥈 Silver,Country Boy Brewing,Orange Cream Cider,Kentucky,United States,Kentucky,220,Active,Country Boy Brewing,http://countryboybrewing.com/,https://www.facebook.com/CountryBoyBrewing,https://www.instagram.com/CountryBoybrewing/,https://maps.google.com/?cid=7007349802683802072,https://www.yelp.com/biz/country-boy-brewing-lexington,https://www.tripadvisor.com/Attraction_Review-g39588-d2661465,https://untappd.com/w/country-boy-brewing/23693,38.043952,-84.509269,0
612,2023,Anything Goes,🥉 Bronze,Incline Cider,Incline Jalapeno Cucumber,Washington,United States,Washington,345,Active,Incline Cider Company,http://www.inclinecider.com/,https://www.facebook.com/inclinecider/,https://www.instagram.com/inclinecider/,https://maps.google.com/?cid=504944612388443997,https://www.yelp.com/biz/incline-cider-house-tacoma,https://www.tripadvisor.com/Attraction_Review-g58775-d22266571,https://untappd.com/w/incline-cider-company/249584,47.307323,-122.228453,0
613,2023,Anything Goes,🥉 Bronze,The Duxbury Cider Co.,Dukes Limelight,Ontario,Canada,Ontario,782,Active,Duxbury Cider Company,https://www.theduxburyciderco.ca/,https://www.facebook.com/DuxburyCider/,https://www.instagram.com/duxburycider/,https://maps.google.com/?cid=18178962492954171012,,,https://untappd.com/w/duxbury-cider-company/87748,44.6435777,-80.6511492,0
614,2023,Single Varietal,🥇 Gold,Vermont Cider Co.,Granny Smith,Vermont,United States,Vermont,664,Active,Vermont Cider Company,http://www.woodchuck.com/,https://www.facebook.com/WoodchuckCider,https://www.instagram.com/woodchuckcider/,https://maps.google.com/?cid=9402882086420367798,https://www.yelp.com/biz/woodchuck-hard-cidery-middlebury,https://www.tripadvisor.com/Attraction_Review-g57245-d7022345,https://untappd.com/w/woodchuck-cidery/611,44.034072,-73.172778,0
615,2023,Single Varietal,🥇 Gold,Thornbury Craft Co.,Thornbury Honeycrisp Apple Cider,Ontario,Canada,Ontario,841,Active,Thornbury Craft Co.,https://thornburycraft.com/,https://www.facebook.com/thornburycraft,https://www.instagram.com/thornburycraft/,https://maps.google.com/?cid=17950053116977107226,https://www.yelp.com/biz/thornbury-village-cider-house-the-blue-mountains,https://www.tripadvisor.com/Attraction_Review-g676258-d12453165,https://untappd.com/w/thornbury-village-cidery-and-brewery/10936,44.5596898,-80.4459884,0
616,2023,Single Varietal,🥈 Silver,Vala's Orchard Cider Co.,Harvest Honeycrisp,Nebraska,United States,Nebraska,1055,Active,Vala's Orchard Cider,https://www.valasappleorchard.com/,https://www.facebook.com/ValasPumpkinPatch/,https://www.instagram.com/valaspumpkinpatch/,https://maps.google.com/?cid=15056510891597103165,https://www.yelp.com/biz/valas-pumpkin-patch-gretna,https://www.tripadvisor.com/Attraction_Review-g45597-d1932171,https://untappd.com/w/vala-s-pumpkin-patch/478866,41.1285802,-96.1989432,0
617,2023,Single Varietal,🥉 Bronze,Mountain West Hard Cider,Johnny Gold,Utah,United States,Utah,432,Active,Mountain West Cider Company,http://mountainwestcider.com/,https://www.facebook.com/MountainWestHardCider/,https://www.instagram.com/mountainwestcider/,https://maps.google.com/?cid=16538924633378887108,https://www.yelp.com/biz/mountain-west-cider-salt-lake-city,,https://untappd.com/w/mountain-west-hard-cider/235312,40.778772,-111.903037,0
618,2023,Rosé,🥇 Gold,Wölffer Estate Vineyard,Wölffer No. 139 Dry Rosé Cider,New York,United States,New York,698,Active,Wölffer Estate Vineyard,http://www.wolffer.com/,,,https://maps.google.com/?cid=10690409208604454007,https://www.yelp.com/biz/wolffer-estate-vineyard-sagaponack,https://www.tripadvisor.com/Attraction_Review-g48542-d593572,https://untappd.com/w/wolffer-estate-vineyard/79243,40.945028,-72.27747,0
619,2023,Rosé,🥈 Silver,Thornbury Craft Co.,Thornbury Rosé Cider,Ontario,Canada,Ontario,841,Active,Thornbury Craft Co.,https://thornburycraft.com/,https://www.facebook.com/thornburycraft,https://www.instagram.com/thornburycraft/,https://maps.google.com/?cid=17950053116977107226,https://www.yelp.com/biz/thornbury-village-cider-house-the-blue-mountains,https://www.tripadvisor.com/Attraction_Review-g676258-d12453165,https://untappd.com/w/thornbury-village-cidery-and-brewery/10936,44.5596898,-80.4459884,0
620,2023,Rosé,🥉 Bronze,Black Apple Hard Cider,Hibiscus,Arkansas,United States,Arkansas,133,Active,Black Apple Hard Cider,https://www.blackapplehardcider.com/,https://www.facebook.com/blackapplecrossing/,https://www.instagram.com/blackapplehardcider/,https://maps.google.com/?cid=5449257929643515916,https://www.yelp.com/biz/black-apple-crossing-springdale,https://www.tripadvisor.com/Attraction_Review-g31931-d8814858,https://untappd.com/w/black-apple-crossing/211057,36.18487,-94.127403,0
621,2023,Brut,🥇 Gold,Wölffer Estate Vineyard,Wölffer No. 139 Brut Cuvée Cider,New York,United States,New York,698,Active,Wölffer Estate Vineyard,http://www.wolffer.com/,,,https://maps.google.com/?cid=10690409208604454007,https://www.yelp.com/biz/wolffer-estate-vineyard-sagaponack,https://www.tripadvisor.com/Attraction_Review-g48542-d593572,https://untappd.com/w/wolffer-estate-vineyard/79243,40.945028,-72.27747,0
622,2023,Brut,🥈 Silver,Black Apple Hard Cider,Dry Me!,Arkansas,United States,Arkansas,133,Active,Black Apple Hard Cider,https://www.blackapplehardcider.com/,https://www.facebook.com/blackapplecrossing/,https://www.instagram.com/blackapplehardcider/,https://maps.google.com/?cid=5449257929643515916,https://www.yelp.com/biz/black-apple-crossing-springdale,https://www.tripadvisor.com/Attraction_Review-g31931-d8814858,https://untappd.com/w/black-apple-crossing/211057,36.18487,-94.127403,0
623,2023,Sangria,🥇 Gold,Cider Corps,Sangin Sangria,Arizona,United States,Arizona,915,Active,Cider Corps,https://cidercorpsaz.com/,https://www.facebook.com/cidercorps/,https://www.instagram.com/cidercorps/,https://maps.google.com/?cid=9593182908980696987,https://www.yelp.com/biz/cider-corps-mesa-5,https://www.tripadvisor.com/Attraction_Review-g31281-d13003044,https://untappd.com/CiderCorps,33.4141147,-111.8364706,0
624,2023,Sangria,🥇 Gold,Coyote Hole Craft Beverages,Good Old Sangria,Virginia,United States,Virginia,222,Active,Coyote Hole Craft Beverages,http://www.coyotehole.com/,https://www.facebook.com/CoyoteHole/,https://www.instagram.com/CoyoteHole/,https://maps.google.com/?cid=3893841626353972834,https://www.yelp.com/biz/coyote-hole-ciderworks-mineral,https://www.tripadvisor.com/Attraction_Review-g57973-d12510904,https://untappd.com/w/coyote-hole-ciderworks/327669,38.085727,-77.851857,0
625,2023,Sangria,🥈 Silver,Coyote Hole Craft Beverages,Sister Sangria,Virginia,United States,Virginia,222,Active,Coyote Hole Craft Beverages,http://www.coyotehole.com/,https://www.facebook.com/CoyoteHole/,https://www.instagram.com/CoyoteHole/,https://maps.google.com/?cid=3893841626353972834,https://www.yelp.com/biz/coyote-hole-ciderworks-mineral,https://www.tripadvisor.com/Attraction_Review-g57973-d12510904,https://untappd.com/w/coyote-hole-ciderworks/327669,38.085727,-77.851857,0
626,2024,Modern Cider – Sweet,🥇 Gold,Apple Valley Cider Company,Semi-Sweet,Colorado,United States,CO,93,Active,Apple Valley Cider Company,http://www.applevalleycider.com/,https://www.facebook.com/applevalleycider/,https://www.instagram.com/applevalleyciderco/,https://maps.google.com/?cid=8798456079688966999,,,https://untappd.com/w/apple-valley-cider-company/382129,38.425243,-105.026257,0
627,2024,Modern Cider – Sweet,🥈 Silver,Arsenal Cider House,Grime’s,Pennsylvania,United States,PA,97,Active,Arsenal Cider House,https://www.arsenalciderhouse.com/lawrenceville/,https://www.facebook.com/ArsenalCider,https://www.instagram.com/arsenalcider/,https://maps.google.com/?cid=3302243150360255083,https://www.yelp.com/biz/arsenal-cider-house-and-wine-cellar-pittsburgh,https://www.tripadvisor.com/Attraction_Review-g53449-d4558019,https://untappd.com/w/arsenal-cider-house/12282,40.465108,-79.96092,0
628,2024,Modern Cider – Sweet,🥉 Bronze,FX Matt Brewing,McKenzie’s Original,New York,United States,NY,408,Active,FX Matt Brewing,https://www.mckbev.com/,https://www.facebook.com/McKenziesHardCider/,https://www.instagram.com/mckenzieshardcider/,https://maps.google.com/?cid=16812627050434550372,https://www.yelp.com/biz/f-x-matt-brewing-utica,https://www.tripadvisor.com/Attraction_Review-g48759-d534580,https://untappd.com/w/mckenzies-hard-cider/10931,43.1044459,-75.2455361,0
629,2024,Modern Cider – Dry,🥇 Gold,Thornbury Craft Co.,Road Apples Cider,Ontario,Canada,Canada,841,Active,Thornbury Craft Co.,https://thornburycraft.com/,https://www.facebook.com/thornburycraft,https://www.instagram.com/thornburycraft/,https://maps.google.com/?cid=17950053116977107226,https://www.yelp.com/biz/thornbury-village-cider-house-the-blue-mountains,https://www.tripadvisor.com/Attraction_Review-g676258-d12453165,https://untappd.com/w/thornbury-village-cidery-and-brewery/10936,44.5596898,-80.4459884,0
630,2024,Modern Cider – Dry,🥈 Silver,Arsenal Cider House,Granny,Pennsylvania,United States,PA,97,Active,Arsenal Cider House,https://www.arsenalciderhouse.com/lawrenceville/,https://www.facebook.com/ArsenalCider,https://www.instagram.com/arsenalcider/,https://maps.google.com/?cid=3302243150360255083,https://www.yelp.com/biz/arsenal-cider-house-and-wine-cellar-pittsburgh,https://www.tripadvisor.com/Attraction_Review-g53449-d4558019,https://untappd.com/w/arsenal-cider-house/12282,40.465108,-79.96092,0
631,2024,Modern Cider – Dry,🥈 Silver,Vermont Cider Company,Pearsecco,Vermont,United States,VT,664,Active,Vermont Cider Company,http://www.woodchuck.com/,https://www.facebook.com/WoodchuckCider,https://www.instagram.com/woodchuckcider/,https://maps.google.com/?cid=9402882086420367798,https://www.yelp.com/biz/woodchuck-hard-cidery-middlebury,https://www.tripadvisor.com/Attraction_Review-g57245-d7022345,https://untappd.com/w/woodchuck-cidery/611,44.034072,-73.172778,0
632,2024,Modern Cider – Dry,🥉 Bronze,2 Towns Ciderhouse,BrightCider,Oregon,United States,OR,67,Active,2 Towns Ciderhouse,http://www.2townsciderhouse.com/,https://www.facebook.com/2townsciderhouse,https://www.instagram.com/2townscider/,https://maps.google.com/?cid=10429935694700508047,https://www.yelp.com/biz/2-towns-ciderhouse-corvallis,https://www.tripadvisor.com/Attraction_Review-g51817-d3417221,https://untappd.com/w/2-towns-ciderhouse/12975,44.563505,-123.226185,0
633,2024,Heritage Cider – Sweet,🥇 Gold,2 Towns Ciderhouse,10th Anniversary,Oregon,United States,OR,67,Active,2 Towns Ciderhouse,http://www.2townsciderhouse.com/,https://www.facebook.com/2townsciderhouse,https://www.instagram.com/2townscider/,https://maps.google.com/?cid=10429935694700508047,https://www.yelp.com/biz/2-towns-ciderhouse-corvallis,https://www.tripadvisor.com/Attraction_Review-g51817-d3417221,https://untappd.com/w/2-towns-ciderhouse/12975,44.563505,-123.226185,0
634,2024,Heritage Cider – Sweet,🥈 Silver,Trump Cidery,Donny Appleseed,Virginia,United States,VA,3489,Active,Trump Cidery,https://www.trumpwinery.com/cidery/,https://www.facebook.com/profile.php?id=61556781914582,https://www.instagram.com/trumpcidery/,https://maps.google.com/?cid=5076746479216071156,https://www.yelp.com/biz/trump-cidery-no-title,https://www.tripadvisor.com/Restaurant_Review-g57592-d27958022,https://untappd.com/w/trump-cidery/560673,37.9390855,-78.4987016,0
635,2024,Heritage Cider – Sweet,🥉 Bronze,Bent Ladder,Russet,Ohio,United States,OH,124,Active,Bent Ladder,http://bentladder.com/,https://www.facebook.com/bentladder,https://www.instagram.com/bentladder/,https://maps.google.com/?cid=5886580381731979881,https://www.yelp.com/biz/rittman-orchard-rittman,https://www.tripadvisor.com/Attraction_Review-g50283-d1977165,https://untappd.com/w/bent-ladder/295757,40.9646071,-81.739989,0
636,2024,Heritage Cider – Dry,🥇 Gold,Duxbury Cider Company,Heritage 1650 Dry Cider,Ontario,Canada,Canada,782,Active,Duxbury Cider Company,https://www.theduxburyciderco.ca/,https://www.facebook.com/DuxburyCider/,https://www.instagram.com/duxburycider/,https://maps.google.com/?cid=18178962492954171012,,,https://untappd.com/w/duxbury-cider-company/87748,44.6435777,-80.6511492,0
637,2024,Heritage Cider – Dry,🥈 Silver,2 Towns Ciderhouse,14th Anniversary,Oregon,United States,OR,67,Active,2 Towns Ciderhouse,http://www.2townsciderhouse.com/,https://www.facebook.com/2townsciderhouse,https://www.instagram.com/2townscider/,https://maps.google.com/?cid=10429935694700508047,https://www.yelp.com/biz/2-towns-ciderhouse-corvallis,https://www.tripadvisor.com/Attraction_Review-g51817-d3417221,https://untappd.com/w/2-towns-ciderhouse/12975,44.563505,-123.226185,0
638,2024,Heritage Cider – Dry,🥉 Bronze,Vala's Orchard Cider,Autumn’s Harvest,Nebraska,United States,NE,1055,Active,Vala's Orchard Cider,https://www.valasappleorchard.com/,https://www.facebook.com/ValasPumpkinPatch/,https://www.instagram.com/valaspumpkinpatch/,https://maps.google.com/?cid=15056510891597103165,https://www.yelp.com/biz/valas-pumpkin-patch-gretna,https://www.tripadvisor.com/Attraction_Review-g45597-d1932171,https://untappd.com/w/vala-s-pumpkin-patch/478866,41.1285802,-96.1989432,0
639,2024,Traditional Cider,🥇 Gold,Freewater Cider and Wine Company,Fuji,Oregon,United States,OR,290,Active,Freewater Cider and Wine Company,http://www.freewatercider.com/,,,https://maps.google.com/?cid=3598112635185277642,,https://www.tripadvisor.com/Attraction_Review-g51971-d23305550,https://untappd.com/w/freewater-cider-co/419915,45.942433,-118.389708,0
640,2024,Traditional Cider,🥈 Silver,James Werner,Driftless French,Wisconsin,United States,WI,3722,Inactive,James Werner,,,,,,,,42.9764549,-88.1083897,1
641,2024,Traditional Cider,🥈 Silver,Niagara College Teaching Winery,Cider 101,Ontario,Canada,Canada,812,Active,Niagara College Teaching Winery,https://www.ncteachingwinery.ca/,https://www.facebook.com/nctwinery/,https://www.instagram.com/nctwinery/,https://maps.google.com/?cid=2529664632400053188,https://www.yelp.com/biz/niagara-college-teaching-winery-niagara-on-the-lake,https://www.tripadvisor.com/Attraction_Review-g154999-d2414360,https://untappd.com/w/niagara-college-teaching-winery/390649,43.150451,-79.165647,0
642,2024,Traditional Cider,🥉 Bronze,Thornbury Craft Co.,The Jonah,Ontario,Canada,Canada,841,Active,Thornbury Craft Co.,https://thornburycraft.com/,https://www.facebook.com/thornburycraft,https://www.instagram.com/thornburycraft/,https://maps.google.com/?cid=17950053116977107226,https://www.yelp.com/biz/thornbury-village-cider-house-the-blue-mountains,https://www.tripadvisor.com/Attraction_Review-g676258-d12453165,https://untappd.com/w/thornbury-village-cidery-and-brewery/10936,44.5596898,-80.4459884,0
643,2024,Perry,🥇 Gold,Arsenal Cider House,Alfred’s Pear - Son!,Pennsylvania,United States,PA,97,Active,Arsenal Cider House,https://www.arsenalciderhouse.com/lawrenceville/,https://www.facebook.com/ArsenalCider,https://www.instagram.com/arsenalcider/,https://maps.google.com/?cid=3302243150360255083,https://www.yelp.com/biz/arsenal-cider-house-and-wine-cellar-pittsburgh,https://www.tripadvisor.com/Attraction_Review-g53449-d4558019,https://untappd.com/w/arsenal-cider-house/12282,40.465108,-79.96092,0
644,2024,Perry,🥇 Gold,Missing Falls Brewery,Nice Pear,Ohio,United States,OH,3121,Active,Missing Falls Brewery,https://www.missingfalls.com/,https://www.facebook.com/MissingFallsBrewery/,https://www.instagram.com/missingfallsbrewery/,https://maps.google.com/?cid=16469758948621365687,https://www.yelp.com/biz/missing-falls-brewery-akron,https://www.tripadvisor.com/Restaurant_Review-g29912-d23413493,https://untappd.com/MissingFalls,41.0705056,-81.5267931,0
645,2024,Perry,🥈 Silver,Jeff Carlson,PrimeTime Perry,Michigan,United States,MI,2575,Inactive,Jeff Carlson,,,,,,,,42.97887,-85.71474,1
646,2024,Fruit,🥇 Gold,ACE Cider,ACE High Peach,California,United States,CA,179,Active,ACE Cider,http://www.acecider.com/,https://www.facebook.com/AceCider,https://www.instagram.com/acecider/,,https://www.yelp.com/biz/ace-premium-hard-ciders-sebastopol,https://www.tripadvisor.com/Attraction_Review-g33069-d3626497,https://untappd.com/w/ace-cider-the-california-cider-company/331,38.423506,-122.849754,0
647,2024,Fruit,🥈 Silver,2 Towns Ciderhouse,Raspberry Cosmic Crisp,Oregon,United States,OR,67,Active,2 Towns Ciderhouse,http://www.2townsciderhouse.com/,https://www.facebook.com/2townsciderhouse,https://www.instagram.com/2townscider/,https://maps.google.com/?cid=10429935694700508047,https://www.yelp.com/biz/2-towns-ciderhouse-corvallis,https://www.tripadvisor.com/Attraction_Review-g51817-d3417221,https://untappd.com/w/2-towns-ciderhouse/12975,44.563505,-123.226185,0
648,2024,Fruit,🥉 Bronze,Austin Eastciders,Imperial Watermelon,Texas,United States,MI,104,Active,Austin Eastciders,http://austineastciders.com/,https://www.facebook.com/eastciders/,https://www.instagram.com/eastciders/,https://maps.google.com/?cid=14699519440178528476,https://www.yelp.com/biz/austin-eastciders-collaboratory-austin,https://www.tripadvisor.com/Attraction_Review-g30196-d8561332,https://untappd.com/w/austin-eastciders/18898,30.211595,-97.7404707,0
649,2024,Pineapple,🥇 Gold,FX Matt Brewing,McKenzie’s Pineapple,New York,United States,NY,408,Active,FX Matt Brewing,https://www.mckbev.com/,https://www.facebook.com/McKenziesHardCider/,https://www.instagram.com/mckenzieshardcider/,https://maps.google.com/?cid=16812627050434550372,https://www.yelp.com/biz/f-x-matt-brewing-utica,https://www.tripadvisor.com/Attraction_Review-g48759-d534580,https://untappd.com/w/mckenzies-hard-cider/10931,43.1044459,-75.2455361,0
650,2024,Pineapple,🥈 Silver,2 Towns Ciderhouse,Pacific Pineapple,Oregon,United States,OR,67,Active,2 Towns Ciderhouse,http://www.2townsciderhouse.com/,https://www.facebook.com/2townsciderhouse,https://www.instagram.com/2townscider/,https://maps.google.com/?cid=10429935694700508047,https://www.yelp.com/biz/2-towns-ciderhouse-corvallis,https://www.tripadvisor.com/Attraction_Review-g51817-d3417221,https://untappd.com/w/2-towns-ciderhouse/12975,44.563505,-123.226185,0
651,2024,Pineapple,🥉 Bronze,Glacial Till Vineyard & Winery,Passion Pineapple,Nebraska,United States,NE,294,Active,Glacial Till Vineyard & Winery,http://www.glacialtillvineyard.com/,https://www.facebook.com/glacialtillvineyard,https://www.instagram.com/glacialtillvineyard/,https://maps.google.com/?cid=185099829414435279,https://www.yelp.com/biz/glacial-till-tasting-room-ashland,https://www.tripadvisor.com/Attraction_Review-g29709-d5832186,https://untappd.com/w/glacial-till-vineyard-and-winery/223758,41.038896,-96.368951,0
652,2024,Cherry,🥇 Gold,Ciderboys,Cherry Jubilee,Wisconsin,United States,WI,196,Active,Ciderboys,http://www.ciderboys.com/,https://www.facebook.com/Ciderboys,https://www.instagram.com/Ciderboys/,https://maps.google.com/?cid=1756122992587390562,https://www.yelp.com/biz/stevens-point-brewery-stevens-point,https://www.tripadvisor.com/Attraction_Review-g60304-d2265035,https://untappd.com/w/ciderboys-hard-cider/44552,44.510454,-89.573583,0
653,2024,Cherry,🥈 Silver,Apple Barrel Orchards,Tart Cherry,New York,United States,NY,2286,Active,Apple Barrel Orchards,https://applebarrelorchards.com/,https://www.facebook.com/applebarrelorchards,https://www.instagram.com/applebarrelorchards,https://maps.google.com/?cid=6734152269443403352,https://www.yelp.com/biz/apple-barrel-orchards-penn-yan,https://www.tripadvisor.com/Attraction_Review-g48378-d7187340,https://untappd.com/w/apple-barrel-orchards/549035,42.6601021,-77.0848636,0
654,2024,Cherry,🥉 Bronze,FX Matt Brewing,McKenzie’s Black Cherry,New York,United States,NY,408,Active,FX Matt Brewing,https://www.mckbev.com/,https://www.facebook.com/McKenziesHardCider/,https://www.instagram.com/mckenzieshardcider/,https://maps.google.com/?cid=16812627050434550372,https://www.yelp.com/biz/f-x-matt-brewing-utica,https://www.tripadvisor.com/Attraction_Review-g48759-d534580,https://untappd.com/w/mckenzies-hard-cider/10931,43.1044459,-75.2455361,0
655,2024,Peach,🥇 Gold,Windmill Ridge Acres,Peach-Apple Cider,Ontario,Canada,Canada,3123,Active,Windmill Ridge Acres,https://www.windmillridge.ca/,https://www.facebook.com/windmillridgeacres/,https://www.instagram.com/windmillridgeacres/,https://maps.google.com/?cid=15963586865573618177,,,https://untappd.com/w/windmill-ridge-craft-brew/539150,42.0073007,-82.8803437,0
656,2024,Peach,🥈 Silver,Blake's Hard Cider Co.,Peach Party,Michigan,United States,MI,10,Active,Blake's Hard Cider Co.,http://www.blakeshardcider.com/,https://www.facebook.com/blakeshardciderco,https://www.instagram.com/blakeshardciderco/,https://maps.google.com/?cid=15855146673119620480,https://www.yelp.com/biz/blakes-ciderhouse-and-winery-armada,https://www.tripadvisor.com/Attraction_Review-g29560-d6678501,https://untappd.com/w/blakes-hard-cider-company/86334,42.8503113,-82.9513855,0
657,2024,Peach,🥉 Bronze,Ciderboys,Peach County,Wisconsin,United States,WI,196,Active,Ciderboys,http://www.ciderboys.com/,https://www.facebook.com/Ciderboys,https://www.instagram.com/Ciderboys/,https://maps.google.com/?cid=1756122992587390562,https://www.yelp.com/biz/stevens-point-brewery-stevens-point,https://www.tripadvisor.com/Attraction_Review-g60304-d2265035,https://untappd.com/w/ciderboys-hard-cider/44552,44.510454,-89.573583,0
658,2024,Cranberry,🥇 Gold,Glacial Till Vineyard & Winery,Cranberry,Nebraska,United States,NE,294,Active,Glacial Till Vineyard & Winery,http://www.glacialtillvineyard.com/,https://www.facebook.com/glacialtillvineyard,https://www.instagram.com/glacialtillvineyard/,https://maps.google.com/?cid=185099829414435279,https://www.yelp.com/biz/glacial-till-tasting-room-ashland,https://www.tripadvisor.com/Attraction_Review-g29709-d5832186,https://untappd.com/w/glacial-till-vineyard-and-winery/223758,41.038896,-96.368951,0
659,2024,Cranberry,🥈 Silver,Five Maidens Cider Company,Cranberry Cider,Pennsylvania,United States,PA,712,Active,Five Maidens Cider Company,https://5mcider.com/,https://www.facebook.com/5MCider/,https://www.instagram.com/5mcider/,https://maps.google.com/?cid=17669165397330541520,https://www.yelp.com/biz/five-maidens-cider-bethlehem,,https://untappd.com/FiveMaidensCiderCo,40.6109554,-75.373349,0
660,2024,Cranberry,🥉 Bronze,Cherry Street Brewing,Cranberry Star,Georgia,United States,GA,3116,Active,Cherry Street Brewing,https://cherrystreetbrewing.com/,https://www.facebook.com/cherrystreetbrewing/,https://www.instagram.com/cherrystreetbrewing/,https://maps.google.com/?cid=16068754441412803212,https://www.yelp.com/biz/cherry-street-brewing-cooperative-cumming,https://www.tripadvisor.com/Attraction_Review-g34877-d10428081,https://untappd.com/CherryStreetBrewing,34.1822849,-84.218978,0
661,2024,Fruit and Berry,🥇 Gold,Ciderboys,Strawberry Magic,Wisconsin,United States,WI,196,Active,Ciderboys,http://www.ciderboys.com/,https://www.facebook.com/Ciderboys,https://www.instagram.com/Ciderboys/,https://maps.google.com/?cid=1756122992587390562,https://www.yelp.com/biz/stevens-point-brewery-stevens-point,https://www.tripadvisor.com/Attraction_Review-g60304-d2265035,https://untappd.com/w/ciderboys-hard-cider/44552,44.510454,-89.573583,0
662,2024,Fruit and Berry,🥈 Silver,Blake's Hard Cider Co.,American Berry,Michigan,United States,MI,10,Active,Blake's Hard Cider Co.,http://www.blakeshardcider.com/,https://www.facebook.com/blakeshardciderco,https://www.instagram.com/blakeshardciderco/,https://maps.google.com/?cid=15855146673119620480,https://www.yelp.com/biz/blakes-ciderhouse-and-winery-armada,https://www.tripadvisor.com/Attraction_Review-g29560-d6678501,https://untappd.com/w/blakes-hard-cider-company/86334,42.8503113,-82.9513855,0
663,2024,Fruit and Berry,🥉 Bronze,Inside the Five Brewing Co.,Inside the Orchard - Blueberry,Ohio,United States,OH,3719,Active,Inside the Five Brewing Co.,https://www.insidethefivebrewing.com/,https://www.facebook.com/insidethefivebrewing,https://www.instagram.com/insidethefivebrewing,https://maps.google.com/?cid=10962149761049532364,https://www.yelp.com/biz/inside-the-five-fieldhouse-toledo,,https://untappd.com/InsideTheFiveBrewingCompany,41.6503213,-83.6039984,0
664,2024,Ice Cider / Apple Wine,🥇 Gold,Glacial Till Vineyard & Winery,Ice Cider,Nebraska,United States,NE,294,Active,Glacial Till Vineyard & Winery,http://www.glacialtillvineyard.com/,https://www.facebook.com/glacialtillvineyard,https://www.instagram.com/glacialtillvineyard/,https://maps.google.com/?cid=185099829414435279,https://www.yelp.com/biz/glacial-till-tasting-room-ashland,https://www.tripadvisor.com/Attraction_Review-g29709-d5832186,https://untappd.com/w/glacial-till-vineyard-and-winery/223758,41.038896,-96.368951,0
665,2024,Ice Cider / Apple Wine,🥉 Bronze,White Winter Winery,Cyser,Wisconsin,United States,WI,681,Active,White Winter Winery,https://whitewinter.com/,https://www.facebook.com/WhiteWinterWinery/,,https://maps.google.com/?cid=13642608818447326025,https://www.yelp.com/biz/white-winter-winery-iron-river,https://www.tripadvisor.com/Attraction_Review-g59986-d2457860,https://untappd.com/w/white-winter-winery/1359,46.565581,-91.418129,0
666,2024,Herbal,🥇 Gold,Austin Eastciders,Strawberry Hibiscus Fresca,Texas,United States,MI,104,Active,Austin Eastciders,http://austineastciders.com/,https://www.facebook.com/eastciders/,https://www.instagram.com/eastciders/,https://maps.google.com/?cid=14699519440178528476,https://www.yelp.com/biz/austin-eastciders-collaboratory-austin,https://www.tripadvisor.com/Attraction_Review-g30196-d8561332,https://untappd.com/w/austin-eastciders/18898,30.211595,-97.7404707,0
667,2024,Herbal,🥈 Silver,Wölffer Estate Vineyard,Wölffer No. 139 Hibiscus Cider,New York,United States,NY,698,Active,Wölffer Estate Vineyard,http://www.wolffer.com/,,,https://maps.google.com/?cid=10690409208604454007,https://www.yelp.com/biz/wolffer-estate-vineyard-sagaponack,https://www.tripadvisor.com/Attraction_Review-g48542-d593572,https://untappd.com/w/wolffer-estate-vineyard/79243,40.945028,-72.27747,0
668,2024,Herbal,🥉 Bronze,Wölffer Estate Vineyard,Wölffer No. 139 Botanical Cider,New York,United States,NY,698,Active,Wölffer Estate Vineyard,http://www.wolffer.com/,,,https://maps.google.com/?cid=10690409208604454007,https://www.yelp.com/biz/wolffer-estate-vineyard-sagaponack,https://www.tripadvisor.com/Attraction_Review-g48542-d593572,https://untappd.com/w/wolffer-estate-vineyard/79243,40.945028,-72.27747,0
669,2024,Hopped,🥇 Gold,Doc Waters Cidery,Hopped Carbonated,Maryland,United States,MD,999,Active,Doc Waters Cidery,https://www.docwaterscidery.com/,https://www.facebook.com/docwaterscidery,https://www.instagram.com/docwaterscidery/,https://maps.google.com/?cid=5897969821393799631,https://www.yelp.com/biz/doc-waters-cidery-germantown-3,,https://untappd.com/w/doc-waters-cidery/408791,39.2244834,-77.2013931,0
670,2024,Hopped,🥈 Silver,Orchard Girls,Lindsay,Maine,United States,ME,464,Active,Orchard Girls,http://orchardgirls.com/,https://www.facebook.com/orchardgirlscider/,https://www.instagram.com/orchardgirlscider,https://maps.google.com/?cid=2486607221948549190,https://www.yelp.com/biz/orchard-girls-cidery-kingfield,,https://untappd.com/w/orchard-girls/420976,44.964862,-70.162268,0
671,2024,Hopped,🥉 Bronze,Apple Barrel Orchards,Dry Hopped,New York,United States,NY,2286,Active,Apple Barrel Orchards,https://applebarrelorchards.com/,https://www.facebook.com/applebarrelorchards,https://www.instagram.com/applebarrelorchards,https://maps.google.com/?cid=6734152269443403352,https://www.yelp.com/biz/apple-barrel-orchards-penn-yan,https://www.tripadvisor.com/Attraction_Review-g48378-d7187340,https://untappd.com/w/apple-barrel-orchards/549035,42.6601021,-77.0848636,0
672,2024,Apple Pie Spiced,🥇 Gold,Sapsucker Farms Yellow Belly Cidery,Yellow Belly Apple Pie Cider,Minnesota,United States,MN,545,Active,Sapsucker Farms Yellow Belly Cidery,https://www.sapsuckerfarms.com/,https://www.facebook.com/YellowBellyCider/,https://www.instagram.com/sapsuckerfarms/,https://maps.google.com/?cid=10529182272851607589,https://www.yelp.com/biz/sapsucker-farms-yellow-belly-cidery-mora,https://www.tripadvisor.com/Attraction_Review-g43337-d15594799,https://untappd.com/w/sapsucker-farms/187535,45.8970174,-93.152247,0
673,2024,Apple Pie Spiced,🥈 Silver,Cider Corps,We The People Apple Pie,Arizona,United States,AZ,915,Active,Cider Corps,https://cidercorpsaz.com/,https://www.facebook.com/cidercorps/,https://www.instagram.com/cidercorps/,https://maps.google.com/?cid=9593182908980696987,https://www.yelp.com/biz/cider-corps-mesa-5,https://www.tripadvisor.com/Attraction_Review-g31281-d13003044,https://untappd.com/CiderCorps,33.4141147,-111.8364706,0
674,2024,Apple Pie Spiced,🥉 Bronze,Williamson Mead and Brewing,Cinder Dragon,North Carolina,United States,NC,2044,Active,Williamson Mead and Brewing,https://williamsonbrewing.com/,https://www.facebook.com/WilliamsonBrewing/,https://www.instagram.com/williamsonmeadandbrewing/,https://maps.google.com/?cid=9398213946413041794,https://www.yelp.com/biz/williamson-mead-and-brewing-glade-valley,,,36.4756637,-80.9887261,0
675,2024,Spiced,🥇 Gold,Sapsucker Farms Yellow Belly Cidery,Yellow Belly Caramel Apple Cider,Minnesota,United States,MN,545,Active,Sapsucker Farms Yellow Belly Cidery,https://www.sapsuckerfarms.com/,https://www.facebook.com/YellowBellyCider/,https://www.instagram.com/sapsuckerfarms/,https://maps.google.com/?cid=10529182272851607589,https://www.yelp.com/biz/sapsucker-farms-yellow-belly-cidery-mora,https://www.tripadvisor.com/Attraction_Review-g43337-d15594799,https://untappd.com/w/sapsucker-farms/187535,45.8970174,-93.152247,0
676,2024,Spiced,🥈 Silver,Newtopia Cyder,Blue Dream,California,United States,CA,445,Active,Newtopia Cyder,http://www.drinknewtopia.com/,https://www.facebook.com/NewtopiaCyder,https://www.instagram.com/newtopiacyder/,https://maps.google.com/?cid=12830879160117035367,,,,32.903294,-117.110703,0
677,2024,Spiced,🥉 Bronze,Arsenal Cider House,Snowbound Cinnamon,Pennsylvania,United States,PA,97,Active,Arsenal Cider House,https://www.arsenalciderhouse.com/lawrenceville/,https://www.facebook.com/ArsenalCider,https://www.instagram.com/arsenalcider/,https://maps.google.com/?cid=3302243150360255083,https://www.yelp.com/biz/arsenal-cider-house-and-wine-cellar-pittsburgh,https://www.tripadvisor.com/Attraction_Review-g53449-d4558019,https://untappd.com/w/arsenal-cider-house/12282,40.465108,-79.96092,0
678,2024,Wood-Aged,🥇 Gold,Vala's Orchard Cider,Imperial Cherry,Nebraska,United States,NE,1055,Active,Vala's Orchard Cider,https://www.valasappleorchard.com/,https://www.facebook.com/ValasPumpkinPatch/,https://www.instagram.com/valaspumpkinpatch/,https://maps.google.com/?cid=15056510891597103165,https://www.yelp.com/biz/valas-pumpkin-patch-gretna,https://www.tripadvisor.com/Attraction_Review-g45597-d1932171,https://untappd.com/w/vala-s-pumpkin-patch/478866,41.1285802,-96.1989432,0
679,2024,Wood-Aged,🥈 Silver,Sapsucker Farms Yellow Belly Cidery,Yellow Belly Maple Bourbon,Minnesota,United States,MN,545,Active,Sapsucker Farms Yellow Belly Cidery,https://www.sapsuckerfarms.com/,https://www.facebook.com/YellowBellyCider/,https://www.instagram.com/sapsuckerfarms/,https://maps.google.com/?cid=10529182272851607589,https://www.yelp.com/biz/sapsucker-farms-yellow-belly-cidery-mora,https://www.tripadvisor.com/Attraction_Review-g43337-d15594799,https://untappd.com/w/sapsucker-farms/187535,45.8970174,-93.152247,0
680,2024,Wood-Aged,🥉 Bronze,Vala's Orchard Cider,Vanilla Rye Peach Pie,Nebraska,United States,NE,1055,Active,Vala's Orchard Cider,https://www.valasappleorchard.com/,https://www.facebook.com/ValasPumpkinPatch/,https://www.instagram.com/valaspumpkinpatch/,https://maps.google.com/?cid=15056510891597103165,https://www.yelp.com/biz/valas-pumpkin-patch-gretna,https://www.tripadvisor.com/Attraction_Review-g45597-d1932171,https://untappd.com/w/vala-s-pumpkin-patch/478866,41.1285802,-96.1989432,0
681,2024,Specialty,🥇 Gold,Cider Corps,Mango Foxtrot,Arizona,United States,AZ,915,Active,Cider Corps,https://cidercorpsaz.com/,https://www.facebook.com/cidercorps/,https://www.instagram.com/cidercorps/,https://maps.google.com/?cid=9593182908980696987,https://www.yelp.com/biz/cider-corps-mesa-5,https://www.tripadvisor.com/Attraction_Review-g31281-d13003044,https://untappd.com/CiderCorps,33.4141147,-111.8364706,0
682,2024,Specialty,🥈 Silver,Papa Moon Vineyards & Winery,Salted Caramel,Nebraska,United States,NE,1074,Active,Papa Moon Vineyards & Winery,https://www.papamoonvineyards.com/,https://www.facebook.com/Papamoonwines,https://www.instagram.com/papamoonciders/,https://maps.google.com/?cid=16564507604611639866,https://www.yelp.com/biz/papa-moon-vineyards-and-winery-scottsbluff,,https://untappd.com/w/papa-moon-vineyards-winery-and-cider-house/472128,41.8877158,-103.6176699,0
683,2024,Specialty,🥉 Bronze,2 Towns Ciderhouse,Hollow Jack,Oregon,United States,OR,67,Active,2 Towns Ciderhouse,http://www.2townsciderhouse.com/,https://www.facebook.com/2townsciderhouse,https://www.instagram.com/2townscider/,https://maps.google.com/?cid=10429935694700508047,https://www.yelp.com/biz/2-towns-ciderhouse-corvallis,https://www.tripadvisor.com/Attraction_Review-g51817-d3417221,https://untappd.com/w/2-towns-ciderhouse/12975,44.563505,-123.226185,0
684,2024,Anything Goes,🥇 Gold,Glacial Till Vineyard & Winery,Barrel Aged Blueberry Pancake,Nebraska,United States,NE,294,Active,Glacial Till Vineyard & Winery,http://www.glacialtillvineyard.com/,https://www.facebook.com/glacialtillvineyard,https://www.instagram.com/glacialtillvineyard/,https://maps.google.com/?cid=185099829414435279,https://www.yelp.com/biz/glacial-till-tasting-room-ashland,https://www.tripadvisor.com/Attraction_Review-g29709-d5832186,https://untappd.com/w/glacial-till-vineyard-and-winery/223758,41.038896,-96.368951,0
685,2024,Anything Goes,🥈 Silver,Vala's Orchard Cider,Habanango,Nebraska,United States,NE,1055,Active,Vala's Orchard Cider,https://www.valasappleorchard.com/,https://www.facebook.com/ValasPumpkinPatch/,https://www.instagram.com/valaspumpkinpatch/,https://maps.google.com/?cid=15056510891597103165,https://www.yelp.com/biz/valas-pumpkin-patch-gretna,https://www.tripadvisor.com/Attraction_Review-g45597-d1932171,https://untappd.com/w/vala-s-pumpkin-patch/478866,41.1285802,-96.1989432,0
686,2024,Anything Goes,🥉 Bronze,Country Boy Brewing,Orange Cream Cider,Kentucky,United States,KY,220,Active,Country Boy Brewing,http://countryboybrewing.com/,https://www.facebook.com/CountryBoyBrewing,https://www.instagram.com/CountryBoybrewing/,https://maps.google.com/?cid=7007349802683802072,https://www.yelp.com/biz/country-boy-brewing-lexington,https://www.tripadvisor.com/Attraction_Review-g39588-d2661465,https://untappd.com/w/country-boy-brewing/23693,38.043952,-84.509269,0
687,2024,Single Varietal,🥇 Gold,Five Maidens Cider Company,Ms. Jackson,Pennsylvania,United States,PA,712,Active,Five Maidens Cider Company,https://5mcider.com/,https://www.facebook.com/5MCider/,https://www.instagram.com/5mcider/,https://maps.google.com/?cid=17669165397330541520,https://www.yelp.com/biz/five-maidens-cider-bethlehem,,https://untappd.com/FiveMaidensCiderCo,40.6109554,-75.373349,0
688,2024,Single Varietal,🥈 Silver,Arsenal Cider House,Redfield,Pennsylvania,United States,PA,97,Active,Arsenal Cider House,https://www.arsenalciderhouse.com/lawrenceville/,https://www.facebook.com/ArsenalCider,https://www.instagram.com/arsenalcider/,https://maps.google.com/?cid=3302243150360255083,https://www.yelp.com/biz/arsenal-cider-house-and-wine-cellar-pittsburgh,https://www.tripadvisor.com/Attraction_Review-g53449-d4558019,https://untappd.com/w/arsenal-cider-house/12282,40.465108,-79.96092,0
689,2024,Single Varietal,🥉 Bronze,Doc Waters Cidery,Golden Russet,Maryland,United States,MD,999,Active,Doc Waters Cidery,https://www.docwaterscidery.com/,https://www.facebook.com/docwaterscidery,https://www.instagram.com/docwaterscidery/,https://maps.google.com/?cid=5897969821393799631,https://www.yelp.com/biz/doc-waters-cidery-germantown-3,,https://untappd.com/w/doc-waters-cidery/408791,39.2244834,-77.2013931,0
690,2024,Rosé / Brut,🥇 Gold,Thornbury Craft Co.,Rose Apple Cider,Ontario,Canada,Canada,841,Active,Thornbury Craft Co.,https://thornburycraft.com/,https://www.facebook.com/thornburycraft,https://www.instagram.com/thornburycraft/,https://maps.google.com/?cid=17950053116977107226,https://www.yelp.com/biz/thornbury-village-cider-house-the-blue-mountains,https://www.tripadvisor.com/Attraction_Review-g676258-d12453165,https://untappd.com/w/thornbury-village-cidery-and-brewery/10936,44.5596898,-80.4459884,0
691,2024,Rosé / Brut,🥈 Silver,Wölffer Estate Vineyard,Wölffer No. 139 Brut Cuvée Cider,New York,United States,NY,698,Active,Wölffer Estate Vineyard,http://www.wolffer.com/,,,https://maps.google.com/?cid=10690409208604454007,https://www.yelp.com/biz/wolffer-estate-vineyard-sagaponack,https://www.tripadvisor.com/Attraction_Review-g48542-d593572,https://untappd.com/w/wolffer-estate-vineyard/79243,40.945028,-72.27747,0
692,2024,Rosé / Brut,🥉 Bronze,Wölffer Estate Vineyard,Wölffer No. 139 Brut Cuvée Cider,New York,United States,NY,698,Active,Wölffer Estate Vineyard,http://www.wolffer.com/,,,https://maps.google.com/?cid=10690409208604454007,https://www.yelp.com/biz/wolffer-estate-vineyard-sagaponack,https://www.tripadvisor.com/Attraction_Review-g48542-d593572,https://untappd.com/w/wolffer-estate-vineyard/79243,40.945028,-72.27747,0
693,2024,Black Currant,🥇 Gold,Quartz Rock Vineyard,Apple Currant,New York,United States,NY,2219,Active,Quartz Rock Vineyard,https://quartzrockvineyard.com/,https://www.facebook.com/QuartzRockVineyard,https://www.instagram.com/bedrockcidery/,https://maps.google.com/?cid=1886322759965400402,https://www.yelp.com/biz/quartz-rock-vineyard-marlboro-2,https://www.tripadvisor.com/Attraction_Review-g48121-d3404475,https://untappd.com/w/quartz-rock/537568,41.617794,-74.012617,0
694,2024,Black Currant,🥈 Silver,Apple Valley Cider Company,Black Currant,Colorado,United States,CO,93,Active,Apple Valley Cider Company,http://www.applevalleycider.com/,https://www.facebook.com/applevalleycider/,https://www.instagram.com/applevalleyciderco/,https://maps.google.com/?cid=8798456079688966999,,,https://untappd.com/w/apple-valley-cider-company/382129,38.425243,-105.026257,0
695,2024,Black Currant,🥉 Bronze,Blue Barn Cidery,Jostaberry Jam,New York,United States,NY,145,Active,Blue Barn Cidery,https://www.bluebarncidery.com/,,,https://maps.google.com/?cid=8104758114885529003,https://www.yelp.com/biz/blue-barn-cidery-hilton,,https://untappd.com/BlueBarnCidery,43.272706,-77.749524,0
696,2024,Raspberry,🥇 Gold,Thornbury Craft Co.,Raspberry Apple Cider,Ontario,Canada,Canada,841,Active,Thornbury Craft Co.,https://thornburycraft.com/,https://www.facebook.com/thornburycraft,https://www.instagram.com/thornburycraft/,https://maps.google.com/?cid=17950053116977107226,https://www.yelp.com/biz/thornbury-village-cider-house-the-blue-mountains,https://www.tripadvisor.com/Attraction_Review-g676258-d12453165,https://untappd.com/w/thornbury-village-cidery-and-brewery/10936,44.5596898,-80.4459884,0
697,2024,Raspberry,🥈 Silver,Vermont Cider Company,Raspberry,Vermont,United States,VT,664,Active,Vermont Cider Company,http://www.woodchuck.com/,https://www.facebook.com/WoodchuckCider,https://www.instagram.com/woodchuckcider/,https://maps.google.com/?cid=9402882086420367798,https://www.yelp.com/biz/woodchuck-hard-cidery-middlebury,https://www.tripadvisor.com/Attraction_Review-g57245-d7022345,https://untappd.com/w/woodchuck-cidery/611,44.034072,-73.172778,0
698,2024,Raspberry,🥉 Bronze,Wise Man Brewing,Wisest Pursuit Raspberry,North Carolina,United States,NC,3721,Active,Wise Man Brewing,https://www.wisemanbrewing.com/,https://www.facebook.com/wisemanbrewing/,https://www.instagram.com/wisemanbeer/,https://maps.google.com/?cid=13467140978540966884,https://www.yelp.com/biz/wise-man-brewing-winston-salem-3,https://www.tripadvisor.com/Attraction_Review-g49680-d12221328,https://untappd.com/WiseManBrewing,36.1049525,-80.2453257,0
699,2024,Pear,🥇 Gold,Vermont Cider Company,Pear,Vermont,United States,VT,664,Active,Vermont Cider Company,http://www.woodchuck.com/,https://www.facebook.com/WoodchuckCider,https://www.instagram.com/woodchuckcider/,https://maps.google.com/?cid=9402882086420367798,https://www.yelp.com/biz/woodchuck-hard-cidery-middlebury,https://www.tripadvisor.com/Attraction_Review-g57245-d7022345,https://untappd.com/w/woodchuck-cidery/611,44.034072,-73.172778,0
700,2024,Pear,🥈 Silver,Windmill Ridge Acres,Pear Cider,Ontario,Canada,Canada,3123,Active,Windmill Ridge Acres,https://www.windmillridge.ca/,https://www.facebook.com/windmillridgeacres/,https://www.instagram.com/windmillridgeacres/,https://maps.google.com/?cid=15963586865573618177,,,https://untappd.com/w/windmill-ridge-craft-brew/539150,42.0073007,-82.8803437,0
701,2024,Pear,🥉 Bronze,Arsenal Cider House,For the Love of Thumper,Pennsylvania,United States,PA,97,Active,Arsenal Cider House,https://www.arsenalciderhouse.com/lawrenceville/,https://www.facebook.com/ArsenalCider,https://www.instagram.com/arsenalcider/,https://maps.google.com/?cid=3302243150360255083,https://www.yelp.com/biz/arsenal-cider-house-and-wine-cellar-pittsburgh,https://www.tripadvisor.com/Attraction_Review-g53449-d4558019,https://untappd.com/w/arsenal-cider-house/12282,40.465108,-79.96092,0
702,2024,Blackberry,🥇 Gold,Dingo Dog Brewing Company,Suzie’s Blackberry Cider,North Carolina,United States,NC,2170,Active,Dingo Dog Brewing Company,https://www.dingodogbrewing.com/,https://www.facebook.com/dingodogbrewing,https://www.instagram.com/dingodogbrewing/,https://maps.google.com/?cid=855662940419552138,https://www.yelp.com/biz/dingo-dog-brewing-company-carrboro,,https://untappd.com/DingoDogBrewing,35.9140913,-79.0720655,0
703,2024,Blackberry,🥈 Silver,Bold Rock Hard Cider Mills River,Blackberry,North Carolina,United States,NC,152,Active,Bold Rock Hard Cider,https://boldrock.com/,https://www.facebook.com/BoldRockHardCider/,https://www.instagram.com/boldrockhardcider/,https://maps.google.com/?cid=10604087929796439877,https://www.yelp.com/biz/bold-rock-hard-cider-mills-river-mills-river,https://www.tripadvisor.com/Attraction_Review-g1552723-d8862147,https://untappd.com/v/bold-rock-mills-river-cidery/3954545,35.376397,-82.559219,0
704,2024,Blackberry,🥉 Bronze,Blake's Hard Cider Co.,Triple Jam,Michigan,United States,MI,10,Active,Blake's Hard Cider Co.,http://www.blakeshardcider.com/,https://www.facebook.com/blakeshardciderco,https://www.instagram.com/blakeshardciderco/,https://maps.google.com/?cid=15855146673119620480,https://www.yelp.com/biz/blakes-ciderhouse-and-winery-armada,https://www.tripadvisor.com/Attraction_Review-g29560-d6678501,https://untappd.com/w/blakes-hard-cider-company/86334,42.8503113,-82.9513855,0
705,2024,Blackberry,🥉 Bronze,New Realm Brewing Company,Blackberry Cider,Georgia,United States,GA,3720,Active,New Realm Brewing Company,https://newrealmbrewing.com/,https://www.facebook.com/newrealmbrewing,https://www.instagram.com/newrealmbrewing/,https://maps.google.com/?cid=16933059652984821271,https://www.yelp.com/biz/new-realm-brewing-atlanta-3,https://www.tripadvisor.com/Restaurant_Review-g60898-d13370394,https://untappd.com/NewRealmBrewingCompany,33.7689733,-84.3619644,0
706,2024,Blueberry,🥇 Gold,Thornbury Craft Co.,Wild Blueberry Elderflower Cider,Ontario,Canada,Canada,841,Active,Thornbury Craft Co.,https://thornburycraft.com/,https://www.facebook.com/thornburycraft,https://www.instagram.com/thornburycraft/,https://maps.google.com/?cid=17950053116977107226,https://www.yelp.com/biz/thornbury-village-cider-house-the-blue-mountains,https://www.tripadvisor.com/Attraction_Review-g676258-d12453165,https://untappd.com/w/thornbury-village-cidery-and-brewery/10936,44.5596898,-80.4459884,0
707,2024,Blueberry,🥈 Silver,Sapsucker Farms Yellow Belly Cidery,Yellow Belly Blue Betcha Blueberry Cider,Minnesota,United States,MN,545,Active,Sapsucker Farms Yellow Belly Cidery,https://www.sapsuckerfarms.com/,https://www.facebook.com/YellowBellyCider/,https://www.instagram.com/sapsuckerfarms/,https://maps.google.com/?cid=10529182272851607589,https://www.yelp.com/biz/sapsucker-farms-yellow-belly-cidery-mora,https://www.tripadvisor.com/Attraction_Review-g43337-d15594799,https://untappd.com/w/sapsucker-farms/187535,45.8970174,-93.152247,0
708,2024,Blueberry,🥉 Bronze,Wise Man Brewing,Wisest Pursuit Blueberry,North Carolina,United States,NC,3721,Active,Wise Man Brewing,https://www.wisemanbrewing.com/,https://www.facebook.com/wisemanbrewing/,https://www.instagram.com/wisemanbeer/,https://maps.google.com/?cid=13467140978540966884,https://www.yelp.com/biz/wise-man-brewing-winston-salem-3,https://www.tripadvisor.com/Attraction_Review-g49680-d12221328,https://untappd.com/WiseManBrewing,36.1049525,-80.2453257,0
709,2024,Mango,🥇 Gold,Trump Cidery,Two To Mango,Virginia,United States,VA,3489,Active,Trump Cidery,https://www.trumpwinery.com/cidery/,https://www.facebook.com/profile.php?id=61556781914582,https://www.instagram.com/trumpcidery/,https://maps.google.com/?cid=5076746479216071156,https://www.yelp.com/biz/trump-cidery-no-title,https://www.tripadvisor.com/Restaurant_Review-g57592-d27958022,https://untappd.com/w/trump-cidery/560673,37.9390855,-78.4987016,0
710,2024,Mango,🥈 Silver,Blake's Hard Cider Co.,Tropical Mango,Michigan,United States,MI,10,Active,Blake's Hard Cider Co.,http://www.blakeshardcider.com/,https://www.facebook.com/blakeshardciderco,https://www.instagram.com/blakeshardciderco/,https://maps.google.com/?cid=15855146673119620480,https://www.yelp.com/biz/blakes-ciderhouse-and-winery-armada,https://www.tripadvisor.com/Attraction_Review-g29560-d6678501,https://untappd.com/w/blakes-hard-cider-company/86334,42.8503113,-82.9513855,0
711,2024,Mango,🥉 Bronze,FX Matt Brewing,McKenzie’s Peach Mango,New York,United States,NY,408,Active,FX Matt Brewing,https://www.mckbev.com/,https://www.facebook.com/McKenziesHardCider/,https://www.instagram.com/mckenzieshardcider/,https://maps.google.com/?cid=16812627050434550372,https://www.yelp.com/biz/f-x-matt-brewing-utica,https://www.tripadvisor.com/Attraction_Review-g48759-d534580,https://untappd.com/w/mckenzies-hard-cider/10931,43.1044459,-75.2455361,0
712,2024,Apple Cider Donut,🥇 Gold,Blake's Hard Cider Co.,Cider Mill Donut,Michigan,United States,MI,10,Active,Blake's Hard Cider Co.,http://www.blakeshardcider.com/,https://www.facebook.com/blakeshardciderco,https://www.instagram.com/blakeshardciderco/,https://maps.google.com/?cid=15855146673119620480,https://www.yelp.com/biz/blakes-ciderhouse-and-winery-armada,https://www.tripadvisor.com/Attraction_Review-g29560-d6678501,https://untappd.com/w/blakes-hard-cider-company/86334,42.8503113,-82.9513855,0
713,2024,Apple Cider Donut,🥈 Silver,Glacial Till Vineyard & Winery,Apple Cider Donut,Nebraska,United States,NE,294,Active,Glacial Till Vineyard & Winery,http://www.glacialtillvineyard.com/,https://www.facebook.com/glacialtillvineyard,https://www.instagram.com/glacialtillvineyard/,https://maps.google.com/?cid=185099829414435279,https://www.yelp.com/biz/glacial-till-tasting-room-ashland,https://www.tripadvisor.com/Attraction_Review-g29709-d5832186,https://untappd.com/w/glacial-till-vineyard-and-winery/223758,41.038896,-96.368951,0
714,2024,Apple Cider Donut,🥉 Bronze,Five Maidens Cider Company,Cider Donut,Pennsylvania,United States,PA,712,Active,Five Maidens Cider Company,https://5mcider.com/,https://www.facebook.com/5MCider/,https://www.instagram.com/5mcider/,https://maps.google.com/?cid=17669165397330541520,https://www.yelp.com/biz/five-maidens-cider-bethlehem,,https://untappd.com/FiveMaidensCiderCo,40.6109554,-75.373349,0
715,2024,Passionfruit,🥇 Gold,Vermont Cider Company,Wild Tropics,Vermont,United States,VT,664,Active,Vermont Cider Company,http://www.woodchuck.com/,https://www.facebook.com/WoodchuckCider,https://www.instagram.com/woodchuckcider/,https://maps.google.com/?cid=9402882086420367798,https://www.yelp.com/biz/woodchuck-hard-cidery-middlebury,https://www.tripadvisor.com/Attraction_Review-g57245-d7022345,https://untappd.com/w/woodchuck-cidery/611,44.034072,-73.172778,0
716,2024,Passionfruit,🥈 Silver,Armageddon Brewing,Circe,New Jersey,United States,NJ,949,Active,Armageddon Brewing,https://www.armageddon-brewing.com/,https://www.facebook.com/armageddonbrewing,https://www.instagram.com/armageddonbrewing/,https://maps.google.com/?cid=14423006988471622028,https://www.yelp.com/biz/armageddon-brewing-somerdale,,https://untappd.com/ArmageddonBrewing,39.8527204,-75.0225375,0
717,2024,Pineapple,🥇 Gold,Arsenal Cider House,Grant’s Flying Pumpkin,Pennsylvania,United States,PA,97,Active,Arsenal Cider House,https://www.arsenalciderhouse.com/lawrenceville/,https://www.facebook.com/ArsenalCider,https://www.instagram.com/arsenalcider/,https://maps.google.com/?cid=3302243150360255083,https://www.yelp.com/biz/arsenal-cider-house-and-wine-cellar-pittsburgh,https://www.tripadvisor.com/Attraction_Review-g53449-d4558019,https://untappd.com/w/arsenal-cider-house/12282,40.465108,-79.96092,0
718,2024,Pineapple,🥈 Silver,Armageddon Brewing,Ichabod’s Bane,New Jersey,United States,NJ,949,Active,Armageddon Brewing,https://www.armageddon-brewing.com/,https://www.facebook.com/armageddonbrewing,https://www.instagram.com/armageddonbrewing/,https://maps.google.com/?cid=14423006988471622028,https://www.yelp.com/biz/armageddon-brewing-somerdale,,https://untappd.com/ArmageddonBrewing,39.8527204,-75.0225375,0
719,2024,Pineapple,🥈 Silver,High Limb Hard Cider,Skeleton Grin,Massachusetts,United States,MA,330,Active,High Limb Hard Cider,https://www.highlimbcider.com/,https://www.facebook.com/highlimbcider/,https://www.instagram.com/highlimbcider/,https://maps.google.com/?cid=11042855047844464741,https://www.yelp.com/biz/high-limb-cider-plymouth,https://www.tripadvisor.com/Attraction_Review-g41773-d21723351,https://untappd.com/w/high-limb-hard-cider/108620,41.9434465,-70.7111477,0
720,2024,Pineapple,🥉 Bronze,Punx Cider Worx,Pumpkutawney,Pennsylvania,United States,PA,2247,Active,Punx Cider Worx,,https://www.facebook.com/p/Punx-Cider-Worx-100089111281003/,https://www.instagram.com/punxciderworx/,,,,https://untappd.com/w/punx-cider-worx/536367,40.9358884,-78.9681709,0
721,2024,Pie/Cobbler,🥇 Gold,Cider Corps,We The People Blueberry Pie,Arizona,United States,AZ,915,Active,Cider Corps,https://cidercorpsaz.com/,https://www.facebook.com/cidercorps/,https://www.instagram.com/cidercorps/,https://maps.google.com/?cid=9593182908980696987,https://www.yelp.com/biz/cider-corps-mesa-5,https://www.tripadvisor.com/Attraction_Review-g31281-d13003044,https://untappd.com/CiderCorps,33.4141147,-111.8364706,0
722,2024,Pie/Cobbler,🥈 Silver,Austin Eastciders,Peach Cobbler,Texas,United States,MI,104,Active,Austin Eastciders,http://austineastciders.com/,https://www.facebook.com/eastciders/,https://www.instagram.com/eastciders/,https://maps.google.com/?cid=14699519440178528476,https://www.yelp.com/biz/austin-eastciders-collaboratory-austin,https://www.tripadvisor.com/Attraction_Review-g30196-d8561332,https://untappd.com/w/austin-eastciders/18898,30.211595,-97.7404707,0
723,2024,Pie/Cobbler,🥉 Bronze,Glacial Till Vineyard & Winery,Barrel Aged Key Lime Pie,Nebraska,United States,NE,294,Active,Glacial Till Vineyard & Winery,http://www.glacialtillvineyard.com/,https://www.facebook.com/glacialtillvineyard,https://www.instagram.com/glacialtillvineyard/,https://maps.google.com/?cid=185099829414435279,https://www.yelp.com/biz/glacial-till-tasting-room-ashland,https://www.tripadvisor.com/Attraction_Review-g29709-d5832186,https://untappd.com/w/glacial-till-vineyard-and-winery/223758,41.038896,-96.368951,0
