producer_id,producer_name,wid,awards,medals,first_year,last_year,competitions,town,region,country,latitude,longitude,geo_source,website,google
2-towns-ciderhouse,2 Towns Ciderhouse,,328,307,2012,2024,6,Corvallis,Oregon,USA,44.563505,-123.226185,glintcap_extract,http://www.2townsciderhouse.com/,https://maps.google.com/?cid=10429935694700508047
angry-orchard,Angry Orchard,,243,233,2013,2024,10,Walden,New York,United States,41.587128,-74.221692,glintcap_extract,https://www.angryorchard.com/,https://maps.google.com/?cid=17467507983407382578
uncle-john-s,Uncle John's,,211,192,2005,2023,1,St Johns,Michigan,USA,43.112648,-84.561921,glintcap_extract,,
seattle-cider-company,Seattle Cider Company,,217,188,2015,2024,4,Seattle,Washington,USA,47.560327,-122.337605,glintcap_extract,http://www.seattlecidercompany.com/,https://maps.google.com/?cid=10339393864619567754
bauman-s-cider,Bauman's Cider,,180,157,2016,2024,6,Gervais,Oregon,USA,45.1079661,-122.8693386,glintcap_extract,https://baumanscider.com/,https://maps.google.com/?cid=10038644588886302965
vermont-cider-company,Vermont Cider Company,,145,135,2005,2024,4,Middlebury,Vermont,USA,44.034072,-73.172778,glintcap_extract,http://www.woodchuck.com/,https://maps.google.com/?cid=9402882086420367798
snow-capped-cider,Snow Capped Cider,,172,127,2017,2024,3,Cedaredge,Colorado,USA,38.898619,-107.924961,glintcap_extract,http://www.snowcappedcider.com/,https://maps.google.com/?cid=373602255640136887
haykin-family-cider,Haykin Family Cider,,128,112,2017,2024,1,Aurora,Colorado,USA,39.764391,-104.848127,glintcap_extract,,
vander-mill,Vander Mill,,111,108,2008,2024,3,Grand Rapids,Michigan,USA,42.971697,-85.630719,glintcap_extract,http://vandermill.com/,https://maps.google.com/?cid=6214407049389872858
blake-s-hard-cider-co,Blake's Hard Cider Co.,,115,105,2014,2024,3,Armada,Michigan,USA,42.8503113,-82.9513855,glintcap_extract,http://www.blakeshardcider.com/,https://maps.google.com/?cid=15855146673119620480
sidra-el-gaitero,Sidra El Gaitero,,103,101,2013,2024,8,Villaviciosa,Asturias,Spain,43.4923237,-5.4230532,glintcap_extract,https://www.sidraelgaitero.com/,https://maps.google.com/?cid=15753532318992345137
twin-pines-orchards-cider-house,Twin Pines Orchards & Cider House,,94,91,2011,2023,1,Thedford,Ontario,Canada,43.1877621,-81.8474768999999,glintcap_extract,,
tandem-ciders,Tandem Ciders,,95,89,2009,2024,1,Suttons Bay,Michigan,USA,45.011335,-85.659757,glintcap_extract,,
tieton-cider-works,Tieton Cider Works,,103,86,2011,2024,4,Yakima,Washington,USA,46.615859,-120.521786,glintcap_extract,https://tietonciderworks.com/,https://maps.google.com/?cid=9208093896298438407
small-acres-cyder,Small Acres Cyder,,86,83,2011,2024,3,Borenore,New South Wales,Australia,-33.2818782,148.9909171,glintcap_extract,https://www.smallacrescyder.com.au/,https://maps.google.com/?cid=1497457670374953580
1911-established,1911 Established,,87,79,2015,2024,3,Marietta,New York,USA,42.903744,-76.22158,glintcap_extract,http://1911established.com/,https://maps.google.com/?cid=13706571465768596510
puget-sound-cider-company,Puget Sound Cider Company,,76,76,2019,2024,2,Renton,Washington,USA,47.479856,-122.204573,glintcap_extract,https://www.shopantiques4u.com/puget-sound-cider-co,https://maps.google.com/?cid=8204287304413477076
thornbury-craft-co,Thornbury Craft Co.,,82,76,2013,2024,2,Thornbury,Ontario,Canada,44.5596898,-80.4459883999999,glintcap_extract,https://thornburycraft.com/,https://maps.google.com/?cid=17950053116977107226
virtue-cider,Virtue Cider,,80,76,2013,2023,4,Fennville,Michigan,USA,42.57688,-86.15187,glintcap_extract,http://www.virtuecider.com/,https://maps.google.com/?cid=8731167836057791034
farmhaus-cider-co,Farmhaus Cider Co.,,75,75,2015,2024,1,Hudsonville,Michigan,USA,42.936623,-85.909009,glintcap_extract,,
arsenal-cider-house,Arsenal Cider House,,76,73,2016,2024,3,Pittsburgh,Pennsylvania,USA,40.465108,-79.96092,glintcap_extract,https://www.arsenalciderhouse.com/lawrenceville/,https://maps.google.com/?cid=3302243150360255083
ciderboys,Ciderboys,,76,73,2014,2024,3,Stevens Point,Wisconsin,USA,44.510454,-89.573583,glintcap_extract,http://www.ciderboys.com/,https://maps.google.com/?cid=1756122992587390562
eden-ciders,Eden Ciders,,96,73,2009,2024,4,Newport,Vermont,USA,44.935976,-72.209246,glintcap_extract,https://www.edenciders.com/,https://maps.google.com/?cid=1133141626652589768
gypsy-circus,Gypsy Circus,,79,73,2017,2023,3,Kingsport,Tennessee,USA,36.520022,-82.51794,glintcap_extract,https://gypsycircuscider.com/,https://maps.google.com/?cid=4520512866262691085
sea-cider-farm-ciderhouse,Sea Cider Farm & Ciderhouse,,73,71,2014,2024,3,Saanichton,British Columbia,Canada,48.6036859,-123.396825,glintcap_extract,https://www.seacider.ca/,https://maps.google.com/?cid=689108951249608790
willie-smith-s,Willie Smith's,,71,71,2013,2024,4,Grove,Tasmania,Australia,-42.987793,147.085402,glintcap_extract,https://www.williesmiths.com.au/,https://maps.google.com/?cid=16057012530083496420
cidrerie-milton,Cidrerie Milton,,81,70,2013,2024,4,Sainte-Cécile-de-Milton,Quebec,Canada,45.483424,-72.759531,glintcap_extract,https://cidreriemilton.com/,https://maps.google.com/?cid=9570102942420505240
les-celliers-associ-s,Les Celliers Associés,,71,69,2015,2024,6,,Brittany,France,,,none,https://www.valderance.com/,https://maps.google.com/?cid=7883069809343472545
westons-cider,Westons Cider,,69,69,2009,2024,4,Ledbury,Herefordshire,England,51.994817,-2.512396,glintcap_extract,https://www.westons-cider.co.uk/,https://maps.google.com/?cid=11779156514256391794
aeppeltreow-winery-distillery,AeppelTreow Winery & Distillery,,71,66,2005,2024,2,Burlington,Wisconsin,USA,42.642658,-88.160186,glintcap_extract,http://aeppeltreow.com/,https://maps.google.com/?cid=14330457100802755750
glacial-till-vineyard-winery,Glacial Till Vineyard & Winery,,72,66,2018,2024,3,Ashland,Nebraska,USA,41.038896,-96.368951,glintcap_extract,http://www.glacialtillvineyard.com/,https://maps.google.com/?cid=185099829414435279
northville-winery-and-brewing-company,Northville Winery and Brewing Company,,69,65,2008,2024,1,Northville,Michigan,USA,42.437271,-83.475242,glintcap_extract,,
crispin-cider-company,Crispin Cider Company,,64,62,2006,2021,1,Colfax,California,USA,39.089006,-120.950642,glintcap_extract,,
lobo-cider,Lobo Cider,,62,62,2012,2024,1,,South Australia,Australia,,,none,https://www.lobocider.com.au/,
portland-cider-company,Portland Cider Company,,72,62,2013,2024,5,Clackamas,Oregon,USA,45.415288,-122.572714,glintcap_extract,http://portlandcider.com/,https://maps.google.com/?cid=5897814277091816079
stem-ciders,Stem Ciders,,71,61,2014,2024,3,Denver,Colorado,USA,39.761635,-104.983791,glintcap_extract,http://stemciders.com/,https://maps.google.com/?cid=14948853403840338868
threadbare-cider,Threadbare Cider,,64,61,2018,2024,2,Pittsburgh,Pennsylvania,USA,40.460471,-79.988895,glintcap_extract,https://threadbarecider.com/,https://maps.google.com/?cid=7094659481938293243
raven-s-moon-craft-cider,Raven's Moon Craft Cider,,59,59,2018,2024,1,Courtenay,British Columbia,Canada,49.692391,-125.040645,glintcap_extract,,
sidra-viuda-de-angel-n,Sidra Viuda de Angelón,,62,58,2013,2023,3,Nava,Asturias,Spain,43.367684,-5.523426,glintcap_extract,http://www.sidraviudaangelonpomar.es/,https://maps.google.com/?cid=13173562328637195239
spreyton-cider-co,Spreyton Cider Co.,,58,58,2013,2024,1,,Tasmania,Australia,,,none,https://www.spreytonciderco.com.au/,https://maps.google.com/?cid=4719454766033276507
cidre-le-brun,Cidre Le Brun,,57,57,2016,2024,3,Plovan,Brittany,France,47.925263,-4.344798,glintcap_extract,https://cidrelebrun.com/,https://maps.google.com/?cid=5387381455239409930
cidrerie-ch-teau-l-zergu,Cidrerie Château Lézergué,,56,56,2017,2024,2,,Brittany,,,,none,https://www.chateau-lezergue.com/,https://maps.google.com/?cid=8273125568764221419
bold-rock-hard-cider,Bold Rock Hard Cider,,56,55,2016,2024,2,Nellysford,North Carolina,United States,37.881384,-78.904992,glintcap_extract,https://boldrock.com/,https://maps.google.com/?cid=10604087929796439877
swift-cider,Swift Cider,,55,55,2016,2023,3,Portland,Oregon,USA,45.5791983999999,-122.6641214,glintcap_extract,https://www.swiftcider.com/,
st-vrain-cidery,St. Vrain Cidery,,55,52,2016,2024,2,Longmont,Colorado,USA,40.1651663,-105.104967,glintcap_extract,http://www.stvraincidery.com/,https://maps.google.com/?cid=17224865106599925771
island-orchard-cider,Island Orchard Cider,,56,51,2015,2024,2,Ellison Bay,Wisconsin,USA,45.256318,-87.071244,glintcap_extract,http://islandorchardcider.com/,https://maps.google.com/?cid=8005585823394699432
sidra-trabanco,Sidra Trabanco,,53,50,2014,2024,4,Llavandera,Asturias,Spain,43.4704387,-5.6447197,glintcap_extract,https://www.sidratrabanco.com/,https://maps.google.com/?cid=8706552013547802387
starcut-ciders,Starcut Ciders,,55,50,2015,2023,2,Bellaire,Michigan,USA,44.976269,-85.210357,glintcap_extract,http://starcutciders.com/,https://maps.google.com/?cid=2440791440580754774
the-hills-cider-company,The Hills Cider Company,,49,49,2011,2024,2,North Adelaide,South Australia,Australia,-35.0133029,138.8931757,glintcap_extract,,https://maps.google.com/?cid=40048064327732560
thatchers-cider,Thatchers Cider,,49,48,2013,2024,7,,Somerset,England,,,none,https://www.thatcherscider.co.uk/,https://maps.google.com/?cid=15191093037076298219
brooklyn-cider-house,Brooklyn Cider House,,56,47,2016,2024,4,New Paltz,New York,USA,41.757256,-74.04958,glintcap_extract,http://brooklynciderhouse.com/,https://maps.google.com/?cid=3244654366527486527
carmel-cider-co,Carmel Cider Co.,,47,47,2017,2024,1,,Western Australia,Australia,,,none,https://carmelcider.com.au/,https://maps.google.com/?cid=9888810503901269588
incline-cider-company,Incline Cider Company,,53,47,2016,2024,4,Auburn,Washington,USA,47.307323,-122.228453,glintcap_extract,http://www.inclinecider.com/,https://maps.google.com/?cid=504944612388443997
daylesford-cider-company,Daylesford Cider Company,,46,46,2016,2024,2,,Victoria,Australia,,,none,https://daylesfordcider.com.au/,https://maps.google.com/?cid=3704200538482217988
sapsucker-farms-yellow-belly-cidery,Sapsucker Farms Yellow Belly Cidery,,47,46,2016,2024,2,Mora,Minnesota,United States,45.8970174,-93.152247,glintcap_extract,https://www.sapsuckerfarms.com/,https://maps.google.com/?cid=10529182272851607589
west-avenue-cider,West Avenue Cider,,51,46,2014,2023,3,Freelton,Ontario,Canada,43.3699543,-79.9815735,glintcap_extract,https://www.westavenue.ca/,https://maps.google.com/?cid=2732627738094534556
thor-s-hard-cider,Thor's Hard Cider,,51,45,2018,2023,3,Stillwater,Minnesota,USA,45.042138,-92.865744,glintcap_extract,https://www.thorshardcider.com/,https://maps.google.com/?cid=16250618587804183842
flying-brick-cider,Flying Brick Cider,,44,44,2013,2024,1,,Victoria,Australia,,,none,https://flyingbrickciderco.com.au/,https://maps.google.com/?cid=413601929230884265
hillbilly-cider,Hillbilly Cider,,44,44,2012,2024,1,,New South Wales,Australia,,,none,https://hillbillycider.com.au/,https://maps.google.com/?cid=904695025997043027
wandering-aengus-ciderworks,Wandering Aengus Ciderworks,,45,44,2006,2017,3,Salem,Oregon,USA,44.893871,-122.996201,glintcap_extract,,
colorado-cider-company,Colorado Cider Company,,49,43,2014,2024,3,Denver,Colorado,USA,39.71898,-105.01961,glintcap_extract,http://www.coloradocider.com/,https://maps.google.com/?cid=9606181927626096546
liberty-ciderworks,Liberty Ciderworks,,61,43,2013,2024,4,Spokane,Washington,USA,47.655356,-117.418438,glintcap_extract,http://libertycider.com/,https://maps.google.com/?cid=14868081944798289423
sidra-riestra,Sidra Riestra,,49,43,2013,2024,4,Sariego,Asturias,Spain,43.416536,-5.580949,glintcap_extract,http://www.sidrariestra.com/,https://maps.google.com/?cid=2253085342105400787
cider-creek-hard-cider,Cider Creek Hard Cider,,45,42,2015,2019,2,Canisteo,New York,USA,42.316655,-77.60405,glintcap_extract,http://www.cidercreekhardcider.com/,https://maps.google.com/?cid=7573055340708815679
snowdrift-cider-co,Snowdrift Cider Co.,,51,42,2009,2023,4,East Wenatchee,Washington,USA,47.400586,-120.178628,glintcap_extract,https://www.snowdriftcider.com/,https://maps.google.com/?cid=18339570792633761066
stormalong-cider,Stormalong Cider,,54,42,2015,2024,4,Sherborn,Massachusetts,USA,42.231425,-71.362237,glintcap_extract,https://www.stormalong.com/,https://maps.google.com/?cid=9791117786097773397
eris-brewery-cider-house,Eris Brewery & Cider House,,42,41,2018,2024,3,Chicago,United States,United States,41.953873,-87.734239,glintcap_extract,https://www.erischicago.com/,https://maps.google.com/?cid=8228819364943835803
ernest-cider,Ernest Cider,,42,41,2017,2024,1,Newmarket,Ontario,Canada,44.0410624,-79.6608566,glintcap_extract,,
hogan-s-cider,Hogan's Cider,,48,41,2011,2024,4,Alcestor,England,England,52.2205461,-1.8336097,glintcap_extract,https://www.hoganscider.co.uk/,https://maps.google.com/?cid=344551779062280462
pomologik,Pomologik,,41,41,2022,2024,3,,Sweden,Sweden,,,none,https://www.pomologik.se/,https://maps.google.com/?cid=17836181822390207936
anxo-cider,ANXO Cider,,41,40,2016,2024,2,Washington,United States,USA,38.956577,-77.022874,glintcap_extract,https://store.anxodc.com/,https://maps.google.com/?cid=9806483452569861957
albemarle-ciderworks,Albemarle CiderWorks,,42,40,2012,2024,2,North Garden,Virginia,USA,37.966531,-78.650136,glintcap_extract,http://www.albemarleciderworks.com/,https://maps.google.com/?cid=18144857979395006290
bilpin-cider,Bilpin Cider,,40,40,2013,2024,1,,New South Wales,Australia,,,none,https://bilpincider.com/,https://maps.google.com/?cid=1982319036704250930
donovan-orchards-estate-ciders,Donovan Orchards Estate Ciders,,43,40,2012,2024,2,Barker,New York,USA,43.3638889,-78.5572222,glintcap_extract,https://donovanorchards.com/,https://maps.google.com/?cid=13708330907237858097
napoleone-cider,Napoleone Cider,,40,40,2011,2024,1,,Victoria,Australia,,,none,https://napoleone.com.au/,https://maps.google.com/?cid=3472985488113617215
kings-highway-fine-cider,Kings Highway Fine Cider,,39,39,2016,2018,1,Millerton,New York,USA,41.8978652,-73.534851,glintcap_extract,,
locust-cider,Locust Cider,,41,39,2016,2024,2,Woodinville,Washington,USA,47.766244,-122.148563,glintcap_extract,http://www.locustcider.com/,https://maps.google.com/?cid=17533531076865420551
big-b-s-hard-cider,Big B's Hard Cider,,55,38,2013,2022,4,Hotchkiss,Colorado,USA,38.860785,-107.626061,glintcap_extract,http://www.bigbs.com/,https://maps.google.com/?cid=78577038036310991
embark-craft-ciderworks,Embark Craft Ciderworks,,38,38,2015,2024,1,Williamson,New York,USA,43.248684,-77.187685,glintcap_extract,,
marks-spencer,Marks & Spencer,,38,38,2018,2020,1,,England,,,,none,https://www.marksandspencer.com/,
ramborn-cider-co,Ramborn Cider Co.,,38,38,2017,2023,7,Born,Echternach,Luxembourg,,,none,https://www.ramborn.com/,https://maps.google.com/?cid=16691194016355154342
salt-spring-wild-cider,Salt Spring Wild Cider,,45,38,2017,2023,2,Salt Spring Island,British Columbia,Canada,48.862494,-123.522065,glintcap_extract,https://saltspringwildcider.com/,https://maps.google.com/?cid=1013951137212036854
urban-tree-hard-cider,Urban Tree Hard Cider,,45,38,2016,2022,4,Atlanta,Georgia,USA,33.794905,-84.414797,glintcap_extract,https://urbantreecidery.com/,https://maps.google.com/?cid=8193144976879641306
cusson,Écusson,,39,38,2015,2024,5,,Île-de-France,France,,,none,https://www.cidre-ecusson.com/,https://maps.google.com/?cid=4055962133986878795
castle-hill-cider,Castle Hill Cider,,48,37,2012,2023,3,Keswick,Virginia,USA,38.0888889,-78.2908333,glintcap_extract,http://www.castlehillcider.com/,https://maps.google.com/?cid=4112176064200176389
meriwether-cider-company,Meriwether Cider Company,,43,37,2018,2024,4,Garden City,Idaho,USA,43.645176,-116.271227,glintcap_extract,https://www.meriwethercider.com/,https://maps.google.com/?cid=7830741432069672416
robinette-cellars,Robinette Cellars,,37,37,2006,2021,1,Grand Rapids,Michigan,USA,43.027537,-85.592264,glintcap_extract,,
sidewood-estate,Sidewood Estate,,40,37,2015,2024,4,Hahndorf,South Australia,Australia,-35.0207278,138.7945874,glintcap_extract,https://sidewood.com.au/,https://maps.google.com/?cid=16006910239256404559
aston-manor-cider,Aston Manor Cider,,36,36,2017,2024,3,,West Midlands,England,,,none,https://www.astonmanor.co.uk/,https://maps.google.com/?cid=8328306569280299730
city-orchard,City Orchard,,37,36,2017,2023,1,Houston,Texas,USA,29.7708798,-95.3868984,glintcap_extract,,
finnriver-farm-and-cidery,Finnriver Farm and Cidery,,40,36,2011,2023,1,Chimacum,Washington,USA,48.0097371,-122.7694043,glintcap_extract,,
oliver-s-cider-and-perry,Oliver's Cider and Perry,,38,36,2009,2024,4,Ocle Pychard,Herefordshire,England,52.118645,-2.59315,glintcap_extract,https://www.oliversciderandperry.co.uk/,https://maps.google.com/?cid=7135495925516207657
two-k-farms,Two K Farms,,37,36,2019,2024,3,Suttons Bay,Michigan,USA,44.922709,-85.626569,glintcap_extract,http://www.twokfarms.com/,https://maps.google.com/?cid=10000035318484135155
weidmann-groh,Weidmann & Groh,,37,36,2012,2024,4,Friedberg-Ockstadt,Hesse,Germany,50.3305754,8.7244989,glintcap_extract,https://weidmann-groh.de/,https://maps.google.com/?cid=6569120976887073603
core-cider,Core Cider,,35,35,2011,2022,1,,Western Australia,Australia,,,none,https://corecider.com.au/,https://maps.google.com/?cid=9482101079872958147
left-foot-charley,Left Foot Charley,,36,35,2011,2023,1,Traverse City,Michigan,USA,44.756339,-85.645097,glintcap_extract,,
sidra-panizales,Sidra Panizales,,44,35,2013,2023,2,,Asturias,,,,none,https://sidrapanizales.com/,https://maps.google.com/?cid=16258480851124885832
sidra-somarroza,Sidra Somarroza,,35,35,2016,2024,7,Renedo de Piélagos,Cantabria,Spain,43.3529633,-3.9604843,glintcap_extract,https://sidrasomarroza.es/,https://maps.google.com/?cid=7109045394192195825
winery-at-black-star-farms,Winery at Black Star Farms,,41,35,2005,2021,1,Suttons Bay,Michigan,USA,44.933625,-85.636114,glintcap_extract,,
frank-s-cider,Frank's Cider,,34,34,2012,2024,2,,Tasmania,Australia,,,none,https://www.frankscider.com.au/,https://maps.google.com/?cid=12281895632138757991
sisson-smith,Sisson & Smith,,38,34,2023,2024,3,,Nottinghamshire,,,,none,,
lo-c-raison,Loïc Raison,,34,33,2017,2024,4,Domagné,Brittany,France,48.070267,-1.394779,glintcap_extract,https://www.loicraison.fr/,https://maps.google.com/?cid=15768587504697904757
mcclure-s-orchard-winery,McClure's Orchard & Winery,,33,33,2011,2023,1,Peru,Indiana,USA,40.837576,-86.130016,glintcap_extract,,
sidra-mayador,Sidra Mayador,,37,33,2014,2024,4,La Rasa,Asturias,Spain,43.514985,-5.330323,glintcap_extract,http://www.mayador.com/,https://maps.google.com/?cid=6886369759358960464
cider-hill-cellars,Cider Hill Cellars,,36,32,2018,2024,1,Amesbury,Massachusetts,USA,42.875044,-70.926449,glintcap_extract,,
j-rg-geiger,Jörg Geiger,,46,32,2016,2024,2,,Germany,Germany,,,none,https://www.manufaktur-joerg-geiger.de/,https://maps.google.com/?cid=908271853334307402
sage-bird-ciderworks,Sage Bird Ciderworks,,33,32,2021,2024,1,Harrisonburg,Virginia,USA,38.4530173,-78.86998,glintcap_extract,,
vala-s-orchard-cider,Vala's Orchard Cider,,36,32,2021,2024,3,Gretna,Nebraska,USA,41.1285802,-96.1989432,glintcap_extract,https://www.valasappleorchard.com/,https://maps.google.com/?cid=15056510891597103165
bee-well-mead-cider,Bee Well Mead & Cider,,36,31,2016,2023,1,Bellaire,Michigan,USA,44.9760455,-85.2098303,glintcap_extract,,
big-fish-cider-co,Big Fish Cider Co.,,38,31,2016,2024,4,Monterey,Virginia,USA,38.412304,-79.58293,glintcap_extract,http://www.bigfishcider.com/,https://maps.google.com/?cid=10686446551531832863
california-cider-company,California Cider Company,,32,31,2015,2023,2,Sebastopol,California,USA,38.423506,-122.849754,glintcap_extract,http://www.acecider.com/,
cidrerie-du-minot,Cidrerie du Minot,,38,31,2016,2019,1,Hemmingford,Quebec,Canada,45.019621,-73.621962,glintcap_extract,,
jefferson-county-ciderworks,Jefferson County Ciderworks,,35,31,2017,2024,1,Fairfield,Iowa,USA,41.017198,-92.018367,glintcap_extract,,
gowan-s-heirloom-ciders,Gowan's Heirloom Ciders,,48,30,2017,2024,4,Philo,California,USA,39.0869042,-123.4751758,glintcap_extract,http://www.gowansheirloomcider.com/,https://maps.google.com/?cid=14585432541984297394
rootstock-ciderworks,Rootstock Ciderworks,,32,30,2015,2022,1,Marion,New York,USA,43.201215,-77.224684,glintcap_extract,,
westcott-bay-cider,Westcott Bay Cider,,32,30,2006,2019,1,Friday Harbor,Washington,USA,48.603122,-123.162475,glintcap_extract,,
champlain-orchards,Champlain Orchards,,41,29,2013,2024,3,Shoreham,Vermont,USA,43.856854,-73.353028,glintcap_extract,https://www.champlainorchards.com/,https://maps.google.com/?cid=12438523521595198148
distillerie-du-gorvello,Distillerie du Gorvello,,29,29,2017,2024,2,,Morbihan,,,,none,https://www.distilleriedugorvello.fr/,https://maps.google.com/?cid=13385362377425184430
number-12-cider,Number 12 Cider,,30,29,2016,2024,2,Minneapolis,Minnesota,USA,44.9852933,-93.2796211,glintcap_extract,http://www.number12ciderhouse.com/,https://maps.google.com/?cid=2535435254747381286
pux-cider,Pux Cider,,30,29,2016,2024,1,Grand Rapids,Michigan,USA,42.9683341,-85.6402739999999,glintcap_extract,,
annapolis-cider-company,Annapolis Cider Company,,32,28,2017,2024,1,Wolfville,Nova Scotia,Canada,45.09178,-64.360279,glintcap_extract,,
barossa-cider-co,Barossa Cider Co.,,28,28,2013,2024,1,,South Australia,Australia,,,none,https://barossavalleyciderco.com/,
celtic-marches,Celtic Marches,,31,28,2018,2021,3,Bishops Frome,England,England,52.1392063,-2.4991058,glintcap_extract,https://www.celticmarches.com/,https://maps.google.com/?cid=14163451376835523124
cidre-fournier,Cidre Fournier,,28,28,2017,2024,1,,Normandy,,,,none,https://www.cidre-fournier.com/,https://maps.google.com/?cid=13822741997025402443
cidrerie-verger-bilodeau,Cidrerie Verger Bilodeau,,31,28,2017,2024,1,Saint-Pierre,Quebec,Canada,46.9128997,-71.0393277,glintcap_extract,,
domaine-des-hauts-vents,Domaine des Hauts-Vents,,28,28,2017,2024,2,,Normandy,,,,none,http://hautsvents.com/,https://maps.google.com/?cid=3890633221204655265
mountain-west-cider-company,Mountain West Cider Company,,32,28,2016,2024,3,Salt Lake City,Utah,USA,40.778772,-111.903037,glintcap_extract,http://mountainwestcider.com/,https://maps.google.com/?cid=16538924633378887108
thornapple-brewing-company,Thornapple Brewing Company,,29,28,2017,2024,2,Grand Rapids,Michigan,United States,42.912347,-85.512693,glintcap_extract,https://www.thornapplebrewing.com/,https://maps.google.com/?cid=9646788014435304722
windy-hill-orchard-cidery,Windy Hill Orchard & Cidery,,28,28,2011,2019,1,York,South Carolina,USA,35.025033,-81.280415,glintcap_extract,,
black-diamond-cider,Black Diamond Cider,,35,27,2017,2023,2,Trumansburg,New York,USA,42.547829,-76.655099,glintcap_extract,https://blackdiamondcider.com/,https://maps.google.com/?cid=10338399888952299802
dragon-s-head-cider,Dragon's Head Cider,,37,27,2017,2022,4,Vashon,Washington,USA,47.441428,-122.473876,glintcap_extract,http://www.dragonsheadcider.com/,https://maps.google.com/?cid=2526574753760904159
five-maidens-cider-company,Five Maidens Cider Company,,27,27,2022,2024,2,Bethlehem,Pennsylvania,United States,40.6109554,-75.373349,glintcap_extract,https://5mcider.com/,https://maps.google.com/?cid=17669165397330541520
green-bench-brewing-co,Green Bench Brewing Co.,,28,27,2016,2024,3,St. Petersburg,Florida,USA,27.771864,-82.650644,glintcap_extract,https://www.greenbenchbrewing.com/,https://maps.google.com/?cid=4473987284585319628
lost-boy-cider,Lost Boy Cider,,27,27,2021,2024,1,Alexandria,Virginia,USA,38.798715,-77.06327,glintcap_extract,,
papa-moon-vineyards-winery,Papa Moon Vineyards & Winery,,30,27,2021,2024,3,Scottsbluff,Nebraska,USA,41.8877158,-103.6176699,glintcap_extract,https://www.papamoonvineyards.com/,https://maps.google.com/?cid=16564507604611639866
st-ronan-s-cider,St Ronan's Cider,,27,27,2012,2024,1,,Victoria,Australia,,,none,https://stronanscider.com.au/,https://maps.google.com/?cid=1347860416011573691
the-apple-thief,The Apple Thief,,27,27,2013,2024,1,,New South Wales,Australia,,,none,https://theapplethief.com.au/,https://maps.google.com/?cid=4762631239680624675
atlanta-hard-cider-co,Atlanta Hard Cider Co.,,28,26,2019,2024,2,Atlanta,Georgia,United States,33.9507273,-84.52255,glintcap_extract,https://www.atlantahardcider.com/,https://maps.google.com/?cid=15330589380276964489
kw-craft-cider,KW Craft Cider,,26,26,2015,2022,1,Waterloo,Ontario,Canada,43.508396,-80.543731,glintcap_extract,,
kangaroo-island-ciders,Kangaroo Island Ciders,,26,26,2012,2024,1,,South Australia,Australia,,,none,https://www.kangarooislandciders.com.au/,https://maps.google.com/?cid=7120331639179318476
montana-ciderworks,Montana CiderWorks,,27,26,2012,2023,3,Darby,Montana,USA,45.965401,-114.11709,glintcap_extract,http://montanacider.com/,
noble-cider,Noble Cider,,36,26,2016,2024,2,Asheville,North Carolina,USA,35.602136,-82.62465,glintcap_extract,http://www.noblecider.com/,https://maps.google.com/?cid=10806279487860629423
sheppy-s-cider,Sheppy's Cider,,27,26,2014,2023,3,Bradford-on-Tone,England,England,50.9935861,-3.1723149,glintcap_extract,https://www.sheppyscider.com/,https://maps.google.com/?cid=14572513592829460886
slake-cider,Slake Cider,,28,26,2012,2021,3,McMinnville,Oregon,USA,45.215577,-123.197811,glintcap_extract,,
aspall,Aspall,,25,25,2009,2021,5,Debenham,Suffolk,England,52.2435749,1.1787641,glintcap_extract,https://www.aspall.co.uk/,https://maps.google.com/?cid=12281573289882642327
avid-cider,Avid Cider,,30,25,2014,2024,5,Bend,Oregon,USA,44.0509307,-121.3144074,glintcap_extract,https://avidcider.com/,
bull-run-cider,Bull Run Cider,,25,25,2013,2022,2,Forest Grove,Oregon,USA,45.523121,-123.106516,glintcap_extract,http://www.bullruncider.com/,https://maps.google.com/?cid=13917891364878698013
loch-m-r-cider-co,Loch Mór Cider Co.,,31,25,2019,2024,2,Wellington,Ontario,Canada,43.9718054,-77.3897867,glintcap_extract,https://www.lochmorcider.com/,https://maps.google.com/?cid=9109460907919194612
phillips-orchards-cider-mill,Phillips Orchards & Cider Mill,,25,25,2019,2024,1,St Johns,Michigan,USA,43.1177,-84.563483,glintcap_extract,,
schilling-cider,Schilling Cider,,29,25,2015,2024,4,Auburn,Washington,USA,47.347243,-122.233995,glintcap_extract,https://schillingcider.com/,https://maps.google.com/?cid=12281308087911884522
sydney-brewery,Sydney Brewery,,25,25,2015,2024,1,,New South Wales,Australia,,,none,https://sydneybrewery.com/,https://maps.google.com/?cid=6674617705014025022
zapiain,Zapiain,,32,25,2014,2024,5,Astigarraga,Spain,Spain,43.2821854,-1.9422089,glintcap_extract,https://zapiain.eus/,https://maps.google.com/?cid=16982677267877188990
cambium-cider-co,Cambium Cider Co,,25,24,2015,2023,2,Vernon,British Columbia,Canada,50.2798201,-119.2228203,glintcap_extract,https://www.cambiumcider.com/,https://maps.google.com/?cid=6249839959535544019
cidre-viard-bayeux,Cidre Viard-Bayeux,,24,24,2019,2024,3,,Normandy,,,,none,https://cidrebayeux.com/,https://maps.google.com/?cid=13233255599279949282
citizen-cider,Citizen Cider,,28,24,2016,2021,3,Burlington,Vermont,USA,44.470722,-73.214282,glintcap_extract,https://www.citizencider.com/,https://maps.google.com/?cid=705537445817027258
deep-roots-hard-cider,Deep Roots Hard Cider,,26,24,2016,2024,2,Sugar Run,Pennsylvania,USA,41.606174,-76.228739,glintcap_extract,https://www.deeprootshardcider.com/,https://maps.google.com/?cid=9648569218795825836
distillery-lane-ciderworks,Distillery Lane Ciderworks,,24,24,2011,2017,1,Jefferson,Maryland,USA,39.386592,-77.620521,glintcap_extract,,
empyrical-orchards-cider,Empyrical Orchards & Cider,,28,24,2019,2023,1,,,,,,none,,
fenceline-cider,Fenceline Cider,,24,24,2019,2023,2,Mancos,Colorado,USA,37.344471,-108.28887,glintcap_extract,https://www.fenceline.co/,https://maps.google.com/?cid=10459681325423767911
ferme-de-la-sapini-re,Ferme de la Sapinière,,24,24,2014,2024,2,Saint-Laurent-sur-Mer,Normandy,France,49.3561555,-0.8754963,glintcap_extract,https://www.producteur-cidre.com/,https://maps.google.com/?cid=13033032790677741913
floribunda,Floribunda,,26,24,2017,2024,3,Salorno,Italy,Italy,46.2431813,11.2153676,glintcap_extract,https://www.floribunda.it/,https://maps.google.com/?cid=14548393953505771229
hawkes,Hawkes,,24,24,2018,2021,2,,England,,,,none,https://wearehawkes.com/,
james-creek-cider-house,James Creek Cider House,,27,24,2016,2024,4,Cameron,North Carolina,USA,35.336069,-79.245782,glintcap_extract,https://jamescreekciderhouse.com/,https://maps.google.com/?cid=8654485681895206331
maison-kerlo-ck,Maison Kerloïck,,24,24,2017,2024,2,,Brittany,,,,none,https://www.kerloick.bzh/,https://maps.google.com/?cid=8360416368856844083
original-sin-cider,Original Sin Cider,,24,24,2009,2024,3,New York,New York,USA,40.733215,-73.991496,glintcap_extract,http://www.origsin.com/,
townline-ciderworks,Townline Ciderworks,,26,24,2017,2024,1,Williamsburg,Michigan,USA,44.863802,-85.422672,glintcap_extract,,
beaver-valley-orchard-cidery,Beaver Valley Orchard & Cidery,,23,23,2014,2021,1,Kimberley,Ontario,Canada,44.432324,-80.522854,glintcap_extract,,
eva-group,Eva Group,,23,23,2016,2020,5,Lekunberri,Navarre,Spain,43.0042839,-1.91068,glintcap_extract,https://www.evasa.com/,https://maps.google.com/?cid=546948451257487120
hazlitt-1852-vineyards,Hazlitt 1852 Vineyards,,24,23,2016,2023,2,Naples,New York,USA,42.621963,-77.400262,glintcap_extract,https://hazlitt1852.com/,https://maps.google.com/?cid=5120913070607308492
les-vergers-de-kermao,Les Vergers de Kermao,,24,23,2017,2024,5,Gouesnac'h,Brittany,France,47.9218609999999,-4.08807999999999,glintcap_extract,https://www.cidre-bretagne.com/,https://maps.google.com/?cid=11761800243914556755
mr-pl-me,Mr. Plūme,,28,23,2018,2024,3,,Latvia,Latvia,,,none,https://www.mrplume.lv/,https://maps.google.com/?cid=9319841841199759114
sidra-casta-n,Sidra Castañón,,24,23,2013,2024,4,Quintueles,Asturias,Spain,43.5144271,-5.5691788,glintcap_extract,https://sidracastanon.com/,https://maps.google.com/?cid=3082307260151948865
dunkertons-cider-and-perry,Dunkertons Cider and Perry,,26,22,2016,2024,4,Cheltenham,England,England,51.8771374,-2.0279869,glintcap_extract,https://www.dunkertonscider.co.uk/,https://maps.google.com/?cid=4719921113153419800
funk-cider,Funk Cider,,22,22,2017,2023,1,,Western Australia,Australia,,,none,https://funkdrinks.co/,https://maps.google.com/?cid=12976653066917509642
le-pressoir-d-or,Le Pressoir d'Or,,22,22,2018,2024,3,,Normandy,France,,,none,http://www.pressoirdor.com/,https://maps.google.com/?cid=11174929092699381803
mooma,Mooma,,24,22,2016,2024,3,,Catalonia,Spain,,,none,https://mooma.cat/,https://maps.google.com/?cid=11350926811080988766
presque-isle-farm-cider,Presque Isle Farm Cider,,23,22,2021,2024,1,Posen,Michigan,USA,45.25734,-83.59946,glintcap_extract,,
stonewell-cider,Stonewell Cider,,24,22,2016,2024,3,,Ireland,Ireland,,,none,https://www.stonewellcider.com/,https://maps.google.com/?cid=6638378960827420170
19-acres-cider-co,19 Acres Cider Co.,,25,21,2022,2024,3,Sherwood,Oregon,USA,45.3886798,-122.9315471,glintcap_extract,https://19acres.com/,https://maps.google.com/?cid=4476171369322689525
apple-valley-cider-company,Apple Valley Cider Company,,22,21,2019,2024,2,Penrose,Colorado,United States,38.425243,-105.026257,glintcap_extract,http://www.applevalleycider.com/,https://maps.google.com/?cid=8798456079688966999
blue-toad-hard-cider,Blue Toad Hard Cider,,22,21,2017,2024,1,Roseland,Virginia,USA,37.8769705,-78.9252662,glintcap_extract,,
bull-city-ciderworks,Bull City Ciderworks,,23,21,2018,2022,1,Lexington,North Carolina,USA,35.818872,-80.255816,glintcap_extract,,
bulmers,Bulmers,,21,21,2013,2020,2,,England,England,,,none,https://www.bulmers.co.uk/,https://maps.google.com/?cid=13460408443952843212
cidrerie-berri,Cidrerie Berri,,23,21,2016,2023,2,,Basque Country,,,,none,https://txopinondo.fr/,https://maps.google.com/?cid=14446292626809718341
maley,Maley,,25,21,2016,2024,1,,Italy,,,,none,https://www.maleymontblanc.com/,https://maps.google.com/?cid=94166741695887894
peat-s-original-cider,Peat's Original Cider,,23,21,2018,2024,1,Stevensville,Michigan,USA,42.0052528,-86.5306091,glintcap_extract,,
rawlins-family-cider,Rawlins Family Cider,,24,21,2023,2024,1,,,,,,none,https://www.rawlinsfamilycider.co.uk/,
sandford-orchards,Sandford Orchards,,23,21,2018,2024,4,,England,England,,,none,https://www.sandfordorchards.co.uk/,https://maps.google.com/?cid=2784404680033020235
teal-cider,Teal Cider,,21,21,2017,2021,1,Dolores,Colorado,USA,37.4715586,-108.6286897,glintcap_extract,,
a-factory-aomori-cidre,A-Factory Aomori Cidre,,20,20,2018,2024,1,,Japan,,,,none,https://afactory-abc.com/cidre/,https://maps.google.com/?cid=2400746234436166085
alpenfire-cider,Alpenfire Cider,,20,20,2011,2023,3,Port Townsend,Washington,USA,48.082401,-122.87609,glintcap_extract,https://www.alpenfirecider.com/,https://maps.google.com/?cid=13194604853315575065
blackgrass-ciderworks,Blackgrass Ciderworks,,20,20,2021,2023,2,Birmingham,Michigan,United States,42.543611,-83.195536,glintcap_extract,https://www.blackgrasscider.com/,https://maps.google.com/?cid=706094858439654713
brickworks-ciderhouse,Brickworks Ciderhouse,,21,20,2016,2022,1,Toronto,Ontario,Canada,43.718379,-79.312625,glintcap_extract,,
cider-riot,Cider Riot!,,21,20,2014,2019,3,Portland,Oregon,USA,45.523854,-122.657297,glintcap_extract,,
cidrerie-de-menez-brug,Cidrerie de Menez-Brug,,20,20,2016,2024,4,Fouesnant,Brittany,France,47.8654274,-3.9978625,glintcap_extract,https://www.cidrerie-de-menez-brug.com/,https://maps.google.com/?cid=10640223041696316686
ficklewood-ciderworks,Ficklewood Ciderworks,,20,20,2021,2024,1,Long Beach,California,USA,33.7691676,-118.1833942,glintcap_extract,,
kelterei-heil,Kelterei Heil,,20,20,2017,2024,3,,Germany,Germany,,,none,https://kelterei-heil.de/,https://maps.google.com/?cid=18431477139160593371
plenty-cider,Plenty Cider,,20,20,2021,2024,1,,Tasmania,Australia,,,none,https://www.plentycider.com.au/,https://maps.google.com/?cid=108618394510087143
pommies-cider-co,Pommies Cider Co.,,20,20,2013,2018,1,Caledon,Ontario,Canada,43.863806,-79.720618,glintcap_extract,,
square-mile-cider,Square Mile Cider,,23,20,2014,2019,3,Portland,Oregon,USA,45.541124,-122.676595,glintcap_extract,https://www.squaremilecider.com/,https://maps.google.com/?cid=1334101927022279814
suttons-bay-ciders,Suttons Bay Ciders,,23,20,2017,2024,1,Suttons Bay,Michigan,USA,44.905766,-85.643616,glintcap_extract,,
yip-cider,Yip Cider,,22,20,2018,2024,1,Long Reach,New Brunswick,Canada,45.4296035,-66.1424713,glintcap_extract,,
bent-ladder,Bent Ladder,,21,19,2019,2024,3,Doylestown,Ohio,USA,40.9646071,-81.739989,glintcap_extract,http://bentladder.com/,https://maps.google.com/?cid=5886580381731979881
cheeky-grog-co,Cheeky Grog Co,,19,19,2015,2021,1,,Victoria,Australia,,,none,https://cheekygrogco.com/,https://maps.google.com/?cid=18312852297094426661
elegast-cidery,Elegast Cidery,,19,19,2020,2023,3,,Netherlands,Netherlands,,,none,https://elegastcider.nl/,https://maps.google.com/?cid=5936408747857287023
ferme-des-no-s,Ferme des Noës,,19,19,2017,2024,2,,Normandy,,,,none,https://www.fermedesnoes.com/,https://maps.google.com/?cid=16067236232754040277
harcourt-perry-cider-makers,Harcourt Perry & Cider Makers,,19,19,2015,2022,2,,Victoria,Australia,,,none,https://harcourtcider.com.au/,https://maps.google.com/?cid=8775592475109844928
maeloc,Maeloc,,19,19,2015,2021,3,Chantada,Spain,Spain,42.5868096,-7.7764782,glintcap_extract,https://maelocway.com/,https://maps.google.com/?cid=11814015461660737074
mcintosh-cellars,Mcintosh Cellars,,20,19,2006,2019,1,South Haven,Michigan,USA,42.469453,-86.170857,glintcap_extract,,
meckley-s-cidery,Meckley's Cidery,,19,19,2013,2016,1,Cement City,Michigan,USA,42.058904,-84.405962,glintcap_extract,,
mist-rios-da-quinta,Mistérios da Quinta,,19,19,2023,2024,4,,Portugal,Portugal,,,none,,https://maps.google.com/?cid=17308535962264911617
nashi-orchards,Nashi Orchards,,23,19,2016,2024,3,Vashon,Washington,USA,47.375697,-122.504058,glintcap_extract,http://www.nashiorchards.com/,https://maps.google.com/?cid=12360902013052761069
petritegi,Petritegi,,22,19,2017,2024,5,Astigarraga,Basque Country,Spain,,,none,https://www.petritegi.com/,https://maps.google.com/?cid=16425101977693923721
seven-oaks-farmhouse-cider,Seven Oaks Farmhouse Cider,,19,19,2014,2022,1,,Victoria,Australia,,,none,https://www.sevenoakscider.com.au/,https://maps.google.com/?cid=8084176422687381883
spirit-tree-estate-cidery,Spirit Tree Estate Cidery,,19,19,2011,2017,2,Caledon,Ontario,Canada,43.757858,-79.9424878,glintcap_extract,https://spirittreecider.com/,https://maps.google.com/?cid=4800485022282341419
urban-farm-fermentory,Urban Farm Fermentory,,20,19,2018,2023,3,Portland,United States,USA,43.669113,-70.256105,glintcap_extract,https://www.fermentory.com/,
cidre-sorre,Cidre Sorre,,18,18,2017,2024,3,,Brittany,,,,none,https://www.cidre-sorre.fr/,https://maps.google.com/?cid=3277478841126723957
empyrical-orchard-cidery,Empyrical Orchard & Cidery,,24,18,2023,2024,3,Snohomish,Washington,USA,47.9125058,-122.0347067,glintcap_extract,,
etta-place-cider,Etta Place Cider,,18,18,2021,2024,1,Torrey,Utah,USA,38.299562,-111.4351606,glintcap_extract,,
forgotten-ciders,Forgotten Ciders,,18,18,2015,2018,1,Wheeler,Michigan,USA,43.466119,-84.411417,glintcap_extract,,
grey-gold-cider,Grey & Gold Cider,,20,18,2017,2023,1,Clarksburg,Ontario,Canada,44.526397,-80.4657931,glintcap_extract,,
groupe-geloso,Groupe Geloso,,20,18,2014,2024,3,,Canada,Canada,,,none,https://groupegeloso.com/,https://maps.google.com/?cid=14532853692172548925
heeman-s,Heeman's,,19,18,2021,2024,1,Thorndale,Ontario,Canada,43.0407802,-81.1242136,glintcap_extract,,
minneapolis-cider-company,Minneapolis Cider Company,,18,18,2016,2024,1,Minneapolis,Minnesota,USA,44.977753,-93.265011,glintcap_extract,,
offset-ciderworks,Offset Ciderworks,,24,18,2020,2024,2,Seattle,Washington,USA,47.8028091,-122.3228434,glintcap_extract,https://shopoffsetciderworks.com/,
oiharte,Oiharte,,18,18,2017,2023,3,,Basque Country,Spain,,,none,https://oiharte.com/,https://maps.google.com/?cid=7283611563965022999
ragged-hill-cider,Ragged Hill Cider,,26,18,2018,2024,4,West Brookfield,Massachusetts,USA,42.269444,-72.168979,glintcap_extract,https://www.raggedhillcider.com/,https://maps.google.com/?cid=12743756096350248911
rhinegeist-brewery,Rhinegeist Brewery,,18,18,2016,2022,2,Cincinnati,Ohio,United States,39.117266,-84.520101,glintcap_extract,https://rhinegeist.com/,https://maps.google.com/?cid=4624817204033581156
sonoma-cider,Sonoma Cider,,18,18,2014,2017,2,Fresno,California,United States,36.7270581,-119.7906887,glintcap_extract,https://www.sonomacider.com/,https://maps.google.com/?cid=17157123449258669495
t-lava,Tālava,,20,18,2021,2024,3,,Latvia,Latvia,,,none,https://www.talava.lv/,https://maps.google.com/?cid=16414834196985036378
windswept-orchard-cider,Windswept Orchard Cider,,19,18,2017,2022,1,Meaford,Ontario,Canada,44.5544537,-80.5405778,glintcap_extract,,
brady-s-lookout-cider,Brady's Lookout Cider,,17,17,2016,2024,1,,Tasmania,Australia,,,none,https://www.bradyslookoutcider.com.au/,https://maps.google.com/?cid=17861747211596541785
bryant-s-cider,Bryant's Cider,,17,17,2019,2022,2,Roseland,Virginia,United States,37.797413,-78.939801,glintcap_extract,https://bryantscider.com/,https://maps.google.com/?cid=15598469607243113479
cider-sekt,Cider Sekt,,22,17,2019,2024,3,,Czechia,Czechia,,,none,https://www.cidersekt.cz/,https://maps.google.com/?cid=1744130511388226457
cidrerie-benoit,Cidrerie Benoit,,17,17,2017,2024,2,,Brittany,,,,none,https://www.cidreriebenoit.fr/,https://maps.google.com/?cid=2837012515774011484
cidrerie-des-terroirs,Cidrerie Des Terroirs,,17,17,2018,2024,2,,Brittany,,,,none,,https://maps.google.com/?cid=1276600632339613858
cidrerie-kern,Cidrerie Kerné,,17,17,2017,2024,2,,Brittany,,,,none,https://www.cidre-kerne.bzh/,https://maps.google.com/?cid=10998184529652347583
cydrownia-zywer,Cydrownia Zywer,,17,17,2021,2024,4,,Poland,Poland,,,none,https://zywer.pl/,https://maps.google.com/?cid=10041242298570436703
distillerie-des-menhirs,Distillerie des Menhirs,,17,17,2017,2024,2,,Brittany,,,,none,https://www.distillerie.bzh/,https://maps.google.com/?cid=13168987804989415582
domaine-duclos-fougeray,Domaine Duclos Fougeray,,17,17,2014,2024,3,Saint Michel d'Halescourt,Normandy,France,49.6100938,1.664631,glintcap_extract,https://www.duclosfougeray.com/,https://maps.google.com/?cid=12398185041013701779
domaine-de-la-mare,Domaine de la Mare,,17,17,2018,2023,2,,France,,,,none,https://www.domainedelamare.com/,https://maps.google.com/?cid=11844878661689216154
ferme-saint-charles,Ferme Saint Charles,,17,17,2017,2024,2,,Pays de la Loire,,,,none,https://www.fermesaintcharles.fr/,https://maps.google.com/?cid=3373440369955425792
finnriver-farm-cidery,Finnriver Farm & Cidery,,30,17,2014,2024,4,Chimacum,Washington,USA,,,none,https://www.finnriver.com/,https://maps.google.com/?cid=1802892066987578987
hawk-knob,Hawk Knob,,17,17,2016,2021,1,Lewisburg,West Virginia,USA,37.811476,-80.50273,glintcap_extract,,
incy-wincy-cyder,Incy Wincy Cyder,,17,17,2018,2024,1,,New South Wales,Australia,,,none,https://www.incywincycyder.com/,
journey-north-cider-co,Journey North Cider Co.,,17,17,2021,2022,1,Bonnyville,Alberta,Canada,54.2321434,-110.8326035,glintcap_extract,,
kuartango,Kuartango,,20,17,2019,2024,2,,Basque Country,,,,none,https://kuartangosagardotegia.com/,https://maps.google.com/?cid=6181081338579081204
palmers-upland-cyder,Palmers Upland Cyder,,21,17,2023,2024,2,,Newport,,,,none,https://www.palmersuplandcyder.co.uk/,
reverend-nat-s-hard-cider,Reverend Nat's Hard Cider,,21,17,2013,2019,3,Portland,Oregon,USA,45.5050424,-122.6278162,glintcap_extract,,
spicer-s-winery,Spicer's Winery,,17,17,2009,2016,1,Fenton,Michigan,USA,42.677486,-83.751844,glintcap_extract,,
the-cider-farm,The Cider Farm,,21,17,2014,2024,2,Mineral Point,Wisconsin,USA,42.859997,-90.179847,glintcap_extract,http://www.theciderfarm.com/,https://maps.google.com/?cid=4628939322097981132
thistly-cross-cider,Thistly Cross Cider,,17,17,2012,2022,2,Dunbar,Scotland,Scotland,55.9850363,-2.5614933,glintcap_extract,https://www.thistlycrosscider.co.uk/,https://maps.google.com/?cid=2739185346632911214
twisted-hills-craft-cider,Twisted Hills Craft Cider,,20,17,2016,2019,2,Cawston,British Columbia,Canada,49.177257,-119.754245,glintcap_extract,https://www.twistedhills.ca/,https://maps.google.com/?cid=4618450840438418243
wild-state-cider,Wild State Cider,,18,17,2019,2023,3,Duluth,Minnesota,USA,46.762891,-92.130134,glintcap_extract,https://www.wildstatecider.com/,https://maps.google.com/?cid=9071493292280533216
wyndridge-farm,Wyndridge Farm,,17,17,2016,2021,2,Dallastown,Pennsylvania,USA,39.884193,-76.648405,glintcap_extract,https://wyndridge.com/,https://maps.google.com/?cid=5379105300822108832
ace-cider,ACE Cider,,16,16,2015,2024,1,,California,United States,,,none,http://www.acecider.com/,
appleholic-cider-company,Appleholic Cider Company,,16,16,2018,2021,1,Leland,Michigan,USA,45.02296,-85.7602,glintcap_extract,,
brinkhall-sparkling,Brinkhall Sparkling,,16,16,2017,2023,4,Halikko,Finland,Finland,60.4236854,23.0462561,glintcap_extract,https://bsp.fi/,https://maps.google.com/?cid=10856204128601037922
cid-rka,Cidérka,,16,16,2020,2024,3,,Czechia,Czechia,,,none,https://www.ciderka.cz/,https://maps.google.com/?cid=4045068491840478725
cold-hand-winery,Cold Hand Winery,,19,16,2014,2024,5,Randers,Denmark,Denmark,56.513459,9.7900895,glintcap_extract,https://www.coldhandwinery.dk/,https://maps.google.com/?cid=8847115036999398343
cydr-chyliczki,Cydr Chyliczki,,17,16,2016,2023,2,,Poland,Poland,,,none,https://cydrchyliczki.pl/,
esoterra-ciderworks,EsoTerra Ciderworks,,18,16,2021,2022,1,Dolores,Colorado,USA,37.4761004,-108.4837559,glintcap_extract,,
hardanger-saft-og-siderfabrikk,Hardanger Saft og Siderfabrikk,,16,16,2022,2024,2,,,Norway,,,none,https://hardangersider.no/,https://maps.google.com/?cid=12869878933054305699
mock-red-hill,Mock Red Hill,,16,16,2014,2023,1,,Victoria,Australia,,,none,https://www.mockredhill.com.au/,https://maps.google.com/?cid=10552205982251777171
peninsula-cellars,Peninsula Cellars,,16,16,2021,2024,1,Traverse City,Michigan,USA,44.854006,-85.527215,glintcap_extract,,
rossbach-cider,Rossbach Cider,,16,16,2015,2022,2,Hranice,Czechia,Czechia,50.3053478,12.1753565,glintcap_extract,,
runcible-cider,Runcible Cider,,18,16,2017,2023,3,Mosier,Oregon,USA,45.673003,-121.408294,glintcap_extract,https://www.runciblecider.com/,https://maps.google.com/?cid=15182592417091165603
white-winter-winery,White Winter Winery,,16,16,2005,2024,2,Iron River,Wisconsin,United States,46.565581,-91.418129,glintcap_extract,https://whitewinter.com/,https://maps.google.com/?cid=13642608818447326025
wilson-s-orchard-farm,Wilson's Orchard & Farm,,16,16,2022,2022,1,Iowa City,Iowa,USA,41.72032,-91.460991,glintcap_extract,,
apple-outlaw,Apple Outlaw,,15,15,2014,2017,2,Jacksonville,Oregon,USA,42.135329,-123.239648,glintcap_extract,http://www.appleoutlaw.com/,https://maps.google.com/?cid=5850813650004409160
big-hill-ciderworks,Big Hill Ciderworks,,15,15,2014,2019,2,Gardners,Pennsylvania,United States,40.0277976,-77.2135009,glintcap_extract,https://www.bighillcider.com/,https://maps.google.com/?cid=11839293456795799865
bishops-orchards-winery,Bishops Orchards Winery,,15,15,2014,2016,1,Guilford,Connecticut,USA,41.289934,-72.694687,glintcap_extract,,
cidres-nicol,Cidres Nicol,,15,15,2017,2024,3,Surzur,Brittany,France,47.5587853,-2.6110586,glintcap_extract,https://www.cidres-nicol.bzh/,https://maps.google.com/?cid=3722769551030161998
common-cider-company,Common Cider Company,,16,15,2015,2019,3,Auburn,California,USA,38.950812,-121.084227,glintcap_extract,,
diskin-cider,Diskin Cider,,20,15,2019,2022,3,Nashville,Tennessee,USA,36.140849,-86.769778,glintcap_extract,http://www.diskincider.com/,https://maps.google.com/?cid=5465208715637137113
door-peninsula-winery,Door Peninsula Winery,,16,15,2018,2024,1,Sturgeon Bay,Wisconsin,USA,44.951804,-87.336352,glintcap_extract,,
elk-horn-brewery-ciderhouse,Elk Horn Brewery & Ciderhouse,,17,15,2016,2022,2,Eugene,Oregon,USA,44.049648,-123.082413,glintcap_extract,http://www.elkhornbrewery.com/,https://maps.google.com/?cid=3806213339852533020
famille-guesdon,Famille Guesdon,,15,15,2020,2024,1,,,,,,none,https://famille-guesdon.com/,https://maps.google.com/?cid=13182761816105385497
lagar-de-valleseco,Lagar de Valleseco,,16,15,2020,2024,2,,Canary Islands,Spain,,,none,,https://maps.google.com/?cid=6485664555068943913
m-rb-du,Mūrbūdu,,17,15,2021,2023,3,,Latvia,Latvia,,,none,https://www.nenormalssidrs.lv/,https://maps.google.com/?cid=15847061061259139900
odd-brothers-craft-cider,Odd Brothers Craft Cider,,18,15,2019,2024,3,Homer,Michigan,USA,42.1364887,-84.8664378,glintcap_extract,https://www.oddbrotherscider.com/,
scenic-road-cider-co,Scenic Road Cider Co.,,17,15,2017,2022,2,Kelowna,British Columbia,Canada,49.931257,-119.421347,glintcap_extract,https://scenicroadcider.com/,https://maps.google.com/?cid=1733637164282947547
seppelbauer,Seppelbauer,,15,15,2015,2023,2,,Austria,,,,none,https://www.seppelbauer.at/,
shiny-apple-cider,Shiny Apple Cider,,15,15,2016,2023,1,Niagara-on-the-Lake,Ontario,Canada,43.223863,-79.1714889,glintcap_extract,,
slabtown-cider-co,Slabtown Cider Co.,,15,15,2023,2023,1,Uxbridge,Ontario,Canada,44.0606307,-79.1247329,glintcap_extract,,
stoic-cider,Stoic Cider,,16,15,2018,2024,2,Prescott,Arizona,United States,34.748157,-112.670676,glintcap_extract,http://stoiccider.com/,https://maps.google.com/?cid=17055851363950061801
tulip-valley-vineyard-orchard,Tulip Valley Vineyard & Orchard,,16,15,2005,2023,2,Mt Vernon,Washington,USA,48.443719,-122.396515,glintcap_extract,http://www.tulipvalley.net/,https://maps.google.com/?cid=5991272797234687283
ulvik-frukt-cideri,Ulvik Frukt & Cideri,,15,15,2019,2023,2,,Norway,Norway,,,none,http://www.hakastadsider.no/,https://maps.google.com/?cid=8381380851022975775
waves-cider-co,Waves Cider Co.,,15,15,2021,2023,1,Columbia,Missouri,USA,38.9655649,-92.3297892,glintcap_extract,,
wise-bird-cider,Wise Bird Cider,,24,15,2020,2024,3,Lexington,Kentucky,USA,38.055559,-84.517713,glintcap_extract,https://www.wisebirdcider.com/,https://maps.google.com/?cid=15445502611486474709
wooden-gate-cider,Wooden Gate Cider,,16,15,2022,2023,1,Pilot Mound,Manitoba,Canada,49.2022693,-98.8931669,glintcap_extract,,
45-north-vineyard-winery,45 North Vineyard & Winery,,14,14,2016,2019,1,Lake Leelanau,Michigan,USA,45.002103,-85.681943,glintcap_extract,,
abuls,Abuls,,15,14,2020,2024,3,,Latvia,Latvia,,,none,https://www.abuls.lv/,https://maps.google.com/?cid=12371654123090416644
au-pressoir-du-b-lon,Au Pressoir du Bélon,,14,14,2017,2024,2,,Finistère,,,,none,https://www.cidre-belon-bretagne.fr/,https://maps.google.com/?cid=3283810982033688807
bereziartua,Bereziartua,,15,14,2015,2024,4,Astigarraga,Basque Country,Spain,43.2829301,-1.9400682,glintcap_extract,https://www.bereziartuasagardoa.com/,https://maps.google.com/?cid=4287840169739792051
chain-yard-urban-cidery,Chain Yard Urban Cidery,,14,14,2019,2022,1,,,,,,none,,
cidrerie-manoir-du-kinkiz,Cidrerie Manoir du Kinkiz,,14,14,2013,2024,3,,Brittany,France,,,none,https://www.kinkiz-terroir.bzh/,https://maps.google.com/?cid=1999207604560008916
cidrerie-paul-co-c,Cidrerie Paul Coïc,,14,14,2018,2024,2,,Brittany,,,,none,https://www.cidrerie-coic.com/,https://maps.google.com/?cid=16824628257896189916
cidres-kerisac,Cidres Kerisac,,14,14,2017,2024,3,,Pays de la Loire,France,,,none,https://kerisac.bzh/,https://maps.google.com/?cid=14431639837198759734
coles-liquor-group,Coles Liquor Group,,14,14,2017,2024,2,,Victoria,Australia,,,none,https://www.coles.com.au/,
dancing-cider-co,Dancing Cider Co.,,14,14,2022,2022,2,Chungju,South Korea,South Korea,37.0264162,127.8580113,glintcap_extract,https://www.dancingcider.com/,https://maps.google.com/?cid=7853675129819221848
domaine-de-la-galoti-re,Domaine de la Galotière,,14,14,2017,2024,2,,Normandy,,,,none,https://www.lagalotiere.fr/,https://maps.google.com/?cid=3334578271943351430
duluth-cider,Duluth Cider,,17,14,2019,2023,3,Duluth,Minnesota,USA,46.764947,-92.127394,glintcap_extract,https://duluthcider.com/,https://maps.google.com/?cid=3814310496447641516
ferme-du-theil,Ferme du Theil,,14,14,2017,2024,2,,Pays de la Loire,France,,,none,https://www.fermedutheil.com/,https://maps.google.com/?cid=11988918544771126641
lenswood-cider-co,Lenswood Cider Co.,,14,14,2021,2024,1,,South Australia,Australia,,,none,https://www.lenswoodciderco.com.au/,
michigan-wine-company,Michigan Wine Company,,17,14,2019,2024,1,Fennville,Michigan,USA,42.5945628,-86.2096112,glintcap_extract,,
moons-cider,Moons Cider,,14,14,2023,2024,1,,,,,,none,,
napton-cidery,Napton Cidery,,14,14,2018,2024,2,Southam,England,England,52.2422487,-1.325063,glintcap_extract,https://www.naptoncidery.co.uk/,https://maps.google.com/?cid=12009368832613245042
pips-cider,Pips Cider,,17,14,2017,2024,4,,England,,,,none,http://www.pipscider.com/,https://maps.google.com/?cid=16039788259014934478
rootwood-cider-co,Rootwood Cider Co.,,18,14,2018,2024,2,Manson,Washington,USA,,,none,http://www.rootwoodcider.com/,https://maps.google.com/?cid=1905642347995959494
sidra-la-naveta,Sidra La Naveta,,15,14,2017,2023,2,,Asturias,,,,none,https://lanaveta.com/,https://maps.google.com/?cid=18265458060195810621
sidra-posma,Sidra Posma,,17,14,2014,2024,2,,Canary Islands,,,,none,,
sietsema-orchards,Sietsema Orchards,,14,14,2013,2018,1,Ada,Michigan,USA,43.000772,-85.459472,glintcap_extract,,
space-time-mead-cider-works,Space Time Mead & Cider Works,,16,14,2019,2024,2,Dunmore,Pennsylvania,USA,41.4172242,-75.6350154,glintcap_extract,http://www.spacetimemeadworks.com/,https://maps.google.com/?cid=357847721777965657
wildcraft-cider-works,WildCraft Cider Works,,17,14,2015,2022,4,Eugene,Oregon,USA,44.055602,-123.097306,glintcap_extract,https://wildcraftciderworks.com/,https://maps.google.com/?cid=15001881032430403771
yonder-cider,Yonder Cider,,16,14,2021,2024,3,Seattle,Washington,USA,47.6646136,-122.3675796,glintcap_extract,http://www.yondercider.com/,https://maps.google.com/?cid=11002201593648505227
zeffer,Zeffer,,14,14,2013,2023,2,,Hawke's Bay,New Zealand,,,none,https://zeffer.co.nz/,https://maps.google.com/?cid=13931145990495161499
baldorba-naturel-sagarraleku,Baldorba Naturel & Sagarraleku,,13,13,2021,2024,2,,Basque Country,,,,none,https://www.sidrasbaldorbanaturel.com/,
botanist-barrel,Botanist & Barrel,,18,13,2019,2024,3,Cedar Grove,North Carolina,USA,36.216856,-79.179325,glintcap_extract,https://www.botanistandbarrel.com/,https://maps.google.com/?cid=1902463006194094884
broski-ciderworks,Broski Ciderworks,,13,13,2017,2022,1,,Florida,United States,,,none,,
c-squared-ciders,C Squared Ciders,,16,13,2016,2019,2,Denver,Colorado,USA,39.762816,-104.984037,glintcap_extract,,
cider-brothers,Cider Brothers,,13,13,2015,2018,3,Walnut Creek,California,USA,37.900624,-122.061308,glintcap_extract,,
cidre-de-broc-liande,Cidre de Brocéliande,,13,13,2017,2024,2,,Brittany,,,,none,https://cidre-breton.com/,https://maps.google.com/?cid=531489837427288496
collective-arts-brewing,Collective Arts Brewing,,13,13,2017,2021,2,Hamilton,Ontario,Canada,43.27079,-79.852716,glintcap_extract,https://collectiveartsbrewing.com/,https://maps.google.com/?cid=9920654321167470617
dowding-s,Dowding's,,13,13,2023,2024,1,,,,,,none,,
ferme-des-martelli-res,Ferme des Martellières,,13,13,2018,2024,2,,Normandy,,,,none,https://www.les-martellieres.com/,https://maps.google.com/?cid=13628777607608573968
heritage-estate-winery-cidery,Heritage Estate Winery & Cidery,,13,13,2017,2020,1,,Ontario,Canada,,,none,https://heritageestate.ca/,https://maps.google.com/?cid=9239224592277777662
les-vergers-de-ducy,Les Vergers de Ducy,,13,13,2020,2024,2,,Normandy,,,,none,https://lesvergersdeducy.fr/,https://maps.google.com/?cid=5658619103463764772
liquid-alchemy-beverages,Liquid Alchemy Beverages,,17,13,2017,2024,3,Wilmington,Delaware,USA,39.729206,-75.580718,glintcap_extract,https://www.liquidalchemybeverages.com/,https://maps.google.com/?cid=17392171192902258223
manoir-de-grandouet,Manoir de Grandouet,,13,13,2016,2024,4,Grandouet,Normandy,France,49.158588,0.066211,glintcap_extract,https://www.manoir-de-grandouet.fr/,https://maps.google.com/?cid=1664850146101306839
niagara-cider-company,Niagara Cider Company,,13,13,2019,2022,1,Niagara Falls,Ontario,Canada,43.0550484,-79.1308663,glintcap_extract,,
patriots-heritage-cider,Patriots' Heritage Cider,,13,13,2017,2021,1,Schaghticoke,New York,USA,42.8848347,-73.5781383,glintcap_extract,,
pencil-hound-ciders,Pencil Hound Ciders,,13,13,2021,2022,1,Dolores,Colorado,USA,37.4762645,-108.4837614,glintcap_extract,,
puddicombe-estate-farm,Puddicombe Estate Farm,,13,13,2012,2019,1,Winona,Ontario,Canada,43.2048937,-79.6336934999999,glintcap_extract,,
ragged-and-right-cider-project,Ragged and Right Cider Project,,15,13,2020,2022,3,Mount Vernon,Washington,USA,48.442772,-122.342298,glintcap_extract,http://www.farmstrongbrewing.com/,https://maps.google.com/?cid=9734737069805633605
seminary-hill-orchard-cidery,Seminary Hill Orchard & Cidery,,16,13,2022,2024,2,Callicoon,New York,USA,41.7743187,-75.0549915,glintcap_extract,https://www.seminaryhill.co/,https://maps.google.com/?cid=2014295545037325417
the-great-canadian-cider-company,The Great Canadian Cider Company,,13,13,2017,2019,2,Collingwood,Ontario,Canada,44.4883641,-80.1988175,glintcap_extract,,
treasury-cider-at-fishkill-farms,Treasury Cider at Fishkill Farms,,13,13,2018,2022,1,Hopewell Junction,New York,USA,41.517826,-73.823327,glintcap_extract,,
western-cider,Western Cider,,13,13,2017,2021,2,Missoula,Montana,USA,46.876599,-114.014032,glintcap_extract,http://www.westerncider.com/,https://maps.google.com/?cid=14623261427414740204
w-lffer-estate-vineyard,Wölffer Estate Vineyard,,13,13,2022,2024,2,Sagaponack,New York,United States,40.945028,-72.27747,glintcap_extract,http://www.wolffer.com/,https://maps.google.com/?cid=10690409208604454007
kre-g-rd,Åkre Gård,,13,13,2019,2022,2,,Norway,Norway,,,none,https://aakre-gard.no/,https://maps.google.com/?cid=10200668651455703399
3-sons-cider,3 Sons Cider,,12,12,2017,2024,1,,Australian Capital Territory,Australia,,,none,http://www.3sonscider.com.au/,https://maps.google.com/?cid=16285596579467432961
apfelweinkontor,Apfelweinkontor,,12,12,2012,2024,4,Frankfurt,Hesse,Germany,50.106271,8.68635649999999,glintcap_extract,https://www.apfelweinkontor.com/,https://maps.google.com/?cid=599143855742456461
appleblood-cider,Appleblood Cider,,13,12,2022,2023,3,,Italy,Italy,,,none,https://applebloodcider.com/,https://maps.google.com/?cid=14977227174949746380
batlow-cider-co,Batlow Cider Co.,,12,12,2015,2018,1,,New South Wales,Australia,,,none,https://www.batlowcider.com.au/,
black-apple-hard-cider,Black Apple Hard Cider,,15,12,2020,2024,3,Springdale,Arkansas,USA,,,none,https://www.blackapplehardcider.com/,https://maps.google.com/?cid=5449257929643515916
blue-bee-cider,Blue Bee Cider,,15,12,2014,2022,3,Richmond,Virginia,USA,37.5916262,-77.4888874999999,glintcap_extract,https://www.bluebeecider.com/,https://maps.google.com/?cid=17761175602688407320
boss-cider-company,Boss Cider Company,,12,12,2020,2022,2,Leslie,Michigan,United States,42.450331,-84.431688,glintcap_extract,https://www.bosscider.com/,https://maps.google.com/?cid=1969051789610674635
brew-lab-101-beer-cider-co,Brew Lab 101 Beer & Cider Co.,,12,12,2022,2024,1,Rio Rancho,New Mexico,USA,35.2432541,-106.6693816,glintcap_extract,,
bulwark-cider,Bulwark Cider,,14,12,2016,2018,2,New Ross,Canada,Canada,44.822603,-64.506287,glintcap_extract,https://bulwarkcider.com/,https://maps.google.com/?cid=9582388698593505547
cidrerie-de-rozavern,Cidrerie de Rozavern,,12,12,2020,2024,3,,Brittany,,,,none,https://www.rozavern.fr/,https://maps.google.com/?cid=2631934440861688338
cidrerie-de-la-brique,Cidrerie de la Brique,,12,12,2019,2024,2,,Normandy,,,,none,https://cidreriedelabrique.com/,https://maps.google.com/?cid=7178427047416068956
county-cider-company,County Cider Company,,13,12,2011,2017,1,Waupoos,Ontario,Canada,44.0212351,-76.9622839,glintcap_extract,,
darkes-cider,Darkes Cider,,12,12,2016,2024,1,,New South Wales,Australia,,,none,https://www.darkes.com.au/,https://maps.google.com/?cid=9016868264603406991
ferme-cidricole-desvoye,Ferme Cidricole Desvoye,,12,12,2020,2024,1,,,,,,none,https://www.cidre-calvados-desvoye.fr/,https://maps.google.com/?cid=9466556986578009265
ferme-du-manoir-du-val,Ferme du Manoir du Val,,12,12,2020,2024,1,,,,,,none,https://www.manoirduval.fr/,https://maps.google.com/?cid=848420197404289170
harpers-ferry-brewing,Harpers Ferry Brewing,,12,12,2023,2024,1,Purcellville,Virginia,USA,39.320459,-77.708175,glintcap_extract,,
headwater-cider,Headwater Cider,,14,12,2015,2024,2,Hawley,Massachusetts,USA,42.58249,-72.860053,glintcap_extract,http://www.headwatercider.com/,https://maps.google.com/?cid=10677507708826586466
henney-s-cider,Henney's Cider,,12,12,2009,2014,2,Bishops Frome,Herefordshire,England,52.1324052,-2.4945371,glintcap_extract,http://www.henneys.co.uk/,
isastegi,Isastegi,,12,12,2017,2024,3,,Basque Country,Spain,,,none,https://www.isastegi.com/,https://maps.google.com/?cid=3927960308349571227
k-hbrein-most,Kühbrein Most,,12,12,2022,2024,4,,Austria,Austria,,,none,https://www.kuehbreinmost.at/,https://maps.google.com/?cid=6347288815375920345
lassen-traditional-cider,Lassen Traditional Cider,,18,12,2017,2023,3,Chico,California,USA,39.714697,-121.820272,glintcap_extract,https://www.lassencider.com/,https://maps.google.com/?cid=10315637006146688710
le-p-re-jules,Le Père Jules,,15,12,2013,2017,2,Saint Desir de Lisieux,Normandy,France,49.157696,0.1960087,glintcap_extract,http://www.calvados-leperejules.com/,https://maps.google.com/?cid=13505988202545080748
loader-s-cider,Loader's Cider,,12,12,2024,2024,1,,,,,,none,https://loaderscider.co.uk/,
northern-natural-cider-house-winery,Northern Natural Cider House & Winery,,12,12,2013,2017,2,Kaleva,Michigan,USA,44.3464985,-86.1020865,glintcap_extract,http://www.northernnaturalwinery.com/,https://maps.google.com/?cid=17749341957373928380
orchard-101,Orchard 101,,12,12,2023,2024,1,,,,,,none,,
pacory,Pacory,,12,12,2020,2024,1,,,,,,none,https://www.pacory.eu/,https://maps.google.com/?cid=15821520734729613945
ridge-cider-co,Ridge Cider Co.,,12,12,2016,2019,1,Grant,Michigan,USA,43.308463,-85.809504,glintcap_extract,,
southdown-cider,Southdown Cider,,12,12,2023,2023,1,,,,,,none,https://www.southdowncider.com/,https://maps.google.com/?cid=959682121658362452
spring-hill-cider-works,Spring Hill Cider Works,,12,12,2017,2024,1,Geneva,Ohio,USA,41.781744,-80.97225,glintcap_extract,,
taunton-cider-company,Taunton Cider Company,,13,12,2018,2021,1,,England,,,,none,,
tideview-cider,Tideview Cider,,13,12,2009,2014,1,Greenwich,Nova Scotia,Canada,45.08312,-64.402318,glintcap_extract,,
bere-cider-company,Bere Cider Company,,16,11,2023,2024,2,,England,,,,none,https://www.berecidercompany.com/,https://maps.google.com/?cid=12375160692646889429
blakstoc,BlakStoc,,12,11,2017,2019,2,,Austria,Austria,,,none,http://www.blakstoc.com/,
branch-cider,Branch Cider,,11,11,2023,2023,1,,,,,,none,https://www.branchcider.com/,
cider-corps,Cider Corps,,13,11,2019,2024,3,Mesa,Arizona,USA,33.4141147,-111.8364706,glintcap_extract,https://cidercorpsaz.com/,https://maps.google.com/?cid=9593182908980696987
cidrerie-melenig,Cidrerie Melenig,,11,11,2017,2024,3,,Brittany,,,,none,,https://maps.google.com/?cid=10374518201153439760
cotswold-cider-company,Cotswold Cider Company,,13,11,2015,2024,5,Coleshill,England,England,51.650203,-1.5959266,glintcap_extract,https://www.cotswoldciderco.com/,
cydr-dwaj-bracia,Cydr Dwaj Bracia,,12,11,2023,2024,4,,Poland,Poland,,,none,https://dwajbracia.pl/,
descendant-cider-company,Descendant Cider Company,,11,11,2015,2018,1,Maspeth,New York,USA,40.714463,-73.914203,glintcap_extract,,
dr-rob-whale,Dr Rob Whale,,15,11,2024,2024,1,,,,,,none,,
dudda-s-tun-cider,Dudda's Tun Cider,,11,11,2018,2021,1,,England,,,,none,https://duddastuncider.com/,https://maps.google.com/?cid=14013683904909502876
fx-matt-brewing,FX Matt Brewing,,11,11,2019,2024,1,,New York,United States,,,none,https://www.mckbev.com/,https://maps.google.com/?cid=16812627050434550372
high-limb-hard-cider,High Limb Hard Cider,,11,11,2021,2024,2,Plymouth,Massachusetts,United States,41.9434465,-70.7111477,glintcap_extract,https://www.highlimbcider.com/,https://maps.google.com/?cid=11042855047844464741
hitchcox-cider,Hitchcox Cider,,11,11,2023,2024,2,,England,,,,none,https://hitchcoxcider.co.uk/,https://maps.google.com/?cid=6038804049112704578
jaanihanso,Jaanihanso,,12,11,2016,2024,3,,Estonia,Estonia,,,none,http://www.jaanihanso.ee/,https://maps.google.com/?cid=7606641832512391290
jachmann-cider,Jachmann Cider,,11,11,2014,2018,1,,South Australia,Australia,,,none,https://jachmann.com.au/,
kristof-farms,Kristof Farms,,15,11,2022,2024,4,Yamhill,Oregon,USA,45.3833849,-123.153384,glintcap_extract,https://www.kristoffarms.com/,
lepola-drinks,Lepola Drinks,,12,11,2022,2024,4,,Finland,Finland,,,none,https://lepoladrinks.fi/,https://maps.google.com/?cid=10912023971262858580
little-pomona,Little Pomona,,12,11,2018,2024,4,Bromyard,Herefordshire,United Kingdom,52.1692482,-2.4944892,glintcap_extract,https://littlepomona.com/,https://maps.google.com/?cid=1246096540068808621
llagares-valver-n,Llagares Valverán,,12,11,2013,2024,3,Sariego,Asturias,Spain,43.4052509,-5.52600499999999,glintcap_extract,https://llagaresvalveran.com/,https://maps.google.com/?cid=10125751207643631112
ner-frukt-og-sider,Nerø Frukt og Sider,,14,11,2022,2023,4,,Norway,Norway,,,none,https://www.nerofrukt.no/,https://maps.google.com/?cid=2060180241711172985
niagara-college-teaching-winery,Niagara College Teaching Winery,,11,11,2016,2024,1,,Ontario,Canada,,,none,https://www.ncteachingwinery.ca/,https://maps.google.com/?cid=2529664632400053188
pressman-s-cider,Pressman's Cider,,11,11,2014,2018,2,,New South Wales,Australia,,,none,,
right-bee-cider,Right Bee Cider,,12,11,2018,2023,2,Chicago,Illinois,USA,41.914519,-87.736933,glintcap_extract,http://www.rightbeecider.com/,https://maps.google.com/?cid=3785946038058251944
seidear,Seidear,,12,11,2021,2024,2,,Scotland,,,,none,https://seidear.com/,https://maps.google.com/?cid=227255875071520296
shed-cider,Shed Cider,,11,11,2023,2024,1,,,,,,none,https://www.shedcider.com/,
shipbuilders-cider,ShipBuilders Cider,,11,11,2015,2019,1,Halifax,Nova Scotia,Canada,44.649288,-63.574042,glintcap_extract,,
shoal-hope-ciderworks,Shoal Hope Ciderworks,,11,11,2018,2021,2,Provincetown,Massachusetts,USA,42.057719,-70.188488,glintcap_extract,,
steve-faulkner,Steve Faulkner,,12,11,2023,2024,1,,,,,,none,,
sweeting-s-cider,Sweeting's Cider,,11,11,2023,2024,1,,,,,,none,,
tractor-brewing-company,Tractor Brewing Company,,12,11,2017,2019,2,Albuquerque,New Mexico,USA,35.102281,-106.647915,glintcap_extract,https://getplowed.com/,https://maps.google.com/?cid=3753383082862892137
uncommon-cider-co,Uncommon Cider Co.,,11,11,2017,2021,1,Calgary,Alberta,Canada,51.0187544,-114.0596605,glintcap_extract,,
abavas,Abavas,,12,10,2019,2024,3,,Latvia,Latvia,,,none,https://www.abavas.lv/,https://maps.google.com/?cid=11387034393378720853
ash-elm-cider-company,Ash & Elm Cider Company,,10,10,2017,2020,2,Indianapolis,Indiana,USA,39.768019,-86.125256,glintcap_extract,http://www.ashandelmcider.com/,https://maps.google.com/?cid=9920873955827748956
brix-cider,Brix Cider,,10,10,2017,2019,1,Mount Horeb,Wisconsin,USA,43.007126,-89.737751,glintcap_extract,,
broadpool-cider,Broadpool Cider,,11,10,2023,2024,1,,,,,,none,,
buskey-cider,Buskey Cider,,10,10,2017,2023,1,Richmond,Virginia,USA,37.566063,-77.46914,glintcap_extract,,
cascade-winery-sierra-rose-ciders,Cascade Winery & Sierra Rose Ciders,,10,10,2006,2023,1,Grand Rapids,Michigan,USA,42.878915,-85.562785,glintcap_extract,,
cidre-s-h-dic,Cidre Séhédic,,10,10,2017,2024,1,,Brittany,,,,none,https://www.cidre-sehedic.fr/,https://maps.google.com/?cid=9273404757209871069
cidrerie-michel-jodoin,Cidrerie Michel Jodoin,,16,10,2017,2024,2,Rougemont,Quebec,Canada,,,none,https://www.micheljodoin.ca/,https://maps.google.com/?cid=12740295882599829633
coteau-rougemont,Coteau Rougemont,,10,10,2016,2017,1,Rougemont,Quebec,Canada,45.4513635,-73.0422493,glintcap_extract,,
coyote-hole-craft-beverages,Coyote Hole Craft Beverages,,11,10,2019,2023,2,Mineral,Virginia,USA,,,none,http://www.coyotehole.com/,https://maps.google.com/?cid=3893841626353972834
flat-rock-cider-company,Flat Rock Cider Company,,10,10,2021,2023,1,Hendersonville,North Carolina,USA,35.315966,-82.460411,glintcap_extract,,
freewater-cider-and-wine-company,Freewater Cider and Wine Company,,10,10,2018,2024,3,Milton-Freewater,Oregon,United States,45.942433,-118.389708,glintcap_extract,http://www.freewatercider.com/,https://maps.google.com/?cid=3598112635185277642
goodroad-ciderworks,GoodRoad Ciderworks,,10,10,2017,2018,1,Charlotte,North Carolina,USA,35.184917,-80.879441,glintcap_extract,,
hardangergutane,Hardangergutane,,11,10,2019,2023,3,,Norway,Norway,,,none,https://hardangergutane.no/,https://maps.google.com/?cid=10940983309801750674
henry-of-harcourt,Henry of Harcourt,,10,10,2012,2017,2,,Victoria,Australia,,,none,https://henrycider.com/,https://maps.google.com/?cid=8940355932051611367
het-hamerstuk,Het Hamerstuk,,10,10,2023,2024,3,,Netherlands,Netherlands,,,none,https://hethamerstuk.nl/,https://maps.google.com/?cid=11584128023568770529
humboldt-cider-company,Humboldt Cider Company,,12,10,2015,2017,2,Eureka,California,USA,40.7817209,-124.1298735,glintcap_extract,,https://maps.google.com/?cid=9833726366522566502
kaneb-orchards,Kaneb Orchards,,10,10,2015,2024,1,Massena,New York,USA,44.945459,-74.853156,glintcap_extract,,
kentish-pip,Kentish Pip,,10,10,2020,2024,2,,England,,,,none,https://www.kentishpip.co.uk/,https://maps.google.com/?cid=10171179408012212368
kilmegan-cider,Kilmegan Cider,,10,10,2018,2023,2,,Northern Ireland,Northern Ireland,,,none,https://kilmegancider.com/,https://maps.google.com/?cid=3112578667047542739
le-clos-des-citots,Le Clos des Citots,,10,10,2017,2023,2,,Normandy,,,,none,https://www.leclosdescitots.fr/,https://maps.google.com/?cid=3330784351320305206
mac-ivors-cider,Mac Ivors Cider,,10,10,2013,2022,2,,Northern Ireland,Northern Ireland,,,none,https://macivors.com/,https://maps.google.com/?cid=11494220960590509719
maiden-rock-winery-cidery,Maiden Rock Winery & Cidery,,12,10,2011,2023,1,Stockholm,Wisconsin,USA,44.515238,-92.268117,glintcap_extract,,
methow-valley-ciderhouse,Methow Valley Ciderhouse,,13,10,2013,2018,2,Winthrop,Washington,USA,48.477133,-120.186948,glintcap_extract,https://methowvalleyciderhousellc.com/,https://maps.google.com/?cid=17865926054259925025
oldfields-cider,Oldfields Cider,,10,10,2018,2024,2,,England,,,,none,https://www.oldfieldscider.co.uk/,https://maps.google.com/?cid=12366118442495260876
paladeus,Paladeus,,11,10,2019,2023,4,,Italy,Italy,,,none,http://www.paladeus.it/,https://maps.google.com/?cid=8605615739361573597
peckham-s-cider,Peckham's Cider,,10,10,2023,2024,1,,Tasman,New Zealand,,,none,https://www.peckhams.co.nz/,https://maps.google.com/?cid=2102526933207385793
red-rover-craft-cider,Red Rover Craft Cider,,12,10,2016,2019,1,Fredericton,New Brunswick,Canada,45.9509442,-66.6855764,glintcap_extract,,
ricker-hill,Ricker Hill,,10,10,2016,2018,1,Turner,Maine,USA,44.26588,-70.280404,glintcap_extract,,
rull-orchard,Rull Orchard,,12,10,2023,2024,1,,,,,,none,https://www.rullorchard.co.uk/,https://maps.google.com/?cid=11123418549220978092
runamuk-cider-co,Runamuk Cider Co,,10,10,2018,2022,1,,Western Australia,Australia,,,none,https://runamukciderco.com.au/,
sandalen-g-rd,Sandalen Gård,,10,10,2022,2024,3,,Norway,Norway,,,none,https://sandalengard.no/,https://maps.google.com/?cid=16897274204164201537
sidra-cortina,Sidra Cortina,,11,10,2013,2024,4,Amandi,Asturias,Spain,43.4709695,-5.4418764,glintcap_extract,https://www.sidracortina.com/,https://maps.google.com/?cid=14248814769091122504
sidra-fran,Sidra Fran,,12,10,2021,2024,2,,Asturias,,,,none,https://sidrafran.es/,https://maps.google.com/?cid=15672106953833908893
strangey-s-devon-cyder,Strangey's Devon Cyder,,10,10,2023,2023,1,,,,,,none,,
texas-keeper-cider,Texas Keeper Cider,,10,10,2015,2016,1,Manchaca,Texas,USA,30.125459,-97.818789,glintcap_extract,,
toboggan-brewing-co,Toboggan Brewing Co.,,11,10,2016,2023,1,London,Ontario,Canada,42.9898526,-81.2511909,glintcap_extract,,
two-blokes-cider,Two Blokes Cider,,12,10,2018,2024,1,Seagrave,Ontario,Canada,44.1845111999999,-78.9465991,glintcap_extract,,
williamson-mead-and-brewing,Williamson Mead and Brewing,,10,10,2022,2024,2,Glade Valley,North Carolina,United States,36.4756637,-80.9887261,glintcap_extract,https://williamsonbrewing.com/,https://maps.google.com/?cid=9398213946413041794
d-s-wicked-cider,d's Wicked Cider,,10,10,2015,2021,1,,Washington,United States,,,none,http://dswickedcider.com/,https://maps.google.com/?cid=2860292587896986843
12-bridge-ciderworks,12 Bridge Ciderworks,,9,9,2019,2022,2,Oregon City,Oregon,USA,45.326412,-122.580527,glintcap_extract,,
artistraw-cider,Artistraw Cider,,9,9,2023,2024,1,,,,,,none,https://www.artistraw.co.uk/,https://maps.google.com/?cid=12066394488060764321
bird-dog-cider,Bird Dog Cider,,9,9,2023,2024,1,Greenland,New Hampshire,USA,43.0437859,-70.8550379,glintcap_extract,,
borrodell-vineyard,Borrodell Vineyard,,9,9,2011,2024,1,,New South Wales,Australia,,,none,https://www.borrodell.com.au/,https://maps.google.com/?cid=9113164481963775697
br-nnland-cider,Brännland Cider,,9,9,2015,2018,3,,Sweden,,,,none,https://www.brannlandcider.se/,https://maps.google.com/?cid=2299367906990041003
cascade-brewing-co,Cascade Brewing Co.,,9,9,2013,2019,1,,Tasmania,Australia,,,none,https://cascadebrewerybar.com.au/,https://maps.google.com/?cid=12138549215731406353
caser-a-san-juan-del-obispo,Casería San Juan del Obispo,,13,9,2013,2023,1,,Asturias,,,,none,https://www.caseriasanjuandelobispo.com/,https://maps.google.com/?cid=13956526212503892929
cidentro-cider-house,Cidentro Cider House,,10,9,2020,2024,1,,England,,,,none,https://www.cidentro.co.uk/,https://maps.google.com/?cid=5581663823600674011
cidrerie-huby,Cidrerie Huby,,9,9,2017,2022,2,,Brittany,,,,none,http://www.cidreriehuby.fr/,https://maps.google.com/?cid=14757172260846963924
cidrerie-la-ruaudaie,Cidrerie La Ruaudaie,,9,9,2017,2023,2,,Brittany,,,,none,,https://maps.google.com/?cid=9093489147196571898
cidrerie-du-pays-d-auray,Cidrerie du Pays d'Auray,,9,9,2022,2024,3,,Morbihan,France,,,none,,https://maps.google.com/?cid=9205038680508918633
cranborne-chase-cider,Cranborne Chase Cider,,11,9,2021,2024,2,,England,,,,none,https://cranbornechasecider.co.uk/,https://maps.google.com/?cid=11691295207635124730
dv-cider-house,DV Cider House,,9,9,2019,2023,1,,Victoria,Australia,,,none,https://dvcider.com.au/,https://maps.google.com/?cid=9100243841087380471
denmark-heritage-cider-company,Denmark Heritage Cider Company,,9,9,2017,2019,1,,Western Australia,Australia,,,none,https://www.dhcco.com.au/,https://maps.google.com/?cid=2839589146160465137
dinnington-cider-press,Dinnington Cider Press,,10,9,2024,2024,1,,,,,,none,,
eddies-cider,Eddies Cider,,9,9,2019,2024,1,,Victoria,Australia,,,none,https://www.eddiescider.com.au/,
fieldstone-hard-cider-co,Fieldstone Hard Cider Co.,,9,9,2017,2019,1,Rochester,Michigan,USA,42.678876,-83.134079,glintcap_extract,,
grand-ridge-brewery,Grand Ridge Brewery,,9,9,2015,2023,1,,Victoria,Australia,,,none,,https://maps.google.com/?cid=8403918293255045179
heartwood-farm-cidery,Heartwood Farm & Cidery,,9,9,2017,2019,1,Acton,Ontario,Canada,43.7010113,-80.1373711,glintcap_extract,,
island-folk-cider-house,Island Folk Cider House,,9,9,2022,2024,1,Sydney,Nova Scotia,Canada,46.1428047,-60.1955871,glintcap_extract,,
kiezbaum,Kiezbaum,,9,9,2018,2022,1,,Germany,,,,none,https://www.kiezbaum.de/,
la-ferme-de-billy,La Ferme de Billy,,9,9,2018,2023,2,,Normandy,,,,none,https://www.ferme-de-billy.com/,https://maps.google.com/?cid=11023078698699122653
la-maison-ferr,La Maison Ferré,,10,9,2021,2024,3,,France,France,,,none,https://www.lamaisonferre.fr/,https://maps.google.com/?cid=13764361049917258070
la-maison-du-cidre,La Maison du Cidre,,9,9,2017,2024,2,,Brittany,,,,none,https://www.museeducidre.com/,https://maps.google.com/?cid=8243314023255302765
le-flanc-nord-verger-cidrerie,Le Flanc Nord Verger & Cidrerie,,9,9,2015,2018,1,Mont-Saint-Hilaire,Quebec,Canada,45.5715939,-73.1542621999999,glintcap_extract,,
learmonth-cider,Learmonth Cider,,9,9,2013,2019,1,,Victoria,Australia,,,none,https://learmonthcider.com.au/,
les-normandises-du-pradon,Les Normandises du Pradon,,9,9,2020,2024,1,,,,,,none,http://lesnormandisesdupradon.com/,https://maps.google.com/?cid=5034289693754776537
lost-giants-cider-company,Lost Giants Cider Company,,12,9,2018,2024,4,Bellingham,Washington,USA,48.752457,-122.459354,glintcap_extract,https://lostgiantscider.com/,https://maps.google.com/?cid=3699889965366654678
lucia-maria-melchiori,Lucia Maria Melchiori,,10,9,2022,2023,3,Predaia,Italy,Italy,46.3193865,11.0960328,glintcap_extract,https://sidroitaliano.it/,https://maps.google.com/?cid=15784129180909501372
mount-diablo-cider-company,Mount Diablo Cider Company,,11,9,2021,2024,5,Lafayette,California,USA,37.9025575,-122.0944769,glintcap_extract,https://www.mountdiablocider.com/,
ok-cider-co,OK Cider Co,,9,9,2022,2024,1,Oklahoma City,Oklahoma,USA,35.4670261,-97.5247456,glintcap_extract,,
old-hill-cider,Old Hill Cider,,10,9,2014,2022,2,Timberville,Virginia,USA,38.667709,-78.797062,glintcap_extract,https://www.showaltersorchard.com/,https://maps.google.com/?cid=9342034920472670388
omcider,OmCider,,9,9,2022,2024,4,,Norway,Norway,,,none,https://omcider.no/,https://maps.google.com/?cid=1800091822223931241
once-upon-a-tree,Once Upon A Tree,,10,9,2019,2021,1,Ledbury,Herefordshire,England,52.0360541999999,-2.4517932,glintcap_extract,,
pinnacle-drinks,Pinnacle Drinks,,9,9,2017,2023,1,,New South Wales,Australia,,,none,https://pinnacledrinks.com.au/,https://maps.google.com/?cid=18382720107027294885
potter-s-craft-cider,Potter's Craft Cider,,11,9,2019,2021,3,Charlottesville,Virginia,USA,37.9986534,-78.5798492,glintcap_extract,https://potterscraftcider.com/,https://maps.google.com/?cid=5866852060832925678
quinta-da-moscadinha,Quinta da Moscadinha,,9,9,2023,2024,1,,,Portugal,,,none,https://quintadamoscadinha.com/,https://maps.google.com/?cid=1405442820439409429
restauracja-tabun,Restauracja Tabun,,9,9,2023,2024,4,,Poland,Poland,,,none,https://www.restauracjatabun.pl/,https://maps.google.com/?cid=13556304642115496222
saro-cider,Saro Cider,,9,9,2019,2021,3,Lincoln,Nebraska,USA,40.812684,-96.695605,glintcap_extract,https://sarocider.com/,https://maps.google.com/?cid=14239117714929818609
sidra-carral,Sidra Carral,,9,9,2016,2024,1,,León,,,,none,,https://maps.google.com/?cid=2695880588601500201
sidra-fanjul,Sidra Fanjul,,12,9,2013,2024,3,Siero,Asturias,Spain,43.370866,-5.754482,glintcap_extract,https://www.sidrafanjul.com/,https://maps.google.com/?cid=10647391104326148313
sly-clyde-ciderworks,Sly Clyde Ciderworks,,9,9,2019,2021,1,Hampton,Virginia,USA,37.01651,-76.319663,glintcap_extract,,
sunshine-coast-cider,Sunshine Coast Cider,,9,9,2018,2024,1,,Queensland,Australia,,,none,https://www.sunshinecoastcider.com.au/,https://maps.google.com/?cid=10163774916123498605
sxollie,Sxollie,,11,9,2017,2024,2,,England,,,,none,https://sxollie.com/,https://maps.google.com/?cid=10777151726289454626
sycamore-ranch-vineyard-winery,Sycamore Ranch Vineyard & Winery,,9,9,2021,2021,1,Crestline,California,USA,34.2532057,-117.2588613,glintcap_extract,,
three-oaks-cider,Three Oaks Cider,,9,9,2015,2024,1,,South Australia,Australia,,,none,https://www.threeoakscider.com/,
treehorn-cider,Treehorn Cider,,9,9,2018,2019,1,Marietta,Georgia,USA,33.942771,-84.514319,glintcap_extract,,
valle-ballina-y-fernandez,Valle Ballina y Fernandez,,9,9,2023,2023,1,,,Spain,,,none,https://www.sidraelgaitero.com/,https://maps.google.com/?cid=15753532318992345137
vinvie-winery-cidery,VinVie Winery & Cidery,,10,9,2023,2024,1,,,,,,none,https://vinvie.jp/,https://maps.google.com/?cid=10362674152189928272
william-barnes,William Barnes,,11,9,2023,2024,1,,,,,,none,,
alde-sider,Alde Sider,,9,8,2021,2024,3,,Norway,Norway,,,none,https://www.aldesider.no/,https://maps.google.com/?cid=7838999053969928967
alex-hill,Alex Hill,,9,8,2024,2024,1,,,,,,none,,
alma-cider,Alma Cider,,16,8,2020,2024,2,Mount Vernon,Washington,USA,48.416119,-122.2940351,glintcap_extract,https://almacider.com/,
appie,Appie,,8,8,2018,2024,2,,Île-de-France,,,,none,,
artifact-cider-project,Artifact Cider Project,,12,8,2022,2024,4,Florence,Massachusetts,USA,42.3378061,-72.6732543,glintcap_extract,http://www.artifactcider.com/,
austin-eastciders,Austin Eastciders,,8,8,2012,2024,2,Austin,Texas,United States,30.211595,-97.7404707,glintcap_extract,http://austineastciders.com/,https://maps.google.com/?cid=14699519440178528476
blossom-barn-cidery,Blossom Barn Cidery,,9,8,2019,2024,2,Grants Pass,Oregon,USA,42.3165297,-123.2308841,glintcap_extract,https://www.blossombarncidery.com/,https://maps.google.com/?cid=14832421242351860515
bruny-island-cider,Bruny Island Cider,,8,8,2021,2024,1,,Tasmania,Australia,,,none,https://www.brunyisland.com/catalogue/bruny-island-cider/,
cellarmen-s,Cellarmen's,,8,8,2016,2017,1,Hazel Park,Michigan,USA,42.47091,-83.104109,glintcap_extract,,
cider-infusion,Cider Infusion,,8,8,2021,2024,1,,Victoria,Australia,,,none,https://ciderinfusion.com/,
ciderhuset-balholm,Ciderhuset Balholm,,8,8,2022,2023,2,,,Norway,,,none,https://www.ciderhuset.no/,https://maps.google.com/?cid=12671775028436675444
ciders-from-mars,Ciders from Mars,,8,8,2022,2023,1,Staunton,Virginia,USA,38.1474916,-79.0742591,glintcap_extract,,
cidre-lemasson,Cidre Lemasson,,8,8,2020,2024,1,,,,,,none,https://www.cidre-lemasson.fr/,https://maps.google.com/?cid=7632467116285948880
cidrerie-entre-pierre-terre,Cidrerie Entre Pierre & Terre,,9,8,2013,2016,1,Hinchinbrooke,Quebec,Canada,45.0251972999999,-73.9479384,glintcap_extract,,
clarksburg-cider,Clarksburg Cider,,11,8,2022,2024,2,Lancaster,New York,USA,42.9274192,-78.5953396,glintcap_extract,https://clarksburgcider.com/,https://maps.google.com/?cid=2480384765559100652
coffin-ridge-boutique-winery,Coffin Ridge Boutique Winery,,10,8,2017,2019,1,Annan,Ontario,Canada,44.663372,-80.77569,glintcap_extract,,
country-boy-brewing,Country Boy Brewing,,8,8,2021,2024,1,,Kentucky,United States,,,none,http://countryboybrewing.com/,https://maps.google.com/?cid=7007349802683802072
cydr-jab-kowy,Cydr Jabłkowy,,8,8,2017,2020,2,,Poland,,,,none,,
cydr-tradycyjny-z-trzebnicy,Cydr Tradycyjny z Trzebnicy,,8,8,2019,2023,2,,Poland,,,,none,,https://maps.google.com/?cid=16047236127227822461
distillerie-warenghem,Distillerie Warenghem,,8,8,2017,2024,1,,Côtes-d'Armor,,,,none,https://www.distillerie-warenghem.bzh/,
exner-cider,Exner Cider,,10,8,2019,2024,3,,Spain,,,,none,https://exnercider.com/,https://maps.google.com/?cid=3356560758775211802
ferme-du-lieu-roussel,Ferme du Lieu-Roussel,,8,8,2020,2023,1,,,,,,none,https://lieu-roussel.fr/,https://maps.google.com/?cid=14333694268932285992
fils-de-pomme,Fils de Pomme,,8,8,2018,2023,2,,Île-de-France,France,,,none,https://fils-de-pomme.com/,https://maps.google.com/?cid=8093403779791398976
gurutzeta,Gurutzeta,,8,8,2017,2022,2,,Basque Country,Spain,,,none,https://www.gurutzeta.com/,https://maps.google.com/?cid=3267815348998464054
gutshof-kraatz,Gutshof Kraatz,,8,8,2021,2024,2,,Germany,Germany,,,none,https://gutshof-kraatz.de/,https://maps.google.com/?cid=4340203013602665820
hart-s-farm,Hart's Farm,,8,8,2017,2023,1,,Victoria,Australia,,,none,https://www.hartsfarm.com.au/,https://maps.google.com/?cid=10474103931088012940
ironwood-hard-cider,Ironwood Hard Cider,,8,8,2016,2019,1,Niagara-on-the-Lake,Ontario,Canada,43.252604,-79.120363,glintcap_extract,,
junction-orchard-cidery,Junction Orchard & Cidery,,8,8,2022,2023,1,Victoria,British Columbia,Canada,48.5234444,-123.4370793,glintcap_extract,,
kikusui-brewing,Kikusui Brewing,,8,8,2023,2024,1,,,,,,none,https://kikusuisake.co.jp/,https://maps.google.com/?cid=273138642744687145
kings-mill-cider,Kings Mill Cider,,8,8,2018,2021,1,Stirling,Ontario,Canada,44.335137,-77.616518,glintcap_extract,,
la-cave-de-la-loterie,La Cave de la Loterie,,8,8,2020,2023,1,,,,,,none,https://www.cavedelaloterie.fr/,https://maps.google.com/?cid=14052572828101776269
les-vergers-du-quesnay,Les Vergers du Quesnay,,8,8,2017,2024,2,,Normandy,,,,none,https://www.lesvergersduquesnay.fr/,https://maps.google.com/?cid=15904214834922492181
little-apple-cidery,Little Apple Cidery,,8,8,2021,2024,1,Hillsdale,New York,USA,42.2158739,-73.5186273,glintcap_extract,,
lyme-bay-winery,Lyme Bay Winery,,8,8,2018,2021,1,,England,,,,none,,
mawby-vineyards,Mawby Vineyards,,10,8,2016,2018,2,Suttons Bay,Michigan,USA,44.913676,-85.65229,glintcap_extract,https://mawby.wine/,https://maps.google.com/?cid=2471409306317185463
monkey-house-cider,Monkey House Cider,,8,8,2021,2023,2,,England,,,,none,https://www.monkeyhousecider.co.uk/,https://maps.google.com/?cid=9384746937899899122
naturcidre,Naturcidre,,9,8,2022,2024,1,,Germany,,,,none,https://www.naturcidre.de/,https://maps.google.com/?cid=9508737086378177205
newton-court-cider,Newton Court Cider,,8,8,2016,2024,3,Newton,Herefordshire,England,52.1830141999999,-2.717924,glintcap_extract,https://www.newtoncourtcider.com/,https://maps.google.com/?cid=16599711403513185285
obst-weingut-br-ggenwirth,Obst- & Weingut Brüggenwirth,,9,8,2022,2024,2,,Germany,Germany,,,none,https://brueggenwirth.de/,https://maps.google.com/?cid=5975244823985496105
ploughman-cider,Ploughman Cider,,8,8,2019,2022,1,Gettysburg,Pennsylvania,USA,39.8305602999999,-77.231414,glintcap_extract,,
posterity-ciderworks,Posterity Ciderworks,,12,8,2021,2023,3,Mokelumne Hill,California,USA,38.2969506,-120.7076974,glintcap_extract,https://posterityciderworks.com/,https://maps.google.com/?cid=12556482300952119386
red-island-cider,Red Island Cider,,9,8,2021,2024,1,Charlottetown,Prince Edward Island,Canada,46.2453598,-63.1244046,glintcap_extract,,
redwood-cider-co,Redwood Cider Co.,,8,8,2011,2021,2,,Tasman,New Zealand,,,none,https://www.db.co.nz/,https://maps.google.com/?cid=6996062561310556831
sabiles-sidrs,Sabiles Sidrs,,8,8,2021,2023,3,,Latvia,Latvia,,,none,https://www.gardeners.lv/,https://maps.google.com/?cid=2950487918260459648
samuel-smith-s-brewery,Samuel Smith's Brewery,,8,8,2016,2020,1,,North Yorkshire,England,,,none,https://samuelsmithsbrewery.co.uk/,https://maps.google.com/?cid=15178745194059809638
santa-cruz-cider-co,Santa Cruz Cider Co.,,9,8,2017,2021,2,Santa Cruz,California,USA,36.959789,-122.048975,glintcap_extract,http://www.santacruzciderco.com/,https://maps.google.com/?cid=16427348691643937890
serpentine-cider,Serpentine Cider,,8,8,2019,2023,1,San Diego,California,USA,32.895393,-117.137246,glintcap_extract,,
sidra-alfa,Sidra Alfa,,9,8,2021,2024,3,,Portugal,Portugal,,,none,https://sidraalfa.pt/,
sidra-niebla,Sidra Niebla,,8,8,2021,2024,2,,Canary Islands,,,,none,https://www.sidrasdecanarias.com/,https://maps.google.com/?cid=16349686505723006702
stone-circle-cider,Stone Circle Cider,,8,8,2018,2022,2,Estacada,Oregon,United States,45.27771,-122.284894,glintcap_extract,http://stonecirclecider.com/,https://maps.google.com/?cid=6649334225519073300
sunken-paddle-ciderworks,Sunken Paddle Ciderworks,,8,8,2021,2024,1,Oshkosh,Wisconsin,USA,44.0015236,-88.5517169,glintcap_extract,,
swilled-dog-hard-cider,Swilled Dog Hard Cider,,8,8,2017,2021,2,Franklin,West Virginia,USA,38.7831416,-79.2850581,glintcap_extract,http://www.swilleddog.com/,https://maps.google.com/?cid=16690532979393529763
tempted-cider,Tempted Cider,,9,8,2017,2021,3,Lisburn,Northern Ireland,Northern Ireland,54.5086985,-6.1311345,glintcap_extract,https://www.temptedcider.com/,https://maps.google.com/?cid=4479314919661417093
texas-corners-brewing-company,Texas Corners Brewing Company,,8,8,2017,2024,1,Kalamazoo,Michigan,USA,42.202294,-85.686559,glintcap_extract,,
the-cidery,The Cidery,,8,8,2021,2024,1,,Western Australia,Australia,,,none,https://www.thecidery.com.au/,https://maps.google.com/?cid=5365209465918520059
victoria-cider-co,Victoria Cider Co.,,8,8,2022,2024,2,Victoria,British Columbia,Canada,48.643741,-123.457186,glintcap_extract,https://www.victoriaciderco.ca/,https://maps.google.com/?cid=4973668223480997484
wild-cider,Wild Cider,,8,8,2014,2018,1,Firestone,Colorado,USA,40.166464,-104.905465,glintcap_extract,,
willamette-ale-cider-house,Willamette Ale & Cider House,,8,8,2023,2024,1,West Linn,Oregon,USA,45.344129,-122.65676,glintcap_extract,,
aldi-stores-australia,ALDI Stores Australia,,8,7,2017,2021,2,,New South Wales,Australia,,,none,https://www.aldi.com.au/,
abbey-orchards,Abbey Orchards,,7,7,2023,2024,1,,,,,,none,,
adams-cider-company,Adams Cider Company,,8,7,2014,2019,3,Borrisoleigh,Tipperary,Ireland,52.752526,-7.957888,glintcap_extract,,
alorrenea,Alorrenea,,7,7,2017,2023,1,,Basque Country,,,,none,https://alorrenea.com/,https://maps.google.com/?cid=7369065934381285009
alter-ego-cider,Alter Ego Cider,,8,7,2015,2019,3,Portland,Oregon,USA,45.519839,-122.659396,glintcap_extract,,
b-nektar,B. Nektar,,7,7,2017,2022,1,Ferndale,Michigan,USA,42.456877,-83.113432,glintcap_extract,,
banjo-cider,Banjo Cider,,8,7,2021,2022,1,Uxbridge,Ontario,Canada,44.1484947,-79.1592864,glintcap_extract,,
bembel-with-care,Bembel With Care,,7,7,2017,2022,3,,Germany,,,,none,https://bembel-with-care.com/,
berryland,Berryland,,7,7,2021,2021,2,,Ukraine,,,,none,http://berryland.shop/,
black-apple,Black Apple,,7,7,2021,2023,1,Springdale,Arkansas,USA,36.18487,-94.127403,glintcap_extract,,
blackmore-vale-cider,Blackmore Vale Cider,,7,7,2023,2023,1,,,,,,none,https://www.blackmorevalecider.co.uk/,
brothers-drinks,Brothers Drinks,,7,7,2017,2024,3,,England,England,,,none,https://brotherscider.co.uk/,https://maps.google.com/?cid=1454211960614674654
canterbury-cider,Canterbury Cider,,7,7,2022,2023,2,,England,,,,none,https://canterburycider.co.uk/,https://maps.google.com/?cid=5125215280159558535
castelo-branco-cider,Castelo Branco Cider,,7,7,2020,2023,2,,Portugal,,,,none,http://www.castelobrancocider.com/,
chain-yard-cider,Chain Yard Cider,,11,7,2018,2024,2,Halifax,Nova Scotia,Canada,44.655537,-63.593991,glintcap_extract,https://www.chainyardcider.com/,https://maps.google.com/?cid=4454532663694829560
cheeky-tiki-cider,Cheeky Tiki Cider,,7,7,2017,2022,1,,Queensland,Australia,,,none,https://www.ohanawinery.com.au/,
cider-house-of-wisconsin,Cider House of Wisconsin,,7,7,2014,2019,2,McFarland,Wisconsin,United States,42.982849,-89.329972,glintcap_extract,,
cidra,Cidra,,7,7,2022,2024,1,,Lebanon,,,,none,,https://maps.google.com/?cid=14218291570320417037
cidrerie-claids,Cidrerie Claids,,7,7,2020,2024,1,,,,,,none,https://www.cidrerieclaids.fr/,https://maps.google.com/?cid=16896075272570280949
cidrerie-dujardin,Cidrerie Dujardin,,7,7,2020,2024,1,,,,,,none,http://www.cidres-dujardin.fr/,https://maps.google.com/?cid=10438887429258835490
cidrerie-mckeown,Cidrerie McKeown,,7,7,2017,2022,1,Rougemont,Quebec,Canada,45.44444,-73.069221,glintcap_extract,,
cigar-city-cider-mead,Cigar City Cider & Mead,,7,7,2014,2022,2,Tampa,Florida,United States,27.960748,-82.443199,glintcap_extract,http://www.cigarcitycider.com/,https://maps.google.com/?cid=105555702494086229
clear-fork-cider,Clear Fork Cider,,8,7,2017,2021,1,Paonia,Colorado,USA,38.8682283,-107.5980751,glintcap_extract,,
critz-farms,Critz Farms,,7,7,2016,2019,1,Cazenovia,New York,USA,42.880641,-75.873523,glintcap_extract,,
crucible-cider,Crucible Cider,,7,7,2014,2021,1,,Victoria,Australia,,,none,,
dingo-dog-brewing-company,Dingo Dog Brewing Company,,7,7,2018,2024,1,,North Carolina,United States,,,none,https://www.dingodogbrewing.com/,https://maps.google.com/?cid=855662940419552138
duxbury-cider-company,Duxbury Cider Company,,8,7,2021,2024,2,Meaford,Ontario,Canada,44.6435776999999,-80.6511491999999,glintcap_extract,https://www.theduxburyciderco.ca/,https://maps.google.com/?cid=18178962492954171012
edenvale-winery,EdenVale Winery,,9,7,2017,2020,3,Medford,Oregon,USA,42.2886086,-122.8477144,glintcap_extract,http://www.edenvalewines.com/,https://maps.google.com/?cid=1337477973398359922
empire-cider-company,Empire Cider Company,,7,7,2017,2018,1,Geneva,New York,USA,42.872345,-77.008276,glintcap_extract,,
flint-city-hard-cider-co,Flint City Hard Cider Co.,,7,7,2016,2022,1,Flint,Michigan,USA,43.021453,-83.69504,glintcap_extract,,
frecon-farms,Frecon Farms,,7,7,2013,2015,1,Reading,Pennsylvania,USA,40.328401,-75.647477,glintcap_extract,,
gary-awdey,Gary Awdey,,7,7,2016,2021,1,Valparaiso,Indiana,USA,41.47309,-87.06114,glintcap_extract,,
idol-cider-house,Idol Cider House,,8,7,2022,2024,2,Turner,Oregon,USA,44.7501765,-122.918168,glintcap_extract,https://idyll-acres.com/,
iessel-cider,Iessel Cider,,7,7,2019,2023,3,,Netherlands,Netherlands,,,none,https://www.iesselcider.nl/,https://maps.google.com/?cid=10819175046461159669
john-and-naomi-wakelin,John and Naomi Wakelin,,8,7,2023,2024,1,,,,,,none,,
king-valley-cider-co,King Valley Cider Co.,,7,7,2012,2022,1,,Victoria,Australia,,,none,,
kystin,Kystin,,7,7,2013,2023,3,Vannes,Brittany,France,,,none,https://www.kystin.net/,
l-aubini-re,L'Aubinière,,7,7,2023,2023,1,,France,,,,none,https://www.laubiniere.fr/,https://maps.google.com/?cid=3202157626582316196
la-mordue,La Mordue,,7,7,2019,2024,1,,France,,,,none,https://www.lamordue.fr/,https://maps.google.com/?cid=12531232480419391978
left-field-cider-co,Left Field Cider Co.,,7,7,2013,2016,2,Logan Lake,British Columbia,Canada,50.3615989,-120.8033218,glintcap_extract,http://www.leftfieldcider.com/,https://maps.google.com/?cid=2952880485422961840
lindner-s-cider,Lindner's Cider,,7,7,2021,2021,1,Hamden,New York,USA,42.170095,-75.018056,glintcap_extract,,
loxtonia-cider,Loxtonia Cider,,8,7,2019,2023,1,,South Africa,,,,none,https://loxtonia.co.za/,https://maps.google.com/?cid=10388854018344349799
luke-s-cider,Luke's Cider,,7,7,2023,2024,1,,,,,,none,https://www.lukescider.com/,https://maps.google.com/?cid=3087204132532898241
merrydown,Merrydown,,7,7,2013,2022,2,,England,England,,,none,https://www.merrydown.co.uk/,
mississippi-ale-house,Mississippi Ale House,,7,7,2018,2023,1,Olive Branch,Mississippi,USA,34.9631296,-89.8268168,glintcap_extract,,
muse-orchard,Muse Orchard,,7,7,2021,2023,2,Edinburg,Virginia,United States,38.8202977,-78.6011459,glintcap_extract,,
north-down-orchard,North Down Orchard,,8,7,2023,2024,1,,,,,,none,,
ore-creek-craft-cider,Ore Creek Craft Cider,,7,7,2022,2024,1,Pinckney,Michigan,USA,42.4182281,-83.905632,glintcap_extract,,
ponderosa-cider-co,Ponderosa Cider Co.,,7,7,2023,2024,3,Auburn,California,USA,38.8916572,-121.0684595,glintcap_extract,https://www.ponderosacider.com/,https://maps.google.com/?cid=8393289263225208220
punx-cider-worx,Punx Cider Worx,,7,7,2024,2024,2,Punxsutawney,Pennsylvania,United States,40.9358884,-78.9681709,glintcap_extract,,
red-clay-ciderworks,Red Clay Ciderworks,,7,7,2018,2018,1,Charlotte,North Carolina,USA,35.194573,-80.874782,glintcap_extract,,
renaissance-orchards,Renaissance Orchards,,9,7,2016,2024,2,Ferndale,Washington,USA,48.834936,-122.640266,glintcap_extract,https://renaissanceorchards.com/,https://maps.google.com/?cid=8299199662211416163
revel-cider-company,Revel Cider Company,,7,7,2015,2017,1,Guelph,Ontario,Canada,43.5467931,-80.2767466999999,glintcap_extract,,
rochdale-cider,Rochdale Cider,,7,7,2016,2017,1,,Nelson,New Zealand,,,none,http://rochdalecider.co.nz/,
rosie-s-triple-d-cider,Rosie's Triple D Cider,,8,7,2023,2024,2,,Denbighshire,,,,none,https://www.rosiescider.co.uk/,https://maps.google.com/?cid=12453816872387933094
rusty-bike-wines-ciders,Rusty Bike Wines & Ciders,,7,7,2016,2023,1,,South Australia,Australia,,,none,https://rustybike.com.au/,https://maps.google.com/?cid=2086180301930276726
seven-trees-cider,Seven Trees Cider,,7,7,2023,2024,1,,,,,,none,,
shuswap-cider-co,Shuswap Cider Co.,,8,7,2023,2024,1,Salmon Arm,British Columbia,Canada,50.6918843,-119.3095887,glintcap_extract,,
skarb-gard,Skarbø Gard,,7,7,2022,2024,2,,,Norway,,,none,https://skarbogard.no/,https://maps.google.com/?cid=8459681002301363731
spoke-spy-ciderworks,Spoke + Spy Ciderworks,,8,7,2018,2023,1,Middletown,Connecticut,USA,41.572063,-72.657709,glintcap_extract,,
st-ambrose-cellars,St. Ambrose Cellars,,7,7,2015,2016,1,Beulah,Michigan,USA,44.618196,-85.998147,glintcap_extract,,
string-theory-cider,String Theory Cider,,7,7,2021,2023,1,Cumberland,Wisconsin,USA,45.5309002,-92.0212919,glintcap_extract,,
terre-cartusiae,Terre Cartusiae,,7,7,2022,2024,1,,Italy,,,,none,https://terrecartusiae.com/,https://maps.google.com/?cid=11370456585342224345
the-lingens-farm,The Lingens Farm,,10,7,2023,2024,1,,Worcestershire,,,,none,,https://maps.google.com/?cid=17405441244644367287
thirsty-fox,Thirsty Fox,,7,7,2021,2023,1,,India,,,,none,https://thirstyfox.com/,https://maps.google.com/?cid=10203573978211651887
tori-siidritalu,Tori Siidritalu,,8,7,2019,2023,2,,Estonia,Estonia,,,none,https://siidritalu.ee/,https://maps.google.com/?cid=12573071235401057897
ad-astra-cider,Ad Astra Cider,,8,6,2023,2024,1,,,,,,none,https://adastracider.com/,https://maps.google.com/?cid=9771495525386244918
ambrosia-orchard,Ambrosia Orchard,,6,6,2019,2022,1,Hoagland,Indiana,USA,40.953615,-85.064073,glintcap_extract,,
andersen-winery,Andersen Winery,,7,6,2017,2023,2,,Denmark,Denmark,,,none,https://andersenwinery.dk/,https://maps.google.com/?cid=1091487036715359602
apfelweinhandlung-jb,Apfelweinhandlung JB,,6,6,2019,2022,2,,Germany,Germany,,,none,https://www.apfelweinhandlung.de/,https://maps.google.com/?cid=4042602811831238709
astarbe,Astarbe,,6,6,2014,2021,2,,Basque Country,,,,none,https://www.astarbe.eus/,https://maps.google.com/?cid=4931185880912606614
beach-bee-meadery,Beach Bee Meadery,,8,6,2022,2023,3,Long Branch,New Jersey,USA,40.3090937,-73.98298,glintcap_extract,https://www.beachbeemeadery.com/,https://maps.google.com/?cid=3925888969412189535
bear-cider,Bear Cider,,6,6,2015,2019,3,Naarden,Netherlands,Netherlands,52.2961063,5.1662739,glintcap_extract,https://www.bearcider.com/,https://maps.google.com/?cid=2306162274342811911
berkshire-cider-project,Berkshire Cider Project,,7,6,2023,2024,2,North Adams,Massachusetts,USA,42.6980606999999,-73.1521496,glintcap_extract,https://www.berkshire-cider.com/,https://maps.google.com/?cid=39143702970968971
bl-m-meadworks,Bløm Meadworks,,6,6,2021,2023,1,Ann Arbor,Michigan,USA,42.2810318,-83.747518,glintcap_extract,,
brys-estate-ciderworks,Brys Estate Ciderworks,,6,6,2022,2024,1,Traverse City,Michigan,USA,44.8866671,-85.5098039,glintcap_extract,,
bugarden,Bugarden,,6,6,2022,2023,2,,,Norway,,,none,https://www.bugarden.no/,https://maps.google.com/?cid=18164183612083637326
c-e-petch-cidery-and-distillery,C.E.Petch Cidery and Distillery,,6,6,2019,2021,1,,,,,,none,,
cherry-creek-cellars,Cherry Creek Cellars,,6,6,2015,2018,1,Albion,Michigan,USA,42.0504311,-84.301136,glintcap_extract,,
chris-hecks,Chris Hecks,,6,6,2023,2023,1,,,,,,none,,
cider-magnetic-apple,Cider Magnetic Apple,,6,6,2015,2020,2,,Czechia,,,,none,http://magneticapple.cz/,https://maps.google.com/?cid=1709461893430543805
clafeld-cider-house,Clafeld Cider House,,6,6,2017,2020,1,,Ontario,Canada,,,none,https://www.waupooswinery.com/,https://maps.google.com/?cid=14335401017140852929
corey-lake-orchards,Corey Lake Orchards,,7,6,2017,2018,1,Three Rivers,Michigan,USA,41.919986,-85.718213,glintcap_extract,,
cornish-orchards,Cornish Orchards,,6,6,2015,2023,2,,England,England,,,none,https://www.cornishorchards.co.uk/,https://maps.google.com/?cid=1088039469048966117
dee-ciders,Dee Ciders,,6,6,2024,2024,2,,Flintshire,,,,none,https://www.deeciders.com/,
devoto-orchards-cider,Devoto Orchards Cider,,6,6,2013,2015,1,Sebastopol,California,USA,38.388874,-122.865391,glintcap_extract,,
die-mostbarone,Die Mostbarone,,6,6,2023,2023,1,,,Austria,,,none,https://www.seppelbauer.at/,
draper-girls-cider-co,Draper Girls Cider Co.,,6,6,2018,2019,1,,Oregon,,,,none,http://www.drapergirlsfarm.com/,https://maps.google.com/?cid=6165797375002364096
eiane-gard,Eiane Gard,,7,6,2022,2024,2,,Norway,Norway,,,none,https://www.eianegard.no/,https://maps.google.com/?cid=13089067596466030259
f-h-prager,F.H. Prager,,6,6,2014,2023,3,Zbraslav,Czechia,Czechia,49.9773812,14.3938187,glintcap_extract,https://fhprager.cz/,https://maps.google.com/?cid=5646652119245236581
falconer-vineyards,Falconer Vineyards,,6,6,2017,2019,1,Red Wing,Minnesota,USA,44.557381,-92.59406,glintcap_extract,,
fenn-valley-vineyards,Fenn Valley Vineyards,,6,6,2022,2023,1,Fennville,Michigan,USA,42.577827,-86.144125,glintcap_extract,,
ferme-de-la-commanderie,Ferme de la Commanderie,,6,6,2020,2023,1,,,,,,none,http://www.ferme-de-la-commanderie.fr/,https://maps.google.com/?cid=2113479186577428756
fjordfolk-mikrobryggeri,Fjordfolk Mikrobryggeri,,9,6,2021,2023,2,,Norway,Norway,,,none,https://www.fjordfolkbrygg.no/,https://maps.google.com/?cid=13187877260143472555
foxcraft-hard-cider,Foxcraft Hard Cider,,6,6,2015,2017,3,Santa Rosa,California,USA,38.441272,-122.714998,glintcap_extract,,
gartziategi,Gartziategi,,6,6,2017,2022,2,,Basque Country,,,,none,https://gartziategi.com/,https://maps.google.com/?cid=4734247712861040251
green-bird-cellars,Green Bird Cellars,,6,6,2012,2015,1,Northport,Michigan,USA,45.108463,-85.65037,glintcap_extract,,
hardangerbonden,Hardangerbonden,,6,6,2022,2023,1,,,Norway,,,none,https://www.hardangerbonden.no/,https://maps.google.com/?cid=13224629755021668502
harding-kologiske-sideri,Harding Økologiske Sideri,,6,6,2022,2023,1,,,Norway,,,none,https://www.hardingsideri.no/,https://maps.google.com/?cid=12919577292319496906
heartland-ciderworks,Heartland Ciderworks,,7,6,2023,2024,3,Rickreall,Oregon,USA,44.9264472,-123.2292953,glintcap_extract,,
helleland-gard,Helleland Gard,,6,6,2022,2024,2,,,Norway,,,none,https://www.hellelandgard.no/,https://maps.google.com/?cid=16525259240171377871
hera-cider,Hera Cider,,6,6,2021,2023,2,,Galicia,,,,none,https://heracider.com/,https://maps.google.com/?cid=2781404824572044242
ironbark-ciderworks,Ironbark Ciderworks,,7,6,2023,2023,2,Claremont,California,USA,34.10859,-117.701704,glintcap_extract,https://www.ironbarkciderworks.com/,https://maps.google.com/?cid=8906916779198297766
kaiju-beer,Kaiju! Beer,,6,6,2015,2023,1,,Victoria,Australia,,,none,https://kaijubeer.com.au/,https://maps.google.com/?cid=487547657947015054
kamoshika-cidre,Kamoshika Cidre,,8,6,2023,2024,1,,,,,,none,https://kamoshikacidre.jp/,https://maps.google.com/?cid=11874012255187792971
kekionga-craft-company,Kekionga Craft Company,,6,6,2018,2019,1,Fort Wayne,Indiana,USA,41.098914,-85.044471,glintcap_extract,,
kellybrook-winery,Kellybrook Winery,,6,6,2012,2017,1,,Victoria,Australia,,,none,https://www.kellybrookwinery.com.au/,https://maps.google.com/?cid=11638840488142948775
killahora-orchards,Killahora Orchards,,6,6,2018,2023,2,,Ireland,,,,none,https://www.killahoraorchards.ie/,
krenzers-rh-n,Krenzers Rhön,,6,6,2023,2024,1,,,Germany,,,none,https://rhoenerlebnis.de/,https://maps.google.com/?cid=15922504228976266945
kvestad-sideri,Kvestad Sideri,,6,6,2022,2023,1,,,Norway,,,none,https://www.kvestadsideri.no/,https://maps.google.com/?cid=16077910184660188927
la-ferme-des-ruelles,La Ferme des Ruelles,,6,6,2020,2024,2,,Normandy,,,,none,https://www.fermedesruelles.com/,https://maps.google.com/?cid=14485040344949359277
le-chai-de-la-baie,Le Chai de la Baie,,6,6,2021,2024,1,,,,,,none,,https://maps.google.com/?cid=12654181407242940379
lien-g-rd,Lien Gård,,6,6,2022,2023,2,,,Norway,,,none,https://www.liengard-telemark.no/,https://maps.google.com/?cid=9873512223911132771
lion,Lion,,6,6,2014,2018,1,,New South Wales,Australia,,,none,https://www.lionco.com/,
liquid-art-winery,Liquid Art Winery,,6,6,2019,2019,1,Manhattan,Kansas,USA,39.1924003,-96.6778549,glintcap_extract,,
lofthus-ekspedisjon,Lofthus Ekspedisjon,,6,6,2022,2023,2,,Norway,Norway,,,none,https://lofthusekspedisjon.no/,https://maps.google.com/?cid=10108744972037075215
magners,Magners,,6,6,2011,2021,2,,Tipperary,Ireland,,,none,https://magners.co.uk/,https://maps.google.com/?cid=13030775149028298606
molly-s-and-jasmine-s-cider,Molly's and Jasmine's Cider,,6,6,2024,2024,1,,,,,,none,,
mostbauernhof-distelberger,Mostbauernhof Distelberger,,6,6,2023,2023,1,,Austria,,,,none,http://www.distelberger.at/,https://maps.google.com/?cid=11354772379381960347
mosterei-m-hl,Mosterei Möhl,,6,6,2019,2024,2,,Switzerland,Switzerland,,,none,https://www.moehl.ch/,https://maps.google.com/?cid=2429351855518192196
neon-cider,Neon Cider,,7,6,2023,2024,1,,,,,,none,https://bestbevhk.com/collections/neonotic-cider,https://maps.google.com/?cid=208458777916738113
nomad-cidery,Nomad Cidery,,6,6,2017,2018,1,Williamsburg,Michigan,USA,44.772385,-85.4418419,glintcap_extract,,
north-canyon-cider-company,North Canyon Cider Company,,7,6,2019,2024,2,Camino,California,USA,,,none,http://northcanyoncider.com/,https://maps.google.com/?cid=15474272377040798709
oliver-s-cider-perry,Oliver’s Cider & Perry,,6,6,2023,2023,1,,Herefordshire,,,,none,https://www.oliversciderandperry.co.uk/,https://maps.google.com/?cid=7135495925516207657
on-point-cider-company,On Point Cider Company,,7,6,2023,2024,4,,England,,,,none,,
raging-cider-mead,Raging Cider & Mead,,7,6,2018,2022,2,San Marcos,California,USA,33.144079,-117.18753,glintcap_extract,http://www.ragingcidermead.com/,https://maps.google.com/?cid=4063834740320553778
redbyrd-orchard-cider,Redbyrd Orchard Cider,,6,6,2013,2014,1,Trumansburg,New York,USA,42.500194,-76.639118,glintcap_extract,,
ridge-furrow-cider,Ridge & Furrow Cider,,6,6,2023,2024,1,,,,,,none,https://ridgeandfurrowcider.co.uk/,https://maps.google.com/?cid=5958769938793720344
riverhead-ciderhouse,Riverhead Ciderhouse,,6,6,2018,2021,1,Riverhead,New York,USA,40.958383,-72.729308,glintcap_extract,,
savanna,Savanna,,6,6,2018,2023,1,,South Africa,,,,none,https://www.savanna.co.za/,https://maps.google.com/?cid=947674074671053030
seek-no-further-cidery,Seek-No-Further Cidery,,7,6,2023,2024,2,Granville,Ohio,USA,40.0670945,-82.5194091,glintcap_extract,https://www.seeknofurthercider.com/,https://maps.google.com/?cid=4713802987366690958
sendero-del-valle,Sendero del Valle,,6,6,2022,2024,1,,Canary Islands,,,,none,,
sidra-la-borda-de-basajaun,Sidra La Borda de Basajaun,,6,6,2019,2023,1,,Basque Country,,,,none,,
sidra-pi-era,Sidra Piñera,,6,6,2017,2021,1,,Asturias,,,,none,https://www.sidrapinera.es/,https://maps.google.com/?cid=3226166040134745626
sidrer-a-tencai,Sidrería TenCai,,6,6,2021,2024,3,Padre Las Casas,Chile,Chile,-38.7416573,-72.5550678,glintcap_extract,https://tencaisidra.cl/,https://maps.google.com/?cid=5739971672897016755
sidro-melagodo,Sidro MelaGodo,,8,6,2020,2022,3,,Italy,Italy,,,none,https://www.sidromelagodo.it/,https://maps.google.com/?cid=12237794709851078121
sourwood-cider,Sourwood Cider,,6,6,2018,2019,1,Halifax,Nova Scotia,Canada,44.6395722,-63.6644932,glintcap_extract,,
st-julian-winery,St. Julian Winery,,6,6,2015,2019,1,Paw Paw,Michigan,USA,42.212252,-85.891725,glintcap_extract,,
stowe-cider,Stowe Cider,,7,6,2017,2024,3,Stowe,Vermont,USA,44.473504,-72.711986,glintcap_extract,http://www.stowecider.com/,https://maps.google.com/?cid=6993680314169906863
sutton-s-juice-factory,Sutton's Juice Factory,,6,6,2015,2023,1,,Queensland,Australia,,,none,https://suttonsfarm.com.au/,https://maps.google.com/?cid=17202902084953727843
talbott-s-cider-company,Talbott's Cider Company,,6,6,2018,2021,1,Palisade,Colorado,USA,39.097123,-108.349759,glintcap_extract,,
tall-ship-craft-cider-fjordfolk-mikrobryggeri,Tall Ship Craft Cider / Fjordfolk Mikrobryggeri,,6,6,2021,2021,1,Sandefjord,Vestfold,Norway,59.1287336,10.2604976,glintcap_extract,,
th-o-capelle,Théo Capelle,,6,6,2020,2022,1,,,,,,none,https://www.theo-capelle.com/,https://maps.google.com/?cid=3221607950662529223
ty-gwyn-cider,Ty Gwyn Cider,,6,6,2018,2020,1,,Wales,,,,none,https://www.tygwyncider.co.uk/,https://maps.google.com/?cid=10387007397298060764
union-hill-cider-company,Union Hill Cider Company,,11,6,2019,2024,1,East Wenatchee,Washington,USA,,,none,https://www.unionhillciderco.com/,https://maps.google.com/?cid=15999164221517255413
urban-forage-winery-cider-house,Urban Forage Winery & Cider House,,6,6,2017,2022,1,Minneapolis,Minnesota,USA,44.948571,-93.227734,glintcap_extract,,
ventons-devon-cider,Ventons Devon Cider,,6,6,2023,2023,1,,,,,,none,https://ventons.co.uk/,https://maps.google.com/?cid=13221987803001183957
west-end-cider-house,West End Cider House,,7,6,2023,2024,1,Athens,Ohio,USA,39.332217,-82.110287,glintcap_extract,,
whitewood-cider-co,Whitewood Cider Co.,,8,6,2014,2017,3,Olympia,Washington,USA,47.0456687,-122.8933489,glintcap_extract,https://www.whitewoodcider.com/,https://maps.google.com/?cid=17959127106154260964
wild-hare-cider,Wild Hare Cider,,6,6,2016,2019,1,Bluemont,Virginia,USA,39.110623,-77.833609,glintcap_extract,,
willow-oaks,Willow Oaks,,6,6,2021,2022,1,Middletown,Maryland,USA,39.402881,-77.576441,glintcap_extract,,
1785-cider,1785 Cider,,6,5,2022,2024,2,,Germany,,,,none,https://1785-cider.de/,
2-fools-cider,2 Fools Cider,,5,5,2019,2021,1,Naperville,Illinois,USA,41.775847,-88.188785,glintcap_extract,,
26-acre-craft-cider-company,26 Acre Craft Cider Company,,5,5,2017,2018,1,Pelham,Ontario,Canada,43.037222,-79.328764,glintcap_extract,,
aburuza,Aburuza,,5,5,2017,2023,2,,Basque Country,Spain,,,none,https://www.sidrasaburuza.net/,https://maps.google.com/?cid=11790998531102067428
aga-sideri,Aga Sideri,,6,5,2022,2023,1,,,Norway,,,none,https://www.agasideri.no/,https://maps.google.com/?cid=13763004362793346500
angeles-crest-cider,Angeles Crest Cider,,5,5,2018,2021,1,Canoga Park,California,USA,34.2053948,-118.5898987,glintcap_extract,,
apal-sideri,Apal Sideri,,5,5,2022,2023,2,,,Norway,,,none,https://apalsideri.no/,https://maps.google.com/?cid=5061308997335336207
araeta,Araeta,,5,5,2017,2019,1,,Basque Country,,,,none,https://araeta.com/,https://maps.google.com/?cid=16679682521656072832
ardiel-cider-house,Ardiel Cider House,,5,5,2018,2018,1,Clarksburg,Ontario,Canada,44.499666,-80.426869,glintcap_extract,,
armagh-cider-company,Armagh Cider Company,,5,5,2013,2014,1,Portadown,Armagh,Northern Ireland,54.4078133,-6.4861608,glintcap_extract,,
bauman-s-cider,Bauman’s Cider,,5,5,2024,2024,1,,,,,,none,https://baumanscider.com/,https://maps.google.com/?cid=10038644588886302965
benjamin-jaffe-dinnington-cider-press,Benjamin Jaffe - Dinnington Cider Press,,5,5,2023,2023,1,,,,,,none,,
bishop-cider-company,Bishop Cider Company,,7,5,2018,2019,2,Fort Worth,Texas,USA,32.7433262,-97.3072551,glintcap_extract,https://www.bishopcider.com/,
bizio,Bizio,,5,5,2022,2023,2,,Basque Country,Spain,,,none,,https://maps.google.com/?cid=10634023042683294263
bollhayes-cider,Bollhayes Cider,,5,5,2023,2023,1,,,,,,none,https://bollhayescider.co.uk/,https://maps.google.com/?cid=12800455720536456131
bowen-cider-house,Bowen Cider House,,5,5,2023,2024,1,Bowen Island,British Columbia,Canada,49.3639259,-123.3817062,glintcap_extract,,
calvados-pierre-huet,Calvados Pierre Huet,,6,5,2018,2023,3,Cambremer,Normandy,France,49.1476519,0.0462976,glintcap_extract,https://www.calvados-huet.com/,https://maps.google.com/?cid=11210783185501022788
carlow-brewing-company,Carlow Brewing Company,,5,5,2024,2024,1,,Ireland,,,,none,https://www.carlowbrewing.com/,https://maps.google.com/?cid=15929028342107779755
cester-camillo,Cester Camillo,,5,5,2017,2023,1,,Veneto,Italy,,,none,https://cestercamillo.it/,https://maps.google.com/?cid=8941056702037722200
chapel-sider,Chapel Sider,,5,5,2023,2024,1,,,,,,none,https://chapelsider.co.uk/,
chris-conroy,Chris Conroy,,5,5,2023,2024,1,,,,,,none,,
cidre-mauret,Cidre Mauret,,10,5,2018,2020,2,,France,,,,none,https://www.cidremauret.fr/,https://maps.google.com/?cid=4442731802315342242
cidrerie-godefroy,Cidrerie Godefroy,,5,5,2020,2024,1,,,,,,none,https://www.ecomuseeducidre.fr/,https://maps.google.com/?cid=5707167707581907830
cidrerie-michel-br-avoine,Cidrerie Michel Bréavoine,,5,5,2018,2024,2,,Normandy,,,,none,https://www.breavoine.fr/,https://maps.google.com/?cid=13497264920337240271
cidrerie-traditionnelle-du-perche,Cidrerie Traditionnelle du Perche,,5,5,2020,2021,1,,,,,,none,http://www.cidrerie-traditionnelle-du-perche.fr/,https://maps.google.com/?cid=4098308531613353726
cidrerie-verger-hemmingford,Cidrerie Verger Hemmingford,,5,5,2015,2019,2,Hemmingford,Canada,Canada,45.045783,-73.5710108999999,glintcap_extract,,
cidrerie-de-bo-l,Cidrerie de Boäl,,5,5,2017,2022,1,,Brittany,,,,none,https://cidreriedeboal.com/,https://maps.google.com/?cid=11931011628979336491
cidres-la-pommeraie,Cidres la Pommeraie,,5,5,2012,2013,1,,Normandy,France,,,none,,
coastliner-craft-cider,Coastliner Craft Cider,,5,5,2017,2019,1,Fredericton,New Brunswick,Canada,45.9523177,-66.6149142,glintcap_extract,,
colemans-cider-company,Colemans Cider Company,,5,5,2020,2020,1,,England,,,,none,,
courtney-s-devon-cider,Courtney's Devon Cider,,5,5,2020,2023,2,,England,,,,none,https://courtneys.online/,https://maps.google.com/?cid=15697263033877967876
courtneys-of-whimple,Courtneys of Whimple,,5,5,2024,2024,1,,,,,,none,https://courtneys.online/,https://maps.google.com/?cid=15697263033877967876
covered-bridge-brewing,Covered Bridge Brewing,,5,5,2020,2022,2,Cottage Grove,Oregon,United States,43.7975203,-123.0584655,glintcap_extract,,
diner-brew-co,Diner Brew Co.,,5,5,2019,2019,1,Mt. Vernon,New York,USA,40.908354,-73.849259,glintcap_extract,,
domaine-bordatto,Domaine Bordatto,,5,5,2017,2017,1,,Basque Country,,,,none,https://www.domainebordatto.com/,https://maps.google.com/?cid=8144559227920719273
domaine-dupont,Domaine Dupont,,5,5,2011,2022,2,,Normandy,France,,,none,https://www.calvados-dupont.com/,https://maps.google.com/?cid=4283975466429458280
domaine-olivier,Domaine Olivier,,5,5,2018,2024,2,,Normandy,,,,none,https://www.ledomaineolivier.com/,https://maps.google.com/?cid=12832839833696798380
domaine-des-5-autels,Domaine des 5 Autels,,5,5,2021,2023,2,,,France,,,none,https://cinqautels.com/,https://maps.google.com/?cid=1561300018564057036
domaine-des-5-d,Domaine des 5 D,,6,5,2016,2019,3,Ouilly-le-Vicomte,Normandy,France,49.1786404,0.2045199,glintcap_extract,http://cidreriedaufresne.com/,https://maps.google.com/?cid=8401719320995507859
farm-club,Farm Club,,5,5,2023,2024,1,Traverse City,Michigan,USA,44.8331931,-85.6898661,glintcap_extract,,
funk-drinks-co,Funk Drinks Co.,,5,5,2024,2024,1,,Western Australia,Australia,,,none,https://funkdrinks.co/,https://maps.google.com/?cid=12976653066917509642
gurneys-cider,Gurneys Cider,,5,5,2023,2024,1,,Victoria,Australia,,,none,https://gurneyscider.com.au/,https://maps.google.com/?cid=17296225831182939561
healey-s-cornish-cyder-farm,Healey's Cornish Cyder Farm,,5,5,2021,2023,1,,England,,,,none,https://healeyscyder.co.uk/,https://maps.google.com/?cid=17810033344220665904
hecks-farmhouse-cider,Hecks Farmhouse Cider,,5,5,2023,2023,1,,,,,,none,https://www.heckscider.com/,https://maps.google.com/?cid=14811456381048588409
heeman-s,Heeman’s,,5,5,2024,2024,1,,,,,,none,https://heeman.ca/,https://maps.google.com/?cid=6514751524906368604
hoity-toity-cellars,Hoity Toity Cellars,,5,5,2012,2015,1,Mildmay,Ontario,Canada,44.093675,-81.143186,glintcap_extract,,
independent-perry,Independent Perry,,6,5,2019,2019,3,Dryden,Washington,USA,47.5533258,-120.5686382,glintcap_extract,,
izeta,Izeta,,5,5,2017,2021,2,,Spain,,,,none,https://www.izeta.es/,https://maps.google.com/?cid=5193661031886461877
j-r-armitage,J&R Armitage,,5,5,2020,2024,1,,England,,,,none,https://armitagesparklingwines.co.uk/,
jaanihanso-cider,Jaanihanso Cider,,7,5,2017,2018,1,Kaelase,Pärnu,Estonia,58.6955057,24.5206078,glintcap_extract,,
kelterei-possmann,Kelterei Possmann,,5,5,2023,2024,1,,,Germany,,,none,https://www.possmann.de/,https://maps.google.com/?cid=7171120638194976908
keuka-craft-ciders,Keuka Craft Ciders,,5,5,2018,2019,1,Canisteo,New York,USA,42.267302,-77.614778,glintcap_extract,,
kottmann-s-brennerei,Kottmann's Brennerei,,5,5,2023,2024,1,,,Germany,,,none,https://hirsch-badditzenbach.de/,https://maps.google.com/?cid=9553558957450184374
lake-chelan-winery,Lake Chelan Winery,,7,5,2018,2023,1,Chelan,Washington,USA,,,none,https://lakechelanwinery.com/,https://maps.google.com/?cid=14575106688846373159
le-verger-de-kernivinen,Le Verger de Kernivinen,,5,5,2021,2024,1,,Côtes-d'Armor,,,,none,http://www.cidre-fermier.com/,https://maps.google.com/?cid=4984251969580277806
lingebakken,Lingebakken,,5,5,2022,2023,1,,,Norway,,,none,https://www.lingebakken.no/,https://maps.google.com/?cid=10220638985890464265
maison-h-rout,Maison Hérout,,6,5,2020,2023,3,Auvers,Normandy,France,49.2940012,-1.303545,glintcap_extract,https://www.maisonherout.com/,https://maps.google.com/?cid=1426598113576371976
market-garden-brewery,Market Garden Brewery,,5,5,2021,2024,1,Cleveland,Ohio,USA,41.4850769,-81.7034306,glintcap_extract,,
meichle-obst-und-weinbau,Meichle Obst- und Weinbau,,5,5,2023,2024,1,,,Germany,,,none,https://www.meichle-hagnau.de/,
missing-falls-brewery,Missing Falls Brewery,,5,5,2022,2024,1,,Ohio,United States,,,none,https://www.missingfalls.com/,https://maps.google.com/?cid=16469758948621365687
monkey-rock-winery-cider,Monkey Rock Winery & Cider,,5,5,2023,2023,1,,Western Australia,Australia,,,none,https://www.monkeyrockwinery.com.au/,https://maps.google.com/?cid=4216191327395483874
monteith-s-brewing-co,Monteith's Brewing Co.,,5,5,2013,2018,1,,West Coast,New Zealand,,,none,https://www.thebrewery.co.nz/,https://maps.google.com/?cid=13339274588774573493
mostschenke-brunner,Mostschenke Brunner,,5,5,2024,2024,1,,,Austria,,,none,https://www.mostschenke.com/,https://maps.google.com/?cid=9656305552831248718
natur-und-mohr,Natur und Mohr,,5,5,2023,2024,1,,,Germany,,,none,https://naturundmohr.de/,https://maps.google.com/?cid=1442772049758910733
nikka-cidre,Nikka Cidre,,5,5,2018,2022,1,,Japan,,,,none,https://www.asahibeer.co.jp/cidre/,
ninch-cider,Ninch Cider,,5,5,2019,2023,1,,Tasmania,Australia,,,none,,https://maps.google.com/?cid=10134826457369794124
nomad-cider,Nomad Cider,,5,5,2018,2018,1,Summerland,British Columbia,Canada,49.580647,-119.684279,glintcap_extract,,
northman-cider-co,Northman Cider Co.,,5,5,2022,2024,1,Chicago,Illinois,USA,41.9605939,-87.6829794,glintcap_extract,,
nude-cider,Nude Cider,,5,5,2020,2023,2,,Finland,Finland,,,none,https://www.nudecider.fi/,https://maps.google.com/?cid=590124294754000819
old-twelfth-cider,Old Twelfth Cider,,5,5,2021,2022,1,,Tasmania,Australia,,,none,,
one-tree-hard-cider,One Tree Hard Cider,,5,5,2018,2023,1,,Washington,United States,,,none,http://www.onetreehardcider.com/,https://maps.google.com/?cid=3782079883535213089
ottercider,Ottercider,,5,5,2023,2023,4,,Belgium,Belgium,,,none,https://www.ottercider.be/,
over-the-hill-cider,Over The Hill Cider,,5,5,2023,2023,1,,,,,,none,,
painted-turtle-hard-cider,Painted Turtle Hard Cider,,5,5,2017,2021,1,Lowell,Michigan,USA,43.027811,-85.371348,glintcap_extract,,
paul-rendell,Paul Rendell,,5,5,2023,2024,1,,,,,,none,,
peak-light-cider,Peak Light Cider,,5,5,2022,2022,1,Sauvie Island,Oregon,USA,45.6648629,-122.844112,glintcap_extract,,
perry-s-cider,Perry's Cider,,5,5,2018,2020,1,,England,,,,none,https://www.perryscider.co.uk/,https://maps.google.com/?cid=33331284311998818
perry-s-cider,Perry’s Cider,,5,5,2024,2024,1,,,,,,none,https://www.perryscider.co.uk/,https://maps.google.com/?cid=33331284311998818
pfeiffer-s-cider,Pfeiffer's Cider,,5,5,2023,2024,2,,Poland,Poland,,,none,https://pfeiffers.pl/,https://maps.google.com/?cid=1938111950265948010
pica-pica,Pica Pica,,5,5,2018,2020,1,,Germany,,,,none,https://pica-pica.de/,
pure-peninsula-honey,Pure Peninsula Honey,,5,5,2017,2024,1,,Victoria,Australia,,,none,https://purepeninsulahoney.com.au/,https://maps.google.com/?cid=2932326746558972212
rebel-apple,Rebel Apple,,5,5,2023,2024,1,Moscow,Moscow,Russia,55.7692065,37.5108509,glintcap_extract,,
ross-on-wye-cider-perry,Ross on Wye Cider & Perry,,5,5,2021,2024,2,,Herefordshire,,,,none,https://rosscider.com/,https://maps.google.com/?cid=15438292382118860282
russell-orchards,Russell Orchards,,6,5,2011,2022,2,Ipswich,Massachusetts,USA,42.664953,-70.799866,glintcap_extract,http://www.russellorchards.com/,https://maps.google.com/?cid=11665460520789308482
santa-sidra-hard-cider,Santa Sidra Hard Cider,,5,5,2015,2016,1,Santa Fe,New Mexico,USA,35.6608392,-105.987504,glintcap_extract,,
sidra-men-ndez,Sidra Menéndez,,5,5,2013,2021,2,Fano,Asturias,Spain,43.4612103,-5.6209813,glintcap_extract,https://www.sidramenendez.com/,https://maps.google.com/?cid=17564685525851225222
sierra-cider,Sierra Cider,,8,5,2017,2019,1,Mariposa,California,USA,37.495517,-119.819732,glintcap_extract,,
son-of-man,Son of Man,,5,5,2021,2023,2,,United States,,,,none,https://www.sonofman.co/,
south-city-ciderworks,South City Ciderworks,,5,5,2019,2019,1,San Bruno,California,USA,37.639936,-122.412129,glintcap_extract,,
surges-bay-orchard,Surges Bay Orchard,,5,5,2018,2019,1,,Tasmania,Australia,,,none,,
tamura-farm,Tamura Farm,,5,5,2024,2024,1,,,,,,none,http://tamurafarm.jp/,https://maps.google.com/?cid=14308247254176835490
ten-towers-cider-co,Ten Towers Cider Co.,,5,5,2017,2019,1,Rickreall,Oregon,USA,44.9263204,-123.2291874,glintcap_extract,,
the-apple-barn-and-cider-mill,The Apple Barn And Cider Mill,,5,5,2024,2024,1,Sevierville,Tennessee,USA,35.8267321,-83.5792419,glintcap_extract,,
the-crest-cyder-company,The Crest Cyder Company,,5,5,2023,2023,1,,,,,,none,,
the-houghton-project,The Houghton Project,,5,5,2023,2023,1,,Herefordshire,,,,none,http://www.houghtonproject.co.uk/,https://maps.google.com/?cid=17861295971436725449
the-parrett-cider-company,The Parrett Cider Company,,5,5,2023,2024,1,,,,,,none,https://www.parrettcider.co.uk/,
tinston-wines-ciders,Tinston Wines & Ciders,,5,5,2023,2024,2,,England,,,,none,https://tinstonwinecider.com/,https://maps.google.com/?cid=11983981920527513059
trattore-cider,Trattore Cider,,5,5,2019,2022,1,,Victoria,Australia,,,none,https://trattore.com.au/,https://maps.google.com/?cid=144355748988170218
tre-rii,Tre Rii,,5,5,2020,2023,1,,Italy,,,,none,https://www.agricolatrerii.it/,https://maps.google.com/?cid=16891167557912713232
turkalnes-mui,Turkalnes Muižā,,5,5,2022,2023,1,,,Latvia,,,none,https://www.turkalnesmuiza.lv/,https://maps.google.com/?cid=14148682490481690589
val-de-la-ch-vre,Val de la Chèvre,,5,5,2019,2023,1,,Ille-et-Vilaine,,,,none,https://www.cidre-tropee.com/,https://maps.google.com/?cid=3608898340704275469
w-g-cider,W-G Cider,,6,5,2023,2024,1,,,,,,none,,
wards-cider,Wards Cider,,5,5,2016,2018,2,Kelowna,British Columbia,Canada,49.8451347,-119.4383954,glintcap_extract,https://www.wardshardcider.com/,https://maps.google.com/?cid=16878260899987568393
warwick-valley-winery-distillery,Warwick Valley Winery & Distillery,,6,5,2009,2013,1,Warwick,New York,USA,41.29121,-74.439717,glintcap_extract,,
yarra-valley-cider,Yarra Valley Cider,,5,5,2013,2019,1,,Victoria,Australia,,,none,http://www.yarravalleycider.com.au/,
zelaia,Zelaia,,5,5,2017,2019,1,,Basque Country,,,,none,https://zelaia.eus/,https://maps.google.com/?cid=3059185310841362913
5-penny-hard-cider,5 Penny Hard Cider,,4,4,2018,2019,2,Ontario,Ohio,United States,40.76436,-82.610672,glintcap_extract,,
akiu-winery,Akiu Winery,,4,4,2022,2024,2,Sendai,Miyagi,Japan,38.2265556,140.7279175,glintcap_extract,https://akiuwinery.co.jp/,https://maps.google.com/?cid=3770017906433711240
balfour-winery,Balfour Winery,,6,4,2020,2024,1,,England,,,,none,https://balfourwinery.com/,https://maps.google.com/?cid=8755110381879088649
banter-s-hard-cider,Banter's Hard Cider,,4,4,2017,2018,1,Stroudsburg,Pennsylvania,USA,40.98616,-75.1945,glintcap_extract,,
biddenden-vineyards,Biddenden Vineyards,,5,4,2018,2024,1,,England,,,,none,https://biddendenvineyards.com/,https://maps.google.com/?cid=13309985689707675393
big-belly-ciderworks,Big Belly Ciderworks,,4,4,2016,2018,1,Empire,Michigan,USA,44.8072115,-85.9617851,glintcap_extract,,
bignose-beardy,Bignose & Beardy,,4,4,2022,2024,1,,England,,,,none,https://bignoseandbeardy.com/,https://maps.google.com/?cid=15761729958801782355
bjerregaarden,Bjerregaarden,,4,4,2022,2023,1,,,Denmark,,,none,https://www.bjerregaarden.dk/,https://maps.google.com/?cid=11442622936547961461
black-bear-cider-co,Black Bear Cider Co.,,4,4,2021,2022,1,St. Louis,Missouri,USA,38.6491261,-90.3206381,glintcap_extract,,
blackman-cider-co,Blackman Cider Co.,,4,4,2019,2019,1,Lockport,New York,USA,43.176071,-78.800052,glintcap_extract,,
blueberry-hill-estates,Blueberry Hill Estates,,4,4,2016,2018,1,Williams,Ontario,Canada,42.6709554,-80.3907974,glintcap_extract,,
boneca-de-canudo,Boneca de Canudo,,4,4,2023,2024,2,,Portugal,,,,none,https://www.bonecadecanudo.com/,https://maps.google.com/?cid=14850808685027168712
boyden-valley-winery-spirits,Boyden Valley Winery & Spirits,,4,4,2014,2016,1,Cambridge,Vermont,USA,44.647436,-72.889201,glintcap_extract,,
branch-out-cider,Branch Out Cider,,4,4,2014,2016,1,Fort Collins,Colorado,USA,40.589815,-105.090583,glintcap_extract,,
bridgehouse-cider,Bridgehouse Cider,,5,4,2021,2022,1,Long Grove,Iowa,USA,41.712213,-90.471923,glintcap_extract,,
broken-brix,Broken Brix,,4,4,2020,2022,2,St. Charles,Illinois,United States,41.9130721,-88.3165378,glintcap_extract,http://homebrewshopltd.com/,https://maps.google.com/?cid=11646904330402367413
brooker-s-cider,Brooker's Cider,,4,4,2022,2023,1,Scotch Bush,Ontario,Canada,45.4370509,-76.9616291,glintcap_extract,,
caledonian-cider-co,Caledonian Cider Co,,4,4,2019,2023,2,,,Scotland,,,none,https://caledoniancider.com/,https://maps.google.com/?cid=15633057795289615854
carib-tropical-hard-cider,Caribé Tropical Hard Cider,,4,4,2015,2019,1,,Florida,United States,,,none,https://caribbreweryusa.com/,https://maps.google.com/?cid=5794166466253271261
cascadia-ciderworkers-united,Cascadia Ciderworkers United,,4,4,2013,2015,1,Portland,Oregon,USA,45.5359,-122.66373,glintcap_extract,,
chateau-buffalo,Chateau Buffalo,,4,4,2007,2008,1,Buffalo,New York,USA,42.872906,-78.821088,glintcap_extract,,
cheeky-rascal-cider,Cheeky Rascal Cider,,4,4,2015,2021,1,,Victoria,Australia,,,none,https://cheekyrascal.com.au/,https://maps.google.com/?cid=17305349640147101403
cider-bohemia,Cider Bohemia,,4,4,2019,2023,2,,Czechia,,,,none,https://ciderbohemia.cz/,https://maps.google.com/?cid=7807386085617641275
ciderworks-story-tavern,Ciderworks @ Story Tavern,,4,4,2017,2022,1,Burbank,California,USA,34.1806729,-118.3082013,glintcap_extract,,
cidre-cusson,Cidre Écusson,,4,4,2013,2024,3,,Normandy,France,,,none,https://www.cidre-ecusson.com/,https://maps.google.com/?cid=16717845515481593007
cidrerie-domaine-du-ruisseau,Cidrerie Domaine du Ruisseau,,4,4,2021,2023,1,,,,,,none,,https://maps.google.com/?cid=14181024575525431243
cidrerie-le-somnambule,Cidrerie Le Somnambule,,4,4,2023,2023,1,Saint-Henri,Quebec,Canada,46.662195,-71.07671,glintcap_extract,,
cidrerie-stassen,Cidrerie Stassen,,4,4,2013,2024,2,,Liège,Belgium,,,none,https://www.cidreriestassen.com/,https://maps.google.com/?cid=3414465612960585932
cornish-cider-company,Cornish Cider Company,,5,4,2019,2023,1,Cornish,Maine,USA,43.7971541,-70.7995635,glintcap_extract,,
courtney-s-of-whimple,Courtney’s of Whimple,,4,4,2023,2024,1,,,,,,none,https://courtneys.online/,https://maps.google.com/?cid=15697263033877967876
cydr-smykan,Cydr Smykan,,4,4,2020,2020,1,,Poland,,,,none,,https://maps.google.com/?cid=5924939816740801468
dancing-cider-company,Dancing Cider Company,,4,4,2023,2023,1,,,,,,none,https://www.dancingcider.com/,https://maps.google.com/?cid=7853675129819221848
des-bouteilles-l-am-re,Des Bouteilles à l'Amère,,4,4,2019,2024,1,,Finistère,,,,none,https://www.desbouteillesalamere.bzh/,https://maps.google.com/?cid=3267304468269310183
docendo-discitur,Docendo Discitur,,4,4,2020,2024,2,Villeneuve,Italy,Italy,45.7121378,7.2154238,glintcap_extract,,https://maps.google.com/?cid=5395562939899411393
double-mountain-brewery-cidery,Double Mountain Brewery & Cidery,,6,4,2023,2024,2,Hood River,Oregon,USA,,,none,http://www.doublemountainbrewery.com/,https://maps.google.com/?cid=2446696276607943242
douglas-valley,Douglas Valley,,4,4,2008,2008,1,Manistee,Michigan,USA,44.322634,-86.225881,glintcap_extract,,
ebbelboi,Ebbelboi,,4,4,2023,2024,1,,,Germany,,,none,https://www.ebbelboi.com/,https://maps.google.com/?cid=12712207984342946205
egge-g-rd,Egge Gård,,4,4,2023,2024,1,,,Norway,,,none,https://egge.as/,https://maps.google.com/?cid=12102226315088356258
ela-cider-co,Ela Cider Co.,,5,4,2016,2018,2,Rochester,Wisconsin,USA,42.744704,-88.247955,glintcap_extract,,
fabbioli-cellars,Fabbioli Cellars,,4,4,2017,2018,1,Leesburg,Virginia,USA,39.182648,-77.519279,glintcap_extract,,
faire-ferments,Faire Ferments,,4,4,2015,2018,1,,Victoria,Australia,,,none,,
ferme-black-creek,Ferme Black Creek,,4,4,2018,2024,1,Hinchinbrooke,Quebec,Canada,45.0150504,-74.0098805,glintcap_extract,,
ferme-de-la-vall-e-au-tanneur,Ferme de la Vallée au Tanneur,,4,4,2022,2023,1,,,,,,none,,https://maps.google.com/?cid=1292218678865448801
forbidden-cider-co,Forbidden Cider Co.,,4,4,2014,2017,1,Warkworth,Auckland,New Zealand,-36.3808039,174.6371632,glintcap_extract,,
francis-vall-e,Francis Vallée,,4,4,2017,2020,1,,Centre-Val de Loire,,,,none,,
fraser-valley-cider-company,Fraser Valley Cider Company,,5,4,2021,2022,2,Langley Township,British Columbia,Canada,49.030911,-122.610962,glintcap_extract,https://www.fraservalleycider.ca/,https://maps.google.com/?cid=1355617416961303454
golden-state-cider,Golden State Cider,,4,4,2015,2021,1,Graton,California,USA,38.4041073,-122.8198562,glintcap_extract,,
grand-illusion-hard-cider,Grand Illusion Hard Cider,,4,4,2017,2019,1,Carlisle,Pennsylvania,USA,40.20144,-77.190639,glintcap_extract,,
granite-belt-cider-company,Granite Belt Cider Company,,4,4,2016,2018,1,,Queensland,Australia,,,none,,
gravity-vineyards-and-winery,Gravity Vineyards and Winery,,4,4,2021,2021,1,Baroda,Michigan,USA,41.933548,-86.4391475,glintcap_extract,,
greenwood-cider-company,Greenwood Cider Company,,8,4,2018,2023,2,Seattle,Washington,USA,47.631204,-122.375137,glintcap_extract,https://www.greenwoodcider.com/,https://maps.google.com/?cid=9193094358946814076
griffin-cider-works,Griffin Cider Works,,4,4,2013,2017,1,Westlake,Ohio,USA,41.470266,-81.896853,glintcap_extract,,
hardscrabble-cider,Hardscrabble Cider,,4,4,2016,2016,1,North Salem,New York,USA,41.349727,-73.635051,glintcap_extract,,
harry-s-cider-company,Harry's Cider Company,,4,4,2024,2024,1,,,,,,none,https://www.harryscidercompany.co.uk/,https://maps.google.com/?cid=8158521266898778933
haselberger,Haselberger,,4,4,2023,2023,1,,Austria,,,,none,https://www.haselberger-most.at/,https://maps.google.com/?cid=786849473018101989
henhope-cider,Henhope Cider,,7,4,2023,2023,2,,Herefordshire,,,,none,,
honey-s-cider,Honey's Cider,,4,4,2023,2024,1,,,,,,none,https://www.honeyscider.co.uk/,
houston-cider-company,Houston Cider Company,,5,4,2019,2022,2,Houston,Texas,USA,,,none,https://www.houstoncidertx.com/,https://maps.google.com/?cid=9879541345239427997
hudson-valley-farmhouse-cider,Hudson Valley Farmhouse Cider,,4,4,2018,2018,1,Staatsburg,New York,USA,41.858265,-73.807785,glintcap_extract,,
isaac-cider,Isaac Cider,,4,4,2023,2023,1,,,,,,none,https://isaaccider.com/,https://maps.google.com/?cid=8020850171828378197
jk-s-farmhouse-ciders,JK’s Farmhouse Ciders,,5,4,2023,2024,1,,,,,,none,http://jksfarmhouseciders.com/,https://maps.google.com/?cid=9785317642581217954
jonathan-marsden,Jonathan Marsden,,4,4,2023,2024,1,,,,,,none,,
kermorgann,Kermorgann,,4,4,2020,2024,1,,Brittany,,,,none,,https://maps.google.com/?cid=16728634547598501219
k-hbrein,Kühbrein,,4,4,2023,2023,1,,,Austria,,,none,https://www.kuehbreinmost.at/,https://maps.google.com/?cid=6347288815375920345
lehman-s-orchards,Lehman's Orchards,,4,4,2009,2011,1,Buchanan,Michigan,USA,41.8286715,-86.3576005,glintcap_extract,,
lekker-cider,Lekker Cider,,4,4,2019,2021,1,Calgary,Alberta,Canada,50.991601,-114.0646122,glintcap_extract,,
lepaan-viinitila,Lepaan Viinitila,,4,4,2022,2023,1,,,Finland,,,none,https://hami.fi/lepaan-viinitila/,https://maps.google.com/?cid=7138449627274189739
les-vergers-de-kermabo,Les Vergers de Kermabo,,4,4,2018,2024,1,,Morbihan,,,,none,https://www.cidre-fermier-morbihan.com/,
lidl-gb,Lidl GB,,4,4,2020,2021,1,,England,,,,none,https://www.lidl.co.uk/,
little-creatures,Little Creatures,,4,4,2012,2014,1,,Western Australia,Australia,,,none,https://littlecreatures.com.au/,https://maps.google.com/?cid=1864054459948406266
llanblethian-orchards,Llanblethian Orchards,,4,4,2023,2024,1,,Vale of Glamorgan,,,,none,https://llancider.wales/,https://maps.google.com/?cid=14251523282683018794
lost-pippin,Lost Pippin,,4,4,2015,2016,1,,Tasmania,Australia,,,none,https://lostpippin.com.au/,
manjimup-cider-co,Manjimup Cider Co.,,4,4,2019,2023,1,,Western Australia,Australia,,,none,,
manoir-de-durcet,Manoir de Durcet,,4,4,2020,2024,2,,Normandy,,,,none,https://www.breton-manoirdedurcet.fr/,https://maps.google.com/?cid=3868969713989886200
markenhof,Markenhof,,4,4,2024,2024,1,,Germany,,,,none,https://markenhof.info/,https://maps.google.com/?cid=2506504366996630424
mausser-most,Mausser Most,,4,4,2024,2024,1,,,Austria,,,none,https://maussermost.at/,https://maps.google.com/?cid=7922019135177821652
mcritchie-winery-ciderworks,McRitchie Winery & Ciderworks,,4,4,2009,2013,1,Thurmond,North Carolina,USA,36.367307,-80.946974,glintcap_extract,,
meraki-cider,Meraki Cider,,4,4,2017,2017,1,Pismo Beach,California,USA,35.135223,-120.612188,glintcap_extract,,
milk-honey-ciders,Milk & Honey Ciders,,4,4,2016,2016,1,St. Joseph,Minnesota,USA,45.5603828,-94.3518905,glintcap_extract,,
millionaires-row-cider-co,Millionaires' Row Cider Co.,,5,4,2022,2022,1,Summerland,British Columbia,Canada,49.5904464,-119.7078094,glintcap_extract,,
mr-little-cider,Mr Little Cider,,4,4,2014,2016,1,,Victoria,Australia,,,none,https://mrlittlecider.com.au/,https://maps.google.com/?cid=2019669846727246935
muxaller-cider,Muxaller Cider,,4,4,2021,2023,1,,Germany,,,,none,https://www.muxallercider.de/,
new-salem-cider,New Salem Cider,,4,4,2021,2021,1,New Salem,Massachusetts,USA,42.4945866,-72.3308978,glintcap_extract,,
newleaf-orchard,NewLeaf Orchard,,4,4,2023,2024,1,,Western Australia,Australia,,,none,https://newleaforchard.com.au/,
nightingale-cider,Nightingale Cider,,4,4,2024,2024,1,,,,,,none,https://www.nightingalecider.com/,https://maps.google.com/?cid=18222564835901017065
obstkelterei-van-nahmen,Obstkelterei van Nahmen,,4,4,2023,2024,1,,,Germany,,,none,https://www.vannahmen.de/,https://maps.google.com/?cid=7921764717680991434
odelsgut,Odelsgut,,4,4,2023,2023,2,,,Norway,,,none,https://www.odelsgut.no/,https://maps.google.com/?cid=17030345032725079712
pacific-grove-ciderworks,Pacific Grove CiderWorks,,4,4,2020,2023,1,,California,United States,,,none,https://pgciderworks.com/,
paha-cider,Paha Cider,,4,4,2024,2024,1,Waverly,Iowa,USA,42.7013869,-92.414852,glintcap_extract,,
patrick-of-coonawarra,Patrick of Coonawarra,,4,4,2015,2018,1,,South Australia,Australia,,,none,,
peak-light-cider-company,Peak Light Cider Company,,4,4,2021,2024,1,,Oregon,,,,none,https://peaklightcider.com/,https://maps.google.com/?cid=10958770531628316703
pinter,Pinter,,4,4,2021,2022,1,,England,,,,none,https://pinter.com/,
pirula,Pirula,,4,4,2022,2023,1,,,Finland,,,none,https://www.pirula.fi/,https://maps.google.com/?cid=1283745269437501478
pomolo-obstweine,Pomolo Obstweine,,4,4,2023,2024,1,,,Germany,,,none,https://pomolo.de/,https://maps.google.com/?cid=6027824200436794210
raw-cider,RAW Cider,,5,4,2020,2024,2,Yamhill,Denmark,USA,45.3415301,-123.1878221,glintcap_extract,https://rawcider.dk/,
roleystone-brewing-company,Roleystone Brewing Company,,4,4,2019,2023,1,,Western Australia,Australia,,,none,https://www.roleystonebrewingco.com/,https://maps.google.com/?cid=8363645666309319654
rushford-meadery-winery,Rushford Meadery & Winery,,4,4,2019,2023,1,Omro,Wisconsin,USA,44.0627484,-88.8189843,glintcap_extract,,
salt-creek-cider-house,Salt Creek Cider House,,4,4,2023,2023,1,Dallas,Oregon,USA,44.9786166,-123.3265005,glintcap_extract,,
shiwa-cidery,Shiwa Cidery,,4,4,2023,2024,1,,,,,,none,https://shiwacidery.com/,
shuswap-cider-company,Shuswap Cider Company,,4,4,2023,2024,1,,British Columbia,,,,none,https://shuswapcider.com/,https://maps.google.com/?cid=7673276959575565826
sidra-della-ch,Sidra Della Chà,,4,4,2023,2024,2,Tralcao,Chile,Chile,-39.6955049,-73.1471684999999,glintcap_extract,https://www.dellacha.cl/,https://maps.google.com/?cid=11234203234144011970
sidra-m-norniella,Sidra M. Norniella,,4,4,2014,2022,2,,Asturias,,,,none,https://www.macrile.com/,https://maps.google.com/?cid=12557897810508481900
sidra-ribela,Sidra Ribela,,4,4,2017,2019,1,,Galicia,,,,none,https://ribela.es/,https://maps.google.com/?cid=4872815371612917435
sidrada,Sidrada,,4,4,2021,2022,1,,Portugal,,,,none,https://sidrada.pt/,
sidras-tuscany,Sidras Tuscany,,4,4,2023,2024,1,,Canary Islands,,,,none,,
skjolden-sideri,Skjolden Sideri,,4,4,2022,2023,1,,,Norway,,,none,,https://maps.google.com/?cid=8996713303995231318
smith-hayne-orchards,Smith Hayne Orchards,,4,4,2023,2023,1,,,,,,none,https://www.smithhayneorchards.com/,
somerset-cider-brandy-burrow-hill-cider,Somerset Cider Brandy & Burrow Hill Cider,,6,4,2017,2023,2,,England,,,,none,https://www.somersetciderbrandy.com/,https://maps.google.com/?cid=7367344989762198966
star-cider,Star Cider,,4,4,2016,2016,1,Clifton Springs,New York,USA,42.866574,-77.2504058,glintcap_extract,,
stones-cider,Stones Cider,,4,4,2023,2024,1,,,,,,none,https://www.stonescider.co.uk/,
store-naa-siderkompani,Store Naa Siderkompani,,6,4,2022,2023,1,,,Norway,,,none,https://www.storenaasiderkompani.com/,https://maps.google.com/?cid=15254622508133860404
tilse-s-apple-truck-cider,Tilse's Apple Truck Cider,,4,4,2012,2013,1,,New South Wales,Australia,,,none,https://www.theorchardlodge.com.au/,https://maps.google.com/?cid=18205993928648034259
tingvoll-sider,Tingvoll Sider,,4,4,2022,2023,1,,,Norway,,,none,https://www.tingvollsider.no/,https://maps.google.com/?cid=10928261412136517481
tinston-cider,Tinston Cider,,4,4,2024,2024,1,,,,,,none,https://tinstonwinecider.com/,https://maps.google.com/?cid=11983981920527513059
traunsecco,TraunSecco,,4,4,2024,2024,1,,,Austria,,,none,https://www.traunsecco.at/,https://maps.google.com/?cid=186014569510597121
two-broads-ciderworks,Two Broads Ciderworks,,6,4,2021,2024,2,San Luis Obispo,California,USA,35.259662,-120.644957,glintcap_extract,https://twobroadscider.com/,https://maps.google.com/?cid=14445203383659538831
union-hill-cider-co,Union Hill Cider Co.,,5,4,2022,2024,3,,Washington,United States,,,none,https://www.unionhillciderco.com/,https://maps.google.com/?cid=15999164221517255413
verger-belliveau-orchard,Verger Belliveau Orchard,,5,4,2015,2021,1,Memramcook,New Brunswick,Canada,45.9486894,-64.6265421,glintcap_extract,,
waitrose,Waitrose,,5,4,2018,2020,1,,England,,,,none,https://www.waitrose.com/,
walkerville-city-cidery,Walkerville City Cidery,,4,4,2019,2023,1,Windsor,Ontario,Canada,42.3238128,-83.0113399,glintcap_extract,,
whetstone-ciderworks,Whetstone CiderWorks,,4,4,2015,2016,1,Marlboro,Vermont,USA,42.863815,-72.689529,glintcap_extract,,
wilding-orchards,Wilding Orchards,,4,4,2021,2023,1,Brackney,Pennsylvania,USA,41.956338,-75.8892283,glintcap_extract,,
woodredding-cider-and-perry,Woodredding Cider and Perry,,4,4,2024,2024,1,,,,,,none,https://www.woodreddingcider.co.uk/,https://maps.google.com/?cid=13540344738396319268
wyder-s-cider,Wyder's Cider,,4,4,2005,2007,1,Oakland,California,USA,37.8089023,-122.2518736,glintcap_extract,,
york-county-cider,York County Cider,,4,4,2018,2018,1,Fredericton,New Brunswick,Canada,45.9824391,-66.6627163,glintcap_extract,,
zathino,Zathinoé,,4,4,2023,2024,2,,Normandy,,,,none,https://zathinoe.fr/,https://maps.google.com/?cid=2359582709656446462
101-cider-house,101 Cider House,,4,3,2016,2020,2,Westlake Village,California,USA,34.154101,-118.802575,glintcap_extract,https://101cider.com/,https://maps.google.com/?cid=12420065000441525891
12-corners-vineyards,12 Corners Vineyards,,3,3,2023,2023,1,Benton Harbor,Michigan,USA,42.1328817,-86.3767096,glintcap_extract,,
3-north-vines,3 North Vines,,3,3,2021,2021,1,Croswell,Michigan,USA,43.2642732,-82.5821548,glintcap_extract,,
acme-cider-co,Acme Cider Co.,,3,3,2016,2017,1,Ada,Michigan,USA,43.030658,-85.492125,glintcap_extract,,
adam-s-evening-cider,Adam's Evening Cider,,3,3,2019,2019,1,,Victoria,Australia,,,none,,
ainoa-winery,Ainoa Winery,,3,3,2023,2023,1,,,Finland,,,none,https://ainoawinery.com/,https://maps.google.com/?cid=9038287289493115977
alan-berry,Alan Berry,,3,3,2024,2024,1,,,,,,none,,
alpine-cider,Alpine Cider,,3,3,2016,2017,1,,Victoria,Australia,,,none,https://alpinecider.com.au/,https://maps.google.com/?cid=8047391799601806918
amble-g-rd,Amble Gård,,3,3,2023,2023,1,,,Norway,,,none,https://amblegaard.no/,https://maps.google.com/?cid=6355481952602453534
anikonic,Anikonic,,3,3,2022,2023,1,,,Norway,,,none,https://www.anikonic.no/,
appalachian-mountain-brewery,Appalachian Mountain Brewery,,3,3,2015,2017,1,,North Carolina,United States,,,none,https://www.amb.beer/,https://maps.google.com/?cid=5564632093346928631
apple-barrel-orchards,Apple Barrel Orchards,,3,3,2023,2024,1,,New York,United States,,,none,https://applebarrelorchards.com/,https://maps.google.com/?cid=6734152269443403352
apple-county-cider-co,Apple County Cider Co,,3,3,2019,2019,1,,Wales,,,,none,http://applecountycider.co.uk/,https://maps.google.com/?cid=7532439060192426067
ara-jo-monte,Araújo Monte,,3,3,2016,2017,2,,Portugal,,,,none,,
atomic-dog-hard-cider,Atomic Dog Hard Cider,,4,3,2017,2022,2,Gettysburg,Pennsylvania,USA,,,none,https://atomicdoghardcider.com/,https://maps.google.com/?cid=7169999648774734369
banditry-cider,Banditry Cider,,3,3,2023,2023,1,Gibsons,British Columbia,Canada,49.40261,-123.5296301,glintcap_extract,,
bayfield-winery-blue-ox-cider,Bayfield Winery & Blue Ox Cider,,3,3,2021,2024,1,Bayfield,Wisconsin,USA,46.8371393,-90.8362981,glintcap_extract,,
beard-and-sabre,Beard and Sabre,,3,3,2018,2020,1,,England,,,,none,,
begiristain-sagardotegia,Begiristain Sagardotegia,,3,3,2017,2019,1,,Basque Country,,,,none,https://www.begiristainsagardotegia.com/\,https://maps.google.com/?cid=726838247126869058
bel-lago-winery,Bel Lago Winery,,3,3,2015,2016,1,Cedar,Michigan,USA,44.883859,-85.725118,glintcap_extract,,
bettercider-bristol-university,BetterCider - Bristol University,,3,3,2024,2024,1,,,,,,none,https://www.bristol.ac.uk/external-estate/fenswoodfarm/better-cider/,
blue-elephant-beverage-co,Blue Elephant Beverage Co.,,3,3,2014,2016,1,,Victoria,Australia,,,none,,
brasseries-cidreries-de-milly,Brasseries & Cidreries de Milly,,3,3,2017,2022,1,,Hauts-de-France,,,,none,https://bcmilly.com/,https://maps.google.com/?cid=5318378777475279780
breton-michel,Breton Michel,,3,3,2023,2024,1,,,,,,none,https://www.cidre-bretonmichel.com/,https://maps.google.com/?cid=12939236238538332078
bringeb-rlandet,Bringebærlandet,,3,3,2022,2022,1,,,Norway,,,none,https://bringebarlandet.no/,https://maps.google.com/?cid=4598585383797969331
buhagen,Buhagen,,3,3,2022,2022,1,,,Norway,,,none,https://buhagen-kultur.no/,https://maps.google.com/?cid=13061266213598446649
bullevie-cidre,Bullevie Cidre,,3,3,2018,2019,1,Fodorovskoye,Leningrad Oblast,Russia,59.654978,30.5509418,glintcap_extract,,
butford-organics,Butford Organics,,3,3,2023,2024,2,,Herefordshire,,,,none,https://butfordorganics.co.uk/,https://maps.google.com/?cid=16494845033472918948
b-hm-ciderwerkstatt,Böhm Ciderwerkstatt,,4,3,2023,2024,2,,,Germany,,,none,https://www.boehm-cider.de/,https://maps.google.com/?cid=4561270118581123333
calvados-hugues-desfri-ches,Calvados Hugues Desfrièches,,3,3,2018,2019,1,,Normandy,,,,none,https://www.calvados-huguesdesfrieches.org/,https://maps.google.com/?cid=4874502887438845939
carolina-distillery,Carolina Distillery,,3,3,2014,2017,1,Lenoir,North Carolina,USA,35.9139684,-81.5412586,glintcap_extract,,
carriage-house-ciders,Carriage House Ciders,,3,3,2024,2024,1,Benton Harbor,Michigan,USA,42.1312598,-86.4568267,glintcap_extract,,
century-tree-cider-co,Century Tree Cider Co.,,3,3,2018,2018,1,Memphis,Tennessee,USA,35.1402356,-90.0412219,glintcap_extract,,
chalkdown-cider,Chalkdown Cider,,4,3,2018,2020,1,,England,,,,none,https://www.chalkdowncider.com/,https://maps.google.com/?cid=7857527085025336297
cider-mad-apple,Cider Mad Apple,,3,3,2023,2023,1,,Czechia,,,,none,https://www.mostarnalouny.cz/,https://maps.google.com/?cid=8096197127047797788
ciderie-de-gerdeneer,Ciderie de Gerdeneer,,3,3,2023,2023,1,,Netherlands,,,,none,https://degerdeneer.nl/,https://maps.google.com/?cid=9834372315692684807
cidrerie-distillerie-de-l-apothicaire,Cidrerie & Distillerie de l'Apothicaire,,3,3,2021,2022,1,,Finistère,,,,none,https://www.cidrerie-distillerie.com/,https://maps.google.com/?cid=10193719059274362566
cidrerie-st-nicolas,Cidrerie St-Nicolas,,3,3,2013,2013,1,Saint-Nicolas,Quebec,Canada,46.692988,-71.454642,glintcap_extract,,
cidrerie-de-cozmezou,Cidrerie de Cozmezou,,3,3,2023,2024,1,,Finistère,,,,none,https://cidreriecozmezou.fr/,https://maps.google.com/?cid=2123659088104154650
cidrerie-de-la-vall-e-de-la-seiche,Cidrerie de la Vallée de la Seiche,,3,3,2019,2019,1,,France,,,,none,https://www.valleedelaseiche.fr/,https://maps.google.com/?cid=3742474259683548743
cockrell-cider-farm,Cockrell Cider Farm,,3,3,2024,2024,1,,Washington,,,,none,http://www.cockrellbrewing.com/,https://maps.google.com/?cid=6832353082997005018
country-mill-winery,Country Mill Winery,,3,3,2011,2011,1,Charlotte,Michigan,USA,42.635232,-84.79667,glintcap_extract,,
courthouse-creek-cider,Courthouse Creek Cider,,3,3,2019,2019,2,Maidens,Virginia,USA,37.673983,-77.877307,glintcap_extract,http://courthousecreek.com/,https://maps.google.com/?cid=14539258264651566085
crafty-cider,Crafty Cider,,3,3,2021,2023,1,,New South Wales,Australia,,,none,https://www.craftycider.com.au/,https://maps.google.com/?cid=15536909893508302345
crafty-nectar-cider-co,Crafty Nectar Cider Co.,,4,3,2019,2021,1,,England,,,,none,https://craftynectar.com/,
crossmount-cider-company,Crossmount Cider Company,,3,3,2022,2022,1,Crossmount,Saskatchewan,Canada,52.03247,-106.673155,glintcap_extract,,
cydr-podlaski,Cydr Podlaski,,3,3,2019,2020,1,,Poland,,,,none,https://cydrpodlaski.com/,https://maps.google.com/?cid=484705273571402447
cydrownia-filomelos,Cydrownia Filomelos,,3,3,2023,2024,2,,,Poland,,,none,https://www.filomelos.pl/,https://maps.google.com/?cid=16799127381008481476
der-kleine-cidre-betrieb,Der Kleine Cidre Betrieb,,3,3,2023,2024,2,,Germany,Germany,,,none,https://www.cidre-betrieb.de/,
distillerie-artisanale-du-plessis,Distillerie Artisanale du Plessis,,3,3,2017,2019,1,,Finistère,,,,none,http://www.distillerie-bretagne.com/,
doc-waters-cidery,Doc Waters Cidery,,3,3,2023,2024,1,,Maryland,United States,,,none,https://www.docwaterscidery.com/,https://maps.google.com/?cid=5897969821393799631
dorset-star-cider,Dorset Star Cider,,4,3,2023,2023,1,,,,,,none,https://www.dorsetstar.co.uk/,https://maps.google.com/?cid=951721413982442802
downside-perry,Downside Perry,,3,3,2023,2023,1,,,,,,none,,
e-j-gallo-winery,E&J Gallo Winery,,3,3,2008,2011,1,Modesto,California,USA,37.6368057,-120.981631,glintcap_extract,,
eaglemount-wine-cider,Eaglemount Wine & Cider,,5,3,2014,2019,3,Port Townsend,Washington,USA,48.099159,-122.818591,glintcap_extract,https://eaglemountwinery.com/,https://maps.google.com/?cid=8669789097383487844
egiazki,Egiazki,,3,3,2024,2024,1,,Basque Country,,,,none,https://www.egiazki.com/,https://maps.google.com/?cid=9254797308516948164
farmgate-cider,Farmgate Cider,,3,3,2021,2023,1,Arnprior,Ontario,Canada,45.4138013,-76.2414158,glintcap_extract,,
ferme-cidricole-lemercier,Ferme Cidricole Lemercier,,3,3,2020,2022,1,,Normandy,,,,none,,https://maps.google.com/?cid=6251042079124659340
ferme-du-pressoir,Ferme du Pressoir,,3,3,2019,2023,1,,Pays de la Loire,,,,none,http://www.fermedupressoir.com/,https://maps.google.com/?cid=6591011395753434150
fjordsider,Fjordsider,,3,3,2022,2022,1,,,Norway,,,none,https://www.fjordsider.com/,https://maps.google.com/?cid=11022661392898708428
forgotten-fire-winery,Forgotten Fire Winery,,3,3,2023,2023,1,Marinette,Wisconsin,USA,45.045825,-87.719535,glintcap_extract,,
ganley-naish,Ganley & Naish,,3,3,2023,2023,1,,,,,,none,https://www.ganleyandnaish.co.uk/,
ganley-naish-cider,Ganley & Naish Cider,,3,3,2024,2024,1,,,,,,none,https://www.ganleyandnaish.co.uk/,
garage-d-or-ciders,Garage D'or Ciders,,3,3,2016,2017,2,Pelham,Ontario,Canada,43.045335,-79.285449,glintcap_extract,,
glyders-cider,Glyders Cider,,3,3,2023,2023,1,,,,,,none,,
gnarly-pippin-cider-house,Gnarly Pippin Cider House,,3,3,2021,2021,1,Cleveland Heights,Ohio,USA,41.503749,-81.5658554,glintcap_extract,,
goat-rock-cider-company,Goat Rock Cider Company,,4,3,2020,2022,2,Petaluma,California,USA,38.2734373,-122.6643955,glintcap_extract,https://www.goatrockcider.com/,https://maps.google.com/?cid=1379702709501392841
godfrey-run-cider-mill,Godfrey Run Cider Mill,,3,3,2021,2021,1,Lake City,Pennsylvania,USA,42.036151,-80.3082175,glintcap_extract,,
gwatkin-cider,Gwatkin Cider,,3,3,2023,2024,2,,Herefordshire,,,,none,https://gwatkincider.co.uk/,https://maps.google.com/?cid=17407558906326157260
halfpenny-green-cider,Halfpenny Green Cider,,3,3,2023,2023,1,,,,,,none,https://www.halfpennygreencider.co.uk/,https://maps.google.com/?cid=6102481507786239286
hansen-tasmania,Hansen Tasmania,,3,3,2017,2019,1,,Tasmania,Australia,,,none,,
harry-s-cider,Harry's Cider,,3,3,2018,2023,2,,England,,,,none,https://www.harryscidercompany.co.uk/,https://maps.google.com/?cid=8158521266898778933
haussler-hinterespig,Haußler Hinterespig,,3,3,2023,2023,1,,,Germany,,,none,https://www.haussler-hinterespig.de/,https://maps.google.com/?cid=3418392653274902613
hayloft,Hayloft,,3,3,2023,2023,1,,,,,,none,,
heirloom-hill-cider-company,Heirloom Hill Cider Company,,4,3,2023,2024,1,Sterling,New York,USA,43.3242698,-76.7188388,glintcap_extract,,
hemly-cider,Hemly Cider,,4,3,2020,2021,2,,California,,,,none,https://www.hemlycider.com/,https://maps.google.com/?cid=16671569982279655432
herbsts,Herbsts,,3,3,2023,2023,2,,Latvia,Latvia,,,none,https://herbsts.lv/,
heritage-cider-limited,Heritage Cider Limited,,3,3,2024,2024,1,,,,,,none,,
high-hope-cider,High Hope Cider,,3,3,2021,2021,1,Toronto,Ontario,Canada,43.6775105,-79.4207053,glintcap_extract,,
highpoint-cider,Highpoint Cider,,3,3,2023,2024,2,Victor,Idaho,USA,,,none,https://highpointcider.com/,https://maps.google.com/?cid=12149721453883945516
hirosaki-meijo,Hirosaki Meijo,,3,3,2023,2024,1,,,,,,none,https://www.hirosakimeijo.com/,https://maps.google.com/?cid=6242665688640625752
holmberg-orchards-winery,Holmberg Orchards & Winery,,3,3,2007,2007,1,Gales Ferry,Connecticut,USA,41.468406,-72.058204,glintcap_extract,,
hopworks-urban-brewery,Hopworks Urban Brewery,,3,3,2015,2016,1,,Oregon,,,,none,http://hopworksbeer.com/,https://maps.google.com/?cid=12310474527095469991
izumi-brewery,Izumi Brewery,,3,3,2023,2024,1,,,,,,none,,https://maps.google.com/?cid=9781390219956310609
jk-s-farmhouse-ciders,JK's Farmhouse Ciders,,3,3,2014,2018,1,Flushing,Michigan,USA,43.0274314,-83.9112091,glintcap_extract,,
jeff-carlson,Jeff Carlson,,3,3,2015,2024,1,,Michigan,United States,,,none,,
junginger-fruchts-fte,Junginger Fruchtsäfte,,3,3,2017,2019,1,,,Germany,,,none,https://www.junginger-fruchtsaefte.de/,https://maps.google.com/?cid=18141945507458756869
kicking-goat,Kicking Goat,,3,3,2022,2022,1,,England,,,,none,https://kickinggoatcider.co.uk/,
king-orchards,King Orchards,,3,3,2023,2023,1,Central Lake,Michigan,USA,45.1018844,-85.3050168,glintcap_extract,,
kingston-creek-cider,Kingston Creek Cider,,3,3,2019,2021,1,Kingston,New Brunswick,Canada,45.5322639,-65.9955129,glintcap_extract,,
kodas,Kodas,,3,3,2018,2023,2,,Estonia,Estonia,,,none,https://kodas.ee/,https://maps.google.com/?cid=7164908846459777447
kristof-farms-cider,Kristof Farms Cider,,3,3,2023,2024,1,,Oregon,,,,none,https://www.kristoffarms.com/,
kuhnhenn-brewing-co,Kuhnhenn Brewing Co.,,4,3,2023,2024,1,Warren,Michigan,USA,42.527768,-83.046765,glintcap_extract,,
k-pings-musteri,Köpings Musteri,,3,3,2023,2023,1,,,Sweden,,,none,https://kopingsmusteri.se/,https://maps.google.com/?cid=5623943899960625759
la-belle-vilaine,La Belle Vilaine,,3,3,2017,2023,2,,Brittany,,,,none,,https://maps.google.com/?cid=5696528707638308410
lauskis,Lauskis,,4,3,2023,2024,2,,Latvia,Latvia,,,none,http://www.lauskissidrs.lv/,https://maps.google.com/?cid=12945376031877773481
les-vergers-de-tr-vignon,Les Vergers de Trévignon,,3,3,2023,2023,1,,Finistère,,,,none,,https://maps.google.com/?cid=1053700222499122570
les-vergers-de-la-passion,Les Vergers de la Passion,,3,3,2020,2021,1,,,,,,none,https://les-vergers-de-la-passion-cidrerie.fr/,https://maps.google.com/?cid=9889208295960516000
les-vergers-du-chouquet,Les Vergers du Chouquet,,3,3,2017,2023,2,,Normandy,,,,none,,https://maps.google.com/?cid=4633427283115041645
little-green-men-brewing-co,Little Green Men Brewing Co,,3,3,2024,2024,1,,Tasmania,Australia,,,none,https://www.littlegreenmenbrewing.com/,https://maps.google.com/?cid=4403040247038681309
lofthus-sideri,Lofthus Sideri,,3,3,2022,2022,1,,,Norway,,,none,https://www.lofthus-sideri.no/,https://maps.google.com/?cid=4261867360833684799
longueville-house,Longueville House,,3,3,2015,2018,2,Mallow,Ireland,Ireland,52.1355768,-8.7220608,glintcap_extract,https://www.longuevillehouse.ie/,https://maps.google.com/?cid=5224027865172259654
madrone-cellars-cider,Madrone Cellars & Cider,,6,3,2020,2023,2,Friday Harbor,Washington,USA,,,none,https://madronecellars.com/,https://maps.google.com/?cid=4819408985436567114
maison-bellot,Maison Bellot,,3,3,2020,2024,1,,Grand Est,,,,none,https://maisonbellot.com/,https://maps.google.com/?cid=10414608226999711696
manoff-market-gardens-cidery,Manoff Market Gardens & Cidery,,3,3,2023,2023,1,New Hope,Pennsylvania,USA,40.396882,-75.0057,glintcap_extract,,
manoir-d-apreval,Manoir d'Apreval,,3,3,2022,2024,1,,,,,,none,https://www.apreval.com/,https://maps.google.com/?cid=10807770520098333687
martin-s-cidery,Martin's Cidery,,3,3,2019,2019,1,,Slovakia,,,,none,https://martinscidery.com/,https://maps.google.com/?cid=7334461102395106401
marukame-cidery,Marukame Cidery,,3,3,2024,2024,1,,,,,,none,https://fgkita.com/,https://maps.google.com/?cid=15320061409222246213
mayfayre-cider-perry,Mayfayre Cider & Perry,,3,3,2023,2024,1,,Herefordshire,,,,none,,
meon-valley-cider,Meon Valley Cider,,3,3,2021,2022,1,,England,,,,none,,
merridale-ciderworks,Merridale Ciderworks,,3,3,2014,2024,2,Cobble Hill,British Columbia,Canada,,,none,https://www.merridale.ca/,https://maps.google.com/?cid=14311203607332957022
mill-haus-cider,Mill Haus Cider,,4,3,2022,2024,1,Eatonville,Washington,USA,,,none,https://www.drinkmillhaus.com/,https://maps.google.com/?cid=13632179647129119778
molly-jasmine-s-cider,Molly & Jasmine's Cider,,3,3,2023,2023,1,,,,,,none,,
mostheuriger-hansbauer,Mostheuriger Hansbauer,,3,3,2023,2023,1,,Austria,,,,none,https://www.hansbauer.at/,https://maps.google.com/?cid=17616529891212169565
moststub-n-binderberg,Moststub'n Binderberg,,3,3,2023,2024,1,,,Austria,,,none,https://binderberg.at/,https://maps.google.com/?cid=17913530165367274614
nine-pin-cider,Nine Pin Cider,,3,3,2014,2015,1,Albany,New York,USA,42.661798,-73.744166,glintcap_extract,,
nordappel,Nordappel,,3,3,2023,2024,1,,,Germany,,,none,https://www.nordappel.de/,
north-idaho-cider,North Idaho Cider,,4,3,2017,2019,2,Hayden,Idaho,USA,,,none,,
north-shore-cider-company,North Shore Cider Company,,3,3,2018,2019,1,Evanston,Illinois,USA,42.019682,-87.680734,glintcap_extract,,
northyards-cider-co,Northyards Cider Co.,,3,3,2023,2023,1,Salmon Arm,British Columbia,Canada,50.7082062,-119.2489944,glintcap_extract,,
or-wa-cider-collective,OR\WA Cider Collective,,3,3,2018,2019,2,Milwaukie,Oregon,USA,45.440262,-122.630103,glintcap_extract,,
oakvale-wines,Oakvale Wines,,3,3,2012,2014,1,,New South Wales,Australia,,,none,https://www.oakvalewines.com.au/,https://maps.google.com/?cid=5190501698518241314
ola-brew,Ola Brew,,5,3,2019,2022,2,Kailua-Kona,Hawaii,USA,,,none,https://www.olabrewco.com/,https://maps.google.com/?cid=15799959683814156778
ouse-winery,Ouse Winery,,3,3,2018,2021,1,,Japan,,,,none,https://ousewinery.jp/,https://maps.google.com/?cid=13264051574333781681
overgrown-orchard,Overgrown Orchard,,3,3,2019,2019,1,Gary,Indiana,USA,41.5757249,-87.2941181,glintcap_extract,,
owl-creek-vineyard,Owl Creek Vineyard,,3,3,2014,2014,1,Cobden,Illinois,USA,37.560606,-89.190211,glintcap_extract,,
pagan-cider,Pagan Cider,,3,3,2016,2022,1,,Tasmania,Australia,,,none,https://www.pagancider.com.au/,https://maps.google.com/?cid=1300362860253149854
paracombe-premium-perry,Paracombe Premium Perry,,3,3,2013,2014,1,,South Australia,Australia,,,none,https://paracombepremiumperry.com.au/,https://maps.google.com/?cid=8848424261688723969
pilton-cider,Pilton Cider,,3,3,2019,2019,1,,England,,,,none,https://www.piltoncider.com/,https://maps.google.com/?cid=9998325032687804281
platform-beer-company,Platform Beer Company,,3,3,2017,2021,1,Cleveland,Ohio,USA,41.479836,-81.713968,glintcap_extract,,
pomologist-cider,Pomologist Cider,,3,3,2016,2017,1,,New South Wales,Australia,,,none,https://pomologistcider.com.au/,
prospect-ciderworks,Prospect Ciderworks,,3,3,2018,2018,1,Boston,Massachusetts,USA,42.542993,-71.575747,glintcap_extract,,
prototype-hard-cider,Prototype Hard Cider,,3,3,2017,2019,1,Lancaster,Pennsylvania,USA,40.0325367,-76.3299666,glintcap_extract,,
quantum-leap-winery,Quantum Leap Winery,,3,3,2017,2020,1,,Florida,United States,,,none,https://quantumleapwinery.com/,
r-zabala,R. Zabala,,3,3,2017,2023,2,,Basque Country,Spain,,,none,https://www.rzabala.com/,https://maps.google.com/?cid=5479255229461192336
red-sails-ciders,Red Sails Ciders,,3,3,2012,2015,1,,Tasmania,Australia,,,none,,
rekorderlig,Rekorderlig,,3,3,2013,2022,3,,Sweden,Sweden,,,none,https://www.rekorderlig.se/,https://maps.google.com/?cid=288919773440364044
rennie-s-winslow-cider,Rennie's Winslow Cider,,3,3,2024,2024,1,,,,,,none,,
restoration-cider,Restoration Cider,,3,3,2017,2017,1,Madison,Wisconsin,USA,43.051481,-89.27519,glintcap_extract,,
riley-s-cidery,Riley's Cidery,,4,3,2021,2023,4,Bowen Island,British Columbia,Canada,49.3624343,-123.4012374,glintcap_extract,https://www.rileyscider.com/,https://maps.google.com/?cid=9203737158800520029
riverside-cider,Riverside Cider,,3,3,2023,2023,1,,,,,,none,,
rob-castle,Rob Castle,,5,3,2023,2024,1,,Gloucestershire,,,,none,,
rocquette-cider,Rocquette Cider,,3,3,2017,2018,2,,Guernsey,Guernsey,,,none,https://www.rocquettecider.com/,https://maps.google.com/?cid=7637493415474621859
ross-on-wye-cider-and-perry,Ross-on-Wye Cider and Perry,,3,3,2012,2012,1,Ross-on-Wye,Herefordshire,England,51.9170867999999,-2.6320935,glintcap_extract,,
saigon-cider,Saigon Cider,,3,3,2023,2023,2,,Vietnam,,,,none,https://www.saigoncider.com/,
sandia-hard-cider,Sandia Hard Cider,,3,3,2022,2022,2,Albuquerque,New Mexico,USA,,,none,,https://maps.google.com/?cid=10960141526376680070
saxby-s-cider,Saxby's Cider,,3,3,2019,2019,1,,England,,,,none,https://www.saxbyscider.co.uk/,https://maps.google.com/?cid=3023063857963922852
seidr-ci-ddu,Seidr Ci Ddu,,3,3,2023,2023,1,,,,,,none,https://www.ciddu.co.uk/,https://maps.google.com/?cid=13600510542486755126
sharp-s-brewery,Sharp's Brewery,,3,3,2021,2023,1,,England,,,,none,https://www.sharpsbrewery.co.uk/,https://maps.google.com/?cid=15304130641726715336
showerings-cider-mill,Showerings Cider Mill,,3,3,2023,2023,1,,,,,,none,,
sidra-el-gobernador,Sidra El Gobernador,,3,3,2013,2013,2,Villaviciosa,Asturias,Spain,43.5193518,-5.4402059,glintcap_extract,https://martinezsopenahermanos.com/,https://maps.google.com/?cid=16311632506815681967
sinclair-orchards,Sinclair Orchards,,3,3,2017,2021,1,,Victoria,Australia,,,none,,
slyboro-ciderhouse,Slyboro Ciderhouse,,5,3,2008,2017,2,Granville,New York,USA,43.411532,-73.330994,glintcap_extract,,https://maps.google.com/?cid=15135981072993122340
sodo-sidrin,Sodo Sidrinė,,3,3,2023,2024,2,,Lithuania,Lithuania,,,none,,
spildegarden,Spildegarden,,3,3,2022,2022,1,,,Norway,,,none,https://www.spildegarden.no/,https://maps.google.com/?cid=4799684362834917258
spy-cider-house-and-distillery,Spy Cider House and Distillery,,3,3,2022,2022,1,Clarksburg,Ontario,Canada,44.5130682,-80.450338,glintcap_extract,,
st-andrews-beach-brewery,St Andrews Beach Brewery,,3,3,2023,2024,1,,Victoria,Australia,,,none,https://standrewsbeachbrewery.com.au/,https://maps.google.com/?cid=3674219969181670288
stahringer-streuobstmosterei,Stahringer Streuobstmosterei,,3,3,2023,2023,1,,,Germany,,,none,https://streuobstmosterei.de/,https://maps.google.com/?cid=13148909559243530151
stoneybrook-cider,Stoneybrook Cider,,3,3,2019,2022,1,South Hadley,Massachusetts,USA,42.250687,-72.55657,glintcap_extract,,
sunnycider,Sunnycider,,3,3,2022,2022,1,Calgary,Alberta,Canada,51.0652978,-113.9871956,glintcap_extract,,
tall-post-craft-cider,Tall Post Craft Cider,,3,3,2019,2019,1,Hannon,Ontario,Canada,43.1459211,-79.7682554,glintcap_extract,,
tapped-apple-cider-winery,Tapped Apple Cider & Winery,,3,3,2023,2023,1,Westerly,Rhode Island,USA,41.378713,-71.829973,glintcap_extract,,
teepee-cider,Teepee Cider,,3,3,2023,2024,2,,New Zealand,,,,none,https://teepeecider.co.nz/,https://maps.google.com/?cid=13401732007935491634
the-drunken-pharmacist,The Drunken Pharmacist,,3,3,2023,2024,3,,Portugal,Portugal,,,none,,
the-infinite-monkey-theorem,The Infinite Monkey Theorem,,3,3,2014,2017,1,Denver,Colorado,USA,39.764124,-104.977492,glintcap_extract,,
the-newt-in-somerset,The Newt in Somerset,,3,3,2021,2021,1,,England,,,,none,https://thenewtinsomerset.com/,https://maps.google.com/?cid=16242928558795998551
the-side-project-cider-beerworks,The Side Project Cider & Beerworks,,3,3,2018,2019,1,,South Australia,Australia,,,none,,
the-sparkke-change-beverage-company,The Sparkke Change Beverage Company,,3,3,2017,2019,1,,South Australia,Australia,,,none,,
the-wee-scottish-cider-company,The Wee Scottish Cider Company,,3,3,2024,2024,1,,,,,,none,https://seidear.com/,https://maps.google.com/?cid=227255875071520296
three-falls-cider,Three Falls Cider,,3,3,2024,2024,1,Castile,New York,USA,42.6310355,-78.0475846,glintcap_extract,,
three-thinkers-cider,Three Thinkers Cider,,3,3,2019,2021,1,Stateline,Nevada,USA,38.9624079,-119.9399029,glintcap_extract,,
tom-cernohous-cidermil,Tom Cernohous - Cidermil,,3,3,2024,2024,1,,,,,,none,,
top-of-the-rock-ciders,Top of the Rock Ciders,,3,3,2016,2018,1,Kalamazoo,Michigan,USA,42.2950935,-85.7294998,glintcap_extract,,
tumalo-cider,Tumalo Cider,,3,3,2018,2021,2,Bend,Oregon,USA,44.1473701,-121.3304068,glintcap_extract,http://www.tumalocider.com/,https://maps.google.com/?cid=522863006020173702
tumbling-creek-cider-company,Tumbling Creek Cider Company,,3,3,2021,2023,1,,Virginia,United States,,,none,https://tumblingcreekcider.com/,https://maps.google.com/?cid=8196003782694988545
turners-cider,Turners Cider,,3,3,2020,2020,1,,England,,,,none,https://turnerscider.co.uk/,https://maps.google.com/?cid=8141635084407407708
ugly-apple,Ugly Apple,,3,3,2017,2018,1,Lanark,Ontario,Canada,45.0409655,-76.511907,glintcap_extract,,
vog-products,VOG Products,,3,3,2023,2024,1,,,Italy,,,none,https://www.alplsparkling.com/,https://maps.google.com/?cid=18244086340000282331
val-de-rance,Val de Rance,,3,3,2016,2019,2,Pleudihen-sur-Rance,Brittany,France,48.5085681999999,-1.9533612,glintcap_extract,https://www.valderance.com/,https://maps.google.com/?cid=7883069809343472545
valduro,Valduro,,3,3,2016,2017,2,,Asturias,,,,none,,
valley-cider-company,Valley Cider Company,,4,3,2021,2021,1,Duncan,British Columbia,Canada,48.8370145,-123.7089745,glintcap_extract,,
veinim-e,Veinimäe,,3,3,2023,2024,2,,Estonia,Estonia,,,none,https://veinimae.ee/,https://maps.google.com/?cid=8886313303772913711
vergers-de-romilly,Vergers de Romilly,,3,3,2017,2018,2,Saint-Germain-du-Pert,Normandy,France,,,none,https://vergersderomilly.com/,https://maps.google.com/?cid=17784069933896314553
walt-cider,Walt Cider,,3,3,2023,2023,1,,Netherlands,,,,none,https://waltcider.nl/,https://maps.google.com/?cid=569689914999365231
wata-lebanese-cider,Wata Lebanese Cider,,3,3,2021,2021,1,,Lebanon,,,,none,https://www.wata.com.lb/,https://maps.google.com/?cid=4521420921498637695
west-milton-cider,West Milton Cider,,4,3,2023,2023,1,,,,,,none,https://westmiltoncider.co.uk/,https://maps.google.com/?cid=2378994117010753202
wild-harvest-brewing-company,Wild Harvest Brewing Company,,3,3,2024,2024,1,,India,,,,none,https://l74.life/,https://maps.google.com/?cid=10553833652439506363
wilding-cider,Wilding Cider,,4,3,2023,2023,1,,,,,,none,https://www.wildingcider.co.uk/,https://maps.google.com/?cid=14126504367716389024
windfall-cider,Windfall Cider,,3,3,2019,2021,2,Vancouver,British Columbia,Canada,49.3093392,-123.0750308,glintcap_extract,https://windfallcider.ca/,https://maps.google.com/?cid=11000972800697075085
windfall-orchard,Windfall Orchard,,3,3,2016,2017,1,Cornwall,Vermont,USA,43.978128,-73.20449,glintcap_extract,,
windmill-ridge-acres,Windmill Ridge Acres,,3,3,2023,2024,1,,Ontario,Canada,,,none,https://www.windmillridge.ca/,https://maps.google.com/?cid=15963586865573618177
wise-owl-cider,Wise Owl Cider,,3,3,2019,2020,1,,England,,,,none,https://wiseowlcider.com/,https://maps.google.com/?cid=13293738296862003314
woodlore-cider-co,Woodlore Cider Co.,,3,3,2023,2023,1,Brainerd,Minnesota,USA,46.4067999,-94.2866359,glintcap_extract,,
woodredding-farm-cider,Woodredding Farm Cider,,4,3,2023,2024,2,,Herefordshire,,,,none,https://www.woodreddingcider.co.uk/,https://maps.google.com/?cid=13540344738396319268
worley-s-cider,Worley's Cider,,3,3,2015,2015,1,Shepton Mallet,Somerset,England,51.1965541,-2.4711281,glintcap_extract,,
wyatts,Wyatts,,3,3,2023,2023,1,,,,,,none,,
yankee-cider-company,Yankee Cider Company,,3,3,2020,2020,1,East Haddam,Connecticut,USA,,,none,https://www.yankeeciders.com/,https://maps.google.com/?cid=15772292386605807717
5-cider,^5 Cider,,3,3,2016,2016,2,Portland,Oregon,USA,45.528907,-122.610394,glintcap_extract,,
3-keys-brewing,3 Keys Brewing,,2,2,2019,2019,1,Bradenton,Florida,USA,27.496807,-82.532577,glintcap_extract,,
3cs-cider,3Cs Cider,,2,2,2014,2018,2,Brackley,England,England,52.070567,-1.179328,glintcap_extract,,
401-cider-brewery,401 Cider Brewery,,2,2,2016,2019,1,,Ontario,Canada,,,none,https://www.401cidercompany.com/,https://maps.google.com/?cid=15904679425375007750
99pines,99PINES,,2,2,2023,2024,1,,Gloucestershire,,,,none,https://99pines.com/,
aval-cider,AVAL Cider,,3,2,2023,2023,1,New York,New York,USA,40.7674663,-73.9851725,glintcap_extract,,
adams-orchard-cider,Adams Orchard Cider,,2,2,2014,2015,1,,South Australia,Australia,,,none,,
adesanya-mead-microbrewery,Adesanya Mead & Microbrewery,,2,2,2021,2024,1,Grandville,Michigan,USA,42.9128227,-85.739652,glintcap_extract,,
altzueta,Altzueta,,2,2,2017,2017,1,,Basque Country,,,,none,https://www.altzuetasagardotegia.com/,https://maps.google.com/?cid=15234921241388447200
ambix-spirits,Ambix Spirits,,3,2,2023,2023,1,Sebastopol,California,USA,38.4250521,-122.8319794,glintcap_extract,,
arba-wine,Arba Wine,,2,2,2023,2024,1,,Kazakhstan,,,,none,https://arbawine.com/,https://maps.google.com/?cid=9591225049119199140
armada-cider-1588,Armada Cider 1588,,2,2,2023,2024,1,,Spain,,,,none,https://armadacider1588.com/,
armageddon-brewing,Armageddon Brewing,,2,2,2024,2024,1,,New Jersey,United States,,,none,https://www.armageddon-brewing.com/,https://maps.google.com/?cid=14423006988471622028
asturvisa,Asturvisa,,2,2,2013,2013,1,Gijón,Asturias,Spain,43.5058969,-5.6984187,glintcap_extract,,
austrian-cider-company,Austrian Cider Company,,2,2,2020,2021,1,,Austria,,,,none,https://www.austrianciderco.com/,
bc-tree-fruits-cider,BC Tree Fruits Cider,,2,2,2017,2018,1,Kelowna,British Columbia,Canada,,,none,https://www.bctreefruitscider.com/,https://maps.google.com/?cid=14720123387889629483
baeren-brewery,Baeren Brewery,,3,2,2024,2024,1,,,,,,none,https://www.baerenbier.co.jp/,https://maps.google.com/?cid=14916685845990725190
balti-sodai,Balti Sodai,,2,2,2023,2023,1,,,Lithuania,,,none,,
bantam-cider,Bantam Cider,,2,2,2013,2013,1,Somerville,Massachusetts,USA,42.377773,-71.091902,glintcap_extract,,
barrika,Barrika,,4,2,2017,2019,1,New York,New York,USA,40.710409,-73.918766,glintcap_extract,,
batch-brewing-company,Batch Brewing Company,,2,2,2024,2024,1,Detroit,Michigan,USA,42.3285217,-83.0633392,glintcap_extract,,
bi-marct,Bi-Marct,,2,2,2018,2024,1,,Croatia,,,,none,,
bier-distillery,Bier Distillery,,2,2,2017,2019,1,Comstock Park,Michigan,USA,43.0593786,-85.6411356,glintcap_extract,,
big-shed-brewing,Big Shed Brewing,,2,2,2016,2021,1,,South Australia,Australia,,,none,https://bigshed.beer/,https://maps.google.com/?cid=13408097918532710257
blacksmiths-winery,Blacksmiths Winery,,2,2,2012,2012,1,Casco,Maine,USA,43.914429,-70.518351,glintcap_extract,,
blue-barn-cidery,Blue Barn Cidery,,2,2,2023,2024,1,,New York,United States,,,none,https://www.bluebarncidery.com/,https://maps.google.com/?cid=8104758114885529003
bonnieheath-estate-winery,Bonnieheath Estate Winery,,2,2,2017,2017,1,Waterford,Ontario,Canada,42.890266,-80.261896,glintcap_extract,,
brick-river-cider,Brick River Cider,,2,2,2021,2021,1,St. Louis,Missouri,USA,38.6339407,-90.2079809,glintcap_extract,,
briska,Briska,,2,2,2015,2017,1,,,Sweden,,,none,https://briska.se/,https://maps.google.com/?cid=15346300786672996269
brownrigg-hard-cider,Brownrigg Hard Cider,,3,2,2018,2019,1,Seattle,Washington,USA,,,none,,
budapr-s-cider,BudaPrés Cider,,2,2,2021,2022,1,,Hungary,,,,none,https://budapres.hu/,https://maps.google.com/?cid=13494992015632291593
carling,Carling,,2,2,2013,2015,1,,,England,,,none,https://www.carling.com/,
cascina-danesa,Cascina Danesa,,2,2,2022,2022,1,,,Italy,,,none,http://www.cascinadanesa.com/,https://maps.google.com/?cid=9650299321108487107
cedar-draw-cider,Cedar Draw Cider,,2,2,2023,2023,1,,Idaho,,,,none,https://www.cedardrawcider.com/,https://maps.google.com/?cid=3792911876978867046
channel-marker-cider,Channel Marker Cider,,3,2,2020,2020,1,Seattle,Washington,USA,,,none,http://www.channelmarkercider.com/,https://maps.google.com/?cid=11770320813087999732
chateau-morrisette,Chateau Morrisette,,3,2,2018,2018,1,Floyd,Virginia,USA,36.793824,-80.3954679,glintcap_extract,,
cherry-street-brewing,Cherry Street Brewing,,2,2,2023,2024,1,,Georgia,United States,,,none,https://cherrystreetbrewing.com/,https://maps.google.com/?cid=16068754441412803212
cider-by-rosie,Cider by Rosie,,2,2,2011,2011,1,Winterbourne Houghton,Dorset,England,50.8386141,-2.2593542,glintcap_extract,,
cidre-la-chouette,Cidre La Chouette,,2,2,2019,2019,1,Saint-Pair-sur-Mer,Normandy,France,48.8148309,-1.5703068,glintcap_extract,,
cidre-de-gr-villy,Cidre de Grévilly,,2,2,2020,2020,1,,,,,,none,https://cidre-grevilly.jimdofree.com/,
cidrerie-compton,Cidrerie Compton,,2,2,2023,2023,1,Compton,Quebec,Canada,45.2583716,-71.8262371,glintcap_extract,,
cidrerie-gu-rin,Cidrerie Guérin,,2,2,2023,2024,1,,Ille-et-Vilaine,,,,none,,https://maps.google.com/?cid=3132962272405165726
cidrerie-maison-de-perguet,Cidrerie Maison de Perguet,,2,2,2023,2024,1,,Finistère,,,,none,https://maisondeperguet.com/,https://maps.google.com/?cid=11440436581873193012
cidrerie-tudker,Cidrerie Tudker,,2,2,2019,2021,1,,Côtes-d'Armor,,,,none,https://bretagnecidrebio.com/,https://maps.google.com/?cid=1056010068261790518
cidrerie-de-tromelin,Cidrerie de Tromelin,,2,2,2017,2019,1,,Finistère,,,,none,https://www.kanarmor-ateliers.fr/nos-prestations/cidrerie/,https://maps.google.com/?cid=14804747814937357332
cidrerie-de-la-chesnaie,Cidrerie de la Chesnaie,,2,2,2022,2023,1,,Normandy,,,,none,https://www.cidredelachesnaie.com/,https://maps.google.com/?cid=4156468210984117593
cidrerie-et-distillerie-c-e-petch,Cidrerie et Distillerie C.E.Petch,,2,2,2024,2024,1,Hemmingford,Quebec,Canada,45.0458072,-73.596354,glintcap_extract,,
clos-de-la-fontaine-hugo,Clos de la Fontaine Hugo,,2,2,2014,2016,1,Rozoy-sur-Serre,Hauts-de-France,France,49.7158565,4.1436951,glintcap_extract,,
colcombe-house,Colcombe House,,2,2,2018,2019,1,,England,,,,none,,
cold-hollow-cider-mill,Cold Hollow Cider Mill,,2,2,2016,2017,1,Waterbury Center,Vermont,USA,44.381363,-72.719895,glintcap_extract,,
contoocook-cider-company,Contoocook Cider Company,,2,2,2019,2020,1,,New Hampshire,United States,,,none,https://www.contoocookcider.com/,https://maps.google.com/?cid=5608445815929475021
copper-crow-distillery,Copper Crow Distillery,,2,2,2022,2024,1,Bayfield,Wisconsin,USA,46.857048,-90.7939071,glintcap_extract,,
crimson-cider-company,Crimson Cider Company,,2,2,2023,2023,1,Picton,Ontario,Canada,43.9918792,-77.1891137,glintcap_extract,,
cwm-maddoc-cider-perry,Cwm Maddoc Cider & Perry,,2,2,2023,2024,1,,Herefordshire,,,,none,https://hollow-ash.co.uk/cwm-maddoc-cider-perry/,https://maps.google.com/?cid=14948326245436298276
cyderish,Cyderish,,2,2,2019,2021,2,Eugene,Oregon,USA,,,none,,
cydr-radosny,Cydr Radosny,,2,2,2023,2023,1,,,Poland,,,none,,https://maps.google.com/?cid=7526262440248480679
dead-horse-cider-co,Dead Horse Cider Co.,,3,2,2021,2021,1,Winkler,Manitoba,Canada,49.227539,-97.9654922,glintcap_extract,,
destileria-queilen,Destileria Queilen,,2,2,2024,2024,1,Queilén,Los Lagos,Chile,-42.8897196,-73.4755931,glintcap_extract,,
doggerland-craft-cider,Doggerland Craft Cider,,2,2,2020,2021,2,,Netherlands,,,,none,https://doggerlandcider.nl/,
domaine-lesuffleur,Domaine Lesuffleur,,2,2,2017,2017,1,,France,,,,none,,
domaine-pinnacle,Domaine Pinnacle,,3,2,2013,2019,3,Frelighsburg,Quebec,Canada,45.027528,-72.784982,glintcap_extract,https://domainepinnacle.ca/,
domaine-sicera,Domaine Sicera,,2,2,2017,2020,2,,Normandy,,,,none,https://www.sicera.fr/,https://maps.google.com/?cid=5127145163687533245
domaine-de-kerv-guen,Domaine de Kervéguen,,2,2,2014,2016,1,Guimaëc,Brittany,France,48.6663665,-3.6911349,glintcap_extract,,
domaine-des-c-tes-d-ardoise,Domaine des Côtes d'Ardoise,,2,2,2018,2018,1,Dunham,Quebec,Canada,45.1139705,-72.8457277999999,glintcap_extract,,
dominion-cider-co,Dominion Cider Co.,,2,2,2019,2019,1,Summerland,British Columbia,Canada,49.589829,-119.692589,glintcap_extract,,
dorset-nectar,Dorset Nectar,,2,2,2023,2023,1,,,,,,none,https://dorsetnectar.co.uk/,https://maps.google.com/?cid=12382606142379540152
draig-development,Draig Development,,2,2,2023,2023,1,,,,,,none,,
dunham-press-cider,Dunham Press Cider,,2,2,2022,2023,1,,England,,,,none,https://www.dunhamcider.co.uk/,https://maps.google.com/?cid=6980479073802538327
dyre-g-rd,Dyre Gård,,2,2,2022,2022,1,,,Norway,,,none,https://www.dyregaard.no/,https://maps.google.com/?cid=7586458171029000349
d-rr-fruchtsaftkellerei,Dürr Fruchtsaftkellerei,,2,2,2021,2021,1,,,Germany,,,none,https://www.schneewittchen-cidre.de/,https://maps.google.com/?cid=16830182961978283044
ethic-ciders,Ethic Ciders,,6,2,2018,2023,2,Petaluma,California,USA,38.4257764,-122.8569459,glintcap_extract,https://ethicciders.com/,https://maps.google.com/?cid=8690271967777704135
farm-cidery-kaneshige,Farm & Cidery Kaneshige,,2,2,2020,2022,2,Shimojō,Japan,Japan,35.4001414,137.7568105,glintcap_extract,https://www.kaneshige.jp/,https://maps.google.com/?cid=16274463510556174655
farmstead-cider,Farmstead Cider,,7,2,2021,2024,2,Jackson,Wyoming,USA,43.4201872,-110.7769249,glintcap_extract,https://farmsteadwyo.com/,https://maps.google.com/?cid=17159845861173496600
faustino-estate-cidery,Faustino Estate Cidery,,2,2,2016,2016,1,,British Columbia,,,,none,,
ferme-marcotte,Ferme Marcotte,,2,2,2024,2024,1,,,,,,none,http://marcotte.coop/,https://maps.google.com/?cid=15515441844251158681
ferme-de-cavelande,Ferme de Cavelande,,2,2,2022,2024,1,,,,,,none,https://www.fermedecavelande.fr/,https://maps.google.com/?cid=949032948010559518
ferme-de-cutesson,Ferme de Cutesson,,2,2,2020,2022,2,,Normandy,,,,none,,https://maps.google.com/?cid=14198095900648884855
ferme-de-romilly,Ferme de Romilly,,6,2,2018,2018,1,Saint-Germain-du-Pert,Normandy,France,49.3382641,-1.0293343,glintcap_extract,,
ferro-farms,Ferro Farms,,2,2,2016,2017,1,Lake Geneva,Wisconsin,USA,42.591684,-88.43343,glintcap_extract,,
fieldbird-cider,FieldBird Cider,,2,2,2018,2018,1,Bloomfield,Ontario,Canada,44.0069575,-77.2822809,glintcap_extract,,
finca-la-rionda,Finca La Rionda,,3,2,2017,2019,2,,Asturias,,,,none,https://bodegalarionda.ueniweb.com/,
flatbed-cider-co,Flatbed Cider Co.,,2,2,2016,2016,1,Milton-Freewater,Oregon,USA,47.72945,-122.149322,glintcap_extract,,
foggy-ridge-cider,Foggy Ridge Cider,,4,2,2007,2018,2,Dugspur,Virginia,USA,36.7672784,-80.5290282,glintcap_extract,,
fort-point-beer-company,Fort Point Beer Company,,2,2,2023,2023,1,San Francisco,California,USA,37.7896109,-122.4648487,glintcap_extract,,
forward-ferments,Forward Ferments,,2,2,2019,2019,1,Myra,Wisconsin,USA,43.417508,-88.092845,glintcap_extract,,
frux-solis,Frux Solis,,2,2,2019,2020,1,,Poland,,,,none,https://frux-solis.pl/,https://maps.google.com/?cid=13443134445458550426
fukiware-cidrerie,Fukiware Cidrerie,,4,2,2023,2024,1,,Japan,,,,none,,https://maps.google.com/?cid=10680734196000736911
gaec-h-douin,GAEC Hédouin,,2,2,2022,2023,1,,,,,,none,,https://maps.google.com/?cid=8955816640789328765
gio-hills-winery,Gio Hills Winery,,2,2,2023,2024,1,,,,,,none,https://giohills.jp/,https://maps.google.com/?cid=1515569945995790055
gnarly-grove-hard-cider,Gnarly Grove Hard Cider,,2,2,2016,2016,1,Columbus,Indiana,USA,39.267861,-85.832134,glintcap_extract,,
good-bones-ciderhouse,Good Bones Ciderhouse,,2,2,2023,2024,1,Beulah,Michigan,USA,44.6279156,-85.9957727,glintcap_extract,,
graf-apfelwein,Graf Apfelwein,,2,2,2024,2024,1,,,Austria,,,none,https://graf-apfelwein.at/,https://maps.google.com/?cid=951213740707234325
gregg-s-pit-cider-and-perry,Gregg's Pit Cider and Perry,,2,2,2024,2024,1,,Herefordshire,,,,none,https://www.greggs-pit.co.uk/,https://maps.google.com/?cid=12809496506561594272
groualle-fr-res,Groualle Frères,,2,2,2022,2024,1,,,,,,none,,
guillaume-co,Guillaume & Co,,2,2,2023,2023,2,,Switzerland,Switzerland,,,none,https://www.guillaumecider.ch/,https://maps.google.com/?cid=1089223546118021147
gwatkin-cider-co,Gwatkin Cider Co.,,2,2,2023,2023,1,,Herefordshire,,,,none,https://gwatkincider.co.uk/,https://maps.google.com/?cid=17407558906326157260
gwynt-y-ddraig-cider,Gwynt y Ddraig Cider,,2,2,2011,2011,1,,Rhondda Cynon Taf,Wales,,,none,https://gwyntcidershop.com/,https://maps.google.com/?cid=194836955180238214
hallonm-en-siideripanimo,Hallonmäen Siideripanimo,,2,2,2022,2022,1,,,Finland,,,none,https://www.hallonmaki.fi/,https://maps.google.com/?cid=2891804469448665239
harvey-river-estate,Harvey River Estate,,2,2,2013,2013,1,,Western Australia,Australia,,,none,,
hecks-cider,Hecks Cider,,4,2,2024,2024,1,,,,,,none,https://www.heckscider.com/,https://maps.google.com/?cid=14811456381048588409
hedgerow-cidery,Hedgerow Cidery,,2,2,2015,2015,2,,Oregon,United States,,,none,,
herb-s-cider,Herb's Cider,,3,2,2019,2020,1,Bellingham,Washington,USA,,,none,,
hidden-cave-cidery,Hidden Cave Cidery,,2,2,2018,2022,1,,Wisconsin,United States,,,none,https://www.hiddencavecidery.com/,https://maps.google.com/?cid=2326894092775693665
himachal,Himachal,,2,2,2016,2017,1,Burnley,Lancashire,England,53.80675,-2.21805,glintcap_extract,,
hofkellerei-lackner,Hofkellerei Lackner,,2,2,2024,2024,1,,,Austria,,,none,https://www.lackner-hofkellerei.at/,https://maps.google.com/?cid=1698967066169668554
horn-cider,Horn Cider,,2,2,2022,2022,1,,,Denmark,,,none,https://www.horncider.dk/,https://maps.google.com/?cid=5079202173016040511
institut-agricole-r-gional,Institut Agricole Régional,,2,2,2022,2023,1,Aosta,Aosta Valley,Italy,45.7369231,7.3000211,glintcap_extract,,
ironbound-hard-cider,Ironbound Hard Cider,,5,2,2018,2022,1,Asbury,New Jersey,USA,,,none,https://www.ironboundhardcider.com/,https://maps.google.com/?cid=17370734586891457225
james-squire,James Squire,,2,2,2013,2018,1,,New South Wales,Australia,,,none,https://www.jamessquire.com.au/,
jon-steadman,Jon Steadman,,2,2,2023,2023,1,,,,,,none,,
kabiles-mui-as,Kabiles Muižas,,2,2,2022,2022,1,,,Latvia,,,none,https://kabilewinery.lv/,https://maps.google.com/?cid=5713745034453015527
kelterei-herberth,Kelterei Herberth,,2,2,2023,2024,1,,,Germany,,,none,http://www.herberth.de/,https://maps.google.com/?cid=2797968598057029562
kelterei-kaes,Kelterei Kaes,,2,2,2024,2024,1,,,Germany,,,none,https://apfelweinkaes.de/,https://maps.google.com/?cid=14775549534266319023
kl-vsj-g-rdsbryggeri,Klövsjö Gårdsbryggeri,,2,2,2023,2023,1,,,Sweden,,,none,https://www.kgb-bryggeri.se/,https://maps.google.com/?cid=2229089414135910638
knightberg,Knightberg,,2,2,2019,2019,1,Saint Petersburg,Saint Petersburg,Russia,59.9562289,30.3430525,glintcap_extract,,
kolowratovy-sady,Kolowratovy Sady,,2,2,2019,2020,1,,Czechia,,,,none,https://kolowratovysady.cz/,https://maps.google.com/?cid=9866057086722481963
kopparberg,Kopparberg,,2,2,2021,2021,1,,Örebro,Sweden,,,none,https://kopparberg.com/,https://maps.google.com/?cid=9190022698371839045
kupela,Kupela,,2,2,2021,2021,1,,Basque Country,,,,none,https://www.kupela.fr/,https://maps.google.com/?cid=16174297296951175087
luk-cider-and-spirit,LUK Cider and Spirit,,2,2,2013,2013,1,Shefford,Quebec,Canada,45.309873,-72.555275,glintcap_extract,,
la-cave-du-tisquin,La Cave du Tisquin,,2,2,2023,2023,1,,France,,,,none,https://hervederenac.wixsite.com/la-cave-du-tisquin,
la-charterie,La Charterie,,2,2,2017,2024,1,,Normandy,,,,none,,https://maps.google.com/?cid=15951067020462590657
la-familia-cider-company,La Familia Cider Company,,2,2,2017,2024,1,,Oregon,,,,none,https://lafamiliacider.com/,https://maps.google.com/?cid=3685332940132306085
la-mala-sidra-espumosa,La Mala Sidra Espumosa,,2,2,2021,2023,1,,Peru,,,,none,https://lamala.pe/,
laughing-dog-brewing,Laughing Dog Brewing,,2,2,2017,2017,1,Ponderay,Idaho,USA,,,none,https://laughingdogbrewing.com/,https://maps.google.com/?cid=991815015646829154
le-costil-rouge,Le Costil Rouge,,2,2,2023,2024,1,,,,,,none,,https://maps.google.com/?cid=813458325751135495
le-p-tit-clos-normand,Le P'tit Clos Normand,,2,2,2020,2024,1,,,,,,none,https://www.boeuf-cidre.com/,https://maps.google.com/?cid=13679042805577864069
leaky-barrel-cider-company,Leaky Barrel Cider Company,,2,2,2017,2017,1,Windsor,California,USA,38.5289432,-122.8030103,glintcap_extract,,
les-bruy-res-carr,Les Bruyères Carré,,2,2,2020,2024,1,,Normandy,,,,none,https://www.les-bruyeres-carre.fr/,https://maps.google.com/?cid=14008361966229384358
les-vergers-d-auvillars,Les Vergers d'Auvillars,,2,2,2022,2022,1,,,,,,none,,https://maps.google.com/?cid=6624112631217511275
les-vergers-de-l-ille,Les Vergers de l'Ille,,2,2,2018,2024,1,,Ille-et-Vilaine,,,,none,https://www.lesvergersdelille.fr/,https://maps.google.com/?cid=14420300231390740214
les-vergers-de-la-morini-re,Les Vergers de la Morinière,,2,2,2020,2020,1,,France,,,,none,https://www.lesvergersdelamoriniere.com/,https://maps.google.com/?cid=14981589481770317523
lewis-henry,Lewis Henry,,4,2,2023,2023,1,,,,,,none,,
lieglhof-familie-zarl,Lieglhof Familie Zarl,,2,2,2023,2023,1,,Austria,,,,none,https://www.lieglhof.com/,https://maps.google.com/?cid=9123177938973924997
lightship-cider,Lightship Cider,,2,2,2022,2022,1,,,Netherlands,,,none,http://www.lightshipcider.com/,
lion-ciders,Lion Ciders,,2,2,2017,2018,1,,Germany,,,,none,,
lisa-letchford,Lisa Letchford,,2,2,2023,2023,1,,,,,,none,,
livebarrels,Livebarrels,,2,2,2022,2022,1,,,Italy,,,none,https://livebarrels.com/,https://maps.google.com/?cid=9299854013679442564
lonetree-cider,Lonetree Cider,,2,2,2017,2022,1,Vancouver,British Columbia,Canada,,,none,https://www.lonetreecider.com/,
long-island-meadery,Long Island Meadery,,2,2,2005,2006,1,Holbrook,New York,USA,40.7838542,-73.0832757,glintcap_extract,,
lost-orchards-cider,Lost Orchards Cider,,2,2,2020,2020,1,,Scotland,,,,none,https://lostorchards.co.uk/,https://maps.google.com/?cid=17138571878951209605
lost-valley-cider-co,Lost Valley Cider Co.,,2,2,2019,2019,1,Milwaukee,Wisconsin,USA,43.0276082,-87.9159237,glintcap_extract,,
lower-rydon,Lower Rydon,,2,2,2024,2024,1,,,,,,none,,
main-ridge-cider,Main Ridge Cider,,2,2,2015,2019,1,,Victoria,Australia,,,none,,
malner,Malner,,2,2,2023,2023,2,Kozina,Hrpelje-Kozina,Slovenia,45.5749654,13.9366407,glintcap_extract,https://www.malnercider.com/,https://maps.google.com/?cid=15238117087452971281
mark-palfrey-jonathan-pepper,Mark Palfrey & Jonathan Pepper,,2,2,2023,2023,1,,,,,,none,,
marshwood-vale-cider,Marshwood Vale Cider,,2,2,2023,2023,1,,,,,,none,https://www.marshwoodvalecider.com/,https://maps.google.com/?cid=3062253782181970531
mashino-winery,Mashino Winery,,2,2,2024,2024,1,,,,,,none,http://www.mashinowine.com/,
matilda-bay-brewing-company,Matilda Bay Brewing Company,,2,2,2011,2013,1,,Victoria,Australia,,,none,,
mercier-orchards,Mercier Orchards,,3,2,2017,2024,1,Blue Ridge,Georgia,USA,,,none,http://www.mercier-orchards.com/,https://maps.google.com/?cid=2895983787358586044
mershon-s-artisan-cider,Mershon's Artisan Cider,,2,2,2023,2023,1,Stoughton,Wisconsin,USA,42.929738,-89.213077,glintcap_extract,,
metal-house-cider,Metal House Cider,,2,2,2018,2018,1,Ulster Park,New York,USA,41.848908,-73.973564,glintcap_extract,,
mill-bridge-winery,Mill Bridge Winery,,2,2,2017,2017,1,Pigeon Forge,Tennessee,USA,35.788615,-83.554632,glintcap_extract,,
most-michl,Most Michl,,2,2,2024,2024,1,,,Austria,,,none,https://most-michl.at/,https://maps.google.com/?cid=15823669657140798548
mosterei-seiz,Mosterei Seiz,,2,2,2023,2024,1,,,Germany,,,none,https://www.mosterei-seiz.de/,https://maps.google.com/?cid=17460150387061372281
mostgut-kuchlbauer,Mostgut Kuchlbauer,,2,2,2024,2024,1,,,Austria,,,none,https://kuchlbauer.at/,https://maps.google.com/?cid=612923406573475520
mus-e-du-cidre,Musée du Cidre,,2,2,2017,2018,1,,Brittany,,,,none,https://www.museeducidre.fr/,https://maps.google.com/?cid=15427737681446787065
naked-orchards,Naked Orchards,,2,2,2023,2023,1,,Worcestershire,,,,none,,
new-holland-brewing,New Holland Brewing,,2,2,2007,2007,1,Holland,Michigan,USA,42.790068,-86.1042,glintcap_extract,,
new-leaf-cider-co,New Leaf Cider Co.,,2,2,2018,2021,1,Port Crane,New York,USA,42.1497193,-75.8199007,glintcap_extract,,
nightingale-cider-company,Nightingale Cider Company,,2,2,2022,2022,2,,England,United Kingdom,,,none,https://www.nightingalecider.com/,https://maps.google.com/?cid=18222564835901017065
northleigh-cider,Northleigh Cider,,2,2,2024,2024,1,,,,,,none,,
northwood-cider-co,Northwood Cider Co.,,2,2,2023,2023,1,Norwood,Ohio,USA,39.1584343,-84.458172,glintcap_extract,,
nua-cider,Nua Cider,,2,2,2023,2023,1,,Portugal,,,,none,https://www.nuacider.com/,
nutrition-farms,Nutrition Farms,,2,2,2021,2021,1,,Queensland,Australia,,,none,https://nutritionfarms.com/,
ok-adam,"OK,ADAM",,2,2,2024,2024,1,,,,,,none,https://okadamcider.com/,https://maps.google.com/?cid=7241170744099631012
obstbau-kelterei-schmitt,Obstbau & Kelterei Schmitt,,2,2,2023,2024,1,,,Germany,,,none,https://www.obstbau-schmitt.de/,https://maps.google.com/?cid=17233320390791040809
obstbau-ciampa,Obstbau Ciampa,,2,2,2023,2024,1,,,Germany,,,none,,https://maps.google.com/?cid=10947398667492665042
obstparadies-staufen,Obstparadies Staufen,,2,2,2023,2023,1,,,Germany,,,none,https://obstparadies-staufen.de/,https://maps.google.com/?cid=5484244511976453684
old-boys-brewhouse,Old Boys’ Brewhouse,,2,2,2011,2012,1,Spring Lake,Michigan,USA,43.0770187,-86.2127533,glintcap_extract,,
once-upon-a-tree-cider,Once Upon A Tree Cider,,2,2,2024,2024,1,,England,,,,none,https://haygrove-evolution.com/,https://maps.google.com/?cid=12263515311660061269
opre,Opre',,2,2,2021,2023,1,,Slovakia,,,,none,https://www.opre.sk/,https://maps.google.com/?cid=12156398933247073454
orchard-girls,Orchard Girls,,2,2,2022,2024,1,,Maine,United States,,,none,http://orchardgirls.com/,https://maps.google.com/?cid=2486607221948549190
orpens-cider,Orpens Cider,,2,2,2014,2015,1,Kildare,Kildare,Ireland,53.1589342,-6.9095683,glintcap_extract,,
outwest-wines-ciders,OutWest Wines & Ciders,,4,2,2024,2024,1,Spokane,Washington,USA,,,none,https://www.outwestwines.com/,https://maps.google.com/?cid=17884348236147778138
prah,PRAH,,2,2,2023,2024,1,,Tasmania,Australia,,,none,https://www.prah.au/,
park-farm,Park Farm,,2,2,2023,2023,1,,,,,,none,,
paynter-s-cider,Paynter's Cider,,2,2,2019,2019,1,Havelock North,Hawke's Bay,New Zealand,-39.665185,176.8531411,glintcap_extract,,
peacock-cider,Peacock Cider,,2,2,2019,2019,1,,England,,,,none,https://www.peacockcider.co.uk/,
pom-sidro-creativo,Pom Sidro Creativo,,2,2,2021,2021,2,,Italy,,,,none,https://www.sidropom.com/,https://maps.google.com/?cid=17454691130515952955
prima-cider,Prima Cider,,2,2,2019,2019,1,Long Grove,Illinois,USA,42.232727,-88.015032,glintcap_extract,,
prvn-prajzsk,První Prajzské,,2,2,2020,2020,1,,Czechia,,,,none,https://prvni-prajzske.webnode.cz/,
raw-cider-co,RAW Cider Co.,,2,2,2022,2022,2,,Oregon,,,,none,https://rawcider.com/,https://maps.google.com/?cid=14719415897364830707
rebel-cider,Rebel Cider,,2,2,2021,2023,1,,Victoria,Australia,,,none,,
red-brick-road-ciderhouse-bar,Red Brick Road Ciderhouse & Bar,,2,2,2015,2015,1,,Tasmania,Australia,,,none,,
red-top-winery,Red Top Winery,,2,2,2021,2021,1,Baroda,Michigan,USA,41.9260552,-86.4463222,glintcap_extract,,
rice-lake-hard-cider,Rice Lake Hard Cider,,2,2,2021,2021,1,Baltimore,Ontario,Canada,44.017223,-78.1461123,glintcap_extract,,
rogue-ales-spirits,Rogue Ales & Spirits,,2,2,2014,2016,2,Newport,Oregon,USA,44.620258,-124.052403,glintcap_extract,http://www.rogue.com/,https://maps.google.com/?cid=15972873389957435766
romaria,Romaria,,2,2,2023,2023,1,,Portugal,,,,none,,
rosecker-streuobst,Rosecker Streuobst,,2,2,2023,2023,1,,,Germany,,,none,https://rosecker.de/,
ross-on-wye-cider-perry,Ross-on-Wye Cider & Perry,,2,2,2023,2023,1,,Herefordshire,,,,none,https://rosscider.com/,https://maps.google.com/?cid=15438292382118860282
rote-pumpe,Rote Pumpe,,2,2,2023,2023,1,,,Germany,,,none,https://rote-pumpe.de/,https://maps.google.com/?cid=11686005875191354066
roter-adam,Roter Adam,,2,2,2024,2024,1,,,Germany,,,none,https://www.roteradam.de/,
rudenstams-b-r-frukt,Rudenstams Bär & Frukt,,3,2,2023,2023,1,,,Sweden,,,none,https://rudenstam.se/,https://maps.google.com/?cid=9422723088440708292
s-martinelli-co,S. Martinelli & Co.,,2,2,2019,2021,1,Watsonville,California,USA,36.902162,-121.7648,glintcap_extract,,
sacred-valley-beverages,Sacred Valley Beverages,,2,2,2014,2015,1,,New South Wales,Australia,,,none,https://www.sacredvalley.com.au/,
sajder-insajder,Sajder Insajder,,2,2,2023,2023,1,,,Serbia,,,none,https://www.sajderinsajder.com/,
saxby-s-cider,Saxby’s Cider,,2,2,2023,2023,1,,,,,,none,https://www.saxbyscider.co.uk/,https://maps.google.com/?cid=3023063857963922852
shield-cider,Shield Cider,,2,2,2018,2018,2,Houston,Texas,USA,29.7811534,-95.626656,glintcap_extract,,
showerings,Showerings,,3,2,2024,2024,1,,,,,,none,https://brotherscider.co.uk/,https://maps.google.com/?cid=1454211960614674654
sibling-winery,Sibling Winery,,2,2,2022,2023,1,,England,,,,none,https://www.sibling-winery.co.uk/,
sideriet,Sideriet,,2,2,2022,2024,2,,Norway,Norway,,,none,https://www.sideriet.no/,https://maps.google.com/?cid=10667377439591253274
sidra-cabue-es,Sidra Cabueñes,,2,2,2017,2023,1,,Asturias,,,,none,,https://maps.google.com/?cid=5234296910772767246
sidra-laberinto-patagonia,Sidra Laberinto Patagonia,,2,2,2024,2024,1,,Argentina,,,,none,,https://maps.google.com/?cid=12513681061761649729
sidra-do-massa,Sidra do Massa,,2,2,2023,2024,1,,Portugal,,,,none,,
sidrer-a-irigoien-herrero,Sidrería Irigoien Herrero,,2,2,2015,2017,2,Astigarraga,Basque Country,Spain,43.2851708,-1.9329983,glintcap_extract,https://www.sidreriairigoien.com/,https://maps.google.com/?cid=7008206708852121852
sidro-vittoria,Sidro Vittoria,,2,2,2020,2022,2,,Italy,,,,none,https://www.sidrovittoria.com/,https://maps.google.com/?cid=10506737947463237390
sigelsberg-cider,Sigelsberg Cider,,2,2,2019,2019,1,,Slovakia,,,,none,,
simple-cider,Simple Cider,,2,2,2018,2023,1,,Tasmania,Australia,,,none,https://simplecider.com.au/,https://maps.google.com/?cid=16786558994979050480
sincere-cider,Sincere Cider,,2,2,2024,2024,2,Oakland,California,USA,37.8043514,-122.2711639,glintcap_extract,https://www.sincerecider.com/,
sinebrychoff,Sinebrychoff,,2,2,2019,2019,1,,Finland,,,,none,https://www.sinebrychoff.fi/,https://maps.google.com/?cid=14381132881251908316
sitting-ducks-cider,Sitting Ducks Cider,,2,2,2013,2013,1,,South Australia,Australia,,,none,,
son-of-the-smith-hard-cider,Son of the Smith Hard Cider,,2,2,2021,2024,2,,,Japan,,,none,https://www.hardcider.jp/,https://maps.google.com/?cid=17747425634228385236
soundbite-hard-cider,Soundbite Hard Cider,,3,2,2023,2024,1,Everett,Washington,USA,,,none,https://www.soundbitecider.com/,https://maps.google.com/?cid=996231545939620653
speciation-artisan-ales,Speciation Artisan Ales,,2,2,2022,2023,1,Grand Rapids,Michigan,USA,42.9552166,-85.6456408,glintcap_extract,,
st-ives-cider,St. Ives Cider,,2,2,2018,2021,2,,England,England,,,none,https://stivescider.co.uk/,https://maps.google.com/?cid=12970939473205570566
strange-brothers,Strange Brothers,,2,2,2021,2021,1,,Auckland,New Zealand,,,none,https://www.strangebrothers.co.nz/,
subterranean-cider,Subterranean Cider,,2,2,2022,2022,1,Ypsilanti,Michigan,USA,42.2411499,-83.6129939,glintcap_extract,,
sunrise-orchards,Sunrise Orchards,,2,2,2013,2013,1,Cornwall,Vermont,USA,43.9619116999999,-73.2398856,glintcap_extract,,
suspicious-squirrel,Suspicious Squirrel,,2,2,2016,2017,1,,New South Wales,Australia,,,none,,
sutliff-cider-company,Sutliff Cider Company,,2,2,2022,2022,1,Lisbon,Iowa,USA,41.887218,-91.385952,glintcap_extract,,
sycamore-brewing,Sycamore Brewing,,2,2,2019,2019,1,,North Carolina,United States,,,none,https://www.sycamorebrew.com/,https://maps.google.com/?cid=4876898246003691885
szczepan-wka,Szczepanówka,,2,2,2019,2020,1,,Poland,,,,none,https://szczepanowka.pl/,https://maps.google.com/?cid=11891178280401586186
templars-cider,Templars Cider,,2,2,2020,2020,1,,France,,,,none,https://www.templarscider.co.uk/,https://maps.google.com/?cid=14287903066290051914
ten-sixty-one,Ten Sixty One,,2,2,2018,2018,1,,Victoria,Australia,,,none,https://www.tensixtyone.com.au/,https://maps.google.com/?cid=11303100687113031618
tenmile-cider-co,Tenmile Cider Co.,,2,2,2022,2022,1,Breckenridge,Colorado,USA,39.4824831,-106.0463073,glintcap_extract,,
tercer-ciclo,Tercer Ciclo,,2,2,2024,2024,1,Santiago,Metropolitan,Chile,-33.4316585,-70.6352261,glintcap_extract,,
the-australian-brewery,The Australian Brewery,,2,2,2012,2013,1,,New South Wales,Australia,,,none,https://www.australianhotelbrewery.com.au/,https://maps.google.com/?cid=11658747106516787081
the-big-bear-cider-mill,The Big Bear Cider Mill,,2,2,2022,2023,1,,England,,,,none,,
the-bottlehouse-brewing-company,The BottleHouse Brewing Company,,2,2,2018,2018,1,Cleveland Heights,Ohio,USA,41.503728,-81.565883,glintcap_extract,,
the-cider-lab,The Cider Lab,,2,2,2017,2017,1,,Victoria,Australia,,,none,,
the-old-mine-cider-company,The Old Mine Cider Company,,2,2,2018,2018,1,Erie,Colorado,USA,40.049115,-105.047549,glintcap_extract,,
thomas-brothers-hard-cider,Thomas Brothers Hard Cider,,2,2,2019,2020,1,,California,United States,,,none,,
thornborough-cider,Thornborough Cider,,2,2,2017,2024,2,Thornborough,North Yorkshire,England,54.213483,-1.55187,glintcap_extract,https://www.thornboroughcider.co.uk/,https://maps.google.com/?cid=5238332447600515576
three-peaks-winery,Three Peaks Winery,,2,2,2024,2024,1,,,,,,none,https://3peaks.shop/,https://maps.google.com/?cid=16781419863886231388
tilted-shed-ciderworks,Tilted Shed Ciderworks,,2,2,2013,2013,1,Windsor,California,USA,38.536915,-122.805436,glintcap_extract,,
tom-s-foolery-distillery,Tom's Foolery Distillery,,2,2,2011,2011,1,Burton,Ohio,USA,41.3910297,-81.1757311,glintcap_extract,,
trois-lacs-ciders,Trois-Lacs Ciders,,2,2,2021,2023,2,,Switzerland,,,,none,https://trois-lacs-ciders.webflow.io/,https://maps.google.com/?cid=11057921790831268912
troy-cider,Troy Cider,,2,2,2015,2018,1,Fulton,California,USA,38.495772,-122.7667,glintcap_extract,,
trump-cidery,Trump Cidery,,2,2,2024,2024,1,,Virginia,United States,,,none,https://www.trumpwinery.com/cidery/,https://maps.google.com/?cid=5076746479216071156
turncoat-cidery,Turncoat Cidery,,2,2,2023,2023,1,Jamestown,Rhode Island,USA,41.487469,-71.3907177,glintcap_extract,,
turquoise-barn-cider,Turquoise Barn Cider,,2,2,2017,2018,1,,California,United States,,,none,http://www.turquoisebarncider.com/,https://maps.google.com/?cid=11982641167925504503
txopinondo,Txopinondo,,2,2,2014,2016,1,Ascain,Nouvelle-Aquitaine,France,43.364722,-1.6375,glintcap_extract,,
t-lava,TÁLAVA,,2,2,2024,2024,1,,,,,,none,https://www.talava.lv/,https://maps.google.com/?cid=16414834196985036378
ventons-devon-cyder,Ventons Devon Cyder,,2,2,2024,2024,1,,,,,,none,https://ventons.co.uk/,https://maps.google.com/?cid=13221987803001183957
villa-armos-craft-cider,Villa Armos Craft Cider,,2,2,2024,2024,1,,,Armenia,,,none,https://villaarmos.am/,https://maps.google.com/?cid=2147742742106533461
vins-arista,Vins Arista,,2,2,2023,2024,1,Rougemont,Quebec,Canada,45.4394121,-73.0580021999999,glintcap_extract,,
wadys-cider,Wadys Cider,,2,2,2023,2024,1,,,,,,none,https://wadyscider.co.uk/,https://maps.google.com/?cid=13124950537577204428
westside-ciderwerks,Westside CiderWerks,,2,2,2016,2016,1,Grand Rapids,Michigan,USA,42.97887,-85.71474,glintcap_extract,,
white-rabbit,White Rabbit,,2,2,2017,2018,1,,Victoria,Australia,,,none,,
wignac,Wignac,,2,2,2018,2018,1,,France,,,,none,https://www.wignac.com/,https://maps.google.com/?cid=471404489608206328
wilcox-cider,Wilcox Cider,,2,2,2023,2023,1,,,,,,none,,
wild-rock-cider,Wild Rock Cider,,2,2,2022,2022,1,,Poland,,,,none,https://wildrockcider.com/,https://maps.google.com/?cid=3982501156017812617
wild-west-cider,Wild West Cider,,2,2,2024,2024,1,,,,,,none,https://www.wildwestcider.co.uk/,
wise-man-brewing,Wise Man Brewing,,2,2,2024,2024,1,,North Carolina,United States,,,none,https://www.wisemanbrewing.com/,https://maps.google.com/?cid=13467140978540966884
wolds-wine-estate,Wolds Wine Estate,,2,2,2024,2024,1,,,,,,none,https://woldswineestate.com/,https://maps.google.com/?cid=16032812922317610608
woodbox-cider-co,Woodbox Cider Co.,,2,2,2016,2017,1,Portland,Oregon,USA,45.546299,-122.576482,glintcap_extract,,
working-hands-fermentation,Working Hands Fermentation,,2,2,2017,2019,2,Hood River,Oregon,USA,45.7024656,-121.5233966,glintcap_extract,https://www.workinghandsfermentation.com/,https://maps.google.com/?cid=5832524138589986526
wyldlands,Wyldlands,,4,2,2024,2024,1,,,,,,none,,
wyndfall-cyder,Wyndfall Cyder,,2,2,2015,2016,1,Jordan,Minnesota,USA,44.640543,-93.68819,glintcap_extract,,
yallingup-cider-co,Yallingup Cider Co.,,2,2,2023,2023,1,,Western Australia,Australia,,,none,https://www.yallingupciderco.com.au/,
zilver,Zilver,,2,2,2023,2023,1,,,Latvia,,,none,https://zilver.lv/,https://maps.google.com/?cid=11431791076365254264
103-cider,103 Cider,,1,1,2023,2023,1,,,Sweden,,,none,https://www.hjulsjo103.se/,https://maps.google.com/?cid=11484495605929490180
13-brix-cider-bistro,13 Brix Cider Bistro,,1,1,2023,2023,1,Palisade,Colorado,USA,,,none,https://www.13brixciderbistro.com/,https://maps.google.com/?cid=13701321241502683638
19-acres-cider,19 Acres Cider,,1,1,2024,2024,1,,,,,,none,https://19acres.com/,https://maps.google.com/?cid=4476171369322689525
2-brothers-brewery,2 Brothers Brewery,,1,1,2016,2016,1,,Victoria,Australia,,,none,https://www.2brothers.com.au/,https://maps.google.com/?cid=7491025659517231760
aw-shugg-craft-distiller,AW Shugg Craft Distiller,,1,1,2022,2022,1,,Tasmania,Australia,,,none,,
adam-eva,Adam & Eva,,1,1,2017,2017,1,,,Germany,,,none,,
alai-cider,Alai Cider,,1,1,2023,2023,1,,Chile,,,,none,https://alaicider.com/,
allagash-brewing-company,Allagash Brewing Company,,1,1,2024,2024,1,Portland,Maine,USA,43.703142,-70.317621,glintcap_extract,,
allegheny-cellars-winery,Allegheny Cellars Winery,,1,1,2013,2013,1,Sheffield,Pennsylvania,USA,40.1450666,-79.8385414,glintcap_extract,,
alte-brennerei,Alte Brennerei,,1,1,2024,2024,1,,,Germany,,,none,https://altebrennerei.com/,https://maps.google.com/?cid=7817700984237736643
andover-cider-co,Andover Cider Co.,,1,1,2023,2023,1,,Massachusetts,United States,,,none,https://andoverciderco.com/,
apfelundwein,Apfelundwein,,1,1,2024,2024,1,,,Germany,,,none,https://apfelundwein.de/,https://maps.google.com/?cid=10546461572269248873
apple-hill-cidery,Apple Hill Cidery,,1,1,2016,2016,1,Lexington,Kentucky,USA,38.14,-84.47,glintcap_extract,,
archer-brewing,Archer Brewing,,1,1,2023,2023,1,,Queensland,Australia,,,none,https://www.archerbrewing.com.au/,https://maps.google.com/?cid=4414488942984174656
archibald-james,Archibald James,,1,1,2022,2022,1,,Washington,,,,none,https://archibaldjames.com/,
argus-cidery,Argus Cidery,,5,1,2016,2019,2,Austin,Texas,USA,,,none,http://www.arguscidery.com/,
arktos-meadery,Arktos Meadery,,1,1,2016,2016,1,Grand Rapids,Michigan,USA,42.9705088,-85.6806922,glintcap_extract,,
atelier-de-la-p-pie,Atelier de la Pépie,,1,1,2024,2024,1,,Morbihan,,,,none,https://atelierdelapepie.com/,https://maps.google.com/?cid=8968765589278602927
austringer-cider,Austringer Cider,,1,1,2023,2023,1,,Neath Port Talbot,,,,none,https://www.austringercider.co.uk/,
beardspoon-cider,BEARDspoon Cider,,1,1,2024,2024,1,,Kent,,,,none,http://beardspoon.com/,
bacha-cidre,Bacha! Cidre,,1,1,2020,2020,1,,Czechia,,,,none,http://cidrebach.cz/,https://maps.google.com/?cid=11982087198368302725
back-bay-brew-house,Back Bay Brew House,,1,1,2022,2022,1,,Virginia,United States,,,none,https://backbayfarmhouse.com/,https://maps.google.com/?cid=720468098893736903
bardic-brewing-cider,Bardic Brewing & Cider,,1,1,2021,2021,1,Spokane Valley,Washington,USA,47.6558422,-117.1983661,glintcap_extract,,
barmann-cellars,Barmann Cellars,,1,1,2024,2024,1,,Washington,,,,none,https://avidcider.com/,
bartestree-cider-co,Bartestree Cider Co,,1,1,2023,2023,1,,Herefordshire,,,,none,,
ba-o,Baïo,,1,1,2023,2023,1,,Centre-Val de Loire,,,,none,https://baio28.fr/,https://maps.google.com/?cid=6313985933826675426
bend-cider-company,Bend Cider Company,,2,1,2020,2021,2,Bend,Oregon,USA,,,none,https://www.bendcider.com/,https://maps.google.com/?cid=9987900399339296372
better-cider,Better Cider,,1,1,2023,2023,1,,,,,,none,https://www.bristol.ac.uk/external-estate/fenswoodfarm/better-cider/,
betzi-cidergeil,Betzi Cidergeil,,1,1,2023,2023,1,,,Germany,,,none,https://www.cidergeil.de/,https://maps.google.com/?cid=16147864463602823634
bever-nas-dz-rieni,Beverīnas Dzērieni,,1,1,2023,2023,1,,,Latvia,,,none,https://www.beverinasdzerieni.lv/,https://maps.google.com/?cid=3737744039117821694
birkenhof-hofheim,Birkenhof Hofheim,,1,1,2023,2023,1,,,Germany,,,none,https://www.taunusobst.de/,https://maps.google.com/?cid=7818052659804734828
black-devil-cider,Black Devil Cider,,1,1,2018,2018,1,Cambridge,Tasmania,Australia,-42.8310446,147.463841,glintcap_extract,,
blindwood-cider,Blindwood Cider,,1,1,2019,2019,1,Berkeley,California,USA,37.7058267,-122.188838,glintcap_extract,,
blue-mountain-cider-company,Blue Mountain Cider Company,,1,1,2014,2014,1,,Oregon,,,,none,https://drinkcider.com/,https://maps.google.com/?cid=2440645858088809767
boller-fruchts-fte,Boller Fruchtsäfte,,1,1,2023,2023,1,,,Germany,,,none,https://www.boller-fruchtsaefte.de/,https://maps.google.com/?cid=13421689225094744861
boston-beer-company,Boston Beer Company,,1,1,2007,2007,1,Boston,Massachusetts,USA,42.3146507,-71.1032192999999,glintcap_extract,,
brasserie-distillerie-veyrat,Brasserie Distillerie Veyrat,,1,1,2022,2022,1,,Auvergne-Rhône-Alpes,,,,none,https://brasserie-veyrat.com/,https://maps.google.com/?cid=12472640117038294003
brennerei-b-hler,Brennerei Bühler,,1,1,2023,2023,1,,,Germany,,,none,https://www.brennerei-buehler.de/,https://maps.google.com/?cid=2345095139748704475
bress-wines,Bress Wines,,1,1,2016,2016,1,,Victoria,Australia,,,none,,
bristols-cider,Bristols Cider,,1,1,2019,2019,1,Atascadero,California,USA,,,none,https://www.bristolscider.com/,https://maps.google.com/?cid=647885709337219908
brooks-dry-cider,Brooks Dry Cider,,1,1,2019,2019,1,San Francisco,California,USA,,,none,http://www.brooksdrycider.com/,
brotherhood-winery,Brotherhood Winery,,2,1,2019,2022,1,Washingtonville,New York,USA,,,none,http://www.brotherhood-winery.com/,https://maps.google.com/?cid=14879175529322157336
buhre-reuter,Buhre & Reuter,,1,1,2023,2023,1,,,Sweden,,,none,,
bumblebee-cider,BumbleBee Cider,,1,1,2024,2024,1,,England,,,,none,https://bumblebeecider.co.uk/,https://maps.google.com/?cid=4431874365897070889
buschenschank-lippitz,Buschenschank Lippitz,,1,1,2021,2021,1,,Austria,,,,none,https://www.facebook.com/Buschenschank,https://maps.google.com/?cid=5239535978282621551
bute-cider,Bute Cider,,1,1,2023,2023,1,,,Sweden,,,none,http://www.butecider.se/,
byron-bay-wild-cider,Byron Bay Wild Cider,,1,1,2019,2019,1,,Queensland,Australia,,,none,,
chilan,CHILAN,,1,1,2024,2024,1,,,,,,none,https://chilan.jp/,https://maps.google.com/?cid=8276963000507316730
calonge,Calonge,,1,1,2023,2023,1,,Basque Country,,,,none,https://www.calongesagardotegia.es/,https://maps.google.com/?cid=17297324039807359448
camilla-humphries,Camilla Humphries,,1,1,2024,2024,1,,,,,,none,,
camilla-s-crush-red-hill-cider,Camilla’s Crush Red Hill Cider,,1,1,2022,2022,1,,Victoria,Australia,,,none,,
campple-cider,Campple Cider,,1,1,2021,2021,1,,Asturias,,,,none,https://campplecider.com/,https://maps.google.com/?cid=16532819691065513954
captain-bligh-s,Captain Bligh's,,1,1,2017,2017,1,,Tasmania,Australia,,,none,,
captains-creek,Captains Creek,,1,1,2023,2023,1,,Victoria,Australia,,,none,https://www.captainscreek.com/,https://maps.google.com/?cid=5345523854642937105
carolinia-cider-company,Carolinia Cider Company,,1,1,2024,2024,1,Harrow,Ontario,Canada,41.9965042,-82.8616938,glintcap_extract,,
casa-de-oro-cider,Casa de Oro Cider,,1,1,2023,2023,1,Sun Valley,California,USA,34.226288,-118.4016825,glintcap_extract,,
cave-de-la-fosse,Cave de la Fosse,,1,1,2021,2021,1,,,,,,none,,
cave-d-occi-winery,Cave d’Occi Winery,,1,1,2024,2024,1,,,,,,none,https://www.docci.com/,https://maps.google.com/?cid=3524213297987364187
cellar-brewing-company,Cellar Brewing Company,,1,1,2011,2011,1,Sparta,Michigan,USA,43.160209,-85.697494,glintcap_extract,,
cellar-door-cider,Cellar Door Cider,,1,1,2019,2019,1,,California,United States,,,none,,
cellier-de-la-ville-loyo,Cellier de la Ville Loyo,,1,1,2018,2018,1,,Côtes-d'Armor,,,,none,http://www.cellierdelavilleloyo.com/,
cervezas-yria,Cervezas Yria,,1,1,2021,2021,1,,Madrid,,,,none,https://www.cervezasyria.com/,https://maps.google.com/?cid=27711217619101810
chase-hill-cider,Chase Hill Cider,,1,1,2022,2022,1,Albany,New Hampshire,USA,43.980732,-71.152804,glintcap_extract,,
chatter-creek-winery,Chatter Creek Winery,,3,1,2018,2019,2,Woodinville,Washington,USA,,,none,,
cherry-bird-orchards,Cherry Bird Orchards,,1,1,2018,2018,1,,New South Wales,Australia,,,none,,
cider-garden,Cider Garden,,1,1,2012,2012,1,,,Australia,,,none,,
cidernations,Cidernations,,1,1,2024,2024,1,,Belgium,,,,none,https://www.cidernations.com/,
ciderwerk,Ciderwerk,,1,1,2024,2024,1,,,Germany,,,none,https://www.ciderwerk.de/,https://maps.google.com/?cid=16960082056786907939
ciderzale,Ciderzale,,1,1,2021,2021,1,,Basque Country,,,,none,https://ciderzale.com/,
cidre-fermier-de-landeleau,Cidre Fermier de Landeleau,,1,1,2022,2022,1,,Finistère,,,,none,,https://maps.google.com/?cid=9139318248294781335
cidre-richard-fouqu,Cidre Richard Fouqué,,1,1,2023,2023,1,,,,,,none,https://richardfouque.fr/,https://maps.google.com/?cid=357260865149493086
cidre-du-pays-de-plouay,Cidre du Pays de Plouay,,1,1,2021,2021,1,,Morbihan,,,,none,https://cidredupaysdeplouay.com/,https://maps.google.com/?cid=5411051270521029089
cidre99,Cidre99,,1,1,2020,2020,1,,Czechia,,,,none,http://www.cidre99.cz/,
cidrerie-distillerie-les-vergers-de-la-ferme,Cidrerie Distillerie Les Vergers de la Ferme,,1,1,2022,2022,1,,Ille-et-Vilaine,,,,none,https://www.cidre-baindebretagne.fr/,https://maps.google.com/?cid=5153365142161369427
cidrerie-lacour-veyranne,Cidrerie Lacour-Veyranne,,1,1,2021,2021,1,,,,,,none,https://www.cidrerie-lacour-veyranne.com/,https://maps.google.com/?cid=10555645589397417510
cidrerie-le-ma-tre,Cidrerie Le Maître,,1,1,2021,2021,1,,Côtes-d'Armor,,,,none,,https://maps.google.com/?cid=18166029394058249899
cidrerie-le-p-re-mahieu,Cidrerie Le Père Mahieu,,1,1,2023,2023,1,,,,,,none,https://www.leperemahieu.com/,https://maps.google.com/?cid=12368038145815947190
cidrerie-et-distillerie-pelletier,Cidrerie et Distillerie Pelletier,,1,1,2021,2021,1,,France,,,,none,https://www.cidreriedistilleriepelletiersarthe.com/,https://maps.google.com/?cid=2254638142913788190
cidres-d-auteurs,Cidres d'Auteurs,,1,1,2021,2021,1,,,,,,none,,
cinder-block-brewery,Cinder Block Brewery,,3,1,2020,2024,1,North Kansas City,Missouri,USA,,,none,http://cinderblockbrewery.com/,https://maps.google.com/?cid=4218455807249820375
cluver-jack-cider-company,Cluver & Jack Cider Company,,1,1,2024,2024,1,,South Africa,,,,none,https://www.cluverjack.com/,https://maps.google.com/?cid=1595491546946521207
colfax-ciderworks,Colfax CiderWorks,,1,1,2022,2022,1,,California,United States,,,none,,
conneaut-cellars-winery,Conneaut Cellars Winery,,3,1,2018,2018,1,Conneaut Lake,Pennsylvania,USA,,,none,http://www.conneautcellarswinery.com/,https://maps.google.com/?cid=14378941191336467046
convergence-cider-works,Convergence Cider Works,,1,1,2023,2023,1,,Iowa,United States,,,none,https://www.convergencecider.com/,https://maps.google.com/?cid=3180343174506280077
crackington-cider-co,Crackington Cider Co.,,1,1,2023,2023,1,,,,,,none,https://www.crackingtoncider.co.uk/,https://maps.google.com/?cid=16710346755802957363
craft-instinct-japan,Craft Instinct Japan,,1,1,2024,2024,1,,,,,,none,https://www.craftinstinct-jpn.com/,
craigies-cider,Craigies Cider,,1,1,2015,2015,1,Bagenalstown,Carlow,Ireland,52.6971962,-6.9762235,glintcap_extract,,
cranker-s-brewery,Cranker's Brewery,,1,1,2019,2019,1,,Michigan,United States,,,none,https://www.crankersbrewery.com/,https://maps.google.com/?cid=12050324371787893879
crate-brewery,Crate Brewery,,1,1,2018,2018,1,,England,,,,none,https://www.cratebrewery.com/,https://maps.google.com/?cid=17369823570835617662
creekside-estate-winery,Creekside Estate Winery,,1,1,2018,2018,1,Jordan,Ontario,Canada,43.1524387,-79.3331283,glintcap_extract,,
crest-cyder,Crest Cyder,,1,1,2024,2024,1,,,,,,none,,
crooked-cider,Crooked Cider,,1,1,2018,2018,1,,New Zealand,,,,none,,
curious-brewery,Curious Brewery,,1,1,2019,2019,1,,England,,,,none,https://curiousbrewery.com/,https://maps.google.com/?cid=7077008771870705738
custard-co,Custard & Co,,1,1,2022,2022,1,,Western Australia,Australia,,,none,,
cydr-ignac-w,Cydr Ignaców,,1,1,2016,2016,1,,Poland,,,,none,http://www.cydrignacow.pl/,
cydr-opoczka,Cydr Opoczka,,1,1,2020,2020,1,,Poland,,,,none,,
cydr-stark-w,Cydr Starków,,1,1,2024,2024,1,,Poland,,,,none,,
czar-czerniejowa,Czar Czerniejowa,,1,1,2020,2020,1,,Poland,,,,none,,
dan-kelly-s-cider,Dan Kelly's Cider,,1,1,2015,2015,1,Drogheda,Louth,Ireland,53.7063533,-6.3223204,glintcap_extract,,
der-stotz-hof,Der Stotz Hof,,1,1,2024,2024,1,,,Germany,,,none,https://www.derstotzhof.de/,https://maps.google.com/?cid=3320604804111245336
dickens-cider,Dickens Cider,,1,1,2014,2014,1,Hillwood,Tasmania,Australia,-41.252324,146.995144,glintcap_extract,,
domaine-de-normandie,Domaine de Normandie,,1,1,2016,2016,1,Caderousse,Provence-Alpes-Côte d'Azur,France,44.102636,4.7591221,glintcap_extract,,
domaine-de-rugueville,Domaine de Rugueville,,1,1,2024,2024,1,,,,,,none,https://domainederugueville.fr/,https://maps.google.com/?cid=8320768846860943756
domaine-de-la-baudri-re,Domaine de la Baudrière,,1,1,2022,2022,1,,Normandy,,,,none,https://www.domainedelabaudriere.com/,https://maps.google.com/?cid=7322244985016209912
double-shovel-cider-company,Double Shovel Cider Company,,2,1,2019,2019,1,Anchorage,Alaska,USA,,,none,http://www.doubleshovelcider.co/,https://maps.google.com/?cid=610099555034655289
downeast-cider-house,Downeast Cider House,,1,1,2012,2012,1,Charlestown,Massachusetts,USA,42.3642793999999,-71.0324945,glintcap_extract,,
dr-pilkington-s,Dr. Pilkington's,,1,1,2018,2018,1,,South Australia,Australia,,,none,,
duntroon-cyder-house,Duntroon Cyder House,,1,1,2015,2015,1,Duntroon,Ontario,Canada,44.4112621,-80.1944895,glintcap_extract,,
ebd-group,EBD Group,,1,1,2023,2023,1,,,Estonia,,,none,https://www.atla-naps.ee/,https://maps.google.com/?cid=880060392694261182
earl-du-manoir,Earl du Manoir,,1,1,2023,2023,1,,,,,,none,https://cidre-du-manoir-27.fr/,https://maps.google.com/?cid=4044711697661996773
east-end-brewing-company,East End Brewing Company,,1,1,2022,2022,1,Pittsburgh,Pennsylvania,USA,40.4592101,-79.91171,glintcap_extract,,
easthampton-cider-project,Easthampton Cider Project,,1,1,2022,2022,1,,Massachusetts,United States,,,none,http://easthamptoncider.com/,https://maps.google.com/?cid=12789807318568837247
ecomus-e-de-la-pomme-et-du-cidre,Ecomusée de la Pomme et du Cidre,,1,1,2018,2018,1,,Normandy,,,,none,https://www.ecomuseeducidre.fr/,https://maps.google.com/?cid=5707167707581907830
el-mol-n-del-nora,El Molín del Nora,,1,1,2017,2017,1,,Asturias,,,,none,,
el-noc-u,El Nocéu,,1,1,2017,2017,1,,Asturias,,,,none,,https://maps.google.com/?cid=17559119845879466940
el-pilo-u,El Piloñu,,1,1,2023,2023,1,,Asturias,,,,none,,https://maps.google.com/?cid=16273384405779146543
elemental-cider,Elemental Cider,,1,1,2024,2024,1,,Wellington,New Zealand,,,none,https://elementalcider.co.nz/,
elephants-rock-cider-company,Elephants Rock Cider Company,,1,1,2011,2011,1,,Western Australia,Australia,,,none,https://www.denmarkgoodfoodfactory.com.au/,https://maps.google.com/?cid=151466976562038455
endless-orchard-cider,Endless Orchard Cider,,1,1,2024,2024,1,,Washington,,,,none,https://endlessorchardcider.com/,https://maps.google.com/?cid=8631759352853643868
entre-deux-monts,Entre-Deux-Monts,,1,1,2021,2021,1,,Belgium,,,,none,https://www.entre-deux-monts.be/,https://maps.google.com/?cid=9635785120480499810
epona,Epona,,1,1,2021,2021,1,Woodland,Washington,USA,45.9446269,-122.6949361,glintcap_extract,,
everson-s-cider,Everson's Cider,,1,1,2019,2019,1,,South Africa,,,,none,https://eversonscider.com/,https://maps.google.com/?cid=14518035129493727046
ex-press-cider,Ex-Press Cider,,1,1,2020,2020,1,,England,,,,none,http://www.thisiscider.co.uk/,
ezera-sidrs,Ezera Sidrs,,1,1,2023,2023,1,,,Latvia,,,none,http://www.ezerasidrs.lv/,
far-from-the-tree-cider,Far From The Tree Cider,,1,1,2019,2019,1,,Massachusetts,United States,,,none,http://www.farfromthetreecider.com/,https://maps.google.com/?cid=4405176089815391594
fein-wein-obst,Fein | Wein & Obst,,1,1,2019,2019,1,,Austria,,,,none,https://www.weinobstfein.at/,https://maps.google.com/?cid=11931224194322779205
ferme-de-l-hermiti-re,Ferme de l'Hermitière,,1,1,2020,2020,1,,,,,,none,,
ferme-du-petit-ch-teau,Ferme du Petit Château,,1,1,2021,2021,1,,,,,,none,,
fernbank-creek-cidery,Fernbank Creek Cidery,,1,1,2019,2019,1,,New South Wales,Australia,,,none,,
fishbone,Fishbone,,1,1,2017,2017,1,,,Australia,,,none,,
fourth-coast-ciderworks,Fourth Coast Ciderworks,,1,1,2019,2019,1,Lake Orion,Michigan,USA,42.7457157,-83.2832693,glintcap_extract,,
fowey-valley,Fowey Valley,,1,1,2022,2022,1,,England,,,,none,https://www.foweyvalleycider.co.uk/,https://maps.google.com/?cid=7258373789993087460
fran-ois-roger,François Roger,,1,1,2023,2023,1,,Normandy,,,,none,https://lesvergersdelafouquerie.jimdofree.com/,
french-road-cellars,French Road Cellars,,1,1,2011,2011,1,Lake Leelenau,Michigan,USA,44.9473982,-85.7551357,glintcap_extract,,
freuobst,FreuObst,,1,1,2024,2024,1,,,Germany,,,none,,
friendly-noise,Friendly Noise,,1,1,2023,2023,1,Los Angeles,California,USA,34.0522342,-118.2436849,glintcap_extract,,
gabe-cook,Gabe Cook,,1,1,2023,2023,1,,,,,,none,,
gardsbrenneriet,Gardsbrenneriet,,1,1,2022,2022,1,,,Norway,,,none,https://gardsbrenneriet.no/,https://maps.google.com/?cid=6218688572622832760
gazta-aga,Gaztañaga,,1,1,2017,2017,1,,Basque Country,,,,none,http://sidreriagaztanaga.com/,https://maps.google.com/?cid=7381182771810577212
genussmosthof-veitlbauer,Genussmosthof Veitlbauer,,1,1,2023,2023,1,,,Austria,,,none,https://www.veitlbauer.at/,https://maps.google.com/?cid=3539887554277783683
geo-cider,Geo Cider,,1,1,2023,2023,1,Squamish,British Columbia,Canada,49.7240532,-123.1542449,glintcap_extract,,
glastonbury-abbey,Glastonbury Abbey,,1,1,2024,2024,1,,,,,,none,,
golden-cider-company,Golden Cider Company,,1,1,2021,2021,1,,Sweden,,,,none,https://goldencider.se/,
golden-row-hard-cider,Golden Row Hard Cider,,1,1,2024,2024,1,,,,,,none,https://www.goldenrowcider.com/,https://maps.google.com/?cid=2624407193409003107
goldkehlchen,Goldkehlchen,,1,1,2018,2018,1,,Austria,,,,none,https://www.goldkehlchen.at/,
good-george-brewing,Good George Brewing,,1,1,2019,2019,1,,,New Zealand,,,none,https://www.goodgeorge.kiwi.nz/,https://maps.google.com/?cid=18222949602820729278
gravity-theory-cider,Gravity Theory Cider,,1,1,2022,2022,1,,England,,,,none,https://www.gravitytheorycider.com/,
great-lakes-farms,Great Lakes Farms,,1,1,2023,2023,1,Port Stanley,Ontario,Canada,42.6911428,-81.2335877,glintcap_extract,,
grubbestad-g-rd,Grubbestad Gård,,1,1,2022,2022,1,,,Norway,,,none,https://grubbestadgard.no/,https://maps.google.com/?cid=711772133025183468
guy-ch-riaux,Guy Chériaux,,1,1,2018,2018,1,,Côtes-d'Armor,,,,none,,
g-tti-cider,Götti Cider,,1,1,2017,2017,1,,Switzerland,,,,none,,
hocca-winery,HOCCA Winery,,1,1,2023,2023,1,,,,,,none,https://hocca.stores.jp/,https://maps.google.com/?cid=16420647593844994897
haldenhof,Haldenhof,,1,1,2024,2024,1,,,Germany,,,none,https://www.der-haldenhof.de/,https://maps.google.com/?cid=17530220713233182620
hallvard-s-rheim-evjestad,Hallvard Sørheim Evjestad,,1,1,2022,2022,1,,,Norway,,,none,,
happy-valley-ciderworks,Happy Valley Ciderworks,,1,1,2019,2019,1,,Oregon,,,,none,,
hard-way-cider-co,Hard Way Cider Co.,,1,1,2019,2019,1,Kingston,Ontario,Canada,44.241888,-76.5736795,glintcap_extract,,
hartpury-university-cider-project,Hartpury University Cider Project,,1,1,2024,2024,1,,,,,,none,,
hawkes-brewdog-usa,Hawkes / BrewDog USA,,1,1,2019,2019,1,,Ohio,United States,,,none,https://www.brewdog.com/usa/brewdog-dogtap-columbus,https://maps.google.com/?cid=3806023017261021678
hazeldean-forest-farm,Hazeldean Forest Farm,,1,1,2012,2012,1,,Victoria,Australia,,,none,,
hebnes-vingard,Hebnes Vingard,,1,1,2023,2023,1,,,Norway,,,none,https://www.hebnesvingard.no/,
henry-street-brewhouse,Henry Street Brewhouse,,1,1,2023,2023,1,,Victoria,Australia,,,none,,
hewletts-mill,Hewletts Mill,,1,1,2021,2021,1,,,England,,,none,,
hibi,Hibi,,1,1,2024,2024,1,,,,,,none,https://www.ringorillappa.jp/,https://maps.google.com/?cid=14805716827065461071
hideout-brewing-company,Hideout Brewing Company,,1,1,2009,2009,1,Grand Rapids,Michigan,USA,43.0179127,-85.6308116,glintcap_extract,,
hierophant-meadery,Hierophant Meadery,,1,1,2024,2024,1,Freeland,Washington,USA,,,none,https://www.hierophantmeadery.com/,https://maps.google.com/?cid=17451376316655329116
hikaru-no-hata,Hikaru no Hata,,1,1,2024,2024,1,,,,,,none,https://hikarumarche.stores.jp/,https://maps.google.com/?cid=12533318998895026808
hikaru-no-hatake,Hikaru no Hatake,,1,1,2023,2023,1,,,,,,none,https://hikarumarche.stores.jp/,https://maps.google.com/?cid=12533318998895026808
hogs-back-brewery,Hogs Back Brewery,,1,1,2019,2019,1,,England,,,,none,https://hogsback.co.uk/,https://maps.google.com/?cid=3246311890404715666
hope-estate,Hope Estate,,1,1,2019,2019,1,,New South Wales,Australia,,,none,https://www.hopeestate.com.au/,https://maps.google.com/?cid=2618263440002047371
howie-s-cider,Howie's Cider,,1,1,2024,2024,1,,England,,,,none,,
h-ld-moed-cidery,Hâld Moed Cidery,,1,1,2022,2022,1,,Netherlands,,,,none,https://www.cider.frl/,https://maps.google.com/?cid=7320243905401792542
ian-philp,Ian Philp,,1,1,2024,2024,1,,,,,,none,,
idun-cider,Idun Cider,,1,1,2019,2019,1,,Washington,,,,none,,
il-torsolo,Il Torsolo,,1,1,2024,2024,1,,,,,,none,https://iltorsolo.com/,
incider,Incider,,1,1,2024,2024,1,,,Switzerland,,,none,https://incider.ch/,https://maps.google.com/?cid=3404915409110002151
inside-the-five-brewing-co,Inside the Five Brewing Co.,,1,1,2024,2024,1,,Ohio,United States,,,none,https://www.insidethefivebrewing.com/,https://maps.google.com/?cid=10962149761049532364
israel-hern-ndez-del-valle,Israel Hernández del Valle,,1,1,2024,2024,1,,Canary Islands,,,,none,,
j-trees-cellars,J. Trees Cellars,,1,1,2011,2011,1,Tecumseh,Michigan,USA,42.004554,-83.934273,glintcap_extract,,
james-arthur-vineyards,James Arthur Vineyards,,1,1,2022,2022,1,Raymond,Nebraska,USA,,,none,https://jamesarthurvineyards.com/,https://maps.google.com/?cid=17404114639511023041
james-werner,James Werner,,1,1,2024,2024,1,,Wisconsin,United States,,,none,,
james-and-becky-gerlis-gray,James and Becky Gerlis-Gray,,1,1,2024,2024,1,,,,,,none,,
jolly-miller-cider,Jolly Miller Cider,,1,1,2021,2021,1,,New South Wales,Australia,,,none,,
juozas-dange,Juozas & Dange,,1,1,2023,2023,1,,,Lithuania,,,none,,
j-pis-biolo-isks-sidrs,Jēpis Bioloģisks Sidrs,,1,1,2023,2023,1,,,Latvia,,,none,https://www.jepis.lv/,https://maps.google.com/?cid=4389823321199068027
kastler-cider,Kastler Cider,,1,1,2019,2019,1,,Slovakia,,,,none,https://kastler.sk/,https://maps.google.com/?cid=15302315145196457481
kelterei-nagel,Kelterei Nagel,,1,1,2023,2023,1,,,Germany,,,none,https://www.kelterei-nagel.de/,https://maps.google.com/?cid=7391262693371148059
kelterei-n-ll,Kelterei Nöll,,1,1,2023,2023,1,,,Germany,,,none,https://www.noell-apfelwein.de/,https://maps.google.com/?cid=15101379986682699392
kelterei-stier,Kelterei Stier,,1,1,2012,2012,1,,Hesse,Germany,,,none,https://www.kelterei-stier.de/,https://maps.google.com/?cid=7976250328587904866
kennebec-cider-company,Kennebec Cider Company,,1,1,2011,2011,1,Winthrop,Maine,USA,44.3251,-69.898994,glintcap_extract,,
kikusui-brewing-co,Kikusui Brewing Co.,,1,1,2022,2022,1,Iida,Nagano,Japan,35.5132343,137.8072107,glintcap_extract,,
kingview-mead,KingView Mead,,1,1,2021,2021,1,,Pennsylvania,United States,,,none,https://www.kingviewmead.com/,https://maps.google.com/?cid=18105143648040517879
knapps-cider,Knapps Cider,,1,1,2023,2023,1,,,Germany,,,none,https://www.knapps-cider.de/,https://maps.google.com/?cid=9767917118710491602
kniveton-cider-company,Kniveton Cider Company,,1,1,2021,2021,1,,,England,,,none,http://www.knivetoncider.co.uk/,
kojiro-noen,Kojiro Noen,,1,1,2024,2024,1,,,,,,none,,
kojiro-orchards,Kojiro Orchards,,1,1,2024,2024,1,,,,,,none,,
koshiro-noen,Koshiro Noen,,1,1,2023,2023,1,,,,,,none,,
koval-distillery,Koval Distillery,,1,1,2011,2011,1,Chicago,Illinois,USA,41.9589073,-87.6733714,glintcap_extract,,
la-familia-cider,La Familia Cider,,1,1,2024,2024,1,,,,,,none,https://lafamiliacider.com/,https://maps.google.com/?cid=3685332940132306085
la-ferme-saint-blaise,La Ferme Saint Blaise,,1,1,2018,2018,1,,Normandy,,,,none,https://ferme-saint-blaise.com/,https://maps.google.com/?cid=2855509208433531801
la-ferme-du-gros-caillou,La Ferme du Gros Caillou,,1,1,2024,2024,1,,Normandy,,,,none,,https://maps.google.com/?cid=9123433194153535945
ladislav-sorcik,Ladislav Sorcik,,1,1,2019,2019,1,,Czechia,,,,none,,
landsteiner-m-hle,Landsteiner Mühle,,1,1,2013,2013,1,,Germany,,,,none,,
le-domaine-du-tertre,Le Domaine du Tertre,,1,1,2020,2020,1,,,,,,none,https://domaine-du-tertre.com/,https://maps.google.com/?cid=10069708901253125019
le-perrey-picot,Le Perrey Picot,,1,1,2024,2024,1,,,,,,none,,https://maps.google.com/?cid=6767746835247128514
les-jardins-d-an-enez,Les Jardins d'an Enez,,1,1,2024,2024,1,,Côtes-d'Armor,,,,none,,
les-vergers-de-fumichon,Les Vergers de Fumichon,,1,1,2021,2021,1,,,,,,none,https://www.les-vergers-de-fumichon.fr/,https://maps.google.com/?cid=12400587455796714428
lindheim-lkompani,Lindheim Ølkompani,,1,1,2022,2022,1,,,Norway,,,none,https://olkompani.no/,https://maps.google.com/?cid=2883761242946291299
lockhorn-cider-house,Lockhorn Cider House,,1,1,2022,2022,1,,Montana,,,,none,http://www.lockhornhardcider.com/,https://maps.google.com/?cid=3319793704993492447
lokin-s-dvaras,Lokinės Dvaras,,1,1,2023,2023,1,,,Lithuania,,,none,,https://maps.google.com/?cid=17585922794659656889
long-meadow-cider,Long Meadow Cider,,1,1,2018,2018,1,,Northern Ireland,,,,none,https://www.longmeadowcider.com/,https://maps.google.com/?cid=4808669294076402426
long-view-ciderhouse,Long View Ciderhouse,,1,1,2023,2023,1,Southington,Connecticut,USA,41.6365031,-72.8386701,glintcap_extract,,
lychee-hill-estate,Lychee Hill Estate,,1,1,2022,2022,1,,Queensland,Australia,,,none,https://www.lycheedivine.com.au/,https://maps.google.com/?cid=403393903491082741
mad-farmer-cider,Mad Farmer Cider,,1,1,2020,2020,1,Detroit,Michigan,USA,,,none,,
magic-apple,Magic Apple,,1,1,2015,2015,1,,Czechia,,,,none,,
magritte-cider,Magritte Cider,,1,1,2023,2023,1,,Chile,,,,none,https://magrittecider.com/,
maison-gamet,Maison Gamet,,1,1,2023,2023,1,,,France,,,none,https://www.champagne-gamet.com/,https://maps.google.com/?cid=2134767644830018935
malicious-spirits,Malicious Spirits,,1,1,2018,2018,1,Manistee,Michigan,USA,44.2126394,-86.2616291,glintcap_extract,,
manufaktura-cydru,Manufaktura Cydru,,1,1,2017,2017,1,,Poland,,,,none,,
march-first-brewing,March First Brewing,,2,1,2017,2019,2,Cincinnati,Ohio,USA,,,none,https://www.marchfirstbrewing.com/,https://maps.google.com/?cid=18349508478239444947
martin-pagett,Martin Pagett,,1,1,2024,2024,1,,,,,,none,,
matriarca,Matriarca,,1,1,2023,2023,1,,Uruguay,,,,none,https://www.matriarca.com.uy/,
mccrindle-s-cider,McCrindle's Cider,,2,1,2023,2023,1,,Gloucestershire,,,,none,http://mccrindlescider.co.uk/,
mcmenamins-edgefield-winery,McMenamins Edgefield Winery,,1,1,2024,2024,1,Troutdale,Oregon,USA,,,none,https://www.edgefieldwinery.com/,https://maps.google.com/?cid=2840749725938783348
meladoro,Meladoro,,1,1,2024,2024,1,,,Germany,,,none,https://www.meladoro-wein.de/,https://maps.google.com/?cid=3661318101864764152
melo-moon-cider,Melo Moon Cider,,1,1,2022,2022,1,Greenwich,New York,USA,43.0172595,-73.5126149,glintcap_extract,,
militsa,Militsa,,1,1,2019,2019,1,,,Cyprus,,,none,https://militsa-cider.com/,https://maps.google.com/?cid=14717679710918766920
mismatch-brewing-company,Mismatch Brewing Company,,1,1,2022,2022,1,,South Australia,Australia,,,none,https://www.mismatchbrewing.com.au/,https://maps.google.com/?cid=2094608130597131906
miyazaki-phoenix-brewing,Miyazaki Phoenix Brewing,,1,1,2024,2024,1,,,,,,none,,https://maps.google.com/?cid=8594409460059287179
mizpiradi,Mizpiradi,,1,1,2023,2023,1,,Basque Country,,,,none,https://www.mizpiradi.eus/,https://maps.google.com/?cid=8356736279020353612
modales-wines,Modales Wines,,1,1,2024,2024,1,Fennville,Michigan,USA,42.5731406,-86.1530078,glintcap_extract,,
monkey-bridge-cider,Monkey Bridge Cider,,2,1,2024,2024,1,,Derbyshire,,,,none,,
monnosuke-farm,Monnosuke Farm,,1,1,2024,2024,1,,,,,,none,https://monnosukefarm.com/,https://maps.google.com/?cid=13184524280933374652
montalto-winery,Montalto Winery,,1,1,2018,2018,1,,Victoria,Australia,,,none,,
mori-yama-en,Mori-yama-en,,1,1,2022,2022,1,Hirosaki,Aomori,Japan,40.5869073,140.4570299,glintcap_extract,,
moss-vineyards,Moss Vineyards,,1,1,2022,2022,1,Dyke,Virginia,USA,38.2404817,-78.5514481,glintcap_extract,,
mostheuriger-reikersdorfer,Mostheuriger Reikersdorfer,,1,1,2023,2023,1,,Austria,,,,none,https://www.mosti.at/,https://maps.google.com/?cid=7951746744614472989
mount-vale,Mount Vale,,1,1,2023,2023,1,,,,,,none,,
mount-vale-orchards,Mount Vale Orchards,,1,1,2024,2024,1,,,,,,none,,
mountain-goat-beer,Mountain Goat Beer,,1,1,2023,2023,1,,Victoria,Australia,,,none,https://www.goatbeer.com.au/,https://maps.google.com/?cid=3590392710166252972
mountford-wines,Mountford Wines,,1,1,2018,2018,1,,Western Australia,Australia,,,none,https://www.mountfordwines.com.au/,https://maps.google.com/?cid=5375517846867915536
mr-bridges,Mr Bridges,,1,1,2024,2024,1,,Tasmania,Australia,,,none,https://mrbridges.com.au/,
mt-duneed-estate,Mt Duneed Estate,,1,1,2016,2016,1,,Victoria,Australia,,,none,https://www.mtduneedestate.com.au/,https://maps.google.com/?cid=3985539971527914017
mugi-to-budo,Mugi to Budo,,1,1,2024,2024,1,,,,,,none,https://www.mugitobudou.com/,https://maps.google.com/?cid=9293468299421098720
mures-tasmania,Mures Tasmania,,1,1,2014,2014,1,,Tasmania,Australia,,,none,https://www.mures.com.au/,https://maps.google.com/?cid=40642501716472917
m-llers-mostmanufaktur,Müllers Mostmanufaktur,,1,1,2023,2023,1,,,Germany,,,none,https://www.most-manufaktur.com/,https://maps.google.com/?cid=902565048991263488
nailsea-cider,Nailsea Cider,,1,1,2023,2023,1,,England,,,,none,https://www.nailseacider.co.uk/,https://maps.google.com/?cid=5491378351404156001
nakata-orchard,Nakata Orchard,,1,1,2023,2023,1,,,,,,none,https://nakataringo.thebase.in/,
neige,Neige,,1,1,2024,2024,1,,Canada,,,,none,https://neige.co/,
nerijus-kau-ikas,Nerijus Kaučikas,,1,1,2023,2023,1,,,Lithuania,,,none,,
new-realm-brewing-company,New Realm Brewing Company,,1,1,2024,2024,1,,Georgia,United States,,,none,https://newrealmbrewing.com/,https://maps.google.com/?cid=16933059652984821271
newtopia-cyder,Newtopia Cyder,,1,1,2024,2024,1,,California,United States,,,none,http://www.drinknewtopia.com/,https://maps.google.com/?cid=12830879160117035367
no-boats-on-sunday,No Boats On Sunday,,1,1,2017,2017,1,Truro,Nova Scotia,Canada,45.365773,-63.286941,glintcap_extract,,
north-wood-cyder,North Wood Cyder,,1,1,2018,2018,1,,England,,,,none,,
n-var-cider,Nøvar Cider,,1,1,2020,2020,1,,Scotland,,,,none,https://www.novarcider.com/,https://maps.google.com/?cid=15839183571884271385
obst-jacoby,Obst Jacoby,,1,1,2024,2024,1,,,Germany,,,none,http://www.obst-jacoby.de/,https://maps.google.com/?cid=11360827963253826112
obst-und-gartenbauverein-fischbach,Obst- und Gartenbauverein Fischbach,,1,1,2024,2024,1,,,Germany,,,none,https://ogv-fischbach.com/,
obstbauernhof-planner,Obstbauernhof Planner,,1,1,2024,2024,1,,,Austria,,,none,https://www.apfelmann.at/,https://maps.google.com/?cid=4673464926047436794
occam-cider,Occam Cider,,1,1,2024,2024,1,Beacon,New York,USA,41.4965045,-73.9546244,glintcap_extract,,
okashina-ouchi,Okashina Ouchi,,1,1,2024,2024,1,,,,,,none,http://okashinaouchi.com/,
ola,Ola,,1,1,2022,2022,1,,Basque Country,,,,none,https://olasagardotegia.eus/,https://maps.google.com/?cid=18333402095066981603
olvi,Olvi,,1,1,2019,2019,1,,Finland,,,,none,https://www.olvi.fi/,https://maps.google.com/?cid=1723112676506354669
orchards-farm,Orchards Farm,,1,1,2024,2024,1,,,,,,none,,
padthaway-estate,Padthaway Estate,,1,1,2013,2013,1,,South Australia,Australia,,,none,,
pagetts-traditional-cider,Pagetts Traditional Cider,,1,1,2023,2023,1,,,,,,none,,
palestra-hidromiel,Palestra Hidromiel,,1,1,2024,2024,1,,,,,,none,,
parsons-north-brewing-co,Parsons North Brewing Co.,,1,1,2022,2022,1,,Ohio,United States,,,none,https://www.parsonsnorth.com/,https://maps.google.com/?cid=4884628808325036382
penn-brewery,Penn Brewery,,1,1,2023,2023,1,,Pennsylvania,United States,,,none,https://www.pennbrew.com/,https://maps.google.com/?cid=2498749404751387893
pershore-press,Pershore Press,,1,1,2024,2024,1,,Worcestershire,,,,none,https://pershorepress.com/,https://maps.google.com/?cid=14971466837942167593
peter-captainino,Peter Captainino,,1,1,2023,2023,1,,,,,,none,,
pink-barrel-cellars,Pink Barrel Cellars,,1,1,2024,2024,1,Grand Rapids,Michigan,USA,43.0586154999999,-85.7445192,glintcap_extract,,
pip-bailey,Pip Bailey,,1,1,2023,2023,1,,,,,,none,,
pivot-brewing-company,Pivot Brewing Company,,1,1,2020,2020,1,Lexington,Kentucky,USA,,,none,https://www.pivotbrewingcompany.com/,https://maps.google.com/?cid=15702696097796258691
pivovar-steiger,Pivovar Steiger,,1,1,2014,2014,1,,Slovakia,,,,none,,
pointy-head-cider-phc,Pointy Head Cider (PHC),,1,1,2023,2023,1,,France,,,,none,,https://maps.google.com/?cid=18359852450676930900
pontymeddyg-cider,Pontymeddyg Cider,,1,1,2023,2023,1,,,,,,none,,
portland-cider,Portland Cider,,1,1,2024,2024,1,,,,,,none,http://portlandcider.com/,https://maps.google.com/?cid=5897814277091816079
posdata,Posdata,,1,1,2024,2024,1,,,,,,none,https://posdatasidra.mx/,https://maps.google.com/?cid=2761632195156432826
prancing-pony-brewery,Prancing Pony Brewery,,1,1,2022,2022,1,,South Australia,Australia,,,none,https://prancingponybrewery.com.au/,https://maps.google.com/?cid=2202363820378513204
psydra,Psydra,,1,1,2020,2020,1,,Brazil,,,,none,,
pulpt,Pulpt,,1,1,2019,2019,1,,,England,,,none,https://www.pulpt.co.uk/,https://maps.google.com/?cid=6769290529103590363
punta-de-fierro-fine-cider,Punta de Fierro Fine Cider,,1,1,2024,2024,1,Cayumapu,Los Ríos,Chile,-39.7294565,-73.1097418,glintcap_extract,,
quartz-rock-vineyard,Quartz Rock Vineyard,,1,1,2024,2024,1,,New York,United States,,,none,https://quartzrockvineyard.com/,https://maps.google.com/?cid=1886322759965400402
rack-cloth,Rack & Cloth,,1,1,2018,2018,1,,Oregon,,,,none,,
ragged-stone-cider-perry,Ragged Stone Cider & Perry,,2,1,2023,2023,1,,Gloucestershire,,,,none,,
rain-barrel-ciderworks,Rain Barrel Ciderworks,,1,1,2021,2021,1,,Oregon,,,,none,,
rebel-seed-cidery,Rebel Seed Cidery,,2,1,2016,2018,2,Marydel,Delaware,USA,39.083683,-75.742472,glintcap_extract,,https://maps.google.com/?cid=7067059753674240387
red-brick-road-cider,Red Brick Road Cider,,1,1,2017,2017,1,,Australia,,,,none,https://www.redbrickroadcider.com.au/,
red-door-brewing-company,Red Door Brewing Company,,1,1,2019,2019,1,Albuquerque,New Mexico,USA,35.0848892,-106.6532389,glintcap_extract,,
redvers-cider-perry,Redvers Cider & Perry,,1,1,2023,2023,1,,Herefordshire,,,,none,https://redverscider.co.uk/,
reinhart-s-cider,Reinhart's Cider,,1,1,2018,2018,1,Stayner,Ontario,Canada,44.4209888,-80.0971399,glintcap_extract,,
rennie-s-winslow-cider,Rennie’s Winslow Cider,,1,1,2023,2023,1,,Buckinghamshire,,,,none,,
rider-ranch,Rider Ranch,,1,1,2018,2018,1,Los Gatos,California,USA,37.122006,-121.977594,glintcap_extract,,
robin-bornoff,Robin Bornoff,,1,1,2023,2023,1,,Herefordshire,,,,none,,
robinsons-cider,Robinsons Cider,,1,1,2023,2023,1,,England,,,,none,https://www.robinsonscider.com/,
rock-n-wool-winery,Rock N Wool Winery,,1,1,2021,2021,1,Poynette,Wisconsin,USA,43.4264281,-89.3907181,glintcap_extract,,
rufino,Rufino,,1,1,2017,2017,1,,Basque Country,,,,none,https://www.rufinosagardotegia.com/,https://maps.google.com/?cid=15885220870479223557
slo-cider,SLO Cider,,2,1,2020,2022,1,San Luis Obispo,California,USA,,,none,https://slociderco.com/,https://maps.google.com/?cid=4158762377659265691
sagar-iraultza,Sagar Iraultza,,1,1,2021,2021,1,,Basque Country,,,,none,,
sam-everitt,Sam Everitt,,1,1,2024,2024,1,,Herefordshire,,,,none,,
sam-s-cider,Sam's Cider,,1,1,2019,2019,1,,England,,,,none,https://winkleighcider.co.uk/,https://maps.google.com/?cid=5089579964487402242
sanctuary-spirits,Sanctuary Spirits,,1,1,2014,2014,1,Grand Ledge,Michigan,USA,42.7404054,-84.7354777,glintcap_extract,,
santa-fe-cider-works,Santa Fe Cider Works,,1,1,2015,2015,1,Santa Fe,New Mexico,USA,35.637686,-106.025024,glintcap_extract,,
sanyohai-shuzo,Sanyohai Shuzo,,1,1,2024,2024,1,,,,,,none,http://www.sanyouhai.com/,https://maps.google.com/?cid=12883995002852702667
sarasola-sagardotegia,Sarasola Sagardotegia,,1,1,2017,2017,1,,Basque Country,,,,none,https://sidreriasarasola.com/,https://maps.google.com/?cid=4818366078847267027
sassy,Sassy,,1,1,2019,2019,1,,France,,,,none,https://www.maison-sassy.com/,
saveurs-et-couleurs,Saveurs et Couleurs,,1,1,2018,2018,1,,Brittany,,,,none,,https://maps.google.com/?cid=15349438754951740121
seedy-cider,Seedy Cider,,1,1,2017,2017,1,,Victoria,Australia,,,none,,
sent-om-cider,Sent Om Cider,,1,1,2022,2022,1,,,Sweden,,,none,https://www.sentomcider.com/,
seven-seeds-seidr,Seven Seeds Seidr,,1,1,2019,2019,1,Forest Grove,Oregon,USA,45.5230162999999,-123.1063599,glintcap_extract,,
sidra-fierro,Sidra Fierro,,1,1,2024,2024,1,,Canary Islands,,,,none,,https://maps.google.com/?cid=15846866027109025161
sidra-insular,Sidra Insular,,1,1,2024,2024,1,Achao,Los Lagos,Chile,-42.4703002,-73.4954543,glintcap_extract,,
sidra-salvaje,Sidra Salvaje,,1,1,2023,2023,1,,,Spain,,,none,https://sidrasalvaje.com/,https://maps.google.com/?cid=16983679432504402503
silly-moo-cider,Silly Moo Cider,,1,1,2018,2018,1,,England,,,,none,https://www.sillymoocider.co.uk/,https://maps.google.com/?cid=296258896230348461
silo-distillery,Silo Distillery,,2,1,2019,2020,2,Windsor,Vermont,USA,43.5143504,-72.402142,glintcap_extract,,
skittery-cider,Skittery Cider,,1,1,2024,2024,1,,Herefordshire,,,,none,https://www.jusapples.co.uk/,https://maps.google.com/?cid=15026851892992901344
skyborry-cider-perry,Skyborry Cider & Perry,,2,1,2023,2023,1,,,,,,none,https://skyborrycider.co.uk/,
slaughterhouse-craft-cider-mead,Slaughterhouse Craft Cider & Mead,,1,1,2024,2024,1,Prince George,British Columbia,Canada,53.8182393,-123.0477032,glintcap_extract,,
smashed-drynks,Smashed Drynks,,1,1,2021,2021,1,,,England,,,none,https://www.smasheddrynks.co.uk/,
snowbird-farm-cidery,Snowbird Farm & Cidery,,2,1,2024,2024,1,Montesano,Washington,USA,,,none,https://www.snowbirdcidery.com/,https://maps.google.com/?cid=16481804079327445415
socal-ciderworks,SoCal CiderWorks,,1,1,2017,2017,1,Los Angeles,California,USA,34.1385139,-118.2103626,glintcap_extract,,
solh-i-cider,Solhøi Cider,,1,1,2022,2022,1,,,Norway,,,none,https://solhoicider.com/,
sommerbauer-edelmost,Sommerbauer Edelmost,,1,1,2023,2023,1,,,Austria,,,none,https://www.sommerbauer-most.at/,https://maps.google.com/?cid=12366001650524549047
spreyton-cider-company,Spreyton Cider Company,,1,1,2023,2023,1,,,,,,none,https://www.spreytonciderco.com.au/,https://maps.google.com/?cid=4719454766033276507
squiggly-tree-cider,Squiggly Tree Cider,,1,1,2021,2021,1,Grand Rapids,Michigan,USA,43.0187425,-85.6003355,glintcap_extract,,
st-anton,St. Anton,,1,1,2017,2017,1,,Russia,,,,none,http://www.yablochny-spas.ru/,https://maps.google.com/?cid=992035969626414458
stadin-panimo,Stadin Panimo,,1,1,2022,2022,1,,,Finland,,,none,https://www.stadinpanimo.fi/,https://maps.google.com/?cid=4420530638990962143
steve-z,Steve'z,,1,1,2019,2019,1,,Netherlands,,,,none,https://www.stevez.nl/,https://maps.google.com/?cid=506873058458405561
still-river-winery,Still River Winery,,1,1,2011,2011,1,Harvard,Massachusetts,USA,42.4817422,-71.583847,glintcap_extract,,
stoked-cider,Stoked Cider,,1,1,2018,2018,1,Westlake Village,California,USA,34.1557416,-118.8083848,glintcap_extract,,
stoney-ridge-winery,Stoney Ridge Winery,,1,1,2018,2018,1,Bryan,Ohio,USA,41.516257,-84.516839,glintcap_extract,,
strange-lady-cider,Strange Lady Cider,,1,1,2024,2024,1,,,,,,none,,
stray-cider,Stray Cider,,1,1,2024,2024,1,,Oregon,,,,none,,
sulker-s-cider,Sulker's Cider,,1,1,2017,2017,1,Newmarket,Ontario,Canada,44.055902,-79.3909169,glintcap_extract,,
sully-s-cider,Sully's Cider,,1,1,2014,2014,1,Reidsdale,New South Wales,Australia,-35.5730387,149.8488755,glintcap_extract,,
summerland-heritage-cider-company,Summerland Heritage Cider Company,,1,1,2013,2013,1,Summerland,British Columbia,Canada,49.5714107999999,-119.6384971,glintcap_extract,,
swell-brewing-co,Swell Brewing Co.,,1,1,2017,2017,1,,South Australia,Australia,,,none,https://swellbeer.com.au/,https://maps.google.com/?cid=5921662718639681355
syse-gard,Syse Gard,,1,1,2023,2023,1,,,Norway,,,none,https://www.sysegard.no/,https://maps.google.com/?cid=15813298029749928176
tamba-wine,Tamba Wine,,1,1,2024,2024,1,,Japan,,,,none,https://www.tambawine.com/,https://maps.google.com/?cid=4151597861563398596
the-cider-mill-slane,The Cider Mill Slane,,1,1,2014,2014,1,Slane,Meath,Ireland,53.7129257,-6.6236699,glintcap_extract,,
the-craft-co,The Craft & Co,,1,1,2017,2017,1,,Victoria,Australia,,,none,,
the-donhead-apple-company,The Donhead Apple Company,,1,1,2018,2018,1,,England,,,,none,,
the-hayloft,The Hayloft,,1,1,2024,2024,1,,,,,,none,,
the-new-frontier-cider-company,The New Frontier Cider Company,,1,1,2019,2019,1,Seville,Ohio,USA,41.04744,-81.850545,glintcap_extract,,
the-orchard,The Orchard,,1,1,2023,2023,1,,,,,,none,,
the-pembrokeshire-cider-co,The Pembrokeshire Cider Co.,,1,1,2024,2024,1,,,Wales,,,none,https://pembrokeshirecider.co.uk/,https://maps.google.com/?cid=7076376665804890949
the-pippa,The Pippa,,1,1,2018,2018,1,,Asturias,,,,none,,
the-portsmouth-distillery-co,The Portsmouth Distillery Co.,,1,1,2020,2020,1,,England,,,,none,,
the-tor-cider-company,The Tor Cider Company,,1,1,2023,2023,1,,,,,,none,https://www.torcider.co.uk/,https://maps.google.com/?cid=14850884087729122374
the-walnut-house,The Walnut House,,1,1,2023,2023,1,,,,,,none,https://www.wata.com.lb/,https://maps.google.com/?cid=4521420921498637695
the-wharie-experience,The Wharie Experience,,1,1,2023,2023,1,,,,,,none,,
three-brothers-wineries-estates,Three Brothers Wineries & Estates,,1,1,2015,2015,1,Geneva,New York,USA,42.820685,-76.926299,glintcap_extract,,
three-peaks,Three Peaks,,1,1,2023,2023,1,,,,,,none,https://3peaks.shop/,https://maps.google.com/?cid=16781419863886231388
tin-hat-cider,Tin Hat Cider,,1,1,2018,2018,1,Warren,Vermont,USA,44.087237,-72.715339,glintcap_extract,,
tom-cernohous,Tom Cernohous,,1,1,2023,2023,1,,,,,,none,,
topa-cidre,Topa Cidre,,1,1,2018,2018,1,,Basque Country,,,,none,https://www.topa-cidre.com/,https://maps.google.com/?cid=10484194815167161209
treehive,Treehive,,1,1,2024,2024,1,Brocton,Illinois,USA,39.7155705,-87.9333654,glintcap_extract,,
tricky-cider,Tricky Cider,,1,1,2024,2024,1,,,,,,none,https://trickycider.com/,https://maps.google.com/?cid=9525501189343767202
trubacheevka,Trubacheevka,,1,1,2023,2023,1,Trubacheyevka,Moscow Oblast,Russia,55.646393,37.1704977,glintcap_extract,,
twin-sisters-brewing-company,Twin Sisters Brewing Company,,2,1,2020,2022,1,Bellingham,Washington,USA,,,none,https://www.twinsistersbrewing.com/,https://maps.google.com/?cid=5725739708017976130
two-birds-brewing,Two Birds Brewing,,1,1,2019,2019,1,,Victoria,Australia,,,none,,
t-lava-sidrs,Tālava Sidrs,,1,1,2023,2023,1,,,,,,none,https://www.talava.lv/,https://maps.google.com/?cid=16414834196985036378
udders-orchard-cider,Udders Orchard Cider,,1,1,2023,2023,1,,,,,,none,https://www.uddersorchardcider.co.uk/,https://maps.google.com/?cid=6626754989867518062
unibroue,Unibroue,,1,1,2005,2005,1,Chambly,Quebec,Canada,45.4412746,-73.2614007,glintcap_extract,,
upper-left-apples,Upper Left Apples,,2,1,2019,2019,1,Everett,Washington,USA,47.900697,-122.205343,glintcap_extract,,
upside-cider,Upside Cider,,1,1,2021,2021,1,,British Columbia,,,,none,https://www.upsidecider.com/,https://maps.google.com/?cid=7631322191789606074
upstream-cider,Upstream Cider,,1,1,2019,2019,1,Stevens Point,Wisconsin,USA,44.4976,-89.5595,glintcap_extract,,
vergers-petit-et-fils,Vergers Petit et Fils,,2,1,2020,2020,1,Mont-Saint-Hilaire,Quebec,Canada,,,none,https://www.auxvergerspetit.com/,https://maps.google.com/?cid=5431180529715913738
vergers-de-velours,Vergers de Velours,,2,1,2018,2018,1,Saint-Henri-de-Taillon,Quebec,Canada,48.6614250999999,-71.8144356,glintcap_extract,,
vestavin,Vestavin,,1,1,2023,2023,1,,,Norway,,,none,https://www.vestavin.no/,
villeplet,Villeplet,,1,1,2022,2022,1,,,Norway,,,none,,https://maps.google.com/?cid=8884595754015870578
vin-312,Vin 312,,1,1,2021,2021,1,Chicago,Illinois,USA,41.9676466,-87.6748505,glintcap_extract,,
vines-rushes-winery,Vines & Rushes Winery,,1,1,2014,2014,1,Ripon,Wisconsin,USA,43.906003,-88.839949,glintcap_extract,,
vinos-tendal,Vinos Tendal,,1,1,2024,2024,1,,Canary Islands,,,,none,https://vinostendal.com/,https://maps.google.com/?cid=12649281777724932562
vivid-cider,Vivid Cider,,1,1,2015,2015,1,,New South Wales,Australia,,,none,,
watchet-cider-company,Watchet Cider Company,,1,1,2023,2023,1,,,,,,none,,
west-croft-cider,West Croft Cider,,1,1,2023,2023,1,,,,,,none,https://www.somersetcidervinegarco.co.uk/westcroft-cider-and-janets-jungle-juice.html,
westview-orchards-winery,Westview Orchards & Winery,,1,1,2019,2019,1,Washington,Michigan,USA,42.772653,-83.018539,glintcap_extract,,
wicked-barley,Wicked Barley,,1,1,2019,2019,1,,Florida,United States,,,none,https://wickedbarley.com/,https://maps.google.com/?cid=6159195290257520834
wignac-cidre,Wignac Cidre,,1,1,2023,2023,1,,,,,,none,https://www.wignac.com/,https://maps.google.com/?cid=471404489608206328
wilce-s-cider,Wilce's Cider,,1,1,2024,2024,1,,Herefordshire,,,,none,https://wilces.co.uk/,https://maps.google.com/?cid=9852459521261680794
wildbranch-cider,Wildbranch Cider,,3,1,2021,2023,1,Craftsbury,Vermont,USA,44.6199347,-72.4065106,glintcap_extract,,
win-s-cider,Win's Cider,,1,1,2024,2024,1,,,,,,none,,
winchester-ciderworks,Winchester Ciderworks,,2,1,2021,2023,2,,Virginia,United States,,,none,https://winchesterciderworks.com/,https://maps.google.com/?cid=14098240591647193063
windermere-cider,Windermere Cider,,1,1,2014,2014,1,,Western Cape,South Africa,,,none,,
winemaking-tasmania,Winemaking Tasmania,,2,1,2019,2019,1,,Australia,,,,none,,
winter-brook-vineyard,Winter Brook Vineyard,,1,1,2017,2017,1,,Tasmania,Australia,,,none,,
winterset-cidery,Winterset Cidery,,1,1,2023,2023,1,Winterset,Iowa,USA,41.411913,-94.012008,glintcap_extract,,
wisdom-wines,Wisdom Wines,,1,1,2024,2024,1,,England,,,,none,https://wisdom-wines.co.uk/,
witchcraft,Witchcraft,,1,1,2021,2021,1,,,China,,,none,,
woolshed-brewery,Woolshed Brewery,,1,1,2016,2016,1,,South Australia,Australia,,,none,,
wrangletown-cider-company,Wrangletown Cider Company,,3,1,2017,2019,2,Arcata,California,USA,,,none,https://www.wrangletowncidercompany.com/,https://maps.google.com/?cid=666976479590707488
xo-alambic,XO Alambic,,1,1,2019,2019,1,Dayton,Washington,USA,46.3100847,-117.9976091,glintcap_extract,,
xaiko-beverages,Xaiko Beverages,,1,1,2020,2020,1,,California,United States,,,none,,
yablo,Yablo,,1,1,2024,2024,1,,,Ukraine,,,none,,
yahara-bay-distillery,Yahara Bay Distillery,,1,1,2011,2011,1,Madison,Wisconsin,USA,43.0106427,-89.4784476,glintcap_extract,,
young-henrys,Young Henrys,,1,1,2015,2015,1,,New South Wales,Australia,,,none,https://younghenrys.com/,https://maps.google.com/?cid=16775494455914270554
zattana,Zattana,,1,1,2024,2024,1,,,,,,none,https://zattana-aomori.stores.jp/,
and-cider,and CIDER,,1,1,2023,2023,1,,,,,,none,https://andcider.jp/,
biglittle-wines,bigLITTLE Wines,,1,1,2016,2016,1,Suttons Bay,Michigan,USA,44.915844,-85.654114,glintcap_extract,,
blerov,Æblerov,,1,1,2021,2021,1,,Denmark,,,,none,https://www.aeblerov.com/,https://maps.google.com/?cid=13343568507198535456
gir-bruggh-s,Ægir Brugghús,,1,1,2019,2019,1,,Capital Region,Iceland,,,none,,
lmheim-siderhage,Ølmheim Siderhage,,1,1,2023,2023,1,,,Norway,,,none,https://www.siderhagen.no/,https://maps.google.com/?cid=5325970145779419536
6-mile-cellars,6 Mile Cellars,,2,0,2020,2020,1,Erie,Pennsylvania,USA,,,none,http://6milecellars.com/,https://maps.google.com/?cid=15280001282992311542
anna-s-cider,Anna's Cider,,3,0,2022,2023,1,Santa Paula,California,USA,,,none,https://annascider.com/,https://maps.google.com/?cid=6245729611284225450
art-science-cider-wine,Art+Science Cider & Wine,,2,0,2016,2021,1,,Oregon,,,,none,https://www.artandsciencenw.com/,https://maps.google.com/?cid=4459649670680406192
bad-granny-hard-cider,Bad Granny Hard Cider,,2,0,2020,2020,1,Chelan,Washington,USA,,,none,,
bad-seed-cider,Bad Seed Cider,,1,0,2017,2017,1,,New York,,,,none,http://www.badseedhardcider.com/,https://maps.google.com/?cid=8137566765799910733
black-mountain-ciderworks,Black Mountain Ciderworks,,1,0,2018,2018,1,Black Mountain,North Carolina,USA,,,none,http://blackmountainciderworks.com/,https://maps.google.com/?cid=13058897127555703406
coturri-winery,Coturri Winery,,1,0,2022,2022,1,,California,,,,none,https://coturriwinery.com/,https://maps.google.com/?cid=5748147493916332418
eve-s-cidery,Eve's Cidery,,2,0,2016,2017,1,,New York,,,,none,http://www.evescidery.com/,https://maps.google.com/?cid=1539722496531765665
fable-farm-fermentory,Fable Farm Fermentory,,8,0,2018,2023,2,Royalton,Vermont,USA,,,none,http://fablefarmfermentory.com/,https://maps.google.com/?cid=14696832772230359937
far-west-cider,Far West Cider,,6,0,2017,2019,1,,California,,,,none,http://farwestcider.com/,https://maps.google.com/?cid=3187943752465403398
finger-lakes-cider-house,Finger Lakes Cider House,,1,0,2017,2017,1,,New York,,,,none,http://www.fingerlakesciderhouse.com/,https://maps.google.com/?cid=6795224421439178302
fly-creek-cider-mill-orchard,Fly Creek Cider Mill & Orchard,,1,0,2018,2018,1,Fly Creek,New York,USA,,,none,http://www.flycreekcidermill.com/,https://maps.google.com/?cid=8137906485911727875
gabbie-s-premium-cider,Gabbie's Premium Cider,,1,0,2024,2024,1,Gabriola,British Columbia,Canada,49.1490115999999,-123.8076025,glintcap_extract,,
hale-true-cider-co,Hale & True Cider Co.,,1,0,2023,2023,1,Philadelphia,Pennsylvania,USA,,,none,https://haleandtrue.com/,https://maps.google.com/?cid=6149860132161492315
hard-pressed-cider-co,Hard Pressed Cider Co.,,1,0,2020,2020,1,San Jose,California,USA,,,none,,
iturrieta-sagardotegia,Iturrieta Sagardotegia,,1,0,2022,2022,1,,Basque Country,,,,none,https://www.iturrieta.eus/,https://maps.google.com/?cid=10787365248481309248
kc-wineworks,KC Wineworks,,3,0,2019,2019,1,,Missouri,,,,none,https://kcwineworks.com/,https://maps.google.com/?cid=12253214208142636646
merchant-s-daughter-cider,Merchant's Daughter Cider,,1,0,2020,2020,1,Purdy,New York,USA,,,none,https://www.merchantsdaughter.com/,https://maps.google.com/?cid=16771571124999631366
north-american-press,North American Press,,1,0,2022,2022,1,,California,,,,none,https://northamericanpress.wine/,
orchard-hill-cider-mill,Orchard Hill Cider Mill,,1,0,2017,2017,1,,New York,,,,none,https://orchardhillcidermill.com/,https://maps.google.com/?cid=639324896791929360
pedro-el-duque,Pedro El Duque,,1,0,2020,2020,1,,Asturias,,,,none,,
portersfield-cider,Portersfield Cider,,1,0,2019,2019,1,,Maine,,,,none,https://www.portersfieldcider.com/,https://maps.google.com/?cid=15131843143212544489
rootstock-cider-spirits,Rootstock Cider & Spirits,,1,0,2018,2018,1,Williamson,New York,USA,,,none,https://www.rootstockciderworks.com/,https://maps.google.com/?cid=326849638277971533
scar-of-the-sea,Scar of the Sea,,3,0,2017,2017,1,,California,,,,none,http://www.scaroftheseawines.com/,https://maps.google.com/?cid=7351321639088748491
shacksbury-cider,Shacksbury Cider,,4,0,2016,2019,1,,Vermont,,,,none,http://www.shacksbury.com/,https://maps.google.com/?cid=3671325142868281556
soquel-cider,Soquel Cider,,2,0,2019,2019,1,,California,,,,none,https://everettfamilyfarm.com/,https://maps.google.com/?cid=10056858576597960489
south-hill-cider,South Hill Cider,,2,0,2018,2018,1,,New York,,,,none,http://www.southhillcider.com/,https://maps.google.com/?cid=12183207821191518039
steelhead-cider,Steelhead Cider,,1,0,2022,2022,1,Manson,Washington,USA,,,none,https://www.steelheadcider.com/,https://maps.google.com/?cid=16118520065240138994
sundstr-m-cider,Sundström Cider,,1,0,2019,2019,1,,New York,,,,none,https://www.sundstromcider.com/,
talisman-farm-cidery,Talisman Farm Cidery,,1,0,2016,2016,1,Hygiene,Colorado,USA,40.1893942,-105.1781092,glintcap_extract,,
troddenvale-cider,Troddenvale Cider,,3,0,2022,2022,1,,Virginia,,,,none,https://www.troddenvale.com/,https://maps.google.com/?cid=14366923941014908780
winsome-ciderworks,Winsome Ciderworks,,1,0,2019,2019,1,Woodinville,Oregon,USA,,,none,https://www.winsomeciderworks.com/,
