ID,Year,Category,Medalist,Region,Medal,WID,Status,Website,Facebook,Instagram,Google,TripAdvisor,Untappd,Latitude,Longitude
53,2017,Cidre Artisanal ou de Marque Brut,Cidrerie La Ruaudaie,Brittany,🥇 Or,2927,Active,,https://www.facebook.com/Cidrerie.La.Ruaudaie,,https://maps.google.com/?cid=9093489147196571898,,https://untappd.com/w/la-ruaudaie/92611,47.7463098,-2.2642371
61,2017,Cidre Artisanal ou de Marque Brut,Cidre Fournier,Normandy,🥈 Argent,2489,Active,https://www.cidre-fournier.com/,https://www.facebook.com/cidrefournier,https://www.instagram.com/cidrefournier/,https://maps.google.com/?cid=13822741997025402443,,https://untappd.com/w/cidre-fournier/304628,48.4721531,-0.1272051
39,2017,Cidre Artisanal ou de Marque Brut,Cidre Sorre,Brittany,🥈 Argent,1371,Active,https://www.cidre-sorre.fr/,https://www.facebook.com/CidrerieSorre/,https://www.instagram.com/cidreriesorre/,https://maps.google.com/?cid=3277478841126723957,https://www.tripadvisor.com/Attraction_Review-g8506159-d8653800,https://untappd.com/w/cidre-sorre/16758,48.5193051,-1.8481256
48,2017,Cidre Artisanal ou de Marque Brut,Cidres Kerisac,Pays de la Loire,🥈 Argent,1141,Active,https://kerisac.bzh/,https://www.facebook.com/cidrekerisac,https://www.instagram.com/cidreriekerisac/,https://maps.google.com/?cid=14431639837198759734,,https://untappd.com/w/cidres-kerisac/12846,47.519588,-1.9560451
2,2017,Cidre Artisanal ou de Marque Brut,Écusson,Île-de-France,🥈 Argent,3182,Active,https://www.cidre-ecusson.com/,https://www.facebook.com/CidreEcusson/,https://www.instagram.com/cidreecusson/,https://maps.google.com/?cid=12531232480419391978,,https://untappd.com/w/cidres-ecusson/15641,48.8279643,2.2657746
42,2017,Cidre Artisanal ou de Marque Brut,Loïc Raison,Brittany,🥈 Argent,1369,Active,https://www.loicraison.fr/,https://www.facebook.com/CidreLoicRaison/,https://www.instagram.com/loicraison/,https://maps.google.com/?cid=15768587504697904757,,https://untappd.com/w/loic-raison/18640,48.070267,-1.394779
29,2017,Cidre Artisanal ou de Marque Brut,Cidre Séhédic,Brittany,🥉 Bronze,1596,Active,https://www.cidre-sehedic.fr/,https://www.facebook.com/cidresehedic/,https://www.instagram.com/cidresehedic,https://maps.google.com/?cid=9273404757209871069,https://www.tripadvisor.com/Attraction_Review-g672967-d12699265,https://untappd.com/cidresehedic,47.9069754,-3.9868338
25,2017,Cidre Artisanal ou de Marque Brut,Distillerie des Menhirs,Brittany,🥉 Bronze,1182,Active,https://www.distillerie.bzh/,https://www.facebook.com/distillerie.bzh,https://www.instagram.com/distilleriedesmenhirs/,https://maps.google.com/?cid=13168987804989415582,https://www.tripadvisor.com/Attraction_Review-g2544571-d7920317,https://untappd.com/w/distillerie-des-menhirs/91619,47.938277,-4.151821
43,2017,Cidre Artisanal ou de Marque Brut,Loïc Raison,Brittany,🥉 Bronze,1369,Active,https://www.loicraison.fr/,https://www.facebook.com/CidreLoicRaison/,https://www.instagram.com/loicraison/,https://maps.google.com/?cid=15768587504697904757,,https://untappd.com/w/loic-raison/18640,48.070267,-1.394779
31,2017,Cidre Artisanal ou de Marque Demi-Sec,Cidrerie Kerné,Brittany,🥇 Or,1481,Active,https://www.cidre-kerne.bzh/,https://www.facebook.com/cidrekerne/,https://www.instagram.com/cidrekerne/,https://maps.google.com/?cid=10998184529652347583,https://www.tripadvisor.com/Attraction_Review-g1200904-d9829595,https://untappd.com/w/cidrerie-kerne/49751,47.9574014,-4.3744346
60,2017,Cidre Artisanal ou de Marque Demi-Sec,Cidre Fournier,Normandy,🥈 Argent,2489,Active,https://www.cidre-fournier.com/,https://www.facebook.com/cidrefournier,https://www.instagram.com/cidrefournier/,https://maps.google.com/?cid=13822741997025402443,,https://untappd.com/w/cidre-fournier/304628,48.4721531,-0.1272051
33,2017,Cidre Artisanal ou de Marque Demi-Sec,Cidre Le Brun,Brittany,🥈 Argent,1586,Active,https://cidrelebrun.com/,,https://www.instagram.com/cidrelebrun,https://maps.google.com/?cid=5387381455239409930,,https://untappd.com/brewery/31897,47.925263,-4.344798
57,2017,Cidre Artisanal ou de Marque Doux,Brasseries & Cidreries de Milly,Hauts-de-France,🥇 Or,1368,Active,https://bcmilly.com/,https://www.facebook.com/BrasseriesDeMilly/,,https://maps.google.com/?cid=5318378777475279780,,https://untappd.com/w/brasseries-cidreries-de-milly/13703,49.5029907,1.9895912
36,2017,Cidre Artisanal ou de Marque Doux,Cidrerie Château Lézergué,Brittany,🥇 Or,1487,Active,https://www.chateau-lezergue.com/,https://www.facebook.com/profile.php?id=100066917829363,https://www.instagram.com/cidrerie_chateaudelezergue/,https://maps.google.com/?cid=8273125568764221419,,https://untappd.com/w/cidrerie-du-chateau-de-lezergue/127246,48.0028849,-4.0125256
15,2017,Cidre Artisanal ou de Marque Doux,Les Celliers Associés,Brittany,🥇 Or,1999,Active,https://www.valderance.com/,https://www.facebook.com/ValdeRance/,,https://maps.google.com/?cid=7883069809343472545,,https://untappd.com/LesCelliersAssocis,48.5085682,-1.9533612
41,2017,Cidre Artisanal ou de Marque Doux,Loïc Raison,Brittany,🥇 Or,1369,Active,https://www.loicraison.fr/,https://www.facebook.com/CidreLoicRaison/,https://www.instagram.com/loicraison/,https://maps.google.com/?cid=15768587504697904757,,https://untappd.com/w/loic-raison/18640,48.070267,-1.394779
34,2017,Cidre Artisanal ou de Marque Doux,Cidre Le Brun,Brittany,🥈 Argent,1586,Active,https://cidrelebrun.com/,,https://www.instagram.com/cidrelebrun,https://maps.google.com/?cid=5387381455239409930,,https://untappd.com/brewery/31897,47.925263,-4.344798
37,2017,Cidre Artisanal ou de Marque Doux,Cidrerie Château Lézergué,Brittany,🥈 Argent,1487,Active,https://www.chateau-lezergue.com/,https://www.facebook.com/profile.php?id=100066917829363,https://www.instagram.com/cidrerie_chateaudelezergue/,https://maps.google.com/?cid=8273125568764221419,,https://untappd.com/w/cidrerie-du-chateau-de-lezergue/127246,48.0028849,-4.0125256
54,2017,Cidre Artisanal ou de Marque Doux,Cidrerie La Ruaudaie,Brittany,🥈 Argent,2927,Active,,https://www.facebook.com/Cidrerie.La.Ruaudaie,,https://maps.google.com/?cid=9093489147196571898,,https://untappd.com/w/la-ruaudaie/92611,47.7463098,-2.2642371
40,2017,Cidre Artisanal ou de Marque Doux,Cidre Sorre,Brittany,🥉 Bronze,1371,Active,https://www.cidre-sorre.fr/,https://www.facebook.com/CidrerieSorre/,https://www.instagram.com/cidreriesorre/,https://maps.google.com/?cid=3277478841126723957,https://www.tripadvisor.com/Attraction_Review-g8506159-d8653800,https://untappd.com/w/cidre-sorre/16758,48.5193051,-1.8481256
35,2017,Cidre Cornouaille AOP,Cidre Le Brun,Brittany,🥈 Argent,1586,Active,https://cidrelebrun.com/,,https://www.instagram.com/cidrelebrun,https://maps.google.com/?cid=5387381455239409930,,https://untappd.com/brewery/31897,47.925263,-4.344798
28,2017,Cidre Cornouaille AOP,Cidrerie de Menez-Brug,Brittany,🥉 Bronze,1931,Active,https://www.cidrerie-de-menez-brug.com/,https://www.facebook.com/cidreriemenezbrug.fr/,,https://maps.google.com/?cid=10640223041696316686,https://www.tripadvisor.com/Attraction_Review-g666452-d15052081,https://untappd.com/w/cidrerie-de-menez-brug/150603,47.8654274,-3.9978625
5,2017,Cidre de Bretagne IGP Brut,Cidrerie de Boäl,Brittany,🥈 Argent,3482,Active,https://cidreriedeboal.com/,,,https://maps.google.com/?cid=11931011628979336491,,https://untappd.com/w/le-cellier-de-bo-l/215761,48.2920291,-2.1782711
55,2017,Cidre de Bretagne IGP Brut,Cidrerie La Ruaudaie,Brittany,🥈 Argent,2927,Active,,https://www.facebook.com/Cidrerie.La.Ruaudaie,,https://maps.google.com/?cid=9093489147196571898,,https://untappd.com/w/la-ruaudaie/92611,47.7463098,-2.2642371
7,2017,Cidre de Bretagne IGP Brut,Maison Kerloïck,Brittany,🥉 Bronze,1598,Active,https://www.kerloick.bzh/,https://www.facebook.com/people/Maison-Kerlo%C3%AFck/100063648757927/,https://www.instagram.com/maison_kerloick/,https://maps.google.com/?cid=8360416368856844083,,https://untappd.com/w/cidrerie-kerloick/400998,48.4395016,-2.4599481
6,2017,Cidre de Bretagne IGP Demi-Sec,Cidrerie de Boäl,Brittany,🥈 Argent,3482,Active,https://cidreriedeboal.com/,,,https://maps.google.com/?cid=11931011628979336491,,https://untappd.com/w/le-cellier-de-bo-l/215761,48.2920291,-2.1782711
52,2017,Cidre de Bretagne IGP Demi-Sec,Cidres Nicol,Brittany,🥉 Bronze,1612,Active,https://www.cidres-nicol.bzh/,https://www.facebook.com/CidresNicol,https://www.instagram.com/la_cidrerie_nicol/,https://maps.google.com/?cid=3722769551030161998,,https://untappd.com/CidrerieNICOL,47.5587853,-2.6110586
38,2017,Cidre de Bretagne IGP Doux,Cidre Sorre,Brittany,🥇 Or,1371,Active,https://www.cidre-sorre.fr/,https://www.facebook.com/CidrerieSorre/,https://www.instagram.com/cidreriesorre/,https://maps.google.com/?cid=3277478841126723957,https://www.tripadvisor.com/Attraction_Review-g8506159-d8653800,https://untappd.com/w/cidre-sorre/16758,48.5193051,-1.8481256
30,2017,Cidre de Bretagne IGP Doux,Cidrerie Kerné,Brittany,🥇 Or,1481,Active,https://www.cidre-kerne.bzh/,https://www.facebook.com/cidrekerne/,https://www.instagram.com/cidrekerne/,https://maps.google.com/?cid=10998184529652347583,https://www.tripadvisor.com/Attraction_Review-g1200904-d9829595,https://untappd.com/w/cidrerie-kerne/49751,47.9574014,-4.3744346
27,2017,Cidre de Bretagne IGP Doux,Cidrerie Château Lézergué,Brittany,🥉 Bronze,1487,Active,https://www.chateau-lezergue.com/,https://www.facebook.com/profile.php?id=100066917829363,https://www.instagram.com/cidrerie_chateaudelezergue/,https://maps.google.com/?cid=8273125568764221419,,https://untappd.com/w/cidrerie-du-chateau-de-lezergue/127246,48.0028849,-4.0125256
3,2017,Cidre de Normandie IGP Brut,Domaine des 5 D,Normandy,🥇 Or,2178,Active,http://cidreriedaufresne.com/,https://www.facebook.com/profile.php?id=100069411953752,,https://maps.google.com/?cid=8401719320995507859,,https://untappd.com/CidrerieDaufresne,49.1786404,0.2045199
12,2017,Cidre de Normandie IGP Brut,Les Celliers Associés,Brittany,🥇 Or,1999,Active,https://www.valderance.com/,https://www.facebook.com/ValdeRance/,,https://maps.google.com/?cid=7883069809343472545,,https://untappd.com/LesCelliersAssocis,48.5085682,-1.9533612
16,2017,Cidre de Normandie IGP Brut,Les Celliers Associés,Brittany,🥈 Argent,1999,Active,https://www.valderance.com/,https://www.facebook.com/ValdeRance/,,https://maps.google.com/?cid=7883069809343472545,,https://untappd.com/LesCelliersAssocis,48.5085682,-1.9533612
63,2017,Cidre de Normandie IGP Demi-Sec,Domaine Duclos Fougeray,Normandy,🥈 Argent,1178,Active,https://www.duclosfougeray.com/,https://www.facebook.com/domaine.duclosfougeray,https://www.instagram.com/domaine_duclos_fougeray/,https://maps.google.com/?cid=12398185041013701779,,https://untappd.com/brewery/103532,49.6100938,1.664631
23,2017,Cidre de Normandie IGP Demi-Sec,Domaine Sicera,Normandy,🥈 Argent,3491,Active,https://www.sicera.fr/,https://www.facebook.com/cidresicera,https://www.instagram.com/domaine_sicera/,https://maps.google.com/?cid=5127145163687533245,,https://untappd.com/w/sicera/345757,49.3748041,0.6967289
20,2017,Cidre de Normandie IGP Doux,Domaine des Hauts-Vents,Normandy,🥈 Argent,2889,Active,http://hautsvents.com/,https://www.facebook.com/CidreriedomaineDesHautsVents,https://www.instagram.com/domainedeshautsvents/,https://maps.google.com/?cid=3890633221204655265,https://www.tripadvisor.com/Attraction_Review-g661275-d6654230,https://untappd.com/w/domaine-des-hauts-vents/70064,49.3011577,0.9456953
66,2017,Cidre de Normandie IGP Doux,Le Clos des Citots,Normandy,🥉 Bronze,3102,Active,https://www.leclosdescitots.fr/,https://www.facebook.com/profile.php?id=100066990398769,,https://maps.google.com/?cid=3330784351320305206,,https://untappd.com/w/le-clos-des-citots-gerard-lenormand/87074,49.4573681,0.8128167
46,2017,Cidre Fermier Brut,Cidrerie Huby,Brittany,🥇 Or,2925,Active,http://www.cidreriehuby.fr/,https://www.facebook.com/cidreriehuby35/,https://www.instagram.com/cidrerie_huby/,https://maps.google.com/?cid=14757172260846963924,,https://untappd.com/w/cidrerie-huby/351358,48.1003741,-2.1023872
18,2017,Cidre Fermier Brut,Ferme des Noës,Normandy,🥇 Or,2887,Active,https://www.fermedesnoes.com/,,https://www.instagram.com/fermedesnoes/,https://maps.google.com/?cid=16067236232754040277,,https://untappd.com/w/ferme-des-no-s/72679,49.1301268,1.3281105
56,2017,Cidre Fermier Brut,La Maison du Cidre,Brittany,🥇 Or,2894,Active,https://www.museeducidre.com/,https://www.facebook.com/profile.php?id=100054446516930,https://www.instagram.com/lamaisonducidre/,https://maps.google.com/?cid=8243314023255302765,https://www.tripadvisor.com/Attraction_Review-g7221524-d7220846,https://untappd.com/w/la-maison-du-cidre/360621,47.5826763,-2.6930847
8,2017,Cidre Fermier Brut,Maison Kerloïck,Brittany,🥇 Or,1598,Active,https://www.kerloick.bzh/,https://www.facebook.com/people/Maison-Kerlo%C3%AFck/100063648757927/,https://www.instagram.com/maison_kerloick/,https://maps.google.com/?cid=8360416368856844083,,https://untappd.com/w/cidrerie-kerloick/400998,48.4395016,-2.4599481
9,2017,Cidre Fermier Brut,Cidrerie Benoit,Brittany,🥈 Argent,2884,Active,https://www.cidreriebenoit.fr/,https://www.facebook.com/CidrerieBenoit/,,https://maps.google.com/?cid=2837012515774011484,,https://untappd.com/w/cidrerie-benoit/548797,48.5308501,-2.5301834
10,2017,Cidre Fermier Brut,Cidrerie Benoit,Brittany,🥈 Argent,2884,Active,https://www.cidreriebenoit.fr/,https://www.facebook.com/CidrerieBenoit/,,https://maps.google.com/?cid=2837012515774011484,,https://untappd.com/w/cidrerie-benoit/548797,48.5308501,-2.5301834
50,2017,Cidre Fermier Brut,Ferme du Theil,Pays de la Loire,🥈 Argent,2879,Active,https://www.fermedutheil.com/,https://www.facebook.com/fermedutheil,https://www.instagram.com/fermedutheil/,https://maps.google.com/?cid=11988918544771126641,,https://untappd.com/w/gaec-rouland-ferme-du-theli/138309,48.159845,-0.826714
24,2017,Cidre Fermier Brut,Francis Vallée,Centre-Val de Loire,🥈 Argent,3485,Active,,,,,,https://untappd.com/w/francis-vallee/339822,48.32080935,0.7707416602
22,2017,Cidre Fermier Brut,La Charterie,Normandy,🥈 Argent,2890,Active,,https://www.facebook.com/p/Cidre-la-Charterie-100063765540203/,,https://maps.google.com/?cid=15951067020462590657,,https://untappd.com/w/pascal-beaumesnil/142429,49.1691675,0.4960907
4,2017,Cidre Fermier Brut,Musée du Cidre,Brittany,🥈 Argent,3479,Active,https://www.museeducidre.fr/,https://www.facebook.com/profile.php?id=100080860116653,,https://maps.google.com/?cid=15427737681446787065,,https://untappd.com/w/musee-du-cidre/352344,48.5139007,-1.9255033
32,2017,Cidre Fermier Demi-Sec ,Cidre Le Brun,Brittany,🥈 Argent,1586,Active,https://cidrelebrun.com/,,https://www.instagram.com/cidrelebrun,https://maps.google.com/?cid=5387381455239409930,,https://untappd.com/brewery/31897,47.925263,-4.344798
26,2017,Cidre Fermier Demi-Sec ,Cidrerie Château Lézergué,Brittany,🥈 Argent,1487,Active,https://www.chateau-lezergue.com/,https://www.facebook.com/profile.php?id=100066917829363,https://www.instagram.com/cidrerie_chateaudelezergue/,https://maps.google.com/?cid=8273125568764221419,,https://untappd.com/w/cidrerie-du-chateau-de-lezergue/127246,48.0028849,-4.0125256
47,2017,Cidre Fermier Demi-Sec ,Cidrerie Huby,Brittany,🥈 Argent,2925,Active,http://www.cidreriehuby.fr/,https://www.facebook.com/cidreriehuby35/,https://www.instagram.com/cidrerie_huby/,https://maps.google.com/?cid=14757172260846963924,,https://untappd.com/w/cidrerie-huby/351358,48.1003741,-2.1023872
17,2017,Cidre Fermier Demi-Sec ,Ferme des Noës,Normandy,🥈 Argent,2887,Active,https://www.fermedesnoes.com/,,https://www.instagram.com/fermedesnoes/,https://maps.google.com/?cid=16067236232754040277,,https://untappd.com/w/ferme-des-no-s/72679,49.1301268,1.3281105
67,2017,Cidre Fermier Demi-Sec ,Les Vergers du Quesnay,Normandy,🥈 Argent,3370,Active,https://www.lesvergersduquesnay.fr/,https://www.facebook.com/profile.php?id=100058435991351,https://www.instagram.com/les_vergers_du_quesnay/,https://maps.google.com/?cid=15904214834922492181,,https://untappd.com/w/les-vergers-du-quesnay/228234,49.5329228,1.0095949
21,2017,Cidre Fermier Demi-Sec ,Domaine des Hauts-Vents,Normandy,🥉 Bronze,2889,Active,http://hautsvents.com/,https://www.facebook.com/CidreriedomaineDesHautsVents,https://www.instagram.com/domainedeshautsvents/,https://maps.google.com/?cid=3890633221204655265,https://www.tripadvisor.com/Attraction_Review-g661275-d6654230,https://untappd.com/w/domaine-des-hauts-vents/70064,49.3011577,0.9456953
65,2017,Cidre Fermier Demi-Sec ,Le Clos des Citots,Normandy,🥉 Bronze,3102,Active,https://www.leclosdescitots.fr/,https://www.facebook.com/profile.php?id=100066990398769,,https://maps.google.com/?cid=3330784351320305206,,https://untappd.com/w/le-clos-des-citots-gerard-lenormand/87074,49.4573681,0.8128167
49,2017,Cidre Fermier Doux ,Ferme Saint Charles,Pays de la Loire,🥇 Or,2883,Active,https://www.fermesaintcharles.fr/,https://www.facebook.com/profile.php?id=100069349890721,https://www.instagram.com/ferme_saint_charles/,https://maps.google.com/?cid=3373440369955425792,,https://untappd.com/w/ferme-saint-charles/416358,47.5159166,-1.8820177
11,2017,Cidre Fermier Doux ,Cidrerie Benoit,Brittany,🥈 Argent,2884,Active,https://www.cidreriebenoit.fr/,https://www.facebook.com/CidrerieBenoit/,,https://maps.google.com/?cid=2837012515774011484,,https://untappd.com/w/cidrerie-benoit/548797,48.5308501,-2.5301834
19,2017,Cidre Fermier Doux ,Domaine des Hauts-Vents,Normandy,🥈 Argent,2889,Active,http://hautsvents.com/,https://www.facebook.com/CidreriedomaineDesHautsVents,https://www.instagram.com/domainedeshautsvents/,https://maps.google.com/?cid=3890633221204655265,https://www.tripadvisor.com/Attraction_Review-g661275-d6654230,https://untappd.com/w/domaine-des-hauts-vents/70064,49.3011577,0.9456953
44,2017,Cidre Fermier Doux ,La Belle Vilaine,Brittany,🥈 Argent,2930,Active,,,,https://maps.google.com/?cid=5696528707638308410,,https://untappd.com/w/la-belle-vilaine/353880,48.1707864,-1.8277124
45,2017,Cidre Fermier Doux ,Cidre de Brocéliande,Brittany,🥉 Bronze,2893,Active,https://cidre-breton.com/,https://www.facebook.com/profile.php?id=100064718610464,https://www.instagram.com/cidreriedebroceliande/,https://maps.google.com/?cid=531489837427288496,https://www.tripadvisor.com/Attraction_Review-g12449841-d16844210,https://untappd.com/w/cidre-du-pays-de-broceliande/158895,48.101293,-2.2516327
51,2017,Cidre Fermier Doux ,Ferme du Theil,Pays de la Loire,🥉 Bronze,2879,Active,https://www.fermedutheil.com/,https://www.facebook.com/fermedutheil,https://www.instagram.com/fermedutheil/,https://maps.google.com/?cid=11988918544771126641,,https://untappd.com/w/gaec-rouland-ferme-du-theli/138309,48.159845,-0.826714
58,2017,Cidre Pays d'Auge AOP,Domaine de la Galotière,Normandy,🥈 Argent,1183,Active,https://www.lagalotiere.fr/,https://www.facebook.com/lagalotiere,,https://maps.google.com/?cid=3334578271943351430,https://www.tripadvisor.com/Attraction_Review-g608796-d12550194,https://untappd.com/w/domaine-de-la-galotiere/38855,48.923403,0.138481
59,2017,Cidre Pays d'Auge AOP,Les Vergers du Chouquet,Normandy,🥈 Argent,2901,Active,,,,https://maps.google.com/?cid=4633427283115041645,,https://untappd.com/w/les-vergers-du-chouquet/50301,48.884448,0.2503795
64,2017,Poiré Brut,Domaine Duclos Fougeray,Normandy,🥈 Argent,1178,Active,https://www.duclosfougeray.com/,https://www.facebook.com/domaine.duclosfougeray,https://www.instagram.com/domaine_duclos_fougeray/,https://maps.google.com/?cid=12398185041013701779,,https://untappd.com/brewery/103532,49.6100938,1.664631
13,2017,Poiré Doux,Les Celliers Associés,Brittany,🥇 Or,1999,Active,https://www.valderance.com/,https://www.facebook.com/ValdeRance/,,https://maps.google.com/?cid=7883069809343472545,,https://untappd.com/LesCelliersAssocis,48.5085682,-1.9533612
14,2017,Poiré Doux,Les Celliers Associés,Brittany,🥇 Or,1999,Active,https://www.valderance.com/,https://www.facebook.com/ValdeRance/,,https://maps.google.com/?cid=7883069809343472545,,https://untappd.com/LesCelliersAssocis,48.5085682,-1.9533612
62,2017,Poiré Doux,Cidre Fournier,Normandy,🥈 Argent,2489,Active,https://www.cidre-fournier.com/,https://www.facebook.com/cidrefournier,https://www.instagram.com/cidrefournier/,https://maps.google.com/?cid=13822741997025402443,,https://untappd.com/w/cidre-fournier/304628,48.4721531,-0.1272051
90,2018,Cidre Artisanal ou de Marque Brut,Cidre Séhédic,Brittany,🥇 Or,1596,Active,https://www.cidre-sehedic.fr/,https://www.facebook.com/cidresehedic/,https://www.instagram.com/cidresehedic,https://maps.google.com/?cid=9273404757209871069,https://www.tripadvisor.com/Attraction_Review-g672967-d12699265,https://untappd.com/cidresehedic,47.9069754,-3.9868338
111,2018,Cidre Artisanal ou de Marque Brut,Cidres Nicol,Brittany,🥈 Argent,1612,Active,https://www.cidres-nicol.bzh/,https://www.facebook.com/CidresNicol,https://www.instagram.com/la_cidrerie_nicol/,https://maps.google.com/?cid=3722769551030161998,,https://untappd.com/CidrerieNICOL,47.5587853,-2.6110586
99,2018,Cidre Artisanal ou de Marque Brut,Cidrerie Château Lézergué,Brittany,🥉 Bronze,1487,Active,https://www.chateau-lezergue.com/,https://www.facebook.com/profile.php?id=100066917829363,https://www.instagram.com/cidrerie_chateaudelezergue/,https://maps.google.com/?cid=8273125568764221419,,https://untappd.com/w/cidrerie-du-chateau-de-lezergue/127246,48.0028849,-4.0125256
112,2018,Cidre Artisanal ou de Marque Brut,Cidrerie Des Terroirs,Brittany,🥉 Bronze,2896,Active,,,,https://maps.google.com/?cid=1276600632339613858,,https://untappd.com/w/cidrerie-des-terroirs/72347,47.827291,-2.791703
68,2018,Cidre Artisanal ou de Marque Brut,Écusson,Île-de-France,🥉 Bronze,3182,Active,https://www.cidre-ecusson.com/,https://www.facebook.com/CidreEcusson/,https://www.instagram.com/cidreecusson/,https://maps.google.com/?cid=12531232480419391978,,https://untappd.com/w/cidres-ecusson/15641,48.8279643,2.2657746
98,2018,Cidre Artisanal ou de Marque Demi-Sec,Cidre Le Brun,Brittany,🥇 Or,1586,Active,https://cidrelebrun.com/,,https://www.instagram.com/cidrelebrun,https://maps.google.com/?cid=5387381455239409930,,https://untappd.com/brewery/31897,47.925263,-4.344798
116,2018,Cidre Artisanal ou de Marque Demi-Sec,Cidre Fournier,Normandy,🥈 Argent,2489,Active,https://www.cidre-fournier.com/,https://www.facebook.com/cidrefournier,https://www.instagram.com/cidrefournier/,https://maps.google.com/?cid=13822741997025402443,,https://untappd.com/w/cidre-fournier/304628,48.4721531,-0.1272051
100,2018,Cidre Artisanal ou de Marque Doux,Cidrerie Château Lézergué,Brittany,🥇 Or,1487,Active,https://www.chateau-lezergue.com/,https://www.facebook.com/profile.php?id=100066917829363,https://www.instagram.com/cidrerie_chateaudelezergue/,https://maps.google.com/?cid=8273125568764221419,,https://untappd.com/w/cidrerie-du-chateau-de-lezergue/127246,48.0028849,-4.0125256
82,2018,Cidre Artisanal ou de Marque Doux,Les Celliers Associés,Brittany,🥇 Or,1999,Active,https://www.valderance.com/,https://www.facebook.com/ValdeRance/,,https://maps.google.com/?cid=7883069809343472545,,https://untappd.com/LesCelliersAssocis,48.5085682,-1.9533612
117,2018,Cidre Artisanal ou de Marque Doux,Cidre Fournier,Normandy,🥈 Argent,2489,Active,https://www.cidre-fournier.com/,https://www.facebook.com/cidrefournier,https://www.instagram.com/cidrefournier/,https://maps.google.com/?cid=13822741997025402443,,https://untappd.com/w/cidre-fournier/304628,48.4721531,-0.1272051
91,2018,Cidre Artisanal ou de Marque Doux,Cidre Séhédic,Brittany,🥈 Argent,1596,Active,https://www.cidre-sehedic.fr/,https://www.facebook.com/cidresehedic/,https://www.instagram.com/cidresehedic,https://maps.google.com/?cid=9273404757209871069,https://www.tripadvisor.com/Attraction_Review-g672967-d12699265,https://untappd.com/cidresehedic,47.9069754,-3.9868338
101,2018,Cidre Artisanal ou de Marque Doux,Cidrerie Château Lézergué,Brittany,🥈 Argent,1487,Active,https://www.chateau-lezergue.com/,https://www.facebook.com/profile.php?id=100066917829363,https://www.instagram.com/cidrerie_chateaudelezergue/,https://maps.google.com/?cid=8273125568764221419,,https://untappd.com/w/cidrerie-du-chateau-de-lezergue/127246,48.0028849,-4.0125256
80,2018,Cidre Artisanal ou de Marque Doux,Les Celliers Associés,Brittany,🥈 Argent,1999,Active,https://www.valderance.com/,https://www.facebook.com/ValdeRance/,,https://maps.google.com/?cid=7883069809343472545,,https://untappd.com/LesCelliersAssocis,48.5085682,-1.9533612
92,2018,Cidre Cornouaille AOP,Les Vergers de Kermao,Brittany,🥇 Or,1587,Active,https://www.cidre-bretagne.com/,,https://www.instagram.com/kermao.cidre/,https://maps.google.com/?cid=11761800243914556755,https://www.tripadvisor.com/Attraction_Review-g2184442-d8603735,https://untappd.com/w/les-vergers-de-kermao/240565,47.921861,-4.08808
89,2018,Cidre de Bretagne IGP Brut,Cidrerie Château Lézergué,Brittany,🥈 Argent,1487,Active,https://www.chateau-lezergue.com/,https://www.facebook.com/profile.php?id=100066917829363,https://www.instagram.com/cidrerie_chateaudelezergue/,https://maps.google.com/?cid=8273125568764221419,,https://untappd.com/w/cidrerie-du-chateau-de-lezergue/127246,48.0028849,-4.0125256
102,2018,Cidre de Bretagne IGP Brut,Cidrerie Château Lézergué,Brittany,🥈 Argent,1487,Active,https://www.chateau-lezergue.com/,https://www.facebook.com/profile.php?id=100066917829363,https://www.instagram.com/cidrerie_chateaudelezergue/,https://maps.google.com/?cid=8273125568764221419,,https://untappd.com/w/cidrerie-du-chateau-de-lezergue/127246,48.0028849,-4.0125256
76,2018,Cidre de Bretagne IGP Brut,Cidrerie de Boäl,Brittany,🥈 Argent,3482,Active,https://cidreriedeboal.com/,,,https://maps.google.com/?cid=11931011628979336491,,https://untappd.com/w/le-cellier-de-bo-l/215761,48.2920291,-2.1782711
107,2018,Cidre de Bretagne IGP Brut,Cidres Kerisac,Pays de la Loire,🥈 Argent,1141,Active,https://kerisac.bzh/,https://www.facebook.com/cidrekerisac,https://www.instagram.com/cidreriekerisac/,https://maps.google.com/?cid=14431639837198759734,,https://untappd.com/w/cidres-kerisac/12846,47.519588,-1.9560451
96,2018,Cidre de Bretagne IGP Brut,Cidre Le Brun,Brittany,🥉 Bronze,1586,Active,https://cidrelebrun.com/,,https://www.instagram.com/cidrelebrun,https://maps.google.com/?cid=5387381455239409930,,https://untappd.com/brewery/31897,47.925263,-4.344798
103,2018,Cidre de Bretagne IGP Demi-Sec,Cidrerie Château Lézergué,Brittany,🥇 Or,1487,Active,https://www.chateau-lezergue.com/,https://www.facebook.com/profile.php?id=100066917829363,https://www.instagram.com/cidrerie_chateaudelezergue/,https://maps.google.com/?cid=8273125568764221419,,https://untappd.com/w/cidrerie-du-chateau-de-lezergue/127246,48.0028849,-4.0125256
93,2018,Cidre de Bretagne IGP Demi-Sec,Cidrerie Kerné,Brittany,🥇 Or,1481,Active,https://www.cidre-kerne.bzh/,https://www.facebook.com/cidrekerne/,https://www.instagram.com/cidrekerne/,https://maps.google.com/?cid=10998184529652347583,https://www.tripadvisor.com/Attraction_Review-g1200904-d9829595,https://untappd.com/w/cidrerie-kerne/49751,47.9574014,-4.3744346
104,2018,Cidre de Bretagne IGP Demi-Sec,Cidrerie Huby,Brittany,🥈 Argent,2925,Active,http://www.cidreriehuby.fr/,https://www.facebook.com/cidreriehuby35/,https://www.instagram.com/cidrerie_huby/,https://maps.google.com/?cid=14757172260846963924,,https://untappd.com/w/cidrerie-huby/351358,48.1003741,-2.1023872
94,2018,Cidre de Bretagne IGP Doux,Cidrerie Kerné,Brittany,🥇 Or,1481,Active,https://www.cidre-kerne.bzh/,https://www.facebook.com/cidrekerne/,https://www.instagram.com/cidrekerne/,https://maps.google.com/?cid=10998184529652347583,https://www.tripadvisor.com/Attraction_Review-g1200904-d9829595,https://untappd.com/w/cidrerie-kerne/49751,47.9574014,-4.3744346
81,2018,Cidre de Bretagne IGP Doux,Les Celliers Associés,Brittany,🥈 Argent,1999,Active,https://www.valderance.com/,https://www.facebook.com/ValdeRance/,,https://maps.google.com/?cid=7883069809343472545,,https://untappd.com/LesCelliersAssocis,48.5085682,-1.9533612
106,2018,Cidre de Bretagne IGP Doux,Cidres Kerisac,Pays de la Loire,🥉 Bronze,1141,Active,https://kerisac.bzh/,https://www.facebook.com/cidrekerisac,https://www.instagram.com/cidreriekerisac/,https://maps.google.com/?cid=14431639837198759734,,https://untappd.com/w/cidres-kerisac/12846,47.519588,-1.9560451
86,2018,Cidre de Normandie IGP Brut,Domaine des Hauts-Vents,Normandy,🥇 Or,2889,Active,http://hautsvents.com/,https://www.facebook.com/CidreriedomaineDesHautsVents,https://www.instagram.com/domainedeshautsvents/,https://maps.google.com/?cid=3890633221204655265,https://www.tripadvisor.com/Attraction_Review-g661275-d6654230,https://untappd.com/w/domaine-des-hauts-vents/70064,49.3011577,0.9456953
79,2018,Cidre de Normandie IGP Brut,Les Celliers Associés,Brittany,🥇 Or,1999,Active,https://www.valderance.com/,https://www.facebook.com/ValdeRance/,,https://maps.google.com/?cid=7883069809343472545,,https://untappd.com/LesCelliersAssocis,48.5085682,-1.9533612
123,2018,Cidre de Normandie IGP Brut,Le Clos des Citots,Normandy,🥈 Argent,3102,Active,https://www.leclosdescitots.fr/,https://www.facebook.com/profile.php?id=100066990398769,,https://maps.google.com/?cid=3330784351320305206,,https://untappd.com/w/le-clos-des-citots-gerard-lenormand/87074,49.4573681,0.8128167
85,2018,Cidre de Normandie IGP Demi-Sec,Le Pressoir d'Or,Normandy,🥉 Bronze,2689,Active,http://www.pressoirdor.com/,,https://www.instagram.com/lepressoirdor/,https://maps.google.com/?cid=11174929092699381803,,https://untappd.com/w/le-pressoir-d-or/210218,49.2934642,1.4849943
87,2018,Cidre de Normandie IGP Doux,Domaine des Hauts-Vents,Normandy,🥇 Or,2889,Active,http://hautsvents.com/,https://www.facebook.com/CidreriedomaineDesHautsVents,https://www.instagram.com/domainedeshautsvents/,https://maps.google.com/?cid=3890633221204655265,https://www.tripadvisor.com/Attraction_Review-g661275-d6654230,https://untappd.com/w/domaine-des-hauts-vents/70064,49.3011577,0.9456953
78,2018,Cidre de Normandie IGP Doux,Les Celliers Associés,Brittany,🥇 Or,1999,Active,https://www.valderance.com/,https://www.facebook.com/ValdeRance/,,https://maps.google.com/?cid=7883069809343472545,,https://untappd.com/LesCelliersAssocis,48.5085682,-1.9533612
73,2018,Cidre de Normandie IGP Doux,Cidrerie Michel Bréavoine,Normandy,🥈 Argent,1507,Active,https://www.breavoine.fr/,https://www.facebook.com/cidrebreavoine/,https://www.instagram.com/cidrebreavoine/,https://maps.google.com/?cid=13497264920337240271,,https://untappd.com/w/cidrerie-michel-breavoine/123090,49.300695,0.186955
120,2018,Cidre Fermier Brut,Calvados Hugues Desfrièches,Normandy,🥇 Or,3481,Active,https://www.calvados-huguesdesfrieches.org/,,https://www.instagram.com/calvadoshuguesdesfrieches/,https://maps.google.com/?cid=4874502887438845939,,https://untappd.com/w/hugues-desfrieches/275262,48.5964843,-0.1379257
113,2018,Cidre Fermier Brut,La Maison du Cidre,Brittany,🥇 Or,2894,Active,https://www.museeducidre.com/,https://www.facebook.com/profile.php?id=100054446516930,https://www.instagram.com/lamaisonducidre/,https://maps.google.com/?cid=8243314023255302765,https://www.tripadvisor.com/Attraction_Review-g7221524-d7220846,https://untappd.com/w/la-maison-du-cidre/360621,47.5826763,-2.6930847
124,2018,Cidre Fermier Brut,Ecomusée de la Pomme et du Cidre,Normandy,🥈 Argent,1577,Active,https://www.ecomuseeducidre.fr/,,,https://maps.google.com/?cid=5707167707581907830,https://www.tripadvisor.com/Attraction_Review-g1572450-d3428587,https://untappd.com/w/vincent-et-marieclaire-godefroy/207560,49.6562671,0.378119
83,2018,Cidre Fermier Brut,Ferme des Noës,Normandy,🥈 Argent,2887,Active,https://www.fermedesnoes.com/,,https://www.instagram.com/fermedesnoes/,https://maps.google.com/?cid=16067236232754040277,,https://untappd.com/w/ferme-des-no-s/72679,49.1301268,1.3281105
108,2018,Cidre Fermier Brut,Ferme Saint Charles,Pays de la Loire,🥈 Argent,2883,Active,https://www.fermesaintcharles.fr/,https://www.facebook.com/profile.php?id=100069349890721,https://www.instagram.com/ferme_saint_charles/,https://maps.google.com/?cid=3373440369955425792,,https://untappd.com/w/ferme-saint-charles/416358,47.5159166,-1.8820177
105,2018,Cidre Fermier Brut,Saveurs et Couleurs,Brittany,🥈 Argent,3493,Active,,,,https://maps.google.com/?cid=15349438754951740121,,,47.9555364,-1.9277251
110,2018,Cidre Fermier Brut,Ferme du Theil,Pays de la Loire,🥉 Bronze,2879,Active,https://www.fermedutheil.com/,https://www.facebook.com/fermedutheil,https://www.instagram.com/fermedutheil/,https://maps.google.com/?cid=11988918544771126641,,https://untappd.com/w/gaec-rouland-ferme-du-theli/138309,48.159845,-0.826714
88,2018,Cidre Fermier Brut,Francis Vallée,Centre-Val de Loire,🥉 Bronze,3485,Active,,,,,,https://untappd.com/w/francis-vallee/339822,48.32080935,0.7707416602
69,2018,Cidre Fermier Brut,La Ferme de Billy,Normandy,🥉 Bronze,1653,Active,https://www.ferme-de-billy.com/,https://www.facebook.com/lafermedebilly/,https://www.instagram.com/lafermedebilly/,https://maps.google.com/?cid=11023078698699122653,https://www.tripadvisor.com/Attraction_Review-g7741562-d6974742,https://untappd.com/w/la-ferme-de-billy/247621,49.2134763,-0.4722615
84,2018,Cidre Fermier Demi-Sec ,Ferme des Noës,Normandy,🥇 Or,2887,Active,https://www.fermedesnoes.com/,,https://www.instagram.com/fermedesnoes/,https://maps.google.com/?cid=16067236232754040277,,https://untappd.com/w/ferme-des-no-s/72679,49.1301268,1.3281105
70,2018,Cidre Fermier Demi-Sec ,La Ferme de Billy,Normandy,🥇 Or,1653,Active,https://www.ferme-de-billy.com/,https://www.facebook.com/lafermedebilly/,https://www.instagram.com/lafermedebilly/,https://maps.google.com/?cid=11023078698699122653,https://www.tripadvisor.com/Attraction_Review-g7741562-d6974742,https://untappd.com/w/la-ferme-de-billy/247621,49.2134763,-0.4722615
74,2018,Cidre Fermier Demi-Sec ,La Ferme Saint Blaise,Normandy,🥇 Or,3483,Active,https://ferme-saint-blaise.com/,,,https://maps.google.com/?cid=2855509208433531801,,,49.275045,-0.992516
75,2018,Cidre Fermier Demi-Sec ,Musée du Cidre,Brittany,🥇 Or,3479,Active,https://www.museeducidre.fr/,https://www.facebook.com/profile.php?id=100080860116653,,https://maps.google.com/?cid=15427737681446787065,,https://untappd.com/w/musee-du-cidre/352344,48.5139007,-1.9255033
119,2018,Cidre Fermier Demi-Sec ,Calvados Hugues Desfrièches,Normandy,🥈 Argent,3481,Active,https://www.calvados-huguesdesfrieches.org/,,https://www.instagram.com/calvadoshuguesdesfrieches/,https://maps.google.com/?cid=4874502887438845939,,https://untappd.com/w/hugues-desfrieches/275262,48.5964843,-0.1379257
95,2018,Cidre Fermier Demi-Sec ,Cidre Le Brun,Brittany,🥈 Argent,1586,Active,https://cidrelebrun.com/,,https://www.instagram.com/cidrelebrun,https://maps.google.com/?cid=5387381455239409930,,https://untappd.com/brewery/31897,47.925263,-4.344798
97,2018,Cidre Fermier Demi-Sec ,Cidre Le Brun,Brittany,🥈 Argent,1586,Active,https://cidrelebrun.com/,,https://www.instagram.com/cidrelebrun,https://maps.google.com/?cid=5387381455239409930,,https://untappd.com/brewery/31897,47.925263,-4.344798
114,2018,Cidre Fermier Doux ,La Maison du Cidre,Brittany,🥇 Or,2894,Active,https://www.museeducidre.com/,https://www.facebook.com/profile.php?id=100054446516930,https://www.instagram.com/lamaisonducidre/,https://maps.google.com/?cid=8243314023255302765,https://www.tripadvisor.com/Attraction_Review-g7221524-d7220846,https://untappd.com/w/la-maison-du-cidre/360621,47.5826763,-2.6930847
122,2018,Cidre Fermier Doux ,Le Clos des Citots,Normandy,🥇 Or,3102,Active,https://www.leclosdescitots.fr/,https://www.facebook.com/profile.php?id=100066990398769,,https://maps.google.com/?cid=3330784351320305206,,https://untappd.com/w/le-clos-des-citots-gerard-lenormand/87074,49.4573681,0.8128167
109,2018,Cidre Fermier Doux ,Ferme Saint Charles,Pays de la Loire,🥈 Argent,2883,Active,https://www.fermesaintcharles.fr/,https://www.facebook.com/profile.php?id=100069349890721,https://www.instagram.com/ferme_saint_charles/,https://maps.google.com/?cid=3373440369955425792,,https://untappd.com/w/ferme-saint-charles/416358,47.5159166,-1.8820177
77,2018,Cidre Fermier Doux ,Maison Kerloïck,Brittany,🥈 Argent,1598,Active,https://www.kerloick.bzh/,https://www.facebook.com/people/Maison-Kerlo%C3%AFck/100063648757927/,https://www.instagram.com/maison_kerloick/,https://maps.google.com/?cid=8360416368856844083,,https://untappd.com/w/cidrerie-kerloick/400998,48.4395016,-2.4599481
72,2018,Cidre Pays d'Auge AOP,Manoir de Grandouet,Normandy,🥇 Or,1376,Active,https://www.manoir-de-grandouet.fr/,https://www.facebook.com/grandval.fr/,https://www.instagram.com/manoirdegrandouet/,https://maps.google.com/?cid=1664850146101306839,https://www.tripadvisor.com/Attraction_Review-g672825-d6994534,https://untappd.com/brewery/18942,49.158588,0.066211
71,2018,Cidre Pays d'Auge AOP,Manoir de Grandouet,Normandy,🥈 Argent,1376,Active,https://www.manoir-de-grandouet.fr/,https://www.facebook.com/grandval.fr/,https://www.instagram.com/manoirdegrandouet/,https://maps.google.com/?cid=1664850146101306839,https://www.tripadvisor.com/Attraction_Review-g672825-d6994534,https://untappd.com/brewery/18942,49.158588,0.066211
121,2018,Poiré Brut,Ferme des Martellières,Normandy,🥈 Argent,3322,Active,https://www.les-martellieres.com/,https://www.facebook.com/LesMartellieres.ProduitsCidricoles,,https://maps.google.com/?cid=13628777607608573968,,https://untappd.com/w/les-martellieres/291057,48.497685,-0.532571
118,2018,Poiré Doux,Domaine Olivier,Normandy,🥇 Or,3372,Active,https://www.ledomaineolivier.com/,,,https://maps.google.com/?cid=12832839833696798380,,https://untappd.com/w/domaine-olivier/337350,48.6498485,-0.5338754
115,2018,Poiré Doux,Cidre Fournier,Normandy,🥈 Argent,2489,Active,https://www.cidre-fournier.com/,https://www.facebook.com/cidrefournier,https://www.instagram.com/cidrefournier/,https://maps.google.com/?cid=13822741997025402443,,https://untappd.com/w/cidre-fournier/304628,48.4721531,-0.1272051
161,2019,Cidre Artisanal ou de Marque Brut,Cidre Sorre,Brittany,🥈 Argent,1371,Active,https://www.cidre-sorre.fr/,https://www.facebook.com/CidrerieSorre/,https://www.instagram.com/cidreriesorre/,https://maps.google.com/?cid=3277478841126723957,https://www.tripadvisor.com/Attraction_Review-g8506159-d8653800,https://untappd.com/w/cidre-sorre/16758,48.5193051,-1.8481256
174,2019,Cidre Artisanal ou de Marque Brut,Cidrerie Des Terroirs,Brittany,🥈 Argent,2896,Active,,,,https://maps.google.com/?cid=1276600632339613858,,https://untappd.com/w/cidrerie-des-terroirs/72347,47.827291,-2.791703
173,2019,Cidre Artisanal ou de Marque Brut,Cidres Nicol,Brittany,🥈 Argent,1612,Active,https://www.cidres-nicol.bzh/,https://www.facebook.com/CidresNicol,https://www.instagram.com/la_cidrerie_nicol/,https://maps.google.com/?cid=3722769551030161998,,https://untappd.com/CidrerieNICOL,47.5587853,-2.6110586
182,2019,Cidre Artisanal ou de Marque Brut,Cidre Fournier,Normandy,🥉 Bronze,2489,Active,https://www.cidre-fournier.com/,https://www.facebook.com/cidrefournier,https://www.instagram.com/cidrefournier/,https://maps.google.com/?cid=13822741997025402443,,https://untappd.com/w/cidre-fournier/304628,48.4721531,-0.1272051
183,2019,Cidre Artisanal ou de Marque Brut,Cidre Fournier,Normandy,🥉 Bronze,2489,Active,https://www.cidre-fournier.com/,https://www.facebook.com/cidrefournier,https://www.instagram.com/cidrefournier/,https://maps.google.com/?cid=13822741997025402443,,https://untappd.com/w/cidre-fournier/304628,48.4721531,-0.1272051
168,2019,Cidre Artisanal ou de Marque Brut,Cidrerie de la Brique,Normandy,🥉 Bronze,1312,Active,https://cidreriedelabrique.com/,https://www.facebook.com/CidreriedelaBrique/,https://www.instagram.com/cidreriedelabrique/,https://maps.google.com/?cid=7178427047416068956,,https://untappd.com/CidreriedeLaBrique,49.5156759,-1.5231005
144,2019,Cidre Artisanal ou de Marque Brut,Distillerie des Menhirs,Brittany,🥉 Bronze,1182,Active,https://www.distillerie.bzh/,https://www.facebook.com/distillerie.bzh,https://www.instagram.com/distilleriedesmenhirs/,https://maps.google.com/?cid=13168987804989415582,https://www.tripadvisor.com/Attraction_Review-g2544571-d7920317,https://untappd.com/w/distillerie-des-menhirs/91619,47.938277,-4.151821
153,2019,Cidre Artisanal ou de Marque Demi-Sec,Cidrerie Kerné,Brittany,🥇 Or,1481,Active,https://www.cidre-kerne.bzh/,https://www.facebook.com/cidrekerne/,https://www.instagram.com/cidrekerne/,https://maps.google.com/?cid=10998184529652347583,https://www.tripadvisor.com/Attraction_Review-g1200904-d9829595,https://untappd.com/w/cidrerie-kerne/49751,47.9574014,-4.3744346
148,2019,Cidre Artisanal ou de Marque Demi-Sec,Cidre Séhédic,Brittany,🥈 Argent,1596,Active,https://www.cidre-sehedic.fr/,https://www.facebook.com/cidresehedic/,https://www.instagram.com/cidresehedic,https://maps.google.com/?cid=9273404757209871069,https://www.tripadvisor.com/Attraction_Review-g672967-d12699265,https://untappd.com/cidresehedic,47.9069754,-3.9868338
175,2019,Cidre Artisanal ou de Marque Demi-Sec,Cidrerie Des Terroirs,Brittany,🥈 Argent,2896,Active,,,,https://maps.google.com/?cid=1276600632339613858,,https://untappd.com/w/cidrerie-des-terroirs/72347,47.827291,-2.791703
181,2019,Cidre Artisanal ou de Marque Doux,Cidre Fournier,Normandy,🥇 Or,2489,Active,https://www.cidre-fournier.com/,https://www.facebook.com/cidrefournier,https://www.instagram.com/cidrefournier/,https://maps.google.com/?cid=13822741997025402443,,https://untappd.com/w/cidre-fournier/304628,48.4721531,-0.1272051
162,2019,Cidre Artisanal ou de Marque Doux,Cidre Sorre,Brittany,🥇 Or,1371,Active,https://www.cidre-sorre.fr/,https://www.facebook.com/CidrerieSorre/,https://www.instagram.com/cidreriesorre/,https://maps.google.com/?cid=3277478841126723957,https://www.tripadvisor.com/Attraction_Review-g8506159-d8653800,https://untappd.com/w/cidre-sorre/16758,48.5193051,-1.8481256
147,2019,Cidre Artisanal ou de Marque Doux,Cidre Séhédic,Brittany,🥈 Argent,1596,Active,https://www.cidre-sehedic.fr/,https://www.facebook.com/cidresehedic/,https://www.instagram.com/cidresehedic,https://maps.google.com/?cid=9273404757209871069,https://www.tripadvisor.com/Attraction_Review-g672967-d12699265,https://untappd.com/cidresehedic,47.9069754,-3.9868338
138,2019,Cidre Artisanal ou de Marque Doux,Les Celliers Associés,Brittany,🥈 Argent,1999,Active,https://www.valderance.com/,https://www.facebook.com/ValdeRance/,,https://maps.google.com/?cid=7883069809343472545,,https://untappd.com/LesCelliersAssocis,48.5085682,-1.9533612
159,2019,Cidre Artisanal ou de Marque Doux,Cidrerie Château Lézergué,Brittany,🥉 Bronze,1487,Active,https://www.chateau-lezergue.com/,https://www.facebook.com/profile.php?id=100066917829363,https://www.instagram.com/cidrerie_chateaudelezergue/,https://maps.google.com/?cid=8273125568764221419,,https://untappd.com/w/cidrerie-du-chateau-de-lezergue/127246,48.0028849,-4.0125256
169,2019,Cidre Artisanal ou de Marque Doux,Cidrerie de la Brique,Normandy,🥉 Bronze,1312,Active,https://cidreriedelabrique.com/,https://www.facebook.com/CidreriedelaBrique/,https://www.instagram.com/cidreriedelabrique/,https://maps.google.com/?cid=7178427047416068956,,https://untappd.com/CidreriedeLaBrique,49.5156759,-1.5231005
125,2019,Cidre Artisanal ou de Marque Doux,Écusson,Île-de-France,🥉 Bronze,3182,Active,https://www.cidre-ecusson.com/,https://www.facebook.com/CidreEcusson/,https://www.instagram.com/cidreecusson/,https://maps.google.com/?cid=12531232480419391978,,https://untappd.com/w/cidres-ecusson/15641,48.8279643,2.2657746
149,2019,Cidre Cornouaille AOP,Cidrerie Manoir du Kinkiz,Brittany,🥉 Bronze,1589,Active,https://www.kinkiz-terroir.bzh/,https://www.facebook.com/DomaineDuKinkiz/,,https://maps.google.com/?cid=1999207604560008916,https://www.tripadvisor.com/Attraction_Review-g187100-d7745799,https://untappd.com/brewery/19870,47.973904,-4.0549284
135,2019,Cidre de Bretagne IGP Brut,Cidrerie Benoit,Brittany,🥇 Or,2884,Active,https://www.cidreriebenoit.fr/,https://www.facebook.com/CidrerieBenoit/,,https://maps.google.com/?cid=2837012515774011484,,https://untappd.com/w/cidrerie-benoit/548797,48.5308501,-2.5301834
157,2019,Cidre de Bretagne IGP Brut,Cidrerie Paul Coïc,Brittany,🥇 Or,1588,Active,https://www.cidrerie-coic.com/,https://www.facebook.com/profile.php?id=100053642774962,,https://maps.google.com/?cid=16824628257896189916,,https://untappd.com/w/paul-coa-c/137165,47.999837,-4.199284
165,2019,Cidre de Bretagne IGP Brut,Cidres Kerisac,Pays de la Loire,🥇 Or,1141,Active,https://kerisac.bzh/,https://www.facebook.com/cidrekerisac,https://www.instagram.com/cidreriekerisac/,https://maps.google.com/?cid=14431639837198759734,,https://untappd.com/w/cidres-kerisac/12846,47.519588,-1.9560451
163,2019,Cidre de Bretagne IGP Brut,Loïc Raison,Brittany,🥈 Argent,1369,Active,https://www.loicraison.fr/,https://www.facebook.com/CidreLoicRaison/,https://www.instagram.com/loicraison/,https://maps.google.com/?cid=15768587504697904757,,https://untappd.com/w/loic-raison/18640,48.070267,-1.394779
134,2019,Cidre de Bretagne IGP Brut,Maison Kerloïck,Brittany,🥈 Argent,1598,Active,https://www.kerloick.bzh/,https://www.facebook.com/people/Maison-Kerlo%C3%AFck/100063648757927/,https://www.instagram.com/maison_kerloick/,https://maps.google.com/?cid=8360416368856844083,,https://untappd.com/w/cidrerie-kerloick/400998,48.4395016,-2.4599481
130,2019,Cidre de Bretagne IGP Brut,Cidrerie de Boäl,Brittany,🥉 Bronze,3482,Active,https://cidreriedeboal.com/,,,https://maps.google.com/?cid=11931011628979336491,,https://untappd.com/w/le-cellier-de-bo-l/215761,48.2920291,-2.1782711
136,2019,Cidre de Bretagne IGP Demi-Sec,Cidrerie Benoit,Brittany,🥈 Argent,2884,Active,https://www.cidreriebenoit.fr/,https://www.facebook.com/CidrerieBenoit/,,https://maps.google.com/?cid=2837012515774011484,,https://untappd.com/w/cidrerie-benoit/548797,48.5308501,-2.5301834
151,2019,Cidre de Bretagne IGP Demi-Sec,Cidrerie Kerné,Brittany,🥈 Argent,1481,Active,https://www.cidre-kerne.bzh/,https://www.facebook.com/cidrekerne/,https://www.instagram.com/cidrekerne/,https://maps.google.com/?cid=10998184529652347583,https://www.tripadvisor.com/Attraction_Review-g1200904-d9829595,https://untappd.com/w/cidrerie-kerne/49751,47.9574014,-4.3744346
166,2019,Cidre de Bretagne IGP Demi-Sec,Cidres Kerisac,Pays de la Loire,🥈 Argent,1141,Active,https://kerisac.bzh/,https://www.facebook.com/cidrekerisac,https://www.instagram.com/cidreriekerisac/,https://maps.google.com/?cid=14431639837198759734,,https://untappd.com/w/cidres-kerisac/12846,47.519588,-1.9560451
172,2019,Cidre de Bretagne IGP Demi-Sec,Cidres Nicol,Brittany,🥉 Bronze,1612,Active,https://www.cidres-nicol.bzh/,https://www.facebook.com/CidresNicol,https://www.instagram.com/la_cidrerie_nicol/,https://maps.google.com/?cid=3722769551030161998,,https://untappd.com/CidrerieNICOL,47.5587853,-2.6110586
146,2019,Cidre de Bretagne IGP Doux,Cidrerie Château Lézergué,Brittany,🥇 Or,1487,Active,https://www.chateau-lezergue.com/,https://www.facebook.com/profile.php?id=100066917829363,https://www.instagram.com/cidrerie_chateaudelezergue/,https://maps.google.com/?cid=8273125568764221419,,https://untappd.com/w/cidrerie-du-chateau-de-lezergue/127246,48.0028849,-4.0125256
160,2019,Cidre de Bretagne IGP Doux,Cidrerie Château Lézergué,Brittany,🥈 Argent,1487,Active,https://www.chateau-lezergue.com/,https://www.facebook.com/profile.php?id=100066917829363,https://www.instagram.com/cidrerie_chateaudelezergue/,https://maps.google.com/?cid=8273125568764221419,,https://untappd.com/w/cidrerie-du-chateau-de-lezergue/127246,48.0028849,-4.0125256
152,2019,Cidre de Bretagne IGP Doux,Cidrerie Kerné,Brittany,🥈 Argent,1481,Active,https://www.cidre-kerne.bzh/,https://www.facebook.com/cidrekerne/,https://www.instagram.com/cidrekerne/,https://maps.google.com/?cid=10998184529652347583,https://www.tripadvisor.com/Attraction_Review-g1200904-d9829595,https://untappd.com/w/cidrerie-kerne/49751,47.9574014,-4.3744346
158,2019,Cidre de Bretagne IGP Doux,Cidrerie Paul Coïc,Brittany,🥈 Argent,1588,Active,https://www.cidrerie-coic.com/,https://www.facebook.com/profile.php?id=100053642774962,,https://maps.google.com/?cid=16824628257896189916,,https://untappd.com/w/paul-coa-c/137165,47.999837,-4.199284
180,2019,Cidre de Normandie IGP Brut,Cidre Fournier,Normandy,🥉 Bronze,2489,Active,https://www.cidre-fournier.com/,https://www.facebook.com/cidrefournier,https://www.instagram.com/cidrefournier/,https://maps.google.com/?cid=13822741997025402443,,https://untappd.com/w/cidre-fournier/304628,48.4721531,-0.1272051
126,2019,Cidre de Normandie IGP Brut,Cidre Viard-Bayeux,Normandy,🥉 Bronze,3318,Active,https://cidrebayeux.com/,https://www.facebook.com/CidresBayeux,https://www.instagram.com/cidrerie_bayeux/,https://maps.google.com/?cid=13233255599279949282,https://www.tripadvisor.com/Attraction_Review-g187181-d3454062,https://untappd.com/w/cidrerie-viard/26008,49.2436576,-0.7038301
129,2019,Cidre de Normandie IGP Brut,Domaine des 5 D,Normandy,🥉 Bronze,2178,Active,http://cidreriedaufresne.com/,https://www.facebook.com/profile.php?id=100069411953752,,https://maps.google.com/?cid=8401719320995507859,,https://untappd.com/CidrerieDaufresne,49.1786404,0.2045199
141,2019,Cidre de Normandie IGP Demi-Sec,Le Pressoir d'Or,Normandy,🥉 Bronze,2689,Active,http://www.pressoirdor.com/,,https://www.instagram.com/lepressoirdor/,https://maps.google.com/?cid=11174929092699381803,,https://untappd.com/w/le-pressoir-d-or/210218,49.2934642,1.4849943
179,2019,Cidre de Normandie IGP Doux,Cidre Fournier,Normandy,🥇 Or,2489,Active,https://www.cidre-fournier.com/,https://www.facebook.com/cidrefournier,https://www.instagram.com/cidrefournier/,https://maps.google.com/?cid=13822741997025402443,,https://untappd.com/w/cidre-fournier/304628,48.4721531,-0.1272051
187,2019,Cidre de Normandie IGP Doux,Le Clos des Citots,Normandy,🥇 Or,3102,Active,https://www.leclosdescitots.fr/,https://www.facebook.com/profile.php?id=100066990398769,,https://maps.google.com/?cid=3330784351320305206,,https://untappd.com/w/le-clos-des-citots-gerard-lenormand/87074,49.4573681,0.8128167
128,2019,Cidre de Normandie IGP Doux,Cidrerie Michel Bréavoine,Normandy,🥈 Argent,1507,Active,https://www.breavoine.fr/,https://www.facebook.com/cidrebreavoine/,https://www.instagram.com/cidrebreavoine/,https://maps.google.com/?cid=13497264920337240271,,https://untappd.com/w/cidrerie-michel-breavoine/123090,49.300695,0.186955
171,2019,Cidre Fermier Brut,Ferme du Theil,Pays de la Loire,🥇 Or,2879,Active,https://www.fermedutheil.com/,https://www.facebook.com/fermedutheil,https://www.instagram.com/fermedutheil/,https://maps.google.com/?cid=11988918544771126641,,https://untappd.com/w/gaec-rouland-ferme-du-theli/138309,48.159845,-0.826714
143,2019,Cidre Fermier Brut,Francis Vallée,Centre-Val de Loire,🥇 Or,3485,Active,,,,,,https://untappd.com/w/francis-vallee/339822,48.32080935,0.7707416602
127,2019,Cidre Fermier Brut,La Ferme de Billy,Normandy,🥇 Or,1653,Active,https://www.ferme-de-billy.com/,https://www.facebook.com/lafermedebilly/,https://www.instagram.com/lafermedebilly/,https://maps.google.com/?cid=11023078698699122653,https://www.tripadvisor.com/Attraction_Review-g7741562-d6974742,https://untappd.com/w/la-ferme-de-billy/247621,49.2134763,-0.4722615
154,2019,Cidre Fermier Brut,Cidre Le Brun,Brittany,🥈 Argent,1586,Active,https://cidrelebrun.com/,,https://www.instagram.com/cidrelebrun,https://maps.google.com/?cid=5387381455239409930,,https://untappd.com/brewery/31897,47.925263,-4.344798
150,2019,Cidre Fermier Brut,Cidrerie Manoir du Kinkiz,Brittany,🥈 Argent,1589,Active,https://www.kinkiz-terroir.bzh/,https://www.facebook.com/DomaineDuKinkiz/,,https://maps.google.com/?cid=1999207604560008916,https://www.tripadvisor.com/Attraction_Review-g187100-d7745799,https://untappd.com/brewery/19870,47.973904,-4.0549284
131,2019,Cidre Fermier Brut,Maison Kerloïck,Brittany,🥈 Argent,1598,Active,https://www.kerloick.bzh/,https://www.facebook.com/people/Maison-Kerlo%C3%AFck/100063648757927/,https://www.instagram.com/maison_kerloick/,https://maps.google.com/?cid=8360416368856844083,,https://untappd.com/w/cidrerie-kerloick/400998,48.4395016,-2.4599481
132,2019,Cidre Fermier Brut,Maison Kerloïck,Brittany,🥈 Argent,1598,Active,https://www.kerloick.bzh/,https://www.facebook.com/people/Maison-Kerlo%C3%AFck/100063648757927/,https://www.instagram.com/maison_kerloick/,https://maps.google.com/?cid=8360416368856844083,,https://untappd.com/w/cidrerie-kerloick/400998,48.4395016,-2.4599481
142,2019,Cidre Fermier Brut,Domaine des Hauts-Vents,Normandy,🥉 Bronze,2889,Active,http://hautsvents.com/,https://www.facebook.com/CidreriedomaineDesHautsVents,https://www.instagram.com/domainedeshautsvents/,https://maps.google.com/?cid=3890633221204655265,https://www.tripadvisor.com/Attraction_Review-g661275-d6654230,https://untappd.com/w/domaine-des-hauts-vents/70064,49.3011577,0.9456953
170,2019,Cidre Fermier Brut,Ferme du Pressoir,Pays de la Loire,🥉 Bronze,1372,Active,http://www.fermedupressoir.com/,https://www.facebook.com/Fermedupressoir/,https://www.instagram.com/fermedupressoir53/,https://maps.google.com/?cid=6591011395753434150,https://www.tripadvisor.com/Attraction_Review-g315817-d10859260,https://untappd.com/w/la-ferme-du-pressoir/142442,47.8463549,-0.937751
185,2019,Cidre Fermier Demi-Sec ,Calvados Hugues Desfrièches,Normandy,🥇 Or,3481,Active,https://www.calvados-huguesdesfrieches.org/,,https://www.instagram.com/calvadoshuguesdesfrieches/,https://maps.google.com/?cid=4874502887438845939,,https://untappd.com/w/hugues-desfrieches/275262,48.5964843,-0.1379257
145,2019,Cidre Fermier Demi-Sec ,Cidrerie Château Lézergué,Brittany,🥇 Or,1487,Active,https://www.chateau-lezergue.com/,https://www.facebook.com/profile.php?id=100066917829363,https://www.instagram.com/cidrerie_chateaudelezergue/,https://maps.google.com/?cid=8273125568764221419,,https://untappd.com/w/cidrerie-du-chateau-de-lezergue/127246,48.0028849,-4.0125256
139,2019,Cidre Fermier Demi-Sec ,Ferme des Noës,Normandy,🥇 Or,2887,Active,https://www.fermedesnoes.com/,,https://www.instagram.com/fermedesnoes/,https://maps.google.com/?cid=16067236232754040277,,https://untappd.com/w/ferme-des-no-s/72679,49.1301268,1.3281105
186,2019,Cidre Fermier Demi-Sec ,Le Clos des Citots,Normandy,🥇 Or,3102,Active,https://www.leclosdescitots.fr/,https://www.facebook.com/profile.php?id=100066990398769,,https://maps.google.com/?cid=3330784351320305206,,https://untappd.com/w/le-clos-des-citots-gerard-lenormand/87074,49.4573681,0.8128167
133,2019,Cidre Fermier Demi-Sec ,Maison Kerloïck,Brittany,🥇 Or,1598,Active,https://www.kerloick.bzh/,https://www.facebook.com/people/Maison-Kerlo%C3%AFck/100063648757927/,https://www.instagram.com/maison_kerloick/,https://maps.google.com/?cid=8360416368856844083,,https://untappd.com/w/cidrerie-kerloick/400998,48.4395016,-2.4599481
140,2019,Cidre Fermier Demi-Sec ,Ferme des Noës,Normandy,🥈 Argent,2887,Active,https://www.fermedesnoes.com/,,https://www.instagram.com/fermedesnoes/,https://maps.google.com/?cid=16067236232754040277,,https://untappd.com/w/ferme-des-no-s/72679,49.1301268,1.3281105
164,2019,Cidre Fermier Doux ,Cidre de Brocéliande,Brittany,🥇 Or,2893,Active,https://cidre-breton.com/,https://www.facebook.com/profile.php?id=100064718610464,https://www.instagram.com/cidreriedebroceliande/,https://maps.google.com/?cid=531489837427288496,https://www.tripadvisor.com/Attraction_Review-g12449841-d16844210,https://untappd.com/w/cidre-du-pays-de-broceliande/158895,48.101293,-2.2516327
167,2019,Cidre Fermier Doux ,Ferme Saint Charles,Pays de la Loire,🥇 Or,2883,Active,https://www.fermesaintcharles.fr/,https://www.facebook.com/profile.php?id=100069349890721,https://www.instagram.com/ferme_saint_charles/,https://maps.google.com/?cid=3373440369955425792,,https://untappd.com/w/ferme-saint-charles/416358,47.5159166,-1.8820177
155,2019,Cidre Fermier Doux ,Cidre Le Brun,Brittany,🥈 Argent,1586,Active,https://cidrelebrun.com/,,https://www.instagram.com/cidrelebrun,https://maps.google.com/?cid=5387381455239409930,,https://untappd.com/brewery/31897,47.925263,-4.344798
176,2019,Cidre Fermier Doux ,La Maison du Cidre,Brittany,🥈 Argent,2894,Active,https://www.museeducidre.com/,https://www.facebook.com/profile.php?id=100054446516930,https://www.instagram.com/lamaisonducidre/,https://maps.google.com/?cid=8243314023255302765,https://www.tripadvisor.com/Attraction_Review-g7221524-d7220846,https://untappd.com/w/la-maison-du-cidre/360621,47.5826763,-2.6930847
177,2019,Cidre Pays d'Auge AOP,Domaine de la Galotière,Normandy,🥇 Or,1183,Active,https://www.lagalotiere.fr/,https://www.facebook.com/lagalotiere,,https://maps.google.com/?cid=3334578271943351430,https://www.tripadvisor.com/Attraction_Review-g608796-d12550194,https://untappd.com/w/domaine-de-la-galotiere/38855,48.923403,0.138481
178,2019,Cidre Pays d'Auge AOP,Domaine de la Galotière,Normandy,🥉 Bronze,1183,Active,https://www.lagalotiere.fr/,https://www.facebook.com/lagalotiere,,https://maps.google.com/?cid=3334578271943351430,https://www.tripadvisor.com/Attraction_Review-g608796-d12550194,https://untappd.com/w/domaine-de-la-galotiere/38855,48.923403,0.138481
156,2019,Poiré Brut,Cidre Le Brun,Brittany,🥉 Bronze,1586,Active,https://cidrelebrun.com/,,https://www.instagram.com/cidrelebrun,https://maps.google.com/?cid=5387381455239409930,,https://untappd.com/brewery/31897,47.925263,-4.344798
184,2019,Poiré Doux,Domaine Olivier,Normandy,🥇 Or,3372,Active,https://www.ledomaineolivier.com/,,,https://maps.google.com/?cid=12832839833696798380,,https://untappd.com/w/domaine-olivier/337350,48.6498485,-0.5338754
137,2019,Poiré Doux,Les Celliers Associés,Brittany,🥈 Argent,1999,Active,https://www.valderance.com/,https://www.facebook.com/ValdeRance/,,https://maps.google.com/?cid=7883069809343472545,,https://untappd.com/LesCelliersAssocis,48.5085682,-1.9533612
189,2020,Cidre Artisanal ou de Marque Brut,Cidre Viard-Bayeux,Normandy,🥇 Or,3318,Active,https://cidrebayeux.com/,https://www.facebook.com/CidresBayeux,https://www.instagram.com/cidrerie_bayeux/,https://maps.google.com/?cid=13233255599279949282,https://www.tripadvisor.com/Attraction_Review-g187181-d3454062,https://untappd.com/w/cidrerie-viard/26008,49.2436576,-0.7038301
210,2020,Cidre Artisanal ou de Marque Brut,Cidrerie Château Lézergué,Brittany,🥇 Or,1487,Active,https://www.chateau-lezergue.com/,https://www.facebook.com/profile.php?id=100066917829363,https://www.instagram.com/cidrerie_chateaudelezergue/,https://maps.google.com/?cid=8273125568764221419,,https://untappd.com/w/cidrerie-du-chateau-de-lezergue/127246,48.0028849,-4.0125256
224,2020,Cidre Artisanal ou de Marque Brut,Cidrerie de la Brique,Normandy,🥇 Or,1312,Active,https://cidreriedelabrique.com/,https://www.facebook.com/CidreriedelaBrique/,https://www.instagram.com/cidreriedelabrique/,https://maps.google.com/?cid=7178427047416068956,,https://untappd.com/CidreriedeLaBrique,49.5156759,-1.5231005
233,2020,Cidre Artisanal ou de Marque Brut,Brasseries & Cidreries de Milly,Hauts-de-France,🥈 Argent,1368,Active,https://bcmilly.com/,https://www.facebook.com/BrasseriesDeMilly/,,https://maps.google.com/?cid=5318378777475279780,,https://untappd.com/w/brasseries-cidreries-de-milly/13703,49.5029907,1.9895912
209,2020,Cidre Artisanal ou de Marque Brut,Cidre Le Brun,Brittany,🥈 Argent,1586,Active,https://cidrelebrun.com/,,https://www.instagram.com/cidrelebrun,https://maps.google.com/?cid=5387381455239409930,,https://untappd.com/brewery/31897,47.925263,-4.344798
211,2020,Cidre Artisanal ou de Marque Brut,Cidrerie Château Lézergué,Brittany,🥈 Argent,1487,Active,https://www.chateau-lezergue.com/,https://www.facebook.com/profile.php?id=100066917829363,https://www.instagram.com/cidrerie_chateaudelezergue/,https://maps.google.com/?cid=8273125568764221419,,https://untappd.com/w/cidrerie-du-chateau-de-lezergue/127246,48.0028849,-4.0125256
229,2020,Cidre Artisanal ou de Marque Brut,Cidres Nicol,Brittany,🥈 Argent,1612,Active,https://www.cidres-nicol.bzh/,https://www.facebook.com/CidresNicol,https://www.instagram.com/la_cidrerie_nicol/,https://maps.google.com/?cid=3722769551030161998,,https://untappd.com/CidrerieNICOL,47.5587853,-2.6110586
223,2020,Cidre Artisanal ou de Marque Brut,Cidrerie de la Brique,Normandy,🥉 Bronze,1312,Active,https://cidreriedelabrique.com/,https://www.facebook.com/CidreriedelaBrique/,https://www.instagram.com/cidreriedelabrique/,https://maps.google.com/?cid=7178427047416068956,,https://untappd.com/CidreriedeLaBrique,49.5156759,-1.5231005
212,2020,Cidre Artisanal ou de Marque Demi-Sec,Cidrerie Château Lézergué,Brittany,🥉 Bronze,1487,Active,https://www.chateau-lezergue.com/,https://www.facebook.com/profile.php?id=100066917829363,https://www.instagram.com/cidrerie_chateaudelezergue/,https://maps.google.com/?cid=8273125568764221419,,https://untappd.com/w/cidrerie-du-chateau-de-lezergue/127246,48.0028849,-4.0125256
230,2020,Cidre Artisanal ou de Marque Demi-Sec,Cidrerie Des Terroirs,Brittany,🥉 Bronze,2896,Active,,,,https://maps.google.com/?cid=1276600632339613858,,https://untappd.com/w/cidrerie-des-terroirs/72347,47.827291,-2.791703
231,2020,Cidre Artisanal ou de Marque Demi-Sec,Cidrerie Des Terroirs,Brittany,🥉 Bronze,2896,Active,,,,https://maps.google.com/?cid=1276600632339613858,,https://untappd.com/w/cidrerie-des-terroirs/72347,47.827291,-2.791703
188,2020,Cidre Artisanal ou de Marque Doux,Maison Bellot,Grand Est,🥇 Or,3484,Active,https://maisonbellot.com/,https://www.facebook.com/maisonbellot/,https://www.instagram.com/maisonbellot,https://maps.google.com/?cid=10414608226999711696,,https://untappd.com/w/cidrerue-bellot/6107,48.0568674,4.1406121
236,2020,Cidre Artisanal ou de Marque Doux,Cidre Fournier,Normandy,🥈 Argent,2489,Active,https://www.cidre-fournier.com/,https://www.facebook.com/cidrefournier,https://www.instagram.com/cidrefournier/,https://maps.google.com/?cid=13822741997025402443,,https://untappd.com/w/cidre-fournier/304628,48.4721531,-0.1272051
237,2020,Cidre Artisanal ou de Marque Doux,Cidre Fournier,Normandy,🥈 Argent,2489,Active,https://www.cidre-fournier.com/,https://www.facebook.com/cidrefournier,https://www.instagram.com/cidrefournier/,https://maps.google.com/?cid=13822741997025402443,,https://untappd.com/w/cidre-fournier/304628,48.4721531,-0.1272051
216,2020,Cidre Artisanal ou de Marque Doux,Cidre Sorre,Brittany,🥈 Argent,1371,Active,https://www.cidre-sorre.fr/,https://www.facebook.com/CidrerieSorre/,https://www.instagram.com/cidreriesorre/,https://maps.google.com/?cid=3277478841126723957,https://www.tripadvisor.com/Attraction_Review-g8506159-d8653800,https://untappd.com/w/cidre-sorre/16758,48.5193051,-1.8481256
204,2020,Cidre Artisanal ou de Marque Doux,Cidre Séhédic,Brittany,🥉 Bronze,1596,Active,https://www.cidre-sehedic.fr/,https://www.facebook.com/cidresehedic/,https://www.instagram.com/cidresehedic,https://maps.google.com/?cid=9273404757209871069,https://www.tripadvisor.com/Attraction_Review-g672967-d12699265,https://untappd.com/cidresehedic,47.9069754,-3.9868338
214,2020,Cidre Artisanal ou de Marque Doux,Cidrerie Château Lézergué,Brittany,🥉 Bronze,1487,Active,https://www.chateau-lezergue.com/,https://www.facebook.com/profile.php?id=100066917829363,https://www.instagram.com/cidrerie_chateaudelezergue/,https://maps.google.com/?cid=8273125568764221419,,https://untappd.com/w/cidrerie-du-chateau-de-lezergue/127246,48.0028849,-4.0125256
205,2020,Cidre Cornouaille AOP,Les Vergers de Kermao,Brittany,🥉 Bronze,1587,Active,https://www.cidre-bretagne.com/,,https://www.instagram.com/kermao.cidre/,https://maps.google.com/?cid=11761800243914556755,https://www.tripadvisor.com/Attraction_Review-g2184442-d8603735,https://untappd.com/w/les-vergers-de-kermao/240565,47.921861,-4.08808
197,2020,Cidre de Bretagne IGP Brut,Les Celliers Associés,Brittany,🥈 Argent,1999,Active,https://www.valderance.com/,https://www.facebook.com/ValdeRance/,,https://maps.google.com/?cid=7883069809343472545,,https://untappd.com/LesCelliersAssocis,48.5085682,-1.9533612
219,2020,Cidre de Bretagne IGP Brut,Cidrerie Huby,Brittany,🥉 Bronze,2925,Active,http://www.cidreriehuby.fr/,https://www.facebook.com/cidreriehuby35/,https://www.instagram.com/cidrerie_huby/,https://maps.google.com/?cid=14757172260846963924,,https://untappd.com/w/cidrerie-huby/351358,48.1003741,-2.1023872
192,2020,Cidre de Bretagne IGP Demi-Sec,Maison Kerloïck,Brittany,🥈 Argent,1598,Active,https://www.kerloick.bzh/,https://www.facebook.com/people/Maison-Kerlo%C3%AFck/100063648757927/,https://www.instagram.com/maison_kerloick/,https://maps.google.com/?cid=8360416368856844083,,https://untappd.com/w/cidrerie-kerloick/400998,48.4395016,-2.4599481
194,2020,Cidre de Bretagne IGP Demi-Sec,Cidrerie Benoit,Brittany,🥉 Bronze,2884,Active,https://www.cidreriebenoit.fr/,https://www.facebook.com/CidrerieBenoit/,,https://maps.google.com/?cid=2837012515774011484,,https://untappd.com/w/cidrerie-benoit/548797,48.5308501,-2.5301834
213,2020,Cidre de Bretagne IGP Demi-Sec,Cidrerie Château Lézergué,Brittany,🥉 Bronze,1487,Active,https://www.chateau-lezergue.com/,https://www.facebook.com/profile.php?id=100066917829363,https://www.instagram.com/cidrerie_chateaudelezergue/,https://maps.google.com/?cid=8273125568764221419,,https://untappd.com/w/cidrerie-du-chateau-de-lezergue/127246,48.0028849,-4.0125256
203,2020,Cidre de Bretagne IGP Doux,Cidrerie Château Lézergué,Brittany,🥇 Or,1487,Active,https://www.chateau-lezergue.com/,https://www.facebook.com/profile.php?id=100066917829363,https://www.instagram.com/cidrerie_chateaudelezergue/,https://maps.google.com/?cid=8273125568764221419,,https://untappd.com/w/cidrerie-du-chateau-de-lezergue/127246,48.0028849,-4.0125256
218,2020,Cidre de Bretagne IGP Doux,Cidrerie Huby,Brittany,🥈 Argent,2925,Active,http://www.cidreriehuby.fr/,https://www.facebook.com/cidreriehuby35/,https://www.instagram.com/cidrerie_huby/,https://maps.google.com/?cid=14757172260846963924,,https://untappd.com/w/cidrerie-huby/351358,48.1003741,-2.1023872
196,2020,Cidre de Bretagne IGP Doux,Les Celliers Associés,Brittany,🥈 Argent,1999,Active,https://www.valderance.com/,https://www.facebook.com/ValdeRance/,,https://maps.google.com/?cid=7883069809343472545,,https://untappd.com/LesCelliersAssocis,48.5085682,-1.9533612
206,2020,Cidre de Bretagne IGP Doux,Cidrerie Kerné,Brittany,🥉 Bronze,1481,Active,https://www.cidre-kerne.bzh/,https://www.facebook.com/cidrekerne/,https://www.instagram.com/cidrekerne/,https://maps.google.com/?cid=10998184529652347583,https://www.tripadvisor.com/Attraction_Review-g1200904-d9829595,https://untappd.com/w/cidrerie-kerne/49751,47.9574014,-4.3744346
228,2020,Cidre de Bretagne IGP Doux,Cidres Nicol,Brittany,🥉 Bronze,1612,Active,https://www.cidres-nicol.bzh/,https://www.facebook.com/CidresNicol,https://www.instagram.com/la_cidrerie_nicol/,https://maps.google.com/?cid=3722769551030161998,,https://untappd.com/CidrerieNICOL,47.5587853,-2.6110586
225,2020,Cidre de Normandie IGP Brut,Cidrerie de la Brique,Normandy,🥈 Argent,1312,Active,https://cidreriedelabrique.com/,https://www.facebook.com/CidreriedelaBrique/,https://www.instagram.com/cidreriedelabrique/,https://maps.google.com/?cid=7178427047416068956,,https://untappd.com/CidreriedeLaBrique,49.5156759,-1.5231005
239,2020,Cidre de Normandie IGP Demi-Sec,Domaine Duclos Fougeray,Normandy,🥈 Argent,1178,Active,https://www.duclosfougeray.com/,https://www.facebook.com/domaine.duclosfougeray,https://www.instagram.com/domaine_duclos_fougeray/,https://maps.google.com/?cid=12398185041013701779,,https://untappd.com/brewery/103532,49.6100938,1.664631
240,2020,Cidre de Normandie IGP Demi-Sec,Le Clos des Citots,Normandy,🥉 Bronze,3102,Active,https://www.leclosdescitots.fr/,https://www.facebook.com/profile.php?id=100066990398769,,https://maps.google.com/?cid=3330784351320305206,,https://untappd.com/w/le-clos-des-citots-gerard-lenormand/87074,49.4573681,0.8128167
235,2020,Cidre de Normandie IGP Doux,Cidre Fournier,Normandy,🥈 Argent,2489,Active,https://www.cidre-fournier.com/,https://www.facebook.com/cidrefournier,https://www.instagram.com/cidrefournier/,https://maps.google.com/?cid=13822741997025402443,,https://untappd.com/w/cidre-fournier/304628,48.4721531,-0.1272051
226,2020,Cidre de Normandie IGP Doux,Cidrerie de la Brique,Normandy,🥉 Bronze,1312,Active,https://cidreriedelabrique.com/,https://www.facebook.com/CidreriedelaBrique/,https://www.instagram.com/cidreriedelabrique/,https://maps.google.com/?cid=7178427047416068956,,https://untappd.com/CidreriedeLaBrique,49.5156759,-1.5231005
195,2020,Cidre de Normandie IGP Doux,Les Celliers Associés,Brittany,🥉 Bronze,1999,Active,https://www.valderance.com/,https://www.facebook.com/ValdeRance/,,https://maps.google.com/?cid=7883069809343472545,,https://untappd.com/LesCelliersAssocis,48.5085682,-1.9533612
221,2020,Cidre Fermier Brut,Ferme Saint Charles,Pays de la Loire,🥇 Or,2883,Active,https://www.fermesaintcharles.fr/,https://www.facebook.com/profile.php?id=100069349890721,https://www.instagram.com/ferme_saint_charles/,https://maps.google.com/?cid=3373440369955425792,,https://untappd.com/w/ferme-saint-charles/416358,47.5159166,-1.8820177
241,2020,Cidre Fermier Brut,Ferme Cidricole Lemercier,Normandy,🥈 Argent,3490,Active,,,,https://maps.google.com/?cid=6251042079124659340,,https://untappd.com/w/lemercier/281366,49.6329329,0.8335807
202,2020,Cidre Fermier Brut,Francis Vallée,Centre-Val de Loire,🥈 Argent,3485,Active,,,,,,https://untappd.com/w/francis-vallee/339822,48.32080935,0.7707416602
191,2020,Cidre Fermier Brut,Les Bruyères Carré,Normandy,🥈 Argent,2885,Active,https://www.les-bruyeres-carre.fr/,,https://www.instagram.com/les_bruyeres_carre/,https://maps.google.com/?cid=14008361966229384358,https://www.tripadvisor.com/Attraction_Review-g3320195-d18977312,https://untappd.com/w/les-bruyeres-carre-benoit-charbonneau/121081,49.2053203,0.3830928
193,2020,Cidre Fermier Brut,Maison Kerloïck,Brittany,🥈 Argent,1598,Active,https://www.kerloick.bzh/,https://www.facebook.com/people/Maison-Kerlo%C3%AFck/100063648757927/,https://www.instagram.com/maison_kerloick/,https://maps.google.com/?cid=8360416368856844083,,https://untappd.com/w/cidrerie-kerloick/400998,48.4395016,-2.4599481
238,2020,Cidre Fermier Brut,Manoir de Durcet,Normandy,🥈 Argent,2487,Active,https://www.breton-manoirdedurcet.fr/,https://www.facebook.com/manoirdedurcet/,https://www.instagram.com/manoirdedurcetgaec/,https://maps.google.com/?cid=3868969713989886200,,https://untappd.com/w/manoir-de-durcet/399555,48.5593722,-0.3313091
227,2020,Cidre Fermier Brut,Ferme du Pressoir,Pays de la Loire,🥉 Bronze,1372,Active,http://www.fermedupressoir.com/,https://www.facebook.com/Fermedupressoir/,https://www.instagram.com/fermedupressoir53/,https://maps.google.com/?cid=6591011395753434150,https://www.tripadvisor.com/Attraction_Review-g315817-d10859260,https://untappd.com/w/la-ferme-du-pressoir/142442,47.8463549,-0.937751
207,2020,Cidre Fermier Demi-Sec ,Cidre Le Brun,Brittany,🥈 Argent,1586,Active,https://cidrelebrun.com/,,https://www.instagram.com/cidrelebrun,https://maps.google.com/?cid=5387381455239409930,,https://untappd.com/brewery/31897,47.925263,-4.344798
199,2020,Cidre Fermier Demi-Sec ,La Ferme des Ruelles,Normandy,🥈 Argent,2888,Active,https://www.fermedesruelles.com/,https://www.facebook.com/fermedesruelles,https://www.instagram.com/la_ferme_des_ruelles/,https://maps.google.com/?cid=14485040344949359277,https://www.tripadvisor.com/Hotel_Review-g6623129-d6622401,https://untappd.com/w/la-ferme-des-ruelles/141983,49.1412626,1.5194074
200,2020,Cidre Fermier Demi-Sec ,Le Pressoir d'Or,Normandy,🥈 Argent,2689,Active,http://www.pressoirdor.com/,,https://www.instagram.com/lepressoirdor/,https://maps.google.com/?cid=11174929092699381803,,https://untappd.com/w/le-pressoir-d-or/210218,49.2934642,1.4849943
215,2020,Cidre Fermier Demi-Sec ,Cidrerie de Rozavern,Brittany,🥉 Bronze,1591,Active,https://www.rozavern.fr/,https://www.facebook.com/cidreriederozavern,https://www.instagram.com/cidrerierozavern,https://maps.google.com/?cid=2631934440861688338,https://www.tripadvisor.com/Attraction_Review-g1842069-d6157429,https://untappd.com/w/cidrerie-de-rozavern/357316,48.2502317,-4.3826303
222,2020,Cidre Fermier Demi-Sec ,Ferme Saint Charles,Pays de la Loire,🥉 Bronze,2883,Active,https://www.fermesaintcharles.fr/,https://www.facebook.com/profile.php?id=100069349890721,https://www.instagram.com/ferme_saint_charles/,https://maps.google.com/?cid=3373440369955425792,,https://untappd.com/w/ferme-saint-charles/416358,47.5159166,-1.8820177
217,2020,Cidre Fermier Doux ,Cidre de Brocéliande,Brittany,🥇 Or,2893,Active,https://cidre-breton.com/,https://www.facebook.com/profile.php?id=100064718610464,https://www.instagram.com/cidreriedebroceliande/,https://maps.google.com/?cid=531489837427288496,https://www.tripadvisor.com/Attraction_Review-g12449841-d16844210,https://untappd.com/w/cidre-du-pays-de-broceliande/158895,48.101293,-2.2516327
201,2020,Cidre Fermier Doux ,Domaine des Hauts-Vents,Normandy,🥈 Argent,2889,Active,http://hautsvents.com/,https://www.facebook.com/CidreriedomaineDesHautsVents,https://www.instagram.com/domainedeshautsvents/,https://maps.google.com/?cid=3890633221204655265,https://www.tripadvisor.com/Attraction_Review-g661275-d6654230,https://untappd.com/w/domaine-des-hauts-vents/70064,49.3011577,0.9456953
232,2020,Cidre Fermier Doux ,La Maison du Cidre,Brittany,🥉 Bronze,2894,Active,https://www.museeducidre.com/,https://www.facebook.com/profile.php?id=100054446516930,https://www.instagram.com/lamaisonducidre/,https://maps.google.com/?cid=8243314023255302765,https://www.tripadvisor.com/Attraction_Review-g7221524-d7220846,https://untappd.com/w/la-maison-du-cidre/360621,47.5826763,-2.6930847
234,2020,Cidre Pays d'Auge AOP,Domaine de la Galotière,Normandy,🥉 Bronze,1183,Active,https://www.lagalotiere.fr/,https://www.facebook.com/lagalotiere,,https://maps.google.com/?cid=3334578271943351430,https://www.tripadvisor.com/Attraction_Review-g608796-d12550194,https://untappd.com/w/domaine-de-la-galotiere/38855,48.923403,0.138481
190,2020,Cidre Pays d'Auge AOP,Manoir de Grandouet,Normandy,🥉 Bronze,1376,Active,https://www.manoir-de-grandouet.fr/,https://www.facebook.com/grandval.fr/,https://www.instagram.com/manoirdegrandouet/,https://maps.google.com/?cid=1664850146101306839,https://www.tripadvisor.com/Attraction_Review-g672825-d6994534,https://untappd.com/brewery/18942,49.158588,0.066211
208,2020,Poiré Brut,Cidre Le Brun,Brittany,🥈 Argent,1586,Active,https://cidrelebrun.com/,,https://www.instagram.com/cidrelebrun,https://maps.google.com/?cid=5387381455239409930,,https://untappd.com/brewery/31897,47.925263,-4.344798
198,2020,Poiré Doux,Kermorgann,Brittany,🥇 Or,2886,Active,,https://www.facebook.com/poiredebretagne/,,https://maps.google.com/?cid=16728634547598501219,,,48.4345851,-2.8034718
220,2020,Poiré Doux,Cidres Kerisac,Pays de la Loire,🥉 Bronze,1141,Active,https://kerisac.bzh/,https://www.facebook.com/cidrekerisac,https://www.instagram.com/cidreriekerisac/,https://maps.google.com/?cid=14431639837198759734,,https://untappd.com/w/cidres-kerisac/12846,47.519588,-1.9560451
299,2022,Cidre Artisanal ou de Marque Brut,Brasseries & Cidreries de Milly,Hauts-de-France,🥇 Or,1368,Active,https://bcmilly.com/,https://www.facebook.com/BrasseriesDeMilly/,,https://maps.google.com/?cid=5318378777475279780,,https://untappd.com/w/brasseries-cidreries-de-milly/13703,49.5029907,1.9895912
285,2022,Cidre Artisanal ou de Marque Brut,Loïc Raison,Brittany,🥇 Or,1369,Active,https://www.loicraison.fr/,https://www.facebook.com/CidreLoicRaison/,https://www.instagram.com/loicraison/,https://maps.google.com/?cid=15768587504697904757,,https://untappd.com/w/loic-raison/18640,48.070267,-1.394779
307,2022,Cidre Artisanal ou de Marque Brut,Appie,Île-de-France,🥈 Argent,2895,Active,,https://www.facebook.com/appiecidre/,https://www.instagram.com/appie.cidre/,,,https://untappd.com/w/appie/214748,49.0580353,2.1241484
301,2022,Cidre Artisanal ou de Marque Brut,Cidre Fournier,Normandy,🥈 Argent,2489,Active,https://www.cidre-fournier.com/,https://www.facebook.com/cidrefournier,https://www.instagram.com/cidrefournier/,https://maps.google.com/?cid=13822741997025402443,,https://untappd.com/w/cidre-fournier/304628,48.4721531,-0.1272051
274,2022,Cidre Artisanal ou de Marque Brut,Cidre Le Brun,Brittany,🥈 Argent,1586,Active,https://cidrelebrun.com/,,https://www.instagram.com/cidrelebrun,https://maps.google.com/?cid=5387381455239409930,,https://untappd.com/brewery/31897,47.925263,-4.344798
270,2022,Cidre Artisanal ou de Marque Brut,Cidre Séhédic,Brittany,🥈 Argent,1596,Active,https://www.cidre-sehedic.fr/,https://www.facebook.com/cidresehedic/,https://www.instagram.com/cidresehedic,https://maps.google.com/?cid=9273404757209871069,https://www.tripadvisor.com/Attraction_Review-g672967-d12699265,https://untappd.com/cidresehedic,47.9069754,-3.9868338
290,2022,Cidre Artisanal ou de Marque Brut,Cidrerie de la Chesnaie,Normandy,🥈 Argent,3487,Active,https://www.cidredelachesnaie.com/,https://www.facebook.com/cidreriedelachesnaie/,https://www.instagram.com/cidreriedelachesnaie/,https://maps.google.com/?cid=4156468210984117593,,https://untappd.com/w/cidre-de-la-chesnaie/474406,49.4998284,-1.5186345
267,2022,Cidre Artisanal ou de Marque Brut,Distillerie des Menhirs,Brittany,🥈 Argent,1182,Active,https://www.distillerie.bzh/,https://www.facebook.com/distillerie.bzh,https://www.instagram.com/distilleriedesmenhirs/,https://maps.google.com/?cid=13168987804989415582,https://www.tripadvisor.com/Attraction_Review-g2544571-d7920317,https://untappd.com/w/distillerie-des-menhirs/91619,47.938277,-4.151821
300,2022,Cidre Artisanal ou de Marque Brut,Cidre Fournier,Normandy,🥉 Bronze,2489,Active,https://www.cidre-fournier.com/,https://www.facebook.com/cidrefournier,https://www.instagram.com/cidrefournier/,https://maps.google.com/?cid=13822741997025402443,,https://untappd.com/w/cidre-fournier/304628,48.4721531,-0.1272051
277,2022,Cidre Artisanal ou de Marque Brut,Cidre Le Brun,Brittany,🥉 Bronze,1586,Active,https://cidrelebrun.com/,,https://www.instagram.com/cidrelebrun,https://maps.google.com/?cid=5387381455239409930,,https://untappd.com/brewery/31897,47.925263,-4.344798
243,2022,Cidre Artisanal ou de Marque Brut,Cidre Viard-Bayeux,Normandy,🥉 Bronze,3318,Active,https://cidrebayeux.com/,https://www.facebook.com/CidresBayeux,https://www.instagram.com/cidrerie_bayeux/,https://maps.google.com/?cid=13233255599279949282,https://www.tripadvisor.com/Attraction_Review-g187181-d3454062,https://untappd.com/w/cidrerie-viard/26008,49.2436576,-0.7038301
302,2022,Cidre Artisanal ou de Marque Demi-Sec,Cidre Fournier,Normandy,🥈 Argent,2489,Active,https://www.cidre-fournier.com/,https://www.facebook.com/cidrefournier,https://www.instagram.com/cidrefournier/,https://maps.google.com/?cid=13822741997025402443,,https://untappd.com/w/cidre-fournier/304628,48.4721531,-0.1272051
275,2022,Cidre Artisanal ou de Marque Demi-Sec,Cidre Le Brun,Brittany,🥈 Argent,1586,Active,https://cidrelebrun.com/,,https://www.instagram.com/cidrelebrun,https://maps.google.com/?cid=5387381455239409930,,https://untappd.com/brewery/31897,47.925263,-4.344798
278,2022,Cidre Artisanal ou de Marque Demi-Sec,Cidre Le Brun,Brittany,🥈 Argent,1586,Active,https://cidrelebrun.com/,,https://www.instagram.com/cidrelebrun,https://maps.google.com/?cid=5387381455239409930,,https://untappd.com/brewery/31897,47.925263,-4.344798
294,2022,Cidre Artisanal ou de Marque Demi-Sec,Cidres Nicol,Brittany,🥉 Bronze,1612,Active,https://www.cidres-nicol.bzh/,https://www.facebook.com/CidresNicol,https://www.instagram.com/la_cidrerie_nicol/,https://maps.google.com/?cid=3722769551030161998,,https://untappd.com/CidrerieNICOL,47.5587853,-2.6110586
306,2022,Cidre Artisanal ou de Marque Doux,Brasserie Distillerie Veyrat,Auvergne-Rhône-Alpes,🥇 Or,3480,Active,https://brasserie-veyrat.com/,https://www.facebook.com/brasserieveyrat/,https://www.instagram.com/brasserieveyrat,https://maps.google.com/?cid=12472640117038294003,,https://untappd.com/BrasserieVeyrat,45.8659912,5.9733739
281,2022,Cidre Artisanal ou de Marque Doux,Cidrerie Château Lézergué,Brittany,🥇 Or,1487,Active,https://www.chateau-lezergue.com/,https://www.facebook.com/profile.php?id=100066917829363,https://www.instagram.com/cidrerie_chateaudelezergue/,https://maps.google.com/?cid=8273125568764221419,,https://untappd.com/w/cidrerie-du-chateau-de-lezergue/127246,48.0028849,-4.0125256
295,2022,Cidre Artisanal ou de Marque Doux,Cidres Nicol,Brittany,🥇 Or,1612,Active,https://www.cidres-nicol.bzh/,https://www.facebook.com/CidresNicol,https://www.instagram.com/la_cidrerie_nicol/,https://maps.google.com/?cid=3722769551030161998,,https://untappd.com/CidrerieNICOL,47.5587853,-2.6110586
257,2022,Cidre Artisanal ou de Marque Doux,Les Celliers Associés,Brittany,🥇 Or,1999,Active,https://www.valderance.com/,https://www.facebook.com/ValdeRance/,,https://maps.google.com/?cid=7883069809343472545,,https://untappd.com/LesCelliersAssocis,48.5085682,-1.9533612
284,2022,Cidre Artisanal ou de Marque Doux,Cidre Sorre,Brittany,🥈 Argent,1371,Active,https://www.cidre-sorre.fr/,https://www.facebook.com/CidrerieSorre/,https://www.instagram.com/cidreriesorre/,https://maps.google.com/?cid=3277478841126723957,https://www.tripadvisor.com/Attraction_Review-g8506159-d8653800,https://untappd.com/w/cidre-sorre/16758,48.5193051,-1.8481256
246,2022,Cidre Artisanal ou de Marque Doux,Cidre Viard-Bayeux,Normandy,🥈 Argent,3318,Active,https://cidrebayeux.com/,https://www.facebook.com/CidresBayeux,https://www.instagram.com/cidrerie_bayeux/,https://maps.google.com/?cid=13233255599279949282,https://www.tripadvisor.com/Attraction_Review-g187181-d3454062,https://untappd.com/w/cidrerie-viard/26008,49.2436576,-0.7038301
297,2022,Cidre Artisanal ou de Marque Doux,Cidrerie La Ruaudaie,Brittany,🥈 Argent,2927,Active,,https://www.facebook.com/Cidrerie.La.Ruaudaie,,https://maps.google.com/?cid=9093489147196571898,,https://untappd.com/w/la-ruaudaie/92611,47.7463098,-2.2642371
276,2022,Cidre Artisanal ou de Marque Doux,Cidre Le Brun,Brittany,🥉 Bronze,1586,Active,https://cidrelebrun.com/,,https://www.instagram.com/cidrelebrun,https://maps.google.com/?cid=5387381455239409930,,https://untappd.com/brewery/31897,47.925263,-4.344798
258,2022,Cidre Artisanal ou de Marque Doux,Les Celliers Associés,Brittany,🥉 Bronze,1999,Active,https://www.valderance.com/,https://www.facebook.com/ValdeRance/,,https://maps.google.com/?cid=7883069809343472545,,https://untappd.com/LesCelliersAssocis,48.5085682,-1.9533612
271,2022,Cidre Cornouaille AOP,Cidrerie Manoir du Kinkiz,Brittany,🥉 Bronze,1589,Active,https://www.kinkiz-terroir.bzh/,https://www.facebook.com/DomaineDuKinkiz/,,https://maps.google.com/?cid=1999207604560008916,https://www.tripadvisor.com/Attraction_Review-g187100-d7745799,https://untappd.com/brewery/19870,47.973904,-4.0549284
287,2022,Cidre de Bretagne IGP Brut,Cidrerie Huby,Brittany,🥇 Or,2925,Active,http://www.cidreriehuby.fr/,https://www.facebook.com/cidreriehuby35/,https://www.instagram.com/cidrerie_huby/,https://maps.google.com/?cid=14757172260846963924,,https://untappd.com/w/cidrerie-huby/351358,48.1003741,-2.1023872
279,2022,Cidre de Bretagne IGP Brut,Cidre Le Brun,Brittany,🥈 Argent,1586,Active,https://cidrelebrun.com/,,https://www.instagram.com/cidrelebrun,https://maps.google.com/?cid=5387381455239409930,,https://untappd.com/brewery/31897,47.925263,-4.344798
253,2022,Cidre de Bretagne IGP Brut,Cidrerie Benoit,Brittany,🥈 Argent,2884,Active,https://www.cidreriebenoit.fr/,https://www.facebook.com/CidrerieBenoit/,,https://maps.google.com/?cid=2837012515774011484,,https://untappd.com/w/cidrerie-benoit/548797,48.5308501,-2.5301834
268,2022,Cidre de Bretagne IGP Brut,Cidrerie Château Lézergué,Brittany,🥈 Argent,1487,Active,https://www.chateau-lezergue.com/,https://www.facebook.com/profile.php?id=100066917829363,https://www.instagram.com/cidrerie_chateaudelezergue/,https://maps.google.com/?cid=8273125568764221419,,https://untappd.com/w/cidrerie-du-chateau-de-lezergue/127246,48.0028849,-4.0125256
249,2022,Cidre de Bretagne IGP Brut,Cidrerie de Boäl,Brittany,🥈 Argent,3482,Active,https://cidreriedeboal.com/,,,https://maps.google.com/?cid=11931011628979336491,,https://untappd.com/w/le-cellier-de-bo-l/215761,48.2920291,-2.1782711
286,2022,Cidre de Bretagne IGP Brut,Loïc Raison,Brittany,🥈 Argent,1369,Active,https://www.loicraison.fr/,https://www.facebook.com/CidreLoicRaison/,https://www.instagram.com/loicraison/,https://maps.google.com/?cid=15768587504697904757,,https://untappd.com/w/loic-raison/18640,48.070267,-1.394779
252,2022,Cidre de Bretagne IGP Brut,Cidrerie Benoit,Brittany,🥉 Bronze,2884,Active,https://www.cidreriebenoit.fr/,https://www.facebook.com/CidrerieBenoit/,,https://maps.google.com/?cid=2837012515774011484,,https://untappd.com/w/cidrerie-benoit/548797,48.5308501,-2.5301834
254,2022,Cidre de Bretagne IGP Demi-Sec,Cidrerie Benoit,Brittany,🥇 Or,2884,Active,https://www.cidreriebenoit.fr/,https://www.facebook.com/CidrerieBenoit/,,https://maps.google.com/?cid=2837012515774011484,,https://untappd.com/w/cidrerie-benoit/548797,48.5308501,-2.5301834
272,2022,Cidre de Bretagne IGP Demi-Sec,Cidrerie Kerné,Brittany,🥈 Argent,1481,Active,https://www.cidre-kerne.bzh/,https://www.facebook.com/cidrekerne/,https://www.instagram.com/cidrekerne/,https://maps.google.com/?cid=10998184529652347583,https://www.tripadvisor.com/Attraction_Review-g1200904-d9829595,https://untappd.com/w/cidrerie-kerne/49751,47.9574014,-4.3744346
251,2022,Cidre de Bretagne IGP Demi-Sec,Maison Kerloïck,Brittany,🥉 Bronze,1598,Active,https://www.kerloick.bzh/,https://www.facebook.com/people/Maison-Kerlo%C3%AFck/100063648757927/,https://www.instagram.com/maison_kerloick/,https://maps.google.com/?cid=8360416368856844083,,https://untappd.com/w/cidrerie-kerloick/400998,48.4395016,-2.4599481
280,2022,Cidre de Bretagne IGP Doux,Cidrerie Château Lézergué,Brittany,🥇 Or,1487,Active,https://www.chateau-lezergue.com/,https://www.facebook.com/profile.php?id=100066917829363,https://www.instagram.com/cidrerie_chateaudelezergue/,https://maps.google.com/?cid=8273125568764221419,,https://untappd.com/w/cidrerie-du-chateau-de-lezergue/127246,48.0028849,-4.0125256
288,2022,Cidre de Bretagne IGP Doux,Cidrerie Huby,Brittany,🥇 Or,2925,Active,http://www.cidreriehuby.fr/,https://www.facebook.com/cidreriehuby35/,https://www.instagram.com/cidrerie_huby/,https://maps.google.com/?cid=14757172260846963924,,https://untappd.com/w/cidrerie-huby/351358,48.1003741,-2.1023872
273,2022,Cidre de Bretagne IGP Doux,Cidrerie Kerné,Brittany,🥇 Or,1481,Active,https://www.cidre-kerne.bzh/,https://www.facebook.com/cidrekerne/,https://www.instagram.com/cidrekerne/,https://maps.google.com/?cid=10998184529652347583,https://www.tripadvisor.com/Attraction_Review-g1200904-d9829595,https://untappd.com/w/cidrerie-kerne/49751,47.9574014,-4.3744346
256,2022,Cidre de Bretagne IGP Doux,Les Celliers Associés,Brittany,🥇 Or,1999,Active,https://www.valderance.com/,https://www.facebook.com/ValdeRance/,,https://maps.google.com/?cid=7883069809343472545,,https://untappd.com/LesCelliersAssocis,48.5085682,-1.9533612
255,2022,Cidre de Bretagne IGP Doux,Cidrerie Benoit,Brittany,🥉 Bronze,2884,Active,https://www.cidreriebenoit.fr/,https://www.facebook.com/CidrerieBenoit/,,https://maps.google.com/?cid=2837012515774011484,,https://untappd.com/w/cidrerie-benoit/548797,48.5308501,-2.5301834
269,2022,Cidre de Bretagne IGP Doux,Cidrerie Château Lézergué,Brittany,🥉 Bronze,1487,Active,https://www.chateau-lezergue.com/,https://www.facebook.com/profile.php?id=100066917829363,https://www.instagram.com/cidrerie_chateaudelezergue/,https://maps.google.com/?cid=8273125568764221419,,https://untappd.com/w/cidrerie-du-chateau-de-lezergue/127246,48.0028849,-4.0125256
304,2022,Cidre de Normandie IGP Brut,Cidre Fournier,Normandy,🥈 Argent,2489,Active,https://www.cidre-fournier.com/,https://www.facebook.com/cidrefournier,https://www.instagram.com/cidrefournier/,https://maps.google.com/?cid=13822741997025402443,,https://untappd.com/w/cidre-fournier/304628,48.4721531,-0.1272051
244,2022,Cidre de Normandie IGP Brut,Cidre Viard-Bayeux,Normandy,🥈 Argent,3318,Active,https://cidrebayeux.com/,https://www.facebook.com/CidresBayeux,https://www.instagram.com/cidrerie_bayeux/,https://maps.google.com/?cid=13233255599279949282,https://www.tripadvisor.com/Attraction_Review-g187181-d3454062,https://untappd.com/w/cidrerie-viard/26008,49.2436576,-0.7038301
263,2022,Cidre de Normandie IGP Brut,Domaine des Hauts-Vents,Normandy,🥉 Bronze,2889,Active,http://hautsvents.com/,https://www.facebook.com/CidreriedomaineDesHautsVents,https://www.instagram.com/domainedeshautsvents/,https://maps.google.com/?cid=3890633221204655265,https://www.tripadvisor.com/Attraction_Review-g661275-d6654230,https://untappd.com/w/domaine-des-hauts-vents/70064,49.3011577,0.9456953
296,2022,Cidre de Normandie IGP Demi-Sec,Cidrerie La Ruaudaie,Brittany,🥇 Or,2927,Active,,https://www.facebook.com/Cidrerie.La.Ruaudaie,,https://maps.google.com/?cid=9093489147196571898,,https://untappd.com/w/la-ruaudaie/92611,47.7463098,-2.2642371
242,2022,Cidre de Normandie IGP Demi-Sec,Écusson,Île-de-France,🥉 Bronze,3182,Active,https://www.cidre-ecusson.com/,https://www.facebook.com/CidreEcusson/,https://www.instagram.com/cidreecusson/,https://maps.google.com/?cid=12531232480419391978,,https://untappd.com/w/cidres-ecusson/15641,48.8279643,2.2657746
245,2022,Cidre de Normandie IGP Doux,Cidre Viard-Bayeux,Normandy,🥈 Argent,3318,Active,https://cidrebayeux.com/,https://www.facebook.com/CidresBayeux,https://www.instagram.com/cidrerie_bayeux/,https://maps.google.com/?cid=13233255599279949282,https://www.tripadvisor.com/Attraction_Review-g187181-d3454062,https://untappd.com/w/cidrerie-viard/26008,49.2436576,-0.7038301
264,2022,Cidre de Normandie IGP Doux,Domaine des Hauts-Vents,Normandy,🥈 Argent,2889,Active,http://hautsvents.com/,https://www.facebook.com/CidreriedomaineDesHautsVents,https://www.instagram.com/domainedeshautsvents/,https://maps.google.com/?cid=3890633221204655265,https://www.tripadvisor.com/Attraction_Review-g661275-d6654230,https://untappd.com/w/domaine-des-hauts-vents/70064,49.3011577,0.9456953
248,2022,Cidre de Normandie IGP Doux,Cidrerie Michel Bréavoine,Normandy,🥉 Bronze,1507,Active,https://www.breavoine.fr/,https://www.facebook.com/cidrebreavoine/,https://www.instagram.com/cidrebreavoine/,https://maps.google.com/?cid=13497264920337240271,,https://untappd.com/w/cidrerie-michel-breavoine/123090,49.300695,0.186955
283,2022,Cidre Fermier Brut,Cidrerie de Rozavern,Brittany,🥇 Or,1591,Active,https://www.rozavern.fr/,https://www.facebook.com/cidreriederozavern,https://www.instagram.com/cidrerierozavern,https://maps.google.com/?cid=2631934440861688338,https://www.tripadvisor.com/Attraction_Review-g1842069-d6157429,https://untappd.com/w/cidrerie-de-rozavern/357316,48.2502317,-4.3826303
298,2022,Cidre Fermier Brut,La Maison du Cidre,Brittany,🥇 Or,2894,Active,https://www.museeducidre.com/,https://www.facebook.com/profile.php?id=100054446516930,https://www.instagram.com/lamaisonducidre/,https://maps.google.com/?cid=8243314023255302765,https://www.tripadvisor.com/Attraction_Review-g7221524-d7220846,https://untappd.com/w/la-maison-du-cidre/360621,47.5826763,-2.6930847
265,2022,Cidre Fermier Brut,Domaine des Hauts-Vents,Normandy,🥈 Argent,2889,Active,http://hautsvents.com/,https://www.facebook.com/CidreriedomaineDesHautsVents,https://www.instagram.com/domainedeshautsvents/,https://maps.google.com/?cid=3890633221204655265,https://www.tripadvisor.com/Attraction_Review-g661275-d6654230,https://untappd.com/w/domaine-des-hauts-vents/70064,49.3011577,0.9456953
309,2022,Cidre Fermier Brut,Ferme Cidricole Lemercier,Normandy,🥈 Argent,3490,Active,,,,https://maps.google.com/?cid=6251042079124659340,,https://untappd.com/w/lemercier/281366,49.6329329,0.8335807
291,2022,Cidre Fermier Brut,Ferme du Theil,Pays de la Loire,🥉 Bronze,2879,Active,https://www.fermedutheil.com/,https://www.facebook.com/fermedutheil,https://www.instagram.com/fermedutheil/,https://maps.google.com/?cid=11988918544771126641,,https://untappd.com/w/gaec-rouland-ferme-du-theli/138309,48.159845,-0.826714
247,2022,Cidre Fermier Brut,Les Vergers de Ducy,Normandy,🥉 Bronze,3321,Active,https://lesvergersdeducy.fr/,https://www.facebook.com/LesVergersdeDucy/,,https://maps.google.com/?cid=5658619103463764772,https://www.tripadvisor.com/Attraction_Review-g5105596-d5012299,https://untappd.com/w/les-vergers-de-ducy/68480,49.2169875,-0.6242584
289,2022,Cidre Fermier Demi-Sec ,Ferme Saint Charles,Pays de la Loire,🥇 Or,2883,Active,https://www.fermesaintcharles.fr/,https://www.facebook.com/profile.php?id=100069349890721,https://www.instagram.com/ferme_saint_charles/,https://maps.google.com/?cid=3373440369955425792,,https://untappd.com/w/ferme-saint-charles/416358,47.5159166,-1.8820177
292,2022,Cidre Fermier Demi-Sec ,Ferme du Theil,Pays de la Loire,🥈 Argent,2879,Active,https://www.fermedutheil.com/,https://www.facebook.com/fermedutheil,https://www.instagram.com/fermedutheil/,https://maps.google.com/?cid=11988918544771126641,,https://untappd.com/w/gaec-rouland-ferme-du-theli/138309,48.159845,-0.826714
260,2022,Cidre Fermier Demi-Sec ,La Ferme des Ruelles,Normandy,🥈 Argent,2888,Active,https://www.fermedesruelles.com/,https://www.facebook.com/fermedesruelles,https://www.instagram.com/la_ferme_des_ruelles/,https://maps.google.com/?cid=14485040344949359277,https://www.tripadvisor.com/Hotel_Review-g6623129-d6622401,https://untappd.com/w/la-ferme-des-ruelles/141983,49.1412626,1.5194074
250,2022,Cidre Fermier Demi-Sec ,Maison Kerloïck,Brittany,🥈 Argent,1598,Active,https://www.kerloick.bzh/,https://www.facebook.com/people/Maison-Kerlo%C3%AFck/100063648757927/,https://www.instagram.com/maison_kerloick/,https://maps.google.com/?cid=8360416368856844083,,https://untappd.com/w/cidrerie-kerloick/400998,48.4395016,-2.4599481
282,2022,Cidre Fermier Demi-Sec ,Cidrerie de Rozavern,Brittany,🥉 Bronze,1591,Active,https://www.rozavern.fr/,https://www.facebook.com/cidreriederozavern,https://www.instagram.com/cidrerierozavern,https://maps.google.com/?cid=2631934440861688338,https://www.tripadvisor.com/Attraction_Review-g1842069-d6157429,https://untappd.com/w/cidrerie-de-rozavern/357316,48.2502317,-4.3826303
261,2022,Cidre Fermier Demi-Sec ,Le Pressoir d'Or,Normandy,🥉 Bronze,2689,Active,http://www.pressoirdor.com/,,https://www.instagram.com/lepressoirdor/,https://maps.google.com/?cid=11174929092699381803,,https://untappd.com/w/le-pressoir-d-or/210218,49.2934642,1.4849943
293,2022,Cidre Fermier Doux ,Ferme du Theil,Pays de la Loire,🥇 Or,2879,Active,https://www.fermedutheil.com/,https://www.facebook.com/fermedutheil,https://www.instagram.com/fermedutheil/,https://maps.google.com/?cid=11988918544771126641,,https://untappd.com/w/gaec-rouland-ferme-du-theli/138309,48.159845,-0.826714
262,2022,Cidre Fermier Doux ,Domaine des Hauts-Vents,Normandy,🥈 Argent,2889,Active,http://hautsvents.com/,https://www.facebook.com/CidreriedomaineDesHautsVents,https://www.instagram.com/domainedeshautsvents/,https://maps.google.com/?cid=3890633221204655265,https://www.tripadvisor.com/Attraction_Review-g661275-d6654230,https://untappd.com/w/domaine-des-hauts-vents/70064,49.3011577,0.9456953
308,2022,Cidre Fermier Doux ,Ferme Cidricole Lemercier,Normandy,🥉 Bronze,3490,Active,,,,https://maps.google.com/?cid=6251042079124659340,,https://untappd.com/w/lemercier/281366,49.6329329,0.8335807
305,2022,Cidre Pays d'Auge AOP,Ferme de Cutesson,Normandy,🥈 Argent,2897,Active,,,,https://maps.google.com/?cid=14198095900648884855,,https://untappd.com/w/ferme-de-cutesson/307176,48.9245359,0.2160487
266,2022,Poiré Brut,Domaine de la Baudrière,Normandy,🥉 Bronze,1644,Active,https://www.domainedelabaudriere.com/,,,https://maps.google.com/?cid=7322244985016209912,,https://untappd.com/w/patrick-gagneur/74614,48.908635,0.3979623
259,2022,Poiré Doux,Kermorgann,Brittany,🥇 Or,2886,Active,,https://www.facebook.com/poiredebretagne/,,https://maps.google.com/?cid=16728634547598501219,,,48.4345851,-2.8034718
303,2022,Poiré Doux,Cidre Fournier,Normandy,🥉 Bronze,2489,Active,https://www.cidre-fournier.com/,https://www.facebook.com/cidrefournier,https://www.instagram.com/cidrefournier/,https://maps.google.com/?cid=13822741997025402443,,https://untappd.com/w/cidre-fournier/304628,48.4721531,-0.1272051
369,2023,Cidre Artisanal ou de Marque Brut,Appie,Île-de-France,🥇 Or,2895,Active,,https://www.facebook.com/appiecidre/,https://www.instagram.com/appie.cidre/,,,https://untappd.com/w/appie/214748,49.0580353,2.1241484
335,2023,Cidre Artisanal ou de Marque Brut,Cidre Séhédic,Brittany,🥇 Or,1596,Active,https://www.cidre-sehedic.fr/,https://www.facebook.com/cidresehedic/,https://www.instagram.com/cidresehedic,https://maps.google.com/?cid=9273404757209871069,https://www.tripadvisor.com/Attraction_Review-g672967-d12699265,https://untappd.com/cidresehedic,47.9069754,-3.9868338
347,2023,Cidre Artisanal ou de Marque Brut,Cidre Sorre,Brittany,🥇 Or,1371,Active,https://www.cidre-sorre.fr/,https://www.facebook.com/CidrerieSorre/,https://www.instagram.com/cidreriesorre/,https://maps.google.com/?cid=3277478841126723957,https://www.tripadvisor.com/Attraction_Review-g8506159-d8653800,https://untappd.com/w/cidre-sorre/16758,48.5193051,-1.8481256
364,2023,Cidre Artisanal ou de Marque Brut,Cidre Fournier,Normandy,🥈 Argent,2489,Active,https://www.cidre-fournier.com/,https://www.facebook.com/cidrefournier,https://www.instagram.com/cidrefournier/,https://maps.google.com/?cid=13822741997025402443,,https://untappd.com/w/cidre-fournier/304628,48.4721531,-0.1272051
344,2023,Cidre Artisanal ou de Marque Brut,Cidrerie Château Lézergué,Brittany,🥈 Argent,1487,Active,https://www.chateau-lezergue.com/,https://www.facebook.com/profile.php?id=100066917829363,https://www.instagram.com/cidrerie_chateaudelezergue/,https://maps.google.com/?cid=8273125568764221419,,https://untappd.com/w/cidrerie-du-chateau-de-lezergue/127246,48.0028849,-4.0125256
352,2023,Cidre Artisanal ou de Marque Brut,Cidrerie de la Brique,Normandy,🥉 Bronze,1312,Active,https://cidreriedelabrique.com/,https://www.facebook.com/CidreriedelaBrique/,https://www.instagram.com/cidreriedelabrique/,https://maps.google.com/?cid=7178427047416068956,,https://untappd.com/CidreriedeLaBrique,49.5156759,-1.5231005
331,2023,Cidre Artisanal ou de Marque Brut,Distillerie des Menhirs,Brittany,🥉 Bronze,1182,Active,https://www.distillerie.bzh/,https://www.facebook.com/distillerie.bzh,https://www.instagram.com/distilleriedesmenhirs/,https://maps.google.com/?cid=13168987804989415582,https://www.tripadvisor.com/Attraction_Review-g2544571-d7920317,https://untappd.com/w/distillerie-des-menhirs/91619,47.938277,-4.151821
365,2023,Cidre Artisanal ou de Marque Demi-Sec,Cidre Fournier,Normandy,🥈 Argent,2489,Active,https://www.cidre-fournier.com/,https://www.facebook.com/cidrefournier,https://www.instagram.com/cidrefournier/,https://maps.google.com/?cid=13822741997025402443,,https://untappd.com/w/cidre-fournier/304628,48.4721531,-0.1272051
366,2023,Cidre Artisanal ou de Marque Demi-Sec,Cidre Fournier,Normandy,🥈 Argent,2489,Active,https://www.cidre-fournier.com/,https://www.facebook.com/cidrefournier,https://www.instagram.com/cidrefournier/,https://maps.google.com/?cid=13822741997025402443,,https://untappd.com/w/cidre-fournier/304628,48.4721531,-0.1272051
332,2023,Cidre Artisanal ou de Marque Demi-Sec,Distillerie des Menhirs,Brittany,🥈 Argent,1182,Active,https://www.distillerie.bzh/,https://www.facebook.com/distillerie.bzh,https://www.instagram.com/distilleriedesmenhirs/,https://maps.google.com/?cid=13168987804989415582,https://www.tripadvisor.com/Attraction_Review-g2544571-d7920317,https://untappd.com/w/distillerie-des-menhirs/91619,47.938277,-4.151821
330,2023,Cidre Artisanal ou de Marque Demi-Sec,Baïo,Centre-Val de Loire,🥉 Bronze,3492,Active,https://baio28.fr/,https://www.facebook.com/baio28/,https://www.instagram.com/baio_off/,https://maps.google.com/?cid=6313985933826675426,,,48.3696483,1.331011
345,2023,Cidre Artisanal ou de Marque Demi-Sec,Cidrerie Château Lézergué,Brittany,🥉 Bronze,1487,Active,https://www.chateau-lezergue.com/,https://www.facebook.com/profile.php?id=100066917829363,https://www.instagram.com/cidrerie_chateaudelezergue/,https://maps.google.com/?cid=8273125568764221419,,https://untappd.com/w/cidrerie-du-chateau-de-lezergue/127246,48.0028849,-4.0125256
341,2023,Cidre Artisanal ou de Marque Doux,Cidre Le Brun,Brittany,🥇 Or,1586,Active,https://cidrelebrun.com/,,https://www.instagram.com/cidrelebrun,https://maps.google.com/?cid=5387381455239409930,,https://untappd.com/brewery/31897,47.925263,-4.344798
368,2023,Cidre Artisanal ou de Marque Doux,Cidre Écusson,Normandy,🥈 Argent,1143,Active,https://www.cidre-ecusson.com/,https://www.facebook.com/CidreEcusson/,https://www.instagram.com/cidreecusson/,https://maps.google.com/?cid=16717845515481593007,,https://untappd.com/w/cidres-ecusson/15641,49.0130825,0.1532477
342,2023,Cidre Artisanal ou de Marque Doux,Cidre Le Brun,Brittany,🥈 Argent,1586,Active,https://cidrelebrun.com/,,https://www.instagram.com/cidrelebrun,https://maps.google.com/?cid=5387381455239409930,,https://untappd.com/brewery/31897,47.925263,-4.344798
361,2023,Cidre Artisanal ou de Marque Doux,Cidrerie La Ruaudaie,Brittany,🥈 Argent,2927,Active,,https://www.facebook.com/Cidrerie.La.Ruaudaie,,https://maps.google.com/?cid=9093489147196571898,,https://untappd.com/w/la-ruaudaie/92611,47.7463098,-2.2642371
310,2023,Cidre Artisanal ou de Marque Doux,Maison Bellot,Grand Est,🥈 Argent,3484,Active,https://maisonbellot.com/,https://www.facebook.com/maisonbellot/,https://www.instagram.com/maisonbellot,https://maps.google.com/?cid=10414608226999711696,,https://untappd.com/w/cidrerue-bellot/6107,48.0568674,4.1406121
357,2023,Cidre Artisanal ou de Marque Doux,Cidres Nicol,Brittany,🥉 Bronze,1612,Active,https://www.cidres-nicol.bzh/,https://www.facebook.com/CidresNicol,https://www.instagram.com/la_cidrerie_nicol/,https://maps.google.com/?cid=3722769551030161998,,https://untappd.com/CidrerieNICOL,47.5587853,-2.6110586
334,2023,Cidre Cornouaille AOP,Cidrerie Melenig,Brittany,🥉 Bronze,1590,Active,,,https://www.instagram.com/cidremelenig/,https://maps.google.com/?cid=10374518201153439760,https://www.tripadvisor.com/Attraction_Review-g6922089-d7330818,https://untappd.com/CidrerieMelenig,48.007427,-3.958735
360,2023,Cidre de Bretagne IGP Brut,Cidrerie La Ruaudaie,Brittany,🥇 Or,2927,Active,,https://www.facebook.com/Cidrerie.La.Ruaudaie,,https://maps.google.com/?cid=9093489147196571898,,https://untappd.com/w/la-ruaudaie/92611,47.7463098,-2.2642371
343,2023,Cidre de Bretagne IGP Brut,Cidre Le Brun,Brittany,🥈 Argent,1586,Active,https://cidrelebrun.com/,,https://www.instagram.com/cidrelebrun,https://maps.google.com/?cid=5387381455239409930,,https://untappd.com/brewery/31897,47.925263,-4.344798
317,2023,Cidre de Bretagne IGP Brut,Cidrerie Benoit,Brittany,🥈 Argent,2884,Active,https://www.cidreriebenoit.fr/,https://www.facebook.com/CidrerieBenoit/,,https://maps.google.com/?cid=2837012515774011484,,https://untappd.com/w/cidrerie-benoit/548797,48.5308501,-2.5301834
358,2023,Cidre de Bretagne IGP Brut,Cidrerie Des Terroirs,Brittany,🥉 Bronze,2896,Active,,,,https://maps.google.com/?cid=1276600632339613858,,https://untappd.com/w/cidrerie-des-terroirs/72347,47.827291,-2.791703
321,2023,Cidre de Bretagne IGP Brut,Les Celliers Associés,Brittany,🥉 Bronze,1999,Active,https://www.valderance.com/,https://www.facebook.com/ValdeRance/,,https://maps.google.com/?cid=7883069809343472545,,https://untappd.com/LesCelliersAssocis,48.5085682,-1.9533612
348,2023,Cidre de Bretagne IGP Brut,Loïc Raison,Brittany,🥉 Bronze,1369,Active,https://www.loicraison.fr/,https://www.facebook.com/CidreLoicRaison/,https://www.instagram.com/loicraison/,https://maps.google.com/?cid=15768587504697904757,,https://untappd.com/w/loic-raison/18640,48.070267,-1.394779
337,2023,Cidre de Bretagne IGP Demi-Sec,Cidrerie Kerné,Brittany,🥈 Argent,1481,Active,https://www.cidre-kerne.bzh/,https://www.facebook.com/cidrekerne/,https://www.instagram.com/cidrekerne/,https://maps.google.com/?cid=10998184529652347583,https://www.tripadvisor.com/Attraction_Review-g1200904-d9829595,https://untappd.com/w/cidrerie-kerne/49751,47.9574014,-4.3744346
359,2023,Cidre de Bretagne IGP Demi-Sec,Cidrerie Des Terroirs,Brittany,🥉 Bronze,2896,Active,,,,https://maps.google.com/?cid=1276600632339613858,,https://untappd.com/w/cidrerie-des-terroirs/72347,47.827291,-2.791703
316,2023,Cidre de Bretagne IGP Demi-Sec,Maison Kerloïck,Brittany,🥉 Bronze,1598,Active,https://www.kerloick.bzh/,https://www.facebook.com/people/Maison-Kerlo%C3%AFck/100063648757927/,https://www.instagram.com/maison_kerloick/,https://maps.google.com/?cid=8360416368856844083,,https://untappd.com/w/cidrerie-kerloick/400998,48.4395016,-2.4599481
336,2023,Cidre de Bretagne IGP Doux,Cidrerie Kerné,Brittany,🥇 Or,1481,Active,https://www.cidre-kerne.bzh/,https://www.facebook.com/cidrekerne/,https://www.instagram.com/cidrekerne/,https://maps.google.com/?cid=10998184529652347583,https://www.tripadvisor.com/Attraction_Review-g1200904-d9829595,https://untappd.com/w/cidrerie-kerne/49751,47.9574014,-4.3744346
320,2023,Cidre de Bretagne IGP Doux,Les Celliers Associés,Brittany,🥇 Or,1999,Active,https://www.valderance.com/,https://www.facebook.com/ValdeRance/,,https://maps.google.com/?cid=7883069809343472545,,https://untappd.com/LesCelliersAssocis,48.5085682,-1.9533612
322,2023,Cidre de Bretagne IGP Doux,Les Celliers Associés,Brittany,🥈 Argent,1999,Active,https://www.valderance.com/,https://www.facebook.com/ValdeRance/,,https://maps.google.com/?cid=7883069809343472545,,https://untappd.com/LesCelliersAssocis,48.5085682,-1.9533612
328,2023,Cidre de Normandie IGP Brut,Domaine des Hauts-Vents,Normandy,🥇 Or,2889,Active,http://hautsvents.com/,https://www.facebook.com/CidreriedomaineDesHautsVents,https://www.instagram.com/domainedeshautsvents/,https://maps.google.com/?cid=3890633221204655265,https://www.tripadvisor.com/Attraction_Review-g661275-d6654230,https://untappd.com/w/domaine-des-hauts-vents/70064,49.3011577,0.9456953
318,2023,Cidre de Normandie IGP Brut,Les Celliers Associés,Brittany,🥇 Or,1999,Active,https://www.valderance.com/,https://www.facebook.com/ValdeRance/,,https://maps.google.com/?cid=7883069809343472545,,https://untappd.com/LesCelliersAssocis,48.5085682,-1.9533612
311,2023,Cidre de Normandie IGP Brut,Cidre Viard-Bayeux,Normandy,🥈 Argent,3318,Active,https://cidrebayeux.com/,https://www.facebook.com/CidresBayeux,https://www.instagram.com/cidrerie_bayeux/,https://maps.google.com/?cid=13233255599279949282,https://www.tripadvisor.com/Attraction_Review-g187181-d3454062,https://untappd.com/w/cidrerie-viard/26008,49.2436576,-0.7038301
370,2023,Cidre de Normandie IGP Demi-Sec,Domaine Duclos Fougeray,Normandy,🥉 Bronze,1178,Active,https://www.duclosfougeray.com/,https://www.facebook.com/domaine.duclosfougeray,https://www.instagram.com/domaine_duclos_fougeray/,https://maps.google.com/?cid=12398185041013701779,,https://untappd.com/brewery/103532,49.6100938,1.664631
312,2023,Cidre de Normandie IGP Doux,Cidre Viard-Bayeux,Normandy,🥈 Argent,3318,Active,https://cidrebayeux.com/,https://www.facebook.com/CidresBayeux,https://www.instagram.com/cidrerie_bayeux/,https://maps.google.com/?cid=13233255599279949282,https://www.tripadvisor.com/Attraction_Review-g187181-d3454062,https://untappd.com/w/cidrerie-viard/26008,49.2436576,-0.7038301
319,2023,Cidre de Normandie IGP Doux,Les Celliers Associés,Brittany,🥈 Argent,1999,Active,https://www.valderance.com/,https://www.facebook.com/ValdeRance/,,https://maps.google.com/?cid=7883069809343472545,,https://untappd.com/LesCelliersAssocis,48.5085682,-1.9533612
363,2023,Cidre de Normandie IGP Doux,Cidre Fournier,Normandy,🥉 Bronze,2489,Active,https://www.cidre-fournier.com/,https://www.facebook.com/cidrefournier,https://www.instagram.com/cidrefournier/,https://maps.google.com/?cid=13822741997025402443,,https://untappd.com/w/cidre-fournier/304628,48.4721531,-0.1272051
338,2023,Cidre Fermier Brut,Cidre Le Brun,Brittany,🥈 Argent,1586,Active,https://cidrelebrun.com/,,https://www.instagram.com/cidrelebrun,https://maps.google.com/?cid=5387381455239409930,,https://untappd.com/brewery/31897,47.925263,-4.344798
333,2023,Cidre Fermier Brut,Cidrerie Château Lézergué,Brittany,🥈 Argent,1487,Active,https://www.chateau-lezergue.com/,https://www.facebook.com/profile.php?id=100066917829363,https://www.instagram.com/cidrerie_chateaudelezergue/,https://maps.google.com/?cid=8273125568764221419,,https://untappd.com/w/cidrerie-du-chateau-de-lezergue/127246,48.0028849,-4.0125256
326,2023,Cidre Fermier Brut,Domaine des Hauts-Vents,Normandy,🥈 Argent,2889,Active,http://hautsvents.com/,https://www.facebook.com/CidreriedomaineDesHautsVents,https://www.instagram.com/domainedeshautsvents/,https://maps.google.com/?cid=3890633221204655265,https://www.tripadvisor.com/Attraction_Review-g661275-d6654230,https://untappd.com/w/domaine-des-hauts-vents/70064,49.3011577,0.9456953
349,2023,Cidre Fermier Brut,Ferme Saint Charles,Pays de la Loire,🥈 Argent,2883,Active,https://www.fermesaintcharles.fr/,https://www.facebook.com/profile.php?id=100069349890721,https://www.instagram.com/ferme_saint_charles/,https://maps.google.com/?cid=3373440369955425792,,https://untappd.com/w/ferme-saint-charles/416358,47.5159166,-1.8820177
329,2023,Cidre Fermier Brut,François Roger,Normandy,🥉 Bronze,3486,Active,https://lesvergersdelafouquerie.jimdofree.com/,,,,,,48.97927,0.610402
313,2023,Cidre Fermier Brut,La Ferme de Billy,Normandy,🥉 Bronze,1653,Active,https://www.ferme-de-billy.com/,https://www.facebook.com/lafermedebilly/,https://www.instagram.com/lafermedebilly/,https://maps.google.com/?cid=11023078698699122653,https://www.tripadvisor.com/Attraction_Review-g7741562-d6974742,https://untappd.com/w/la-ferme-de-billy/247621,49.2134763,-0.4722615
325,2023,Cidre Fermier Brut,Le Pressoir d'Or,Normandy,🥉 Bronze,2689,Active,http://www.pressoirdor.com/,,https://www.instagram.com/lepressoirdor/,https://maps.google.com/?cid=11174929092699381803,,https://untappd.com/w/le-pressoir-d-or/210218,49.2934642,1.4849943
315,2023,Cidre Fermier Brut,Maison Kerloïck,Brittany,🥉 Bronze,1598,Active,https://www.kerloick.bzh/,https://www.facebook.com/people/Maison-Kerlo%C3%AFck/100063648757927/,https://www.instagram.com/maison_kerloick/,https://maps.google.com/?cid=8360416368856844083,,https://untappd.com/w/cidrerie-kerloick/400998,48.4395016,-2.4599481
355,2023,Cidre Fermier Demi-Sec ,Ferme du Theil,Pays de la Loire,🥇 Or,2879,Active,https://www.fermedutheil.com/,https://www.facebook.com/fermedutheil,https://www.instagram.com/fermedutheil/,https://maps.google.com/?cid=11988918544771126641,,https://untappd.com/w/gaec-rouland-ferme-du-theli/138309,48.159845,-0.826714
350,2023,Cidre Fermier Demi-Sec ,Ferme Saint Charles,Pays de la Loire,🥇 Or,2883,Active,https://www.fermesaintcharles.fr/,https://www.facebook.com/profile.php?id=100069349890721,https://www.instagram.com/ferme_saint_charles/,https://maps.google.com/?cid=3373440369955425792,,https://untappd.com/w/ferme-saint-charles/416358,47.5159166,-1.8820177
324,2023,Cidre Fermier Demi-Sec ,La Ferme des Ruelles,Normandy,🥇 Or,2888,Active,https://www.fermedesruelles.com/,https://www.facebook.com/fermedesruelles,https://www.instagram.com/la_ferme_des_ruelles/,https://maps.google.com/?cid=14485040344949359277,https://www.tripadvisor.com/Hotel_Review-g6623129-d6622401,https://untappd.com/w/la-ferme-des-ruelles/141983,49.1412626,1.5194074
339,2023,Cidre Fermier Demi-Sec ,Cidre Le Brun,Brittany,🥈 Argent,1586,Active,https://cidrelebrun.com/,,https://www.instagram.com/cidrelebrun,https://maps.google.com/?cid=5387381455239409930,,https://untappd.com/brewery/31897,47.925263,-4.344798
354,2023,Cidre Fermier Demi-Sec ,Ferme du Pressoir,Pays de la Loire,🥈 Argent,1372,Active,http://www.fermedupressoir.com/,https://www.facebook.com/Fermedupressoir/,https://www.instagram.com/fermedupressoir53/,https://maps.google.com/?cid=6591011395753434150,https://www.tripadvisor.com/Attraction_Review-g315817-d10859260,https://untappd.com/w/la-ferme-du-pressoir/142442,47.8463549,-0.937751
346,2023,Cidre Fermier Demi-Sec ,Cidrerie de Rozavern,Brittany,🥉 Bronze,1591,Active,https://www.rozavern.fr/,https://www.facebook.com/cidreriederozavern,https://www.instagram.com/cidrerierozavern,https://maps.google.com/?cid=2631934440861688338,https://www.tripadvisor.com/Attraction_Review-g1842069-d6157429,https://untappd.com/w/cidrerie-de-rozavern/357316,48.2502317,-4.3826303
340,2023,Cidre Fermier Doux ,Cidre Le Brun,Brittany,🥇 Or,1586,Active,https://cidrelebrun.com/,,https://www.instagram.com/cidrelebrun,https://maps.google.com/?cid=5387381455239409930,,https://untappd.com/brewery/31897,47.925263,-4.344798
327,2023,Cidre Fermier Doux ,Domaine des Hauts-Vents,Normandy,🥇 Or,2889,Active,http://hautsvents.com/,https://www.facebook.com/CidreriedomaineDesHautsVents,https://www.instagram.com/domainedeshautsvents/,https://maps.google.com/?cid=3890633221204655265,https://www.tripadvisor.com/Attraction_Review-g661275-d6654230,https://untappd.com/w/domaine-des-hauts-vents/70064,49.3011577,0.9456953
351,2023,Cidre Fermier Doux ,Ferme Saint Charles,Pays de la Loire,🥇 Or,2883,Active,https://www.fermesaintcharles.fr/,https://www.facebook.com/profile.php?id=100069349890721,https://www.instagram.com/ferme_saint_charles/,https://maps.google.com/?cid=3373440369955425792,,https://untappd.com/w/ferme-saint-charles/416358,47.5159166,-1.8820177
362,2023,Cidre Fermier Doux ,La Maison du Cidre,Brittany,🥇 Or,2894,Active,https://www.museeducidre.com/,https://www.facebook.com/profile.php?id=100054446516930,https://www.instagram.com/lamaisonducidre/,https://maps.google.com/?cid=8243314023255302765,https://www.tripadvisor.com/Attraction_Review-g7221524-d7220846,https://untappd.com/w/la-maison-du-cidre/360621,47.5826763,-2.6930847
314,2023,Cidre Pays d'Auge AOP,Zathinoé,Normandy,🥈 Argent,2702,Active,https://zathinoe.fr/,,,https://maps.google.com/?cid=2359582709656446462,,https://untappd.com/w/zathinoe/452758,49.0320526,0.0828382
356,2023,Poiré Brut,Ferme du Theil,Pays de la Loire,🥇 Or,2879,Active,https://www.fermedutheil.com/,https://www.facebook.com/fermedutheil,https://www.instagram.com/fermedutheil/,https://maps.google.com/?cid=11988918544771126641,,https://untappd.com/w/gaec-rouland-ferme-du-theli/138309,48.159845,-0.826714
371,2023,Poiré Brut,Le Clos des Citots,Normandy,🥈 Argent,3102,Active,https://www.leclosdescitots.fr/,https://www.facebook.com/profile.php?id=100066990398769,,https://maps.google.com/?cid=3330784351320305206,,https://untappd.com/w/le-clos-des-citots-gerard-lenormand/87074,49.4573681,0.8128167
353,2023,Poiré Brut,Cidrerie de la Chesnaie,Normandy,🥉 Bronze,3487,Active,https://www.cidredelachesnaie.com/,https://www.facebook.com/cidreriedelachesnaie/,https://www.instagram.com/cidreriedelachesnaie/,https://maps.google.com/?cid=4156468210984117593,,https://untappd.com/w/cidre-de-la-chesnaie/474406,49.4998284,-1.5186345
323,2023,Poiré Doux,Kermorgann,Brittany,🥇 Or,2886,Active,,https://www.facebook.com/poiredebretagne/,,https://maps.google.com/?cid=16728634547598501219,,,48.4345851,-2.8034718
367,2023,Poiré Doux,Cidre Fournier,Normandy,🥈 Argent,2489,Active,https://www.cidre-fournier.com/,https://www.facebook.com/cidrefournier,https://www.instagram.com/cidrefournier/,https://maps.google.com/?cid=13822741997025402443,,https://untappd.com/w/cidre-fournier/304628,48.4721531,-0.1272051
403,2024,Cidre Artisanal ou de Marque Brut,Cidrerie Château Lézergué,Brittany,🥇 Or,1487,Active,https://www.chateau-lezergue.com/,https://www.facebook.com/profile.php?id=100066917829363,https://www.instagram.com/cidrerie_chateaudelezergue/,https://maps.google.com/?cid=8273125568764221419,,https://untappd.com/w/cidrerie-du-chateau-de-lezergue/127246,48.0028849,-4.0125256
392,2024,Cidre Artisanal ou de Marque Brut,Distillerie des Menhirs,Brittany,🥈 Argent,1182,Active,https://www.distillerie.bzh/,https://www.facebook.com/distillerie.bzh,https://www.instagram.com/distilleriedesmenhirs/,https://maps.google.com/?cid=13168987804989415582,https://www.tripadvisor.com/Attraction_Review-g2544571-d7920317,https://untappd.com/w/distillerie-des-menhirs/91619,47.938277,-4.151821
424,2024,Cidre Artisanal ou de Marque Brut,Cidre Fournier,Normandy,🥉 Bronze,2489,Active,https://www.cidre-fournier.com/,https://www.facebook.com/cidrefournier,https://www.instagram.com/cidrefournier/,https://maps.google.com/?cid=13822741997025402443,,https://untappd.com/w/cidre-fournier/304628,48.4721531,-0.1272051
406,2024,Cidre Artisanal ou de Marque Brut,Cidre Sorre,Brittany,🥉 Bronze,1371,Active,https://www.cidre-sorre.fr/,https://www.facebook.com/CidrerieSorre/,https://www.instagram.com/cidreriesorre/,https://maps.google.com/?cid=3277478841126723957,https://www.tripadvisor.com/Attraction_Review-g8506159-d8653800,https://untappd.com/w/cidre-sorre/16758,48.5193051,-1.8481256
373,2024,Cidre Artisanal ou de Marque Brut,Cidre Viard-Bayeux,Normandy,🥉 Bronze,3318,Active,https://cidrebayeux.com/,https://www.facebook.com/CidresBayeux,https://www.instagram.com/cidrerie_bayeux/,https://maps.google.com/?cid=13233255599279949282,https://www.tripadvisor.com/Attraction_Review-g187181-d3454062,https://untappd.com/w/cidrerie-viard/26008,49.2436576,-0.7038301
372,2024,Cidre Artisanal ou de Marque Brut,Maison Bellot,Grand Est,🥉 Bronze,3484,Active,https://maisonbellot.com/,https://www.facebook.com/maisonbellot/,https://www.instagram.com/maisonbellot,https://maps.google.com/?cid=10414608226999711696,,https://untappd.com/w/cidrerue-bellot/6107,48.0568674,4.1406121
402,2024,Cidre Artisanal ou de Marque Demi-Sec,Cidre Le Brun,Brittany,🥈 Argent,1586,Active,https://cidrelebrun.com/,,https://www.instagram.com/cidrelebrun,https://maps.google.com/?cid=5387381455239409930,,https://untappd.com/brewery/31897,47.925263,-4.344798
396,2024,Cidre Artisanal ou de Marque Demi-Sec,Cidre Séhédic,Brittany,🥈 Argent,1596,Active,https://www.cidre-sehedic.fr/,https://www.facebook.com/cidresehedic/,https://www.instagram.com/cidresehedic,https://maps.google.com/?cid=9273404757209871069,https://www.tripadvisor.com/Attraction_Review-g672967-d12699265,https://untappd.com/cidresehedic,47.9069754,-3.9868338
395,2024,Cidre Artisanal ou de Marque Demi-Sec,Cidrerie Château Lézergué,Brittany,🥈 Argent,1487,Active,https://www.chateau-lezergue.com/,https://www.facebook.com/profile.php?id=100066917829363,https://www.instagram.com/cidrerie_chateaudelezergue/,https://maps.google.com/?cid=8273125568764221419,,https://untappd.com/w/cidrerie-du-chateau-de-lezergue/127246,48.0028849,-4.0125256
393,2024,Cidre Artisanal ou de Marque Demi-Sec,Distillerie des Menhirs,Brittany,🥈 Argent,1182,Active,https://www.distillerie.bzh/,https://www.facebook.com/distillerie.bzh,https://www.instagram.com/distilleriedesmenhirs/,https://maps.google.com/?cid=13168987804989415582,https://www.tripadvisor.com/Attraction_Review-g2544571-d7920317,https://untappd.com/w/distillerie-des-menhirs/91619,47.938277,-4.151821
374,2024,Cidre Artisanal ou de Marque Doux,Cidre Viard-Bayeux,Normandy,🥇 Or,3318,Active,https://cidrebayeux.com/,https://www.facebook.com/CidresBayeux,https://www.instagram.com/cidrerie_bayeux/,https://maps.google.com/?cid=13233255599279949282,https://www.tripadvisor.com/Attraction_Review-g187181-d3454062,https://untappd.com/w/cidrerie-viard/26008,49.2436576,-0.7038301
405,2024,Cidre Artisanal ou de Marque Doux,Cidrerie Château Lézergué,Brittany,🥇 Or,1487,Active,https://www.chateau-lezergue.com/,https://www.facebook.com/profile.php?id=100066917829363,https://www.instagram.com/cidrerie_chateaudelezergue/,https://maps.google.com/?cid=8273125568764221419,,https://untappd.com/w/cidrerie-du-chateau-de-lezergue/127246,48.0028849,-4.0125256
422,2024,Cidre Artisanal ou de Marque Doux,Cidre Fournier,Normandy,🥈 Argent,2489,Active,https://www.cidre-fournier.com/,https://www.facebook.com/cidrefournier,https://www.instagram.com/cidrefournier/,https://maps.google.com/?cid=13822741997025402443,,https://untappd.com/w/cidre-fournier/304628,48.4721531,-0.1272051
397,2024,Cidre Artisanal ou de Marque Doux,Cidre Séhédic,Brittany,🥈 Argent,1596,Active,https://www.cidre-sehedic.fr/,https://www.facebook.com/cidresehedic/,https://www.instagram.com/cidresehedic,https://maps.google.com/?cid=9273404757209871069,https://www.tripadvisor.com/Attraction_Review-g672967-d12699265,https://untappd.com/cidresehedic,47.9069754,-3.9868338
416,2024,Cidre Artisanal ou de Marque Doux,Cidres Nicol,Brittany,🥈 Argent,1612,Active,https://www.cidres-nicol.bzh/,https://www.facebook.com/CidresNicol,https://www.instagram.com/la_cidrerie_nicol/,https://maps.google.com/?cid=3722769551030161998,,https://untappd.com/CidrerieNICOL,47.5587853,-2.6110586
423,2024,Cidre Artisanal ou de Marque Doux,Cidre Fournier,Normandy,🥉 Bronze,2489,Active,https://www.cidre-fournier.com/,https://www.facebook.com/cidrefournier,https://www.instagram.com/cidrefournier/,https://maps.google.com/?cid=13822741997025402443,,https://untappd.com/w/cidre-fournier/304628,48.4721531,-0.1272051
399,2024,Cidre Cornouaille AOP,Les Vergers de Kermao,Brittany,🥈 Argent,1587,Active,https://www.cidre-bretagne.com/,,https://www.instagram.com/kermao.cidre/,https://maps.google.com/?cid=11761800243914556755,https://www.tripadvisor.com/Attraction_Review-g2184442-d8603735,https://untappd.com/w/les-vergers-de-kermao/240565,47.921861,-4.08808
380,2024,Cidre de Bretagne IGP Brut,Cidrerie Benoit,Brittany,🥇 Or,2884,Active,https://www.cidreriebenoit.fr/,https://www.facebook.com/CidrerieBenoit/,,https://maps.google.com/?cid=2837012515774011484,,https://untappd.com/w/cidrerie-benoit/548797,48.5308501,-2.5301834
418,2024,Cidre de Bretagne IGP Brut,Cidrerie Des Terroirs,Brittany,🥇 Or,2896,Active,,,,https://maps.google.com/?cid=1276600632339613858,,https://untappd.com/w/cidrerie-des-terroirs/72347,47.827291,-2.791703
379,2024,Cidre de Bretagne IGP Brut,Cidrerie Benoit,Brittany,🥈 Argent,2884,Active,https://www.cidreriebenoit.fr/,https://www.facebook.com/CidrerieBenoit/,,https://maps.google.com/?cid=2837012515774011484,,https://untappd.com/w/cidrerie-benoit/548797,48.5308501,-2.5301834
378,2024,Cidre de Bretagne IGP Brut,Maison Kerloïck,Brittany,🥈 Argent,1598,Active,https://www.kerloick.bzh/,https://www.facebook.com/people/Maison-Kerlo%C3%AFck/100063648757927/,https://www.instagram.com/maison_kerloick/,https://maps.google.com/?cid=8360416368856844083,,https://untappd.com/w/cidrerie-kerloick/400998,48.4395016,-2.4599481
383,2024,Cidre de Bretagne IGP Brut,Les Celliers Associés,Brittany,🥉 Bronze,1999,Active,https://www.valderance.com/,https://www.facebook.com/ValdeRance/,,https://maps.google.com/?cid=7883069809343472545,,https://untappd.com/LesCelliersAssocis,48.5085682,-1.9533612
417,2024,Cidre de Bretagne IGP Demi-Sec,Cidrerie Des Terroirs,Brittany,🥉 Bronze,2896,Active,,,,https://maps.google.com/?cid=1276600632339613858,,https://untappd.com/w/cidrerie-des-terroirs/72347,47.827291,-2.791703
401,2024,Cidre de Bretagne IGP Doux,Cidre Le Brun,Brittany,🥇 Or,1586,Active,https://cidrelebrun.com/,,https://www.instagram.com/cidrelebrun,https://maps.google.com/?cid=5387381455239409930,,https://untappd.com/brewery/31897,47.925263,-4.344798
404,2024,Cidre de Bretagne IGP Doux,Cidrerie Château Lézergué,Brittany,🥇 Or,1487,Active,https://www.chateau-lezergue.com/,https://www.facebook.com/profile.php?id=100066917829363,https://www.instagram.com/cidrerie_chateaudelezergue/,https://maps.google.com/?cid=8273125568764221419,,https://untappd.com/w/cidrerie-du-chateau-de-lezergue/127246,48.0028849,-4.0125256
381,2024,Cidre de Bretagne IGP Doux,Les Celliers Associés,Brittany,🥇 Or,1999,Active,https://www.valderance.com/,https://www.facebook.com/ValdeRance/,,https://maps.google.com/?cid=7883069809343472545,,https://untappd.com/LesCelliersAssocis,48.5085682,-1.9533612
407,2024,Cidre de Bretagne IGP Doux,Cidre Sorre,Brittany,🥈 Argent,1371,Active,https://www.cidre-sorre.fr/,https://www.facebook.com/CidrerieSorre/,https://www.instagram.com/cidreriesorre/,https://maps.google.com/?cid=3277478841126723957,https://www.tripadvisor.com/Attraction_Review-g8506159-d8653800,https://untappd.com/w/cidre-sorre/16758,48.5193051,-1.8481256
410,2024,Cidre de Bretagne IGP Doux,Cidres Kerisac,Pays de la Loire,🥈 Argent,1141,Active,https://kerisac.bzh/,https://www.facebook.com/cidrekerisac,https://www.instagram.com/cidreriekerisac/,https://maps.google.com/?cid=14431639837198759734,,https://untappd.com/w/cidres-kerisac/12846,47.519588,-1.9560451
421,2024,Cidre de Normandie IGP Brut,Cidre Fournier,Normandy,🥉 Bronze,2489,Active,https://www.cidre-fournier.com/,https://www.facebook.com/cidrefournier,https://www.instagram.com/cidrefournier/,https://maps.google.com/?cid=13822741997025402443,,https://untappd.com/w/cidre-fournier/304628,48.4721531,-0.1272051
388,2024,Cidre de Normandie IGP Demi-Sec,Le Pressoir d'Or,Normandy,🥈 Argent,2689,Active,http://www.pressoirdor.com/,,https://www.instagram.com/lepressoirdor/,https://maps.google.com/?cid=11174929092699381803,,https://untappd.com/w/le-pressoir-d-or/210218,49.2934642,1.4849943
382,2024,Cidre de Normandie IGP Doux,Les Celliers Associés,Brittany,🥇 Or,1999,Active,https://www.valderance.com/,https://www.facebook.com/ValdeRance/,,https://maps.google.com/?cid=7883069809343472545,,https://untappd.com/LesCelliersAssocis,48.5085682,-1.9533612
413,2024,Cidre de Normandie IGP Doux,Cidrerie de la Brique,Normandy,🥈 Argent,1312,Active,https://cidreriedelabrique.com/,https://www.facebook.com/CidreriedelaBrique/,https://www.instagram.com/cidreriedelabrique/,https://maps.google.com/?cid=7178427047416068956,,https://untappd.com/CidreriedeLaBrique,49.5156759,-1.5231005
389,2024,Cidre de Normandie IGP Doux,Domaine des Hauts-Vents,Normandy,🥉 Bronze,2889,Active,http://hautsvents.com/,https://www.facebook.com/CidreriedomaineDesHautsVents,https://www.instagram.com/domainedeshautsvents/,https://maps.google.com/?cid=3890633221204655265,https://www.tripadvisor.com/Attraction_Review-g661275-d6654230,https://untappd.com/w/domaine-des-hauts-vents/70064,49.3011577,0.9456953
398,2024,Cidre Fermier Brut,Cidrerie Manoir du Kinkiz,Brittany,🥇 Or,1589,Active,https://www.kinkiz-terroir.bzh/,https://www.facebook.com/DomaineDuKinkiz/,,https://maps.google.com/?cid=1999207604560008916,https://www.tripadvisor.com/Attraction_Review-g187100-d7745799,https://untappd.com/brewery/19870,47.973904,-4.0549284
385,2024,Cidre Fermier Brut,Ferme des Noës,Normandy,🥈 Argent,2887,Active,https://www.fermedesnoes.com/,,https://www.instagram.com/fermedesnoes/,https://maps.google.com/?cid=16067236232754040277,,https://untappd.com/w/ferme-des-no-s/72679,49.1301268,1.3281105
376,2024,Cidre Fermier Brut,Les Bruyères Carré,Normandy,🥈 Argent,2885,Active,https://www.les-bruyeres-carre.fr/,,https://www.instagram.com/les_bruyeres_carre/,https://maps.google.com/?cid=14008361966229384358,https://www.tripadvisor.com/Attraction_Review-g3320195-d18977312,https://untappd.com/w/les-bruyeres-carre-benoit-charbonneau/121081,49.2053203,0.3830928
377,2024,Cidre Fermier Brut,Maison Kerloïck,Brittany,🥈 Argent,1598,Active,https://www.kerloick.bzh/,https://www.facebook.com/people/Maison-Kerlo%C3%AFck/100063648757927/,https://www.instagram.com/maison_kerloick/,https://maps.google.com/?cid=8360416368856844083,,https://untappd.com/w/cidrerie-kerloick/400998,48.4395016,-2.4599481
419,2024,Cidre Fermier Brut,La Maison du Cidre,Brittany,🥉 Bronze,2894,Active,https://www.museeducidre.com/,https://www.facebook.com/profile.php?id=100054446516930,https://www.instagram.com/lamaisonducidre/,https://maps.google.com/?cid=8243314023255302765,https://www.tripadvisor.com/Attraction_Review-g7221524-d7220846,https://untappd.com/w/la-maison-du-cidre/360621,47.5826763,-2.6930847
425,2024,Cidre Fermier Brut,Manoir de Durcet,Normandy,🥉 Bronze,2487,Active,https://www.breton-manoirdedurcet.fr/,https://www.facebook.com/manoirdedurcet/,https://www.instagram.com/manoirdedurcetgaec/,https://maps.google.com/?cid=3868969713989886200,,https://untappd.com/w/manoir-de-durcet/399555,48.5593722,-0.3313091
414,2024,Cidre Fermier Demi-Sec ,Ferme du Theil,Pays de la Loire,🥇 Or,2879,Active,https://www.fermedutheil.com/,https://www.facebook.com/fermedutheil,https://www.instagram.com/fermedutheil/,https://maps.google.com/?cid=11988918544771126641,,https://untappd.com/w/gaec-rouland-ferme-du-theli/138309,48.159845,-0.826714
387,2024,Cidre Fermier Demi-Sec ,Le Pressoir d'Or,Normandy,🥇 Or,2689,Active,http://www.pressoirdor.com/,,https://www.instagram.com/lepressoirdor/,https://maps.google.com/?cid=11174929092699381803,,https://untappd.com/w/le-pressoir-d-or/210218,49.2934642,1.4849943
400,2024,Cidre Fermier Demi-Sec ,Cidre Le Brun,Brittany,🥈 Argent,1586,Active,https://cidrelebrun.com/,,https://www.instagram.com/cidrelebrun,https://maps.google.com/?cid=5387381455239409930,,https://untappd.com/brewery/31897,47.925263,-4.344798
394,2024,Cidre Fermier Demi-Sec ,Cidrerie Château Lézergué,Brittany,🥈 Argent,1487,Active,https://www.chateau-lezergue.com/,https://www.facebook.com/profile.php?id=100066917829363,https://www.instagram.com/cidrerie_chateaudelezergue/,https://maps.google.com/?cid=8273125568764221419,,https://untappd.com/w/cidrerie-du-chateau-de-lezergue/127246,48.0028849,-4.0125256
390,2024,Cidre Fermier Demi-Sec ,La Charterie,Normandy,🥈 Argent,2890,Active,,https://www.facebook.com/p/Cidre-la-Charterie-100063765540203/,,https://maps.google.com/?cid=15951067020462590657,,https://untappd.com/w/pascal-beaumesnil/142429,49.1691675,0.4960907
386,2024,Cidre Fermier Demi-Sec ,La Ferme des Ruelles,Normandy,🥈 Argent,2888,Active,https://www.fermedesruelles.com/,https://www.facebook.com/fermedesruelles,https://www.instagram.com/la_ferme_des_ruelles/,https://maps.google.com/?cid=14485040344949359277,https://www.tripadvisor.com/Hotel_Review-g6623129-d6622401,https://untappd.com/w/la-ferme-des-ruelles/141983,49.1412626,1.5194074
415,2024,Cidre Fermier Doux ,Ferme du Theil,Pays de la Loire,🥇 Or,2879,Active,https://www.fermedutheil.com/,https://www.facebook.com/fermedutheil,https://www.instagram.com/fermedutheil/,https://maps.google.com/?cid=11988918544771126641,,https://untappd.com/w/gaec-rouland-ferme-du-theli/138309,48.159845,-0.826714
411,2024,Cidre Fermier Doux ,Ferme Saint Charles,Pays de la Loire,🥇 Or,2883,Active,https://www.fermesaintcharles.fr/,https://www.facebook.com/profile.php?id=100069349890721,https://www.instagram.com/ferme_saint_charles/,https://maps.google.com/?cid=3373440369955425792,,https://untappd.com/w/ferme-saint-charles/416358,47.5159166,-1.8820177
408,2024,Cidre Fermier Doux ,Cidre de Brocéliande,Brittany,🥉 Bronze,2893,Active,https://cidre-breton.com/,https://www.facebook.com/profile.php?id=100064718610464,https://www.instagram.com/cidreriedebroceliande/,https://maps.google.com/?cid=531489837427288496,https://www.tripadvisor.com/Attraction_Review-g12449841-d16844210,https://untappd.com/w/cidre-du-pays-de-broceliande/158895,48.101293,-2.2516327
391,2024,Cidre Fermier Doux ,La Ferme du Gros Caillou,Normandy,🥉 Bronze,2891,Active,,https://www.facebook.com/lafermedugroscaillou/,https://www.instagram.com/ferme_du_gros_caillou/,https://maps.google.com/?cid=9123433194153535945,,https://untappd.com/w/ferme-du-gros-caillou/550303,49.3009488,0.4278206
375,2024,Cidre Pays d'Auge AOP,Manoir de Grandouet,Normandy,🥇 Or,1376,Active,https://www.manoir-de-grandouet.fr/,https://www.facebook.com/grandval.fr/,https://www.instagram.com/manoirdegrandouet/,https://maps.google.com/?cid=1664850146101306839,https://www.tripadvisor.com/Attraction_Review-g672825-d6994534,https://untappd.com/brewery/18942,49.158588,0.066211
420,2024,Poiré Brut,Domaine de la Galotière,Normandy,🥈 Argent,1183,Active,https://www.lagalotiere.fr/,https://www.facebook.com/lagalotiere,,https://maps.google.com/?cid=3334578271943351430,https://www.tripadvisor.com/Attraction_Review-g608796-d12550194,https://untappd.com/w/domaine-de-la-galotiere/38855,48.923403,0.138481
426,2024,Poiré Brut,Appie,Île-de-France,🥉 Bronze,2895,Active,,https://www.facebook.com/appiecidre/,https://www.instagram.com/appie.cidre/,,,https://untappd.com/w/appie/214748,49.0580353,2.1241484
412,2024,Poiré Doux,Ferme Saint Charles,Pays de la Loire,🥈 Argent,2883,Active,https://www.fermesaintcharles.fr/,https://www.facebook.com/profile.php?id=100069349890721,https://www.instagram.com/ferme_saint_charles/,https://maps.google.com/?cid=3373440369955425792,,https://untappd.com/w/ferme-saint-charles/416358,47.5159166,-1.8820177
384,2024,Poiré Doux,Kermorgann,Brittany,🥈 Argent,2886,Active,,https://www.facebook.com/poiredebretagne/,,https://maps.google.com/?cid=16728634547598501219,,,48.4345851,-2.8034718
409,2024,Poiré Doux,Cidre de Brocéliande,Brittany,🥉 Bronze,2893,Active,https://cidre-breton.com/,https://www.facebook.com/profile.php?id=100064718610464,https://www.instagram.com/cidreriedebroceliande/,https://maps.google.com/?cid=531489837427288496,https://www.tripadvisor.com/Attraction_Review-g12449841-d16844210,https://untappd.com/w/cidre-du-pays-de-broceliande/158895,48.101293,-2.2516327
